"headline","content","newspaper","date"
"obre Cesar Villanueva y sus reuniones para alterar la investigación que se le sigue","No menos, saber sobre Luciana León y sus visitas al MEF, una de ellas con el entonces gerente de la Municipalidad de La Victoria, hoy detenido. Las investigaciones son conducidas por los fiscales. La policía aporta el uso de la fuerza y colabora con los trabajos de inteligencia. El Ejecutivo carga la bandera, pero no lidera la lucha contra la corrupción.  El gobierno puede tener una política anticorrupción. Pero, ¿han hecho, siquiera, un estudio sobre la corrupción y sus mecanismos institucionales? Cuáles son las propuestas de reforma de la administración?  Una política anticorrupción seria, además, debe realizarse dentro de la ley. Un gobierno que cierra el Congreso contra la ley no puede proclamarse luchador serio contra la corrupción.  La corrupción rompe la ley. ¿Cómo podríamos perseguirla si no cerramos ese hueco hecho a la ley?  No se trata solo de dotar de más recursos al Ministerio Público. Eso es necesario, pero no suficiente.  El fiscal supremo Tomás Gálvez inicia investigación preliminar contra el fiscal José Domingo Pérez. El fiscal José Domingo Pérez cita a magistrado del Tribunal Constitucional, sin mayor fundamento de su vinculación con el caso.  El Ministerio Público, lamentablemente, no da una imagen de orden y ecuanimidad. No solo eso, sino que los avances en las investigaciones sobre corrupción y sus éxitos han sobrepasado a los funcionarios.  El mismo José Domingo Pérez declaró que una resolución del Tribunal Constitucional.","elcomercio","08/12/2019"
"NA","os por las exportaciones de cobre, la principal fuente de divisas del país. Obviamente, para quienes sufrieron las persecuciones y torturas de la junta militar, aceptar todo esto era como ingerir un revulsivo. No obstante, también en Chile, el resultado de una negociación entre el gobierno militar y las fuerzas democráticas permitió la transición pacífica de una dictadura a una democracia.  En los últimos tiempos, ni Chile ni Sudáfrica han podido salvarse de las convulsiones políticas que incendian las calles. Pero ambas sociedades se beneficiaron de un largo período en el que enemigos políticos lograron convivir. En Sudáfrica, después de abolido el apartheid, la economía se expandió, la inflación cayó y proliferaron los programas sociales, muchos de los cuales, por primera vez, beneficiaron a las mayores más necesitadas. En Chile, las distintas facciones políticas, que incluían tanto a quienes apoyaban a Pinochet como a quienes fueron sus víctimas, lograron ponerse de acuerdo sobre la política económica. El resultado fue una de las economías más exitosas del mundo. Según cifras del Banco Mundial, en el año 2000, más de un tercio de los chilenos vivía en condiciones de pobreza, mientras que para el 2017, la proporción de El partido centrista dominante en Suecia reverte su posición y anuncia que está dispuesto a aliarse con los nacionalistas de extrema derecha. Para mantenerse en el poder, [el primer ministro canadiense] Trudeau debe aprender a trabajar con sus rivales. Israel en camino a su tercera elección en un año. Protestas callejeras llevan a la renuncia del primer ministro de Irak. El premier de Finlandia renuncia al colapsar su coalición. Pelosi anuncia que el Congreso proceder con la acusación formal contra Trump. Estos fueron algunos titulares de prensa de la semana pasada. Hay países donde los rivales políticos logran ponerse de acuerdo, y gobiernan, compartiendo el poder. En otros, el odio entre los contrincantes hace imposible acuerdo alguno. Los adversarios son vistos como enemigos mortales cuyas ideas o actuaciones los descalifican para cualquier rol en la política o el gobierno. La posibilidad de cohabitar políticamente con personas o grupos que tienen una agenda inaceptable o, peor aún, que han sido acusados de crímenes y abusos, resulta moral y psicológicamente inadmisible para sus adversarios. Una alianza con estos enemigos muchas veces equivale al suicidio político de quien se atreva a proponerla. Otras veces es la solución. Dura de tragar, ciertamente, pero sin la cual el país está condenado a la parálisis. Por ejemplo, entre el 2010 y el 2011, Bélgica estuvo 589 días sin que las facciones en pugna pudieran formar gobierno. Actualmente, la polarización es la norma en la mayoría de las democracias del mundo. Si bien siempre ha existido, en los últimos tiempos la polarización se ha exacerbado por múltiples razones –ansiedad económica, mayor desigualdad, nuevas tecnologías de comunicación, frustración con el desempeño de los gobiernos y más–. Y esta división de la sociedad se refleja cada vez que hay elecciones. Ninguna agrupación política recibe suficientes votos como para formar un gobierno y la única forma de lograrlo es aliándose con otras fuerzas. Con frecuencia, esto resulta imposible o solo produce una precaria y efímera coalición.  Esto no fue siempre así. Décadas atrás, Sudáfrica y Chile lograron evitar la violencia política y tener prolongados períodos de estabilidad y progreso gracias a las alianzas que se dieron entre enemigos históricos. Nelson Mandela consiguió lo que nadie cree posible: una transición pacífica de la hegemonía de la minoría blanca, que impuso el apartheid, a una democracia en la que la mayoría negra alcanzó el poder a través de las elecciones. En Chile, el movimiento democrático negoci un acuerdo con el general Augusto Pinochet que para muchos chilenos era inaceptable. Dejaba al dictador, no solo cómodo, sino incluso con garantías legales y constitucionales. ‘El reto que enfrentan muchas de las democracias del mundo hoy es crear, en una sociedad dividida, acuerdos entre grupos que se odian’.  Puede imaginarse un futuro en el cual las democracias del mundo se dividan entre aquellas que están empantanadas en conflictos irresolubles que las paralizan y estancan y otras que, gracias a acuerdos entre enemigos políticos, logran formar gobiernos capaces de gobernar. En el siglo XXI, aprender a hacer gobiernos con gente que se odia puede ser un requisito para que las democracias prosperen.","elcomercio","08/12/2019"
"Un estudio para entender por qué fracasaron las cooperativas creadas tras la Reforma Agraria","Buenas intenciones Richard Webb Director del Instituto del Per de la USMP En las últimas semanas hemos recibido dos veces un mismo mensaje: ‘Cuidado con las buenas intenciones’. Eso sí, llegaron en versiones muy diferentes. La primera consistió en un Premio Nobel de Economía otorgado a tres investigadores cuyo descubrimiento ha consistido, simplemente, en demostrar a través de experimentos sociales que ‘si quieres mejorar la economía o las condiciones de vida de una población, primero estudia bien cómo será recibido lo que haces’. La segunda versión de ese mensaje llega a través de un estudio titulado ‘Las empresas de la reforma agraria peruana: 40 años después’, publicado por Giovanni Bonﬁglio, investigador del Instituto del Per de la Universidad San Martín de Porres. La reforma agraria decretada por el gobierno militar del general Velasco fue, sin dudas, el intento más extravagante y radical realizado por el Estado Peruano, hasta el momento, para reducir la desigualdad y mejorar el nivel de vida de los campesinos más pobres del país. Sorprende, entonces, que ni antes ni después de esa decisión sus efectos no hayan sido adecuadamente evaluados. El estudio de Bonﬁglio no pretende una evaluación general de la reforma, pero sí realiza un balance de la modalidad cooperativa escogida por el gobierno militar para beneficiar a los campesinos. Cabe explicar que la reforma se llevó a cabo en dos actos. El primero consistió en la decisión para expropiar haciendas, anunciada en el decreto de 1969. El segundo –que en realidad es el tema de Bonﬁglio–, se realizó más gradualmente, empezando con la decisión de llevar a cabo el reparto no de forma individual, sino a través de cooperativas y otras formas de empresa asociativa. A fines de los años 60, el mundo vivía una etapa de entusiasmo socialista y tercermundista, impulsado en toda América Latina por la amenaza de contagio del filialismo cubano, y en el Perú, en particular, por crecientes invasiones de tierras. Fue un contexto que favoreció la opción cooperativa, un modelo que lograba no solo el reparto, sino que además introducía un elemento anticapitalista, similar al modelo de gestión empresarial por sus propios trabajadores que se había introducido en Yugoslavia. Jaroslav Vanek, economista yugoslavo y profesor de la Universidad de Harvard, fue invitado por el gobierno militar para explicar las bondades del sistema. Pero ni antes de la medida ni en los años posteriores de su funcionamiento, los trabajadores del campo, que serían los eventuales ejecutores del nuevo sistema, fueron consultados por el gobierno. No obstante, un economista español de la Universidad Católica en ese periodo, José María Caballero, conocedor de la agricultura de la sierra y entusiasta de la reforma, concibió la importancia de una evaluación del proceso años después de iniciada. Con un nutrido equipo de jóvenes profesionales, Caballero logró realizar un ambicioso estudio en 1978, llegando a casi una de cada cuatro empresas asociativas creadas por la reforma y repartidas por todo el país, buscando sobre todo las opiniones de los mismos socios y dirigentes de las nuevas cooperativas. Sin embargo, los descubrimientos de ese estudio nunca vieron la luz, por una secuela de accidentes personales del mismo Caballero, por lo menos hasta muy recientemente, cuando reaparecieron sus informes cual tesoro arqueológico. En vista de la riqueza informativa de ese material, sobre todo por las opiniones de los mismos cooperativistas de hace 40 años, y además del hecho ya conocido de que casi la totalidad (99%) de esas cooperativas y otras empresas asociativas creadas por la reforma había cesado de operar, se decidió realizar una nueva entrevista a cada una de las empresas creadas por la reforma. Este trabajo se llevó a cabo en el 2018, cuatro décadas después de la primera entrevista. Así, el estudio de Bonﬁglio viene a ser una encuesta panel, con datos antes y después, y basados en las declaraciones e interpretaciones de los mismos cooperativistas beneficiados por la reforma. El resultado es una extraordinaria base de información y opiniones, antes y después, que nos permite aprender sobre las razones y los factores que determinan el éxito o el fracaso de la gestión asociativa en el campo, un conocimiento que sigue siendo una necesidad central para su desarrollo. El factor más mencionado por esos cooperativistas para explicar la mortalidad casi total de sus empresas fue la desconfianza mutua y las repetidas acusaciones de corrupción en las dirigencias. Idealmente, y siguiendo las enseñanzas de los premios Nobel, esta indagación se habría realizado antes o en las primeras etapas de la reforma, quizás logrando así un diseño operativo con más aceptación y duración, y con mejor defensa contra la desconfianza mutua. En todo caso, el estudio combinado de Caballero y Bonﬁglio, que cubre 40 años de un ambicioso experimento social reformista, nos debe obligar a poner más atención a las bases de la confianza mutua y del control de la deshonestidad, indispensables para cualquier proyecto futuro que busca reducir la pobreza.","elcomercio","08/12/2019"
"Los ltimos cuestionamientos al mandatario","La columna del director El momento del presidente Hay un inusual protagonismo negativo del presidente Martín Vizcarra en las últimas semanas. Y, a mi juicio, la forma en la que lo enfrenta lo torna aún más nocivo. Más de lo mismo Juan José Garrido Koechlin Director periodístico de El Comercio Bajo qué condiciones llegue el Perú a las elecciones generales del 2021 depende, en gran medida, de las complementarias del 2020. Las elecciones de enero, como sabemos, definirán la composición del Congreso y, por lo tanto, servirán como parámetro de la relación Ejecutivo-Legislativo. Habida cuenta de la reciente disolución del Congreso, las razones y las formas detrás del acto, el registro político del Congreso complementario será una pieza clave para entender el ambiente bajo el que se producirán las siguientes elecciones. En simple, el Congreso puede estructurarse de tres maneras: mayoritariamente favorable, mayoritariamente en contra o fraccionado –léase, sin una posición clara– frente al presidente.","elcomercio","08/12/2019"
"Cómo operan las empresas de transporte en otros países","En ciudades como Buenos Aires, por ejemplo, hay solo dos terminales ubicados en las afueras de la ciudad: Retiro y Dellepiane. En Bogotá y Santiago de Chile sucede lo mismo: hay dos grandes centros de embarque de pasajeros y carga ubicados en zonas que no generan impacto vehicular. De hecho, en todas las capitales de América del Sur los terminales de buses suman 48. Pero en el Per habilitar terminales es más fácil que abrir una cuenta bancaria: los requisitos del MTC son presentar una declaración jurada y hacer un pago de S/220, desde que, en el 2015, el sector redujo las trabas burocráticas para hacerlo.La consecuencia es un distrito convertido en un catástrofe terminal terrestre que concentra el 60% de estaciones de buses de Lima autorizadas por el Gobierno (101, según el MTC). Para Gustavo Guerra García, ex viceministro de Transportes y especialista en temas viales, en Lima debería haber tres grandes terminales terrestres formales, uno en cada acceso de la capital: norte, sur y este. Para que eso sea posible, se tienen que poner de acuerdo la Municipalidad de Lima y el MTC. La municipalidad tiene que definir las zonas de exclusión en el nuevo plan urbano y el MTC tiene que modificar el esquema de requisitos, que hoy es demasiado laxo. El proceso tomaría varios años, quizás 10, debido a que si se revocan las actuales autorizaciones, se tendrían que pagar compensaciones, dice.","elcomercio","08/12/2019"
"NO TE PASES","La Victoria, un distrito de 8,7 kilómetros cuadrados, tiene más terminales terrestres que todas las capitales de América del Sur juntas: 58. Todos ellos fueron autorizados por el Ministerio de Transportes y Comunicaciones (MTC) en años anteriores. All operan 429 empresas de transporte, según cifras del propio municipio victoriano; es decir, hay casi una empresa de transporte por manzana.Estos números dan vértigo si uno piensa en el tráfico vehicular que genera cada bus interprovincial, que en promedio mide 14 metros. Al momento de salir de su base, cada uno de estos vehículos genera una congestión de hasta 10 minutos por calle, debido a las maniobras que hacen los choferes en las angostas vías del distrito. La foto que abre este reportaje es un claro ejemplo.Mientras uno lee este informe, podrían estar saliendo simultáneamente unos 20 buses desde este distrito hacia Barranca, Arequipa, Huánuco, entre otras ciudades del interior. El tráfico que originan en La Victoria se traslada directamente a las avenidas Paseo de la República y Grau, y afecta las avenidas 28 de Julio y Abancay.Otras señales del paso de estos gigantes que salen y entran a toda hora del día son las pistas con el asfalto destrozado de los jirones Hipólito Unanue, Luna Pizarro, Parinacochas y las avenidas México y Paseo de la República.","elcomercio","08/12/2019"
"Cables bajo tierra","En anteriores columnas he escrito sobre el tema del estorbo urbano, refiriéndome a la cantidad innecesaria de postes, tachos y otros elementos de mobiliario urbano que están colocados en el espacio público. A menudo, en una esquina, uno se encuentra con un poste de semáforo al lado de un poste para cables de luz, al lado de un poste para un farol, al lado de un poste para una cámara de tránsito, al lado de un tacho de basura. Mientras el estorbo urbano es un problema que ocurre en muchas ciudades, hay algunas que son mejores en ordenar sus calles y espacios públicos a través del multiuso de elementos de mobiliario. En Chicago, por ejemplo, los postes para los faroles, en muchos casos, sostienen también semáforos vehiculares y peatonales. En Toronto, los postes que cargan los cables de luz también soportan los faroles, semáforos y la señalética de las calles.En otras ciudades, se cuelgan los tachos de otros postes ya existentes. Cuando se duplican o triplican las funciones de cada poste, se genera un mayor sentido de orden en el espacio público.Lo mismo aplica a la cantidad de cables que hay en las vías públicas. En Lima, junto con las otras ciudades del Perú, la cantidad de cables en las vías públicas genera una imagen de desorden y decadencia.Parece que esto empezará a cambiar. El último viernes, Osinergmin ha ordenado que las empresas de luz retiren los cables aéreos en 67 centros históricos en el país. La idea es que en vez de tener cables aéreos, estén soterrados. En la capital, esto afectaría directamente el Centro Histórico de Lima, Santiago de Surco, Miraflores, Barranco, Chorrillos, Chosica, Rímac, Pueblo Libre y Ancón. También la zona monumental en El Olivar (San Isidro) y los centros históricos del Callao y La Punta.Esta noticia es un buen punto de partida, y sería bueno poder extender este tipo de propuesta hacia el resto de la ciudad. En el extranjero, por ejemplo, muchas ciudades han construido ductos subterráneos para poder colocar los cables de telecomunicaciones y electricidad, entre otros tipos de infraestructura.Estos ductos se pueden financiar a través del cobro de un alquiler a la empresa de telecomunicaciones o de luz. Alternativamente, se puede abrir la posibilidad de que los mismos vecinos paguen por la ejecución del trabajo. Esta suma se puede calcular en relación al valor económico que genere el mejoramiento de la calle, ya que el soterramiento de los cables generará mayor valor en las propiedades de los vecinos.Esta iniciativa debe ir de la mano de un diseño previo y planeación de cada calle, ya que el caos que encontramos ahora se debe en gran medida a la falta de continuidad y a las iniciativas improvisadas de la gestión de turno.El Comercio no necesariamente coincide con las opiniones de los articulistas que las firman, aunque siempre las respeta.","elcomercio","08/12/2019"
"Ruta a las playas del sur todavía no está lista","Construcción de dos puentes en ingresos de San Bartolo y Punta Hermosa estaría lista recién a fines de diciembre. Comuna de Santa María dice que la obra está mal hecha.Lourdes Fernández Calvo Para el verano del 2019, el municipio limeño estimó que cerca de 200 mil autos salieron de Lima rumbo a las playas del sur. A dos semanas de iniciarse el próximo verano, la municipalidad y la concesionaria Rutas de Lima (a cargo de la nueva Panamericana Sur) aún evalúan si este cálculo se mantendrá para el verano del próximo año.Lo que sí se puede estimar es que el camino hacia las playas del sur podría ser afectado por algunas obras que aún no han sido culminadas.Pese a que la Municipalidad Metropolitana de Lima (MML) ha habilitado los cuatro carriles de un tramo de 15,6 km de la antigua Panamericana Sur, desde el puente Arica, en Lurín, hasta la nueva Panamericana Sur, en Santa María del Mar; aún no se ha concluido el último tramo de la obra, según constató El Comercio en un recorrido esta semana.De acuerdo con José Buleje Gullón, gerente general de Empresa Municipal Administradora de Peaje de Lima (Emape), entidad de la MML, esta parte de la edificación, que estaba programada para los XVIII Juegos Panamericanos de Lima, ha avanzado 97% y sería culminada la última semana de diciembre.Estamos en la parte final de la construcción de dos puentes alcantarillas en la zona Quebrada Seca, en Punta Hermosa; y en San Bartolo. Lo más complicado ya se concluyó, este fin de semana se estaría iniciando la pavimentación propiamente dicha de ambos puentes, precis.Buleje también indicó que en los próximos días concluirán la señalización y la colocación de 600 árboles a lo largo de la vía que abarca 13 balnearios.Mientras tanto, los accesos tanto a las playas Punta Hermosa, San Bartolo y Santa María aún están inhabilitados y los autos y buses deben ser desviados. La zona se ve empolvada y, pese a que ya ha sido entregada, la ciclovía de 8 kilómetros de extensión está vacía.","elcomercio","08/12/2019"
"Alberto Quintero","Jugador no deﬁ ne su futuro.","elcomercio","08/12/2019"
"Por el ascenso...","Ayer se inició el cuadrangular de ascenso y Llacuabamba derrotó 2-1 a Chavelines, mientras que Atlético Grau hizo lo propio por 2-0 sobre Coopsol, en el Callao.","elcomercio","08/12/2019"
"Festejo...","El Al Hilal superó 4-2 al Al Jabalain, con un tanto de Andrés Carrillo, y clasificó a los octavos de la King Cup de Arabia Saud. El sábado, debutará en el Mundial de Clubes ante Esperance de Túnez.","elcomercio","08/12/2019"
"En quirófano...","A una repentina operación por una fisura por estrés del quinto metatarsiano izquierdo fue sometido Yoshimar Yotún, tal como lo anunció el Cruz Azul.","elcomercio","08/12/2019"
"Flores por la final...","Desde las 7:30 p.m., el Monarcas Morelia con Edison Flores busca ante América su paso a la final de la Liga MX. El cuadro del peruano tiene la ventaja del 2-0 de la ida.","elcomercio","08/12/2019"
"Messi festej junto a sus pequeños hijos y el Balón de Oro, en el Camp Nou.","3-1 cay la Juventus ante la Lazio en Italia, pese al gol de Cristiano Ronaldo. El Inter sigue de líder. Barcelona había vencido 2-0 al Espanyol. Ambos equipos suman 34 unidades en quince fechas disputadas.","elcomercio","08/12/2019"
"-34- DT Lionel Messi sigue brillando en el dorado del gol","Balón de Oro marc hat-trick en goleada de 5-2 del Barça al Mallorca. En el campo, el Balón de Oro y Lionel Messi, y uno no sabe de dónde proviene el brillo. Del jugador, sin duda. Con el trofeo ofrendado a su público –y festejado en compañía de sus pequeños hijos–, el argentino celebr su sexto individual trasladándolo al equipo: marc tres tantos para el 5-2 sobre el Mallorca y retuvo así el liderato de la Liga. La noche catalana era de Messi, pero sus acompañantes no quisieron quedarse atrás. Griezmann abrió el marcador tras pase de Ter Stegen, sí, del portero, y Luis Suárez marc de soberbio taco. En la fiesta de Lionel, sus compañeros también celebraron. Con los tres tantos, el argentino aument a doce su cuota goleadora en el presente torneo. Además, este es su hat-trick número 35, uno más de los que alcanzó Cristiano Ronaldo en sus nueve años en el Real Madrid. As respondió el Barça a la presión del cuadro blanco, que más temprano había...","elcomercio","08/12/2019"
"La ‘U’ supera a Alianza y marcha hacia el título nacional femenino","Cremas vencieron 2-1 a blanquiazules y ganaron etapa regional del certamen. Un clásico con todas sus letras se vivió ayer en el Estadio Nacional. Universitario venció 2-1 a Alianza Lima en el Clásico femenino que define la etapa regional del campeonato en un partido con goles de buena factura, juego fuerte e incluso expulsiones por agresiones mutuas entre Stefany Ottiniño y Nemesis Leal. En un término donde el juego se vivió con tal intensidad, Universitario puso en valor el peso de sus individuales en ataque. Con tantos de Stefany Ottiniño en el minuto 24, antes de ver la roja, y Cindy Novoa (66), volvieron a superar a las blanquiazules –en la final de la zona Lima les ganaron 1-0–. Emily Flores había igualado el marcador de manera parcial sobre el final del primer tiempo. Con el título en manos, Universitario continúa su marcha hacia la Copa Libertadores del próximo año. Ahora se medirá con otros siete equipos del interior del país para definir al campeón nacional. Esta semana se definen estos clasificados, ya que el 17 de ese mes debe empezar la etapa nacional. El cuadro crema se afianza como el mejor equipo de Lima y va por más a nivel nacional. La Libertadores es su obsesión y marchan firmes rumbo a ella.","elcomercio","08/12/2019"
"Joshua se cobra su revancha","El boxeador británico Anthony Joshua (derecha) venció por decisión unánime tras 12 rounds al mexicano Andy Ruiz, con lo que seis meses después de caer ante el azteca recuper los títulos mundiales peso pesados de la FIB, AMB y OMB.","elcomercio","08/12/2019"
"PACTAR PARA GOBERNAR","Alianzas repugnantes MOISSNam Escritor, @moisenam Senador vitalicio, sino como intocable comandante de las Fuerzas Armadas, ya que impedía que los presidentes electos pudiesen remover del cargo a los jefes militares. La Constitución también garantizaba un número de senadores nombrados a dedo por los militares y refrendaba la obligatoriedad de asignar automáticamente a las Fuerzas Armadas el 10% de los ingresos generados por las exportaciones de cobre, la principal fuente de divisas del país. Obviamente, para quienes sufrieron las persecuciones y torturas de la junta militar, aceptar todo esto era como ingerir un revulsivo. No obstante, también en Chile, el resultado de una negociación entre el gobierno militar y las fuerzas demócratas permitió la transición pacífica de una dictadura a una democracia. En los últimos tiempos, ni Chile ni Sudáfrica han podido salvarse de las convulsiones políticas que incendian las calles. Pero ambas sociedades se beneficiaron de un largo período en el que enemigos políticos lograron convivir. En Sudáfrica, después de abolido el apartheid, la economía se expandió, la inflación cay y proliferaron los programas sociales, muchos de los cuales, por primera vez, beneficiaron a las mayorías más necesitadas. En Chile, las distintas facciones políticas, que incluían tanto a quienes apoyaban a Pinochet como a quienes fueron sus víctimas, lograron ponerse de acuerdo sobre la política económica. El resultado fue una de las economías más exitosas del mundo. Según cifras del Banco Mundial, en el año 2000, más de un tercio de los chilenos vivía en condiciones de pobreza, mientras que para el 2017, la proporción de...","elcomercio","08/12/2019"
"El MEF y la construcción del hospital de Moquegua","El MEF, a veces, se pone obtuso en algunos temas, pero no son enemigos del bienestar ciudadano. Parece, más bien, que la gran preocupación era que la obra quedara asociada a la gestión del gobernador y no a la de su sucesor. Parece que la gran preocupación era que la construcción del hospital de Moquegua quedara asociada a la gestión del gobernador Martín Vizcarra y no a la de su sucesor.","elcomercio","08/12/2019"
"Cómo llegarán las elecciones generales del 2021","Bajo qué condiciones llegará el Perú a las elecciones generales del 2021 depende, en gran medida, de las complementarias del 2020. Las elecciones de enero, como sabemos, definirán la composición del Congreso y, por lo tanto, servirán como parámetro de la relación Ejecutivo-Legislativo. Habida cuenta de la reciente disolución del Congreso, las razones y las formas detrás del acto, el registro político del Congreso complementario será una pieza clave para entender el ambiente bajo el que se producirán las siguientes elecciones.  En simple, el Congreso puede estructurarse de tres maneras: mayoritariamente favorable, mayoritariamente en contra o fracturado –léase, sin una posición clara– frente al presidente. De darse lo primero, es posible imaginar una confrontación permanente entre quienes apoyan –en mayoría– las decisiones del Ejecutivo y quienes harán una oposición firme a las mismas. Este ambiente polarizado irá perfilando las candidaturas presidenciales conforme se acerquen las elecciones del 2021 y, con ello, la estructura que asumirá el siguiente Legislativo. Si bien es cierto que un gobierno de salida puede ser reformista (recordemos a Michel Temer en Brasil), las probabilidades de que esto ocurra son muy bajas, por distintas razones. Lo más probable es que el gobierno mantenga esta sensación de paraplejía ejecutiva con algunas pinceladas de microrregulación de corte populista.  La segunda composición es una espada de Damocles sobre el mandatario. Si los votos lo permiten, no sería descabellado imaginar un proceso de vacancia raudo y violento. De no contar con estos, la relación será tirante y agresiva, sirviendo a ambos poderes como plataforma de narrativas políticas, pero como un espacio muerto para los quehaceres de gobierno. Sería otro año perdido.  Finalmente, está la posibilidad de tener un Congreso fracturado. Un Legislativo con seis o siete partidos sería un impedimento para asentar una agenda de trabajo, más aún considerando el tiempo del encargo. No obstante, también serviría para impedir una asonada reformista contra la Constitución de 1993. El presidente tendría su chivo expiatorio, y la oposición su plataforma política de cara al 2021.  La composición del próximo Congreso ser probablemente fracturada.  Cómo se configure el próximo Congreso servirá también para reestructurar (o no, a falta de votos) los pesos y contrapesos de las partes en la polarización política: elecciones de los miembros del TC, acusaciones contra funcionarios protegidos (por ejemplo, fiscales supremos), reformas políticas, entre otros. Las encuestas revelan que la composición del próximo Congreso será probablemente la tercera. A la fecha, AP, FP, APP, PM, Apra y el PPC son los partidos que mejor se perfilarían para integrarlo. Que sepamos, ninguno propone una reforma radical de la Constitución, pero tampoco tienen un listado de iniciativas bajo el brazo. Y aunque la cifra repartidora pueda brindarle a alguno una proporción mayor a la esperada, difícilmente veremos una mayoría aplastante que permita un giro a la izquierda radical o a la derecha ultraconservadora.  En resumen, lo más probable es que el próximo Congreso no será ni ese Edén que supuso el oficialismo, ni esa tragedia chavista que auguró la oposición. Lo probable es que al final, como dicen, sea más de lo mismo (para bien y para mal).","elcomercio","08/12/2019"
"Análisis de la situación política y anticorrupción","La lucha contra la corrupción y la impunidad es el eje central de nuestro gobierno, ha dicho el presidente Vizcarra en la ceremonia por el aniversario 31 de la Policía Nacional. ¿A qué se refiere? Al cierre inconstitucional del Congreso? A la devolución de más de S/500 millones en favor de Odebrecht? Al año de gestión de César Villanueva como presidente del Consejo de Ministros?  La corrupción no es solo la de ayer. Es la de hoy y la de mañana. Se debe partir de un estudio de las leyes, los procedimientos y los procesos administrativos que la favorecen. La corrupción florece en la oscuridad, en los meandros de la burocracia, en los recovecos del reglamento, en la opacidad de las normas.  La tarea no es fácil, y no la emprendió ninguno de los gobiernos anteriores. El actual, tampoco.  El Ejecutivo no realiza ninguna lucha contra la corrupción. Se trepa, eso sí, a los avances de las investigaciones fiscales y de los medios que las publicitan.  La corrupción política es lo que más indigna a la población. Y todos celebramos cuando se conoce la verdadera personalidad de los estafadores. Es triste pero importante saber sobre César Villanueva y sus reuniones para alterar la investigación que se le sigue. No menos, saber sobre Luciana León y sus visitas al MEF, una de ellas con el entonces gerente de la Municipalidad de La Victoria, hoy detenido. Las investigaciones son conducidas por los fiscales. La policía aporta el uso de la fuerza y colabora con los trabajos de inteligencia. El Ejecutivo carga la bandera, pero no lidera la lucha contra la corrupción.  El gobierno puede tener una política anticorrupción. Pero, han hecho, siquiera, un estudio sobre la corrupción y sus mecanismos institucionales? Cuáles son las propuestas de reforma de la administración pública?","elcomercio","08/12/2019"
"Reflexiones sobre la lucha anticorrupción","La destitución de Francisco Petrozzi fue una decisión del presidente. Ofende a la inteligencia sostener lo contrario. El ahora exministro había ya acordado con Hugo Coya que este último se iba y que su renuncia se haría efectiva al regreso de un viaje. Un Vizcarra ofuscado adelantó el tema y convirtió la renuncia en cese; una disposición que parece haber sido tomada al influjo de la cólera. Petrozzi tenía que irse de todas maneras, pero no por tomar una decisión inconsulta, sino porque había perdido dignidad en el proceso. Quiso ser servicial y lo trataron en consecuencia.  Tampoco entiendo la ligereza y oblicuidad con la que el mandatario ha tratado el tema de César Villanueva. Ahora que sabemos que no trat de infiltrar el equipo especial Lava Jato con un topo (sino con dos), cabría una reflexión pública más seria sobre por qué se le designó.  En su momento, no compartí las presiones para que Vizcarra renuncie a la vicepresidencia. Estaba, de darse las circunstancias, en su obligación (y su derecho) de asumir el cargo. Pero, aun sin saber lo que sabemos ahora, no era ya un obstáculo insalvable designar a la persona que promovió la vacancia de su jefe? No le preocupa ahora que Villanueva pudiera haber tratado de usar también la PCM para sus torvos propósitos?  De lo que se conoce, no hay evidencias de corrupción del ministro de Transportes y Comunicaciones o del presidente en lo del hospital de Moquegua. Con el sesgo que me da el conocerlo y respetarlo, me inclino a creer a Edmer Trujillo cuando dice que su objetivo solo era la continuidad de la obra porque terminaba el año. Aún así, las formas no parecen ser muy pulcras. Nunca había sabido, por ejemplo, de casos en los que se fragmentara en 133 partes un pago de S/41 millones.  Que el dinero retornase al Estado no significaba el fin del hospital público de este gobierno?  La corrupción no es solo la de ayer. Es la de hoy y la de mañana. Se debe partir de un estudio de las leyes, los procedimientos y los procesos administrativos que la favorecen. La corrupción florece en la oscuridad, en los meandros de la burocracia, en los recovecos del reglamento, en la opacidad de las normas.  La tarea no es fácil, y no la emprendió ninguno de los gobiernos anteriores. El actual, tampoco.  El Ejecutivo no realiza ninguna lucha contra la corrupción. Se trepa, eso sí, a los avances de las investigaciones fiscales y de los medios que las publicitan.  La corrupción política es lo que más indigna a la población. Y todos celebramos cuando se conoce la verdadera personalidad de los estafadores. Es triste pero importante saber sobre César Villanueva y sus reuniones para alterar la investigación que se le sigue. No menos, saber sobre Luciana León y sus visitas al MEF, una de ellas con el entonces gerente de la Municipalidad de La Victoria, hoy detenido. Las investigaciones son conducidas por los fiscales. La policía aporta el uso de la fuerza y colabora con los trabajos de inteligencia. El Ejecutivo carga la bandera, pero no lidera la lucha contra la corrupción.  El gobierno puede tener una política anticorrupción. Pero, han hecho, siquiera, un estudio sobre la corrupción y sus mecanismos institucionales? Cuáles son las propuestas de reforma de la administración pública?  Una política anticorrupción seria, además, debe realizarse dentro de la ley. Un gobierno que cierra el Congreso contra la ley no puede proclamarse luchador serio contra la corrupción.  La corrupción rompe la ley. ¿Cómo podríamos perseguirla si no cerramos ese hueco hecho a la ley?  No se trata solo de dotar de más recursos al Ministerio Público. Eso es necesario, pero no suficiente.  El fiscal supremo Tomás Gálvez inicia investigación preliminar contra el fiscal José Domingo Pérez. El fiscal José Domingo Pérez cita a magistrado del Tribunal Constitucional, sin mayor fundamento de su vinculación con el caso.","elcomercio","08/12/2019"
"Encargaban de anular las multas","Por eso los agentes de trnsito se concentraban en aplicar sanciones a conductores particulares. De las 500 mil papeletas impuestas en 1956, ms del 50% fueron anuladas por presin de estas organizaciones.","elcomercio","08/12/2019"
"En el 2019 Los conductores en Lima arrastran miles de papeletas porque nada los obliga a pagarlas","Durante casi 10 aos, los choferes de transporte pblico no fueron fiscalizados por la PNP, sino por inspectores municipales, los ‘chalecos amarillos’. Las multas que imponen los inspectores no restan puntos en las licencias de conducir, a diferencia de las papeletas de la Polica de Trnsito que se acumulan y pueden conllevar a la suspensin del brevete. Recin en octubre de este ao, el Ejecutivo dispuso que la PNP vuelva a fiscalizar el transporte pblico. Pero tanto estos choferes como los particulares pueden presentar descargos, reconsideraciones y apelaciones para impugnar papeletas. Las papeletas impugnadas no se pueden cobrar y al cabo de cuatro aos prescriben.","elcomercio","08/12/2019"
"Desde abril del 2018, #NoTePases ha denunciado a redes de tramitadores que operan en el jirn Caman","en la misma puerta del Servicio de Administracin Tributaria (SAT), que es el ente encargado de recaudar el dinero de las infracciones. Por S/10 los abogados y sus jaladores ofrecen apelar papeletas hasta que prescriban, incluidas las multas por incumplir el ‘pico y placa’. Esta semana, estuvimos ah y en cinco minutos parados frente al SAT recibimos 12 tarjetas de abogados que ofrecen de forma expresa la prescripcin de papeletas y la liberacin de vehculos del depsito. A una cuadra de distancia, El Comercio encontr 12 oficinas con 30 tipos dedicados a esta labor.","elcomercio","08/12/2019"
"La millonaria deuda de los infractores con licencia prorrogada","Cien millones en papeletas muestra ● La Municipalidad de Lima autoriz a 339 empresas de transporte pblico a circular hasta fines del 2019 ● Una bsqueda del registro de 80 de ellas arroja que han generado S/100 mlls. en multas. No te paSeS La Gerencia de Transporte Urbano (GTU) de la Municipalidad de Lima hizo pblica ayer la resolucin N 91 –como adelant el ltimo sbado su gerenta Elvir-Moscoso a El Comercio–, que amplia hasta diciembre del prximo ao la autorizacin para que todas las empresas de transporte pblico continen operando en la capital, incluidas las que adeudan millones de soles por infracciones de transporte o de trnsito cometidas por sus unidades. Esta medida, que puede ser leda en el sitio web de la GTU, ha beneficiado a 339 empresas. Entre ellas, figura, por ejemplo, La Nueva Estrella, que encabez en abril de este ao la lista de las que ms dinero deben al SAT por papeletas que en su conjunto suman S/7,9 millones. Pero este monto es mucho menor si se compara con una muestra que aqu presentamos de 80 empresas de transporte del total autorizadas. Esta base de datos, hecha con el ranking de las que ms le adeudan al SAT y una bsqueda llevada a cabo por este Diario, arroja que estas compaas han generado papeletas que superan los S/100 millones por un total de 24 mil faltas cometidas en la va pblica por sus vehculos. —Motivo de cancelacin— La titular de la GTU, Elvira Moscoso, en una entrevista publicada das atrs por este Diario, afirm que la acumulacin de deudas por parte de empresas de transporte que han cometido un sin-nmero de infracciones de trnsito y transporte no bastaba para retirarles el permiso para circular. Esto, debido a que no es un supuesto expresamente incluido como sancin en las ordenanzas municipales que aplican. Sin embargo, el Reglamento de Administracin de Transporte (Decreto Supremo 017-2009) lo prev, como inform este Diario semanas atrs a travs de la campaa #NoTePases. La norma, que tiene un alcance nacional, seal que mantener deudas pendientes de pago en ejecucin coactiva por ms de un ao habilita a la autoridad correspondiente a cancelarles el permiso. Las normas locales deberan, en principio, adecuarse a este marco, pero no sucede as. Para la GTU, esta omisin es una barrera. Por eso, indicaron a este Diario, evalan incluir este punto en una futura propuesta de modificacin de la normativa. Moscoso tambin indic que la ampliacin no significa que renuncian a sus acciones de fiscalizacin. Segn el artculo 49 del reglamento antes mencionado, otro motivo de cancelacin es incumplir una condicin de acceso y permanencia. Por ejemplo, dejar de prestar el servicio durante tres das de manera injustificada, prestarlo con una flota operativa menor al 65% requerido, no comenzar a brindar el servicio en el plazo pactado o trabajar con una autorizacin suspendida. —Promesa incumplida— Especialistas consultados indicaron que la ampliacin significa un retroceso en la reforma del transporte. Recordaron que cuando la gestin del alcalde Luis Castaeda Lossio, a mediados del 2015, ampli por un plazo de tres aos el permiso a estas empresas se hizo para que estas se adecuaran a estndares que permitieran la implementacin de la reforma. Luis Quispe Candia, presidente de la ONG Luz mbars, consider que un ao y medio de tiempo adicional es excesivo. Pudo haber sido por siete meses, hasta que se instale el nuevo alcalde de Lima, afirm. No obstante, indic que se debe tener en cuenta que en el Congreso est pendiente el debate del dictamen que crea la Autoridad nica de Transporte. Quispe Candia asegur que en caso de que se apruebe esta iniciativa, la cual debe tener el visto bueno de la Junta de Portavoces para que sea debatida en el pleno, esta entidad se encargar de resolver lo que ocurra con las empresas de transporte cuando se venza el plazo dado por la GTU, en diciembre del 2019.","elcomercio","08/12/2019"
"En el Per no se sabe cuntas mujeres abortan cada ao por violacin","Defensora dice que debido a que prctica est penalizada se acude a locales clandestinos. Segn la Defensora del Pueblo, en el Per se desconoce cuntas mujeres abortan cada ao producto de una violacin. Eliana Revollar, adjunta para los Derechos de la Mujer de la defensora, sostuvo a este Diario que esto se debe a que el aborto en el Per est penalizado y, por lo tanto, muchas vctimas de alguln ultraje sexual acuden a lugares clandestinos para someterse a un aborto, con lo cual ponen sus vidas en peligro. Estas declaraciones se relacionan con el caso de Robert Martnez, quien fue capturado el pasado 6 de julio debido a que es acusado de dopar y violar a varias mujeres en Independencia. Segn la Polic;a Nacional, el sujeto captaba a las jvenes a travs de avisos para realizar abortos por S/250. Dos venezolanas fueron las ltimas vctimas de Martinez. Ambas, segn contaron a la polic;a, estaban angustiadas porque queran interrumpir sus embarazos y no saban a donde acudir. Rossina Guerrero, directora de la ONG Promsex, remarc que el Ministerio de Salud tiene un registro de mujeres atendidas por haber sufrido un aborto, ya sea por una complicacin en el embarazo o por una prctica hecha al margen de la ley. Sin embargo, no se cuenta con la estadstica desagregada de los casos. Las mujeres callan por miedo a terminar siendo denunciadas, explic Guerrero.","elcomercio","08/12/2019"
"Cada bus o camin en La Victoria puede generar hasta 10 minutos de congestion","de congestin al doblar la esquina o salir de su base, debido a las angostas vas. Esto sucede todos los das en la calle Luna Pizarro. Lino Chipana Un distrito convertido en terminal terrestre En La Victoria hay 429 empresas de transporte en 58 terminales autorizados por el MTC, ms que en todas las capitales de Amrica del Sur juntas. Aqu comienza parte del trfico del Cercado. Algunos locales considerados terminales para el MTC miden 8 m2. Sin embargo, en ellos operan hasta siete empresas de transporte. Unanue, Luna Pizarro, Parinacochas y las avenidas Mxico y Paseo de la Repblica. Pero cmo operan las empresas de transporte en otros pases? En ciudades como Buenos Aires, por ejemplo, hay solo dos terminales ubicados en las afueras de la ciudad: Retiro y Dellepiane. En Bogot y Santiago de Chile sucede lo mismo: hay dos grandes centros de embarque de pasajeros y carga ubicados en zonas que no generan impacto vehicular. De hecho, en todas las capitales de Amrica del Sur los terminales de buses suman 48. Pero en el Per habilitar terminales es ms fcil que abrir una cuenta bancaria: los requisitos del MTC son presentar una declaracin jurada y hacer un pago de S/220, desde que, en el 2015, el sector redujo las trabas burocrticas para hacerlo. La consecuencia es un distrito convertido en un catico terminal terrestre que concentra el 60% de estaciones de buses de Lima autorizadas por el Gobierno (101, segn el MTC). Para Gustavo Guerra Garc;a, ex viceministro de Transportes y especialista en temas viales, en Lima debera haber tres grandes terminales terrestres formales, uno en cada acceso de la capital: norte, sur y este.","elcomercio","08/12/2019"
"Acción feminista en Miraflores","Diversos grupos feministas se concentraron ayer en el parque Kennedy, en el distrito de Miraflores, para realizar una performance como protesta por la creciente violencia contra la mujer.  Durante la actividad, las mujeres entonaron el canto El violador eres tú, ideado por el colectivo chileno #LasTesis, que se ha convertido en un himno feminista global.","elcomercio","08/12/2019"
"Muere menor en Piura tras ingerir rascapi","Las autoridades de Salud de la provincia de Sullana (Piura) confirmaron la muerte de un menor de 8 años, quien estuvo hospitalizado luego de haber ingerido un producto pirotécnico conocido como rascapi. El director del Hospital de Apoyo II de Sullana, Iván Calderón, dijo que el pequeño muri por una falla hepática debido al fosfuro blanco.","elcomercio","08/12/2019"
"Choque deja un muerto y tres heridos en Junín","Una fuerte colisión entre un camión y una camioneta en la Carretera Central, en el tramo Pasco-La Oroya (Junín), en el kilómetro 52+700, dejó un muerto y tres heridos. El accidente ocurrió el último viernes por la tarde. De acuerdo con la agencia Andina, el vehículo pesado –de placa T6M-850– impactó contra la camioneta. Aún se investigan las causas del choque.","elcomercio","08/12/2019"
"Huayco bloquea carretera en Huánuco","La caída de un huaico bloqueó la carretera Vía Nacional en la provincia de Marañón, que conecta a Huánuco con San Martín. Debido a ello, el tránsito vehicular fue interrumpido y decenas de pasajeros quedaron varados. Según informó Canal N, el deslizamiento de lodo, tierra y troncos afectó al menos 100 metros de la ruta. Esto, tras la activación de las quebradas de la zona.","elcomercio","08/12/2019"
"Versperas del cambio de mando en Argentina","Este martes 10, Alberto Fernández tomará las riendas de Argentina. Durante unos meses fue jefe de Gabinete del primer gobierno de Cristina Fernández. Esta vez él será su superior.  Entrevista Joaquín Morales Sol Analista político y periodista  El peronismo nunca aceptó una conducción bicéfala  El presidente electo argentino no solo tendrá que lidiar con una grave crisis económica y con gobiernos vecinos no precisamente afines, sino también con la poderosa figura de su vicepresidenta.  Perfil Edad: 69 años Profesión: Periodista y politólogo Trayectoria: Amplia experiencia en medios gráficos, escritos y televisivos de su país. Autor de cuatro libros, entre ellos Los Kirchner, la política de la desmesura.  —¿Cómo evalúa el difícil momento económico que vive Argentina y con tanto convulsionamiento en la región? Yo encuentro un par de explicaciones. En primer lugar, hubo elecciones, así que la insatisfacción social se manifestó a través del voto. Y segundo, ganó el peronismo. No sé si esto hubiera sido tan pacífico si Macri se imponía en las urnas.  —¿Hay más paciencia y tolerancia con el peronismo? Claro que sí. El peronismo ha hecho cosas que ningún político que no sea peronista hubiera podido siquiera proponer: recuerde lo que hizo Menem en materia de jubilaciones y de privatización de empresas públicas, por ejemplo. Todos los que hacen lo mismo y protestan en las calles se identifican con el peronismo.  —¿Se avizora entonces una luna de miel en los primeros meses del nuevo gobierno a pesar de la severa crisis económica? Quizás sea un primer tiempo corto. La crisis económica argentina es muy complicada. Tres de nuestros últimos presidentes tuvieron situaciones a favor: Menem, las privatizaciones; Kirchner, los precios excepcionales de los commodities; y Macri, el crédito que se había perdido con el default de principios de siglo. Fernández no tendrá ninguno de esos tres elementos: no tiene nada para vender, los precios de los commodities se han caído y los créditos que le quitaron a Macri se los quitarán también a él. Pero lo ayuda esta mayor flexibilidad de la calle con el peronismo.  —¿Cuán fuerte será la presencia o influencia de Cristina en el poder? Acá ha habido dos períodos, uno previo a la elección donde ella lo elige a él. Desde el sector cristinista, se dej trascender que ella estaba cansada, que era una mujer de 66 años, que había pasado mucho estrés en el poder, que había sufrido mucho en los últimos años por lo que ella llama la persecución judicial y que buscaba cierta tranquilidad como vicepresidenta y que quien iba a gobernar era Alberto. Eso llevó a votar por él porque no es un hombre que provoque la irritación que sí desata Cristina en muchos sectores.  —¿Y el segundo período? Lo estamos viendo desde que volvi de Cuba hace dos semanas. Cristina no está cansada ni quiere tranquilidad ni alejarse del poder. El nuevo Congreso lo diseñó a su medida, su hijo es el presidente del bloque de diputados peronistas, vetó algunos nombres para el Gabinete Ministerial y colocó a otros. Está teniendo una importancia íntima en la política argentina en cuanto a la participación de un vicepresidente en la gestión efectiva de un gobierno. Eso nunca había pasado en nuestra historia.  —Los impulsos renovados de Cristina hacen temer una convivencia difícil con el mandatario? Es prematuro saberlo, pero conozco a Alberto Fernández, es un hombre de mucho carácter, no va a permitir que luzca como simple títere de ella. A esto se agrega el dato histórico de que el peronismo nunca aceptó una conducción bicéfala.  —¿Se podría llegar a la confrontación abierta? Si así fuera, estaríamos ante un escenario de crisis institucional, ya que se trata del presidente y la vicepresidenta. Sí creo que puede haber una clara toma de distancia de Alberto en cuanto a la política y las formas de Cristina.  —Ya una vez se alej Alberto de ella, cuando era jefe de Gabinete. As es, fue el único funcionario que le renunció a Cristina. Durante sus ocho años al mando, ella aplicó la tesis de que de su gobierno se iban los que ella quería que se fueran, nadie podía renunciar. La única excepción fue Alberto, que le tiró la renuncia en julio del 2008 y se fue. Nunca más se hablaron hasta diciembre del año pasado.  —¿Y los juicios judiciales en que está envuelta la vicepresidenta electa? Alberto señala que Cristina es inocente, pero lo dice porque de otra manera no podría justificar el lugar donde está, no puede ser el ungido por una corrupta. Forzosamente, no puede decir otra cosa, pero en los últimos días ha cambiado un poco y ha dicho que puede haber habido faltas éticas de Cristina, pero que no son delitos.  —El giro más drástico en política exterior va a ser la postura frente a Venezuela? No me imagino a Alberto con una política de respaldo a Maduro, él comparte la postura de México y Uruguay de tratar de encauzar una negociación directa y no incentivar más protestas que lo único que va a provocar es más muertos.  —¿Se alejará del Grupo de Lima? No se va a ir porque el Departamento de Estado de EE.UU. le ha pedido que no se vaya, así no comulgue del todo con ese grupo de países con respecto a Venezuela.  —¿Se llevará bien con Trump? Él dice que quiere llevarse bien con él, que lo único que pide es respeto. Ha tenido muy buenas relaciones con Washington estando dentro del gobierno de los Kirchner.  —Pero una cosa es Bush u Obama, y otra es Trump... Bueno sí, Trump dificulta las relaciones con todo el mundo, así que si Alberto quiere llevarse bien con Washington tendrá que obviar algunos tuits, omitir algunas decisiones y seguir adelante en lo que puedan coincidir.  —Brasil y Uruguay, con su gobierno electo, no van a tener afinidad ideológica con Fernández... Y tampoco Chile con Piñera, ni Bolivia ahora que no está Evo. Argentina está ahora rodeada por gobiernos de derecha o centroderecha. Pero eso solo quedará en la etiqueta si Alberto se comporta con pragmatismo. Además, él tampoco es Cristina, que se va a abrazar con Maduro, Ortega o Raúl Castro.  —El intercambio de exabruptos con Bolsonaro marcará la relación? Argentina no está en condiciones de romper con Brasil, que es nuestro primer socio comercial, el mayor comprador de productos industriales argentinos. Tampoco a Brasil le conviene, hablamos de una relación bilateral comercial de más de US$26 mil millones al año.","elcomercio","08/12/2019"
"El MAS eligió al exmandatario para que tome las riendas de la campaña electoral del 2020","Morales será el jefe de campaña de su partido  El expresidente de Bolivia viajó a La Habana para un tratamiento médico. Un congreso extraordinario del Movimiento al Socialismo (MAS), el partido de Evo Morales, nombró ayer al exgobernante como jefe de campaña con miras a las nuevas elecciones bolivianas, cuya fecha está por definirse. Morales, desde el exilio, aceptó el nombramiento y prometió retornar pronto al país andino.  El presidente del MAS, Rimer García, informó sobre el nombramiento del expresidente, quien mediante un contacto telefónico se dirigió a sus seguidores. Pronto voy a estar en Bolivia para que juntos enfrentemos las elecciones y las ganemos, prometió.  Desde su cuenta de Twitter, el exmandatario aceptó la designación. Agradezco la confianza por nombrarme jefe de campaña. Elegiremos a un candidato unitario y nuevamente ganaremos las elecciones en primera vuelta. Gracias por no abandonarme, yo siempre estaré con ustedes. Juntos seguiremos haciendo historia como hasta ahora, escribió.  El encuentro del MAS tiene lugar casi tres semanas después de la renuncia de Morales y su asilo en México a raíz de las protestas callejeras generadas por los cuestionados comicios del 20 de octubre.  Las elecciones del 2020 serán las primeras en 18 años sin Morales como candidato presidencial.  El exgobernante había viajado en la víspera desde México a La Habana para realizarse una revisión médica, según informó la exministra de Salud, Gabriela Montaño.  —Nuevos nombres— Evo, no está solo, gritaban decenas de militantes del partido, en su mayoría de organizaciones sociales e indígenas, al inicio del congreso en un coliseo de la ciudad de Cochabamba.  Vamos a ir [a las elecciones] con nuevos candidatos propios que saldrán de los sectores sociales, mencionó Sergio Choque, presidente de la Cámara de Diputados. Dijo que si bien Morales está en el exilio, el exmandatario mantiene liderazgo y tendría la última palabra sobre las figuras que se escojan.  Entre los posibles candidatos para suceder a Morales se menciona a Andrónico Rodríguez, un joven líder cocalero. Asimismo, aparece Adriana Salvatierra, expresidenta del Senado.  El listado lo completan Luis Arce, exministro de Economía, que también está en México; el excanciller David Choquehuanca; y el exministro de Justicia Héctor Arce.","elcomercio","08/12/2019"
"Trump agradece a Irán por intercambio de presos","El presidente de EE.UU., Donald Trump, agradeció ayer a Irán por la muy justa negociación que permitió un intercambio de prisioneros entre estos dos países enfrentados.  Los liberados son el científico iraní Massoud Soleimani, acusado el año pasado en EE.UU. de intentar exportar material biológico a Irán, y el investigador estadounidense Xiyue Wang, arrestado en el 2016 en el país persa y condenado por espionaje. Muchas gracias a Irán por una muy justa negociación. Ven, podemos llegar a un acuerdo juntos!, escribió Trump en Twitter.  El intercambio se concretó en Zúrich, Suiza, y comenzó a negociarse con intensidad en las últimas cuatro semanas.","elcomercio","08/12/2019"
"Exmandatario mantiene liderazgo y tendrá la última palabra sobre las figuras que se escojan.","Entre los posibles candidatos para suceder a Morales se menciona a Andrónico Rodríguez, un joven líder cocalero. Así mismo, aparece Adriana Salvatierra, expresidenta del Senado.  El listado lo completan Luis Arce, exministro de Economía, que también está en México; el excanciller David Choquehuanca; y el exministro de Justicia Héctor Arce.","elcomercio","08/12/2019"
"Trump agradece a Irán por intercambio de presos","El presidente de EE.UU., Donald Trump, agradeció ayer a Irán por la “muy justa negociación” que permitió un intercambio de prisioneros entre estos dos países enfrentados.  Los liberados son el científico iraní Massoud Soleimani, acusado el año pasado en EE.UU. de intentar exportar material biológico a Irán, y el investigador estadounidense Xiyue Wang, arrestado en el 2016 en el país persa y condenado por espionaje. “Muchas gracias a Irán por una muy justa negociación. Ven, podemos llegar a un acuerdo juntos!”, escribió Trump en Twitter.  El intercambio se concretó en Zúrich, Suiza, y comenzó a negociarse con intensidad en las últimas cuatro últimas semanas.  “Me siento alegre de que el profesor Massoud Soleimani y el señor Xiyue Wang vuelvan pronto con sus familias”, tuiteó el canciller iraní, Mohammad Javad Zarif.","elcomercio","08/12/2019"
"Indignación en la India por nuevos casos de violación","La sociedad de la India se ve nuevamente sacudida por varios casos de violación sexual, mientras que la policía se encuentra bajo sospecha por haber matado a cuatro sujetos sindicados de haber abusado y asesinado a una veterinaria de 27 años, lo que provoc júbilo en la población, pero también la preocupación de los defensores de derechos humanos.  El caso implica a cuatro hombres que, según la policía, fueron abatidos el viernes cerca de Hyderabad (sur) tras haberse apoderado de armas de los policías durante la reconstrucción de la escena del crimen. Los cuatro estaban detenidos desde hace una semana.  El viernes por la noche, además, muri una mujer que fue quemada viva cuando iba a testificar ante un tribunal de Uttar Pradesh sobre la violación de la que fue víctima.  33 mil violaciones fueron declaradas en el 2017 ante las autoridades de la India. Diez mil fueron contra menores de edad.","elcomercio","08/12/2019"
"El brexit: un dilema hamletiano","El 12 de diciembre se celebrará el acuerdo de salida que había negociado Theresa May.   Se realizaron elecciones en el Reino Unido. A juzgar por las encuestas, la pregunta fundamental no es si el Partido Conservador de Boris Johnson obtendrá la mayoría votación, sino si obtendrá mayoría propia en el Parlamento. Pero claro, a juzgar por las encuestas, el Partido Conservador debería haber obtenido una holgada mayoría parlamentaria en las elecciones del 2017, y no perder la estrecha mayoría con la que contaba (como de hecho ocurrió).  Aunque existen otras razones por las que es probable que los conservadores obtengan la mayor votación. De un lado, el peso específico que el tema del ‘brexit’ (el retiro del Reino Unido de la Unión Europea) tendrá en la agenda electoral. Hasta hace unos meses, mientras el Partido Liberal Demócrata y el Partido por el Brexit sostuvieron posiciones firmes (en contra y a favor, respectivamente) en torno al tema, los principales partidos británicos (el Conservador y el Laborista) padecían profundas divisiones internas. Eso cambió bajo el liderazgo de Boris Johnson, quien convirtió al Partido Conservador en firme partidario del ‘brexit’.  En este tema, Johnson tiene dos cosas a su favor: la primera es el hartazgo de un segmento de la población que, al margen de si respalda el ‘brexit’, cree necesario llegar de una vez a una solución tras tres años de indefinición en el Parlamento. La segunda cosa en favor de Johnson es que, contra la mayoría de pronósticos, logró renegociar con la UE.  En ese tema, el problema principal para el laborismo de Jeremy Corbyn es que, mientras las otras fuerzas políticas tienen posiciones claras en favor o en contra del ‘brexit’, la posición de su partido es ambigua. Corbyn ofrece negociar un nuevo acuerdo de salida (más cercano a una unión aduanera), el cual luego someterá a un nuevo referendo en donde la otra alternativa seria la permanencia en el bloque.  ‘Una parte de la población cree necesario llegar de una vez a una solución.’  Existen cuando menos dos razones por las que el laborismo adoptó esa posición. La primera es que, como dijimos, su propia base electoral está dividida en torno al ‘brexit’. La segunda es la búsqueda de un voto táctico en torno al tema. La opción más temida por una mayoría de electores es la de una salida de la UE sin mediar un acuerdo: si Johnson gana las elecciones sin mayoría parlamentaria, esa fuera una opción probable. La propuesta laborista descarta con claridad esa opción. En ese contexto, algunos partidarios de permanecer dentro de la UE, al constatar que la candidatura que constituye su primera preferencia tiene escasa probabilidad de ganar, podrían votar por el Partido Laborista como un mal menor. El otro componente de la estrategia laborista es tratar de cambiar el eje del debate, en detrimento del ‘brexit’ y en favor de temas como el sistema público de salud.  El Comercio no necesariamente coincide con las opiniones de los articulistas que las firman, aunque siempre las respeta.","elcomercio","08/12/2019"
"Debilidad G La economía crecerá en torno al 2,2% en octubre y se agranda el riesgo de alcanzar el peor resultado anual desde la crisis financiera global G La demanda interna da más señales de enfriamiento.","4,5% debería ser el crecimiento mensual en noviembre y diciembre para cumplir las proyecciones oficiales.  15% fue la caída de la inversión pública en noviembre, su peor resultado desde inicios de año.  —Los determinantes—  Para construir el Imeco utilizamos dos estimados distintos, que recogen varios tipos de indicadores de la economía. El primer estimado consiste en ponderar el crecimiento sectorial a partir de indicadores adelantados que reporta el INEI.  Este estimado apunta a un crecimiento de 1,7%, detrás del cual hay dos datos desalentadores y uno positivo. La buena noticia es que el sector agropecuario retomó brillo y creció 4,25%, que es su mejor resultado desde abril.  En tanto, la producción minera y de hidrocarburos creció 0,67%. Si bien volvió al terreno positivo luego de la caída de septiembre, que la cifra sea cercana a cero implica poco impacto en el resultado del mes. En tanto, la pesca cortó una racha de cuatro meses al alza; retrocediendo 0,68%. Ambos rubros son importantes por su incidencia sobre la manufactura primaria.  El segundo estimado para construir el Imeco busca aproximar el comportamiento de la demanda interna a través de seis variables: consumo interno de cemento, producción de electricidad y de pollo, importaciones de bienes de consumo y de capital, y recaudación de IGV.  El indicador apunta hacia un crecimiento de 2,6%. Esta cifra es un punto porcentual más baja que la registrada entre agosto y setiembre; lo que indica que la demanda interna comienza a perder brillo.  En ese sentido, por ejemplo, la producción eléctrica se incrementó en 2,94%, con lo que suma su cuarto mes consecutivo de desaceleración. La recaudación por IGV –que es una aproximación a las ventas locales– también se está enfriando y en octubre creció 7,42%.  Más aún, la importación de bienes de consumo y de capital prácticamente se estancaron en octubre.  —Lo que se viene—  En lo que va de esta década, el peor año para la economía peruana fue el 2014, con un crecimiento de 2,4%. De darse el 2,2% que anticipa el Imeco para octubre, aumentan los riesgos de tener el resultado más débil desde el 1% registrado en el 2009.  Más aún, dicho resultado hace muy complicado lograr las proyecciones oficiales. Por ejemplo, la semana pasada la ministra de Economía estimó que el año cerraría en 2,6%. Para lograrlo, la producción tendría que crecer 4,5% en noviembre y diciembre.  En tanto, para alcanzar un 2,5%, que sería la nueva proyección del Banco Central, el crecimiento en los últimos dos meses tendría que ser 3,8%. Todo esto en un escenario en que el alto crecimiento del 2018 dejó la vara muy alta [ver punto de vista].","elcomercio","08/12/2019"
"Cifras imposibles","LUIS FERNANDO Alegra Economista principal  El Imeco anticipa que la economía iniciaría el cuarto trimestre con mal pie. Si la cifra de octubre resultara 2,2%, es difícil pensar que, siquiera, se pueda alcanzar un crecimiento de 2,4%, similar al del 2014.  Hay motivos para pensar que aritméticamente estamos encaminados hacia el peor resultado en los últimos 10 años.  Un primer factor por considerar es que, en los 12 meses previos a octubre del 2018, la economía crecía a un ritmo anualizado de 3,43%. A octubre de este año solo lo haría en 2,66%, es decir, 0,8 puntos porcentuales más débil.  En ese sentido, en noviembre y diciembre de este año será clave lo que se conoce como “efecto base”: el elevado crecimiento de los últimos dos meses del 2018 hace que sea muy difícil repetir esas cifras.  En noviembre y diciembre del año pasado, la economía creció 5,27% y 4,73%, respectivamente. El sector pesca fue un motor detrás de esto, pues explicó el 46% del crecimiento de noviembre y 34% del dato de diciembre. Esto debido a que el 15 de noviembre comenzó la segunda temporada de captura de anchovetas, que ascendió a 2,1 millones de toneladas. Pero ahora las cifras son muy distintas. El viernes terminó la segunda temporada del año, que solo alcanzó 1,8 millones de toneladas. Todo esto apunta a que el sector –que ayudó a arañar un 4% el año pasado– no dinamizará el 2019. Solo una sorpresa positiva por el lado de la minería, el agro, o una drástica revisión de la serie de crecimiento del año podrían “maquillar” la ineﬁciencia en la implementación de política fiscal que ayude a recuperar el dinamismo.","elcomercio","08/12/2019"
"Rolando Arellano ve luces y oportunidades donde la mayoría ve sombras y desgracias","Desde su célebre libro Ciudad de los Reyes, los Chávez, los Quispe... (2004), Rolando Arellano ve luces y oportunidades donde la mayoría ve sombras y desgracias. Ac nos habla de una destrucción creativa, de un capitalismo popular desordenado y, ¡iganlo bien!, de un año de orgullo.  —Estamos ante un panorama..., dejo los puntos suspensivos para que completes la oración. Expectante, siempre en camino a la mejora de manera general. Hay un común denominador en los análisis con la población, que no necesariamente refleja lo que las redes y muchos medios señalan. Estas ponen énfasis en lo malo que está pasando y muy poco en lo bueno que pasa o te ha pasado. Hay un sesgo...  —En CADE, evento emblemático de la elite económica, hubo discursos de autoflagelación. Tenían sentido, tenían las razones correctas? Tiene sentido en la medida en que hay cosas que no se han hecho bien. Lo que no tiene sentido es sólo aceptar los aspectos malos y no mostrar, porque no es popular, todo lo bueno. Por ejemplo, el Perú es un país de empresarios. Los estudios muestran que el 80% sí no lo es, quiere serlo, quiere su propio negocio, producir.  —En tu trabajo con empresarios, asistes a sesiones de autoflagelación. ¿Qué razones se repiten? Lo que siento más que una autoflagelación es un sentimiento de incomodidad, de que muchas veces no se siente el esfuerzo de trabajar en una situación difícil. Todos los controles van al 20% de [empresas] formales, como si la informalidad no existiera. No son santos ni mucho menos, pero piensan que las reglas de juego no son claras.  —Reglas no claras, pero hay percepción de injusticia, no? El empresario sabe que hay brechas. Claro, pero estamos hablando del 2%. El 98% de empresarios está en otra.  —Todos hacen la pregunta mordaz, por qué no nos pasa lo de Chile? La informalidad es una razón? Sí, es una de las razones. Lo que pasa respecto a Chile es que las distancias sociales son mucho mayores all. Aquí las hay, pero no nos damos cuenta porque los grupos no se ven, no se cruzan. Las grandes mayorías están en las periferias y no tienen un patrón [como para] que digan: Mira cuánto tiene y yo no, tiene su carrito, sus hijos en la universidad.  —Además, tú dices que se han acortado esos símbolos de desigualdad. Y eso es muy reciente, es revolucionario. No tiene nada que ver con los gobiernos; de hecho es a pesar de ellos. Son 25 años. Nunca en la historia del Perú hemos tenido cambios sociales tan grandes.  —Sin embargo, la última prueba PISA, que nos muestra entre los que más hemos avanzado, también nos pone en el último lugar del indicador que mide cuántos estudiantes del segmento más pobre alcanzan a estar en el segmento de alumnos con más habilidades. Es un indicador de desigualdad y hay mucha desigualdad. Pero, si vemos de dónde venimos, la desigualdad ha disminuido mucho. Avanzamos en muchos niveles.  —¿Cómo cuales? Por ejemplo, en el tema educativo, ha habido una mejora en la cantidad de gente que va a las universidades. No era visto como un símbolo económico, sino de reconocimiento social, el diploma era lo importante aunque fuera de la universidad Don Pepito. Ahora estamos en otro nivel de exigencia cuando la Sunedu busca la acreditación.  —¿Qué políticos saben leer esto? Castaeda, Fujimori han sabido leer, pero se han portado más como seguidores del público que como líderes.  —Vizcarra está en esa senda? Hasta donde se ha visto, no tiene propuestas propias, sigue el ‘mood’ [estado de ánimo] de la población. Muchos creen que eso es hacer política, seguir lo que supuestamente las mayorías dicen. [...] Hay muchos que son políticos, pero no líderes capaces de oponerse y tomar decisiones impopulares. No tenemos esos Galileo dispuestos a decir que la tierra es redonda.  —Este capitalismo popular del que sueles hablar entraña un individualismo que hace difícil cuajar proyectos colectivos, no? Sí, es un capitalismo desordenado. Miramos mucho al modelo norteamericano, pero países europeos y nórdicos se basan mucho en empresas pequeñas pero organizadas. Aquí estamos con la ley de la selva.  —El emprendedurismo desordenado sí ayuda a la autoestima, pero aún hay discriminación. Creo que estamos mejorando. Los últimos dos años, en términos de cambio social, han sido [un período] creo que hasta fundacional. Se ha destruido creativamente mucho, la corrupción se ha sacado a la luz, la política llegó al hartazgo, se ha cerrado el Congreso, cambiado presidente. Ha sido una destrucción de cosas que no estaban bien. El siguiente paso hay que esperarlo. He visto muchísima expectativa de la gente inmediatamente después del cierre del Congreso, pensando ‘ahora sí voy a elegir’.  —A pesar de que se siente fría la campaña? Antes de la campaña la gente había estado muy expectante. El problema es que la oferta va a ser muy decepcionante, pero la gente estaba con ansias.  —Sugerencias para candidatos? Todos los temas son importantes, aquí el tema es ‘niccharse’; salvo seguridad y lucha contra la corrupción, que es para todos.  —Volviendo al mercado, ¿cuánto las empresas a las que les va bien no saben lo que pierden por no explorar un país que ha cambiado? Cada vez más se dan cuenta de que la capacidad adquisitiva está en las mayorías. Muchos creen todavía en ese concepto que les gusta a los publicistas, de lo aspiracional, que todos quieren ser como los miraflorenos y sanisidrinos y se dirigen a ellos, ‘ven a mí que soy la tierra prometida’. Y la verdad es que no les importa lo que pasa en Miraflores y San Isidro, no los conocen. Muchos empresarios todavía no lo entienden. Los que verdaderamente están creciendo son los que están en esos mercados [de la periferia]. Un amigo me hizo ver los artistas más populares en la radio, ¿cuántos crees que son extranjeros del top 15?  —La mitad? Dos [luego de la entrevista, pude ver el ranking de BMAT. Los dos extranjeros son Daddy Yankee y The Black Eyed Peas con J Balvin. Los tres primeros son Agua Marina, Grupo 5 y Corazón Serrano]. ¿Cuál ha sido la noticia más importante para los peruanos en el último año?  —Dímelo por favor, no quiero meter la pata. Los Panamericanos, porque han cambiado el sentimiento de orgullo. Si algo quieren los peruanos, es el reconocimiento. Esperamos que el mundo diga “el Perú está bien”. Chile y Colombia están en problemas y nos traen la final de Boca con Flamengo. Ha sido un año de quiebre en el orgullo nacional y ese es el comienzo de la construcción de una visión social, de cómo empezamos a dejar ese individualismo. Hay destrucción creativa, pero también hay una apertura. Sí creo que las elites, los que tenemos algún tipo de responsabilidad, tenemos que asumir posiciones de liderazgo que implican muchas veces oponerse a lo que las mayorías piensan.","elcomercio","08/12/2019"
"Antídoto y veneno","Una de las motivaciones para la disolución del Congreso fue, según palabras del presidente Martín Vizcarra, el clima obstruccionista que el mandatario hallaba. El lunes 30 de septiembre, tras narrar el destino de las iniciativas que planté al Congreso, Vizcarra dijo: Hemos hecho todo lo que estaba en nuestras manos para avanzar de manera concertada con el Parlamento. Sin embargo, es claro que la obstrucción y el blindaje no cesan ni cesarán a la hora de defender la corrupción, por lo que no habrá acuerdo posible en ese punto.  Han pasado más de dos meses desde entonces y el principal obstruccionista del Ejecutivo parece ser, valga la contradicción, el propio Ejecutivo. No se entiende de otra manera el cómulo de problemas que distraen la energía del gobierno, causados por el propio Gabinete.  Jos Carlos Requena Analista político  Como se recuerda, el 4 de octubre el primer ministro Vicente Zeballos completó su Gabinete, tras varios días de espera. Entre ellos había cuatro nombres, que son los que han sido el centro de la atención en semanas recientes. A las tempranas salidas de Jorge Meléndez y Zulema Tomás –en Desarrollo e Inclusión Social, y Salud, respectivamente– se unió esta semana la de Francisco Petrozzi, que se vio forzado a abandonar la cartera de Cultura tras la salida del periodista Hugo Coya de la presidencia del IRTP. Eran desenlaces que podían prevenirse?  Meléndez y Tomás no eran nuevos en la administración pública, por lo que resultaba un paso obligado revisar sus antecedentes, entre los que –de haber actuado con diligencia– podrían haberse encontrado las denuncias por las que tuvieron que abandonar sus cargos.  El caso de Petrozzi, al no deberse a antecedentes, era más difícil de advertir. Pero vale la pena preguntarse si su antecesor, el breve Luis Jaime Castillo, estaba haciendo una gestión que deba detenerse. Respondió acaso el nombramiento de Petrozzi a un premio a la disuelta Bancada Liberal, que en algún momento se convirtió en el bastión oficialista en el Parlamento, a la que pertenecían tanto Zeballos como el ministro saliente? O era Petrozzi una cuota de alguno otro actor político?  El retorno de Edmer Trujillo al Gabinete fue, cuando se anunció, algo difícil de entender, dados las dudosas credenciales que había exhibido en su primer paso por el MTC. Hoy que es fruto de una presión adicional y podría convertirse en la cuarta baja del Gabinete Zevallos, es indudable que la reincorporación de Trujillo es un pasivo adicional con el que el régimen ha decidido cargar, sabe Dios por qué razón.  Con la fáctica desactivación de la oposición desde hace varias semanas, el país distraído en una (fría) campaña electoral y las encuestas de opinión pública que todavía ubican a Vizcarra en una posición importante (Datum: 64%), es evidente que estamos ante una situación insólita: Vizcarra y su entorno parecen haberse convertido en el principal frente obstruccionista del gobierno. Tomando prestado el título de la melosa salsa de Eddie Santiago, parecen un extraño caso de ser antídoto y veneno.","elcomercio","08/12/2019"
"El impacto de la versión de Camayo sobre la ‘señora K’","Especialistas indican que la declaración tendría repercusiones en la investigación. Abogada de Keiko Fujimori minimiza el testimonio.  Mario Mejía  El último viernes, el empresario Antonio Camayo, investigado por el caso de Los Cuellos Blancos del Puerto, declar al fiscal José Domingo Pérez del Equipo Especial Lava Jato que ‘la señora K’, a la cual se refiere el exjuez César Hinostroza en una conversación telefónica, sería la excandidata presidencial Keiko Fujimori, según información difundida por IDL-Reporteros y corroborada por El Comercio. Este testimonio tendría repercusión en la investigación que se sigue a la lideresa de Fuerza Popular, según los especialistas consultados.  Camayo sostuvo que el exmagistrado Hinostroza le pidió que lo pusiera en contacto con la mayor de los hermanos Fujimori Higuchi. Para ello, el empresario propició una reunión del entonces juez supremo con el ahora miembro de la Comisión Permanente Héctor Becerril.  Camayo refirió que poco después, a fines de marzo del 2018, Hinostroza le comentó que llegó a reunirse con Fujimori en un local partidario en Surco. Añadió que en mayo llamó a Hinostroza para indicarle que la ‘señora K’ quería volver a juntarse con él. Interrogado por los fiscales, Camayo precisó que Keiko Fujimori era la ‘señora K’.  —Información clave— Para el exprocurador adjunto Iván Meini la información que dio Camayo será clave para el proceso seguido a Fujimori. De corroborarse, estaría demostrando que Keiko habría mentido y que sí habría habido un acercamiento con Hinostroza, sostuvo. Añadió que eso probaría la tesis fiscal de que la lideresa de Fuerza Popular buscó acercarse a Hinostroza y al fiscal Chávarry para ser favorecida en aspectos judiciales.  La abogada penalista Romy Chang también sostiene que las declaraciones de Camayo tendrían un fuerte impacto en la investigación por lavado de activos que se lleva a cabo.","elcomercio","08/12/2019"
"Entrevista a Víctor Prado Saldaña","El Perú es democrático, con autonomía plena de poderes Independencia. El presidente del Poder Judicial afirma que la institución que dirige es autónoma y que los procesados tienen canales para quejarse.","elcomercio","08/12/2019"
"Opinión","NA","elcomercio","08/12/2019"
"Chile y Perú: Desafíos de un futuro compartido","NA","elcomercio","08/12/2019"
"Ajustemos las expectativas","NA","elcomercio","08/12/2019"
"Leyla Chihuán tiene un 75% de opinión desfavorable según encuesta de El Comercio-Ipsos.","NA","elcomercio","08/12/2019"
"Treinta organizaciones civiles participaron en marcha contra la violencia de género.","NA","elcomercio","08/12/2019"
"Becoming, la autobiografía de Michelle Obama, es ‘best-seller’ en Estados Unidos.","NA","elcomercio","08/12/2019"
"#NO TE PASES","En el Perú, uno puede construir un edificio de 7 pisos y 1 metro de ancho sin que ninguna autoridad se lo impida, como El Comercio denunció en el 2017 al revelar la existencia de un peligroso inmueble en la avenida Abancay. En el Perú pueden circular vehículos con más de 25 órdenes de captura, como se informó en abril de este año con el ‘peor chofer de Lima’, quien acumulaba 147 papeletas.  En este país, lo ‘imposible’ se vuelve real. Incluso, que una persona con graves problemas de visión o con severos trastornos psicológicos pueda ser capaz de obtener una licencia de conducir de forma legítima y sin restricciones, sin coimas ni pagos irregulares.  Cada año mueren 3.000 personas en siniestros viales, el equivalente a diez aviones Boeing 747 llenos de pasajeros. Hoy, este Diario intenta divulgar las consecuencias de la falta de control en el sistema de emisión de brevets en el país.  —Testimonio— Tener miopía severa representa un obstáculo para realizar cualquier actividad, como caminar de forma segura, montar bicicleta o hacer deporte. Se trata de un trastorno ocular que impide ver bien más allá de los 15 centímetros. Conducir un vehículo sin lentes sería mortal para quien lo padeciera y para los peatones que se le crucen.  El periodista de la campaña #NoTePases que escribe esta nota sufre de miopía de 6,5 en el ojo derecho y 7,5 en el ojo izquierdo, y debe usar lentes de contacto o anteojos de forma permanente. Con el objetivo de poner a prueba el sistema de emisión de licencias de conducir, se propuso, a manera de experimento, postular para obtener un brevet de categoría AIIB, el que permite manejar buses de hasta 33 pasajeros, camiones de carga y hacer transporte público.  Todo el proceso fue realizado sin ayuda de anteojos ni lentes. El resultado es un documental de 20 minutos publicado hoy en la página web de El Comercio y nuestras redes sociales. El primer paso para obtener una licencia de AIIB de transporte público es tramitar un certificado médico. Este documento es emitido por centros médicos autorizados por el Ministerio de Transportes (MTC) que están obligados a evaluar física y psicológicamente a los postulantes.  Se eligió aleatoriamente el centro médico El Corregidor, ubicado en la cuadra 2 de la avenida Trinidad Morán, en Lince, a pocas cuadras del Touring y Automóvil Club del Perú. Este centro médico, como muchos otros en Lima, ofreció abiertamente dos tipos de exámenes médicos: el regular y el ‘express’. Este último consistió en saltar todas las evaluaciones médicas, como muestras de sangre o exámenes de vista para ‘agilizar’ el proceso.  La exoneración de los exámenes médicos para obtener brevet está tan normalizada que incluso se emiten boletas o facturas, como si fueran servicios regulares. También se omitió la evaluación psicológica, la cual permitiría filtrar a choferes con trastornos psicológicos, como la psicopatía, o con ira incontrolable.  Los exámenes médicos son totalmente laxos y el MTC lo sabe. Nunca he visto un solo caso de un postulante que haya sido desaprobado en el examen médico o psicológico y que en una segunda oportunidad no lo haya aprobado. La responsabilidad mayor recae en el MTC. Es el ente rector. Es el responsable de las muertes que ocurren a diario. Ocho muertos diarios, de 2.900 a 3.000 vidas perdidas al año, dice el abogado Luis Quispe Candia, presidente de la ONG Luz Marina y experto en materia vial.  El certificado médico fue emitido en menos de 15 minutos y consignaba que el postulante que firma este reportaje estaba apto y sin restricciones médicas para manejar.  Como constató El Comercio, los principales ambientes de este centro médico, como el típico y la sala de exámenes psicológicos, permanecen casi vacíos y con poco personal debido a que la mayoría de personas elige el examen ‘rápido’.  Varias autoridades en materia vial alertan que en las calles hay choferes que no cumplen las condiciones físicas y motoras para manejar pero que están al volante sin que nadie les impida hacerlo.  El jefe de la División de Prevención e Investigación de Accidentes de Tránsito, coronel PNP Franklin Barreto, advierte que constantemente se detiene a conductores con evidentes problemas de motricidad, psicológicos o físicos, pero cuyo brevet consigna sin restricciones. Hemos visto, incluso, choferes con miembros amputados y en su licencia aparecen como aptos, dice Barreto.  Gabriela Goi, gerenta general del Touring y Automóvil Club del Perú, admite que hay postulantes que llegan al centro de exámenes de manejo (Conchán) sin brazos, sin piernas o tuertos, pero que presentan un certificado de aptitud médica que indica apto y sin restricciones y no incluye sus problemas físicos.  Orienta a los postulantes y recomienda dar el examen ‘express’, que exonera de toda evaluación física y psicológica.  Tramitador  Secretario  Trabaja en el centro médico El Corregidor. Promete entregar el certificado médico aprobado en 15 minutos sin evaluaciones.  Inconsistencias entre el primer y el segundo brevet  Antes del experimento, el conductor tenía una licencia AI, que le permita manejar solo vehículos sedan o camionetas. El reportaje consistió en postular a una recategorización para obtener licencia para vehículos mayores.  PRIMER BREVET: CONSIGNA COMO RESTRICCIÓN EL USO DE LENTES  El primer brevet del postulante, de categoría AI, que se emitió en el año 2012, sí tiene como restricción el uso de lentes para poder conducir. Lo lógico era que en las siguientes licencias, de superior categoría, también se consignara dicha restricción.  SEGUNDO BREVET: SIN RESTRICCIONES  El segundo brevet obtenido recientemente, de categoría AIIB profesional, no consigna restricciones para manejar vehículos de transporte público, pese a que el chofer tiene miopía severa. Su condición en la vista fue acreditada por el médico oftalmólogo Fernando Mendiola CMP 16563.  Personas con serias limitaciones físicas lograron sacar brevetes en los años 50 y esto sigue sucediendo hasta ahora. Personas con limitaciones físicas que fueron a dar exámenes de manejo con certificados médicos que no contemplaban restricciones. Entre ellas, 88 con problemas visuales, 48 con problemas para caminar, 15 con discapacidad psicomotriz, 6 con amputaciones y una con un pie ortopédico. Ante esta crítica situación, el MTC anunció hace poco que anulará 250 mil brevetes irregulares.  PAPELETAS  En 1957  Los llamados autos de alquiler (taxis, colectivos) eran el principal dolor de cabeza. En 1956, sus choferes causaron 11.178 accidentes, entre ellos 2.040 atropellos. Existen colectivos en circulación que fueron fabricados hace más de 30 años. La mayoría están conducidos por personas que no observan el reglamento y tratan irrespetuosamente al público, informaba El Comercio en una nota donde destacaba el absurdo de que los peores conductores fueran los menos multados.  La policía simplemente se abstendría de aplicarles papeletas porque los 11.399 autos de este tipo que circulaban por Lima estaban afiliados a 103 gremios que se encargaban de anular las multas. Por eso los agentes de tránsito se concentraban en aplicar sanciones a conductores particulares.  De las 500 mil papeletas impuestas en 1956, más del 50% fueron anuladas por presión de estas organizaciones.  En el 2019  Los conductores en Lima arrastran miles de papeletas porque nada los obliga a pagarlas. Durante casi 10 años, los choferes de transporte público no fueron fiscalizados por la PNP, sino por inspectores municipales, los ‘chalecos amarillos’. Las multas que imponen los inspectores no restan puntos en las licencias de conducir, a diferencia de las papeletas de la Policía de Tránsito que se acumulan y pueden conllevar a la suspensión del brevet. Recién en octubre de este año, el Ejecutivo dispuso que la PNP vuelva a fiscalizar el transporte público.","elcomercio","08/12/2019"
"Un chofer con sueño al mando de una coaster sin frenos dejó 4 heridos y una casa destruida en Independencia.","NA","elcomercio","08/12/2019"
"Revisión técnica","En 1957  La revisión técnica de los minibuses en servicio, realizada periódicamente y con el máximo rigor, es la única forma de garantizar la seguridad del público, señalaba este Diario el 13 de enero de 1957. Un año atrás, Lima había registrado 404 accidentes por fallas mecánicas en buses. Esto pese a que, de acuerdo con el reglamento de tránsito, las 34 compañías de transporte debían contar con autos de emergencia para cubrir imprevistos.  En el 2019  El Reglamento Nacional de Inspecciones Técnicas Vehiculares se aprobó en el 2008 y con ello el Estado se comprometió a reducir la cantidad de accidentes y la contaminación. Esto, evidentemente, no se logró. El MTC ha exigido la instalación de cámaras de vigilancia en las plantas, sin grandes resultados. Hay 105 centros de revisión técnica en el Perú y más de 80 han sido sancionados por irregularidades.","elcomercio","08/12/2019"
"Avances en la obra de la antigua Panamericana Sur","Arriles de un tramo de 15,6 km de la antigua Panamericana Sur, desde el puente Arica, en Lunahuaná, hasta la nueva Panamericana Sur, en Santa María del Mar; aún no se ha concluido el último tramo de la obra, según constató El Comercio en un recorrido esta semana.  De acuerdo con José Buleje Guillén, gerente general de Empresa Municipal Administradora de Peaje de Lima (Emape), entidad de la MML, esta parte de la edificación, que estaba programada para los XVIII Juegos Panamericanos de Lima, ha avanzado 97% y sería culminada la última semana de diciembre. Estamos en la parte final de la construcción de dos puentes alcantarillas en la zona Quebrada Seca, en Punta Hermosa; y en San Bartolo. Lo más complicado ya se concluyó, este fin de semana se estaría iniciando la pavimentación propiamente dicha de ambos puentes, precisó.  Buleje también indicó que en los próximos días concluirán la señalización y la colocación de 600 árboles a lo largo de la vía que abarca 13 balnearios.  Mientras tanto, los accesos tanto a las playas Punta Hermosa, San Bartolo y Santa María están inhabilitados y los autos y buses deben ser desviados. La zona se ve empolvada y, pese a que ya ha sido entregada, la ciclovía de 8 kilómetros de extensión está vacía.","elcomercio","08/12/2019"
"Observaciones de vecinos en la playa Santa María","En la playa Santa María, a petición de los vecinos, el municipio distrital ha realizado una serie de observaciones a la obra entregada por la comuna limeña.   Ellos aseguran que, por ejemplo, las rejas colocadas solo a un lado de la pista son demasiado altas y no permiten ver con claridad a las personas que están paradas junto a ellas, ni a los carros que intentan ingresar desde la pista auxiliar. Además, indican que los rompemuelles colocados no cuentan con pintura reflectiva para que sean visibles durante la noche, ni hay una línea central que divida los carriles.  También se quejan porque aún no se ha concluido la construcción de las veredas y la ciclovía. Se demoraron tanto en esa obra, el verano pasado padecimos con la congestión y ahora la obra no está completa, dijo una vecina.","elcomercio","08/12/2019"
"Problemas de saneamiento en Punta Hermosa","Tedagua aún no concluye las obras de saneamiento en el balneario de Punta Hermosa.   En las siete playas del distrito de Punta Hermosa, el municipio espera recibir este verano a una población flotante de 35 mil personas. En El Silencio se están realizando trabajos de refuerzo en los cerros para evitar la caída de piedras a la playa. Mientras que en el balneario del distrito, los vecinos han manifestado preocupación por los trabajos que Tedagua, empresa a cargo de la planta desalinizadora de los distritos del sur, aún no concluyen.   Tedagua ha pedido una ampliación hasta marzo para continuar las obras de implementación del sistema de agua potable y alcantarillado. Esto ha ocasionado que, debido a los trabajos, algunos días se corte el servicio de agua en las viviendas.   Tanto la comuna distrital como los vecinos temen que el desagüe pueda colapsar en la temporada de verano.","elcomercio","08/12/2019"
"Vecinos protestan por cambio de sentido en avenidas de Barranco","Un grupo de vecinos hizo un plantón para rechazar el reordenamiento vial.   El alcalde distrital dice que está dispuesto a consensuar críticas al plan vial.   El cambio de sentido en el tráfico de las avenidas Grau, San Martín y Pedro de Osma, las principales de Barranco, ha generado la protesta de un grupo de vecinos, quienes aseguran que el plan piloto de reordenamiento vial ejecutado por el municipio no reduce la congestión vehicular. Por el contrario, ellos consideran que traslada el problema hacia otros puntos del distrito.   El segundo piloto de cambio de sentido se inició ayer y se prolongará hasta el domingo 15, según la comuna. Esta medida establece que los vehículos en la Av. Grau circulen ahora en el sentido norte a sur; mientras que en San Martín y Pedro de Osma avancen de sur a norte. Si tuvieran resultados positivos en estas pruebas, los cambios se aplicarían de forma permanente.   El ingeniero Jorge Lecca Gassols, presidente de la junta vecinal de la zona 21, explicó que, según corroboraron en el anterior plan piloto del 16 y 17 de noviembre, hubo un alto grado de congestión en la vía lateral de la Av. Panamericana Sur y en las primeras cuadras de la Av. Grau. Lecca añadió que, pese al aumento de la congestión vehicular en ciertas zonas, hubo otras intersecciones que quedaron libres de tráfico como fue el caso de las dos vías auxiliares de la avenida Pedro de Osma.   Jessica Vargas, exalcaldesa del distrito y vecina de la zona afectada, indicó que este piloto es similar al que se presentó y desestimó en el 2013, durante su gestión. Añadió que la congestión no se reduciría solo con el cambio de sentido de las vías, pues en el 2013 la Municipalidad de Lima se comprometió a aplicar medidas adicionales como la reducción de líneas de transporte público, semaforización inteligente, mejor fiscalización, olas verdes, etc. Acciones que no se han cumplido.   Los vecinos exigieron una mesa de diálogo con la Municipalidad de Barranco y la de Lima para consensuar soluciones.   Como municipio nos interesa que las cosas se hagan bien y no se impongan, dijo el alcalde de Barranco, José Rodríguez. ","elcomercio","08/12/2019"
"Policia asesina a su esposa y luego se suicida en La Libertad","Un nuevo caso de femicidio se registró el último viernes en el distrito de Pacasmayo, en la provincia del mismo nombre (La Libertad). Un agente de la Policía Nacional, identificado como Ronald Soto Ramos, disparó a su esposa, Fedra Jacqueline Llontop Guaylupo, quien también era policía. Ella falleció al instante. Después de cometer el crimen, el sujeto también se disparó. Aunque fue auxiliado y trasladado con vida hasta el centro de salud de la ciudad, muri. Trascendió que horas antes del hecho ambos celebraron el aniversario 31 de la institución policial. Aparentemente, al retornar a su casa empezaron a discutir y Soto atac a la mujer. Los dos agentes policiales laboraban en la comisaría de Pacasmayo.   El Ministerio de la Mujer y Poblaciones Vulnerables (MIMP) informó que un equipo del Centro Emergencia Mujer adscrito a la comisaría de Pacasmayo brinda asistencia a los dos menores hijos que tenía la pareja.","elcomercio","08/12/2019"
"Información clave","Para el exprocurador adjunto Iván Meini la información que dio Camayo será clave para el proceso seguido a Fujimori. De corroborarse, estaría demostrando que Keiko habría mentido y que sí habría habido un acercamiento con Hinostroza, sostuvo. Añadió que eso probaría la tesis fiscal de que la líderesa de Fuerza Popular buscó acercarse a Hinostroza y al fiscal Chávarry para ser favorecida en aspectos judiciales.","elcomercio","08/12/2019"
"Reacciones políticas","Miembros del Congreso disuelto también se pronunciaron sobre el tema y tuvieron diferentes reacciones. Clemente Flores, integrante de la Comisión Permanente, dijo que era obvio que la señora K era Keiko Fujimori y que había una intención por parte del partido Fuerza Popular de copar los poderes del Estado. En tanto, Hernando Cevallos, quien integró la bancada del Frente Amplio, manifestó que no le sorprende la declaración de Camayo porque era claro que Keiko estaba articulando no solo con los empresarios, sino también con la administración de justicia. De otro lado, la fujimorista y también miembro de la Comisión Permanente Milagros Salazar aseveró que la declaración del empresario no constituía ninguna prueba. Lo que este señor dice se tiene que corroborar, sostuvo.","elcomercio","08/12/2019"
"A Camayo no le consta","La abogada de Keiko Fujimori, Giulliana Loza, cuestionó que se hubiese filtrado la declaración de Camayo. No se puede defender la ley violando la ley [...]. El fiscal filtra lo que le conviene para alimentar el juicio mediático, porque él sabe que el juicio real ya lo tiene perdido, indicó a través de su cuenta de Twitter. La letrada le restó importancia a las declaraciones y aseguró que a Camayo no le consta que su defendida se haya reunido con Hinostroza Pariachi. Camayo ha indicado que Keiko jamás lo llam, jamás le pidi reunión con Hinostroza, que nunca ha estado en su vivienda. Lo único que dijo es que el juez mencionó que se habría reunido, pero él no estuvo presente, por lo que no le consta, escribió.","elcomercio","08/12/2019"
"Mañana se inician interrogatorios en Brasil por Caso Lava Jato","Seis exejecutivos de Odebrecht declararán durante cinco días ante fiscales. Mañana lunes se iniciará en Brasil una nueva ronda de interrogatorios a exdirectivos de la constructora por sobornos en el Perú. Esto dará lugar luego de que el Ministerio de Justicia emitiera la orden para devolver a Odebrecht el dinero retenido por la venta de la hidroeléctrica Chaglla. Según el cronograma al que tuvo acceso El Comercio, las diligencias empezarán con la declaración del exdirectivo de la constructora Eleuberto Martorelli mañana a las 2 p.m. en la sede de la procuraduría de Paraná. Deberá brindar información sobre el caso de la carretera San José de Sisa, en el que se investiga el presunto pago de US$320.000 al ex primer ministro César Villanueva.","elcomercio","08/12/2019"
"Ideas contrapuestas","El futuro de la reforma política. Tras el cierre del Congreso, el debate sobre la reforma política quedó inconcluso. Representantes de los principales partidos políticos coinciden en la necesidad de retomar esta discusión y manifiestan aquí su posición sobre la bicameralidad, la inmunidad parlamentaria, la reelección y otras propuestas relacionadas al tema.","elcomercio","08/12/2019"
"‘Inﬂ uencers’: el ‘boom’ meditico, publicitario y social de la dcada","Un fenmeno de las redes sociales que tiene mucho que decir sobre la comunicacin actual.","elcomercio","08/12/2019"
"DT Bengoechea y Mosquera frente a frente","Los entrenadores con estilos distintos van por el ttulo hoy (3 p.m.) en Juliaca.","elcomercio","08/12/2019"
"“Ha sido un ao de quiebre en el orgullo nacional” ENTREVISTA ROLANDO ARELLANO EXPERTO EN MRKETING","Reconocimiento. Arellano indica que los peruanos queremos que el mundo diga el Per est bien. Es una nueva visin social. Brecha. Seala que la desigualdad en Chile es mayor. Aqu gran parte vive en la periferia y no se cruza con otros sectores.","elcomercio","08/12/2019"
"LA NOVENA DEL RGIMEN Sonia Guilln asume el Ministerio de Cultura","Agenda. Deber enfrentar los casos del aeropuerto de Chinchero y del IRTP.","elcomercio","08/12/2019"
"EDITORIAL Domingo 8 de diciembre del 2019","Algunos especialistas en educacin argumentan que PISA no mide las competencias esenciales para el xito personal y profesional en el siglo XXI. Editorial de El Comercio Por ms psicosociales / 11 de diciembre del 2016 Que no se pase el tren capacidad productiva de los peruanos en las siguientes dcadas depender, en buena cuenta, de su nivel educativo. El orden social, la ciudadana y las instituciones futuras del pas son tambin, de cierta manera, consecuencia de la preparacin que se logre. Y, sin embargo, segn estos ltimos resultados analizados por la OCDE, ms de la mitad de los estudiantes nacionales evaluados se ubican por debajo del nivel 2, el mnimo esperado por PISA para estar en condiciones de participar en una sociedad globalizada. Ciertamente, PISA no mide todas las competencias que se requerirn en una economa cada vez ms integrada y en lnea. Habilidades como liderazgo, creatividad, empata, resiliencia y capacidad de adaptacin –hoy ya fundamentales– ganarn relevancia conforme avancen la automatizacin de procesos productivos y la capacidad de aprovechar sistemas de informacin digitales. Cunta atencin se est prestan-do en el debate educativo nacional a la formacin de estas competencias para el ciudadano del futuro? Avanzar en los rubros evaluados en PISA es una condicin necesaria pero insuficiente para que el Per logre integrarse exitosamente al tren tecnolgico global que viene avanzando a marcha fija. Las nuevas tecnologas, que permitirn conectar Jan o Sicuani con Hong Kong o Berln en una fraccin de segundo para ofrecer servicios y trabajo, presentan una oportunidad de crecimiento y aprendizaje enorme para el Per. Sin embargo, para aprovecharla, el pas requiere de una poblacin preparada para competir con el resto del mundo en igualdad de condiciones. Los logros y limitaciones de PISA deberan ser apenas el inicio de una conversacin nacional para que el tren de desarrollo global, esta vez, no nos pase por encima. Los ltimos resultados de la prueba PISA deberan ser el punto de partida de una discusin sobre las competencias que necesitan nuestros estudiantes. Segn como se los mire, los resultados del Programa de Evaluacin Internacional de Estudiantes 2018 (PISA en ingls), revelados esta semana, dieron motivos de insatisfaccin o de optimismo. Como se sabe, esta prueba, organizada por la OCDE, mide las competencias de escolares de 15 aos en lectura, matemticas y cincias. En esta ltima edicin, el Per ocup la posicin 64 entre 79 pases y regiones evaluados. Entre quienes quisieran ver el vaso medio lleno, se destaca que el Per fue de los pocos pases que mejoraron en las tres categoras. Adems, la mayora de naciones y regiones incluidas en la prueba tiene un nivel de desarrollo econmico ms alto que el Per, por lo que la comparacin se hace ms difcil. Ms all de la posicin relativa, importa que el avance del pas sea sostenido y en la direccin correcta. Entre quienes apuntan al vaso medio vaco, es inescapable el hecho de que el Per an ocupa las ltimas posiciones, incluso a nivel de Latinoamrica. En la regin, el pas supera a Panam (71) y Repblica Dominicana (76), pero se encuentra rezagado respecto a Chile (43), Uruguay (48), Costa Rica (49), Mxico (53), Brasil (57), Colombia (58) y Argentina (63). En el caso concreto de lectura, adems, la mejora fue bastante dbil. Tambin dejaron de llamar la atencin las disparidades encontradas. Los resultados apuntan a que el Per sera el pas con los mayores niveles de segregacin escolar –es decir, donde los estudiantes de diferentes niveles socioeconmicos se relacionan menos–, lo que deriva en una mayor desigualdad. Es difcil sobreestimar la importancia de los retos que PISA plantea. La","elcomercio","08/12/2019"
"ENTREVISTA ROLANDO ARELLANO Experto en mrketing","Ha sido un ao de quiebre [positivo] en el orgullo nacional Rolando Arellano mira el pas y concluye que hay mucho de qu jactarnos. Cree que estamos ante un nuevo comienzo. Arellano Cueva lleva algunas dcadas estudiando –a veces prediciendo– cambios en el mercado. Los Panamericanos han cambiado el sentimiento de orgullo. Si algo quieren los peruanos, es reconocimiento. go hacia lo mal que, supongo o veo o leo, le va al pas. –No se puede entender al Per a travs de los medios y las redes. De ninguna manera, sobre todo a travs de las redes. No puedes generalizar, pero s se ha vuelto mucho ms fcil mostrar el problema que ver lo que estamos progresando, que ver la solucin. [...] Se ha formado un crculo vicioso. A nivel individual, me siento bastante mejor de lo que supongo que le va al resto. Hay un negativismo de lo que le pasa al pas, a mi ciudad, a los otros. Te preguntas a la gente cmo est, yo estoy bien, pero todos los dems estn mal. Estadsticamente, no coincide. –Y el que se siente mal y dice que est mal? Es otro tipo, existe, es ms puntual, es muchsimo menor. Los que se sienten mal y no han progresado son 20%, 25%. El 75% te dice que est mejor. –Las lites no estn sabiendo leer al pas. No, y son cada vez menos representativas. Antes, lo que decan las lites filtraba [hacia] abajo y serva de elemento motor. –En CADE, evento emblemtico de la lite econmica, hubo discursos de autoflagelacin. Tenan sentido, tenan las razones correctas? Tiene sentido en la medida en que hay cosas que no se han hecho bien. Lo que no tiene sentido es slo aceptar los aspectos malos y no mostrar, porque no es popular, todo lo bueno. Por ejemplo, el Per es un pas de empresarios. Los estudios muestran que el 80% si no lo es, quiere serlo, quiere su propio negocio, producir.","elcomercio","08/12/2019"
"Economía peruana crecerá 2,5% al cierre del 2019","El Fondo Monetario Internacional (FMI) rebaj las previsiones de crecimiento económico del Perú y las dej en 2,5% para este año, frente al 2,6% estimado en octubre; y a un 3,25% en el 2020, tras el 3,6% previo, además de advertir una prolongación de la incertidumbre política regional y comercial.","elcomercio","08/12/2019"
"Recaudación tributaria creció 7,7% en noviembre","La Sunat dio a conocer que los ingresos tributarios netos del Gobierno Central –descartando las devoluciones de impuestos– crecieron 7,7% en noviembre. Así alcanzaron los S/9.441 millones. La recaudación entre enero y noviembre avanzó 3,6% al sumar S/101.272 millones.","elcomercio","08/12/2019"
"Entrevista: Alejandro Olivo","[El plan de infraestructura] es una maratón. El experto señala que debe haber una consistencia en la ejecución de los proyectos priorizados. PAOLA VILLAR S. Este último jueves, el Americas Society/Council of the Americas (AS/COA) realizó la edición 14 de su conferencia Latin American Cities en Lima. En ella estuvo Alejandro Olivo, director gerente asociado en Moodys para América Latina, quien conversó con El Comercio sobre el Plan Nacional de Infraestructura y los retos para su ejecución efectiva. —Cómo calificaría el Plan Nacional de Infraestructura peruano? Se ve bien pensado, socializado y consensuado; y reconoce que no se pueden resolver todos los problemas de infraestructura de la noche a la mañana. Por ello, busca priorizar. [...] Contar con este instrumento que comprometa a todos los actores del Estado y al sector privado a una meta común es algo positivo; pero también lo es reconocer que ese plan deber llevarse a cabo no con un sentido de urgencia, sino con consistencia. Esto es una maratón. —Qué debería establecer el Ejecutivo para que pueda cumplirse el plan de forma efectiva? Los proyectos [a escala global] enfrentan situaciones no previstas que hacen que se retracen. El punto clave es lograr una coordinación eficiente que articule a todas las instancias del gobierno; y asegurar que todas están comprometidas realmente con impulsar [los proyectos]. [...] Después de los casos ocurridos con Odebrecht, hemos visto que se ha ido a un extremo en el que pareciera que prevalece la falta de acción y decisión de las autoridades. —Tras todo lo ocurrido con Odebrecht, considera que hay un antes y un después en la ejecución de obras? Yo creo que sí: en el lado positivo, hay mayor conciencia de que debe haber un gobierno corporativo. Pero en el lado negativo, se juega al extremo de decir que, por definición, cualquier interacción entre entes públicos y privados es mala; o debe de ser revisada 50 veces porque estamos expuestos al pecado de la corrupción. —Lo cierto es que ahora existe mayor temor por concretar asociaciones público-privadas (APP). Sin duda. Pero entras en un dilema, porque si te vas al esquema tradicional de obras públicas, tampoco hay un margen ﬁscal muy amplio que permita cubrir estos montos con gasto presupuestal.","elcomercio","08/12/2019"
"Parque industrial de Ancón se adjudicará en julio del 2020","El proyecto del parque industrial de Ancón se adjudicará en julio del año 2020, revel el viceministro de MiPyME e Industria, José Salardi. Este parque será un nuevo polo de desarrollo socioeconómico, un motor de empleo e impacto positivo en nuestro PBI. Este hub de intercambio logístico y referente de calidad urbana posicionar a Lima Norte como nodo de producción clave en el sistema económico del país, indic el viceministro. Según el Ministerio de Producción (Produce), esta iniciativa demandará una inversión de US$650 millones. A través de este proyecto, será posible impulsar el desarrollo de un nuevo modelo de parques industriales en el país. Una vez en operación, el parque industrial de Ancón brindará 58 mil empleos directos y representar un espacio moderno para las empresas industriales, destac Salardi. Por último, el viceministro de Produce precisó que a la fecha el proyecto cuenta con un plan maestro y se encuentra en cartera de la Agencia de Promoción de la Inversión Privada (Pro Inversión), la cual viene realizando el proceso de promoción de la inversión privada bajo el mecanismo de Proyecto en Activos.","elcomercio","08/12/2019"
"La reforma política y la inmunidad parlamentaria","Es absolutamente prioritaria la reforma política que ha sido iniciada y debe ser acabada por este nuevo Parlamento para sentar las bases del bicentenario.  El principal punto es que la inmunidad parlamentaria no debería existir como hasta ahora: un mecanismo de impunidad. Solo debe proteger actos en la función congresal, no actos delictivos. El juez o la sala debe proceder de inmediato con el enjuiciamiento de las personas cuestionadas. Para los actos de función, el levantamiento le debe corresponder al propio Parlamento.  El tema de la reelección de congresistas ha sido zanjado en el referéndum. Creemos que es pertinente la bicameralidad porque la unicameralidad no ha cumplido los efectos que se querían.  Además, hay que establecer requisitos para acceder a la función parlamentaria: los condenados no deben poder postular, incluso si han sido rehabilitados.  Ilustración: Giovanni Tazza  Sería poco serio que se volviera a debatir la eliminación de la prohibición de los congresistas para volver a postular. Este tema obedeció a una práctica política que tuvieron los partidos de mantener a personas por largo tiempo. No es una prioridad.  De manera colectiva, no tenemos un acuerdo sobre la bicameralidad. Pero antes de debatir sobre eso, queremos plantear la paridad para el 2021 y la cuota para comunidades indígenas. Con eso veremos si se necesitan más congresistas u otra cámara.  Planteamos eliminar la inmunidad tal como está. Debe ser estrictamente para proteger al congresista para que no sea denunciado por algún acto de función. No debería ser para ningún otro caso, y el Poder Judicial debe ser el que la levante.  Debe otorgarse funciones sancionadoras a la ONPE y reducir la cantidad máxima de aportes a las campañas.  Claro que es prioritario terminar este debate, y revisar los proyectos aprobados que fueron hechos a la medida del fujimorismo. En el ejercicio del mandato legislativo, la inmunidad parlamentaria debe ser retirada no por el Congreso, sino por la Corte Suprema o el Tribunal Constitucional.  Creo que la prohibición de la reelección de congresistas le quita derechos al votante. El ciudadano debe decidir si elige a quien quiera, pero bien informado. Pero toda vez que hubo un referéndum al respecto, esto debe respetarse. Por eso queremos ir al voto voluntario, unido al retorno de la educación cívica en colegios y universidades.  Estamos de acuerdo con volver a la bicameralidad, eso es fortalecer la institucionalidad. Además, proponemos la muerte política a quien actúa corruptamente, pero hay que definir con claridad qué es financiamiento prohibido.","elcomercio","08/12/2019"
"Perfil profesional de los candidatos al Congreso 2020","Solo el 51% de postulantes al Congreso tiene título universitario.  Número de aspirantes sin estudios universitarios alcanza el 25%. Según especialistas, el perfil profesional será clave porque no habrá mucho tiempo para que aprendan.  Los estudios universitarios no son un requisito para postular al Congreso, pero sí pueden convertirse en una variable que el electorado considere a la hora de decidir su voto. Una revisión de las hojas de vida que los candidatos presentaron ante el Jurado Nacional de Elecciones (JNE) arroja que el 25% de ellos no consignó haber cursado estudio universitario alguno.  El Comercio revisó de manera sistemática las hojas de vida de los tres mil candidatos que se mantienen en carrera hasta la fecha. El 51% de los postulantes terminó su carrera y cuenta con título universitario, mientras que el 24% restante cursó estudios, pero sin lograr el carné de licenciado.  Los partidos que más titulados postulan en sus listas son Alianza para el Progreso (67%), el Partido Morado (65%) y el Partido Popular Cristiano (63%). En el otro extremo, las tiendas políticas con menos titulados son Podemos (43%), Renacimiento (40%) y Frepap (11%).  En lo que se refiere a estudios de posgrado, solo el 11% del total de candidatos registró tener una maestría; el 2% un doctorado.  —Sin margen de aprendizaje—  El especialista en temas parlamentarios Alejandro Rospigliosi recordó que el perfil del electorado peruano –analizado en años anteriores por el JNE– muestra que las características profesionales son variables que se usan al momento de elegir el voto.  Rospigliosi sostuvo que en un periodo congresal de cinco años los parlamentarios tienen espacio y tiempo para tener una curva de aprendizaje. Sin embargo, en el periodo que comenzará en el 2020, los legisladores solo tendrán 16 meses de gestión. Acá es donde el perfil profesional se vuelve relevante, pues tendremos un Congreso de casi un año y medio, y se necesitará que puedan desenvolverse en el quehacer legislativo, en los procesos, en las comisiones, para la toma de decisiones claves, afirmó el especialista.  Pese a esto, Iván Lanegra, secretario general de la Asociación Civil Transparencia, advirtió que el título o la capacitación educativa no garantiza una calidad en el trabajo parlamentario. El porcentaje de titulados en el Congreso siempre ha sido alto, y eso no ha sido un indicador de calidad, refirió.  Lanegra enfatizó que en el trabajo de las comisiones no solo se debe buscar afinidades con el perfil profesional de un congresista, sino también asegurar la permanencia en los cargos. En ese sentido, añadió que los candidatos elegidos deben formar un equipo técnico en sus despachos para respaldar sus labores.  Por otro lado, Rospigliosi indicó que los estudios consignados en las hojas de vida deben ser revisados, pues en los últimos Parlamentos se han detectado mentiras. En el Congreso disuelto, Maritza García (Cambio 21) fue suspendida por presuntamente consignar información falsa sobre sus estudios superiores de Derecho.  Este Diario también filtró la base de tres mil candidatos en el Registro de Grados y Títulos del portal web de la Superintendencia Nacional de Educación Superior Universitaria (Sunedu) y solo 1.688 tienen inscritos sus estudios. Desde Sunedu nos explicaron que tienen inscritos los títulos desde el 2014 –cuando se promulgó la Ley Universitaria– en adelante. La inscripción de títulos anteriores depende de las universidades, y de los interesados en oficializar sus títulos.  Nueve candidatos registran sanciones vigentes  Amonestaciones en el registro de Servir  Sanción  Candidato  Región  El Registro Nacional de Sanciones contra Servidores Civiles (RNSSC) de la Autoridad Nacional de Servicio Civil (Servir) registra sanciones y penalidades vigentes contra nueve candidatos al Congreso. Estas sanciones se dieron cuando eran servidores públicos.  El Comercio cruzó la base de datos de los más de tres mil candidatos que solicitaron su inscripción para las elecciones 2020 con el registro de sanciones, y el resultado arrojó que nueve candidatos fueron inhabilitados o destituidos.  Per Nación es el partido con más sancionados. Su candidato de Tumbes, Jaime Hernández Soto, incluso registra dos sanciones: fue inhabilitado cuando trabajaba en el Hospital Regional José Alfredo Mendoza Olavarra, y luego recibió la misma sanción cuando estuvo en el Gobierno Regional de Tumbes.  De los nueve candidatos sancionados, cinco fueron destituidos de unidades de gestión educativa locales (UGEL), en diferentes regiones del país.  Andina  Per Nación  Per Nación  Per Nación  Per Libre  Per Libre  Per Patria Segura  Per Patria Segura  Jos Horna Saavedra  Agustín Mendoza Alfaro  Jaime Hernández Soto  Rodolfo Rojas Villanueva  Teresa Gonzales Huaman  Lima  Destitución  Amazonas  Destitución  Tumbes  Inhabilitación  Pasco  Destitución  Huancavelica  Inhabilitación  Jaime Rojas Cerna  Cajamarca  Inhabilitación  El portal de Servir tiene un registro actualizado de sanciones.  Unión por el Per  Carmen Felipe Soto  Runa  Marino Flores Gonzales  Jorge Loayza Cueva  Piura  Ica  Destitución  Cajamarca  Destitución","elcomercio","08/12/2019"
"Los vacíos en la ley de financiamiento de partidos","Pese a la nueva normativa, los especialistas consideran que todavía existen omisiones urgentes en el marco que regula el patrocinio político.  Puedo hacer actividades interdiarias. Un millón el viernes, un millón el domingo.  Fernando Tuesta, Expresidente de la CANRP  Las fuentes prohibidas deberían ser las mismas en la LOP y en el Código Penal.  Jos Manuel Villalobos, Presidente del IPDE  Las elecciones parlamentarias del próximo año tendrán un marco legislativo con varias novedades en lo que respecta a financiamiento partidario. Aunque algunas de estas normas ya fueron aplicadas en las elecciones municipales del 2018, nunca antes han sido utilizadas para una contienda congresal. Para los especialistas en temas electorales, sin embargo, la eficacia de esta regulación será relativamente pequeña. Debido a omisiones, el marco normativo que se usará el próximo año se ha quedado en un riesgoso medio camino entre lo que se tenía antes y lo que se pretende lograr.  El pitufeo, por ejemplo, se mantendrá aún como una posibilidad latente.  El marco normativo es insuficiente. Los problemas de financiamiento privado son los más difíciles de controlar. Cualquier regulación va a ser insuficiente, pero la de ahora lo es más, dice Fernando Tuesta, expresidente de la Comisión de Alto Nivel para la Reforma Política.  Se pudo mejorar mucho más, [la regulación] se ha quedado en el camino, coincide Jos Manuel Villalobos, presidente del Instituto Peruano de Derecho Electoral (IPDE).  —Una boca sin dientes—  De las últimas modificaciones, uno de los principales avances iba a ser el veto impuesto a todo tipo de aportes de empresas, que fue incluido en el 2017 en la Ley de Organizaciones Políticas (LOP). Como se ha evidenciado en los últimos días, los partidos","elcomercio","08/12/2019"
"El pitufeo, por ejemplo, se mantendrá aún como una posibilidad latente.","De las últimas modificaciones, uno de los principales avances iba a ser el veto impuesto a todo tipo de aportes de empresas, que fue incluido en el 2017 en la Ley de Organizaciones Políticas (LOP). Como se ha evidenciado en los últimos días, los partidos políticos obtenían de esta fuente parte importante del dinero para sus campañas. Sin embargo, no se llegó a reglamentar la lista de sanciones para quienes incumplieran esta disposición. En la reforma política del 2019 planteamos el catálogo de sanciones, pero esa parte ni siquiera fue discutida. La Comisión de Constitución se limitó a la modificatoria del Código Penal, cuenta Tuesta. Para él, esto convierte a los organismos electorales en ‘una boca sin dientes’. No se les ha dado los instrumentos para que hagan efectiva su labor de supervisión, asegura.  A su vez, entre las fuentes prohibidas incorporadas al Código Penal –que sí estipula penas de cárcel– no se incluyó a las empresas. Un juez solo se va a poder basar en el catálogo del Código Penal y no va a poder, por analogía, aplicar la LOP, explica Villalobos.  Así, por ahora, los únicos aportantes que podrían ser sancionados con cárcel son quienes entreguen más de S/8.400 de forma anónima, quienes tengan sentencias por algunos delitos y quienes aporten desde una empresa pública o una privada, pero solo si esta ha sido sancionada antes penal o administrativamente.  Las fuentes prohibidas deberían ser las mismas en la LOP y en el Código Penal. Si recibo de fuente prohibida, el espíritu era que eso sea condenado como delito. La multa no es disuasiva, dice Villalobos.","elcomercio","08/12/2019"
"Sonia Guzmán juró como ministra de Cultura","La novena titular de la cartera tendrá dos retos: el aeropuerto de Chinchero y el IRTP. El sábado juró como ministra de Cultura la antropóloga y arqueóloga Sonia Guzmán, quien antes fue jefa de la Dirección General de Museos y venía desempeñándose como directora del Museo Nacional de Arqueología, Antropología e Historia del Per.   Guzmán asume una cartera que ya ha tenido ocho titulares desde el 2016, y que hoy enfrenta dos problemas urgentes. El primero es la construcción del aeropuerto internacional de Chinchero, cuestionada por expertos locales e internacionales porque pondría en riesgo sitios arqueológicos del Cusco como Machu Picchu. Además, como reportó ayer El Comercio, el gobierno no ha realizado el estudio de impacto patrimonial que la UNESCO le solicitó en julio. Esta entidad ya ha advertido que podría considerar incluir a Machu Picchu en la lista de patrimonio mundial en peligro.   Guzmán también tendrá que asumir el reto de regular el Instituto Nacional de Radio y Televisión del Per (IRTP), cuya ley fue encargada al Poder Ejecutivo en el 2004 (en la tercera disposición complementaria de la Ley de Radio y Televisión), pero hasta hoy continúa pendiente. Esto es especialmente importante porque su anterior ministro, Francisco Petrozzi, tuvo que presentar su renuncia en medio de acusaciones de presión gubernamental al canal del Estado, luego de destituir a Hugo Coya del cargo de presidente ejecutivo del IRTP. Una ley de medios públicos garantizaría la independencia de este organismo.   Guzmán tiene amplia experiencia en la investigación de momias. Participó en el estudio de la Dama de Cao, en Trujillo, de la momia Juanita, hallada en Arequipa, y descubrió las momias de los perros de Chiribaya. Además, gestionó los museos de Chiribaya, en Moquegua, y Leimebamba, en Amazonas.","elcomercio","08/12/2019"
"El eterno martirio del transporte","Un bus y un camión jugaron a ganarle al semáforo y acabaron así en pleno Centro de Lima. Año 1961. Sesenta años después nada cambió en Lima. Caos al volante. La normalización de una vida paralizada sobre ruedas solo tiene explicación en la desidia con la que nuestras autoridades han tratado el tema, pese a la rutina diaria de accidentes, muertes e ira que es el ánimo común de choferes y pasajeros. En 1957, El Comercio lanzó una campaña llamada Los Peligros del Tráfico, para denunciar a los principales infractores. Al revisar esos 73 informes y al compararlos con los 330 que hemos publicado en #NoTePases, llegamos a la conclusión de que seguimos con los mismos problemas.","elcomercio","08/12/2019"
"El presidente electo Alberto Fernández reveló los nombres de quienes estarán a cargo de ambos ministerios.","En cuanto a Kulfas, de 47 años, recordemos que es uno de los integrantes del Grupo Callao, conformado a inicios del 2018 como espacio de pensamiento en torno a Alberto Fernández.","elcomercio","08/12/2019"
"Se utilizará el VAR por primera vez en el fútbol peruano","Domingo 8 de diciembre del 2019 Binacional y sus cifras de local con Roberto Mosquera PJ PG PE PP 1 0 4 5 1 PJ PG PE PP 0 Alianza Lima en ciudades de altura con Pablo Bengoechea* 3 2 GOLES A FAVOR GOLES EN CONTRA 17 1 4 3 GOLES A FAVOR GOLES EN CONTRA 10 21 Promedio por partido REMATES EN GENERAL REMATES A PORTERA TIROS DE ESQUINA Duelo de alta definición Liga 1 G Alianza visita esta tarde (3 p.m., Gol Perú) a Binacional, en la altura de Juliaca, por la final de ida del torneo G. Los estilos y estadísticas de Mosquera y Bengoechea frente a frente en la búsqueda del título. Los ‘potrillos’ siempre en la memoria aliancista Atacantes en la temporada: Donald Millán (22 goles), Jefferson Collazos (7), Aldair Rodríguez (10) y Hector Zeta (6). As jugarán KENYI PEA ANDRADE BINACIONAL ALIANZA Pero su poderío ofensivo también sintoniza con la solidez defensiva. En una definición donde la diferencia de goles cuenta, Binacional se puede jactar de haber recibido solo un gol en los cinco partidos en Juliaca bajo el mando de Mosquera. Fue ante Cristal en la última fecha. A Alianza le ha costado hacerse presente en el marcador en la altura: solo tuvo cuatro conquistas y obtuvo una media goleada de 1,3. Y acá es cuando más se recuerdan los penales fallados, justamente en Juliaca, en el Clausura. Michael Sotillo Ángel Préz John Fajardo Eder Fernández Jeickson Reyes Dhawlin Leudo Yorkman Tello Edson Aubert Donald Millán Andy Polar Aldair Rodríguez DT: R. MOSQUERA Pedro Gallese Kluiverth Aguilar Gonzalo Godoy Carlos Beltrán Francisco Duclós Anthony Rosell Wilder Cartagena Aldair Fuentes Luis Ramírez José Manzaneda Adrián Ugarriza DT: P. BENGOECHEA ESTADIO: Guillermo Briceño, Juliaca ÁRBITRO: Michael Espinoza HORA: 3:00 p.m. CANAL: Gol Perú 4-1 venció Binacional a Alianza en Juliaca por la Copa Bicentenario. A ese equipo blanquiazul ya lo dirigía Bengoechea. —Posesión vs. verticalidad— Como la gran mayoría de los equipos que dirigió en su carrera, Mosquera logró imponerle su sello, ya que su promedio de posesión por encuentro desde que llegó al ‘Bi’ es de 66,4% en condición de local. La otra cara de la moneda son los muchachos de Bengoechea, con un 41,3%. Sin embargo, se sabe que al cuadro victoriano el tener el balón no le es indispensable, ya que tiene un gran nivel de eficiencia. Alianza quiere gritar campeón con Bengoechea por segunda vez en tres años y con un condimento especial, ya que dejó en el camino a sus rivales de toda la vida: Universitario y Cristal. Binacional quiere pasar de ser el equipo sorpresa a una realidad. Y, por supuesto, dedicarle el triunfo a Juan Pablo Vergara, el jugador símbolo de lo que ya es una hazaña celeste por el solo hecho de saltar al campo y dejar de lado por 180 minutos el dolor que dej su partida. Ganar el título sería el homenaje más grande. Lo que se pondrá en juego desde esta tarde (3 p.m.) en el Estadio Guillermo Briceño Rosamedina, hasta el próximo domingo en Matute, será un duelo de estilos entre Binacional y Alianza en la final de la Liga 1. Es el fútbol armónico y vistoso del equipo de Roberto Mosquera, contra el práctico y rocoso cuadro blanquiazul de Pablo Bengoechea. Y, más allá de lo que se pueda ver, son los números los que contrastan esta idea con un cuadro juliaqueño fuerte de local, y con los blanquiazules con experiencia en la altura. —Fuertes en casa y de visita— Desde que Mosquera se puso el buzo de Binacional, el conjunto provincial disputó cinco encuentros de local y está invicto: obtuvo cuatro victorias y un empate. Los juliaqueños se muestran infranqueables de locales. Aunque, claro, les queda la preocupación de que la única vez que cedieron puntos fue justo ante Alianza, por la antepenúltima jornada del Clausura. Del otro lado, desde que Bengoechea se hizo cargo de los blanquiazules tres veces jugaron por el torneo local en este tipo de plazas donde el oxígeno falta y obtuvieron un triunfo ante Melgar en Arequipa, y luego empataron ante UTC en Cajamarca, y la ya mencionada igualdad ante el rival de hoy en el mismo estadio. —Vendaval vs. eficiencia— Los de Mosquera son arrolladores ofensivamente cuando juegan de locales, ya que en cinco duelos marcaron 17 tantos, obteniendo así un promedio de gol de 3,4 por juego. Además, muestra de ello son los números goleadores que poseen sus atacantes en la temporada: Donald Millán (22 goles), Jefferson Collazos (7), Aldair Rodríguez (10) y Hector Zeta (6). En el campo de Matute ayer se realizó la misa en conmemoración de los 32 años de la tragedia del Fokker, accidente aéreo en el que falleció el plantel de Alianza en 1987. El acto contó con la presencia de dirigentes blanquiazules, familiares de las víctimas e hinchas que recuerdan a aquel equipo que tenía en sus filas a figuras como Gonzales Ganoza, el ‘Potrillo’ Escobar, Tomás Farfán, entre otros. Lamentablemente, malos hinchas de Alianza destruyeron un arreglo floral que Universitario había enviado para la misa, hecho que fue criticado por el cuadro blanquiazul. Rechazamos tajantemente la actitud violenta y enfermiza, publicaron. CLUB ALIANZA LIMA La misa se realizó en el campo y niños realizaron su primera comunión. Juliaca en corto CLIMA HOSTIL Ayer la ciudad de Juliaca tuvo una jornada de truenos y lluvia. Se espera una atmósfera parecida para hoy. EL EQUIPO DEL VAR Victor Hugo Carrillo estará a cargo del VAR junto a Diego Haro y Jonny Bossio, que también son FIFA. El observador VAR es el chileno Francisco Mondria. AUSENCIA Y PREVENCIÓN El defensor Hansell Riojas no viajó con Alianza por lesión, mientras, Felipe Rodríguez está a una amarilla de una suspensión.","elcomercio","08/12/2019"
"Seis Balones de Oro... y cada día juega mejor","Ganar un Balón de Oro es difícil; llevarse seis es una locura. Solo 44 futbolistas entre millones a lo largo de los últimos 64 años conquistaron el deseado trofeo. Lionel Messi acaba de establecer en París una marca imaginable hasta un tiempo atrás: ganar media docena. Y ahora es difícil que lo igualen: Cristiano Ronaldo tiene apenas uno menos, pero está mayor ya; más que eso, está en baja. El de Rosario venció por ajustadísimo margen al excelente central holandés Virgil van Dijk, apenas siete votos: 686 contra 679. Si se hubiese impuesto el jugador del Liverpool también era perfecto, es un zaguero de clase, ganador, que no necesita pegar para imponerse. Eso, sin contar su extraordinaria caballerosidad. Honestamente, apena que no lo obtuviera. ¿Por qué no puede ganarlo un zaguero?, protestan muchos. Sí puede; Beckenbauer lo consiguió dos veces, pero era Beckenbauer, eh! Un jugador colosal. Reclamos al margen, el balón nunca puede estar en mejores pies que los de Leo. Nadie hace con una pelota lo que él sí. Nadie lo hace tan brillantemente dos veces por semana en el Camp Nou. Jorge Barraza Periodista Después de todas las loas y debates que siembra cada entrega del premio al mejor futbolista del mundo, queda también una comprobación: Messi crece año tras año. Hubo un intento del diario Marca, el martes, por hacer un último comparativo entre Cristiano y Messi basado en lo único en que Cristiano puede compararse con Leo: los goles. Pero Messi es infinitamente más que goles. Es armador, asistidor, dribleador y, sobre todo, un pasador genial. La realidad es que Messi cada día juega más y Cristiano cada día juega menos. Esto no lo puede esconder nadie sensatamente. Si uno mira los partidos de la Juventus, sorprende que estuviera en ese podio. Desde que llegó a Turín ha tenido el peor año y medio de su carrera. Pequeño dato al pasar: la empresa británica Opta Sports, la de mayor reputación en el análisis de estadísticas (tiene 400 empleados), lleva desde el 2006 un registro de gambetas por cada jugador. Messi es el número uno con 1.880 jugadores eludidos. Lo sigue, de muy lejos, Eden Hazard, con 1.220. El regate es en sí mismo uno de los tpicos más espectaculares de este uno de los tpicos más espectaculares de este deporte. Sin pretenderlo, al subir al escenario a buscar su premio, Messi reveló el secreto: Busco mejorar algo cada año. Lo ha venido haciendo. Desde la retirada de Xavi del Barça, en junio del 2015, se ha encargado de la organización del juego, de quebrar las líneas defensivas rivales y asistir a Suárez, a Griezmann y a todos los que le ponen adelante. Y eso sin olvidarse de anotar él, de ejecutar los tiros libres y los penales, de servir los córners, de tapar la subida de los volantes rivales. Le falta barrer. Con cada hoja nueva del almanaqué ha ido agregando facetas inditas en su repertorio. Y todo con la inteligencia de saber dosificarse, pues tiene claro que ya va por 32 años. Es un caso de evolución como el fútbol no ha conocido. Ronaldinho, Henry, Etoo, Pedro, Villa, Xavi, Iniesta, Dani Alves, Neymar… Se le fueron cayendo los compadres del tiki-taka, pero siempre inventa sociedades nuevas, como Messi-Suárez, Messi-Jordi Alba…  Pero no ganó la Champions, despotrican muchos. Vale aclararlo: este premio no está destinado a un jugador que gane la Champions League sino al futbolista que mejor rinda en la temporada.  ¿Por qué no le hizo goles al Liverpool?, pregunta alguien. Le hizo dos para ganarle 3 a 0 en la semifinal; uno de ellos, antológico. Luego, él no es responsable si la retaguardia del Barça no supo cuidar tamaño resultado y recibió cuatro goles casi absurdos.  Pocos Balones de Oro ha ganado Messi, tituló el domingo anterior Hugo Cerezo, redactor jefe de la sección Real Madrid del diario Marca. Venía Leo de dar una clase magistral ante el Dortmund y de lograr el gol del triunfo sobre el Atlético en la agonía del partido, con una jugada de su sello. Y, sí, para el manantial de fútbol que ha regalado en todos estos años, seis no parecen tantos. Messi tiene méritos sobrados: campeón y pichichi de la Liga Española, semifinalista y máximo cañonero de la Champions, Bota de Oro de Europa, ganador del The Best… Y por encima de todo, 30 o 40 partidos de ensueño. O el juego no importa? El Comercio no necesariamente coincide con las opiniones de los articulistas que las firman, aunque siempre las respeta.","elcomercio","08/12/2019"
