"headline","content","newspaper","date"
"Advertencia del espectro","Desde PPK y sus exministros Thorne o Guerra, hasta las varias investigaciones contra Keiko y su gente, incluyendo la que le pueda tocar al propio Vizcarra. El plazo y énfasis de las diligencias no puede depender de una fiscala en trompo que se abate sobre los políticos y descuida a mafias y grupos económicos. Antes que pedirle a Chávarry su propia cabeza, le pido otra cosa: que promueva un concurso extraordinario para que fiscales superiores se conviertan en supremos. Que se vaya con dignidad.","elcomercio","05/09/2018"
"Entrevista Mario Bellatin","Me sorprende que los escritores quieran opinar de todo Las ferias del libro son casi siempre una especie de circo. Al estar tan saturadas no hay espacio para el debate real Una de las formas que tengo de crear es observar la realidad y mostrar los quiebres. Otra es mirar las cosas sin prejuicios Para conocerse e intercambiarse ideas.  — Viajas mucho a festivales, ferias y coloquios? Hice un voto de inmovilidad de dos años que acaba de terminar. No se conoce tanto ese voto, que se hizo por motivos no muy sacros. Como los monjes mendicantes solo buscaban los monasterios más ricos para visitar, lo prohibieron con ese voto. Me quedé en México por dos años y le dije que no a todo lo que fuera viajar en avión. Si era en mi auto, sí. Viajar te quiebra la rutina y el trabajo. En cierta gente todavía tiene peso ese imaginario del viaje, así como también hubo un imaginario del auto, pero viajar ya es algo decadente. Este año rompí ese voto y hace tres meses estoy viajando de un lado a otro, volviendo siempre a México. No quiero hacer viajes encadenados. En Rosario estuve en un mercado alternativo adonde llegaron las ediciones de ELOSA Cartonera de Salón de belleza y La jornada de la mona y el paciente. Fue un gesto y me dio mucho gusto que algo que se hizo hace tantos años aún tenga vigencia.  — ¿En qué consiste el proyecto de transparentar la escritura de tus libros? Lo voy a hacer con una editora en vivo, que es una correctora de estilo muy culta que trabajó mucho tiempo en revistas frivolas o de moda y tuvo que usar siempre un lenguaje neutro. Esas revistas me hacen acordar a mis inicios como lector. Con ella hicimos una especie de pacto: va cuatro veces por semana a mi casa y rehacemos toda mi obra, para publicar en dos o tres tomos en el mismo formato. Todos iguales, de cien páginas, aproximadamente, con la misma estructura y puntuación. Quedarán 30 textos estandarizados, como si desde el principio hubiera habido un proyecto de hacer libros iguales. La intención es que quede una escritura y no una anécdota. A mí me importa escribir, no decir algo. No tengo nada que contar de manera privilegiada. Se piensa que el escritor tiene que contar y que tiene un aval y una oficialidad en su voz. No me sorprende que les pregunten cosas a los escritores y les pidan opiniones, lo que me sorprende es que contesten y que se animen a opinar de todo. ¿Qué piensan del calentamiento global, la política, las migraciones? Y salen las respuestas. No tengo ganas de contar nada, pero sí de escribir.  — Tu narrativa es de la suspensión o del vacío? Sería genial escribir libros en blanco. Lo más parecido que tengo es Shiki Nagaoka: una nariz de ficción, donde un escritor japonés escribe una obra intraducible. Por eso vine a ver a los bellatinlogos de la Universidad Nacional de La Plata para que me cuenten qué han descubierto y qué significa mi obra. Saben más que yo sobre ella.  — ¿Cuál es tu método de creación? Una de las formas que tengo es observar la realidad y mostrar dónde están los quiebres, lo que también va en contra de la imaginación desbordada que se les atribuye a los escritores. Lo que hago es mirar las cosas sin prejuicios. La Colonia Etchepare existe, igual que el hecho de que los perros se comen a los internos, así que los que quieran tomar mi nuevo libro como un libro de denuncia también podrán hacerlo.  — ¿Por qué muchos de tus protagonistas son mutantes, criaturas binarias o tienen cuerpos disidentes? Yo soy de un brazo y ahí debe haber una respuesta. Hago la salvedad de que soy de un brazo y no de que perdí un brazo. He escrito sobre la relación con las prótesis: no las necesitaba, pero la gente crea que sí. Las prótesis son para las personas que tuvieron accidentes, pero yo soy sin un brazo de nacimiento. Cuando lo hago de manera consciente, esos personajes sirven como un elemento de seducción para el lector, para que crean que escribo algo autobiográfico. Lo hago adrede. El sufismo y la literatura japonesa también son máscaras que uso, falsos japoneses y falsos orientalismos para mantener un mismo no tiempo y no espacio para el otro. Yo estoy situado en un tiempo y en un espacio, pero no creo que sea necesario transmitir eso al lector. No quiero limitar la ficción a un acontecimiento concreto. Estoy harto de los autores llenos de verdades, que iluminan sus textos con sus opiniones. En mi nuevo libro, los protagonistas están basados en dos personas que nacieron ciegas y a los 10 años, como Dios es tan bueno, una de ellas además se qued sorda. Ella escribe para que su hermano no esté fuera del tiempo y del espacio.  — Dijiste que escribirías una última novela y abandonarías la carrera de escritor. Dije que si salía bien sería la última, pero no creo que sea así. Nunca va a salir bien. Quiero salir de los circuitos tradicionales y los monopolios. La industria editorial es como el Titanic; mientras se hunde, la orquesta sigue tocando y se siguen publicando libros. Hay un problema con las editoriales, aunque mucha gente cree que no. Pero yo no tengo la respuesta a casi nada y menos a este problema, solo sé que antes la industria editorial tenía una función pedagógica, que ya se perdió, y que ahora se apuesta a una producción en masa, para desechar.","elcomercio","05/09/2018"
"Tras dos años cumpliendo un voto de inmovilidad","Mario Bellatin viajó desde México hasta Argentina para encontrarse con los bellatinlogos, lectores y especialistas de su obra que asistieron al Coloquio Literatura y Margen, impulsado por la Universidad Nacional de Tres de Febrero (UNTREF).  — ¿Cómo te sientes con estas jornadas que te dedican? No es la primera, pero esta es muy importante para mí porque el punto de vista de los argentinos me interesa mucho; siempre que leo las críticas desde Argentina, siento que me alimentan y que hay un feedback, que es lo que me interesa de cualquier acción que haga. Basta ya de los shows, también quiero sacar algo de todo esto. Las presentaciones y ferias y los festivales son un poco infructuosas y reafirman ciertas ideas preconcebidas sobre los escritores. Se dice que no hay dinero para la cultura, pero sí hay dinero para el show cultural. No hay dinero para el creador, pero sí hay dinero para que cumpla con ciertos programas. Las ferias del libro son casi siempre una especie de circo.  — ¿Te parece que no alienan la lectura? Sirven, pero por acumulación. Una servirá aunque no sé si tantas. Al estar tan saturadas y con tiempos fijos, no hay espacio para el debate real. Son presentaciones para ver qué cara tiene el autor, para sacarse una selfie con él. Al principio el Hay Festival era así, había más espacio.","elcomercio","05/09/2018"
"Donde compiten chicos hasta los 15 años","Tras la competencia por equipos del fin de semana continuó la individual donde los veleristas nacionales vienen disputando las distintas flotas. María Gracia Vegas se encuentra disputando el de oro y a falta de dos días marcha en el puesto 30 entre los 260 participantes, y es la sudamericana mejor ubicada en la clasificación.","elcomercio","05/09/2018"
"En Entrevista Francisco HerVs","Quiero unificar el voleibol peruano  El español asume su nuevo rol con optimismo y apunta a Tokio 2020.  (no 2018), ahora toma las riendas de la selección.   Marco QuiLca Len  Su nombre es Francisco HerVs, pero prefiere que lo llamen Paco. Hace cinco años llegó al Perú directo desde España para dirigir al Regatas Lima. Ganó un título nacional (2016-17) y consiguió el oro en el Sudamericano de Clubes de Voleibol Femenino.  — ¿Cómo tomó su llamado para ser técnico de la selección? Con mucha ilusión. Es un desafío personal y profesional muy grande y espero estar a la altura.  — ¿Fue difícil dejar Regatas? Sí, ha sido duro. Estoy muy agradecido con el club. Pero creo que todos tenemos esa sensación de seguir creciendo y la selección me permitirá eso.  — Teniendo en cuenta que los últimos procesos no han terminado bien, qué lo animó a ponerse el buzo de la selección? Perú tiene una gran selección de voleibol. Creo que es uno de los mejores países de Sudamérica. Podemos hacer grandes cosas aquí.  — ¿Cuál es el proyecto que tiene con la selección? El proyecto que presentamos tiene dos puntos de inflexión muy importantes: los Juegos Panamericanos Lima 2019 y la clasificación a los Juegos Olímpicos Tokio 2020. El conseguir resultados en esos dos eventos serán nuestro termómetro.  — ¿Pero llegan a ser proyectos a corto plazo... Es que no tenemos más tiempo. Mi contrato es de dos años. Claro que quisiera tener un proyecto a largo plazo, pero aún no lo podemos iniciar hasta que firme mi renovación. Para que eso ocurra debemos mostrar resultados.  — ¿Cuál sería ese proyecto a largo plazo?  Es el Programa 2024. La idea es que para París 2024, Perú tenga más y mejores jugadoras a disposición de la selección y eso se logrará con trabajo en categoría menores.  — ¿Cuándo será la primera convocatoria? El 17 de este mes tengo una reunión con las jugadoras que concluyeron el proceso anterior y para octubre tendrá la primera lista de preseleccionadas.  — El técnico anterior tuvo problemas con algunas ausencias. ¿Qué medidas tomará usted? No puedo obligar a nadie a representar a su país, pero les daremos un proyecto suficientemente atractivo para que todas quieran estar.  — Más allá de los resultados, ¿cuál sería la meta a lograr al terminar su contrato? Quiero unificar el voleibol peruano. No se puede avanzar si no se tiene la sensación de unión en todo. El voley no sólo es la selección, también son las ligas, los equipos, etc.","elcomercio","05/09/2018"
"Las propuestas de reforma elaboradas por el Gobierno de Martín Vizcarra","¿Por qué la reforma política es igualmente urgente?  CarloSBasombro  Analista político y especialista en temas de seguridad  Se ha iniciado un debate sobre la posibilidad de separar en el tiempo la reforma política de la de justicia, con el argumento de que la primera apenas tiene que ver con situaciones que sucederán en el 2021 y que, por lo tanto, puede esperar. Discrepo completamente con esta interpretación. En primer lugar, porque en el Per se viene reclamando una reforma política desde hace mucho. Ya durante el gobierno de Alan García había propuestas al respecto y el Congreso de ese entonces las ignoró. Cuando empezó la administración de Ollanta Humala se dijo que estas se debían dar al inicio del período, cuando los congresistas todavía no estuviesen pensando en su futuro. Por supuesto aquello no ocurrió, hubo muy pocos cambios, y algunos, incluso, para peor. La presión fue mucho más fuerte al inicio de este Congreso, con propuestas de Transparencia, el JNE y luego del Ejecutivo. Patricia Donayre, entonces congresista de Fuerza Popular, presidió la comisión que debía hacer la reforma y se la tomó en serio, proponiendo algunos cambios importantes. Nada relevante fue aprobado por la mayoría –incluso se podrían citar algunos retrocesos– lo que llevó a la legisladora a renunciar a su bancada.  Dijámoslo con claridad; no hay posibilidad alguna en este período, como tampoco la hubo en los anteriores, de que los congresistas aprueben reformas constitucionales y legislen, cambiando aquellas reglas de juego de las que son hijos. Eso solo va a ocurrir si hay una inmensa presión de la sociedad exigiéndolas. De no hacerse en esta coyuntura (hay suficientes propuestas, lo que falta es voluntad) las irán diluyendo y al final no harán nada. Llegaremos así al 2021, con las profundas taras de nuestra vida política; quizás hasta corregidas y aumentadas.  La mejor prueba de lo que digo son las elecciones regionales y municipales en curso que, considerando las reglas de juego que tienen, me parece inevitable que no terminen repitiendo todo lo malo de la última. Para empezar priman los partidos viejos de alquiler; es decir, las organizaciones que ofrecen su membrete al mejor postor. La verdad es que en Lima Metropolitana, de los 20 partidos políticos en lid, no hay más de cinco o seis que se acerquen al concepto mínimo de organización política. El resto son una gigantesca mentira con la que convivimos y que alienta a los aventureros. Cuántos candidatos identifica usted como vinculados realmente al partido que los presenta? Por mi parte, solo dos.  Otra consecuencia: no hay posibilidad de elecciones mínimamente informadas. Si se debe escoger entre 20 candidatos para Lima y entre 22 postulantes para algunos distritos, como San Martín de Porres, el Rímac y San Juan de Lurigancho, no podemos pasar del nombre de unos cuantos. Y la historia se repite en muchísimos otros lugares del país. Los planes de gobierno son irrelevantes. ¿Quién va a leer 40 de ellos antes de votar?, si a veces ni el mismo candidato ha leído el suyo, como nos acabamos de enterar a raíz de una denuncia de plagio. ¿Cómo visibilizarse en medio de la multitud? Pues a través del dinero (mucho dinero) y, en paralelo, llamando la atención de distintas formas, así sea con las mentiras más ramplonas.  Sin duda, en todos los lugares hay candidatos honestos, con ganas de hacer las cosas bien y con propuestas sensatas. Pero la mayoría de veces terminan en la sombra por la competencia desleal de los demagogos. Otro problema evidente es el sistema de fiscalización del ingreso de dineros ilícitos a las campañas, que no ha mejorado un pizca. En un escenario como el descrito, un porcentaje importante de postulantes entrará financiado con dinero turbio, que habrá que devolver con favores y, a la vez, rentabilizar la inversión haciendo negocios propios. Lo que hemos visto en los municipios de La Victoria, Santa Rosa, San Juan de Miraflores, Chilca y bastantes otros en todo el país, se repetirá, quizás hasta multiplicado.  Martín Vizcarra parece haberse decidido por el referéndum gatillando un proceso más amplio de reformas, tanto de la justicia como de la política. La mayoría en el Congreso no quiere. No hay forma de que ello ocurra sin movilización ciudadana.  Coda: Pedro Chávarry no puede continuar como Fiscal de la Nación. Para empezar, porque no cumple con uno de los requisitos para el cargo estipulados en la Ley Orgánica del Ministerio Público: Gozar de conducta intachable, públicamente reconocida (artículo 39, inciso 5). Por esa razón, muchos ciudadanos que en las redes creemos que su permanencia es insostenible estamos firmando una solicitud electrónica para que esto acabe ya. Al momento de publicarse esta columna habremos pasado holgadamente las primeras 25.000 (en una semana!). Falta mucho para llegar al monto suficiente. No hay posibilidad alguna en este período, como tampoco la hubo en los anteriores, de que los congresistas cambien las reglas de juego de las que son hijos.","elcomercio","05/09/2018"
"A Propósito de los Taxis por Aplicación","Si no te regularas, te regularían  Si no te subes a uno de sus autos estamos por nuestra cuenta.  Claro que la empresa dio respuesta a las autoridades, brindó información, dio seguimiento al caso y desactivó la cuenta del chofer. Pero el reclamo ciudadano no es ese. Es cuanto se esfuerzan las empresas de taxi por aplicación para que quienes nos subimos a sus taxis viajemos con un conductor y un vehículo adecuados?  Sí, ya sabemos que los taxis no son de ustedes, pero como ha señalado Mario Ziga, ex comisionado del Indecopi, ustedes son el portero que deja (o no) entrar al conductor al sistema. Es en razón de la marca Uber, Beat o Easy Taxi que nos subimos. La cantidad de estrellitas que tengan los conductores son un plus. Por ello, legalmente tienen responsabilidad por lo que ocurra durante los viajes, así la letra pequeña diga lo contrario.  ¿Qué nivel de responsabilidad exactamente? Debe definirse. Claramente, no el que Easy Taxi buscó asumir en el 2014, cuando en los términos de su servicio indicaba que esta no se responsabiliza por ningún acto sucedido durante la prestación del servicio de traslado, y que no avalan la salud física o mental de los choferes. Así como lo lee.  Lo indignante es que se trata de empresas con matrices, plenamente conscientes de la necesidad de asumir parte de la responsabilidad. En Estados Unidos, Uber pide a los conductores cumplir requisitos que no solicita acá, como tener licencia por más de un año, pasar revisión física del vehículo, entrevista personal del conductor y un seguro vehicular contra accidentes mucho más amplio que el SOAT. Aquí, para ahorrarse unos peniques, todo es virtual. Se toman un selfie, cargan al sistema DNI, brevete, SOAT, certificado de antecedentes penales, y listo.  Analizan cuántas infracciones de tránsito –que no le hayan quitado puntos en el brevete– tiene el conductor? Ver mi artículo Carta a los candidatos a la alcaldía. Piden antecedentes policiales para evitar que una persona con denuncia policial por tocamientos indebidos como la de Beat sea chofer? Revisan que el auto sea el que figura en la tarjeta de propiedad que les han presentado? En el Perú, por ejemplo, a diferencia de Chile y Argentina, no hay un Registro de Agresores Sexuales contra Menores de Edad, que permita a las empresas no afiliar a agresores sexuales de menores. El Congreso aprob en junio pasado una autógrafa de ley para crearlo, pero el Ejecutivo lo observ, porque no se entiende cual sería el objetivo de la publicidad del registro, ya que más allá del conocimiento (y escarnio público) no existe una acción que se derive de esa publicidad. Plop!  En otras palabras, en el Perú hay poca información pública sobre condenados y el sistema de justicia funciona muy mal. Pero si van a hacer empresa en esta realidad, ciertamente catastrófica, tienen que elevar su nivel de cuidado respecto de quiénes dejan entrar a su sistema. No reducirlo!","elcomercio","05/09/2018"
"El peor tifn en 25 años azota las costas de Japón","Los fuertes vientos provocaron olas gigantescas en el puerto de Aki, prefectura de Kochi. Jebi es el vigésimo primero tifón de la temporada y ha causado impresionantes daños materiales.  El oeste de Japón está soportando el embate de Jebi, la tormenta más poderosa en golpear las costas niponas en un cuarto de siglo. Su potente paso ya ha dejado seis muertos y un centenar de heridos, además de impresionantes daños materiales en la isla.  En la ciudad de Osaka, una de las más afectadas, la marea penetró en el aeropuerto internacional de Kansai inundando una de sus dos pistas y la zona de almacenamiento de mercancías, entre otras instalaciones, lo que provocó el cierre de sus instalaciones. El terminal aéreo se ubica en una isla artificial en la bahía de Osaka.  Más de 700 vuelos fueron cancelados, informaron los medios japoneses. El servicio de tren de alta velocidad qued suspendido entre Tokio e Hiroshima. Un barco petrolero se estrelló contra un puente que conecta el aeropuerto de Kansai con tierra firme, dañando parte de la estructura y la embarcación.  Imágenes de televisión también mostraban andamios desmontados por el viento, árboles por el suelo, vidrieras de tiendas rotas, postes torcidos, calles inundadas, camiones volcados y un mar agitado en todas direcciones.  Unos 1,6 millones de hogares no tenían electricidad en Osaka y sus alrededores. La capital, Tokio, escapó del centro de la tormenta, pero estaba preparada para enfrentar fuertes lluvias y vientos.  Osaka, al oeste del archipiélago japonés, ha sido la ciudad más afectada.","elcomercio","05/09/2018"
"Bombardeos en último bastión rebelde desatan más caos en Siria","La ONU pide a Rusia y Turquía, próximos a Damasco, evitar un baño de sangre mayor.  La ONU pidi ayer a Rusia y Turquía evitar un baño de sangre en el último bastión rebelde sirio de Idlib, cuando los aviones rusos reanudaron sus bombardeos tras una pausa de 22 días.  Staffan de Mistura, enviado de paz de la ONU para Siria, pidi a los presidentes de Rusia y Turquía negociar de urgencia. Dijo que invitaba al “presidente Putin y al presidente Erdogan a llamarse por teléfono”, aunque ambos tienen previsto reunirse con su homólogo iraní en Teherán el viernes.  “Intentemos evitar que la que puede ser la última gran batalla territorial siria acabe en baño de sangre”, pidi De Mistura ante los periodistas.  Rusia y Turquía tienen “la clave para una solución incruenta en Idlib” aseguró.  Idlib es la última región que el régimen de Bashar al Assad no controla. Un 60% de la provincia lo domina Hayat Tahrir al Sham (HTS, formado por exmiembros del grupo terrorista Al Qaeda) y hay también múltiples milicias rebeldes.  Según la ONU, una ofensiva en Idlib podría hacer que 800.000 personas abandonen sus hogares y provocar una catástrofe humanitaria. El conflicto en Siria, que comenzó en abril del 2011, ya ha dejado más de 350.000 muertos y millones de desplazados.  — Reunión de urgencia — Poco después del llamado de la ONU, Estados Unidos, presidente en ejercicio del Consejo de Seguridad del organismo mundial, anunció que este viernes organizará una reunión en ese foro sobre la situación en la provincia rebelde de Idlib, que Damasco busca retomar con apoyo de Rusia.  “El asunto de Idlib es bastante serio”, dijo Nikki Haley, embajadora estadounidense en la ONU.","elcomercio","05/09/2018"
"EE.UU. brinda apoyo a Macri ante crisis argentina","En medio de la incertidumbre por la nueva crisis financiera en Argentina, el presidente estadounidense Donald Trump decidi darle un espaldarazo a su homólogo Mauricio Macri.  La conversación telefónica entre ambos se dio horas antes de una reunión clave entre el ministro de Hacienda argentino, Nicolás Dujovne, y la titular del FMI, Christine Lagarde, para tratar de negociar un nuevo acuerdo económico y así obtener más recursos para cubrir las necesidades financieras del país.  Según un comunicado difundido por la Casa Blanca, el mandatario estadounidense respaldó el compromiso de Macri ante el FMI para fortalecer las políticas monetarias y fiscales.  “Argentina es un socio estratégico desde hace mucho tiempo de Estados Unidos y un importante aliado no perteneciente a la OTAN. El presidente Macri está haciendo un excelente trabajo en esta difícil situación económica y financiera”, señaló Trump.  El jefe de la Casa Blanca se dijo confiado en el “liderazgo” de Macri para lidiar con la situación.  En lo que va del año, el peso se ha devaluado cerca de 53%. La subida del dólar ha provocado la subida de la inflación, que según analistas se ubicará en al menos 32%. El alza de precios ha acrecentado de nuevo el malestar social.  Tiempos difíciles para Macri.","elcomercio","05/09/2018"
"Esta es la mejor época para unir las tecnologías","El peruano Rodrigo Salazar es uno de los autores de una nueva metodología que permite desarrollar prótesis faciales con equipos de bajo costo.  Cerca de 200 medios de comunicación de 37 países han dado a conocer el proyecto en el que participa el peruano Rodrigo Salazar. Y no es para menos. Este joven cirujano dentista, especializado en rehabilitación bucomaxilofacial, está detrás de una innovadora metodología que permite a cada vez más personas con mutilaciones en el rostro acceder a prótesis faciales.  — El tema de las prótesis faciales no es nuevo. ¿Qué diferencia a su proyecto de otras iniciativas? Hacer una escultura y transformar eso en una prótesis facial toma decenas de horas. Sistemas de captura de imagen e impresión 3D facilitan este trabajo. No obstante, la inversión puede llegar al medio millón de dólares, limitando mucho este tipo de procedimiento. Con el apoyo de la Universidad Paulista (Brasil), la de Illinois (EE.UU.), el Centro Tecnológico de la Información Renato Archer (Brasil) y la empresa Stratasys, desarrollamos una metodología que reduce los costos a US$10 mil. Empleamos un celular, un software gratuito y una impresora 3D que no cuesta más de US$4 mil.  — ¿Cuál es la incidencia de este tipo de mutilaciones faciales? No existe una cifra concreta que englobe los casos a nivel mundial. Sin embargo, en los 15 años que Cuba tiene su programa nacional de rehabilitación maxilofacial, se han conseguido realizar 18 mil procedimientos. Por su parte, Uruguay recibe todos los días ocho pacientes con una mutilación en el rostro en el servicio de rehabilitación de la Universidad de la República. Uno no ve a los pacientes con mutilaciones en las calles, y ese es el problema, pues se excluyen de la sociedad, la cual no está preparada para afrontar este tipo de circunstancias. Y si bien puede parecer poco significativo el número de afectados, a diferencia de otras condiciones, la demanda es alta, porque cada dos años estos pacientes deben renovar sus prótesis por diversos motivos.  Rodrigo Salazar acaba de ser elegido presidente mundial de la Asociación Internacional de Anaplastología para el período 2020-2021.  — Hay suficientes especialistas en el campo para atender esta demanda? Hay aproximadamente unas 200 o 300 personas en el mundo con dominio de la tecnología 3D y la capacidad para desarrollar este tipo de prótesis faciales.  — ¿A qué se debe esa escasez de profesionales? Hay pocos lugares de entrenamiento en el mundo. En el Perú no se enseña esto. No hay quién dé un curso formal para los profesionales. Se suma que esta disciplina no es prioritaria en ningún tipo de cobertura en el sistema público o privado, pues nadie ha batallado porque exista un marco legal para estos procedimientos. En otras palabras, si no tienes un lugar donde trabajar ni donde aprender, lo único que resta son pacientes con mutilaciones cayendo en manos de gente empírica o que se ven obligadas a adaptarse a un contexto de condición humana que no necesariamente es digna; a nadie le gusta salir a la calle con un parche en la cara. Con nuestro proyecto queremos cambiar este panorama.  — Vivimos el mejor momento para que los investigadores se arriesguen e innove? Es la mejor época para integrar las distintas tecnologías que tenemos a la mano. Además, en comparación con las generaciones pasadas, tenemos la capacidad mental de trabajar en conjunto y en equipo con diferentes disciplinas. Nuestra generación es consciente de que el conocimiento es cada vez más profundo, haciendo que sea imposible de manejar por un solo tipo de especialista. Tenemos tecnología y personas dispuestas, solo falta terminar de unir ambos mundos. Vivimos en una época muy bonita y con un crecimiento gigantesco de oportunidades.","elcomercio","05/09/2018"
"LA ECONOMÍA PERUANA SE TIENE TODAVÍA UNA SOLIDEZ FISCAL QUE HACE QUE PODAMOS RESISTIR ESTOS EMBATES","y debieran permitir al país lidiar con los efectos negativos de las tensiones comerciales entre Estados Unidos y China, las cuales recrudecieron cuando el presidente Donald Trump lanzó la posibilidad de imponer nuevos aranceles a productos asiáticos.  La economía peruana sí tiene todavía una solidez fiscal que hace que podamos resistir estos embates, dijo Oliva.  LinO CHIPANIA/ARCHIVO  el ruido comercial se ha intensificado, remarcó el ministro.  Es importante notar que la turbulencia externa se ha intensificado en los últimos días. El precio del cobre ahora cotiza en US$2,64 por libra, casi 19% menos que a inicios de año. La bolsa limeña ya tocó su nivel más bajo del año y el tipo de cambio alcanzó un nivel pico. Esto es un fenómeno que, además del ruido comercial, radica en la incertidumbre asociada a los mercados emergentes.","elcomercio","05/09/2018"
"CRÓNICA PENSANDO EN PENSIONES CÓMO DEJAR ATRAS A BISMARCK?","Durante el gobierno de Bismarck surgi en Alemania el sistema de contribuciones a la seguridad social, exportado después al resto del mundo. Bajo el mismo, los trabajadores aportaban a lo largo de su vida laboral a un fondo común para financiar las pensiones que recibirían una vez que se jubilaran. Pero siglo y medio después, las condiciones que dieron origen al sistema han cambiado: la esperanza de vida ha aumentado y la tasa de natalidad ha disminuido, mientras la familia modelo ha cambiado.  La idea original era que el trabajador, como jefe de familia, a través de sus aportes al sistema terminaba protegiendo a todos sus miembros. Pero ahora, puede no haber un único miembro que trabaje en la familia. O quienes lo son, no necesariamente son formales, con lo cual sus aportes para seguridad social son nulos.  Reconociendo que nuestro mercado laboral es además de tiempo parcial y multitrabajo, el economista Hugo Opó recoge a partir de los trabajos de Santiago Levy para México algunas propuestas diseñadas para un mercado laboral muy distinto del alemán decimonónico.  —La propuesta—  En la línea de Jean Tirole, premio Nobel de Economía en el 2014, la idea presentada por Hugo Opó, investigador principal de GRADE, es proteger a los trabajadores y no a los empleos. De esta manera, se busca disociar la protección social del empleo, que en el esquema actual protege a alrededor de un quinto de los trabajadores y genera distorsiones al mercado laboral.  La idea es que las personas aporten a su propio fondo de pensiones a través de sus compras, de manera que parte del Impuesto General a las Ventas (IGV) que pagan sea asignado con fines previsionales y constituya un fondo al que puedan acceder al momento de su jubilación. De esta manera, aunque sean informales podrán contar con una pensión. Esto es positivo incluso en términos de equidad de género, comenta Opó.  Además, la implementación de esta propuesta resultará en una ocasión para revisar el sistema privado de pensiones, donde, si bien se mantendrá el esquema de capitalización individual, se buscarán esquemas que fomenten una mayor competencia. Pero, como destaca el investigador, se debe resolver el hecho de que las AFP compiten mirando la rentabilidad de corto plazo, pero por definición el servicio que ofrecen es de largo plazo.  Cabe indicar que lo sugerido por Opó también está considerado entre las propuestas del año pasado de la Comisión de Protección Social que designó el Ministerio de Economía.  A decir de Opó, se trata de un esquema radical, disruptivo, atrevido y probablemente inviable en el corto plazo. Pero discutir estas ideas reconociendo las tendencias que se ven ya en el mercado laboral es de por sí ya un avance.","elcomercio","05/09/2018"
"EL TRABAJO EN EL FUTURO CARACTERÍSTICAS DEL TRABAJADOR EXITOSO","En el III Foro Diálogos para el Desarrollo, Hugo Opó expuso sobre el reto de combinar protección social y productividad laboral.  Planteó que en el mercado laboral se valorarán las actividades que no pueden automatizarse y las habilidades socioemocionales. El trabajador exitoso será el que las combine.","elcomercio","05/09/2018"
"BLOOMBERG A UN LADO, QUINUA! NESTL BUSCA EL PRÓXIMO SUPERALIMENTO","La uchuva (Physalis peruviana) o goldenberry es rica en antioxidantes y podría ayudar a prevenir incluso el cáncer.  La quinua es tan 2017. El nuevo candidato a superalimento de Nestlé SA es la uchuva (Physalis peruviana) o goldenberry.  La compañía de alimentos más grande del mundo podría agregar este fruto andino, estrechamente relacionado con el tomate con un sabor agridulce, a una gama de productos después de adquirir un fabricante latinoamericano de bocadillos que utiliza el ingrediente.  Uno de nuestros motivos principales para asociarnos con Nestlé es que vimos entusiasmo en Nestlé por comenzar a utilizar goldenberries como parte de sus ingredientes en sus productos, desde alimentos para bebés hasta barritas de cereales y chocolate, dijo el máximo ejecutivo de Terrafertil, David Bermeo en una entrevista.  Las bayas amarillas, del tamaño de una canica, relativamente desconocidas fuera de América Latina, pueden agregarse a productos horneados, ensaladas y cereales, o comerse como frutas frescas o secas. Tienen un alto contenido de antioxidantes, que, según los defensores, pueden ayudar a prevenir enfermedades crónicas, incluido el cáncer.  El fabricante de alimentos para bebés Gerber y barras de chocolate KitKat ha estado incorporando alimentos más saludables para satisfacer a los consumidores que evitan el azúcar y los alimentos procesados. La compañía ha renovado sus ofertas de alimentos congelados, adquiriendo al fabricante vegetariano de burritos Sweet Earth y está impulsando su cartera de alimentos vegetales.  La adquisición de Nestlé de una participación del 60% en Terrafertil, que posee la marca Natures Heart y es el mayor comprador mundial de uchuvas, se cerró el martes.  Los consumidores actualmente buscan cada vez más alimentos orgánicos y naturales con alto contenido de nutrientes, dijo Laurent Freixe, CEO de Nestlé para las Américas. Estamos ansiosos por explorar con Terrafertil el potencial de sus productos.  América Latina es conocida por haber introducido al mundo una gran cantidad de superalimentos, como la quinua, semillas de chía, amaranto y bayas de açaí.  Es junto con Nestlé que podemos comenzar a promover este producto, que tiene enormes propiedades nutricionales y prácticamente no se conoce en absoluto, dijo Bermeo.","elcomercio","05/09/2018"
"ADVNCULA Y RUIDAZ ESTÁN GOLPEADOS, PERO AMBOS PODRÍAN JUGAR EN ÁMSTERDAM","Las opciones del Tigre  Pedro Gallese  Luis Advncula  Miguel Trauco  Anderson Santamaría  Christian Ramos  Yoshimar Yotún  Pedro Aquino  André Carrillo  Edison Flores  Christian Cueva  La selección peruana buscar romper una estadística ante Holanda. La Blanquirroja no ha podido anotarle al cuadro naranja en tres cotejos disputados hasta el momento.  Hora de confirmaciones  Amistosos FIFA G Ricardo Gareca explicó en Holanda que la selección vive una etapa de sostenimiento G El Tigre sigue ensayando el posible once titular ante el cuadro naranja.  Jefferson Farfán  Pedro Gallese  Luis Advncula  Miguel Trauco  Anderson Santamaría  Christian Ramos  Yoshimar Yotún  Pedro Aquino  Horacio Calcaterra  André Carrillo  Christian Cueva  Jefferson Farfán  Pedro Gallese  Luis Advncula  Miguel Trauco  Anderson Santamaría  Christian Ramos  Yoshimar Yotún  Pedro Aquino  André Carrillo  Christian Cueva  Horacio Calcaterra  Jefferson Farfán  8 selecciones europeas, incluidas Holanda y Alemania, habrán enfrentado a Per–entre partidos oficiales y amistosos–durante el 2018.  PEDRO CANELO  En las afueras del complejo deportivo del club AZ Alkmaar, Yoshimar Yotún explicaba que para los jugadores de la selección no existe la sensación de un nuevo proceso. Esto es la continuación, dijo el volante del Orlando City. Bajo esa misma sintaxis de ideas, Ricardo Gareca ofreció ayer una conferencia de prensa donde definió esta etapa como la consolidación de un grupo base de futbolistas. Mañana, a la 1:45 p.m. (hora peruana) en el ámsterdam Arena, se iniciará ese largo camino hacia la madurez de un grupo.  Venimos de una clasificación al Mundial, venimos de un rendimiento bastante importante. No fue el deseado, pero, en cuanto a rendimiento y análisis, estuvimos a la altura de las circunstancias. Estamos en la etapa de sostenimiento y confirma-ciones, declar Gareca.  Y la primera interpretación que podemos darle a esta afirmación es lo que veremos en estos dos amistosos y en las fechas FIFA de octubre y noviembre. El Tigre mantendrá la base de futbolistas, aunque todos pasarán por minutos de evaluación en el banco. La obligación es crecer, quien no se consolide en el corto plazo podrá ceder su paso a nuevos convocados. Es el momento para que Nilson Loyola destaque por izquierda, que Raúl Ruidiaz marque la diferencia frente al arco o que Sergio Peña aparezca como solución en el medio del campo. Gareca también lo mencion ayer, le dará oportunidad a todos los llamados. Vamos a hacer la mayor cantidad de cambios, anunció el argentino.  – Once mundialista –  Hubo novedades en esta última convocatoria, sin embargo ante los holandeses el once no verá muchas modificaciones en comparación a lo que vimos en Rusia 2018. Las dudas hasta ayer eran Luis Advncula, por dolores en el muslo y rodilla, y Ruidaz, por un golpe en el tobillo ayer en las prácticas. Ambos fueron examinados por el doctor de la selección, Julio Segura, quien les dio el visto bueno para que puedan arrancar ante el seleccionado naranja.  Una pregunta constante a Gareca en entrevistas con medios y que ayer volvió a hacerse en la conferencia estaba relacionada con la ubicación de Horacio Calcaterra en el once nacional. El jugador de Sporting Cristal es polifuncional, aunque el Tigre ahora sí detalló que Calca será utilizado en la posición que acostumbra en Sporting Cristal; es decir, en la parte media del campo, como un mixto de apoyo.  Ayer se unió el plantel completo y hoy será la última práctica en Alkmaar. No habrá reconocimiento del Johan Cruyff Arena. El viernes arrancará la preparación en Sinsheim, Alemania. Perú afronta esta fecha FIFA en el puesto 20 del mundo y en el quinto de Sudamérica. Gareca ha fijado all su punto de partida. Es un Tigre que quiere convencer a todos de dar un nuevo salto.","elcomercio","05/09/2018"
"Indic","Ayer que no se identifica con la denominación ‘señora K’. Nunca he escuchado que me lo digan ni he participado en una conversación en la que se me señale así, afirm el parlamentario de FP. Lo dijo en respuesta a lo manifestado por un colaborador de la fiscalía y por una declaración del suspendido juez supremo César Hinostroza sobre el tema.  En conversación con la prensa, Torres además reiteró que solo se reunió con Hinostroza en un almuerzo ofrecido en la casa del empresario Antonio Camayo, quien actualmente cumple prisión preventiva por el caso de Los Cuellos Blancos del Puerto. Nunca más volví a verlo, nunca más conversé con él, ni antes de esa reunión ni después, enfatiz.  Agregó que jamás ha negado su relación con Camayo. Asimismo, dio a entender que este propició la mencionada cita. Antonio me coment, en algún momento, que Hinostroza era su primo de cariño, su paisano, y me dijo que sería bueno poder reunirnos, porque los dos estábamos ligados al ámbito del derecho, expres.  Hace unos días, Torres dio una versión similar en una entrevista con Canal N. En esta afirmó que ese encuentro no tenía nada de ilegal, y que en ese momento el magistrado no tenía cuestionamientos públicos.","elcomercio","05/09/2018"
"Nueva declaración","Por su parte, Hinostroza neg ayer que haya dicho que la señora K era Torres. Según el suspendido juez, fue malinterpretado en su declaración al programa televisivo Punto Final.  En entrevista con RPP, señaló que un periodista del programa le preguntó sobre la reunión en la casa de Camayo con una señora K, y que él respondió que el encuentro se realizó, no con una mujer, sino con Torres. Ese día no concurrió ninguna dama, sino el congresista Torres. Entonces se cuestionó por qué el colaborador había anunciado a una dama y no al señor Torres, a lo que contestó que le pregunten al colaborador y no a mí, coment Hinostroza.  En Punto Final, Hinostroza dijo: La señora K no era ninguna dama, sino que era el señor Miki Torres. [...] Cuando yo fui, pensé encontrar a alguna dama. No había ninguna señora, estaba el señor.","elcomercio","05/09/2018"
"Araoz: Vizcarra es el objetivo de Chávarry","No hay que ser un gran brujo para ver sus intenciones, dijo sobre el fiscal de la Nación, quien decidió abrir investigación al ex ministro Thorne.  Redacción Política  En menos de dos semanas, el cuestionado fiscal de la Nación, Pedro Chávarry, tom acciones contra ex ministros del gobierno de Pedro Pablo Kuczynski: formalizó una denuncia constitucional contra Bruno Giuffra y abrió investigación preliminar a Alfredo Thorne.  Para la vicepresidenta y congresista oficialista Mercedes Araoz, la actuación de Chávarry tiene carga política. Es evidente. No hay que ser un gran brujo para ver sus intenciones y creo que se equivoca, respondió Araoz a la prensa cuando le preguntaron si, con sus acciones, Chávarry apuntaba al presidente Martín Vizcarra.  Llamen y saquen, a las pocas horas, una acusación contra Bruno Giuffra [ante el Congreso]. Unos días después, tras una amenaza, saca una acusación contra Thorne por el tema de Chinchero. ¿Qué hay detrás? Además, yo he visto documentos de la Contraloría que dicen que no hubo falta administrativa. Entonces, de qué nos está acusando?, se preguntó.  El Delito  El cohecho activo genérico lo comete el que, bajo cualquier modalidad, ofrece, da o promete a un funcionario donativo, promesa, ventaja o beneficio para que realice u omita actos en violación de sus obligaciones.  En ese sentido, Araoz señaló que el fiscal de la Nación debe garantizar la independencia de las investigaciones. El presidente de la República es un actor político. El fiscal de la Nación no lo es. Él tiene que cumplir con su misión, que es que las investigaciones fiscales sean independientes. ¿Queremos un fiscal de la Nación o un político? Si quiere ser político, que participe en elecciones, afirmó la legisladora.","elcomercio","05/09/2018"
"El diablo está en los detalles","María Alejandra Campos Editora Adjunta de Política  Han pasado 61 días desde que IDL-Reporteros reveló el primer informe sobre la corrupción en el sistema de justicia, caso popularmente conocido como los ‘CNM-audios’. Las consecuencias de esa investigación han devengado en denuncias a diez altos funcionarios de la Fiscalía, el Poder Judicial, el Consejo Nacional de la Magistratura y un congresista. Sin embargo, debido a los cargos que ejercen (o ejercían) los personajes en cuestión, estos no pueden ser juzgados hasta que el Congreso les levante el antejuicio.  La instancia encargada de evaluar este pedido es la Subcomisión de Acusaciones Constitucionales, un espacio poco conocido por la opinión pública, pero del cual depende la procedencia de las acusaciones a cargos públicos protegidos por esta disposición constitucional. De los diez involucrados en el caso de los ‘CNM-audios’, ocho ya cuentan con acusaciones en dicha subcomisión. Existen dos puntos de este proceso que son particularmente importantes pero sumamente específicos, por lo que vale la pena estar doblemente atentos a su desarrollo.  El primero es el de los plazos. Un caso de corrupción de esta magnitud requiere de la mayor celeridad posible. Sin embargo, el récord de la subcomisión no es auspicioso. Como reveló la Unidad de Análisis Político de este Diario, de las 244 denuncias presentadas desde que se inició este periodo parlamentario, solo una llegó a votarse en el pleno. Lo que es peor, el 64% aún no cuenta con informe final y el resto se archivó.  El proceso para levantar el antejuicio incluye seis etapas, desde la presentación de la denuncia hasta su aprobación en el pleno. El problema es que el reglamento del Congreso no especifica los plazos legales para tres de ellas. Un riesgo entonces es que la falta de voluntad política tome como excusa estos vacíos y extienda innecesariamente la conclusión de las investigaciones.  El segundo punto es el de los parámetros del antejuicio. Una de las novedades introducidas en la Constitución de 1993 fue que la denuncia fiscal no podía agregar o reducir los términos de la acusación del Congreso. Es decir, el Parlamento, además de investigar y calificar los delitos para ver si hay o no sustento para procesar, decide dentro de qué parámetros hacerlo, explicaba otro informe publicado en este Diario. Por ende, no basta con que la subcomisión sea clara en derivar las acusaciones a la Comisión Permanente, sino que va a ser de vital importancia revisar la letra pequeña de los informes que las sustenten, para tener claro hasta dónde podrán ser juzgados los acusados.  Según la encuesta de agosto de El Comercio-Ipsos, dos de cada tres peruanos están informados acerca de los audios difundidos por la prensa. Mucho menor debe ser la proporción informada respecto a todos los involucrados en el escándalo y sin duda es nimio el porcentaje que conoce acerca del proceso que debe seguir el Congreso para que se pueda castigar a los responsables. Pero no queda otra que estar atentos a los detalles, porque de estos depende el desenlace de este capítulo de la trama de corruptela en la que está inmersa el país.","elcomercio","05/09/2018"
"Reggiardo minimiza plagios y expertos le atribuyen falta ética","El candidato de PPS a la Alcaldía de Lima justificó los textos copiados en su plan de gobierno y señaló que hubo una omisión involuntaria.  Renzo Reggiardo, candidato de Per Patria Segura (PPS) a la Alcaldía de Lima, se pronunció ayer sobre los plagios en su plan de gobierno, argumentando que hubo una omisión involuntaria en la presentación del mismo e insistió en que las fuentes de información se mencionan en el prólogo del documento. Sin embargo, especialistas cuestionaron sus justificaciones y coincidieron en que cometió una falta ética.  Según dijo Reggiardo a Canal N, la duda se genera a partir de una cita que se hace en la parte básicamente del análisis, del diagnóstico del plan de gobierno. Pero cabe recordar que El Comercio comprobó que el documento registra más del 50% de información que coincide con otras fuentes que el texto no cita y que consigna como propias al no usar comillas, notas a pie de página o incluir bibliografía.","elcomercio","05/09/2018"
"Marcelo Odebrecht a fiscales brasileños fue dirigida a l.","“Esto es una transferencia de plata de una ‘offshore’ de Odebrecht a otra ‘offshore’ vinculada a coimas para [Alan] García”, dijo.  “Esto no es [del servidor] My WebDay, esto es de la computadora de Odebrecht, que está cumpliendo arresto en su casa. No hay nada encriptado acá. Además, eso no está dirigido a mí”, añadió el ex mandatario.  Los pagos se hicieron a través de la compañía Construmaq S.A.C. de Gonzalo Monteverde Bussalleu.  Marcelo Odebrecht, ex CEO de la constructora brasileña, entregó a la justicia de su país documentación que probaría el pago de los US$3 millones que declar haber realizado en el 2011 a la campaña electoral del ex presidente Ollanta Humala.  Correos electrónicos, órdenes de pago, estados de cuentas y otros documentos de diversos casos que se tramitan en el Perú y Brasil –y que fueron extraídos de la copia espejo del software My Web Day B– fueron publicados en el portal web brasileño Estadão.  Esta documentación no solo corroboraría los pagos que Odebrecht aseguró haber hecho a Humala, sino que revela que al menos cinco de estos se habrían efectuado cuando el líder del Partido Nacionalista ya había asumido la presidencia de la República.  En noviembre del 2017, El Comercio informó que Marcelo Odebrecht había declarado ante fiscales peruanos que aportó US$3 millones a la campaña de Humala. El dinero habría sido entregado de diversas maneras y a veces a pedido de la ex primera dama Nadine Heredia.  En el caso de Humala –según la documentación entregada–, los pagos se habrían registrado bajo los códigos “Campanha NAC 3” y “Obra talo-Italiano-Elección Per”, esto último en referencia al ex ministro y miembro del Partido de los Trabajadores (PT) Antonio Palocci, con quien se realizaban las coordinaciones.  El PT, del ex presidente brasileño Lula da Silva (hoy preso por corrupción), habría solicitado los aportes.  Un correo electrónico del 8 de mayo del 2011 –parte del acervo documentario entregado– describe las instrucciones de Odebrecht a Jorge Barata (ex director de la empresa en el Perú), a Luiz Antonio Mameri (ex director de Odebrecht en América Latina y Angola) y a Benedicto Barbosa da Silva Junior (ex presidente de Odebrecht Infraestructura) para apurar las coordinaciones con Humala, puesto que OAS les podrá ganar esa plaza.  —Pagos posteriores—  Las transferencias, según los documentos, se hicieron a través de la empresa Construmac S.A.C., de Gonzalo Monteverde, investigado en nuestro país por haber recibido dinero de Odebrecht desde el 2006.  Odebrecht señaló que los códigos “Campanha NAC 3” e “Obra talo-Italiano-Elección Per” eran dirigidos al “Programa OH-Donación para la campaña presidencial en Perú”.  Cabe recordar que en la agenda electrónica de Marcelo Odebrecht se encontró la anotación “Proyecto OH”. Este declaró que habría sido en referencia a Ollanta Humala.  En los documentos se da cuenta de 11 transferencias a la campaña. Tres de ellas se hicieron en mayo del 2011 bajo el apartado “Campanha NAC 3” y ascienden a un total de US$700.000.  En otros documentos se muestran estados de cuenta que registran cuatro transferencias a “Italiano-Elección Per” en junio, julio, noviembre y diciembre del 2011, por US$1160.000.  Otras cuatro órdenes de pago de julio, agosto, septiembre y octubre del 2011 dan cuenta de transferencias por US$1239.896,38.  Como se evidencia en los documentos, los cinco presuntos pagos que se hicieron cuando Humala era presidente ascenderían a US$1399.896,38.  Marcelo Odebrecht ha asegurado a los fiscales peruanos que no pagó coimas durante el gobierno de Humala.  Según el abogado penalista Luis Lamas Puccio, estas evidencias factuales, que ya no son solo dichos, podrían abrir una nueva línea de trabajo para la fiscalía. Esto, porque ya no solo se trataría del presunto delito de lavado de activos –por el que están siendo procesados actualmente los Humala–, sino también de presunta corrupción. Remarcó que podría evaluarse si era legal el aporte que recibió en su condición de candidato; sin embargo, al tener la condición de funcionario cuando se habría recibido el dinero, ya se puede presumir la comisión de delitos. “Podríamos hablar de cohecho activo o pasivo, tráfico de influencias; porque nadie va a entregar dinero a un presidente a cambio de nada, verdad?”, indicó.  Este Diario busc sin éxito la versión de los abogados de Humala y Heredia.  La empresa Odebrecht indicó a El Comercio que sigue en coordinación con la fiscalía de nuestro país y haciendo esfuerzos por entregar documentación y las declaraciones de sus funcionarios. “En ese contexto, la empresa espera cumplir con los requerimientos de la fiscalía y alcanzar la firma del acuerdo de colaboración”, indicaron.","elcomercio","05/09/2018"
"Poder Judicial pide al Congreso facultades para apartar a jueces","El presidente de la Corte Suprema, Víctor Prado Saldarriaga, indicó que esta atribución será temporal, mientras se restituya el CNM.  Sebastián Ortiz Martínez  El presidente del Poder Judicial, Víctor Prado Saldarriaga, adelantó ayer que en los próximos días su institución, tras un acuerdo de la Sala Plena de la Corte Suprema, enviará un proyecto de ley al Congreso para que éste le conceda la atribución de retirar de sus funciones hasta por 90 días a los jueces supremos vinculados a hechos graves.  Prado Saldarriaga explicó que estas facultades solamente durarán hasta que se concluya la reorganización del Consejo Nacional de la Magistratura (CNM), declarado en emergencia por nueve meses por el Parlamento en julio, tras la destitución de todos sus integrantes.  El CNM, de acuerdo con el artículo 154 de la Constitución, es el órgano que aplica la sanción de destitución a los vocales de la Corte Suprema y fiscales supremos.  Esta propuesta indita en la historia de nuestra institución obedece exclusivamente al hecho de que el marco normativo no nos da salidas. Esperamos que, tal y como lo han anunciado algunos congresistas, atiendan con prioridad y urgencia que la situación amerita esta propuesta, remarcó Prado tras presentarse en la Comisión de Constitución del Congreso.  También exhortó al Legislativo y al Ministerio Público a que de manera prioritaria y con carácter de urgencia resuelvan la situación de los jueces supremos César Hinostroza (suspendido), Ángel Romero, Aldo Figueroa y Martín Hurtado, quienes, de acuerdo con un informe de la fiscal provincial Sandra Castro, integrarían la organización criminal Los Cuellos Blancos del Puerto.  El congresista Juan Sheput (PPK) consideró una buena alternativa la propuesta del Poder Judicial ante la declaratoria de emergencia del CNM. No puede ser que en estos momentos haya personas vinculadas a los procesos de investigación [de los audios] que sigan desempeñando funciones judiciales o legales, agregó. Sheput dijo a El Comercio que no cree que exista ningún reparo en el Parlamento para darle estas facultades a la Corte Suprema para sancionar a vocales. Si no se hace nada con estos jueces, pueden seguir operando, pueden generar coartadas o la pérdida de pruebas. Es necesario que haya una instancia jerárquica que permita su suspensión, refirió.  La portavoz de Fuerza Popular, Rosa María Letona, indicó que su bancada no tiene una posición definida sobre este proyecto, porque aún no lo han analizado. No hay un acuerdo, ni siquiera hemos visto la posibilidad, habría que analizar el contexto, acotó.  Vizcarra está dispuesto a hacer cambios en proyectos  Alejandro Currraño  Martín Vizcarra aseguró anoche que el Ejecutivo está dispuesto a recibir aportes a los proyectos de reformas política y del sistema de justicia que envió al Congreso, siempre y cuando no se desnaturalice el sentido de las propuestas.  Si algo tenemos que corregir, que cambiar, lo hacemos. [...] Estamos buscando un fin nacional, no un fin particular. Si hay algo que corregir, lo hacemos, dijo en la clausura del tercer foro Dilogos por el Desarrollo, en San Isidro.  En otro momento, Vizcarra dijo que debe pulirse cualquier arista que pueda estar generando un desencuentro con la oposición. Estoy dispuesto a hacerlo, pero sin perder el objetivo [de las reformas], añadió.  Agregó que los proyectos de reformas –algunas de las cuales serían sometidas a referéndum– están bien sustentados.  Por la mañana, el jefe del Estado participó en el Acuerdo Nacional.  —Salaverry ausente—  Por la mañana, en la reunión del Acuerdo Nacional (AN), fueron respaldados los planteamientos del Ejecutivo.  Uno de los ausentes fue el titular del Parlamento, Daniel Salaverry, quien días atrás reveló haber tenido una reunión con Vizcarra cuando este aún era vicepresidente de Pedro Pablo Kuczynski. En su lugar asistió la tercera vicepresidenta del Parlamento, Yeni Vilcatoma.  Este Diario intentó comunicarse con el titular de la Mesa Directiva para saber el motivo de su ausencia, pero no obtuvo respuesta.  El mandatario afirma que puede haber ajustes a reformas, pero sin alterar su fin.","elcomercio","05/09/2018"
"EL RIESGO DE NO AUTOREGLARSE Y ZAFAR CUERPO","Le cost a las universidades las regulaciones desproporcionadas que hoy las rigen. Y ahora vamos a presenciar cómo la crisis de los taxis por aplicación va a acelerar las iniciativas regulatorias, que ya están en la agenda del pleno de hoy día. Esperemos que no termine aprobándose una regulación que afecte el desarrollo de una economía, la economía compartida, que tanto beneficia a quienes menos recursos tienen. Y si la afecta, ya saben a la miopia de quiénes culpar.","elcomercio","05/09/2018"
"LA MATERNIDAD SUBROGADA","Cuando tu madre no te parió Paula Siverino Bavio Doctora en Derecho, miembro del Comité Internacional de Bioética de la UNESCO América Latina es la tierra fértil del realismo mágico. Pero todo tiene un límite. La vida y el interés superior de dos bebés debería ser ese límite. El caso de la pareja de ciudadanos chilenos detenidos, acusados de trata de personas cuando regresaban con sus niños recién nacidos, que habrían sido engendrados mediante gestación subrogada en una clínica peruana, supera la ficción. Todas las personas tienen el derecho de acudir a las técnicas de reproducción asistida (TRA) para formar una familia, concluyó la Corte Interamericana en el 2012. Sin embargo, el Perú carece de una ley especial que las regule. La gestación por sustitución (vulgarmente llamada ‘ventre de alquiler’) es una práctica legal no regulada en la mayoría de los países de la región, pero a la que acuden cada vez más personas buscando concretar el sueño de formar una familia, y que cuenta con una copiosa y creciente jurisprudencia que la respalda. La gestación subrogada es una posibilidad dentro de las TRA cuando la mujer no puede llevar adelante el embarazo. Ser ‘solidaria’ cuando haya lazos de afecto o parentesco entre quien gesta y quien decide ser madre, o ‘por encargo’ cuando no los haya. En todos los casos, se requieren evaluación psicológica, consentimiento informado y consejería legal plasmados en un acuerdo de subrogación firmado por todas las partes. El embrión se formará con el óvulo de la mujer que busca ser madre o con un óvulo donado, y el esperma de su pareja o de un donante. En ningún caso con el óvulo de la mujer que gestará. Ni la donante de óvulos ni la gestante subrogada tienen el deseo ni la intención de ser ‘madres’. La ‘madre’ es la mujer que anhela al hijo, usualmente después de años de dolor e intentos fallidos, acudiendo entonces a las TRA. Legalmente esto se llama ‘voluntad procreacional’. Dónde radica la dificultad? En que, al no estar específicamente regulada, esta práctica choca con las normas sobre filiación que se basan en la histórica presunción de que quien da a luz es la madre del nacido. Una realidad desfasada por la tecnología. Existencias tres modos legales de establecer la filiación: por la naturaleza (parto), por adopción y por voluntad procreacional expresada en el consentimiento informado en las TRAs. El parto ya no es la única forma de establecer la maternidad y la presunción del Código Civil puede ser desvirtuada mediante prueba suficiente, como un acuerdo de subrogación. Usualmente se requiere algún grado de intervención legal para regularizar la inscripción de los nacidos por estos medios. Por otro lado, se ha dicho que el artículo 7 de la Ley General de Salud prohibiría la ovodonación y la maternidad subrogada, al expresar que todas las personas tienen derecho a acudir a las técnicas, pero que ‘la madre gestante y la genética deben coincidir’. Ello deriva de una interpretación descontextualizada y literal de un artículo de dudosa constitucionalidad ya que: a) no configura técnicamente una prohibición, las que deben ser expresas; b) introduciría una discriminación inaceptable, los hombres podrían remediar la infertilidad y las mujeres no; c) dejaría casi sin efecto el campo de acción de las TRAs, entre otras razones. En el Perú existen al menos tres sentencias que reconocen la legalidad de la maternidad subrogada y la inaplicabilidad del artículo 7 de la Ley General de Salud, incluida una casación de la Sala Civil de la Corte Suprema de hace varios años. Jueces y fiscales deben formarse en bioética jurídica de modo que cuenten con las herramientas apropiadas para evaluar casos complejos como este y evitar sufrimientos absurdos.","elcomercio","05/09/2018"
"QUIEN SIEMBRA VIENTOS… COSECHA TEMPESTADES","Y eso es lo que, en mi opinión, les está ocurriendo a Keiko Fujimori y su partido por haber abusado de su poder sin prever las consecuencias que ello tendría sobre su candidatura en el 2021. Como señalé en una columna de hace un año (¿Quo Vadis, Keiko?, del 2/9/17), la estrategia política de Fuerza Popular ha consistido en buscar monopolizar la agenda disparando a todo lo que se mueva en el gobierno. En su lógica, ello permitiría mantener a Keiko posicionada en la mente del votante sin tener que exponerla a los medios (ya que es muy peligroso liderar las encuestas con tanta anticipación). El problema es que ello supone que Fuerza Popular puede ejercer el poder como lo ha venido haciendo (aprobando leyes a su medida, como la ‘ley Mulder’ o la ‘ley antitransfugas’; y censurando, porque les da la gana, a ministros populares como Jaime Saavedra) y que aún así el público va a creer que solo podrán resolver sus problemas cuando Keiko sea presidenta. Tremendo error. Su popularidad no solo cae por haberse peleado con Kenji o estar involucrada en tal o cual escándalo. Caen, sobre todo, porque no tiene resultados concretos que mostrar a pesar de ejercer tanto poder. A la larga, criticar todo sin proponer nada cansa a cualquiera. Por otro lado, la forma como Keiko ha respondido a su bajón en las encuestas refuerza la idea de que necesita mejores asesores políticos (lo mismo revela, creo yo, la selección de su candidato a la Alcaldía de Lima). El video del 23 de agosto, por ejemplo, en el que aparece criticando al presidente Vizcarra, parece dirigido al 15% que la apoya y no al 81% que la desaprueba (donde están los votantes que necesitará en las próximas elecciones). Ella, que tiene 43 años y corre triatlones, aparece disfrazada de señora mayor (en un país donde la mayoría de los votantes son jóvenes) y lee un texto que, además de ser poco inspirador y confuso, pierde los minutos más valiosos en criticar al ex presidente Kuczynski (lo que no era el objetivo del mensaje). Además, confirma, a pesar de que su partido lo ha negado, que el principal propósito de la ‘ley Mulder’ fue el de golpear a los medios de comunicación (si fue un error hacerlo es uno mucho peor confirmarlo). Quizás sus apariciones en medios de los siguientes días le hayan hecho daño al presidente Vizcarra, pero dudo de que hayan mejorado sus posibilidades para el 2021. El reciente bajón en las encuestas implica que Keiko está políticamente liquidada, como quieren creer algunos? Yo creo que no. Por un lado, porque falta mucho tiempo para las elecciones generales. Por otro, porque Fuerza Popular sigue teniendo mucho poder dentro y fuera del Estado. El problema, me parece, es más interno que externo, porque para salir del atolladero y construir una candidatura con posibilidades de vencer, Keiko tendría que dejar de escuchar a quienes la han estado asesorando y rodearse de mejores estrategas políticos (probablemente venidos del extranjero, lo que sería irónico considerando sus recientes críticas al presidente). Y esto está difícil, porque una de las cosas que viene demostrando es que voluntad de cambio no le sobra.","elcomercio","05/09/2018"
"CHVARRY SAC CHAVETA","Les puedo contar cómo es la nuez de la política judicializada: un país de mucho delito y mucho abogado, con mucha trampa jurídica y tramitológica, es terreno propicio para que sus líderes descendan del debate doctrinario y la acción política directa a la baja política. O sea, antes de competir en las urnas, el líder ve de qué se agarra para inhabilitar al rival. Si no lo inhabilita, todavía queda el chance de excluirlo. As pasó, con presiones y quizá corrupción que ya el tiempo develará, con la exclusión de César Acuña y de Julio Guzmán en el 2016. No fue el pueblo, fue el JNE, hecho a semejanza del CNM, el que decidió por nosotros. Cualquiera le ganaba a Keiko en segunda vuelta, así que podemos decir que PPK fue producto de la leguleyada y la tramitología disfrazadas de política. Y en ese gobierno, la judicialización de la política llegó a su fase superior cuando explotó Lava Jato. Si ya el humalismo, y antes Toledo, encontraron armas poderosas para enfrentar a FP y al Apra, agitando antiguos casos de corrupción e investigando nuevos, el Lava Jato empapeló a todos. Cayó Toledo, cayeron los Humala, la Villar, finalmente PPK. Keiko y Alan sumaron nuevos frentes judiciales a los ya abiertos. El tamaño de los rabos de paja termin siendo el argumento esencial en la lucha política. Una nueva leyenda urbana, con fundamento real, había reemplazado a otra: ya no eran los apristas quienes dominaban el PJ y el Ministerio Público, sino los caviares. Pablo Sánchez sería la encarnación de ello y por eso agarró a los fujimoristas de punto; ahora, con Pedro Chávarry, los fujimoristas empezarán a dar el vuelto. Y así entramos a la fase última de una judicialización de la política que es la politización de la justicia hasta el borde de la vacancia o el adelanto de elecciones. Una bronca descomunal con expedientes lapidarios de por medio que amenazan hasta al presidente. Porque a eso apunta la investigación a Alfredo Thorne por el caso Chinchero, no? Qué hacer? Una amnistía judicial y política para todos? Ni locos! Tenemos que preservar la autonomía de la acción justiciera contra presuntos delitos en uno y otro lado del espectro (desde PPK y sus exministros Thorne o Guido, hasta las varias investigaciones contra Keiko y su gente, incluyendo la que le pueda tocar al propio Vizcarra). El plazo y énfasis de las diligencias no puede depender de una fiscal en trompo que se abata sobre los políticos y descuide a mafias y grupos económicos. Antes que pedirle a Chávarry su propia cabeza, le pido otra cosa: que promueva un concurso extraordinario para que fiscales superiores se conviertan en supremos. Que se vaya con dignidad.","elcomercio","05/09/2018"
"ENTREVISTA A MARIO BELLATIN","Me sorprende que los escritores quieran opinar de todo Las ferias del libro son casi siempre una especie de circo. Al estar tan saturadas no hay espacio para el debate real Una de las formas que tengo de crear es observar la realidad y mostrar los quiebres. Otra es mirar las cosas sin prejuicios.","elcomercio","05/09/2018"
"Reggiardo minimiza plagios y expertos le atribuyen falta ética","El candidato de PPS a la Alcaldía de Lima justificó los textos copiados en su plan de gobierno y señaló que hubo una omisión involuntaria. Renzo Reggiardo, candidato de Per Patria Segura (PPS) a la Alcaldía de Lima, pronunció ayer sobre los plagios en su plan de gobierno, argumentando que hubo una omisión involuntaria en la presentación del mismo e insistió en que las fuentes de información se mencionan en el prólogo del documento. Sin embargo, especialistas cuestionaron sus justificaciones y coincidieron en que cometió una falta ética. Según dijo Reggiardo a Canal N, la duda se genera a partir de una cita que hace en la parte básicamente del análisis, del diagnóstico del plan de gobierno. Pero cabe recordar que El Comercio comprobó que el documento registra más del 50% de información que coincide con otras fuentes que el texto no cita y que consigna como propias al no usar comillas, notas a pie de página o incluir bibliografía. Los propios planes de otras candidaturas citan estos documentos oficiales, con la diferencia de que les han incluido el pie de página. Y nosotros, por una omisión involuntaria, no. Pero sí lo hemos mencionado en el prólogo, aseveró. Este Diario revisó todos los planes de gobierno de los postulantes a la alcaldía limeña con el programa Turnitin y encontró que solo el de Reggiardo presenta plagios.   -Critican argumentos- El candidato sostuvo que el lugar en las encuestas tiene mucho que ver con los cuestionamientos que se le hacen. Al respecto, Fernando Tuesta, ex jefe de la Oficina Nacional de Procesos Electorales (ONPE), dijo ver precisamente mayor irresponsabilidad en Reggiardo considerando su intención de voto. No se trata de una exquisitez académica, se trata exactamente de plagio, indic. Es un problema obviamente ético para empezar, añadió. Para Roque Bravo, ex secretario general del Jurado Nacional de Elecciones (JNE), todo documento debe citar las fuentes, pues lo contrario sería dejar impune la violación del derecho de autor o intelectual. La conducta que se reprocha es que una idea ajena se presente como propia. No solo es antitética, sino ilegal e infracción penal, agregó.  En tanto, fuentes de la Dirección Nacional de Fiscalización y Procesos Electorales del JNE indicaron que si bien no fiscalizan los planes de gobierno y la norma no exige a los candidatos citar fuentes, esas son las reglas básicas de cualquier documento que uno presenta o elabora, respetar los derechos de autor. No lo tiene que decir la ley para que lo hagan. Agregaron que en anteriores casos similares, lo que hicieron los jurados electorales especiales fue recibir denuncias al respecto o actuar de oficio. O las pasan al Ministerio Público o el Tribunal del Pacto Ético los convoca [a los candidatos] para la aclaración del caso, detallaron. Esto último ha ocurrido con Reggiardo. Reggiardo insistió en que en el prólogo se mencionan las fuentes.","elcomercio","05/09/2018"
"Convocado por Tribunal de Honor","El Tribunal de Honor del Pacto Ético Electoral, explicó su presidente Enrique Bernales, contempla en sus procedimientos remitir advertencias y aceptar reconocimientos de faltas de los candidatos. Asimismo, emite amonestaciones que, dependiendo de la gravedad, pueden ser o no públicas. Si la falta persiste, el caso se eleva al JNE. Reggiardo fue convocado para el lunes, a fin de responder por su plan.","elcomercio","05/09/2018"
"Migrantes venezolanos en el Perú","Actualmente tenemos capacidad de atención de 800-900 solicitudes de refugio. Patricio Rubio Secretario ejecutivo de la Comisión Especial para los Refugiados de la cancillería. Miles de ciudadanos venezolanos pugnan por ingresar al Perú, mientras otros inician trámites para retornar a su país. En las últimas horas al menos 200 personas acudieron a la embajada de Venezuela para acogerse al plan Vuelta a la Patria aprobado ayer por la Asamblea Nacional Constituyente de ese país para fomentar el retorno de migrantes. En la sede de la embajada venezolana, ubicada en la avenida Arequipa, los migrantes que acudieron por primera vez ayer recibieron una charla informativa sobre los requisitos para su retorno. Los que ya tenían esta información, llevaron una copia de sus documentos de identidad (carta andina o pasaporte); además, llenaron un registro con sus datos y el motivo por el cual deseaban regresar a su patria. Según dijeron algunos de los venezolanos, en los próximos días será seleccionado el primer grupo que retornará. En este serán priorizadas las personas con alguna enfermedad, niños y embarazadas, principalmente. El 28 de agosto pasado cerca de un centenar de venezolanos, que argumentaron no encontrar oportunidades laborales en el Perú, se embarcaron en un vuelo de regreso a su país financiado por el gobierno de Nicolás Maduro. Al respecto, el político venezolano y presidente de la ONG Unión Venezolana en Perú, Scar Peñalver, señaló que este plan buscará desacreditar a la diáspora, al Gobierno Peruano y a la solidaridad que nos han dado en este país. Solo se han aceptado 150 pedidos de refugio Demanda ● Cancillería acelerar la revisión de más de 120 mil solicitudes presentadas por venezolanos ● Otros inician trámites para regresar a su país. Alicia Rojas Sánchez enrique Vera Caro Entre enero y julio de este año, el Ministerio de Relaciones Exteriores recibió más de 120 mil solicitudes de refugio, de ellas el 99% provinieron de ciudadanos venezolanos que escapan del régimen de Nicolás Maduro. Según informó Patricio Rubio, secretario ejecutivo de la Comisión Especial para los Refugiados de la cancillería, solo 150 de estos pedidos han sido aceptados. Más de la mitad de las 120 mil solicitudes no han podido ser atendidas aún debido a la alta carga de documentos que se reciben al día (entre 800 y 900 pedidos). Las solicitudes de refugio –estatus jurídico otorgado a quien escapa de su país por motivos humanitarios– se han incrementado notablemente en los últimos años. Entre el 2015 y el 2016, por ejemplo, se pasó de 433 peticiones anuales a 4.366. Luego, durante el 2017, la cancillería recibió 34 mil pedidos. Este año, en que la crisis migratoria venezolana ha alcanzado niveles continentales, el Ministerio de Relaciones Exteriores recibe un promedio de 14 mil solicitudes de refugio al mes. Según el secretario Rubio, esta situación ha desbordado las capacidades de su oficina para absolver cada pedido que se formula individualmente. Tratamos de identificar los casos que consideramos que tienen elementos para tener un temor fundado de persecución, explic Rubio a El Comercio. El funcionario añadió que en un mes y medio se instalará un nuevo sistema para acelerar la revisión de las solicitudes.","elcomercio","05/09/2018"
"Ser refugiado en Perú","La persona que solicite refugio en el Perú puede permanecer en el país hasta que se defina en última instancia su situación. Quien sea reconocido legalmente como refugiado tiene derecho a la calidad migratoria de extranjero residente por un año. La calidad de refugiado puede hacerse extensiva al cónyuge, hijos u otras personas dependientes.","elcomercio","05/09/2018"
"Incendio forestal en Arequipa","Un incendio forestal que comenzó el domingo pasado en el distrito de Puquina, en la región Moquegua, llegó hasta el distrito de Polobaya, en Arequipa. En la zona hay 59 agentes de la policía, 44 miembros del Ejército y más de 50 comuneros de Polobaya y Orlaque, que intentan apagar el fuego que ya consumió unas mil hectáreas de flora silvestre. La coordinadora del Centro de Operaciones de Emergencia Regional (COER) de Arequipa, Jackeline Choque, informó que para evitar que el fuego avance están realizando surcos naturales y retirando todas las ramas secas de las zonas cercanas. Un helicóptero de la Fuerza Aérea se trasladó a la zona con un bultín de agua para apagar el fuego; esta acción se llevó a cabo varias veces. Sin embargo, a pesar de los esfuerzos, las llamas no han podido ser apagadas, según confirmó el comandante FAP Javier Nole Gonzales, subjefe de Operaciones. El responsable del Servicio Nacional y Forestal de Fauna Silvestre (SERFOR) en Arequipa, Luis Felipe Gonzales, advirtió que cerca del fuego está la Reserva Natural de Salinas y Aguada Blanca, que alberga bosques de queules.","elcomercio","05/09/2018"
"Entrevista Amanda Martin","Los datos son alarmantes, afirma la jefa del área de protección de UNICEF Perú. Especialista de UNICEF analiza la situación de la violencia sexual contra menores en el país. La violación sexual de menores de edad es el segundo delito que más presos genera. ¿Por qué? El número de presos es consistente con la data que ofrece la estadística. Cuando se pregunta a los chicos si han tenido experiencias de violencia sexual en casa, muchos responden afirmativamente.","elcomercio","05/09/2018"
"Persigui y acuchilló a su pareja frente al aeropuerto","Hugo Soto Mijahua (51) permanece detenido por haber asesinado a su pareja el último lunes frente al aeropuerto Jorge Chávez. Durante el interrogatorio, el feminicida reconoci que persiguió a Rosa Peralta Torres y la atacó con un cuchillo, según su declaración, por celos. Tomé la misma combi en Ventanilla [Callao] y esperé que pagara el pasaje para escuchar a dónde iba. Ella dijo que iba hasta Aduanas [en la avenida Elmer Faucett] y recién pagué yo, narró Soto.","elcomercio","05/09/2018"
"La Liga contra el Cáncer espera recaudar en tres días S/2,5 millones","El dinero se invierte en labores de prevención oncología en el país. Aplica que lo recaudado en las colectas nacionales permite costear las tareas de prevención, ya que los servicios de despistajes que brindan sus carpas y unidades móviles son gratuitos. En el 2017, afirma, la liga realizó 300 mil despistajes. ‘A través de ellos, se pudo detectar 8 mil cánceres y precánceres’, dice la especialista. Además, con lo recaudado el año pasado se adquirieron equipos para la detección temprana de enfermedades neoplásicas, como un mamógrafo 3D. También han implementado con tecnología de punta la sala de revelados, donde los radiólogos analizan los resultados de las mamografías. La urgencia de estas compras radica en que, en mujeres, los cánceres más comunes son...","elcomercio","05/09/2018"
"Hoy se inicia colecta contra el cáncer","Hasta este viernes se podrá colaborar con la campaña pública nacional. Diez mil voluntarios recorrerán el país con las alcancas. María del Carmen Yrigoyen. A partir de hoy y hasta el viernes 7 de septiembre se llevará a cabo la colecta pública nacional de la Liga contra el Cáncer. La institución, que lleva 68 años desarrollando tareas de prevención, tiene como meta recaudar S/2,5 millones en estos tres días. Para lograrlo, 10 mil voluntarios se distribuirán por Lima Metropolitana, Callao y otras 16 ciudades (Arequipa, Cajamarca, Chiclayo, Chincha, Cusco, Pacasmayo, Huánuco, Huaraz, Ilo, Puerto Maldonado, Moquegua, Piura, Puno, Tacna, Tingo María y Trujillo). Irán vistiendo mandiles blanquirrojos y credenciales. Portarán las alcancas con el logo de la liga y repartirán stickers a quienes colaboren con la causa.","elcomercio","05/09/2018"
"Envían a cárcel a esposos por caso de vientre de alquiler","El Poder Judicial ordenó 12 meses de prisión preventiva para la pareja. Los esposos Rosario Madueño Atalaya (46) y Jorge Tovar Pérez (48), de nacionalidad chilena, fueron internados ayer en el penal de Ancón II y en el del Callao, respectivamente, acusados del delito de trata de personas. La pareja fue detenida el 25 de agosto en el aeropuerto Jorge Chávez cuando iba a salir del país con dos bebés que fueron gestados por un vientre de alquiler. El domingo, el Poder Judicial dictó 12 meses de prisión preventiva para Madueño y Tovar. Desde el 2011, los esposos se han sometido a varios tratamientos de fertilidad para ser padres hasta que en el 2013 fueron atendidos por la clínica Concebir en Lima, donde decidieron someterse a la técnica del vientre sustituido o popularmente conocido como vientre de alquiler. Los bebés nacieron el 28 de julio y, tras la detención de los esposos, fueron llevados a un albergue del INABIF. Los menores están inscritos en Registros Civiles, según los extranjeros.","elcomercio","05/09/2018"
"El devastador incendio en Brasil","José Prez Pombal Jr. estaba en su casa cuando le avisaron del incendio en el Museo Nacional de Río de Janeiro. Fue uno de los primeros en llegar. El exdirector adjunto, que trabaja en el Departamento de Herpetología desde 2010, habló con este Diario y dijo que la pérdida es inconmensurable. EntrEntrevista José Prez Pombal Jr.: Es una gran pérdida para la ciencia y la cultura. El biólogo lamenta la destrucción de una de las más vastas colecciones de historia natural. Denuncian por corrupción al posible sustituto de Lula. Según la fiscalía, Fernando Haddad recibió dinero de una constructora. Fiscales del estado brasileño de São Paulo presentaron cargos por corrupción contra Fernando Haddad, candidato del Partido de los Trabajadores (PT) a la vicepresidencia del país. Haddad, exministro y exalcalde de São Paulo, se convertirá probablemente en el candidato presidencial del PT en los próximos días, ya que el Tribunal Supremo Electoral (TSE) vetó la semana pasada la participación de Luiz Inácio Lula da Silva, preso por cargos de corrupción.","elcomercio","05/09/2018"
"El peor tifón en 25 años azota las costas de Japón","El oeste de Japón está soportando el embate de Jebi, la tormenta más poderosa en golpear las costas niponas en un cuarto de siglo. Su potente paso ya ha dejado seis muertos y un centenar de heridos, además de impresionantes daños materiales en la isla. En la ciudad de Osaka, una de las más afectadas, la marea penetró en el aeropuerto internacional de Kansai inundando una de sus dos pistas y la zona de almacenamiento de mercancías, entre otras instalaciones, lo que provocó el cierre de sus instalaciones. Más de 700 vuelos fueron cancelados, informaron los medios japoneses. El servicio de tren de alta velocidad quedó suspendido entre Tokio e Hiroshima. Un barco petrolero se estrelló contra un puente que conecta el aeropuerto de Kansai con tierra firme, dañando parte de la estructura y la embarcación.","elcomercio","05/09/2018"
"Sujeto mata a su pareja embarazada","Jhoel Huatuco Esteban es acusado de asesinar a su pareja Heydi Katerine Cueva Yauro, quien tenía ocho meses de gestación. El feminicidio se registró en el distrito Huertas (Jauja). Huatuco después intent suicidarse. Está detenido.","elcomercio","05/09/2018"
"Entrevista Amanda Martin Jefa del área de protección de Unicef Perú","Los datos son alarmantes. Especialista de Unicef analiza la situación de la violencia sexual contra menores en el país.  — La violación sexual de menores de edad es el segundo delito que más presos genera. ¿Por qué? El número de presos es consistente con la data que ofrece la estadística. Cuando se pregunta a los chicos si han tenido experiencias de violencia sexual en la casa, escuela o comunidad los niveles de prevalencia son altísimos. Los datos son alarmantes.  — Por qué si hay tantos casos aún no hay una conciencia acorde con la magnitud del problema? Todavía no hemos interiorizado y aprendido que los niños y niñas son ciudadanos exactamente iguales que los adultos. Si no colocamos a los niños al mismo nivel que los adultos en las leyes, políticas, presupuestos y la conciencia ciudadana es difícil que se genere una alerta social.  — Para que ello ocurra, ¿cuál debería ser la cadena de responsabilidades? Si nos basamos en el marco de derechos humanos, los primeros responsables de garantizar el bienestar de niños y niñas es el Estado, después la sociedad, entendida en su conjunto como la familia y empresas.  — ¿Cómo evalúa el actuar del Estado Peruano? Existe mayor conciencia política de la importancia del tema. Sin embargo, me parece que el enfoque es reactivo. Se busca poner solución al problema una vez que ya se ha producido, enfocándose en mandar un mensaje de la gravedad del hecho y de la sanción estatal. El Estado está invirtiendo menos recursos y esfuerzo en dos dimensiones que son clave para cambiar la vida de los niños. Una es la prevención y la otra es garantizar el acceso a una protección inmediata y adecuada.  — Cree que la estructura del Ministerio de la Mujer es la adecuada en cuanto al enfoque hacia el niño? Actualmente solo existe una dirección. ¿Debería crecer y tener más peso? Esta es una discusión que se da no solo en Perú. La experiencia de Unicef muestra que cuanto más alto está el nivel de responsabilidad en materia de niñez, más posibilidades hay de que el tema entre en la agenda política, legislativa y presupuestaria. Por ejemplo, el Comité de Derechos del Niño [de Naciones Unidas] recomienda que hubiera al menos un viceministerio dedicado a los temas de niñez. Eso sin duda ayuda a mover la maquinaria estatal y da un mensaje claro a la ciudadanía de dónde está colocando el Perú a los niños en temas de violencia.","elcomercio","05/09/2018"
"Elecciones municipales y regionales 2018","Francis Allison deja la alcaldía del distrito tras cuatro períodos consecutivos. Al sillón edilicio aspiran 15 candidatos.  Vecinos piden seguridad, ordenamiento y recuperación de espacios. El malecón de la Costa Verde está descuidado en el tramo de Magdalena. Para la gestión saliente, el mercado de Magdalena es un sitio seguro. El municipio viene remodelando algunas calles.  Magdalena también enfrenta problemas de demarcación territorial con San Isidro. Desde 1956 ambos distritos se disputan 42 manzanas, enmarcadas entre las avenidas Salaverry, Snchez Carrín y Juan de Aliaga. En esta zona los vecinos reciben servicios de ambas comunas.  La comuna de Magdalena señala que la gestión de Allison buscó alternativas para resolver este problema, aunque aclara que la solución definitiva al conflicto está en manos del Instituto Metropolitano de Planificación. Los vecinos de Magdalena también indican que la seguridad ciudadana es otro tema pendiente, que deberá mejorar el próximo alcalde, sobre todo en los límites con Pueblo Libre y San Miguel. Precisan, además, que no hay infraestructura adecuada para el desarrollo de actividades deportivas.  —Las propuestas— En estas elecciones 13 hombres y 2 mujeres, seis candidatos más que en los comicios pasados, aspiran a la Alcaldía de Magdalena. No obstante, hace unos días el Jurado Electoral Especial de Lima Oeste 1 emiti las resoluciones de exclusión de José Manuel Saavedra, candidato de Unión por el Per, y Raúl Madueo, del PPC, por ocultar información en su hoja de vida sobre procesos judiciales y posesión de empresas. Ellos aún figuran como inscritos en la página del Jurado Nacional de Elecciones, pues habrían apelado la decisión del órgano electoral.  Entre las propuestas de los 15 candidatos figuran la creación de un policlínico municipal, un polideportivo, una piscina temperada, la construcción de un albergue para adultos mayores y casas de la juventud. Además, prometen implementar puestos de auxilio rápido, contratar a más serenos, revisar y mejorar la zonificación, recuperar la playa Marbella, entre otros proyectos.  Según Urbania, Magdalena es el sexto distrito más valorado a la hora de comprar una vivienda en la capital. En este sentido, para el analista político José Carlos Requena, la prioridad de los candidatos debe ser el ordenamiento urbano del distrito. Hay muchos edificios nuevos, en varios casos de 12 pisos o más en calles interiores. Entre la densidad poblacional y la provisión de servicios, seguramente habrá problemas pronto, precisa.","elcomercio","05/09/2018"
"Persigui y acuchilló a su pareja frente al aeropuerto","Hugo Soto Mijah (51) permanece detenido por haber asesinado a su pareja el último lunes frente al aeropuerto Jorge Chávez. Durante el interrogatorio, el feminicida reconoció que persiguió a Rosa Peralta Torres y la atacó con un cuchillo, según su declaración, por celos. Tomé la misma combi en Ventanilla [Callao] y esperé que pagara el pasaje para escuchar a dónde iba. Ella dijo que iba hasta Aduanas [en la avenida Elmer Faucett] y recién pagué yo, narró Soto.","elcomercio","05/09/2018"
"A la justicia de Brasil: Correos, estado de cuentas y otros documentos","Odebrecht entrega pruebas de presuntos aportes a Humala Pagos. Empresario había señalado que dio US$3 mlls. para la campaña del 2011, pero 5 de las 11 transferencias se hicieron cuando ya era presidente.  Reacciones. El ex mandatario niega que haya recibido aportes de constructora. Penalista dice que evidencias abren puerta para procesarlo por corrupción.","elcomercio","05/09/2018"
"Tifón causa estragos en Japón","Jebi, la peor tormenta en 25 años que afecta al país nipón, había dejado hasta ayer seis muertos y un centenar de heridos. En Osaka se cerró el aeropuerto y se cortó la luz a 1,6 millones de viviendas.","elcomercio","05/09/2018"
"Corte Suprema busca apartar a jueces vinculados a hechos graves","Atribución. Se necesitan facultades inditas hasta que se restituya CNM. Alejamiento de jueces será por 90 días, indica titular del Poder Judicial.","elcomercio","05/09/2018"
"Editorial","El fiscal Chávarry no puede permanecer en el cargo. Más allá de sus pretextos, es evidente que no goza de la ‘conducta intachable, públicamente reconocida’ que de acuerdo a ley se requiere de un fiscal supremo. Editorial de El Comercio Necesario paso al costado / 1 de agosto del 2018  En los últimos meses, los audios que han destapado la crisis de nuestro sistema de justicia vienen dejando algunas lecciones que vale la pena recoger. Una de ellas –que hemos destacado anteriormente– es la visible frontera que separa lo moral de lo legal y que ha sido remarcada por algunos funcionarios quienes, sorprendidos al identificar sus voces en las ya célebres llamadas telefónicas, han tratado de aguar los cuestionamientos alegando que un acto vacío de ética no necesariamente conlleva un ilícito penal. Así, las mentiras, los favores y las presiones han pasado a formar parte de la normalidad de jueces y fiscales que, en tanto encargados de hallar justicia en el país, se supone, deberían tener una noción superior al resto de ciudadanos sobre lo que es justo o no.  Pues bien, lo dicho viene a cuento a razón de la última denuncia que implica al fiscal de la Nación, Pedro Chávarry. Como se sabe, el jueves pasado, se conoció que el 15 de agosto Sandra Castro, fiscal anticorrupción del Callao, remitió un informe al fiscal supremo Pablo Sánchez en el que señalaba al señor Chávarry como parte de la banda conocida como Los Cuellos Blancos del Puerto. Junto al fiscal de la Nación, además, aparecían altos funcionarios de la judicatura, como jueces supremos, ex consejeros del CNM y otros dos fiscales supremos.  Si bien ya es inquietante que la cabeza del organismo encargado de perseguir el delito sea apuntado como un posible miembro de una organización criminal, las respuestas que ha dado el fiscal Chávarry a través de un video en las redes sociales para ‘aclarar’ este desaguisado han sido alarmantes. Para comenzar, el fiscal ha hecho un recuento de todas aquellas críticas que acusa haber recibido en los últimos meses y que califica como falsas. Curiosamente, no hace referencia alguna a las principales sombras que se ciernen sobre su investidura, como sus mentiras para tratar de tapar una reunión con periodistas o su cercana con el hoy detenido empresario Antonio Camayo y con el suspendido juez César Hinostroza.  As también, el titular del Ministerio Público asegura sentirse sorprendido por la “gran cantidad de ataques subalternos, basados en mentiras, que he recibido”, en una aseveración que luce como un intento por desestimar el trabajo de la fiscal Castro. Además, Chávarry afirma que se ha convertido “en el blanco preferido de todos aquellos que defienden a los corruptos”, tratando de anular a priori las voces que lo critican –incluyendo los medios periodísticos que válidamente cuestionamos su conducta– y soslayando que, según la última encuesta de El Comercio-Ipsos, el 94% de los que están al tanto de su situación considera que no debe continuar en el cargo. Un fiscal de la Nación, en tanto encargado de perseguir el delito, no debe ser tan ligero como para tildar de corruptos a sus detractores.  Llama también la atención la admonición que el fiscal lanza en un momento. “No se escaparán los corruptos de este gobierno y los anteriores”, sostiene para –acto seguido– vaticinar: “ya los descubriremos”. No hay que ser experto para notar que posiblemente esta advertencia está dirigida a aquellos a quienes, según sostiene, están implicados en actos de corrupción pero que aún no descubre terminar desatando una furiosa persecución. Después de todo, si –como el propio fiscal de la Nación ha trazado– los cuestionamientos en su contra nacen del miedo de supuestos criminales, su permanencia en el cargo dependerá de cuántos funcionarios pueda poner tras las rejas. Y aunque la persecución de los corruptos puede ser deseable, cuando los motivos políticos se infilan en la búsqueda de la justicia, ésta última termina abandonando su ecuanimidad.  Es preocupante, asimismo, su tuit del jueves, en el que promete ser “implacable en la investigación” del caso de Los Cuellos Blancos del Puerto. ¿Cómo se puede ser implacable en una indagación en la que uno es señalado como involucrado? Acaso el señor Chávarry espera que creamos que puede ser diligente al investigar los delitos que podrían terminar alcanzándolo?  Si el fiscal ha cometido algún delito o no, tendrá que verse en la investigación. Pero esto no se trata de si el señor Chávarry ha incurrido en un ilícito, sino de si mantiene la imagen impoluta que no solo le exige la ciudadana, sino que le impone el propio reglamento para ejercer el cargo.","elcomercio","05/09/2018"
"Hubo novedades en esta última convocatoria","Sin embargo ante los holandeses el once no verá muchas modificaciones en comparación a lo que vimos en Rusia 2018. Las dudas hasta ayer eran Luis Advíncula, por dolores en el muslo y rodilla, y Ruidiaz, por un golpe en el tobillo ayer en las prácticas. Ambos fueron examinados por el doctor de la selección, Julio Segura, quien les dio el visto bueno para que puedan arrancar ante el seleccionado naranja.  Una pregunta constante a Gareca en entrevistas con medios y que ayer volvió a hacerse en la conferencia estaba relacionada con la ubicación de Horacio Calcaterra en el once nacional. El jugador de Sporting Cristal es polifuncional, aunque el ‘Tigre’ ahora sí detalló que ‘Calca’ será utilizado en la posición que acostumbra en Sporting Cristal; es decir, en la parte media del campo, como un mixto de apoyo.  Ayer se unió el plantel completo y hoy será la última práctica en Alkmaar. No habrá reconocimiento del Johan Cruyff Arena. El viernes arranca la preparación en Sinsheim, Alemania. Perú afronta esta fecha FIFA en el puesto 20 del mundo y en el quinto de Sudamérica. Gareca ha fijado all su punto de partida. Es un ‘Tigre’ que quiere convencer a todos de dar un nuevo salto.","elcomercio","05/09/2018"
"Cambio...","Luego de la sorpresiva renuncia de Wilmar Valencia a la dirección técnica del Sport Boys, el argentino Manuel Fernández será su reemplazante. El entrenador habría sido recomendado por el mismo Jorge Sampaoli.","elcomercio","05/09/2018"
"Medida...","Tras la agresión sufrida por el árbitro Michael Espinoza, la Comisión de Justicia de la FPF prohibió a Comerciantes Unidos jugar en el estadio Carlos Olivares de Guadalupe por 30 días.","elcomercio","05/09/2018"
"Reestreno...","Alberto Rodríguez debutará con Universitario el próximo martes 11 de septiembre ante UTC. El elenco crema recibió el ‘transfer’ del defensor ayer y entre hoy y mañana podría ser inscrito para el Clausura.","elcomercio","05/09/2018"
"México es la nueva escala de Beto da Silva","Delantero de 21 años se incorporó a los entrenamientos de Tigres de Monterrey.  VÍCTOR GARAY LUNA  Beto da Silva tiene 21 años, pero por el historial de equipos a los que ha defendido hace que parezca un veterano. Ayer, el atacante se incorporó a los entrenamientos de Tigres de México, su quinto club a lo largo de su corta carrera, y solo faltaba la firma del contrato por tres años.  La mejor etapa de Da Silva, hasta ahora, fue con Sporting Cristal. En el cuadro rimense debut en Primera División en el 2013. Sin embargo, fue en el 2015 que sorprendió hasta al mismo Ricardo Gareca por la calidad que mostraba dentro del campo. Aún queda grabado aquel partido ante Melgar en la final del Descentralizado, donde realizó una colosal jugada que hizo que el técnico de la selección se pusiera de pie.  Beto era y seguir siendo el delantero del futuro, aunque su pasado inmediato no daba para augurar mejores tiempos. Dejó el Rímac para saltar al fútbol del primer mundo. El PSV Jong lo recibió en el 2016. Jugó 27 partidos y marcó cuatro goles en dos temporadas. Nunca pudo jugar un partido oficial con el primer equipo holandés, apenas alternó en algunos amistosos. En el 2017 pasó al Gremio de Porto Alegre y las lesiones le jugaron en contra: 13 partidos y un solo gol. Este año dejó Brasil para asentarse en Argentinos Juniors y tampoco le fue bien: cinco partidos y ningún tanto marcado.  —Nueva oportunidad— El Tigres mexicano será una nueva oportunidad para Da Silva. En las redes sociales los hinchas del conjunto mexicano describen al delantero como un jugador encarador, con buena gambeta y fino a la hora de definir.  El delantero tuvo una oferta de Alianza Lima para regresar al fútbol peruano, pero decidi seguir luchando en el extranjero para ganarse un nombre. Por el momento no se sabe si Tigres lo va a prestar, como ya es su costumbre, o se quedará para pelear un puesto en el equipo titular.  Beto puede jugar de ‘9’, de segundo delantero o de extremo, y sigue en la consideración de Gareca. Pero primero deberá recuperar la regularidad perdida en cualquier lugar de la cancha.","elcomercio","05/09/2018"
"The Best, una gala sin galos","Pese a la saludable democratización que promete el The Best agrupando a seleccionadores, capitanes, periodistas e hinchas como gran jurado para elegir al mejor futbolista del año, la subjetividad y el escaso análisis de los votantes le han dado forma a una terna que genera mucha polémica. En sintonía con la UEFA, el podio para los dueños de la pelota se repite: Modric, Cristiano Ronaldo y Salah. Los tres de indudable gran temporada. Pero ¿fueron realmente los mejores del 2018, los que más méritos individuales y colectivos hicieron para tentar la corona?  Más allá de la ausencia de Griezmann o hasta del caserito Messi, la valoración del ente europeo tiene correspondencia con la relevancia de los candidatos en su torneo más importante de la última temporada, la Champions. Bajo esa mirada encorsetada que premia exclusivamente a los finalistas de ese torneo, se entiende que los grandes protagonistas sean los actores principales de su gran fiesta. El francés conquistó la Europa League mientras que el argentino ganó el doblete con la Liga y la Copa del Rey. En ambos casos, esos trofeos no pueden competir con la Orejona. Hasta ahí, lo de la UEFA podría ser discutible mas no descabellado.  El panorama cambia cuando se trata del The Best, un trofeo creado por la propia FIFA. Ser ilógico entonces que el peso mayor vuelva a recaer en los finalistas en la Champions. En Rusia 2018 observamos versiones descafeinadas de Cristiano y Salah, ninguno pasó del brillo efímero con algunos goles. Durante el Mundial hubo actuaciones mucho superiores a las de ambos. Por eso se entiende la queja de Deschamps. Creo que un francés lo habría merecido no solo por haber ganado el Mundial, también por la temporada que han hecho. Al menos merecían estar entre los tres finalistas, explicó el seleccionador galo poniendo un poco de cordura a tanta insensatez. La FIFA, simplemente, dejó que en su propia balanza la Champions le ganara a su Copa del Mundo.  Además del enorme mérito del título, en canchas rusas las prestaciones de Griezmann y Mbapp fueron superiores a las de ‘CR7’ y del egipcio, incluso la injerencia de Hazard en el funcionamiento de la maquinaria del seleccionado belga fue más destacada. Aunque las comparaciones son odiosas, habría que recordar que el prestigioso Balón de Oro de France Football, donde solo votan periodistas, siempre fue a manos de un campeón del mundo en año mundialista desde que el premio no se restringió solo para jugadores europeos: Zidane en el 98, Ronaldo en el 2002 y Cannavaro en el 2006. Cuando se asoció con la FIFA empezó a torcer la tendencia: Messi lo gan en el 2010 y Cristiano en el 2014. En ambos casos hasta podría aceptarse porque el nivel que tenían estaba lejos de lo terrenal, muy por encima de la pléyade que los veía en el cielo.  La FIFA puede aclarar que no tiene injerencia en los votos. Tiene razón. Pero estos resultados hablan por sí solos de la imperfección de su búsqueda para elegir al nuevo rey. Tendrá que repensar su método para no volver a mostrar un cariz errático que le quita credibilidad al galardón. Lo único que le queda es rezar para que sea Modric el que levante el trofeo. Otro ganador resultaría un verdadero fracaso.","elcomercio","05/09/2018"
"Delpo gana el duelo de gigantes y está en semis del US Open","Tenista argentino superó 3-1 a Isner y repitió su actuación del año pasado.  La Torre de Tandil se elevó más alto que el gigante John Isner. Juan Martín del Potro, de 1,98 m, recibe el aliento de sus amigos pero le falta fuerzas en las piernas. Padece los potentes 26 aces del estadounidense de 2,08 m, pero con su derecha abre su camino hacia una nueva semifinal en el US Open.  El argentino ganó 6-7, 6-3, 7-6 y 6-2 en tres horas para volver a meterse entre los cuatro mejores de este Grand Slam, como el año pasado cuando cayó en esta instancia ante Rafael Nadal. Vencer a John en esta clase de partidos es pico, dijo Del Potro, y así se dio ayer sobre todo por el calor de más de 32 grados y el 50% de humedad que reina en Nueva York.  En la penúltima ronda, el argentino enfrentará al ganador del duelo que jugaban anoche Rafa Nadal y Dominic Thiem.","elcomercio","05/09/2018"
"Equipo peruano de optimist fue puesto 12 en Mundial de Chipre","Delegación nacional se metió en la ronda final del certamen entre 48 naciones.  Los vientos soplaron de 8 a 12 nudos y el equipo peruano de optimist lo aprovechó para ubicarse en el top 12 del campeonato por equipos del Mundial de Chipre. El elenco nacional, formado por Florencia Chiarella, Paloma Poggione, María Gracia Vega, Piero Castaeda y Mateo Parodi, y conducido por el entrenador argentino Rodrigo Benedetto, logró clasificar a la fase final tras superar a Malta, Omán y Holanda en las primeras rondas del pasado sábado.  El último domingo se realizó la llave final y Perú comenzó su camino cayendo ante Singapur, luego superó a Finlandia y lamentablemente cayó ante Suecia, con lo que solo pudo llegar al puesto 12 del certamen en donde participaron 48 equipos.  El optimist es una modalidad de vela ligera donde compiten chicos hasta los 15 años.  Tras la competencia por equipos del fin de semana continuó la individual donde los veleristas nacionales viene disputando las distintas flotas. María Gracia Vegas se encuentra disputando el oro y a falta de dos días marcha en el puesto 30 entre los 260 participantes, y es la sudamericana mejor ubicada en la clasificación.","elcomercio","05/09/2018"
"En Entrevista Francisco Hervás","Quiero unificar el voleibol peruano  El español asume su nuevo rol con optimismo y apunta a Tokio 2020.  (s.f., 2018), ahora toma las riendas de la selección.  Marco Quilca León  Su nombre es Francisco Hervás, pero prefiere que lo llamen Paco. Hace cinco años llegó al Perú directo desde España para dirigir al Regatas Lima. Gan un título nacional (2016-17) y consigui el oro en el Sudamericano de Clubs de Voley Femenino.  —¿Cómo tom su llamado para ser técnico de la selección? Con mucha ilusión. Es un desafío personal y profesional muy grande y espero estar a la altura.  —¿Fue difícil dejar Regatas? Sí, ha sido duro. Estoy muy agradecido con el club. Pero creo que todos tenemos esa sensación de seguir creciendo y la selección me permitirá eso.","elcomercio","05/09/2018"
"Proyecto para mejorar la calidad de vida","De condición humana que no necesariamente es digna; a nadie le gusta salir a la calle con un parche en la cara. Con nuestro proyecto queremos cambiar este panorama.  — ¿Qué resultados se lograron desde que se implementó esta metodología? Nuestra metodología ya ha llegado a siete países, entre los que están Brasil, Perú, EE.UU. e India. Además, ya se está aplicando sin nuestra necesidad de orientación. Calculamos, sumando todos en los que directa o indirectamente he apoyado, que son entre 40 y 50 personas que han sido tratadas con este método. Toda esta labor la hacemos a través de la ONG Mais Identidade.  — Vivimos el mejor momento para que los investigadores se arriesguen e innoven? Es la mejor época para integrar las distintas tecnologías que tenemos a la mano. Además, en comparación con las generaciones pasadas, tenemos la capacidad mental de trabajar en conjunto y en equipo con diferentes disciplinas. Nuestra generación es consciente de que el conocimiento es cada vez más profundo, haciendo que sea imposible de manejar por un solo tipo de especialista. Tenemos tecnología y personas dispuestas, solo falta terminar de unir ambos mundos. Vivimos en una época muy bonita y con un crecimiento gigantesco de oportunidades.  — ¿Actualmente en qué está enfocado su trabajo? Estamos trabajando para no tener que mover ni siquiera un dedo a la hora de imprimir una prótesis facial. Esperamos que algún día el paciente tenga esta tecnología en su casa y pueda imprimir su propia prótesis. De esta forma se podrán diversificar las fuentes de manufactura, reducir los tiempos de respuesta para cada uno de los pacientes y acceder a mayores ventajas de producción. Para conseguir eso estamos trabajando en diferentes líneas.","elcomercio","05/09/2018"
"La crisis monetaria que afecta a Argentina","Sabemos que es un impuesto malo, malísimo, que va en contra de lo que queremos fomentar [...] pero les tengo que pedir que entiendan que es una emergencia y necesitamos de su aporte. Este fue el mensaje que Mauricio Macri, presidente de Argentina, dirigió hacia los empresarios de su país el lunes, pues su gobierno contempla que estos paguen un nuevo impuesto generalizado y transitorio por los bienes y servicios que exporten. Nicolás Dujovne, ministro de Hacienda, explicó que se aplicará un impuesto de cuatro pesos por dólar a los bienes primarios y servicios, y tres pesos por dólar al resto de bienes vendidos al exterior hasta diciembre del 2020.  Esta es una de las medidas que adoptará Argentina para lograr el equilibrio fiscal y cumplir con su nueva meta de déficit primario cero al 2019 (el actual asciende a 2,6% del PBI). Dujovne señaló que el incremento de los derechos de exportación implicará una recaudación adicional de cerca de US$7.000 millones el próximo año; 1,1 puntos porcentuales menos en el déficit fiscal de este período.  Además de incrementar los ingresos, la gestión de Macri también buscará contraer las inversiones públicas, congelar los salarios de funcionarios estatales, reducir los gastos corrientes y recortar los subsidios en electricidad y transporte transfiriéndolos a las provincias. Silvana Huanqui, profesora de la escuela de Gestión Pública de la Universidad del Pacífico, apunta que las medidas generarán necesariamente una recesión y, en esa línea, tendrán impacto socialmente negativo. No obstante, señala que la recuperación a la que apunta Argentina es sana, pero gradual. En tanto, resalta que el segundo objetivo que deberán cumplir con las medidas anunciadas es calmar a los mercados, en un contexto en el que el peso argentino continúa cayendo frente al dólar y ya acumula una depreciación de casi un 50%.  Huanqui agrega que las medidas deben ser acompañadas por una continuidad en las metas planteadas de reducción del déficit y de la deuda en los siguientes meses.  Bien dicen que la crisis argentina es una crisis de confianza. [...] Las políticas anunciadas por Macri debieron aplicarse al inicio de su mandato, asevera.  En ese sentido, un reporte de la agencia calificadora S&P Ratings remarca que las acciones que tome la administración de Macri deberán ayudar a sostener la confianza de los inversores y mantener el acceso del gobierno a los mercados de capital para fondear su gran déficit fiscal. Adicionalmente, puso la calificación de la deuda soberana argentina bajo revisión especial con implicancias negativas. Hasta ayer, que el peso volvió a caer en los mercados, Dujovne pidi paciencia ante el contexto actual de la moneda, y precisó que el impacto de las medidas anunciadas va a tardar en verse en los indicadores financieros.","elcomercio","05/09/2018"
"No hay mal que dure cien años","Mentira. El mal sí puede durar más de cien años. Muchas regulaciones permanecen vigentes pese a que el paso del tiempo las ha hecho inútiles para lograr sus objetivos (asumiendo que alguna vez lo hicieron). Si nadie exigiera su cumplimiento, no sería un problema. Sería letra muerta. El problema es que siempre hay alguien dispuesto a hacer cumplir las regulaciones porque la ley es la ley.  Personas y empresas –grandes y pequeñas– son forzadas a asumir los costos de cumplir con regulaciones que no sirven a nadie, bajo la amenaza del garrote (aplicación de multas, clausura del negocio, pérdida de licencia o concesión, etc.). Al no existir un incentivo que force a revisar la eficacia de las regulaciones por parte de quienes tienen el poder de modificarlas o derogarlas, la situación se puede prolongar por años.  Las leyes o regulaciones nacen con ánimo de permanencia. Nacen para durar toda la vida. En los últimos artículos de cualquier nueva regulación casi siempre se menciona la fecha de su entrada en vigor. No se hace ninguna mención a la fecha en que esta perder toda vigencia. Hay preocupación por lo primero, pero nunca por esto último.  ¿Qué sucedería si empezamos a poner en las nuevas leyes y regulaciones una fecha de vencimiento de manera que automáticamente dejen de tener vigencia con la llegada de esa fecha? Un mecanismo de este tipo forzaría a los legisladores y reguladores a volver la mirada hacia la eficacia de las regulaciones que han aprobado, a implementar ajustes en aquellas que lo requieran o simplemente a dejar morir aquellas que no hacen mayor sentido. Los congresistas y reguladores se pueden escapar fácilmente de hacer un análisis serio de costo beneficio al aprobar una regulación. De lo que no podrán escaparse es de la llegada de un plazo de caducidad. De esa manera nos aseguraremos de que mueran las regulaciones inútiles y que solo sean rescatadas aquellas que realmente valgan la pena.  Nadie pretende sugerir que se ponga una fecha de vencimiento a leyes o regulaciones referidas a los derechos fundamentales o a las que sostienen todo el tráfico de bienes. Hay espacio para hacerlo en regulaciones de industrias que están expuestas a cambios tecnológicos (véase lo que viene sucediendo con los servicios de hospedaje, por ejemplo). Lo mismo con aquellas regulaciones que buscan influir en el comportamiento de los individuos (a través de advertencias sanitarias tipo octogonos, por ejemplo). Ex ante, no se tiene mucha información sobre cómo reaccionarán los individuos ante los nuevos estímulos ni se sabe si realmente se logrará el efecto deseado (menos consumo de ciertos bienes, por ejemplo).  Forzar la revisión periódica de la regulación en estos sectores debiera ser una regla y no una excepción. Con una fecha de vencimiento en las leyes, nos aseguramos de que el mal no dure más de cien años.","elcomercio","05/09/2018"
"MEF: El Perú tiene la solidez para resistir embates externos","Ministro Oliva resalta que el país tiene munición contra la incertidumbre.  En un entorno mundial con creciente incertidumbre, los países necesitan munición para hacer frente a la turbulencia. De acuerdo con el Ministerio de Economía y Finanzas (MEF), el Perú tiene la solidez como para resistir los embates que vengan del lado externo.  Tras una presentación en el Congreso, el titular del sector, Carlos Oliva, afirmó que las cuentas fiscales son sólidas y debieran permitir al país lidiar con los efectos negativos de las tensiones comerciales entre Estados Unidos y China, las cuales recrudecieron cuando el presidente Donald Trump lanzó la posibilidad de imponer nuevos aranceles a productos asiáticos.  La economía peruana sí tiene todavía una solidez fiscal que hace que podamos resistir estos embates, dijo Oliva.  Luego, destacó que el ruido comercial se ha intensificado, remarcando el ministro.","elcomercio","05/09/2018"
