"headline","content","newspaper","date"
"NA","Su nombre es Miguelina Cabrera. En nuestra zona tenemos enfermeras en la ribera del río Urubamba, pero para  Y en qué consiste el trabajo que realizan? Tenemos un cronograma bastante detallado de recolección, encuestas a la población y campañas de limpieza. Cada comunidad [en total hay nueve comunidades nativas y dos asentamientos rurales de dichas comunidades] tiene un plan de actividades que demanda una o dos semanas y mensualmente sus integrantes son capacitados e informados por cinco especialistas.  ¿Hace cuánto empezó este programa? Comenzó en enero y ya hemos recolectado una tonelada de pilas.  Una tonelada! Eso no es algo que se genere en un solo día, nos pasamos cinco meses sin saber exactamente qué haríamos con las pilas. Un amigo ingeniero nos explicó que podríamos llevarlas a un relleno sanitario, el problema es que sólo hay uno en Lima y otro en Chincha. El de Chincha nos convenía más, aceptaron que las lleváramos y all vimos la manera en que realizaban el proceso. Yo me proyecto al futuro, quiero que los niños de mi comunidad sigan teniendo vegetación y aire puro, se espera Mercedes. Al inicio la comunidad pensaba que trabajábamos para alguna empresa, pero hemos logrado que nos entiendan.  ¿Y cómo las llevaron? Recorrimos 1.115 kilómetros por cinco días para traer la tonelada de pilas. Fue un viaje bastante largo, salir de la comunidad es un poco complicado, metimos las pilas en 62 galoneras para poder transportarlas. Viajamos en embarcaciones a través de ríos hasta Sipagua, luego fuimos a Atalaya y finalmente a Satipo. De Satipo a Lima viajamos por 11 horas más en carretera. En ese viaje de carretera nos pasó algo anecdótico...  ¿Qué ocurrió? Se reventó la llanta de nuestra camioneta por el peso que llevábamos. Eso fue lo peor, menos mal que tengo compañeros hábiles [risas].  ¿Ese ha sido el mayor reto en el programa? No, yo diría que el reto mayor es convencer e informar mucho. Al inicio la comunidad pensaba que trabajábamos para alguna empresa. Pero hemos logrado que nos entiendan que esto no tiene que ver con empresas, esto es para nuestro propio bien.  Muchos conflictos sociales en el país ocurren debido a la falta de comunicación. ¿Les costó lograrlo? Hay que hablar con la comunidad, conversar con los jefes, visitar a las familias. Es lo que hay que hacer. Lo que pasa con los que tienen problemas es que no van, no los visitan, nunca conversan. Debe haber confianza.  ¿Cuál es su próximo objetivo? La creación de un relleno sanitario en nuestra comunidad, nos urge que la municipalidad se encargue del trabajo con residuos. Es increíble que en el Perú solo haya dos rellenos sanitarios autorizados.  ¿Se han reunido con el viceministro de Gestión Ambiental? ¿Conversaron de esto? Sí. Nos ha dicho que va a apoyarnos con todo este plan y que nos mantendremos en contacto, ese es su compromiso. Todavía no tenemos un plan establecido, pero estamos seguros de que nos va a informar y comunicar, y cumplir su palabra.","elcomercio","29/09/2016"
"El Comercio no necesariamente coincide con las opiniones de los articulistas que las firman, aunque siempre las respeta.","NA","elcomercio","29/09/2016"
"Paloma Schmidt pide por los deportistas para Lima 2019","La velerista solicitó al Copal velar por presupuesto para preparación.  Hay que ponerse en los zapatos de ellos para entender la presencia de Paloma Schmidt en la presentación de Carlos Neuhaus como presidente del Comit Organizador de Lima 2019 (Copal).  La tres veces velerista olímpica hizo un alto a su rutina para dejar en claro que la organización no solo debe preocuparse por la infraestructura, sino también por el deportista.  Mi intención no es quejarme, sino hacer una alerta de tener plazos de apoyo al deportista para que no nos pase lo de Ró, declar.  Y lo dice porque el presupuesto para preparación de los deportistas que clasificaron a los Juegos fue aprobado solo dos meses antes del certamen. No es lo mismo una beca mensual que un presupuesto de preparación que involucre a todos los deportistas, explica Paloma.  --Respuesta vaga--  El ministro de Educación, Jaime Saavedra, de cuya cartera depende el IPD amagó la respuesta. Le hemos pedido a las federaciones sus planes de trabajo para evaluar el presupuesto, aseguró. Paloma hubiera querido una respuesta más concreta, plazos de entrega de presupuestos, cantidades y proyectos, pero de eso nada aún.","elcomercio","29/09/2016"
"LOS MALOS Y LOS INDIFFERENTES","Qu espanto! Cmo se puede permitir que esto pase?. Personas buenas de todas las edades, de todos los sectores sociales, con diferentes ideas políticas, creyentes o no, habrán musitado estas o parecidas palabras al ver las noticias que en estos días nos han mostrado a niñas, arrancadas de sus hogares con engaños, retenidas en lugares inmundos y obligadas a prostituirse entre amenazas de muerte. La maldad en estado puro.  Estas realidades existen y exceden lo que el más calenturiento de los sensacionalismos pudiera llegar a imaginar. La trata de personas es una terrible realidad de dimensiones colosales que a nivel mundial mueve US$32.000 millones al ao, un negocio ilegal que solo es superado por el trío de armas y el de drogas.  En el Perú esta lacra es especialmente grave: somos el tercer país de Iberoamérica con mayor incidencia, con más de 200.000 víctimas de trata que sufren de explotación laboral, sexual o que son obligados a mendigar o a cometer delitos. El 80% son mujeres, la mayoría muy jóvenes.  Las cifras marean, sin duda. Pero quizá más que la contundencia de las estadísticas, lo que debería sacudirnos como sociedad es la reflexión de Mahatma Gandhi: No me asusta la maldad de los malos, me aterrizo la indiferencia de los buenos.  A los delincuentes se les debe perseguir sin desmayo y a las víctimas hay que apoyarlas con todos los medios necesarios para que puedan recuperar sus vidas. Pero hace falta también la prevención. Estos son tres de los pilares del Plan Nacional de Acción contra la Trata de Personas que el Estado aprobó en el 2011.  La prevención, que puede parecer menos urgente, es lo que marcar la diferencia entre una sociedad indiferente y tolerante con la trata de personas y una sociedad que mira de frente para erradicar un problema gravísimo.  Es imprescindible que haya información suficiente y campañas de sensibilización en escuelas, medios de comunicación y espacios de ocio para evitar que mediante ofertas laborales engañosas o a través de las redes sociales se extienda la telaraña que atrapa a miles de jóvenes.  Pero como sociedad debemos también enfrentar las causas que propician este fenómeno. Al machismo que ampara los comportamientos vejatorios contra la dignidad de las mujeres. A la informalidad que considera los derechos laborales un lujo solo para algunos. A la salida precoz del sistema educativo de demasiados jóvenes que se sienten sin futuro. A la pobreza, la marginación y la vulnerabilidad que pueden hacer atractivas propuestas más que engañosas.  Esta tarea de sensibilización, concienciación y prevención está en marcha en muchos lugares del Perú impulsada por diferentes entidades del Estado y por organizaciones de la sociedad civil.  Un ejemplo de esta movilización va a ser la feria preventiva contra la trata de personas que este viernes 30 de setiembre organizaremos en Iquitos el Ministerio de Justicia y Derechos Humanos y la Organización de Estados Iberoamericanos. Una actividad que replica la desarrollada hace un año en Urcos y que congregar en un ambiente reivindicativo y festivo a la población y las organizaciones loretanas que trabajan para prevenir la trata y denunciar, informar y exigir más medios y recursos.  Los malos no van a venir. Los demás no podemos quedarnos indiferentes.  La prevención es lo que marcar la diferencia entre una sociedad indiferente y una sociedad que mira de frente para erradicar un problema gravísimo.","elcomercio","29/09/2016"
"LAS CONDICIONES ACORDADAS POR EL GOBIERNO DE JUAN MANUEL SANTOS CON LAS FARC","Acuerdo de paz en Colombia  Este es un resumen de lo que las Fuerzas Armadas Revolucionarias de Colombia (FARC) han impuesto al presidente Juan Manuel Santos y este ha aceptado: Un mnimo de cinco senadores y cinco diputados para los narcoterroristas de las FARC. Además, tres delegados en cada cámara con voz en todos los debates de reforma constitucional. Es decir, un mínimo de ocho terroristas en cada cámara. Y, adicionalmente, 16 parlamentarios elegidos en las 16 regiones donde la presencia de la fuerza pública no estará permitida y donde solo podrán postular los de las FARC.  El Estado colombiano (es decir, la población) le pagará a la cúpula de las FARC 7.000 millones de pesos (US$2300.000) anuales durante diez años, más 10 millones de pesos (US$3.300) para gastos personales y desarrollo de cualquier proyecto o negocio además de 620 mil pesos (US$200) mensuales para cada uno de los terroristas llamados desmovilizados pues no aceptaron que se les denomine arrepentidos.  El partido político de las FARC tendría una inscripción legal (con más dinero que cualquier otro partido en el mundo) y contar con los mismos derechos que los demás partidos para elegir y ser elegidos.  Se concede amnistía total –ni un día de cárcel– para todos los criminales de las FARC que, además de ser hoy el cartel de narcotráfico de cocaína más grande y rico del mundo, son autores de delitos de lesa humanidad: secuestros, torturas, cobro de rescates y cupos, violaciones, asesinatos de civiles, militares y policías, y rapto de menores de edad obligados a tomar las armas, y las niñas obligadas a prostituirse y abortar si quedaban embarazadas.  A ello se suma la liberación de todos los narcoterroristas ya sentenciados y presos sin pago de reparación económica alguna y la imposición de la llamada justicia transicional que, entre otras cosas significa un tribunal especial, sin doble instancia, con poderes superiores a la Corte Suprema de Colombia y cuyos fallos serán inapelables para conceder a los terroristas la absolución ya acordada.  También la creación de un cuerpo de seguridad compuesto por narcoterroristas desmovilizados, debidamente equipados y remunerados por el Estado (es decir, por los ciudadanos). Por otro lado, las FARC dispondrán de un canal de televisión y unas 31 radios con transmisión las 24 horas del día para difundir y explicar sus políticas e ideología.  El narcotráfico ejercido por las FARC será considerado como actividad ilegal pero solo como delito conexo a la política y por ello sujeto a atenuantes. Y sin exigencia de reparación económica alguna, pese a los cientos de millones de dólares ganados con el narcotráfico.  La dejación de armas no está del todo aclarada. Sea lo que eso signifique, no será hasta que se cumplan determinadas condiciones. Finalmente, no hay petición de perdón por parte de las FARC, ni a los colombianos ni a las víctimas directas e indirectas de sus crímenes y delitos incluyendo el narcotráfico.  De cara al plebiscito de este domingo 2 de octubre, le haría bien a los colombianos recordar lo que le dijo Churchill a Chamberlain cuando este cedi ante Hitler y firm un acuerdo de paz: Te dieron a elegir entre el deshonor y la guerra. Elegiste el deshonor. Ahora tendremos la guerra.  En adelante, la guerra en Colombia quizá no sea la misma que hasta ahora han tenido, pero coincido con Carlos Alberto Montaner, quien acaba de escribir en referencia a este acuerdo: A Colombia le espera un futuro atroz, infinitamente peor y más negro que el presente, incómodo y a veces sangriento, que hoy padece.  El de JM Santos es el primer gobierno democrático que se allana al chantaje terrorista y acepta comprar una supuesta paz, a cambio de dinero, de impunidad y de hacer concesiones antiliberales a los autores de los más graves delitos, que, con este acuerdo, dan un paso estratégico hacia la toma del poder.","elcomercio","29/09/2016"
"EL EFECTO PIGMALIN","El efecto Pigmalin ses. Mientras hace un año el 45% de la población pensaba que sus utilidades iban a subir, este año se ha elevado al 70%. Y en cuanto a perspectivas al 2021, el 95% considera que el Perú estará mejor en cuanto a negocios y gestión pública, y entre el 80% y 90% que estará mejor en la lucha anticorrupción, educación y seguridad, y que se reducirá la pobreza.  Por otra parte, como en el caso del empresariado, se aprecia una mejora de las expectativas de parte de la población. De acuerdo con Datum, a fines del año pasado más del 60% no confiaba en una recuperación de la economía, porcentaje que se ha reducido a 42% en agosto. Hoy un 56% tiene altas esperanzas de que el Perú esté mejor al final del gobierno de PPK y un 68% cree que sus propuestas económicas reactivarán la economía y generarán empleo. La cuestión que sobreviene ahora es: ¿se dará el efecto Pigmalín en el Perú? Las expectativas positivas podrán generar una suerte de bola de nieve que nos lleve a otro nivel en el mundo? No sería la primera vez que lo psicológico muestre su poder.  Justamente, viene emergiendo con fuerza la economía conductual, liderada entre otros por George A. Akerlof y Robert J. Shiller, que relieve el peso de las motivaciones no económicas, de las emociones y los valores en la toma de decisiones y en la conducta de las personas. Esto quiere decir que gobernar es más que solo presupuesto e inversión, y que se requiere también la gestión pública de la fuerza emocional, de la garra y autoestima nacional.  Es cierto que no hay que exagerar y que se va a necesitar más que buenos deseos para triunfar. Pero se requiere desde el Ejecutivo y el Congreso un liderazgo nacional particular para este momento, con una sabia combinación de números y empatía, un mix de tecnicismo y gracia, para desencadenar ese juego en pared al que hemos llamado desarrollo.","elcomercio","29/09/2016"
"Facultades Legislativas Modificadas","o y tiene ms de 20 modificaciones en comparacin con el proyecto inicial enviado por el gobierno. En ese sentido, el presidente del grupo congresal, el fujimorista Miguel Ángel Torres, declar anoche: Si nosotros nos hubiramos quedado única y exclusivamente con el texto que nos enviaron, seguramente la decisión hubiese sido denegar las facultades porque no se habría cumplido con la especificidad en la materia que exige la Constitución Política.  Torres recaló luego que, con la aprobación del dictamen en la Comisión de Constitución, se ha demostrado que en su labor no hay un ánimo obstruccionista en lo absoluto, sino más bien un ánimo de control político.  —Plazos y puntos—  Entre los cambios planteados por el grupo congresal, está el plazo para la delegación de facultades. En el proyecto original, el gobierno solicitó 120 días. Pero en el predictamen que se preparó para la sesión de ayer de Constitución se plantearon 90 días para cuatro materias: reactivación económica y formalización; lucha contra la corrupción; agua y saneamiento; y reorganización de Petro-Perú. En cambio, para seguridad ciudadana se daban 60 días. Al final, producto del debate en Constitución, se estableció que el plazo sea de 90 días para las cinco materias.  Otro punto que se modificó fue la propuesta del predictamen para que el gobierno tuviera que prepublicar, siete días antes de su emisión, cada decreto legislativo. En el dictamen aprobado anoche, no se incluye la prepublicación.  Horas antes de que Constitución aprobara el dictamen sobre el otorgamiento de facultades, el primer ministro Fernando Zavala había expresado su preocupación sobre los puntos mencionados anteriormente, así como algunos aspectos de la parte económica.  La parte que me ha preocupado más son los temas económicos, los temas de plazo y los temas de prepublicación, advirtió Zavala en la conferencia de prensa que brindó tras la sesión del Consejo de Ministros.  En los temas económicos y tributarios, el predictamen establecía ciertos candados o entraba a un nivel de detalle que no es una costumbre en términos de otras facultades delegadas que hemos visto en años anteriores, señaló el jefe del Gabinete Ministerial.  En cambio, Zavala se mostró más optimista con respecto al tema de la Unidad de Inteligencia Financiera (UIF), quizás el punto que más polémica gener en el pedido de facultades.  El ánimo favorable de Zavala se dio pese a que hubo algunas variaciones al proyecto inicial, como el que ya no sea un juez ad hoc el que autorice el levantamiento del secreto bancario y la reserva tributaria.  En el dictamen aprobado anoche, se establece que la UIF puede acceder al secreto bancario y tributario, contando con autorización judicial de un juez penal, aplicando el sistema de recepción y distribución de los centros de distribución general o mesa de partes automatizadas del Poder Judicial.  También se especifica que deben establecerse criterios de prelación para el trámite de esas solicitudes en los casos de delitos de corrupción, lavado de activos, financiamiento del terrorismo y terrorismo.  Respecto a que la UIF pueda compartir sus informes con el Jurado Nacional de Elecciones y la Oficina Nacional de Procesos Electorales, se decidió que sea al revés: que la UIF pueda recibir información de los entes electorales.  La iniciativa aprobada ayer también permitirá la reducción del Impuesto General a las Ventas (IGV) en un punto, de 18% a 17%, a partir del 1 de enero del 2017. En este tema, Fuerza Popular estaba en contra. El congresista Miguel Ángel Torres argumentó que, pese a que su agrupación es contraria a esa disminución, se incluyó en las facultades porque es uno de los planteamientos de campaña de Peruanos por el Kambio.  La modificación del Impuesto a la Renta también es parte del dictamen aprobado anoche, así como garantizar la operatividad del Oleoducto Norperuano, a través de Petro-Perú. Sin embargo, se dice expresamente que la empresa estatal puede hacerlo con sus propios recursos, contemplando un fortalecimiento institucional [...], sin que ello implique su privatización.","elcomercio","29/09/2016"
"Observan proyecto sobre exoneraciones tributarias a partidos políticos","El Ejecutivo solicita que esas agrupaciones cumplan requisitos que exige la Sunat para acceder a inafectaciones de impuestos.  El presidente Pedro Pablo Kuczynski y el primer ministro Fernando Zavala observaron cinco proyectos de ley aprobados por el Congreso al final del gobierno pasado. El punto más resaltante tiene relación con un artículo que permite a los partidos políticos eximirse del pago de ciertos impuestos.  El 15 de diciembre último, el pleno del Congreso aprobó la modificación de la Ley de Partidos Políticos. Como parte de este paquete de reformas, se acord añadir en el artículo 34 –que sea la que los partidos políticos están inafectos al pago del Impuesto a la Renta y del Impuesto Predial– el siguiente texto: La inafectación no requiere trámite alguno.  Es decir, las agrupaciones políticas no quedaban obligadas a presentar los requisitos para acceder a la exoneración ante la Superintendencia Nacional de Administración Tributaria (Sunat).  Pero el Poder Ejecutivo observó el proyecto. El presidente de la República puede observar una autógrafa de ley, ya sea toda la norma o por artículos. Su observación es remitida al Congreso, que puede allanarse o enviarla a las comisiones respectivas. Si el Congreso desea insistir, debe conseguir mayoría absoluta (66 votos). Pero si se allana o encuentra un punto medio, solo requiere mayoría simple.  No se puede pedir rendición de cuentas [a los partidos] de lo que no se tiene. Es absurdo. Jorge Del Castillo, Congresista por el Apra.","elcomercio","29/09/2016"
"Presentan iniciativa para despenalizar aborto por violación","Las congresistas del Frente Amplio Marisa Glave e Indira Huilca presentaron ayer un anteproyecto de ley que busca la despenalización del aborto en casos de violación.  En diálogo con El Comercio, Huilca señaló que su bancada espera que antes de fin de año puedan presentar una iniciativa legislativa consensuada y enriquecida con aportes de organizaciones, la academia y la sociedad civil.  El sentido de la propuesta es que, en la práctica, muchas mujeres, gran parte de ellas niñas y adolescentes, están siendo forzadas a tener un embarazo que no desean, agregó.  —Segundo intento—  Esta no es la primera vez que en el Parlamento se impulsa una iniciativa para permitir el aborto en casos de violación. En el período anterior, las comisiones de Justicia y Constitución archivaron una propuesta similar.","elcomercio","29/09/2016"
"Ilustración: Giovanni Tazza","Jueves 29 de setiembre del 2016 Juan Arroyo Investigador de Centrum Católica Pocas conocen la historia del rey chipriota Pigmalín, quien frustrado en su búsqueda de la mujer perfecta, decidió crear esculturas preciosas hasta que se enamoró de una llamada Galatea. Una noche soñó que se dirigía a la estatua y, como se narra en el mito, al tocarla, le pareció que estaba caliente, que el mármol se ablandaba y que, deponiendo su dureza, cedía a los dedos suavemente… volvió a tocar la estatua otra vez y se cercioró de que era un cuerpo flexible y que las venas daban sus pulsaciones al explorarlas con los dedos. Al amanecer siguiente, la diosa Afrodita se le apareció y le concedió a Pigmalín la felicidad convirtiendo a Galatea en humana. Este efecto Pigmalín, en que la fuerza de los deseos puede moldear la realidad, podría darse ahora en el Perú. Es cuestión de mucha pericia de los gobernantes y madurez cívica de todos, para que se puedan concretar los sueños de todos los peruanos. Porque estamos viviendo de nuevo un ciclo de optimismo. Esperemos que todas las tendencias políticas se percaten de la importancia de este ánimo positivo y no lo frustren. Las encuestas del Banco Central de Reserva respecto a las expectativas del empresariado en los últimos meses muestran que su confianza en la economía en el corto plazo (tres meses) ha evolucionado de 46 puntos en febrero, a 54 puntos en abril y 62 en agosto. En cuanto a la confianza en el mediano plazo (12 meses), estaba en 59 puntos en febrero, saltó a 65,9 en abril, y a 75 en agosto. Asimismo, una encuesta de Ipsos indica que la confianza para invertir se ha incrementado sustancialmente en los últimos 12 meses.","elcomercio","29/09/2016"
"Mirada de fondo: Bajan sueldos, sube la demagogia","Franco Giura Empresario La noticia de la supuesta reducción de sueldos, derivada de una sentencia de la Corte Suprema, ha servido como globo de ensayo para medir los ánimos en torno a cualquier conato de reforma laboral. El resultado ha sido catastrófico. Parece que no habrá forma de destapar esa olla sin que salten los sensacionalistas y demagogos. Empezando por varios medios de comunicación, que prácticamente anunciaron un recorte inminente de remuneraciones para toda la PEA ocupada de Lima, Callao y balnearios. Los marchantes de rigor también convocaron su manifestación al estilo ley pulpo, probablemente sin haber leído mucho más que los titulares de algunos diarios. Lo más serio ha sido los pronunciamientos de políticos y congresistas, aprovechando el momento para marketearse como defensores de los trabajadores. En medio de ese zafarrancho, no quedó mucho espacio para analizar si esa sentencia era un precedente vinculante, si las condiciones de la empresa involucrada eran particulares y si efectivamente no hubo consenso con el trabajador supuestamente afectado. Por el contrario, la contrapropuesta ha venido con fuerza. Ya se presentó un proyecto de ley para impedir que los sueldos se puedan reducir y punto. Con acuerdo o sin acuerdo. No importa si la empresa padece dificultades serias y los trabajadores aceptan ajustarse; no importa si el empleado no desea continuar como chofer pero quisiera pasar a otro puesto menos remunerado antes que perder su empleo; no importa si una mamá prefiera trabajar unas horas menos para ver a su recién nacido a cambio de una remuneración menor. Existen infinitud de circunstancias en las cuales empresa y trabajador estarían de acuerdo en reducir remuneraciones. ¿Por qué el Estado lo va a prohibir? Solo para que algunos políticos se luzcan como paladines de la justicia social? Con poca coherencia, además, porque este proyecto viene promovido por don Jorge del Castillo, quien siendo presidente del Consejo de Ministros firmó en julio del 2008 el Decreto Legislativo 1086. Esa norma establecía que mediante decreto supremo se podrían fijar remuneraciones para las microempresas por debajo de la remuneración mínima vital. ¡Imaginen esa herejía! No es fácil encontrar la razón por la cual en el 2008 era razonable la flexibilización de los sueldos (incluso por debajo del sueldo mínimo) pero en el 2016 se debe impedir una cosa similar. Todo lo cual ocurre en un contexto donde la normatividad laboral sigue brotando incontenida. Siempre con la creencia de que todas las empresas en el Perú son malvadas, explotan a sus trabajadores y tienen la capacidad administrativa de soportar más obligaciones. Ni siquiera el oficialismo se salva, a pesar de que pretende reducir la informalidad en el trabajo. Ahora mismo se cocina un proyecto en la bancada ppk-ausa para disponer la igualdad salarial de hombres y mujeres. Un objetivo magnífico, por supuesto. Pero dado que existen diferencias no relacionadas con el género (educación, experiencia, calificaciones), se pretende imponer a las empresas la formalización de su política salarial (requisitos, ascensos, condiciones, puntajes, valoración de capacidades) para minimizar cualquier posible discriminación. Un tratado de compensaciones, para que lo fiscalice la Sunafil. Mal negocio, en resumen, la divulgación sensacionalista de esta sentencia de marras. Ha sido un toque de Diana para despertar la demagogia laboral. Frente a ello, la disparatada ocurrencia de la congresista Leyla Chihuán para que las empresas regalen un día libre a los trabajadores que donen sangre hasta parece una cosa tierna. Tan patética que la deberían aprobar.","elcomercio","29/09/2016"
"Opinión","-27- Rincón del Autor: Parábola del Obispo Pegalón Patricia del Río Periodista Semana Santa, Puno. Silvia Edith Calcen asistió el 27 de marzo al Santuario de la Virgen de la Candelaria a escuchar misa. Se acercó a comulgar acompañada por su niño. El obispo Jorge Carrin Pavlich murmur cuerpo de Cristo y le dio la comunión a la madre. Repitió la acción con el niño. El muchacho, sabe Dios si por curiosidad o por travieso, se sacó la hostia de la boca y el cura se enfureció y le pegó tal jalada de orejas que el chico terminó en el médico legista con el labio machucado y la autoestima magullada. Hay la convicción de que golpear a un muchacho es una manera de educarlo. Los padres reclamaron furiosos, Carrin Pavlich se justificó argumentando que con el cuerpo de Cristo no se juega, y todo este lío lo acabó en los tribunales. Al obispo de Puno la falta de paciencia le ha costado dos investigaciones (por contravención al menor y por faltas contra la persona) y de ser encontrado culpable, tendrá que pagar más de 3 mil soles y cumplir con trabajo comunitario. Mientras tanto, el debate se ha desatado en las calles y en las redes. Argumentos a favor y en contra buscan satanizar la acción del sacerdote o librarlo de toda culpa. Lo cierto es que, sin ser el caso más grave, resulta emblemático: el acusado es una autoridad respetada por su comunidad, se trata de un adulto que se siente con derecho a castigar a un niño físicamente y lo hace en un espacio público frente a mucha gente sin ruborizarse. Es decir, el obispo Carrin, quien inicialmente intentó justificar la agresión y hoy la niega, actuó como actúan miles de adultos en nuestro país: con la absoluta convicción de que golpear a un muchacho es una manera de educarlo, de enseñarle valores. Y esta aberrante filosofía, que se aplica en escuelas, hogares y altares está dejando cifras escalofriantes: según datos recientes del Ministerio de la Mujer y Poblaciones Vulnerables (MIMP), solo en este año se han registrado más de 12 mil denuncias por violencia infantil, esto es 50% más de los denunciados el año pasado. Si los padres siguen dando cachetadas, los curas jalando las orejas y los maestros pegando reglazos, el 2016 cerrará con más de 14 mil denuncias y habremos alcanzado un nuevo récord vergonzoso. En un país donde cada media hora alguien insulta o masacra a un niño. Donde ocho de cada diez niños declaran haber sido maltratados en su hogar y más del 30% ha sufrido algún tipo de agresión sexual, bien harían las autoridades en controlar su ira. Y a los que creen que un jalón de orejas es una tontería sin importancia, les recomiendo que hagan el siguiente cálculo: un chico de 8 años pesa en promedio 30 kilos, un adulto como el obispo Carrin debe superar los 80. Un adulto casi triplica el peso de una criatura. A ver pues qué sentiría monseñor si un grandulón de casi 300 kilos le metiera un lapo o un jalón de orejas. A ver pues.","elcomercio","29/09/2016"
"Entrevista: Mercedes Urquía","Mercedes Urquía Coordinadora de Ponte las Pilas por tu Comunidad Tengo 44 años, soy parte de la comunidad machiguenga Nueva Luz, en el Bajo Urubamba. Completé la secundaria en el colegio Fidel Pereyra y me capacité en liderazgo en universidades y congresos del Cusco. Soy madre de siete hijos. He viajado 1.115 km para reciclar una tonelada de pilas Renzo Giner renzo.giner@comercio.com.pe Más de 175 mil litros de agua pueden ser contaminados por una sola pila durante los mil años que demora en degradarse. La preocupación sobre esta terrible realidad hizo que Mercedes Urquía visitara Lima por primera vez hace dos semanas. Con el programa Ponte las Pilas por tu Comunidad buscamos que nuestra población no sufra enfermedades debido a la contaminación causada por las pilas tiradas a los ríos, nos explica. — ¿Cómo surgió esta iniciativa? Es parte del Programa de Monitoreo Ambiental Comunitario [PMAC], el cual vigila desde hace 14 años las operaciones de Pluspetrol en Camisea desde el ángulo socioambiental. Detectamos el riesgo que suponía que todas esas pilas se quedaran contaminando nuestros suelos, por lo que decidimos recogerlas y llevarlas a rellenos sanitarios donde depositarlas correctamente. — ¿Quién detectó ese problema? Hay una monitora en una comunidad cercana que trabaja como promotora de salud, su nombre es Miguelina Cabrera. En nuestra zona tenemos enfermeras en la ribera del río Urubamba, pero para — ¿Y en qué consiste el trabajo que realizan? Tenemos un cronograma bastante detallado de recolección, encuestas a la población y campañas de limpieza. Cada comunidad [en total hay nueve comunidades nativas y dos asentamientos rurales de dichas comunidades] tiene un plan de actividades que demanda una o dos semanas y mensualmente sus integrantes son capacitados e informados por cinco especialistas. — ¿Desde cuándo comenzó este programa? Comenzó en enero y ya hemos recolectado una tonelada de pilas. — Una tonelada! Eso no es algo que se genere en un solo día, nos pasamos cinco meses sin saber exactamente qué haríamos con las pilas. Un amigo ingeniero nos explicó que podríamos llevarlas a un relleno sanitario, el problema es que sólo hay uno en Lima y otro en Chincha. El de Chincha nos convenía más, aceptaron que las lleváramos y all vimos la manera en que realizaban el proceso. Yo me proyecto al futuro, quiero que los niños de mi comunidad sigan teniendo vegetación y aire puro, se espera Mercedes. Al inicio la comunidad pensaba que trabajábamos para alguna empresa, pero hemos logrado que nos entiendan.","elcomercio","29/09/2016"
"Migrantes y refugiados de Siria, Afganistan, Iraq y Somalia viven un va crucis en las costas y fronteras griegas en su intento de llegar a otros países de Europa.","Los centros de detencin de refugiados en las islas griegas del Egeo están colapsados. Harta de esperar que los gobiernos europeos cumplan sus promesas, Atenas ha dicho que los sacará de allí y los llevará a la Grecia continental, de donde podrán seguir a Europa.  El Gobierno de Hungra ha convocado un referéndum para este domingo en el que se consultará a la ciudadanía sobre las reubicaciones obligatorias de refugiados. Amnistía Internacional ha denunciado esa consulta como una ilegalidad respecto al derecho europeo.","elcomercio","29/09/2016"
"Rebelín a bordo","Desafío griego  Los centros de detención de refugiados en las islas griegas del Egeo están colapsados. Harta de esperar que los gobiernos europeos cumplan sus promesas, Atenas ha dicho que los sacará de allí y los llevará a la Grecia continental, de donde podrán seguir a Europa.  Molestia turca  Hace medio año, se firmó un acuerdo que permite a la UE enviar a Turquía a cualquier migrante que ponga un pie en Grecia. Esto a cambio de la promesa europea de eliminar el visado para los turcos que viajen a la UE. Pero hasta ahora ni un refugiado fue devuelto a Turquía.","elcomercio","29/09/2016"
"Referéndum húngaro","El Gobierno de Hungría ha convocado un referéndum para este domingo en el que se consultará a la ciudadanía sobre las reubicaciones obligatorias de refugiados. Amnistía Internacional ha denunciado esa consulta como una ‘ilegalidad’ respecto al derecho europeo.","elcomercio","29/09/2016"
"Los menores de edad son las víctimas más vulnerables en la cruenta guerra civil siria.","Unicef revela que 96 niños han muerto en Alepo tras bombardeos  Desde el Vaticano  ‘Rendirn cuentas’  El Papa Francisco denunció el aumento de la violencia en Siria y lanz ‘un llamado a la conciencia de los responsables de bombardeos, que tendrán que rendir cuentas ante Dios’. Ayuda Urgente  El Pontífice dijo a la comunidad internacional que tiene la obligación de ayudar de manera urgente a la población civil de Alepo.","elcomercio","29/09/2016"
"El Fondo de las Naciones Unidas para la Infancia (UNICEF) denunció que al menos 96 niños han muerto y otros 223 han resultado heridos desde el pasado viernes en el este de la ciudad siria de Alepo.","‘Nada puede justificar este tipo de ataques contra menores y este total menosprecio por la vida humana. El sufrimiento e impacto que está teniendo en los menores es definitivamente lo peor que hemos visto’, expresó el director adjunto de UNICEF, Justin Forsyth.  El Ejército sirio, apoyado por la aviación rusa, reanudó el jueves pasado una ofensiva contra las zonas en poder de los rebeldes, ubicadas al este de Alepo.  El responsable de UNICEF advirtió en un comunicado que el sistema sanitario en la zona oriental de la ciudad se está ‘desmoronando’, pues solo quedan unos treinta médicos y casi no hay equipos ni medicinas para atender a los heridos.","elcomercio","29/09/2016"
"Congreso anula veto de Obama sobre demanda a sauditas","El Congreso vot ayer por abrumadora mayoría a favor de permitir que las familias de las víctimas de los ataques terroristas del 11 de septiembre del 2001 demanden a Arabia Saudí bajo acusaciones de que respaldó a los atacantes.  Se trata de la primera anulación de un veto presidencial desde que Barack Obama llegó a la Casa Blanca en el 2009.  Hace unas semanas, el mandatario bloqueó el proyecto de ley que permitiría demandar a los saudíes. Tanto Obama como funcionarios de seguridad argumentaron que la ley podría poner en riesgo intereses, soldados y personal de inteligencia estadounidense.  Pero la votación en el Senado fue abrumadora y qued 97-1. Horas antes, la Cámara Baja había votado 348-77. Los legisladores –incluidos los demócratas– dijeron que su prioridad eran las víctimas y sus familias, no Arabia Saudí.  ‘Creo que fue un error’, declaró el mandatario durante un encuentro con los militares, al comentar la decisión del Congreso. ‘Supone un peligroso precedente, pues si eliminamos esta noción de inmunidad soberana, entonces nuestros hombres y mujeres de uniforme alrededor del mundo podrían ser sujetos de leyes recíprocas’, dijo a CNN.  De los 19 terroristas que perpetraron los atentados, 15 eran saudíes.","elcomercio","29/09/2016"
"Misil ruso derrib avión del vuelo MH17 en Ucrania","Esa es la conclusión a la que llegó el equipo internacional que investiga el hecho ocurrido en julio del 2014 y que dej 298 muertos.  Investigadores encabezados por Holanda dijeron ayer que tienen pruebas contundentes de que el avión de Malaysia Airlines que cay en Ucrania hace dos años fue derribado por un misil Buk que fue transportado a dicho país desde Rusia.  Wilbert Paulissen, jefe del departamento de investigaciones criminales de la policía de Holanda, manifest que varios mensajes interceptados revelan que rebeldes prorrusos habían pedido el arma tierra-aire e informado de su arribo a una zona controlada por los rebeldes en el oriente de Ucrania.  Paulissen enfatizó que estas y otras pruebas reunidas por el Equipo de Investigación Conjunta ‘permiten concluir que el avión del vuelo MH17 fue derribado por un misil 9M38 lanzado por un Buk traído desde el territorio de la Federación Rusa, y que después del lanzamiento fue devuelto a la Federación Rusa.’  Explic también que examinaron dos escuchas telefónicas entre dos soldados rusos en el momento en que el avión fue derribado, en las que confirmaron que se trató de un misil del sistema Buk y que la instalación para lanzarlo había sido entregada.  Sin embargo, los fiscales encargados de la investigación, llegados desde Bélgica, Ucrania, Australia y Malasia y cuyo trabajo estuvo coordinado por la fiscal holandesa, no acusaron directamente a Mosc de haber entregado el sistema Buk.  Cien implicados  Un misil tierra-aire impactó la aeronave del vuelo comercial MH17, que cubría la ruta entre Ámsterdam y Kuala Lumpur el 17 de julio del 2014, y acabó con la vida de 298 personas, la mayoría de los cuales eran ciudadanos holandeses.  Los investigadores han identificado a un centenar de personas que ‘jugaron un rol activo en el armamento del sistema Buk o en su transporte, así como a otras que facilitaron o ayudaron en el transporte del mismo’, afirmó el coordinador de la investigación, Fred Westerbeke.  Los fiscales no pueden presentar cargos, ya que todavía no existe un acuerdo internacional sobre qué tribunal abordaría el caso.","elcomercio","29/09/2016"
"Líderes mundiales rinden homenaje al fallecido Shimon Peres","Obama y otros jefes de Estado estarán en el sepelio del ex presidente de Israel.  Un día después de su fallecimiento, varios líderes mundiales rindieron homenaje ayer al ex presidente israelí Shimon Peres, el último sobreviviente de la generación de los padres fundadores del Estado judío.  El presidente de EE.UU., Barack Obama, fue uno de los primeros en hacerlo.  ‘Michelle [Obama] y yo nos unimos a quienes rinden homenaje a la vida extraordinaria de nuestro amigo Shimon Peres, un hombre de Estado cuyo compromiso por la búsqueda de la paz estaba fundamentado en su fuerza moral inquebrantable y en su optimismo sin falla’, afirmó Obama, quien aseguró su presencia mañana en Jerusalén para los funerales de Estado. También asistirán los mandatarios de Francia y Alemania, entre otros.  –Palestinos divididos–  Una de las reacciones más esperadas fue la del presidente de la Autoridad Palestina, Mahmud Abbas, quien, tras varias horas de silencio, se refirió a Peres como un socio valiente que hizo ‘esfuerzos constantes e ininterrumpidos para alcanzar la paz desde Oslo’.  Sin embargo, el grupo Hamas, que controla Gaza, celebró la muerte de Peres, diciendo que durante su vida política avaló los primeros asentamientos de judíos en Cisjordania y que era primer ministro cuando la aviación israelí bombardeó en 1996 el pueblo libanés de Qana, donde murieron 106 civiles.","elcomercio","29/09/2016"
"Oposición venezolana solicita al Vaticano mediar en el diálogo","Hace unos días el gobierno también envió una misiva al papa Francisco.  La oposición venezolana pidió ayer al papa Francisco mediar en favor de un diálogo con el gobierno del presidente Nicolás Maduro para buscar salidas a la grave crisis política y económica que agobia al país.  ‘Acudimos a vuestra respetada autoridad moral para que su sabio consejo nos ilumine y contribuya a impulsar las conversaciones entre el Gobierno Nacional y la alternativa democrática’, señala una carta entregada al nuncio apostólico en Caracas, Aldo Giordano.  La coalición opositora Mesa de la Unidad Democrática (MUD) recordó que en una misiva enviada el pasado 12 de agosto, el Vaticano se mostró dispuesto a facilitar los acercamientos, siempre que ambas partes se lo solicitaran.  ‘Estamos en un momento crucial de esta crisis, tiempo en el que su voz orientadora y sabia palabra pueden ser claves para superar la desconfianza y podamos […] encontrar el sendero hacia la paz y la reconciliación’, añadió el texto entregado por el secretario ejecutivo de la MUD, Jesús Torrealba.  El pasado viernes, el portavoz presidencial Jorge Rodríguez declaró que el gobierno también había enviado una solicitud al nuncio apostólico para que el Vaticano participe en un diálogo con la oposición.","elcomercio","29/09/2016"
"Presentan iniciativa para despenalizar aborto por violación","Las congresistas del Frente Amplio Marisa Glave e Indira Huilca presentaron ayer un anteproyecto de ley que busca la despenalización del aborto en casos de violación.  En diálogo con El Comercio, Huilca señaló que su bancada espera que antes de fin de año puedan presentar una iniciativa legislativa consensuada y enriquecida con aportes de organizaciones, la academia y la sociedad civil.  El sentido de la propuesta es que, en la práctica, muchas mujeres, gran parte de ellas niñas y adolescentes, están siendo forzadas a tener un embarazo que no desean, agregó.  —Segundo intento—  Esta no es la primera vez que en el Parlamento se impulsa una iniciativa para permitir el aborto en casos de violación. En el periodo anterior, las comisiones de Justicia y Constitución archivaron una propuesta similar.","elcomercio","29/09/2016"
"Denuncian a Humala por supuestos aportes de mineros ilegales","El ex mandatario Ollanta Humala fue denunciado por la presunta recepción de aportes de la minera ilegal y fondos públicos del Gobierno Venezolano para financiar sus campañas del 2006 y 2011.  As lo inform su abogado Julio César Espinoza, quién señaló que la denuncia fue hecha en noviembre del 2014, pero que recién hace 15 días su cliente fue notificado sobre esto.  Al día de hoy diríamos que el señor Ollanta Humala tiene condición de denunciado porque hay una denuncia y la fiscalía recién tiene que iniciar una investigación preliminar, dijo el abogado al retirarse del despacho del fiscal de lavado de activos Germán Juárez Atoche, quien investiga los presuntos aportes irregulares al Partido Nacionalista.  Espinoza manifestó que planteó al fiscal archivar el caso, pues dijo que la denuncia está fundamentada solo en recortes periodísticos.  No se puede incluir al ex presidente como procesado sin antes darle la oportunidad que han tenido los demás investigados de dar sus descargos. Esperamos que se archive el caso, dijo.","elcomercio","29/09/2016"
"Otro gobernador en prisión","El martes, en una de sus últimas apariciones públicas, Ros participó en actividades realizadas en Lima durante el Día Mundial del Turismo, en las que estuvo el presidente Pedro Pablo Kuczynski.  La caída del gobernador Waldo Ros a prisión ● El gobernador regional de Ancash fue sentenciado a 5 años de cárcel por colusión, delito cometido cuando era alcalde de Huaraz.  En las últimas semanas, el gobernador regional de Ancash, Waldo Ros, hizo noticia por haber resbalado junto con su mascota en un barranco durante un recorrido en Pariacoto (Huaraz), por haber obligado a sus funcionarios y seguidores a arrodillarse y rezar en un acto público realizado en Nuevo Chimbote, y por haber sido llevado a un hospital tras escuchar al juez dictar prisión efectiva en contra suya.  Ayer, en una audiencia realizada en Huaraz, Ros fue sentenciado a cinco años de prisión y tres años de inhabilitación para asumir un cargo público por el delito de colusión desleal.   La Sala Penal Liquidadora Permanente de la Corte Superior de Ancash lo halló responsable del mencionado delito, cometido entre los años 1999 y 2000, cuando era alcalde de Huaraz.   La misma condena recibieron Rafael Suátegui Saco Vértiz, ex director de Desarrollo Urbano, y el empresario Rosario Flores Rodríguez Palma, además de Joaquín Santiago Romero como cómplice primario (fue el ingeniero contratado para realizar las obras irregulares). Este último no asistió a la lectura de sentencia; su abogado justific su ausencia con un certificado médico.  Aunque el delito fue cometido cuando era alcalde y no gobernador, con Ros suman siete las autoridades regionales que han sido procesadas y encarceladas por diversos casos de corrupción. En la lista figuran Gerardo Viñas (Tumbes), Wilfredo Oscorima (Ayacucho), Carlos Álvarez (Ancash), Kléver Meléndez (Pasco) y Alex Kouri (Callao); Gregorio Santos (Cajamarca) dejó la prisión preventiva tras 25 meses, y afronta un proceso judicial bajo comparecencia.","elcomercio","29/09/2016"
"Minera ilegal en Tambopata arrasa 450 hectáreas","Solo en dos meses destruyeron casi 100 hectáreas. Serenazgo calcula que esta actividad moviliza a 5.000 personas dentro de la reserva.  En solo dos meses, entre julio y septiembre de este año, los mineros ilegales de oro han deforestado otras 100 hectáreas de bosque en la Reserva Nacional de Tambopata, ubicada en Madre de Dios, una de las zonas protegidas con mayor diversidad biológica del mundo. En total, desde noviembre del 2015, han sido destruidas más de 450 hectáreas.","elcomercio","29/09/2016"
"Minera ilegal en Tambopata arrasa 450 hectreas","Solo en dos meses destruyeron casi 100 hectreas. Sernanp calcula que esta actividad moviliza a 5.000 personas dentro de la reserva.  Francesca Garca d.  En solo dos meses, entre julio y setiembre de este ao, los mineros ilegales de oro han deforestado otras 100 hectreas de bosque en la Reserva Nacional de Tambopata, ubicada en Madre de Dios, una de las zonas protegidas con mayor diversidad biolgica del mundo. En total, desde noviembre del 2015, han sido destruidas ms de 450 hectreas.  El ltimo reporte del proyecto MAAP –a cargo de la Asociacin para la Conservacin de la Cuenca Amaznica (ACCA) y la Amazon Conservation Association (ACA)–, dedicado al monitorio de la Amazona en tiempo real, alert a finales de julio de este ao que los mineros ilegales haban destruido 353 hectreas.  Esta vez, el nuevo reporte de MAAP cedido en exclusiva a El Comercio y basado en el estudio de imgenes de satlite, muestra cuatro grandes frentes de deforestacin al interior de la reserva, donde los mineros ilegales han alterado el cauce del ro Malinowski y deforestado kilometros de bosque.  A finales del ao pasado, el Servicio Nacional de reas Naturales Protegidas (Sernanp), adscrito al Ministerio del Ambiente, alert que 2.000 mineros ilegales que operaban en la zona de amortiguamiento de la reserva penetraron en la zona protegida. Los intentos estatales para expulsarlos han sido insuficientes, y la minera continua avanzando.  Victor Hugo Macedo, jefe de la Reserva Nacional de Tambopata, dijo que hace falta una presencia permanente de la autoridad en esta zona, debido a que los mineros ilegales suelen esparcirse cuando se despliegan operaciones de interdiccin –en que se incautan y destruyen equipos–, pero luego vuelven a agruparse.  Si a estos 2.000 mineros ilegales le sumamos las personas que colaboran en esta actividad, como transportistas, vendedores de insumos o personas que tienen una presencia indirecta, calculamos que aproximadamente 5.000 personas se dedican a esta actividad dentro de la reserva, explic Macedo.  --Cambio de estrategia--  A inicios de este gobierno, se decidi que la Comisin Multisectorial contra la Minera Ilegal pasara de la Presidencia del Consejo de Ministros (PCM) al Ministerio de Energ;a y Minas para los temas de formalizacin, y al Ministerio del Interior para las operaciones de interdiccin. Adems, se elimin la figura del alto comisionado, que era la persona encargada de coordinar las grandes operaciones contra la minera ilegal.  9 mil hectreas de bosque han sido deforestadas por los mineros ilegales en la zona conocida como La Pampa, en Madre de Dios.  --Falta de coordinacin--  Cecilia Cabello, directora de Gestin de reas Naturales del Sernanp, sostuvo que es importante integrar esfuerzos con la Polica Nacional, debido a que la Marina de Guerra, que ha vuelto a establecerse dentro de la reserva, no tiene todas las competencias legales para frenar a los mineros.  Finalmente, es un tema de decisin poltica. Entre el Sernanp y la fiscal;a tenemos el objetivo claro, pero hace falta un presupuesto para poder desplazar a los agentes de la PNP y de las Fuerzas Armadas al interior de la reserva, dijo Cabello.  La reserva est resguardada por 20 miembros de la Marina asentados en el puesto de control Azul (pertenece al Sernanp), dentro de la reserva. Ellos resguardaron la zona entre abril y julio de este ao, pero por falta de presupuesto debieron retirarse. Das atr;s volvieron a instalarse en el lugar.","elcomercio","29/09/2016"
"Piden a Ministerio de agricultura atender demandas de Islay","Carlos Zanabria  Ayer se cumpli el segundo da de paro para pedir que se construya represa.  Ayer concluy el paro de 48 horas en la provincia de Islay, convocado para pedir al Gobierno que se concrete el proceso de licitacin de la represa de Paltuture, paralizado por una orden judicial.  Durante la jornada de protestas, moradores de Islay quemaron llantas en la zona conocida como Alto Catarindo, y hasta el cierre de esta edicin la va entre Matarani y Mollendo permaneca bloqueada; ms de 100 camiones segu;n varados.  En el Valle de Tambo, los manifestantes marcharon por la carretera Panamericana Sur. Algunos de ellos pidieron convocar a un paro indefinido. Hemos pedido que venga el ministro de Agricultura a dialogar al Valle de Tambo, pero no nos escucharon; ahora la gente quiere hacer una huelga indefinida y las cosas se complican, dijo el presidente de la Junta de Usuarios del Valle de Tambo, Jess Cornejo.  Aunque el 23 de septiembre el Valle de Tambo fue declarado en emergencia hdrica por 90 das –según la Resolucin Jefatural 249-2016-ANA–, Cornejo dijo que esta medida no sera efectiva si no es acompaada de proyectos que permitan paliar esa escasez de agua para uso agrcola.  En el Valle de Tambo hay 13.000 hectreas dedicadas a la agricultura. La produccin de arroz y papas se redujo considerablemente en los ltimos meses por la falta de agua.  Demanda h;drica  Al menos 10 millones de metros cbicos de agua requiere el Valle de Tambo.","elcomercio","29/09/2016"
"PnP busca a sujeto acusado de participar en violacin grupal","Anoche, los tres menores que participaron en la violacin grupal de una joven de 16 aos en Chimbote (ncash) fueron enviados al Centro de Diagnstico y Rehabilitacin Juvenil de Lima (antes llamado Maranguita), donde permanecer;n durante cuatro meses, mientras se llevan a cabo las investigaciones.  Segn la denuncia presentada el lunes por la vctima, ella acudi junto a una amiga a una discoteca en Chimbote, y luego a una fiesta en el pueblo joven de Santa Cruz, a la que fueron invitadas por los tres menores de edad mencionados.  En determinado momento, otros dos sujetos se sumaron al grupo y entre todos atacaron a la joven. Uno de ellos, Gustavo Carrin Cano (27), fue detenido el martes. Tras aceptar haber ultrajado a la menor, el juzgado dict nueve meses de prisin preventiva. La amiga de la joven logr escapar.  Richard Valenzuela Benites (20), otro de los denunciados, es buscado por la polic;a en Chimbote y otras ciudades de ncash, dijo ayer el coronel PNP Juan Martinez Arroyo, jefe de la Divisin Polic;al de Chimbote.","elcomercio","29/09/2016"
"A menos de tres aos de la competencia deportiva ms importante del continente","Escenarios para Lima  Para las 51 disciplinas  ATE  E  La Videna  11 deportes  Golf Los Inkas  CERCADO  Estadio Nacional  INAUGURACIN  AEROPUERTO INTERNACIONAL JORGE CHAVEZ  CALLAO  N  Lawn Tennis  Campo de Marte  Univ ers itaria  Elmer Faucett  La Marina  SAN MIGUEL  Costanera (Costa Verde)  Costa Verde  Hockey, rugby, tiro con arco  o  oo  d  d  v i e r P r a  P r a  J a  via  A  SAN  SANS  BORJA  BORJAAORJA  ci  n  Jess Mara  A  r  e  q  u ip a  Mirafl ores  Va Expresa  Ciclismo de ruta  s  a m o  g  n  A  Coliseo Dibs  Baloncesto  Maria Angola  Club Hpic o  Militar  Ecuestres  a  a Mo lin a  P  a  n  a  m  e  ric  a  na Su r  Base Area Las Palmas  La Punta  Adems:  Esqu acutico  Villa Deportiva del Callao  Adems: kung fu, judo, karate, bisbol , sftbol, rquetbol, escalada  DISCIPLINAS DEPORTIVAS  Costa Verde  BMX, patinaje, vleibol playa  Escuela Militar de Chorrillos  Hacia el sur de Lima  Morro Solar  Ciclismo de montaa  Punta Rocas  Surf  Atletismo  Bdminton Baloncesto Balonmano  Box  Canotaje Ciclismo Gimnasia Clavados Waterpolo  Nado sincronizado  Natacin en aguas abiertas  Deportes ecuestres  Esgrima  Ftbol Taekwondo Golf  Hockey en csped  Judo  Halterofilia Lucha Remo Rugby  Tenis Tenis de mesa  Tiro Tiro con arco Vela  Vley Natacin Triatln Pentatln  Villa Panamericana de Villa El Salvador Hospedaje para 4.500 deportistas  ESTADO DE LAS SEDES PARA LOS PANAMERICANOS  Por construir Por remodelar Listo/ por entregar  Estarn en juego:  38 deportes panamericanos  17 deportes parapanamericanos  Lima 2019: con el tiempo en contra  Cambios imprevistos ● Luis Salazar renunci y Carlos Neuhaus fue nombrado presidente de Copal y director ejecutivo del proyecto Lima 2019.  cristina fernandez  A inicios de setiembre, Luis Salazar, entonces presidente del Comit Organizador de los XVIII Juegos Panamericanos y VI Juegos Parapanamericanos Lima 2019 (Copal), visitaba junto al ministro de Educacin, Jaime Saavedra, las instalaciones de los Juegos Olmpicos Ro 2016. Nadie imaginaba que 20 das despus desertara de la organizacin de la competencia deportiva.  Tras un ao y medio como presidente del Copal, ayer en la tarde Salazar formaliz su renuncia. Esto se politiz. Nunca pens que decir la verdad sobre la llamada [de Nadine Heredia] provocara tantas cosas. Se me cit al Congreso y me trataron como un delincuente, dijo.  Ya un da antes, estaba programada la presentacin del presidente de la Federacin de Tabla, Carlos Neuhaus, como director ejecutivo del Proyecto Especial Lima 2019 (entidad encargada de ejecutar los proyectos de infraestructura), en reemplazo de Desil Len. Sin embargo, al medioda el ministro Saavedra anunci que Neuhaus sera tambin el nuevo presidente del Copal.  Este ltimo cargo no estaba previsto para nada, ms aun la renuncia de Luis, con quien estbamos trabajando, declar Neuhaus.  --En aprietos--  Pese a los sorprendidos cambios en pleno proceso de preparacin para los juegos, el ministro de Educacin se mostr optimista sobre los plazos. Como pas, por un lado, tenemos que estar confiados de que podemos llevar a cabo un proyecto complejo, pero tambin ser conscientes de que tenemos que trabajar muy fuerte, precis.  No obstante, la ex directora ejecutiva del Proyecto Especial Lima 2019 Desil Len inform que hasta el momento las nicas sedes deportivas que cuentan con estudios de preinversin son la Villa Deportiva Nacional (Videna), el Polideportivo de San Isidro y la Villa Deportiva del Callao. Estamos pasando a la viabilidad de estos proyectos. No estamos saltando ningn proceso ni exonerando de los pasos que permitan verificar su sostenibilidad, seal.  En dilogo con El Comercio, Luis Salazar afirm que existe riesgo de perder la sede de los Juegos Panamericanos si no hay apoyo pol;tico, pues el actual marco normativo no permitir cumplir los plazos previstos para la construccin, ampliacin y adecuacin de las 22 sedes del evento deportivo.  Se necesita agilizacin de trmites y eso ser posible en la medida que el Congreso apruebe las facultades legislativas, seal.","elcomercio","29/09/2016"
"Con Tacna se completa la coleccin","Juan Ponce  El BCR pone hoy en circulacin la ltima moneda de S/1 de la serie Riqueza y Orgullo del Per. Desde el 2010, miles de personas han pugnado por alguna de estas piezas. Pamela Sandoval del guila","elcomercio","29/09/2016"
"La oposición venezolana pide al Papa Francisco mediar en favor de un diálogo","La oposición venezolana pidió ayer al papa Francisco mediar en favor de un diálogo con el gobierno del presidente Nicolás Maduro para buscar salidas a la grave crisis política y económica que agobia al país.  Acudimos a vuestra respetada autoridad moral para que su sabio consejo nos ilumine y contribuya a impulsar las conversaciones entre el Gobierno Nacional y la alternativa democrática, señala una carta entregada al nuncio apostólico en Caracas, Aldo Giordano.  La coalición opositora Mesa de la Unidad Democrática (MUD) recordó que en una misiva enviada el pasado 12 de agosto, el Vaticano se mostró dispuesto a facilitar los acercamientos, siempre que ambas partes se lo solicitaren.  Estamos en un momento crucial de esta crisis, tiempo en el que su voz orientadora y sabia palabra pueden ser clave para superar la desconfianza y podamos [...] encontrar el sendero hacia la paz y la reconciliación, añadió el texto entregado por el secretario ejecutivo de la MUD, Jesús Torrealba.  El pasado viernes, el portavoz presidencial Jorge Rodríguez declaró que el gobierno también había enviado una solicitud al nuncio apostólico para que el Vaticano participe en un diálogo con la oposición.  La MUD subrayó que las conversaciones deberían dar respuesta a la crisis social y económica y acelerar la construcción de la solución electoral, en alusión al referéndum revocatorio que impulsa para sacar del poder al actual gobernante.","elcomercio","29/09/2016"
"Empresas: Blackberry anuncia que dejará de fabricar teléfonos","La canadiense Blackberry anunció que dejará de fabricar teléfonos, ya que esta función pasará a manos de la empresa PT Tiphone Mobile Indonesia Tbk. Blackberry, que hace una década lideraba la industria de smartphones, tiene ahora menos de un 1% de ese mercado.","elcomercio","29/09/2016"
"Arqueóloga: Descubren en Japón monedas del Imperio Romano","Cuatro monedas del Imperio Romano fueron encontradas en las ruinas de un castillo de la isla de Okinawa (Japón). Es el primer hallazgo de este tipo en ese país, según la agencia AFP. Las monedas datarían de los siglos III o IV d.C. No se ha determinado cómo llegaron a la isla.","elcomercio","29/09/2016"
"La compleja técnica tras el bebé con tres padres","Genética G El método llamado transferencia pronuclear evitó que el menor heredara de la madre una mortal enfermedad neurológica.  Diego Suárez Boslemann  Él no se lo imagina, pero a sus cortos 5 meses Abraham Hassan ha marcado un antes y un después en la historia de la genética. Este pequeño guarda en su interior un secreto: naci con el ADN de tres progenitores.   No se trata de un acto natural. Detrás hay una controvertida técnica que evita que los hijos hereden enfermedades de los padres.  –Un mal escondido–  Ibtisam Shaban, madre de Abraham, es una mujer jordana que porta en sus genes el síndrome de Leigh. Esta es una enfermedad neurodegenerativa que se presenta en uno de cada 36.000 recién nacidos, según el portal especializado Orphanet.  Aunque ella no presenta ningún problema en sí, experimentó el dolor de cuatro abortos espontáneos y la muerte de sus dos primeros hijos –uno de 8 meses y otro de 6 meses– por culpa de este mal.  –Dentro de la célula–  El síndrome de Leigh pertenece al grupo de enfermedades del tipo mitocondrial. Antes se pensaba que el ADN –que se hereda de los padres y pasa de generación en generación– se encontraba solo en el núcleo de las células. Sin embargo, se ha descubierto que también hay ADN en las mitocondrias, que funciona como una especie de motor que ayuda a las células a generar energía. Este ADN mitocondrial solo se hereda de la madre, ya que las mitocondrias del padre se pierden luego de la fecundación. Entonces, las enfermedades mitocondriales se transmiten a los hijos exclusivamente de la madre.  –El procedimiento–  Al quedarse sin opciones, Ibtisam y su esposo Mahmoud Hassan buscaron la ayuda del especialista John Zhang, del Centro de Fertilización New Hope (EE.UU.). La pareja se sometería a un método experimental llamado transferencia pronuclear.  Aunque esta técnica solo está permitida en el Reino Unido, puede tomar mucho tiempo recibir los permisos necesarios. Por ello, el procedimiento se realizó en México, donde las normas en estos casos son menos rigurosas.  En sí, el método consistió en retirar el núcleo del óvulo de la madre y desechar la parte que contenía las mitocondrias defectuosas, para luego insertarlo en un óvulo sano pero sin núcleo de una donante.  Este nuevo gameto femenino es fertilizado con el espermatozoide del padre y colocado en el útero de la progenitora.","elcomercio","29/09/2016"
"Ciencias: Emplean inteligencia artificial en el traductor de Google","La nueva versión Google Translate integra un sistema de inteligencia artificial que reduce en un 80% los errores cometidos por el algoritmo actual, informó la empresa. Este método se empleará primero con el chino mandarín, luego se agregarán más idiomas.","elcomercio","29/09/2016"
"Tecnología: China y Rusia interesados en proyecto de aldea lunar","Organismos públicos de EE.UU., Rusia y China, así como empresas privadas han mostrado interés por unirse al proyecto de aldea lunar impulsado por la Agencia Espacial Europea (ESA, por sus siglas en inglés), informó el director de la entidad, Johann-Dietrich Woerner.  El funcionario aseguró que existe una larga lista de organismos interesados en conocer esta iniciativa, por lo que han dedicado grandes esfuerzos para concretar estos vínculos.  Tenemos muchas entidades públicas y privadas interesadas en ir a la Luna y realizar misiones, tanto humanas como de investigación y de desarrollo de tecnología, dijo Woerner durante el 67 Congreso Internacional de Astronautica, que se desarrolla en México hasta el 30 de este mes.  El proyecto de la ESA, conocido como Moon Village, busca llevar un espacio de investigación y turismo a la Luna en los próximos 20 años.  Woerner aclaró que Moon Village no es un proyecto solo de la ESA, sino que pretende reunir diferentes iniciativas para combinarlas y así crear nuevas ideas y capacidades.  No es solo un proyecto, es un concepto que pone juntos diferentes proyectos con una visión de futuro, expresó el directivo. Añadió que se evaluará cada una de las iniciativas para conocer su viabilidad individual y de conjunto.","elcomercio","29/09/2016"
"Se cierra el ciclo","acuerdo ● Tras el anuncio del grupo petrolero, el precio del commodity subió en 6,5% ● Pacto se logra a pesar de la rivalidad entre Arabia Saudí e Irán.  María José Gallo  La Organización de Países Exportadores de Petróleo (OPEP) llegó a un acuerdo histórico durante su reunión de ayer: limitar su producción a un rango entre 32,5 y 33 millones de barriles por día (bpd). Esto significa alrededor de 750 mil bpd menos que lo producido en agosto, según Bloomberg.  La decisión sorprendió a los mercados financieros, ya que las especulaciones previas desde hace un par de semanas indicaban lo contrario. Además, es el primer acuerdo de recorte de producción de la organización en ocho años.  Tras el anuncio, el precio del crudo (WTI) subió en 6,5% y cerr el día en US$48,96. Asimismo, las acciones de Exxon Mobil, empresa de petróleo listada más grande del mundo, subieron en 4,4% durante el día, el mayor incremento desde febrero, señaló Financial Times.  –¿Es sostenible?–  Si bien el mercado financiero reaccionó al alza tras el anuncio, muchos analistas se pronunciaron de manera conservadora sobre el curso que tomará el precio del crudo. Esto sobre todo porque Estados Unidos, uno de los principales productores mundiales, no forma parte del grupo.  Si bien en la actualidad la OPEP representa el 40% de la producción mundial de petróleo, esto no incluye a las empresas de crudo shale que operan en Estados Unidos. Estas solo son rentables cuando el precio del barril supera los US$50, por lo que, cuando el precio baja, estas empresas continúan extrayendo petróleo, manteniendo el mercado sobresaturado.  Sin embargo, según han anunciado los líderes del grupo en la reunión en Argelia, esta decisión acelera el proceso para que el mercado regrese a un equilibrio. En palabras del ministro de Energía de Arabia Saudita, Khalid al-Falih, la industria necesitaba un ajuste gentil.  Esto podría representar un regreso del mercado del crudo a una lógica de supply chain management, es decir, una producción más alineada a la demanda, señalaron analistas a Bloomberg.","elcomercio","29/09/2016"
"Velarde: El gobierno debe evaluar qué batallas enfrenta","El gobierno va a tener que evaluar qué batallas enfrenta y qué reformas estructurales deber llevar a cabo, afirm el presidente del Banco Central de Reserva, Julio Velarde, durante su exposición en el XIV Evento de Mercado de Capitales, organizado por la banca de inversión Credicorp Capital.  Velarde también consideró que el Congreso no está siendo un opositor radical y pronosticó que no lo será durante el mandato de Pedro Pablo Kuczynski. Según el titular del BCR, el cálculo político de la mayoría parlamentaria de Fuerza Popular será dejar actuar al gobierno y responsabilizarlo si sus reformas fracasan con miras a la campaña presidencial del 2021.  –Proyecciones 2017–  Velarde también advirtió que el déficit fiscal del próximo año podría superar el compromiso del Ministerio de Economía y Finanzas (MEF) de 2,5% del PBI y llegar hasta 2,6% o 2,7%.  Por otro lado, Velarde afirmó que el pronóstico de crecimiento de la inversión privada del BCR podría subestimar el impacto del aumento de las expectativas de los empresarios tras la campaña electoral.  También sostuvo que la inversión no minera será la que impulse la demanda interna durante el próximo año, con el mayor peso en los sectores transporte, comunicaciones y electricidad.","elcomercio","29/09/2016"
"Con Tacna se completa la colección","Juan Ponce El BCR pone hoy en circulación la última moneda de S/1 de la serie Riqueza y Orgullo del Perú. Desde el 2010, miles de personas han pugnado por alguna de estas piezas. Pamela Sandoval del guila Cambistas y anticuarios de los jirones Ocoa y Caylloma, en el Cercado, coinciden: ni bien el Banco Central de Reserva (BCR) anuncia la emisión de una nueva moneda de la serie Riqueza y Orgullo del Perú, reciben al menos 70 consultas en la semana sobre canjes y compras de estas piezas, grabadas con algún motivo arqueológico, arquitectónico o natural del país. Han pasado seis años desde que acuñamos la primera moneda, el Tumi, y seguimos sorprendidos por la acogida. Una vez me topé con una señora cuando le decía a su hijita: Mira, aquí es donde hacen las moneditas, comenta Abraham de la Melena, funcionario del BCR que desde marzo del 2010 integra el equipo que decide los diseños. Riqueza y Orgullo del Perú está compuesta por 26 monedas de S/1, acuñadas en un cospel (disco con borde) de alpaca, aleación de cobre, níquel y zinc. Hoy se emite la última pieza dedicada a Tacna, en la que se aprecia el Arco Parabólico de la plaza principal de la Ciudad Heroica. La moneda que cierra la colección se emiti justo un mes después de haberse celebrado el aniversario 87 de la reincorporación de Tacna al Perú, hecho ocurrido el 28 de agosto de 1929. —Nuevos mercados— De acuerdo con Pedro de la Puente, de la Sociedad Numismática del Perú, antes de la emisión de Riqueza y Orgullo, lo habitual en nuestro medio era encontrar a ciudadanos que coleccionaban monedas conmemorativas. Dichas piezas, valuadas entre los S/124 y S/567, son acuñadas desde 1954 en oro y plata. Con Riqueza y Orgullo, en la que cada moneda nueva cuesta su valor nominal, se despertó el interés por la numismática en personas ajenas a ella. Además, con los álbumes y cromos de la serie se alimentó el interés por el acervo cultural representado en las monedas, afirma. Según registros periodísticos, este repentino afán por la numismática provocó que, para noviembre del 2010, la moneda del Tumi se ofreciera en S/5, mientras que el ejemplar en su estuche de colección –que el BCR distribuyó por S/2 ni bien lanzó la moneda, tal como hace hoy con la moneda de Tacna– costase S/10. Hoy, estas monedas se ofertan en internet y locales del Cercado por S/5, S/50 y S/70 (US$21,08). Según el BCR, hasta el 14 de julio pasado, cuando salió la moneda alusiva a la cerámica shipibo-konibo, se habían emitido en total 266 millones de piezas de la serie. De ellas, más de 120 millones habrían salido de circulación gracias a los coleccionistas. Conservar estas monedas también es una forma de inversión, pues son pequeñas obras de arte. La moneda de Huaytará, por ejemplo, fue nombrada La Mejor de Curso Legal del Mundo, en el 2015. Y la de Petroglifos de Punchawaro fue La Más Bonita del 2015 para la Sociedad Numismática de Argentina, explica De la Melena. —Trabajo en equipo— Cada diseño de Riqueza y Orgullo demandó la colaboración de historiadores y arquitectos. Ellos asesoraron a Eduardo Paredes y Felipe Escalante, diseñador industrial y grabador del BCR, respectivamente, para dibujar y modelar las piezas en la planta ubicada en la Casa de la Moneda, en el Cercado de Lima. Tardamos de dos a tres meses en cada moneda porque a veces íbamos hasta el lugar donde estaba el motivo, recuerda Paredes, cuya pieza preferida es la de Huarautambo, en Pasco. Según De la Melena, el BCR evalúa emitir una nueva serie numismática, alusiva al bicentenario de la independencia. De confirmarse, coleccionistas: preparense.","elcomercio","29/09/2016"
"Callao multa a más de 200 choferes de Uber en solo una semana","Como ya lo había anunciado, la Municipalidad Provincial del Callao inició las operaciones de fiscalización contra los conductores de vehículos que realizan servicio de transporte por medio de aplicaciones móviles, sin autorización de la comuna. Miguel González, gerente de transporte urbano de esta entidad, dijo que en la última semana cerca de 200 choferes asociados a la aplicación internacional Uber fueron multados por no contar con la licencia para hacer taxi, que emite la comuna. Otra cantidad menor de conductores de otras aplicaciones, como Taxi Beat e Easy Taxi, también fueron intervenidos. Uber y otras plataformas virtuales argumentan que sus choferes no realizan servicio de taxi, sino de conductor privado. Sin embargo, en la práctica, transportan a pasajeros a cambio de una tarifa basada en la distancia y el tiempo de viaje. Solo anoche fueron sancionados en el aeropuerto Jorge Chávez un total de 36 taxis sin autorización, de los cuales 34 eran de Uber, dijo González, quien no descarta realizar la fiscalización con personal de la municipalidad infiltrado como pasajeros. —También Lima— Como informó El Comercio a inicios de septiembre, la Gerencia de Transporte de la Municipalidad de Lima admitió la dificultad para controlar la informalidad en el servicio de taxi por aplicaciones móviles (ya que sus vehículos no están identificados como tales), pero están velando que la norma se cumpla y generando que los trámites para autorizar el servicio se agilicen, dice Iván Castro, gerente de transporte.","elcomercio","29/09/2016"
"Un crimen a la memoria del país, un absurdo jurídico","As calificó el director de la Biblioteca Nacional del Perú (BNP), Ramón Mujica, el archivamiento definitivo por parte de la fiscalía de la denuncia por el presunto intento de robo de los manuscritos del Mariscal Andrés Avelino Cáceres. Mujica indicó que este proceso era el más emblemático de la campaña emprendida para frenar el tráfico de textos antiguos de la BNP. Por ello, aseguró que mañana presentará una queja en el Ministerio Público contra el fiscal que ordenó el archivamiento. Fue el magistrado Néstor Rivera, titular de la Primera Fiscalía Provincial Corporativa Especializada en Delitos de Corrupción de Funcionarios de Lima, quien desestimó la denuncia por peculado –presentada hace más de cinco años– contra ocho trabajadores de la Gran Biblioteca Pública de Lima. Se los acusaba de haber permitido que más de 4 mil folios del archivo Cáceres, valorizados en US$1,5 millones, fueran sacados de la zona de seguridad y conducidos a la azotea del edificio, para robarlos. Por suerte, fueron encontrados por un operario. Para el fiscal, no fue peculado, sino un acto negligente. Mujica agregó que el dictamen confunde fechas y no describe bien los hechos. El fiscal no ha investigado nada, acus. Nory Rodríguez, country manager de Taxi Beat en el Perú, afirma que la adecuación a las normas municipales es responsabilidad de los propios conductores. El municipio no está entregando los permisos a nuestros conductores, dice Jorge Romero, country manager de Cabify Perú.","elcomercio","29/09/2016"
"Minúsculos avances en crisis migratoria","Europa sigue cerrando los ojos. Retraso ● Países de la UE solo se han repartido el 3,5% de los refugiados prometidos hace un año ● Suena a utopía relocalizar a 160 mil demandantes de asilo. Es la peor crisis migratoria desde la Segunda Guerra Mundial y lo peor de todo es que, más allá de los discursos y los planes, la situación se torna cada vez más grave. Hace exactamente un año, a fines de setiembre del 2015, la Unión Europea (UE) adoptó un plan de reparto entre los países del bloque de 160.000 demandantes de asilo presentes en Italia y Grecia (aunque los que llegaron a sus costas en esos países superaron el millón). Ayer mismo, la UE reconoci que solamente 4.455 solicitantes de asilo han sido transferidos desde Grecia y 1.196 desde Italia, es decir, un total de 5.651 migrantes, lo que significa apenas el 3,5% de lo acordado. Si bien el reparto de las 160 mil personas se trazó para un lapso de dos años, al haberse cumplido la mitad de dicho período el objetivo se avizora casi imposible de cumplir, sobre todo porque los jefes de Estado de varios países involucrados temen que la acogida de refugiados se traduzca en rechazo de la ciudadanía hacia ellos. La Organización para la Cooperación y el Desarrollo Económico (OCDE) alertó la semana pasada sobre el avance de la derecha populista en Europa, cuya población tiene la sensación de que se perdió el control del flujo de migrantes provenientes de Asia y África. –Jalón de orejas– El plan, que establece cuotas por países dependiendo de su tamaño y su situación económica, fue rechazado por las naciones del este del bloque, pero las favorables a él tampoco han hecho grandes progresos. Alemania es uno de los países que más han defendido el sistema de cuotas de refugiados, y el que se comprometió a reubicar el mayor número, pero es uno de los que menos la han aplicado a lo largo de este año: solo acogió a 215 personas bajo este modelo de redistribución. Lo que sucede es que Alemania experimentó, desde el principio de esta crisis, una reubicación automática: la mayoría de refugiados que accedieron a la UE vía Grecia (más de un millón en el 2015) acab pidiendo asilo en suelo alemán y lo obtuvo. Ello cambió de manera radical en este 2016.","elcomercio","29/09/2016"
"Facultades: El pleno del Congreso ratificar hoy el proyecto","Ejecutivo tendr 90 das para legislar  en cinco materias  Negociacin. Grupo de Constitucin  aprob la mayora de los puntos que  se solicitaron salvo algunos cambios.  En desacuerdo. Bancada del Frente  Amplio vot en contra y presentar su  propio dictamen en minora.","elcomercio","29/09/2016"
"Panamericanos en riesgo","El sueo de Lima 2019  A menos de tres aos para los Juegos, ninguna de las  22 sedes se ha empezado a construir. El presidente  del comit organizador renunci ayer.","elcomercio","29/09/2016"
"PODER JUDICIAL","El gobernador regional fue internado en un penal.   CRISIS POLTICA EN NCASH  Waldo Ros es  sentenciado a 5  aos de prisin  por corrupcin  Condena. Cometi irregularidades  tre 1999 y el 2000, cuando era  alcalde de Huaraz. Adems recibi  tres aos de inhabilitacin.","elcomercio","29/09/2016"
"Editorial"," Pretender que el gobierno fortalezca las empresas estatales solo imposibilitara que los peruanos accedan a mejores servicios pblicos. Y es que, si algo han demostrado estas, es ser incapaces de dar un servicio tan bueno como las privadas. Editorial de El Comercio La danza de las empresas pblicas / 01 de octubre del 2014  No le faltaba razn al ministro de Economa, Alfredo Thorne, cuando afirmaba, en un reciente evento acadmico, que el sistema de salud est en una situacin sumamente delicada, como tampoco caus sorpresa que el Ministerio de Salud haya declarado en emergencia por 90 das todos los establecimientos de salud de Lima Metropolitana.  Son muchos los aspectos por mejorar en el sistema de salud pblica, como la deficiente infraestructura (con una brecha estimada en S/60 mil millones), la falta de abastecimiento de medicinas, los problemas y demoras en la atencin de pacientes, la supervivencia financiera del Seguro Integral de Salud (SIS) y las remuneraciones de los profesionales de la salud. As, habiendo tantas necesidades y tan pocos recursos para atenderlas, llama la atencin que algunos actores clave de este sector se den el lujo del despilfarro.  Es el caso, por ejemplo, del Sistema Metropolitano de la Solidaridad-Sisol, una entidad creada con recursos pblicos provenientes de la Municipalidad Metropolitana de Lima y que utiliza frecuentemente la marca municipal y la imagen del alcalde para su posicionamiento y oferta de servicios. Y que la semana pasada sorprendi a todos con un poster en el que anunciaba la inauguracin de su centro de medicina esttica dentro del Hospital de la Solidaridad de San Juan de Lurigancho. Un servicio que no tendra nada de malo si no fuera porque contraviene directamente el principio de subsidiariedad estatal, al ingresar a competir en un mercado donde ya existe oferta privada. Ello sin mencionar que la reduccin de arrugas y la eliminacin de tatuajes difcilmente podran ser consideradas actividades de alto inters pblico o manifesta conveniencia nacional, como lo exige la Constitucin.  Lamentablemente, no se trata de la nica cuestionable inversin estatal que utiliza fondos que debieran estar enfocados en servicios de sanidad. Essalud, una entidad con evidentes oportunidades de mejora en cuanto al servicio que brinda a sus asegurados, ha decidido desde hace varios aos incursionar en los rubros de seguridad y limpieza. Nuevamente, con recursos estatales, concurre deslealmente en estos mercados a travs de las empresas Servicios Integrados de Limpieza S.A. (Silsa) y Empresa de Seguridad, Vigilancia y Control.S.A.C. (Esvicsac), en las que, directa e indirectamente, controla el 100% de su accionariado.  Por ltimo, est el caso de Saludpol, una entidad que tiene el monopolio del aseguramiento en salud de la polica y que, como report hace unos das este Diario, acumulaba cerca de S/350 millones almacenados en sus cuentas, inutilizados a pesar de la grave situacin de desabastecimiento de medicinas y equipos que enfrentan los ms de 77 establecimientos de salud de la Polica Nacional del Per (PNP).  El sistema de salud pblica no puede desperdiciar recursos en temas estticos.  Se trata pues de tres entidades que muestran un pobre manejo institucional, sea porque utilizando su posicin de privilegio al formar parte del aparato estatal se dedican a competir deslealmente en segmentos del mercado donde no les corresponde, o porque desperdician con su paralisia recursos que deberan estar al servicio de los ciudadanos (no tendra sentido, por ejemplo, que los asegurados de Essalud o Saludpol pudieran usar los fondos que ellos mismos han aportado para atenderse en los centros de salud de su preferencia, sean estos pblicos o privados?).  Esperamos que las motivaciones que condujeron al nuevo gobierno a declarar la emergencia sanitaria con el fn de recuperar la capacidad operativa y la continuidad de los servicios de salud lo lleven tambin a darse cuenta de que gran parte del problema se ubica en entidades y funcionarios que no han entendido cul es su mandato y prefieren malgastar oportunidades en emprendimientos anodinos. En estos casos, antes que retoques estticos, lo que necesita el sector salud es ms bien un trasplante de mdula.","elcomercio","29/09/2016"
"Facultades para el Ejecutivo","Jueves 29 de setiembre del 2016  1. El Ejecutivo solicit facultades legislativas por un plazo de 120 das. La Comisin de Constitucin las aprob solo por 90 das.  LOS PRINCIPALES CAMBIOS AL PEDIDO DEL EJECUTIVO  3. Plante crear programas de servicios facultativos en materia de saneamiento y agua. Fue denegado.  2. Se pidi que la UIF comparta informacin de inteligencia financiera con la ONPE y el JNE. No fue aprobado.  4. Propuso extinguir las deudas tributarias menores a 1 UIT. Solo se acept para las mypes, pymes y personas naturales.  Con permiso para legislar  A favor G La Comisin de Constitucin aprob dictamen que otorga al gobierno facultades en cinco materias G El plazo ser de 90 das y no 120 G Iniciativa debe ratificarse en el pleno de hoy.  MARTN LEN/MARIO MEJA  Veinte das despus de que llegara al Congreso, la Comisin de Constitucin aprob anoche por mayora la iniciativa que plantea dar facultades legislativas al Poder Ejecutivo en cinco materias. As, el dictamen qued listo para discutirse y votarse en el pleno de hoy, donde finalmente se decidir si el Parlamento delega facultades al gobierno.  Sin embargo, es poco probable que el Legislativo no acceda al pedido del Ejecutivo en la sesin plenaria de hoy, ya que la iniciativa fue aprobada por el fujimorismo y el oficialismo y tiene ms de 20 modificaciones en comparacin con el proyecto inicial enviado por el gobierno.  En ese sentido, el presidente del grupo congresal, el fujimorista Miguel ngel Torres, declar anoche: Si nosotros nos hubiramos quedado nica y exclusivamente con el texto que nos enviaron, seguramente la decisin hubiese sido denegar las facultades porque no se habra cumplido con la especificidad en la materia que exige la Constitucin Poltica.  Torres recalc luego que, con la aprobacin del dictamen en la Comisin de Constitucin, se ha demostrado que en su labor no hay un nimo obstruccionista en lo absoluto, sino ms bien un nimo de control poltico.  –Plazos y puntos–  Entre los cambios planteados por el grupo congresal, est el plazo para la delegacin de facultades.  En el proyecto original, el gobierno solicit 120 das. Pero en el predictamen que se prepar para la sesin de ayer de Constitucin se plantearon 90 das para cuatro materias: reactivacin econmica y formalizacin; lucha contra la corrupcin; agua y saneamiento; y reorganizacin de Petro-Per. En cambio, para seguridad ciudadana se daban 60 das. Al final, producto del debate en Constitucin, se estableci que el plazo sea de 90 das para las cinco materias.","elcomercio","29/09/2016"
"Rodrguez vuelve a tener una oportunidad con la blanquirroja","Flamengo fue eliminado de la Copa Sudamericana  A pesar de que la prensa vol-vi a tocarle el tema de los jugadores ausentes, Ricardo Gareca quiso evitar declarar abiertamente sobre la exclusión de algún futbolista. Volvi a mostrarse abierto y evit cualquier frase que deslice alguna posibilidad de conflicto.  Yo no descarto ni tengo problemas con nadie. Ahora le damos más prioridad que antes a que un jugador tenga continuidad y que est restablecido de sus lesiones, respondió Gareca.  Los seleccionados comenzarán con los trabajos en Videna esta mañana.  44 partidos suma Lobatón en la selección peruana. Su único gol oficial fue ante Colombia en la Copa América 2011.  AFP  Guerrero recién llegó el domingo a Lima para unirse a la selección.","elcomercio","29/09/2016"
"Partido... Con gol de Val-verde, Garcilaso venci 1-0 a Comercio","Ya sin Wilmar Valencia en el banco y con Jorge Parihuana como técnico, el cuadro cusqueño solo tiene como meta salvar el año sin complicaciones con la baja.  Confirmado... El Chile vs. Perú en el Nacional de Santiago se jugará con público, anunciaron ayer en el país sureño. Habrá que estar atento a los cánticos racistas que ya son una costumbre all.  Recuperación... Víctor Guaz fue operado por fractura en el cráneo tras sufrir un duro choque con Calderón durante el UTC-A. Atlético (4-0). Pero el colombiano deber someterse a más cirugías. Fuerza, Víctor.","elcomercio","29/09/2016"
"Sorpresa total en territorio carioca y en la Copa Sudamericana","Palestino de Chile superó por 2-1 al Flamengo de visita y clasificó a los cuartos de final de este torneo continental.  Paolo Guerrero estuvo 76 minutos en el campo del Estadio Kleber José de Andrade de Río de Janeiro.  Cereceda y Valencia (33’ y 45’, respectivamente) anotaron para el club chileno mientras que Alan Patrick puso el descuento a los 65’.  Guerrero, una vez más, asumió por ratos funciones de creación y retrocedió unos metros en comparación con su habitual lugar de 9. El peruano no pudo ser el hombre que conduzca los hilos del ataque del ‘Mengao’ y no solo se qued sin anotar, sino también que no estuvo muy preciso en el juego colectivo con sus compañeros.  En los minutos finales, el técnico de los rojinegros, Z Ricardo, decidió ensayar algunas modificaciones para buscar la igualdad y all se produjo el cambio de Paolo. El ‘Depredador’ fue reemplazado por Felipe Vizeu.  Guerrero no es artillero, tcnicamente es muy inferior que otros atacantes.  Edmundo  Ex jugador brasileño","elcomercio","29/09/2016"
"Otros clasificados","En otros resultados de anoche, Atlético Junior de Barranquilla clasificó cuartos de final al empatar 0-0 con Montevideo Wanderers, mientras que Chapecoense de Brasil logró ubicarse entre los ocho mejores de la Sudamericana al vencer en definición por penales a Independiente de Avellaneda.","elcomercio","29/09/2016"
"Juego en corto","No deb salir, pero asumo mi responsabilidad. El profe está sentando un precedente conmigo. Ahora debo remar el doble para volver. Luis Advíncula  El lateral confes en CMD su indisciplina.  Juega... Y Alberto Rodríguez volvió a jugar en la Primera. Apenas horas después de conocerse su convocatoria, el ‘Mudo’ fue titular en el duelo que Melgar empató 1-1 ante Aurich en Chiclayo. Gareca respira aliviado.","elcomercio","29/09/2016"
"El capitn tambin hunde este barco","Con Ibez como responsable en los dos goles, Comerciantes Unidos venció 2-1 a Alianza, que quedó a siete puntos del cuarto lugar.  Christian Cruz Valdivia  El barco intenta enrumbar su camino, pero si el capitán pierde el timón de manera tan fácil y displicente, será difícil que Alianza Lima pueda pensar en meterse entre los semifinalistas del torneo.  En una tarde para el olvido de Walter Ibez, responsable directo en los dos goles de Comerciantes Unidos, los íntimos cayeron 2-1 en Cutralco y ahora son séptimos, a lejanos siete puntos de Deportivo Municipal, cuarto en la tabla acumulada.  Juan Jayo Legario intentó darle mayor movilidad al ataque íntimo, con la presencia juvenil de Erinson Ramírez, y Bazán por las bandas, para dejar en punta a Pando y Pajoy. Todo bien en el papel, pero sin el balón en su poder, era muy difícil generar peligro. Fueron los locales quienes dominaron y quienes mejores ocasiones tuvieron para concretar.  Y peor si atrás la defensa sigue siendo tan débil. Lo aprovech Gary Correa sobre el final del primer tiempo, tras una pifia y resbalón de Ibez, y sentenció Carlos Flores al inicio de la segunda parte, luego de un pase en profundidad que el uruguayo nunca cortó pese a tener el balón en la mira.  La mano de Jayo se vio en algunos cambios, Araujo de lateral derecho, Cotrina en el medio para la marca y Ramírez en la elaboración, pero en funcionamiento no tuvo respuestas.  El descuento de Pando lleg tras un grosero error del defensa Bruno Stefano, quien se agachó en vez de despejar. Solo así Alianza llegó al gol, solo así pudo aparecer en el campo. Ni cuando los cutervinos se quedaron con 10 hombres, por la injusta expulsión del arquero Rosales, los blanquiazules pudieron generar peligro a pesar de que el defensa Guerra tuvo que improvisar como portero de Comerciantes.","elcomercio","29/09/2016"
"Calificación del partido: 5","Quiero pedir perdón a los hinchas y asumo mis errores. Walter Ibez  Defensa de Alianza Lima  Arriba, el capitán Walter Ibez, autor de los dos goles de Comerciantes Unidos.  Alianza suma cuatro fechas sin poder ganar. Dos derrotas y dos empates que lo han alejado de ‘semis’.  Calificación del partido: 5  ‘Farolillos’  Invictos  Comerciantes suma once fechas sin perder, y lucha por llegar a semis.  La cabeza  Esta racha coincide con la llegada de Mario Viera al comando técnico del equipo.","elcomercio","29/09/2016"
"Problema de fondo para Universitario","El gran problema de la ‘U’ sigue siendo su línea defensiva. No es un secreto que ese es su punto más débil y hasta la fecha no ha encontrado una solución. Con casi la mitad de la liguilla disputada, el equipo crema sigue apostando por Carlos Cceda como salvador en su arco.  A inicios del año la dupla titular de centrales estaba integrada por Braynner García y Horacio Benincasa. Entre el Apertura y Clausura jugaron juntos 20 partidos, y con ellos la ‘U’ ganó 9 veces, empató 5 y perdió 6. Además vieron cómo 26 veces el arco crema era vencido (más de un tanto por partido).  Cuando no estuvo el colombiano o el ex Ayacucho, Adán Balbín cubría ese puesto. Gustavo Dulanto y Ángel Romero también fueron ‘tapahuecos’ pero no soluciones en el fondo. Ambos jugaron dos partidos y los perdieron (sufrieron 5 goles).  –Dupla nueva–  Entonces llegaron el uruguayo Diego Rodríguez y John Galliquio para reforzar ese sector. Chale decidi encarar la liguilla con Rodríguez y García, una dupla frágil, sin reacción. Llevan cuatro encuentros juntos (dos victorias y dos empates).  La pregunta ahora es por qué no juega Galliquio, un jugador por el que Chale peleó para que lo contraten. Ante Ayacucho este domingo tampoco será de la partida.  El dato  En lo que va de la temporada, la ‘U’ ha recibido 42 goles en 35 partidos. Cinco equipos tienen menos tantos en contra.  Tanto Braynner García como Diego Rodríguez no ofrecen seguridad.","elcomercio","29/09/2016"
"El milagro esquivo","Homolog Ludens  Ricardo Montoya  Periodista  No pudo contenerse. Angela Leyva llor tres veces en una semana. En cada ocasión sus lágrimas tuvieron un signiﬁcado diferente. En todos esos sollozos hubo mucho de emoción y de desahogo, pero también de tristeza y de dolor. Curiosamente, el primero de todos sus llantos fue de felicidad. Se le había ganado a Argentina en la fase previa de la Copa Panamericana. Fue un partido durísimo a cinco sets, lo que hizo abrigar al país la esperanza de una victoria definitiva con la recompensa de instalarnos en el anhelado Mundial Sub 23 de Valey de Eslovenia. La ilusión de que se podía y de que había equipo para apuntalar el sueño fueron la causa de su húmeda algarabía. Por eso el desborde. Por ﬁn ella sentía que podíamos dar la talla en la lid internacional y que lo azaroso, lo accidental, lo mutable, lo que no estaba, a priori, en la cabeza de los expertos podía, contra pronóstico, consumarse.  Al día siguiente Angelita volvió a llorar. Esta vez, por el infartante triunfo ante Cuba, remontando un resultado adverso de dos sets a cero. Era la confirmación de que el sexteto peruano rendía y que el camino a seguir era el del éxito. No solo por la victoria sino también por el coraje expuesto para levantar un partido imposible. La escuadra nacional había exhibido temple y la capitana sentía que este triunfo era el indicio del renacer de un deporte que parecía, por ﬁn, resurgir de sus caídas.  Su tercer llanto fue el más desolador. Tras un set inicial, un parcial de ensueño, el equipo acusó el cansancio físico y emocional de las hazañas precedentes y se derrumbó ante las combativas argentinas. Era el duelo clave para sacar pasaporte mundialista a Europa. Y lo perdimos. Esas lágrimas nos dolieron a todos. Representaban el desconsuelo de aquel que ha nadado mares para ahogarse finalmente en la orilla. La terrible certidumbre de que ya no hay un mañana como juvenil para ella. Esa caída caliente en el alma y aunque Angela jamás lo va a reconocer, está claro que ella sola no podía con tanto peso sobre los hombros. La táctica y estrategia de Perú, Benedetti dixit, era que Angelita resolviera y no siempre se puede. Hay algunas otras chicas interesantes en el plantel pero en un deporte en que la estatura es cada vez más fundamental su techo es limitado.  Los triunfos peruanos en las rondas anteriores se gestaron básicamente porque si bien el equipo fue comparsa, el rendimiento de Angela Leyva fue, como casi siempre, extraordinario. Contra Cuba, por ejemplo, sumó 31 puntos. El elenco era Angela dependiente y en el rigor moderno, que obliga a jugar todos los días, la fatiga termin facturándole un alto precio al representativo patrio. Además, los rivales no son ingenuos y aprenden la lección; saben que neutralizando el arsenal de Leyva, la ofensiva de Perú se reduce significativamente. Lo intentaron y aunque igual Angela estuvo estupenda, no le alcanzó para que su Per honrara el guion de las circunstancias. Los milagros tienen sus límites, por eso tanta lágrima derramada.","elcomercio","29/09/2016"
"Paloma Schmidt pide por los deportistas para Lima 2019","La velerista solicitó al Copal velar por presupuesto para preparación.  Hay que ponerse en los zapatos de ellos para entender la presencia de Paloma Schmidt en la presentación de Carlos Neuhaus como presidente del Comité Organizador de Lima 2019 (Copal).  La tres veces velerista olímpica hizo un alto a su rutina para dejar en claro que la organización no solo debe preocuparse por la infraestructura, sino también por el deportista.  Mi intención no es quejarme, sino hacer una alerta de tener plazos de apoyo al deportista para que no nos pase lo de Río, declar.","elcomercio","29/09/2016"
"Neymar de enganche, Luis Suárez y Paco Alcácer en punta","Con dos 9, más allá de generar algunas opciones de gol, el Barça no funcion. Juntar a Suárez y Alcácer no fue una buena idea porque ambos tienen las mismas características y no se complementan por más que alternen funciones como puntas o por momentos como extremos. Quedó en evidencia que no fue la mejor opción para potenciar el ataque sin Leo. Ya Luis Enrique, con todo esto, tiene una respuesta para futuras alineaciones en ataque.","elcomercio","29/09/2016"
"Con gol del belga Yannick Carrasco, Atlético de Madrid superó 1-0 al Bayern Munich en el estadio Vicente Calderón","El técnico italiano Carlo Ancelotti sufrió su primera derrota en el banco del cuadro bávaro. El club español impuso una vez más su conocido ritmo de presión para lograr esta victoria que los ubica como líderes solitarios del Grupo D de la Champions League. El marcador pudo ser ampliado pero el atacante francés Antoine Griezmann estrelló un tiro penal en el larguero.","elcomercio","29/09/2016"
"Jueves 29 de setiembre del 2016","Con doblete de Walcott, el Arsenal venció 2-0 al Basilea, mientras que el PSG venció 3-1 al Ludogorets con tantos de Matuidi y Cavani (2). Con doblete de Walcott, el Arsenal venció 2-0 al Basilea, mientras que el PSG venció 3-1 al Ludogorets con tantos de Matuidi y Cavani (2). Puntaje perfecto para el Napoli (6 unidades) que ayer venció 4-2 al Benfica de Carrillo que jugó 70’. Por su parte, Besiktas empató 1-1 ante el Dinamo Kiev. Con doblete de Walcott, el Arsenal venció 2-0 al Basilea, mientras que el PSG venció 3-1 al Ludogorets con tantos de Matuidi y Cavani (2).","elcomercio","29/09/2016"
"El desafío de construir un equipo","La Nación de Argentina / GDA ¿Cuánto tiempo necesita un entrenador para dotar a su equipo de una identidad, de una idea? La interrogante no tiene respuesta precisa porque depende de múltiples factores. Un equipo es una idea ensayada. No hay otra manera de construirlo. Sin embargo, tendemos a limitar los espacios destinados al entrenamiento, es decir, al ensayo. Peor aún, banalizamos la cuestión creyendo que la falta de horas de trabajo en común se puede sustituir con habilidad natural, algunas pizcas de talento y una porción de suerte. Ocurre sobre todo en las selecciones, salvo que tengan como base un club con un patrón de juego definido, como han sido en los últimos años los casos de Alemania/Bayern y España/Barza. En ellas se potencia un mal que es habitual en nuestros clubes: el tiempo, que debería ser un aliado, simplemente desaparece, y el técnico debe atender lo urgente antes que lo prioritario. La construcción de un equipo es una tarea cotidiana que se realiza ladrillo a ladrillo. Un entrenador puede poner en marcha el motor a partir de su modo de ver el fútbol y sus convicciones, puede plantear sus propósitos, pero necesita desarrollar hábitos colectivos. Tendemos a creer que la idea de juego es un número: 4-3-3, 3-5-2, etcétera. Pero las claves en la edificación de un equipo no se relacionan con el sistema. La esencia se encuentra en el estilo, en saber cómo vamos a elaborar el juego, cuál será nuestra geografía en el intento de recuperación de la pelota, cómo nos vamos a mover para lograr superioridad numérica en ataque. El técnico debe transmitir las ideas a sus dirigidos y fundamentalmente ocuparse de perfeccionarlos, de ayudarlos a crecer como jugadores cada día. Tiene que explicarles el cómo y el porqué para que no entrenen de manera mecánica. Pero ahí empieza a encontrar aquellos factores que ponen trabas a su tarea. El fútbol necesita de la participación colectiva, entonces, el planteamiento de juego debe convenirles a todos los integrantes del equipo. Un jugador hábil para gambetear cerca del área rival nunca se sentir cómodo si la idea es retrasarse y recuperar la pelota a 70 metros del arco de enfrente. La facilidad de un entrenador para detectar lo que su plantel necesita incide para acortar los tiempos de construcción. Entre los futbolistas sucede algo semejante: no todos están capacitados para incorporar lo que se les pide. La confusión entre habilidad y entendimiento del juego desembocan en la llegada a Primera de muchos jugadores que no completaron su período de formación. Lo importante, en todo caso, es saber en cada momento hacia dónde se quiere ir para tener una línea sobre la cual apoyarse y una idea donde refugiarse. All están los cimientos. Después, las paredes que se puedan ir levantando dependerán del tiempo disponible para ir sumando los ladrillos de cada día.","elcomercio","29/09/2016"
"Lobatón vuelve a la selección peruana","El volante de Sporting Cristal y Alberto Rodríguez son las grandes novedades en el llamado de Gareca para las Eliminatorias en octubre. Los últimos minutos de Carlos Lobatón con la selección peruana fueron en el 2-2 ante Venezuela en marzo. –No cierra puertas– PEDRO CANELO El aviso parroquial de Ricardo Gareca lleg ayer al mediodía en el auditorio de la Videna. Casi con voz de misa, el ‘Tigre’ alzó la voz por menos de un minuto para enumerar a los 13 convocados del torneo local para los partidos de Eliminatorias de octubre ante Argentina y Chile. Una confirmación y una sorpresa. Estará Alberto Rodríguez y vuelve después de cinco meses Carlos Lobatón. Más allá de estos dos jugadores, el resto de los llamados estaba dentro de lo previsto, es decir, esa base conocida que está siendo convocada desde la Copa América Centenario. “Lo vemos que ha jugado dos partidos seguidos. Cosa que no ha ocurrido en anteriores etapas. Veamos que no terminaba 90 minutos antes, por ejemplo. Hemos revisado el día a día, lo presente, dijo Ricardo Gareca sobre la vuelta de Lobatón. ‘Loba’, ya recuperado de lesiones, incluso podría llevar la cinta de capitán ante Argentina y Chile. Para ser sincero este llamado a la selección me ha tomado por sorpresa. No hay mayor felicidad que poder defender a tu país, dijo Lobatón en su página web oficial. Se recuerda que la última aparición oficial de Lobatón con la selección peruana fue en la fecha doble de Eliminatorias de marzo. Esa vez jug solo 40 minutos en el 2-2 ante Venezuela (reemplazó a Renato Tapia) y ante Uruguay no pudo estar por una lesión muscular, a pesar de haber viajado a Montevideo. El caso de Alberto Rodríguez es algo distinto para el comando técnico de la selección. Al defensor lo quisieron seguir llamando después de su correcta actuación en la Copa América Centenario. Sin embargo, el ‘Mudo’ no volvió a ser llamado porque se desligó de Sporting Cristal y se demor casi dos meses en encontrar equipo. Ya de regreso al fútbol profesional, con la camiseta de Melgar de Arequipa, Rodríguez vuelve a tener una oportunidad con la blanquirroja. Flamengo fue eliminado de la Copa Sudamericana A pesar de que la prensa volvió a tocarle el tema de los jugadores ausentes, Ricardo Gareca quiso evitar declarar abiertamente sobre la exclusión de algún futbolista. Volvió a mostrarse abierto y evit cualquier frase que deslice cualquier posibilidad de conflicto. “Yo no descarto ni tengo problemas con nadie. Ahora le damos más prioridad que antes a que un jugador tenga continuidad y que est restablecido de sus lesiones, respondió Gareca. Los seleccionados comenzarán con los trabajos en Videna esta mañana. 44 partidos suma Lobatón en la selección peruana. Su único gol oficial fue ante Colombia en la Copa América 2011. AFP Guerrero recién llegar el domingo a Lima para unirse a la selección. Partido... Con gol de Valverde, Garcilaso venció 1-0 a Comercio. Ya sin Wilmar Valencia en el banco y con Jorge Parihuana como técnico, el cuadro cusqueño solo tiene como meta salvar el año sin complicaciones con la baja. Confirmado... El Chile vs. Perú en el Nacional de Santiago se jugará con público, anunciaron ayer en el país sureño. Habrá que estar atento a los cánticos racistas que ya son una costumbre all.","elcomercio","29/09/2016"
"Las expectativas de los empresarios tras la campaña electoral.","También sostuvo que la inversión no minera será la que impulse la demanda interna durante el próximo año, con el mayor peso en los sectores transporte, comunicaciones y electricidad.","elcomercio","29/09/2016"
"Argelia propone recorte de 796.000 barriles de petróleo por día.","Sin embargo, según han anunciado los líderes del grupo en la reunión en Argelia, esta decisión acelera el proceso para que el mercado regrese a un balance. En palabras del ministro de Energía de Arabia Saud, Khalid al-Falih, la industria necesitaba un ajuste gentil. Esto podría representar un regreso del mercado del crudo a una lógica de ‘supply chain management’, es decir, una producción más alineada a la demanda, señalaron analistas a Bloomberg.  Un poco de geopolítica Hoy se ha tomado una decisión excepcional en la OPEP, resalt Bijan Zanganeh, ministro del Petróleo de Irán. El acuerdo no solo marca un precedente en cuanto a la producción, sino que dos enemigos actuales podrían haber abierto una puerta de negociación. Arabia Saud e Irán se han enfrentado desde el 2014 sobre la política de producción de petróleo y son rivales en guerras civiles en Siria y Yemen, aspecto que había sido motivo de freno en las negociaciones.","elcomercio","29/09/2016"
"Indecopi: Ley antimonopolio requerir incremento sustantivo de presupuesto","Hoy la institución ya vela por la competencia en el mercado. La propuesta del congresista de Acción Popular Yonhy Lescano de establecer un control previo a las fusiones y adquisiciones de empresas –conocida como ley antimonopolio– implicaría un incremento sustancial en el presupuesto del Indecopi, institución que hoy se encarga de velar por la libre competencia en el mercado. Así lo indicó la institución a El Comercio.  En ello coincidi Luis Diez Canseco, socio fundador de Diez Canseco Abogados, al indicar que de agregarse esta nueva labor al Indecopi, este requeriría un aumento de recursos tanto económicos como de personal, no solo cuantitativamente sino cualitativamente. Alejandro Falla, socio del Estudio Bullard, Falla, Ezcurra, cuestionó la necesidad del control previo. Contamos desde 1991 con una regulación de competencia, que contiene instrumentos que permiten sancionar cualquier comportamiento anticompetitivo. Tenemos una institución [Indecopi] cada vez más activa en esta materia. ¿Por qué debemos forzar a las empresas a pedir permiso a un funcionario antes de casarse? De pronto, también les exigen análisis psicológico para darles permiso para fusionarse, indicó.  Agregó que este tipo de mecanismos absorben muchos recursos de las agencias de competencia y les distraen de tareas, que probablemente generan más beneficio a los consumidores, como sancionar a los carteles o eliminar regulaciones anticompetitivas.  Falla consideró que se trata de un trámite más por el que las empresas tendrán que esperar años y pagar honorarios. No parece una buena idea en el contexto en que precisamente se busca desatascar inversiones, opinó.  Para la OCDE Por otra parte, Diez Canseco señaló que la Organización para la Cooperación y el Desarrollo Económicos (OCDE) –a la que el Perú quiere pertenecer– ha recomendado al Perú tener un control previo de fusiones y adquisiciones. Al respecto, Falla indicó que este tipo de organismos son muy respetuosos de la soberanía de los estados. Se impone una discusión amplia de este tipo de iniciativa, donde quienes las impulsan deberían demostrar las razones por las que se requiere este tipo de mecanismos.  Diez Canseco coincidió en la necesidad de un debate técnico y despolitizado.","elcomercio","29/09/2016"
"La SBS cuestiona comparación de tasas entre el Perú y Chile","La superintendenta de banca, seguros y AFP, Soro Heysen, criticó las comparaciones entre las tasas de interés del segmento consumo que cobran los bancos en el Perú y en Chile. Ante la Comisión de Economía del Congreso, Heyseñ precisó que se compara la TCEA de los bancos peruanos, que incluyen comisiones y cobros, frente a las tasas chilenas, que no incorporan estos costos. Asimismo, señaló que las tasas de interés puras son más altas en el Perú debido al perfil de riesgos de los clientes, lo que a su vez encarece los costos de gestión. Este tema está asociado al mayor grado de informalidad, advirtió.  Así, en el segmento consumo, la tasa de interés implícita (ingresos por intereses sobre créditos) es similar en ambos países, mientras que la rentabilidad en Chile es mayor, detalló Heyseñ.","elcomercio","29/09/2016"
"Los que + Suben","Southern Copper 4,16% Buenaventura (BVN) 2,56% Trevali 2,47% Cerro Verde C1 2,34% Relapa C1 1,98%","elcomercio","29/09/2016"
"Los que + Bajan","Buenaventura C1 -3,74% Centenario C1 -3,64% Backus BC1 -3,25% Siderrgica -2,50% Telefnica -1,66%","elcomercio","29/09/2016"
"Políticas monetarias no convencionales","La teoría de política monetaria define que los bancos centrales tienen tres herramientas principales para controlar el crecimiento económico: el nivel de la tasa de interés de referencia, las operaciones de mercado abierto y la modificación del encaje bancario. La primera es la más utilizada; si lo que se busca es reactivar la economía, los bancos centrales bajan la tasa y generan un estímulo en el consumo e inversión. La segunda y la tercera herramienta son el equivalente a inyectar más dinero en la economía. Las autoridades monetarias introducen dinero en el mercado mediante la compra de instrumentos financieros o reducen el encaje regulatorio para forzar a que los bancos otorguen más préstamos y, así, reactivar la economía. Existe una cuarta herramienta, el efecto anuncio, el cual consiste en hacer públicas las opiniones del banco central para influir en las expectativas de los agentes. Sin embargo, al ser esta última herramienta de corte cualitativo, tiene como premisa que el banco central tenga credibilidad.  En el contexto actual, de bajo crecimiento, donde los principales países del mundo enfrentan problemas para reactivar sus economías, los principales bancos centrales del mundo han aplicado todas las herramientas de política monetaria convencionales sin mucho éxito. Desde el inicio de la crisis económica del 2008, los bancos centrales han emitido cerca de US$10,2 billones en un intento de generar inflación, luego de reducir sus tasas de interés de referencia a mínimos históricos durante períodos prolongados (incluso en niveles negativos) sin el éxito deseado. Ello ha generado una serie de efectos colaterales que no han sido positivos.  En primer lugar, ha significado una caída importante de los rendimientos de los activos de renta fija en el mundo, principalmente de los países desarrollados. Por ejemplo, de todos los bonos soberanos emitidos en el mundo, el 36% brinda rendimientos negativos, mientras que solo el 26% logra rendimientos por encima del 1%. Ante resultados tan pobres y la necesidad de obtener retornos más altos, los inversionistas se ven forzados a migrar de los activos más seguros hacia otros con tasas más atractivas como los bonos corporativos de mercados emergentes, que por el momento ofrecen retornos superiores al 5%.  En segundo lugar, las políticas monetarias convencionales han perdido casi cualquier efecto y los bancos centrales han optado por soluciones innovadoras, las cuales a su vez pierden el efecto luego de algún tiempo de ser aplicadas. Por ejemplo, el Banco Central de Japón, con el objetivo de inyectar liquidez, ha iniciado un programa de compra de índices burseriales de manera activa, algo nunca antes visto. De igual modo, el Banco Central Europeo ha venido comprando bonos corporativos, algo también bastante lejos de lo tradicional.  Los mercados financieros han estado moviéndose al ritmo de los bancos centrales, pues ven en la acción de los mismos casi la única posibilidad de que las economías puedan reactivarse, esperando cada vez más acciones fuera de lo considerado normal.","elcomercio","29/09/2016"
"En defensa de un triunfo","Jamás se fie del Barcelona aunque no parezca tener la frescura de siempre, aunque no tenga a Lionel Messi en la cancha y eso ya signifique demasiada ventaja para sus rivales que se envalentonan y tratan de tutearlo. No dé por rendido al cuadro catalán porque basta que una de sus figuras encienda una chispa para darle vuelta a todo. Como ayer en su primera visita al Borussia Park, donde una genialidad de Neymar fue la clave para el 2-1 ante un Mönchengladbach que demostró respuesta y rebeldía en varios momentos del juego.  Pero no se crea que el 1-0 del cuadro teutón a través de Thorgan Hazard –el hermano de la estrella del Chelsea– fue obra del azar. Hasta el minuto 34 el Barça gozaba de las mejores ocasiones aunque no muchas. Sin embargo, los teutones seguían con la mira puesta en el arco del también alemán Ter Stegen. Sabían que el partido debía jugarse en el mediocampo, donde la idea era entorpecer el traslado de balón de Iniesta, Busquets, Rakitic y Neymar. Así, un error en salida de Sergio Busquets en campo alemán permitió el veloz contragolpe que terminó en la inesperada ventaja local.  Cuando juegas ante el Barcelona tienes que contar con que en algún momento impondrá su calidad. Andrés Schubert Técnico Mönchengladbach  Algo no funcionaba en el cuadro catalán. Luis Enrique apostaba por una nueva innovación sin Messi: Neymar de enganche, Luis Suárez y Paco Alcácer en punta. Con dos 9, más allá de generar algunas opciones de gol, el Barça no funcionaba. Juntar a Suárez y Alcácer no fue una buena idea porque ambos tienen las mismas características y no se complementan por más que alternen funciones como puntas o por momentos como extremos. Quedó en evidencia que no fue la mejor opción para potenciar el ataque sin Leo. Ya Luis Enrique, con todo esto, tiene una respuesta para futuras alineaciones en ataque.  –Otra historia–  A los 54 minutos, el ingreso de Rafinha por Alcácer, y luego el de Turan por Rakitic, reordenaron las cosas en la cancha. Más toque, más oportunidades de gol surgieron, culminando en la remontada del equipo español.","elcomercio","29/09/2016"
