"headline","content","newspaper","date"
"POR QUÉ TE FUISTE A EE.UU.?","No soy conformista. No quería ser cabeza de ratón. Quería estar en las grandes ligas. Ser el mejor jugador del Descentralizado o el mejor jugador de fútbol del mundo.  ¿Qué pasó cuando llegaste allá? Me encontré con trabas. La idea era abrir mi tercer estudio. Tenía dos en Lima. No lo podía hacer porque no me dieron el permiso a razón de que un estudio de tatuajes estaba frente al mío. Cuando se enteraron que yo era el dueño sintieron que tendrían una fuerte competencia.  Cuéntame de tu faceta de pintor. Mi bisabuelo José Alcántara de la Torre fue pintor. Crece viendo sus obras y eso me inspiró. Este año voy a exponer mi primera individual en EE.UU. Voy a presentar una retrospectiva hacia mis raíces. Los temas presentes son el terrorismo, la superación y la visión del futuro del Perú.  Si alguien viene dubitativo y no sabe si quiere hacerse un tatuaje... No lo convenzo. No soy vendedor de tatuajes.  ¿Algún pedido extraño? He hecho un montón de tatuajes de personas y perros muertos.","elcomercio","18/03/2014"
"EN PALACIO LEVANTARON A NADINE COMO LA ESPUMA Y AHORA PAGAN LA FACTURA PORQUE NO CALCULARON QUE MINIMIZA AL PRESIDENTE.","En el gobierno del presidente Humala pasan dos cosas: o creen que no tenemos memoria o simplemente tapan el sol con un dedo. Nadine les manda saludos, ya viene, gritaba el presidente en una de sus presentaciones en provincias y la gente deliraba. ¿No lo recuerdan? ¿Quién le hizo la campaña más intensa a la primera dama? No fueron los periodistas sino el propio presidente. ¿Se han olvidado del baletín por su cumpleaños? Con minibuses repletos? Ni Violeta, menos Eliane, no recuerdo que Pilar haya hecho manifestaciones de ese tipo. A Susana Higuchi no la inserto en este comparativo porque fue expulsada de Palacio. ¿Alguien puede negar que Nadine ha querido demostrar que sí tiene poder? ¿Acaso los periodistas le dijimos que dijera mis ministros? ¿Acaso no fue ella la que puso el punto final en el tema de Repsol? En Palacio levantaron a Nadine como la espuma y ahora pagan la factura porque no calcularon que minimiza al presidente.  ¿Quién dijo que este era casi un gobierno familiar? La asquerosa prensa? No, fue el mismo presidente Humala. ¿Quién se burló de la posible candidatura de la señora Heredia en el 2016 y les dijo a los periodistas: ustedes metieron el tema en agenda ahora salgan como puedan? ¿Acaso no era responsabilidad de un presidente democrático escaldado con la reelección del fujimontesinismo salir a deslindar? Eso no pasó. Humala aclaró cuando comenzó a caer en las encuestas y cuando García le estampó en la frente reelección conyugal.  Para legitimar la voz de Heredia, el mismo Humala acaba de anunciar que la presidenta de su partido es su esposa y cofundadora. Puede opinar lo que quiera. Lo que no responde Humala es si le parece correcto que su esposa corrija a un ex primer ministro y zanje el posible aumento del salario mínimo vital como si fuera la ministra de Economía. No ha dicho César Villanueva que se fue por principios, porque no iba a tolerar la intromisión de Nadine? ¿Eso es invento de la asquerosa prensa? ¿Qué hizo Humala? Le dijo mentiroso, insinuó que Villanueva presionaba con cartas de renuncia. Dijo una sola palabra sobre intervención de su esposa? Ni po.  Mario Vargas Llosa acaba de decir que Alan García está desquiciado por la popularidad de Nadine y que por eso actúa con tanta irresponsabilidad. ¿No debería ser Nadine más inteligente que García y enfrentarlo con armas sabias para dejarlo calladito nomás? Si, como dicen los defensores de Humala, el ex presidente García es tan omnipotente que hasta los periodistas son títeres de sus planes, ¿no debería salir el presidente Humala con sagacidad a enfrentar tanta perversidad política?  ¿Les importa o no el Perú? Recuerden siempre: si no dices lo que es, alguien dirá lo que no es.","elcomercio","18/03/2014"
"Científicos hallan pruebas que consolidan la teoría del Big Bang","Washington [AFP]. Físicos de EE.UU. anunciaron haber detectado por primera vez las ondas de gravedad que recorrieron el espacio justo después del big bang. Se trata de un descubrimiento histórico que consolida esta teoría del origen del universo hace 14 millones de años. Esta primera observación de estas ondas gravitatorias primordiales, previstas en la teoría de la relatividad de Albert Einstein, confirman la expansión extremadamente rápida del universo en la primera fracción de segundo de su existencia. Esa fase fue bautizada como inflación cósmica. Esta teoría había sido enunciada inicialmente en 1979 por el físico Alan Guth.  La “primera evidencia directa de inflación cósmica” fue observada mediante un telescopio situado en la Antártida, tras observaciones del fondo cósmico de microondas, bajas radiaciones remanentes del big bang.   “Este es el lugar en la Tierra más cercano al espacio, donde el cielo es más seco, más claro y más estable”, explicaron los autores del estudio. “Es ideal para observar las microondas difusas provenientes del big bang”. Para el físico teórico Avi Loeb, de la U. de Harvard, este avance “aporta un nuevo esclarecimiento sobre algunas de las cuestiones más fundamentales para saber por qué existimos y cómo comenzó el universo”.  AFP  EL INICIO. Lo que se ha encontrado son ondas gravitatorias generadas tras la explosión que dio origen al universo.","elcomercio","18/03/2014"
"Editorial de El Comercio","En el balance, sigue siendo un gobierno que ha tenido algunos aciertos importantes, pero que aquello que hace con una mano lo suele deshacer al día siguiente con la otra.  Editorial de El Comercio Año dos / 28 de julio del 2013","elcomercio","18/03/2014"
"Editorial","El dinero sí crece en los árboles  Es urgente impulsar las concesiones forestales.  Velasco sigue penando en Interior  Más de 30 años después seguimos encontrando rezagos de la ‘revolución’ velasquista en nuestro sistema. Uno de ellos es la regulación de los sorteos y concursos dictada en la década de 1970 y que nunca fue derogada, la cual establece que quien organice uno de estos eventos tiene que pedir primero una autorización al Ministerio del Interior (Mininter). Y si el premio no es reclamado, además, el mismo pasa a manos del Estado. La pretendida lógica de esta norma era que el ministerio se asegure (nadie sabe cómo) de que este tipo de concursos no eran estafas. Pero, por supuesto, esto se convirtió en tan solo un trámite innecesario más.  Esta historia, sin embargo, tiene un nuevo capítulo. Al Mininter se le ha ocurrido que esa absurda autorización debería ser exigida también a toda empresa que realice una promoción comercial. Así, por ejemplo, si una tienda decide lanzar una oferta del tipo 2 x 1 u ofrecer un bono de descuento, el Mininter puede exigirle que primero le pida autorización, bajo pena de ser multado hasta por S/.380 mil. Aparentemente, además, el ministerio pretendería quedarse con los saldos no vendidos de esas ofertas.  Será que el ministerio del señor Alán ha sido invadido por la moda retro y por eso quiere implementar prácticas setenteras? O será quizá que es muy conveniente para la caja ministerial que todas las empresas paguen al Mininter por un trámite más, por multas adicionales y recibir productos que no se vendan en las promociones?  Hay también otra posibilidad. Ya que el Mininter (probablemente el ministerio que peor funciona) viene fallando estrepitosamente por tanto tiempo en su función de resguardar el orden interno, puede que se haya dado finalmente por vencido y que haya decidido destinar sus recursos a otros menesteres. Labores que, aunque intiles, pueda desempeñar con mayor eficacia que cuidar de las vidas de los ciudadanos.  Chile no tiene bosques tropicales. No tiene la suerte de contar con la Amazona llena de maderas maravillosas con la que el Per ha sido bendecido. Lo que sí tiene Chile, sin embargo, es un sector público eficiente que ha generado las condiciones para que, por varias décadas, se desarrolle su industria forestal. Así, en nuestro vecino del sur, numerosos empresarios cultivan árboles (desde la semilla) para desarrollar plantaciones forestales que, pese a ser de maderas de poco valor, el 2013 les permitió exportar productos por alrededor de US$5,700 millones.  A diferencia de Chile, en el Per recibimos la mesa servida. La madera es de gran calidad y está ahí lista para ser cosechada. Somos, de hecho, el segundo país con mayor potencial de la región después de Brasil. No obstante, la burocracia peruana hace muy difícil que se aproveche este recurso, lo que ha llevado a que el año pasado solo hayamos exportado alrededor de US$140 millones.","elcomercio","18/03/2014"
"Humor Profano","- Mario Molina -  EL TABANO  - Rogelio -  La OEA nos florea  Días atrás, la OEA emiti una resolución sobre la crisis venezolana en que afirma “el principio de no intervención”, pide “dialogar respetando las garantías constitucionales” y expresa “su interés de mantenerse informada sobre la situación”. Contrastada la gravedad de la crisis con el inocuo pronunciamiento, muchos se preguntaron “¿acaso nos están oeaveando?” y creen que a la OEA solo le faltó agregar: “No se preocupen, ya se solucionará todo en unos 20 o 30 años”.  Otros también criticaron que el pronunciamiento es tan genérico, que podría aplicarse a todos los conflictos del mundo. Inserte Ucrania por Venezuela y tendrá su resolución de la OEA sobre la crisis de Crimea. Discute con su hijo porque ve muchos ‘realities’? Se pelea con su esposa porque ella rompe el protocolo? Bórrele “Venezuela”, pongale su nombre y tendrá su resolución personalizada de la OEA invocando al diálogo y garantizando que la organización no intervendrá.  En un comentario aparte, al remitir esta nota desconocemos si el Congreso dio el voto de confianza al Gabinete Cornejo. Si le dio el voto, creemos que en adelante las partes deben dialogar con respeto a la Constitución y nos mantendremos informados al respecto. Y si no le dio el voto, consideramos que en adelante las partes deben dialogar con respeto a la Constitución y nos mantendremos informados al respecto.  Algunas organizaciones internacionales se la llevan fácil, ¿no?","elcomercio","18/03/2014"
"Expresión Ciudadana","Historias de Crimea  - Héctor López Martínez -  Historiador  Marcha por la vida  - Rossana Echeandía -  Periodista  La península de Crimea se ha convertido, durante las últimas semanas, en escenario de cambiantes noticias de primera importancia, ya que ese territorio, pequeño de tamaño, tiene una inmensa trascendencia para Rusia, pues en la base de Sebastopol se encuentra su flota del Mar Negro, la encargada de vigilar los movimientos de la VI flota de Estados Unidos en el Mediterráneo. Perder Sebastopol sería un golpe impensable para Rusia, pues solo le quedaría la flota del Báltico. Por esa razón tenían alquilado el puerto hasta el 2042. Luego del contundente referéndum, Crimea se integrará a Rusia.  Crimea también es importante en la historia del periodismo. Como se recordará, las aspiraciones opuestas del emperador Napoleón III de Francia y del zar Nicolás I de Rusia sobre Turquía, donde el emperador francés quería establecer la tradicional influencia política de su país, así como el choque del imperialismo británico –en este caso aliado de Francia– con los designios rusos, desembocaron en una sangrienta confrontación que transcurrió de 1853 a 1856.  En esa contienda aparece un personaje cuya fama crece constantemente: el correspondiente de guerra. El primero de ellos fue William Howard Russell (1820-1907), enviado al teatro de operaciones por “The Times”, de Londres. Sus despachos causaron extraordinario impacto en el ámbito político y entre los lectores de ese prestigioso diario. En ellos se describía el cmulo de padecimientos de los soldados británicos y franceses que moraban en mayor número debido al frío y a las enfermedades que a causa de las balas.  En razón de las informaciones publicadas por “The Times”, con noticias de Crimea, cayó el Gabinete que presidiera George Gordon Aberdeen, quien fue sustituido por Lord Palmerston. Provocaron también el gran impulso de generosidad que permitiría a Florence Nightingale desarrollar su noble obra benéfica a favor de los combatientes enfermos o heridos. Además, esta fue la primera guerra ampliamente fotografiada. En lo sucesivo, en todas las guerras nunca dejaría de estar presente el periodista con su libreta de apuntes y otro con su aparato fotográfico. Una cosa más: el telégrafo transcontinental haría posible que los reportajes de Russell llegaran a Londres el mismo día. Un avance en las comunicaciones realmente extraordinario.  En la medida que los corresponsales de guerra fueron siendo más numerosos y las comunicaciones mejoraron cada vez más, pese a las obvias restricciones de la censura, los despachos periodísticos hicieron que las decisiones castrenses quedaran bajo una vigilancia más estricta de las autoridades políticas y, sobre todo, de la opinión pública, que comenzó a tener una importancia decisiva.  Durante el siglo XX Crimea fue lugar de solaz del último zar, Nicolás II. All veraneó con su familia durante un par de años, a partir de 1911. Más tarde harían lo propio los jerarcas soviéticos. En Crimea está Yalta, balneario donde en febrero de 1945 Roosevelt, Churchill y Stalin se reunieron para trazar el nuevo mapa de Europa. Ese cenáculo sucedió en el palacio Livadia, una joya del neoclasicismo italiano. Ya en tiempos más recientes, en Yalta le ofreció un espléndido homenaje Leonid Brzhnev a Richard Nixon. Por último, en ese lugar tiene su melancólico retiro Mijaíl Gorbachov.  Este sábado, 22 de marzo, se realizar en Lima la Gran Marcha por la Vida, cuyo objetivo es ayudar a tomar conciencia de los peligros que la transnacional y millonaria industria del aborto quiere introducir en nuestro país y que, a pesar de sus enormes esfuerzos e inversión, ha recibido el rechazo mayoritario de los peruanos.  El año pasado, la marcha reunió a más de 100.000 participantes entre ciudadanos que asistieron con sus familias completas, artistas, políticos, académicos y demás personalidades que salieron a manifestarse en favor de la vida del niño por nacer y la integridad de las mujeres que, en situaciones muchas veces extremas, se ven empujadas a sufrir otra violencia, aquella que se aplica en un aborto.  En un aborto, el ser por nacer es destruido físicamente y la mujer que aborta sufre una violencia que no solo marca su cuerpo sino también su mente y su espíritu. Los únicos que ganan, en contante y sonante, son los promotores de esta industria que ha prosperado en muchas partes del mundo. En Europa, por ejemplo, lo ha hecho de tal manera que sus poblaciones han comenzado a preocuparse por la escasez de nacimientos. En Estados Unidos se ha llegado a tal extremo que el aborto se puede practicar hasta el momento antes de nacer, en lo que se llama aborto por nacimiento parcial (busquélo en Internet).","elcomercio","18/03/2014"
"El objetivo es ayudar a tomar conciencia","de los peligros que la transnacional y millonaria industria del aborto quiere introducir en nuestro país y que, a pesar de sus enormes esfuerzos e inversión, ha recibido el rechazo mayoritario de los peruanos.  El año pasado, la marcha reunió a más de 100.000 participantes entre ciudadanos que asistieron con sus familias completas, artistas, políticos, académicos y demás personalidades que salieron a manifestarse en favor de la vida del niño por nacer y la integridad de las mujeres que, en situaciones muchas veces extremas, se ven empujadas a sufrir otra violencia, aquella que se aplica en un aborto.   En un aborto, el ser por nacer es destruido físicamente y la mujer que aborta sufre una violencia que no solo marca su cuerpo sino también su mente y su espíritu. Los únicos que ganan, en contante y sonante, son los promotores de esta industria que ha prosperado en muchas partes del mundo. En Europa, por ejemplo, lo ha hecho de tal manera que sus poblaciones han comenzado a preocuparse por la escasez de nacimientos. En Estados Unidos se ha llegado a tal extremo que el aborto se puede practicar hasta el momento antes de nacer, en lo que se llama aborto por nacimiento parcial (busquélo en Internet).  Como he escrito en artículos anteriores, fue en Estados Unidos donde se dio el primer paso importante para la legalización del aborto alrededor del mundo. El Caso Roe versus Wade (1973) empezó con un embarazo fruto de una supuesta violación que, después lo confesó la protagonista Norma McCorvey (quien durante el juicio usó el pseudónimo Jane Roe), lo había inventado porque así se lo aconsejaron las abogadas que llevaron la causa. Así como empezó en Estados Unidos, lo que algunos reclaman hoy en el Perú es el derecho al aborto en casos de violación.  En el mencionado Caso Roe versus Wade, que puso el tema en la vitrina mundial, hubo otro elemento interesante que, de alguna manera, se repite en las campañas actuales. El principal financista, según declaró tiempo después él mismo, fue Hugh Hefner, el famoso fundador del imperio Playboy, donde la utilización de la mujer es indiscutible.  Confieso que soy católica, pero no es la religión la que me motiva a defender la vida. Aun si no creyera en Dios, lo haría. Pero lo que me motiva de manera especial es la urgencia de alertar a las mujeres que en situaciones límite enfrentan el dilema de qué hacer con un embarazo no deseado y están a punto de sufrir el tremendo dolor de abortar. Estas mujeres son tan víctimas como sus hijos sin nacer. Y digo todo esto aun a costa de que me caigan encima los poderosos promotores del aborto, así como contrariando a quienes me recomiendan que mejor me quedé callada y no me meta en problemas.  Para quienes se proclaman devotos de los avances científicos, es preciso tomar en cuenta que tanto la ciencia como la tecnología han contribuido a aclarar cómo el concebido es un ser distinto a su madre y a su padre, con un ADN único e irrepetible. Gracias a la ecografía, además, lo podemos ver desde muy temprano.  El Comercio, como defensor de la vida, auspicia esta marcha. En sus 175 años de próspera existencia ha sido este uno de los valores que ha defendido sin dudas, tanto como la libertad de expresión de cada uno, valores a los cuales me sumo con plena convicción.","elcomercio","18/03/2014"
"LA URGENCIA DE BUSCAR CONSENSOS POLÍTICOS","Disonancia cognitiva  La crisis política que vive el país es producto del conflicto que existe entre las creencias e ideas que se tiene en el Gobierno sobre la institucionalidad democrática y lo que está definido en la Constitución, que es conocido y aceptado por los partidos políticos y la población. El viernes último el Congreso decidi no otorgar el voto de confianza al Gabinete justamente por el riesgo del deterioro de la institucionalidad en el país.  Al momento de escribir el artículo este entrampamiento político no se ha resuelto, pero el peso de la solución no está en la oposición sino en el Ejecutivo. El pedido de voto de confianza no presupone su obtención, como si fuese un mero ritual. Otorgar el voto de confianza refleja el compromiso mayoritario de las fuerzas políticas del país de apoyar la gestión del nuevo Gabinete porque se cree en la propuesta.  Y esto no es solamente una anécdota política. Esta falta de confianza es la razón fundamental de la desaceleración de la actividad económica en el país. Esta disonancia cognitiva se sustenta en una serie de falacias y contradicciones que han llevado a malas decisiones y la consecuente caída en el ritmo de crecimiento de la inversión privada. La principal falacia es la petición de principio, falacia en la cual la conclusión está contenida en la premisa. Desde un inicio se pensaba que el crecimiento estaba garantizado y que la inversión privada, en especial la inversión minera, iba a continuar. Por tanto, se podía descuidar la competitividad del país, subir impuestos de manera excesiva, aumentar la regulación en todos sus ámbitos y que no tendría ningún impacto sobre el crecimiento. La realidad es que la economía se viene desacelerando y la inversión privada se ha estancado.  Esto es más grave en el caso de la minería. Desde un inicio se modificó excesivamente la carga tributaria minera, se ajustó la regulación ambiental y recientemente se incorporaron cargas para financiar las actividades regulatorias del Organismo de Evaluación y Fiscalización Ambiental (OEFA), del Organismo Supervisor de la Inversión en Energía y Minería (Osinergmin) y que pueden crecer hasta llegar a 1% de las ventas, lo cual es claramente confiscatorio.  La entrada en operación de importantes proyectos mineros en los próximos años, con el nivel récord de inversión minera logrado en el 2013, pareciera evidencia suficiente para el argumento anterior. Pero aquí se cae en la falacia de extrapolación o sesgo del último evento, lo que ha venido pasando seguir ocurriendo, que está más relacionado con el pensamiento mágico que con el pensamiento lógico. Las inversiones mineras han seguido hasta ahora por decisiones corporativas tomadas hace varios años. La pregunta que deberían hacérseles es por qué en Chile los proyectos mineros siguen creciendo y por qué en el Perú se han estancado. También preguntarse por qué importantes empresas están parando sus proyectos en el Perú y si están invirtiendo en otras partes.  Con el pretexto de diversificación de exportaciones se plantea un plan de industrialización cuyo sustento parte de un argumento falaz conocido como la afirmación del consecuente: Los países desarrollados tienen industria y exportaciones diversificadas; por lo tanto, si exporto manufacturas seré desarrollado. Con esa línea de argumentación se pueden implementar políticas que fomenten las exportaciones de manufacturas, pero que no generen aumento de productividad total en la economía y, por tanto, no nos lleven al desarrollo. La frase espejo exportando materias primas nunca saldremos del subdesarrollo se sustenta en un sesgo de selección de la muestra, al desconocer experiencias reales de países que a base de promover sus industrias extractivas han logrado crecer aceleradamente. El tema central es cómo incrementamos la productividad de todos nuestros sectores.  Sorprende ver al Gobierno defender de manera ofuscada su ejecución en inversión pública mencionando cifras absolutas, cuando en términos de PBI recién han alcanzado el mismo nivel que se tenía en el 2010, que fue de 5,9%. Al caer en la falacia de negación del ratio base, no se toma en cuenta que si se hubiese mantenido el mismo porcentaje se habrían invertido más de 10.500 millones de soles adicionales. También llama la atención el anclaje mental a sus cifras cuando se menciona los problemas de Qali Warma o el aumento de anemia en el país, entre otros.  Más allá de lo que ocurra con el actual Gabinete, el Gobierno no debe caer en un falso dilema estás conmigo o estás contra mí. Se debe ser consciente de la urgencia de buscar consensos políticos, recuperar la confianza, fortalecer las instituciones y lograr un adecuado balance entre los incentivos para invertir y esforzarse y la necesidad de igualar las oportunidades. Ese es el único camino para llegar a la prosperidad de todos los peruanos.","elcomercio","18/03/2014"
"MIRADA DE FONDO","Gastón, el hijo del liberalismo  A Ernesto de la Jara, director-fundador del Instituto de Defensa Legal (IDL), no le cay muy bien mi columna pasada y le dedic todo un artículo en la revista Ideele, titulado La perfección hecha modelo económico.  En mi columna afirmé que la apertura económica trajo crecimiento, redujo la pobreza y la desigualdad. Asimismo, mostré que, en contra de lo que sostiene la ideología colorada, los países más respetuosos de la ecología tienden a ser los de mercados más libres.  De la Jara me acusó de creer en cosas que no dije, como que el modelo de economía abierta es perfecto o que no estoy dispuesto a tolerar la presencia de la izquierda en la política. Eso es falso. Yo solo señalé que hay que ser ignorante para hacerle caso a un rojo en economía (lo que no implica lo anterior). Pero en fin, problemas de comprensión lectora aparte, hay un tema que levantó en la revista Ideele en el que sí vale la pena detenerse. Él se pregunta si para analizar la situación de un país no se debe considerar (fuera de los temas que yo analicé) el estado de la cultura, la institucionalidad, la educación, la salud, el crimen o la innovación tecnológica. Pues bien, resulta que De la Jara y yo sí estamos de acuerdo en algo: hay que tomar en cuenta estos elementos para juzgar la conveniencia de un modelo de desarrollo.  Es un poco complicado medir con exactitud qué tanto ha favorecido la apertura económica a la cultura nacional, pero ahí hay ciertas pistas. Hoy hay más películas peruanas en cartelera que nunca y el año pasado una película nacional fue la más taquillera en el país. El teatro atraviesa un boom y la obra Toc Toc ha logrado 100 mil asistentes tras 150 presentaciones, algo nunca antes visto. El ballet llega a todos los segmentos. Según las últimas cifras disponibles, del 2009 al 2011 el gasto de los hogares en libros creció en casi 17%. Y la incuestionable explosión de la gastronomía es una expresión del desarrollo cultural peruano de los últimos años. Ninguno de estos fenómenos habría sido posible sin los recursos que ha generado la apertura económica. Gastón, por ejemplo, tiene un mérito gigante, pero el movimiento gastronómico que él ha liderado no hubiese podido existir en los setenta.  Ahora veamos el caso de la institucionalidad, sobre la que sí tengo a la mano evidencia global. El Reporte de Libertad Económica Mundial 2013 del Instituto Fraser muestra que, en una escala del 1 al 7, los países del cuartil económicamente más libre obtienen una puntuación superior casi en tres puntos a los del cuartil menos libre en lo que toca al respeto a los derechos civiles y políticos. Y si revisan el índice de Percepciones de la Corrupción de Transparency verán que esta tendencia también se repite en ello.  En cuanto a educación, las economías abiertas también llevan la delantera. Según el índice de Libertad Económica de la Fundación Heritage, la tasa de alfabetismo de las naciones que ocupan el cuartil económicamente más libre es de 94,5%, mientras que la del cuartil menos libre es de 76,8%. Los países del primer grupo, además, tiene 14 veces el número de universidades top (según el ranking de U.S. News de las mejores 400 universidades) por cada millón de habitantes que los del segundo grupo.  Algo similar sucede con la salud: la expectativa de vida es casi 20 años mayor en el cuartil más libre que en el menos libre.  En criminalidad esto se repite. Según un conocido estudio de Stringham y Levendis, si la libertad económica de un país aumenta del 60% al 70% (medida según los criterios de Heritage), la tasa de homicidios cae de 12 víctimas por cada 100.000 personas a 8,3.  En innovación tecnológica el tema es aún más claro. Los países del cuartil más libre tienen el doble de patentes que todo el resto del mundo junto. Y es que Silicon Valley, por más que algunos lo lamenten, nunca hubiese surgido en La Habana.","elcomercio","18/03/2014"
"Inusual, inadmisible, irregular","El Congreso se puso los pantalones largos al darle un paré a esta situación tan perniciosa para el país. Debería ir más allá e investigar si Heredia hace negocios como se rumorea intensamente. El Congreso por primera vez ejerció su función: ser el contrapeso del Ejecutivo. Pese a que este insiste en que se trata de un problema de percepciones.  Como si el 66% de los encuestados que perciben que el rol de Nadine Heredia es negativo para la gestión de Humala fueran ‘subciudadanos’. Con soberbia y arrogancia, el Ejecutivo y el Partido Nacionalista espetan que no negociarán sobre temas que no están vinculados al interés internacional. ¿Quién defi ne esto del interés nacional? La solitaria pareja presidencial?  Lea mañana en Política - Cecilia Valenzuela.","elcomercio","18/03/2014"
"Bancada de AP-FA evalúa acusar al primer ministro Ren Cornejo","En esta semana se estudiarán los alcances de esta denuncia, dijo ayer el vocero del grupo, Mesas Guevara.  El vocero de la bancada de Acción Popular-Frente Amplio, Mesas Guevara, dijo ayer que su grupo político evaluar una acusación constitucional contra el actual presidente del Consejo de Ministros, Ren Cornejo.  Ello a propósito de la denuncia que expusiera el viernes pasado su colega de bancada Victor Andrés García Belaunde, respecto a que Cornejo recién se desligó de la corporación Helios S.A.C. el 25 de octubre del 2012. Es decir, 15 meses después de ser nombrado ministro de Vivienda, Construcción y Saneamiento.  Durante ese tiempo, Helios S.A.C. siguió licitando con el Estado a pesar de que por ley estaba prohibido de hacerlo.  García Belaunde explicó que el 25 de octubre del 2012 el directorio de la empresa revocó “íntegramente los poderes y atribuciones otorgados”, en agosto del 2008, al ahora primer ministro.  En lo que va del actual gobierno, Cornejo ha integrado el directorio del Fondo Nacional de Financiamiento de la Actividad Empresarial del Estado (Fonafe) y de Pro Inversión.  Guevara dijo a El Comercio que en el transcurso de la semana su despacho estudiar bien esta denuncia y que sería complementada con información adicional. “Del resultado del examen de toda la documentación, podríamos presentar una acusación constitucional contra el primer ministro. No quiero adelantar más juicios”, manifest.","elcomercio","18/03/2014"
"CNM decidirá hoy si abre proceso a César San Martín","Hoy se instalará la Comisión de Procesos Disciplinarios del Consejo Nacional de la Magistratura (CNM), bajo la presidencia del consejero Maximo Herrera, y una de su primeras acciones será definir la situación del juez supremo César San Martín por el caso del periodista Aldo Maritegui.  La investigación preliminar que se le sigue al ex presidente del Poder Judicial se había suspendido debido a que el consejero Pablo Talavera, quien estaba al frente de esa comisión, fue elegido presidente del CNM.  En ese grupo de trabajo había quedado pendiente el informe final de Gastón Soto Vallenas sobre la indagación a San Martín. Dicho informe sería discutido y votado mañana en la comisión, y el acuerdo que se tome será elevado al pleno del CNM, donde se evaluar si se archiva el caso o se abre un proceso disciplinario al citado juez supremo.  César San Martín es investigado por una denuncia de Maritegui –ex director de “Correo” y ahora columnista de “Perú.21” y El Comercio– al haber emitido una sentencia presuntamente irregular en su contra cuando el delito ya había prescrito.","elcomercio","18/03/2014"
"Las ventas en el mercado de Santa Anita se incrementan tras cierre de La Parada","El promedio diario de ingreso de productos al nuevo centro mayorista pasó de 4.500 a 6.500 toneladas en los últimos días.  Según informó el gerente general de Emmsa, Rafael Gómez, el promedio de toneladas de productos diarios en Santa Anita ha pasado de 4.500 a 6.500. El funcionario explicó que este incremento se debe a la clausura definitiva del otrora mercado mayorista de La Parada el domingo 2 de marzo.  Al revisar las cifras en el sitio web de Emmsa, se aprecia que ayer hubo un ingreso de 3.776 toneladas a Santa Anita, cifra mayor a las registradas en las últimas cinco semanas. Además, la cantidad pico del mes ocurrió el viernes pasado con el ingreso de 6.832 toneladas.  Gómez consideró que el aumento también se puede explicar porque algunos comerciantes mayoristas que tenían puestos en La Parada y Santa Anita han empezado a enviar sus productos al segundo local desde que el primero fue clausurado. Según afirm, se investiga quiénes son estos comerciantes, ya que esa práctica va en contra del reglamento del nuevo centro de abastos.  La demanda es una gran interrogante, señaló el funcionario. Apuntó que tampoco cuentan con cifras del Ministerio de Agricultura sobre producción que les sirvan de base. Se prevé que dicho estudio se concrete este año.","elcomercio","18/03/2014"
"Destacan rapidez en Sisol pero piden supervisión","Sociedades médicas advierten que celeridad en las consultas y precios bajos no garantizan la calidad del servicio.  Los hospitales de la Solidaridad (Sisol) obtuvieron un 33% de aprobación frente al 13% que Essalud y el Ministerio de Salud lograron, respectivamente, en la última encuesta de salud pública de El Comercio.  Al respecto, Luis Riva, presidente de la Sociedad Peruana de Oncología Médica, reconoció que esta aprobación se debe a la rapidez de la atención. Esta toma unas cuantas horas, a diferencia de Essalud, que a veces puede tardar 15 o 20 días.  Carlos Glave, ex presidente de la Sociedad Peruana de Reumatología, destacó que detrás de la atención rápida hay una mejor gestión empresarial. Sin embargo, ambos especialistas advirtieron que la rapidez en la atención no garantiza la calidad. ¿Qué calidad ofrecen si se paga S/.8 por consulta? Debería haber una supervisión de la atención, dijo el doctor Glave. Su colega Luis Riva cuestionó que Sisol siguiera atendiendo en contenedores, pues estos carecen de ventilación natural.  Zarela Solís, presidenta de Sisol, dijo que si la calidad fuera baja, la gente no volvería: No hay mejor marketing que el paciente que vuelve con su familia. Aseguró que el Sisol supervisa constantemente a sus médicos.","elcomercio","18/03/2014"
"Necesitamos un Parque del limeño","Tras el cierre definitivo del antiguo mercado de La Parada, sus 3 hectáreas de terreno se encuentran ahora listas para alojar al nuevo Parque del Migrante.  Este es un proyecto que, a decir de la alcaldesa Susana Villarán, busca convertir esta tugurizada zona en un inmenso pulmón verde capaz de oxigenar el asfixiado centro de la ciudad.  El plan implica también que...","elcomercio","18/03/2014"
"Investigación contra congresista se amplía","Presuntamente haber presionado al director de un colegio para favorecer a la empresa Punto Visual fue ampliada treinta días. As lo determinó el fiscal de la Nación, José Peleaz Bardales, pues el plazo inicial que tenía esa indagación, abierta el 11 de febrero, había finalizado la semana pasada y aún faltaban muchas diligencias por realizarse.  Con la ampliación, en esta semana se citará a algunos de los testigos que incriminan a la legisladora oficialista.  Lizandro Quispe Vizcarra, el ex director del colegio Alfonso Ugarte que denunci haber sido presionado por la parlamentaria para renovar el contrato con Punto Visual, dará su declaración la próxima semana.  También han sido convocadas las secretarias Aurea Evangelista Trebejo y Guisela Apolaya Ayllón, quienes afirman que escucharon las presuntas amenazas de Uribe contra Quispe.  La congresista Uribe también deber declarar ante el fiscal adscrito del despacho de la Fiscalía de la Nación en una fecha que está por definirse en esta semana.  Como parte de la investigación se han enviado oficios a la Unidad de Gestión Educativa Local 3 y al Ministerio de Educación para verificar si estaba programada la inspección que la parlamentaria dice haber hecho al colegio Alfonso Ugarte.  En los próximos días también se tomará la declaración de Renato Cajahuaman Bravo, director del colegio Melitón Carvajal, y Maribel Sánchez Vargas, ex subdirectora de ese centro educativo.  Ambos testigos sostienen que Uribe acudi al colegio para ver el tema de la publicidad de Punto Visual.  La fiscal está analizando una serie de documentos que ya ha recibido, como los contratos de licitación y adendas suscritas por el colegio Alfonso Ugarte con la empresa Punto Visual. También evalúa el reporte migratorio de la congresista Uribe y de Alberto de Azambuja, propietario de Punto Visual, que le ha hecho llegar la Superintendencia Nacional de Migraciones del Per.  Por lo menos un par de viajes al extranjero realizados por Uribe coincidirían con los efectuados por De Azambuja, lo cual acreditara su cercanía.","elcomercio","18/03/2014"
"Antauro reitera que no devolverá los S/.70 mil","El hermano del presidente hizo llegar una carta a Canal N en la cual dice que la conciliación que tuvo con el Ejército es un acuerdo judicial.  A través de una carta, el sentenciado rechaza una notificación del Ejército que lo conmina a regresar lo que cobró.  El condenado Antauro Humala Tasso reiter ayer, a través de una carta enviada desde el penal Virgen de las Mercedes de Chorrillos al Canal N, su decisión de no devolver los 70 mil soles que le pagó el Ejército por devengados de gasolina que corresponden al periodo de enero de 1998 a febrero del 2007.  Pasos de la Procuraduría:  #1. Aunque la Procuraduría del Ministerio de Defensa había anunciado que las acciones judiciales para recuperar los S/.70 mil iban a iniciarse ayer, no se hizo ningún trámite en ese sentido.  #2. Al parecer, el procurador Gustavo Adriánzén aún no ha determinado cuál será el camino que debe seguir. Podría ser una denuncia ante la fiscalía o una acción de tipo civil en la vía judicial.  #3. Además, un documento prueba que Antauro cobró parte de los devengados en el 2008.  Declaración pendiente. La investigación fiscal comenz hace un mes pero la congresista Uribe todavía no da su testimonio.  Procurador: Falta más información  El procurador anticorrupción Christian Salas comentó que la ampliación del plazo de la investigación a la congresista Cenaida Uribe era urgente, pues aún falta mucha información que será básica para hacer un adecuado interrogatorio a la parlamentaria oficialista y a los testigos del caso.  Dijo que su procuraduría ha pedido a la fiscalía que solicite al Congreso la documentación que sustente la labor de fiscalización que Uribe dice haber realizado en el colegio Alfonso Ugarte.  También hemos pedido al Congreso que informe cuál es el procedimiento normal que realiza un congresista en su labor de fiscalización, indicó a El Comercio.  Salas manifestó que igualmente se ha pedido a la fiscalía que solicite a la empresa Punto Visual toda la documentación sobre el contrato que tenía con el colegio para verificar si la renovación del mismo era automática.  Profundizar la investigación  Salas señaló que lo importante de la investigación es determinar si la denuncia tiene asidero, y por eso debe ser hecha a profundidad.  Si se logra acreditar que efectivamente hubo ese pedido y amenaza que habría realizado la parlamentaria, estaríamos frente a un ilícito penal que tendrá que sancionarse, expresó.  Cuando la procuraduría planteó la denuncia ante la Fiscalía de la Nación, lo hizo por el presunto delito de patrocinio ilegal.  Salas manifestó que esa tesis podría confirmarse durante la investigación, pero también podría desdibujarse. No sabemos qué puede pasar en los interrogatorios, podrían ser que los testigos se desdigan y la acusación podría caerse. Por eso necesitamos tener la mayor información posible para llegar a la verdad, puntualizó.  Otra vez Andrés  As lo dijeron  La investigación se realiza con el debido proceso; si se ha ampliado el plazo es porque aún falta actuar varias diligencias. Jos Peleaz Bardales Fiscal de la Nación  Hay mucha información que aún no llega, es por eso que se ha ampliado la investigación. Christian Salas Procurador anticorrupción  En su misiva, el cabecilla del andahuaylazo rechaza la carta notarial que dice haber recibido el 5 de marzo y que fue remitida por la procuraduría del Ejército en la que se le conmina a devolver la suma que se le entregó.  No es cobro extrajudicial  En su carta, leída en Canal N, Antauro Humala sostiene que el procurador lo ha acusado de realizar un cobro extrajudicial cuando, según él, no es así.  Entonces, el Ejército Peruano también habría efectuado un pago extrajudicial, pero no es así. Reitero, la conciliación también es una figura judicial, en consecuencia no puede haber en este caso cobro extrajudicial alguno, expresa en su carta.  En otro pasaje, dice: En efecto, todo este proceso judicial conciliatorio se genera desde la baja ilegítima e ilegal efectuada contra mi persona en diciembre de 1997 mediante resoluciones suscritas por Fujimori, Saavedra y Hermoza, coautores junto a Montesinos de la quiebra del Ejército.  Humala también indica que aguarda con tranquilidad el proceso judicial con el que se lo amenaza.  Su abogado Ricardo Franco de la Cuba confirmó lo manifestado por Antauro Humala en su carta. Dijo que lo acordado en la conciliación no se puede modificar.","elcomercio","18/03/2014"
"Cabos sueltos","La única señal de Palacio a la oposición?  Llamó la atención ver una prenda amarilla colgada en una ventana de Palacio de Gobierno en pleno suspenso por el voto de confianza. Para la congresista fujimorista Karla Schaefer, esta fue la única señal del gobierno a la oposición y no dud en mostrar una prenda del mismo color a la prensa.  Todo queda en familia  Para mis amigos todo... a mis enemigos la ley  Esta vez se trata de una de sus amigas, Ángela Quequezana, quien ha ganado varias licitaciones en la UNI y lo llama Pachactec Azul. Esto no dejaría de ser una travesura más del menor de los Humala si no fuera porque Ulises Humala es el director de Administración de la UNI. No ha sido contratada porque sea amiga de mi hermano. La UNI necesitaba médicos y ella es doctora, por eso se le contrató. Ser amiga de alguien no te califica ni descalifica, coment Ulises Humala.","elcomercio","18/03/2014"
"Putin firma el decreto que reconoce a Crimea como un Estado independiente","El presidente ruso hablar hoy en el Parlamento para explicar cómo esta república ucraniana pasa a formar parte de su país.  El vicepresidente del Parlamento ruso, Serguéi Neverov, había afirmado que la Duma Estatal crearía las condiciones jurídicas para una rápida integración de Crimea a Rusia.  Represalias internacionales Estados Unidos y la UE impusieron ayer sanciones contra funcionarios de Rusia y ucranianos de Crimea. La UE incluyó en su lista negra de 21 rusos y ucranianos al responsable de la flota del Mar Negro, el vicealmirante Aleksandr Vitko, y al primer ministro de la república autónoma de Crimea, Sergui Axínov.  El primero figura en la nómina por ser el responsable de dirigir las fuerzas rusas que ocuparon territorio soberano ucraniano; mientras que el segundo, por promover activamente el referéndum de anexión a Rusia.  Primera nacionalización El Parlamento de Crimea nacionalizó ayer los activos de la petrolera pública ucraniana Tchernomorneftegaz.","elcomercio","18/03/2014"
"Hasta la NASA busca al avión de Malaysia Airlines","Veintisiete países participan en la operación que se extiende desde Australia hasta Kazajistán. La aeronave habría descendido para evitar ser detectada por los radares.  Vol fuera de curso durante horas. Sobre este punto, indagaciones del diario New Straits Times de Singapur dan cuenta que la nave habría descendido unos 1.500 metros para evitar ser detectada por los radares mientras cambiaba de rumbo. De esta forma, el avión pudo sobrevolar la bahía de Bengala y dirigirse tierra adentro.  AFP  Se retira Uno de los dos destructores de EE.UU. abandonó la búsqueda. Llevaba dos helicópteros.  Por ello, el ministro de Transportes de Malasia, Hishammuddin Hussein, anunció que el trazado de la búsqueda se amplió a dos corredores aéreos. Por un lado, Australia e Indonesia están a cargo de rastrear desde el oeste de Sumatra al sur del Océano Índico, mientras que China y Kazajistán buscan desde Laos hasta el Mar Caspio.  Las autoridades de Malasia han dicho que el avión siguió emitiendo una señal de satélite siete horas después de su despegue, lo que demuestra que pudo haber entrado a un corredor que va del sureste asiático hacia el centro del continente. Tanto Kazajistán como China, India y Pakistán han reportado que no tienen señales del avión. Queda explorar el sur del Océano Índico, el tercer más profundo del mundo.  ¿Dónde está? Los investigadores no han encontrado ninguna pista del avión en 11 días de búsqueda.  Las últimas palabras Investigación en marcha Todo bien, buenas noches, fue la última frase que escucharon los controladores aéreos. Ayer se supo que fue el copiloto Fariq Abdul Hamid quien la dijo.  Poco antes de emitir este mensaje, el sistema de comunicación ACARS fue apagado intencionadamente. Quien pilotaba la aeronave sabía de esto.  El piloto bajo sospecha La policía de Malasia ha centrado su investigación en la vida personal, el historial político y el pasado religioso del piloto Zaharie Ahmad Shah y de su copiloto Fariq Abdul Hamid. Los agentes han prestado especial atención al simulador de vuelo casero que tenía Shah en su domicilio.  Él mismo construyó este aparato con tres grandes monitores. Según versiones periodísticas, Shah es miembro del principal partido opositor de Malasia, cuyo líder, Anwar Ibrahim, fue condenado por sodomía pocas horas antes del despegue.  Estados Unidos, la Unión Europea y Canadá anunciaron ayer sanciones contra altos funcionarios rusos y ucranianos, como forma de presionar a Mosc luego de que Crimea proclamara su independencia y su incorporación a la Federación Rusa.  Washington/Moscú [AGENCIAS]. Tras la celebración nocturna de miles de crimeos por el abrumador triunfo del sí en el referéndum independentista del domingo, la mañana empezó ayer con los anuncios de represalias de Estados Unidos y la Unión Europea (UE) contra funcionarios rusos y ucranianos.  Sin embargo, ello no amedrentó al presidente ruso, Vladimir Putin, quien firmó el decreto con el que reconoció la independencia y la soberanía de Crimea.  En el texto se indica: Teniendo en cuenta la expresión de la voluntad de los pueblos de Crimea en el referéndum celebrado el 16 de marzo del 2014, [decreto] reconocer la República de Crimea, en la cual la ciudad de Sebastopol tiene un estatus especial, como un Estado soberano e independiente. Este decreto entra en vigor hoy.  Horas antes, el Parlamento de Crimea había aprobado una resolución por la que se declaraba independiente de Ucrania y pedía oficialmente la incorporación de la península a Rusia después de que el 97% de su población apoyara el domingo en un referéndum su reunificación con el país al que perteneció hasta 1954.  Queda por confirmar si ahora Rusia se anexiona un territorio que no le será reconocido como propio por la comunidad internacional.  Putin se dirigirá hoy a los diputados y senadores rusos en el Kremlin, en un mensaje extraordinario al Parlamento ruso.","elcomercio","18/03/2014"
"Maduro manda a mil militares a tomar una plaza opositora","Decenas de militares apertrechados con cascos, chalecos antibalas y fusiles, algunos caminando y otros en motocicletas o camiones. Con esta escena típica de los cuartelazos amanecieron ayer sectores del este de Caracas, en particular los alrededores de la plaza Altamira, lugar emblemático para la oposición venezolana y escenario en las últimas cuatro semanas de manifestaciones casi diarias contra el Gobierno y de enfrentamientos también casi diarios entre grupos radicales y uniformados.  En horas de la madrugada, más de mil efectivos de la Guardia Nacional (policía militarizada) fueron enviados a la plaza y comenzaron a levantar las ‘guarimbas’ (barricadas formadas por basura y escombros). Estas habían sido colocadas por los vecinos y estudiantes en distintas vías, con la finalidad de obstaculizar el tránsito y expresar su descontento con la inseguridad y el desabastecimiento de alimentos. Además, para exigir la salida del mandatario.  La operación forma parte de los planes especiales anunciados por el presidente Nicolás Maduro el pasado viernes para ponerle fin a este tipo de protesta que, según él, no son más que un golpe de Estado.  Más operaciones en la ciudad Para el alcalde de Chacao, el opositor Ramón Muchacho, el despliegue era exagerado y aunque aseguró que no había recibido ninguna información que le hiciera sospechar que la movilización traería consigo la restricción de los derechos civiles y políticos, como el de la manifestación, alertó que estaría atento.  Pero Altamira no fue el único blanco de las fuerzas de seguridad. Casi simultáneamente, en la urbanización Prados del Este, también en el este de Caracas y cerca de donde permanece atrincherado un general retirado a quien Maduro orden detener, se realizaron unos allanamientos.  En estos procedimientos fueron detenidas nueve personas por supuestamente tener una fábrica de bombas molotov y otros elementos para atacar a la policía.  Una nueva víctima","elcomercio","18/03/2014"
"Nolasco es atacado a balazos en la puerta de su casa en Nuevo Chimbote","El ex consejero fue acribillado junto a su hijo politico Robert Torres, quien fallecio.","elcomercio","18/03/2014"
"El presunto sicario Rubén Moreno Olivo, sindicado como el cabecilla de la banda de delincuentes que asesin al hijo de Nolasco Campos, consigue huir de la polica.","nan","elcomercio","18/03/2014"
"Asesinan de siete balazos a Hilda Saldarriaga, la testigo clave del atentado contra Nolasco en el 2010.","Saldarriaga haba acusado al actual alcalde de Chimbote, Luis Arroyo, de ser el autor intelectual.","elcomercio","18/03/2014"
"Reclusos del penal Cambio Puente de Chimbote amenazan de muerte al ex consejero para que no se investigue el caso.","nan","elcomercio","18/03/2014"
"Nolasco se encadena en la Corte Superior de Justicia del Santa para expresar su rechazo a la lentitud del proceso judicial abierto por el atentado que sufriera en el 2010.","nan","elcomercio","18/03/2014"
"Especialistas investigan supuesto derrame de cianuro y mercurio","Arequipa. Una comisión de especialistas de la Autoridad Regional del Medio Ambiente (ARMA) de Arequipa viajar hoy a las localidades de Chala y Chparra, en la provincia de Caravel, para investigar el supuesto derrame de cianuro y mercurio que habrá ocurrido durante una interdicción realizada la semana pasada en la zona.  Dante Pinto Otaz, representante de la ARMA, informó que durante la interdicción realizada la semana pasada contra la minería ilegal en Caravel se habría derramado una gran cantidad de cianuro y mercurio que estaba almacenada en las plantas y los molinos que fueron dinamitados por agentes de la Policía Nacional del Perú.  Los especialistas que viajarán a Chala y Chparra recogerán muestras de las zonas donde se supone que se produjo el derrame, dijo.  Gran cantidad  El gerente de Energía y Minas de Arequipa, Alberto Butrón Fuentes, indicó que se habrían derramado 60 tanques de cianuro en la minera San Isidro Labrador.  La fiscal especializada en materia ambiental de Arequipa, Carolina Ccerés, dijo a este Diario que se encuentra a la espera del acta que levantó en el lugar la fiscal Maruja Flores.  El cambio de tuberías sigue entrampado en Chiclayo  Lambayeque. Cuatro directores de la entidad prestadora de servicio de saneamiento de Lambayeque (EPSL) advirtieron que los S/.86 millones que el Ministerio de Vivienda otorgó para ejecutar el cambio de los tres emisores principales del desagüe de Chiclayo podrían revertirse al Tesoro Público.  Alfonso Paredes, funcionario de EPSL, advirtió que Chiclayo podría perder esta importante obra debido a que el proceso de inversión se encuentra judicializado a razón de una cuestionada decisión del ex titular del Tercer Juzgado Civil de Chiclayo, Sergio Tenorio Torres, que emitió una medida cautelar en la que obliga a EPSL a firmar un contrato con el Consorcio Chiclayo —ganador de la buena pro— pese a que este no se presentó a firmar el contrato en los plazos establecidos. Espero que el Poder Judicial falle a favor de la ciudad, dijo.","elcomercio","18/03/2014"
"Actitud firme y sin retroceso. Los procesos de formalización deben seguir adelante para lograr desterrar la minera ilegal que daña el ambiente, los recursos naturales, a las comunidades y el futuro.","Las madres de Madre de Dios y Puno marchan en contra de la minera ilegal y el paro minero. Sueño con ver unos títulos de ese tipo. Lamentablemente, el poder de las mafia del oro ilegal, en alianza con aquellos que alimentan su carrera política con el caos, desea paralizar los intentos de poner fin a este envenenamiento masivo y convoca a un paro. Nos quieren privar de un derecho básico a una vida sana.  Padres y madres de familia e indígenas del Perú, recordemos estas cifras que pueden ya ser la realidad en muchas otras de las regiones donde se realiza la minería ilegal: dos de cada tres niños de Madre de Dios tienen un nivel de contaminación de mercurio entre dos y tres veces mayor al máximo permitido, según la Organización Mundial de la Salud. Los niños indígenas presentan los niveles más altos, encima de 5 veces el máximo. Más del 76% de la población de Madre de Dios tiene niveles tóxicos de mercurio, entre 2 y 33 veces por encima de ese máximo. Cerca del 80% de los ciudadanos adultos de la ciudad de Puerto Maldonado tiene niveles de contaminación tóxicos. La población indígena de Madre de Dios tiene en promedio entre dos y tres veces más que los no indígenas (7 de las 10 poblaciones muestreadas con los niveles más altos son comunidades indígenas). Aunque la población rural está más afectada que la urbana, el tóxico mercurio está en las chácaras alimentadas por las aguas de los riachuelos o las lluvias, y en el aire alrededor del mercado donde se compran los alimentos y se comercializa el oro.  Paro en contra del Perú  Los niveles más altos de contaminación por mercurio entre todos los adultos se encuentran en mujeres en edad de maternidad, casi tres veces más del máximo! El mercurio pasa por la sangre a través de la placenta a un bebé en formación provocando siempre daños neurológicos permanentes, si este logra nacer. Esta información obtenida por instituciones científicas serias e independientes, como el Instituto Carnegie, y corroborada por otras similares –como la Universidad de Duke–, es realmente alarmante y debe hacernos pensar que es imperativo tomar acciones decisivas para frenar esta actividad tan dañina para nuestro futuro. El anunciado paro minero está a favor de que no se controle esa actividad.  El proceso de formalización ha tenido avances significativos y debe seguir fortaleciéndose. Pocas veces en el Perú hemos visto una acción coordinada tan decidida, desmantelando operaciones, interviniendo en aeropuertos, congelando fortunas de mafiosos, acosando a los proveedores de insumos y destituyendo a jueces corruptos. Aunque los avances aún son insuficientes y toman tiempo, están en buen camino y ya muestran resultados concretos.  Ya comienza el año escolar. Padres y madres de familia, defendamos a nuestros hijos y a aquellos por venir.","elcomercio","18/03/2014"
"Estudiantes fueron premiados por proyectos de desarrollo sostenible","El miércoles 12 de marzo se llevó a cabo la premiación de la cuarta edición del Premio Odebrecht para el Desarrollo Sostenible. Se presentaron 104 propuestas de 29 universidades de todo el país.  El Premio Odebrecht para el Desarrollo Sostenible otorgó 30 mil soles a cada proyecto ganador. Fueron seleccionadas propuestas responsables con el medio ambiente, socialmente inclusivas, económicamente y técnicamente viables.  El premio Odebrecht está actualmente en diez países: ocho de Latinoamérica, uno en África y uno en Europa. Promovemos el fomento de la participación activa de estudiantes de ingeniería y arquitectura de todas las universidades del país en busca de soluciones sostenibles, sostuvo Mickelly Cuba, gerente de Responsabilidad Social de Odebrecht.  Los ganadores  Yaku Inti Wasi fue uno de los proyectos ganadores, presentado por Jessica Ibañez y Silvana Loayza de la Pontificia Universidad Católica del Perú.  Se trata de un diseño arquitectónico ecológico y bioclimático. El sistema aprovecha el agua de lluvia y la energía solar para abastecer a la vivienda rural de agua segura y caliente. Asimismo, propone implementar el método de piso radiante para alcanzar el confort térmico de las personas y mejorar la capacidad productiva en la crianza de cuyes.  Muro Trombe Encadenado Cajamarca fue el otro proyecto ganador, presentado por Jean Pool Rojas Bismarck, Heber Landauro Villanueva y Héctor Casique Bojórquez, estudiantes de la Universidad Nacional del Santa de Chimbote.  El proyecto propone la implementación de un calefactor solar por muro trombe en las viviendas de adobe, como solución a las bajas temperaturas en el caserío de Huaytorco en Cajamarca. El sistema emplea la energía solar para calentar el aire frío del interior de las viviendas en una cámara de vidrio o plástico construida entre el ambiente exterior y una pared del predio.  El jurado estuvo conformado por integrantes de Odebrecht, el Ministerio del Ambiente, IPAE Acción Empresarial y COFIDE.","elcomercio","18/03/2014"
"NA","En cuanto a educación, las economías abiertas también llevan la delantera. Según el índice de Libertad Económica de la Fundación Heritage, la tasa de alfabetismo de las naciones que ocupan el cuartil económicamente más libre es de 94,5%, mientras que la del cuartil menos libre es de 76,8%. Los países del primer grupo, además, tiene 14 veces el número de universidades ‘top’ (según el ranking de U.S. News de las mejores 400 universidades) por cada millón de habitantes que los del segundo grupo.  Algo similar sucede con la salud: la expectativa de vida es casi 20 años mayor en el cuartil más libre que en el menos libre.  En criminalidad esto se repite. Según un conocido estudio de Stringham y Levendis, si la libertad económica de un país aumenta del 60% al 70% (medida según los criterios de Heritage), la tasa de homicidios cae de 12 víctimas por cada 100.000 personas a 8,3.  En innovación tecnológica el tema es aún más claro. Los países del cuartil más libre tienen el doble de patentes que todo el resto del mundo junto. Y es que Silicon Valley, por más que algunos lo lamenten, nunca hubiese surgido en La Habana.","elcomercio","18/03/2014"
"RINCÓN DEL AUTOR","Ay, Tejada, cometiste un gran error  FERNANDO  VIVAS Periodista  La megacomisión que preside Sergio Tejada naci con un soplo al corazón, un maximalismo antiaprista que empantana sus grandes hallazgos. Su gran error es pretender –segun vimos en documentos filtrados y no del todo desmentidos– inhabilitar al único candidato viable del Apra. Por qué lo digo? Para salvar a Alan?  No, qu va. Lo digo porque al apuntar a García con temprana angurria, brincando a conclusiones, la megacomisión desnudó su filo político y activó los mecanismos de defensa del Apra pulidos en décadas de persecución y nada santos. El partido, que atravesaba crisis internas, se afirmó como un sólido bloque. Las diferencias entre sus cuadros mayores como Jorge del Castillo, Mauricio Mulder y Javier Velásquez Quesquén se esfumaron y ahora los vemos, codo a codo, arremeter contra el Gobierno. Su pequeña bancada se eriz y es motorcito de interpelaciones y hasta de la actual crisis del Gabinete.  En cambio, creo que si Tejada se concentraba en apuntar a cuadros intermedios, como Aurelio Pastor, no hubiera tenido esa respuesta en bloque. La militancia sana se hubiera debatido entre la lealtad a sus ovejas negras y las ganas de ajustarles cuentas. La megacomisión –sin que ese sea su papel– hubiera contribuido con la limpieza del partido más grande del país. Y en ese trance higiénico, los propios apristas hubieran delatado, quizá con mayor nitidez que las hipótesis del equipo de Tejada, hasta dónde puede estar implicado García en el grave entuerto de los ‘narcoindultos’.  Si apuntaba más abajo, quiz la megacomisión se hubiera ahorrado el escándalo de ‘Brasil’, ese expreso probablemente sembrado para que Tejada se entusiasmara con su testimonio acusador y luego fuera burlado con su retractación. Por cierto, ese caso revelara que el Apra tiene un aparato capaz de montar turbias y complejas intrigas, sin implicar directamente a sus militantes. Pero hubiera tenido luz verde la operación ‘Brasil’ si el partido no estuviera aterrado ante la inhabilitación de su única vía para volver al poder?  Por todo lo anterior, insisto en que la megacomisión metió la pata al asociar, tan rápido, el verbo ‘inhabilitar’ a García. Al hiperpoliticizar su rol fiscalizador, perdió el prestigio de instancia anticorrupción y entr de lleno en la bronca. Esta regresión la vimos la semana pasada cuando el antiaprismo callado fue asaltado por la bufala vociferando detalles de la intimidad de Tejada y su presunta hija no reconocida.  Inhabilitar, revocar, tachar, vetar, censurar, son el grado cero de la política. Son herramientas que, por lo general, no resuelven nada, pues se revierten con facilidad y nos devuelven a un estado anterior del problema. La inhabilitación está viciada por el ánimo confrontador del oficialismo, que se nutre del aplauso de la izquierda y del tercio nacional antiaprista,  No soy antiaprista ni aprista, y estoy harto de esta refriega de todos los días. El antiaprismo fanático no atina a ver que al perseguir a Alan lo blinda, porque el Apra depone sus diferencias internas y se convierte en un acorazado al que no le importa la estabilidad del país con tal de salvar a su candidato. En cambio, apuntando a sus flancos débiles, contribuimos a la limpieza del partido y, por extensión, de toda la política.","elcomercio","18/03/2014"
"EL HABLA CULTA","- MARTHA HILDEBRANDT -  Esmog. En la próxima edición del Diccionario de la Academia se incluirá este término con el sentido de niebla mezclada con humo y partículas en suspensión, propia de las ciudades industriales. Esmog corresponde a la pronunciación en castellano del inglés smog, contracción de smoke humo y fog niebla. Esmog, voz documentada en el Perú, se registra ya en el también académico Diccionario de americanismos (2010) como uso del Ecuador, Chile, Argentina y Uruguay.","elcomercio","18/03/2014"
"UN DÍA COMO HOY DE...","1914  Petroleo en el norte del Perú  El ministro plenipotenciario de Chile en Inglaterra ha comunicado al gobierno de Santiago que geólogos del gobierno inglés han transmitido a Londres la noticia de la existencia de yacimientos de petróleo inexplotados en la región norte del Perú. Agrega que la información ha despertado gran interés entre los capitalistas británicos y, especialmente, estadounidenses, quienes enviarán ingenieros para estudiar los posibles yacimientos investigando en qué forma pueden ser aprovechados. Esta noticia no debe pasar inadvertida para nuestras autoridades.","elcomercio","18/03/2014"
"NA","Milagros Leiva Glvez Campaa  En Palacio levantaron a Nadine como la espuma y ahora pagan la factura porque no calcularon que minimiza al presidente.","elcomercio","18/03/2014"
"NA","Vctor Idrogo Stefano Alcntara Tatuador  Tengo 38 aos. Estudi en el colegio La Recoleta. Cuando terminé la secundaria, en la década del noventa no teníamos seguridad ni una situación económica estable. No pensaba en hacer dibujitos ni cosas lindas. Estudi Diseño Gráfico porque me iba a dar un sueldo al final del día. Mis padres no estaban en capacidad para pagar una carrera universitaria. Gracias a Dios hago lo que me encanta y ya no trabajo para pagar las cuentas. Estoy dando mis primeros pasos en la pintura. Mi virtud es pensar que nada es imposible. Pero a la vez es un defecto porque no me deja disfrutar la vida. Trabajo todo el día.  El tatuaje dura ms que el amor  Lilia Crdova Tbori  En el 2002 la revista Rolling Stone calificó a Stefano Alcntara como el rey de los tatuajes del rock. Él es uno de los pocos tatuadores que ha ingresado a las ﬁlas del estudio neoyorquino Last Rites de Paul Booth, un cono mundial de esta profesión.  Hace 20 aos, Stefano decidi dedicarse por completo a pintar en el lienzo más especial de todos: la piel.  — Por qué la gente insiste en tatuarse el nombre de la pareja? No saben lo que están haciendo. Hay una frase muy conocida entre tatuadores: El tatuaje dura ms que el amor. Y es cierto. —¿Crees que un tatuador es como un confesor? Sí, porque cada tatuaje es una historia. Siempre escucho cuáles son las razones que tiene cada cliente y así los voy conociendo.  Se puede pensar a la ligera sobre un tatuaje, pero no sabes el significado que tiene para esa persona.  Este ao voy a exponer mi primera individual en EE.UU. Será una retrospectiva hacia mis races.  —¿Cuál es el pedido más raro que te han hecho? Se puede pensar a la ligera sobre un tatuaje, pero no sabes el significado que tiene para esa persona. Un chico me pidió que le tatuara al villano de la película The Last Riders. Parecía algo tonto. Pero él me contó que esa película era el único recuerdo agradable que tenía de su padre. —¿Por qué cambiaste el diseño gráfico por el tatuaje? En mi primer año de estudio mi amigo Iván Santillana me trajo una revista de tatuajes. Al verla me quedé sorprendido. Nunca había visto un tatuaje en mi vida ni tampoco se me pasaba por la cabeza hacerlo. —¿Por qué? No sabía que en la piel se podía hacer tal calidad de detalle. Me llamó tanto la atención que lo tomé no como opción de profesión sino como otra superficie en la cual pintar. Lo que no sabía era que debía instruirme mucho porque a la primera vez no me iba a salir. Cuando tatas tienes varios factores que van a influir en el resultado final, como la cicatrización. Tenía que aprender todo eso para plasmar lo que quería. —¿Alguna vez algún cliente no ha quedado satisfecho? No. Al principio yo no quedaba satisfecho porque no me salía como pensaba. Era parte del proceso de aprendizaje. Al final de una sesión de tatuaje tienes un ‘feedback’ de la persona. Una pintura es muy personal. Si te gusta la compras. Mi carrera de diseño me enseñó bastante de eso. T trabajas para un cliente y debes hacer todo para que quede satisfecho. El tatuaje es igual. —¿Cuál fue el primer tatuaje que te hicieron? Fue el rostro de Jesús pero ‘dark’. Lo tenía el cantante de Sepultura. —¿Cómo te hiciste conocido? Empecé tatuando a rockeros. auspiciaba bandas que me gustaban. Mi familia es muy musical. Mi pap toc con Los Belkings y mi hermano es cantante de dos bandas. Por tres años tatué en un departamento detrás de mi casa. Parecía el cuarto de un adolescente con pósteres. Nada que ver con lo que tengo ahora. El tatuaje mutó a otro nivel y le di el respeto que se merece. —¿Qué es un tatuaje para ti? Es lo que me ha dado mayores satisfacciones en la vida. Es una forma de expresión artística que estoy tratando de elevar al mismo nivel que la pintura. El tatuaje es igual de antiguo que la pintura rupestre. Quizá sea la profesión más antigua y no la otra... —El tatuaje puede convertirse en una obsesión? Ni en obsesión ni en adicción, pero sí en un gusto. Si te haces un buen tatuaje vas a querer hacerte otro. La mayoría de mis clientes en EE.UU. son coleccionistas. Es como si llevaran una obra de arte en la piel. —¿Cuánto te demoras en hacer uno? Una hora como también podría tardar años. A veces hago piezas que abarcan todo el cuerpo desde la espalda hasta los pies. —¿Por qué te fuiste a EE.UU.? No soy conformista. No quería ser cabeza de ratón. Quería estar en las grandes ligas. Ser el mejor jugador del Descentralizado o el mejor jugador de fútbol del mundo. —¿Qué pasó cuando llegaste allá? Me encontré con trabas. La idea era abrir mi tercer estudio. Tenía dos en Lima. No lo podía hacer porque no me dieron el permiso a razón de que un estudio de tatuajes estaba frente al mío. Cuando se enteraron que yo era el dueño sintieron que tendrían una fuerte competencia. —¿Cuentame de tu faceta de pintor? Mi bisabuelo José Alcntara de la Torre fue pintor. Crec viendo sus obras y eso me inspiró. Este año voy a exponer mi primera individual en EE.UU. Presentaré una retrospectiva hacia mis raíces. Los temas presentes son el terrorismo, la superación y la visión del futuro del Perú. —Si alguien viene dubitativo y no sabe si quiere hacerse un tatuaje... No lo convenzo. No soy vendedor de tatuajes. —¿Algún pedido extraño? He hecho un montón de tatuajes de personas y perros muertos.","elcomercio","18/03/2014"
"La operación forma parte de los planes especiales","La operación forma parte de los ‘planes especiales’ anunciados por el presidente Nicolás Maduro el pasado viernes para ponerle fin a este tipo de protesta que, según él, no son más que un golpe de Estado.  Más operaciones en la ciudad Para el alcalde de Chacao, el opositor Ramón Muchacho, el despliegue era ‘exagerado’ y aunque aseguró que no había recibido ninguna información que le hiciera sospechar que la movilización traería consigo la restricción de los derechos civiles y políticos, como el de la manifestación, alertó que estaría atento.  Pero Altamira no fue el único blanco de las fuerzas de seguridad. Casi simultáneamente, en la urbanización Prados del Este, también en el este de Caracas y cerca de donde permanece atrincherado un general retirado a quien Maduro orden detener, se realizaron unos allanamientos.  En estos procedimientos fueron detenidas nueve personas por supuestamente tener una fábrica de bombas molotov y otros elementos para atacar a la policía.","elcomercio","18/03/2014"
"UNA NUEVA VÍCTIMA CAE UN GUARDIA NACIONAL","Ayer los venezolanos se despertaron con la noticia de la muerte del capitán de la Guardia Nacional, José Guzmán por un tiro en la cabeza al intentar impedir la colocación de una barricada en la ciudad de Maracay, a 150 kilómetros al oeste de Caracas.  YA SON 4 MILITARES Con este ya son cuatro los militares fallecidos desde que comenzó esta ola de protestas y disturbios.  VAN 29 MUERTOS Según las cifras que maneja el gobierno de Nicolás Maduro, ya van 29 muertos desde que empezaron las protestas el 12 de febrero.","elcomercio","18/03/2014"
"LA DROGA ES UNA ENFERMEDAD Y NO UN CRIMEN","Tratar como criminales a los adictos a las drogas hace que la lucha contra ellas se inicie con mal pie. La drogadicción es la única enfermedad que es considerada como delito y en la que el sufrimiento, en lugar de ser aliviado, es castigado con más sufrimiento.  La ONU y las drogas Graves consecuencias para la sociedad, pero sumamente beneficiosas para ciertos sectores de esta.  La demanda La política que han adoptado la mayoría de los estados para combatir la enfermedad de la drogadicción es la guerra a los narcotraficantes. Esto significa un enfrentamiento y persecución implacable de quienes suministran la droga a los enfermos. Por su parte, los enfermos están dispuestos a hacer cualquier sacrificio por obtener la droga, lo cual hace del suministro uno de los negocios más lucrativos existentes. Al haber decidido la sociedad que los enfermos son criminales, en lugar de curarlos, invierte enormes sumas en detener el suministro de la droga que causa, y ahora demanda, su enfermedad.  Por otra parte, quienes se beneficien con la venta de la droga tienen interés en que el número de enfermos que la requieren vaya en aumento, ampliando la demanda de su producto. Mientras los narcotraficantes tratan de captar nuevos consumidores, incrementando el número de enfermos, las autoridades los recluyen. Esto crea una abrumadora población de presidiarios a un creciente costo para los estados, sin reducir la demanda. Las dificultades que enfrentan los narcotraficantes para hacer llegar su producto a los consumidores hacen que este suba de precio, con lo cual sus utilidades aumentan.  La guerra La lucha contra el narcotráfico se ha convertido en una verdadera guerra. Se han diseñado estrategias que abarcan desde los puntos de producción de la materia prima (principalmente la hoja de coca y la amapola) hasta los distribuidores individuales en las calles de las ciudades. Esta estrategia tiene estados mayores, generales, ejércitos, tácticas y armas.  Desde oficinas con cientos de personas se planean acciones conjuntas en las que intervienen fuerzas policiales de diversos países y en algunos casos hasta los ejércitos. Es una guerra cara, compleja, que tiene miles de soldados y oficiales en todos los continentes. Miles de millones se gastan en planillas y mucha gente participa en ella, en algunos casos arriesgando su vida.  Pero el negocio es tan lucrativo que paralelamente hay otras guerras, entre los narcotraficantes que se disputan territorios. Donde haya enfermos, y los hay en todos los continentes, habrá una demanda de drogas y una posibilidad de gran lucro en corto tiempo. Es cierto que los territorios más sangrientamente disputados son aquellos donde hay más enfermos con alto poder adquisitivo, pero ningún territorio es despreciable cuando las ganancias son tan altas.  Como todas las guerras, las del narcotráfico benefician a algunos. Los fabricantes de armas suministran a todos los que se dedican a matar sin discriminación. Hoy, todos los involucrados en las guerras de narcotráfico, ya sea quienes lo combaten, quienes lo llevan a cabo o quienes disputan territorios cuentan con armas de última generación. Hay fosas comunes en la frontera entre EE.UU. y México que confirman esta eficiencia. Otros beneficiados son los estrategas y administradores de la logística pública y del dinero.  Dinero para todos Sin dudas, los narcotraficantes obtienen los mayores ingresos, que les permiten comprar desde islas, aviones y submarinos hasta gobiernos enteros. Tampoco es despreciable la utilidad de los que venden armas y de los que lavan el dinero proveniente del narcotráfico.  Miles de fortunas se deben a la guerra contra quienes suministran la droga que requieren los enfermos, una pequeña parte de los cuales va a dar a las cárceles. Pero son tantos que las cárceles están rebasadas y son subcontratadas a empresas privadas que están entre los beneficiarios de la guerra.  Ante la derrota Las cifras están al alcance de todos. Los muertos son decenas de miles, las sumas de dinero involucradas tienen 11 cifras. La lista de cultivos, bancos, gobiernos, fosas comunes, traficantes de armas y autoridades corruptas abarca todos los continentes. La guerra cubre el planeta y se está perdiendo en todos los frentes.  La ocasional captura de algunas toneladas de drogas ayuda a mantener el estado de guerra del cual viven decenas de miles en diversos países. Desde campesinos hasta jueces y banqueros deben su prosperidad a la adicción. Mientras esta no sea tratada como una enfermedad y los remedios suministrados por profesionales de la salud, seguirá la guerra, perdida desde su inicio, pero responsable de la prosperidad de muchos.  Requerirá coraje enfrentar la realidad. La aceptación de la humilde marihuana es un pequeño paso. La gente que la consume la seguirá consumiendo, solo que será más barata y dejará de enriquecer a delincuentes. Si comenzamos a administrar la droga directamente a los enfermos por profesionales de la salud, podremos eventualmente curarlos, comenzando por disminuir su número.  Al dejar de tratar al adicto como criminal, reduciremos cárceles y su costo al Estado. Si logramos tratar a los drogadictos como enfermos, habremos quitado la fuente de ingresos de quienes viven de su enfermedad y desaparecer el estímulo por crear más enfermos y con ello una guerra que no podemos ganar.","elcomercio","18/03/2014"
"CIENTÍFICOS HALLAN PRUEBAS QUE CONSOLIDAN LA TEORÍA DEL BIG BANG","Washington [AFP]. Físicos de EE.UU. anunciaron haber detectado por primera vez las ondas de gravedad que recorrieron el espacio justo después del big bang. Se trata de un descubrimiento histórico que consolida esta teoría del origen del universo hace 14 mil millones de años.  Esta primera observación de estas ondas gravitatorias primordiales, previstas en la teoría de la relatividad de Albert Einstein, confirma la expansión extremadamente rápida del universo en la primera fracción de segundo de su existencia. Esa fase fue bautizada como inflación cósmica. Esta teoría había sido enunciada inicialmente en 1979 por el físico Alan Guth.  La ‘primera evidencia directa de inflación cósmica’ fue observada mediante un telescopio  HALLAZGO IMPORTANTE  Los datos confirman la profunda relación entre la mecánica cuántica y la teoría de la relatividad general, según diversos astrofísicos.  La física cuántica describe fenómenos a escala atómica que la relatividad general no puede explicar.","elcomercio","18/03/2014"
"AJUSTADO RESPALDO AL GABINETE","Bancada del PPC fue clave para inclinar la balanza a favor del voto de confianza.  Durante las negociaciones previas, el oficialismo habría ofrecido a ese grupo parlamentario la presidencia del Congreso en julio.  El escritor Mario Vargas Llosa acusó al ex presidente Alan García de ser la figura maquiavélica que está detrás de los cuestionamientos al gobierno de Ollanta Humala.  Me parece que a Alan García, quien es el hombre más inteligente que tiene la oposición, sin ninguna duda, y que está en campaña porque quiere ser elegido por tercera vez, la popularidad de Nadine Heredia lo ha desquiciado, comentó en una entrevista en ATV.  Es la figura maquiavélica de esta extraordinaria operación. [...] El Apra y el fujimorismo tienen el respaldo del oligopolio informativo en el país y el resultado es: gran impopularidad del gobierno, gran amenaza para las instituciones democráticas. Es decir, una situación pregolpista, señaló.  Además, el líder aprista está preocupado porque su candidatura ha sido amenazada por la megacommisión, cuya investigación lo pone nervioso.  En respuesta, el congresista aprista Mauricio Mulder dijo que Vargas Llosa es garante de este gobierno, así que, obviamente, sale a hablar para defender a su ahijado, en referencia a Humala.  Siempre lo he dicho: Vargas Llosa es brillante en la literatura, pero es un desastre en la política. Por eso, retó al escritor a que asuma la jefatura del Gabinete.  ¿Por qué García no dice mejor que no quiere que funcione la megacommisión y que no se hable de los narcoindultos que lo ponen tan nervioso?. MARIO VARGAS LLOSA Premio Nobel de Literatura.  As fue la tercera votación 66 votos a favor 52 en contra 9 abstenciones   17:19. Fredy Otrola suspendió el pleno a esta hora. Antes dijo que iba a comunicarle al presidente el resultado de la votación.  Poca confianza. Nunca antes el tablero de votación del Congreso fue tan vigilado, como pasó ayer durante el escrutinio final del voto de confianza al Gabinete Cornejo.  El Gabinete Cornejo se salv. Ayer obtuvo la confianza del Congreso con 66 votos a favor, 52 en contra y 9 abstenciones. La bancada que influyó en la balanza fue la del PPC-APP. El oficialismo le habría ofrecido la presidencia del Parlamento.  Jorge Saldar Ramrez Twitter @jlsaldanar  A la tercera fue la vencida. Ayer por la tarde se reunió nuevamente el pleno del Congreso con un único tema de agenda: resolver el pedido de voto de confianza al Gabinete Ministerial presidido por Ren Cornejo, el cual había sido planteado el pasado viernes y había quedado en el limbo.  Y, a diferencia de lo que ocurrió en esa tumultuosa sesión congresal, ayer varias bancadas de la oposición cambiaron su voto de abstención. Esto explica el resultado final: 66 votos a favor, 52 en contra y 9 abstenciones.  ¿Qué sectores políticos se pronunciaron a favor? Ganó Perú y su aliado Perú Posible. Siete de los ocho integrantes de Unión Regional (UR) y los siete de la bancada del Partido Popular Cristiano-Alianza para el Progreso (PPC-APP). Esta última adhesión fue clave. ¿A cambio de qué? La versión que circuló en fuentes cercanas a las negociaciones políticas previas fue que el oficialismo les habría ofrecido la presidencia del Parlamento, a partir de fines del próximo julio.  A través de Canal N, la congresista oficialista y vicepresidenta de la República, Marisol Espinoza, retrucó que no se ha ofrecido nada a la bancada del PPC-APP. Ni ellos lo han pedido ni nosotros lo hemos ofrecido, remarcó.  Empero, sí llamó la atención que en el pleno la congresista Cecilia Tait (UR) alertara que quizá en julio haya importantes cambios en la conducción del Parlamento.  Primera Consecuencia El gobierno escuchar y conversar con la oposición, dijo ayer el ministro de Justicia, Daniel Figallo.  Antes de la plenaria vespertina, habló el vocero del PPC-APP, Alberto Beingolea. Él explicó que el giro político de su bancada –que el viernes vot por la abstención y ahora apretó el botón verde– se debió al comunicado público que a las 2:29 de la tarde difundió el presidente del Consejo de Ministros, Ren Cornejo.  Nosotros arrancamos haciendo un deslinde. Rayamos la cancha en el Ejecutivo. Van a ver una participación más activa de los ministros. Esto se va a ejercer de esta manera [...]. No se va a permitir ningún tipo de intromisión, reza el texto de la PCM.  [El comunicado] Está en el camino correcto, subrayó Beingolea, en el pleno del Parlamento, ante el asombro de sus colegas de la oposición.  Y las otras bancadas? En diálogo con El Comercio, el vocero de UR, Marco Falcon, explicó que durante la reunión de dos horas sostenida con el propio Cornejo obtuvieron el mismo compromiso: de no tolerar ninguna injerencia de la esposa del jefe del Estado. De lo contrario, lo interpelaremos y podemos llegar a la censura, alertó.  Gustavo Rodríguez, de Solidaridad Nacional, ratificó la abstención, por la terquedad y la soberbia que ha hecho gala el Ejecutivo y que han llevado al país a la crisis política del fin de semana.  Héctor Becerril, de Fuerza Popular, fundamentó el voto en contra porque no fueron convocados para el diálogo con el Ejecutivo y porque nada ha cambiado desde el pasado viernes.  Igual criterio tuvo el vocero de Concertación Parlamentaria, el aprista Javier Velásquez Quesquén, quien consideró que el Gabinete Cornejo está herido de muerte y lamentó que el presidente Ollanta Humala no tenga bien puestos los pantalones.  El legislador José León, de Perú Posible, dijo que la charla ratificó su apoyo al Gabinete Cornejo porque más de treinta millones de peruanos quieren vivir en un país estable y con gobernabilidad.  Apenas concluyó la votación, el presidente del Congreso, Freddy Otrola, fue a Palacio a comunicar el resultado final.  Respaldo Decisivo. La bancada del PPC explicó en el Hall de los Pasos Perdidos sus razones para apoyar al Gabinete.  Humala pide no pelear por intereses mezquinos  Minutos antes de que se decidiera en el Congreso el voto de confianza para el Gabinete Cornejo, el presidente Ollanta Humala, desde Puerto Inca (Huánuco), pidió a los políticos dejar de lado las discrepancias.  Lo único que no podemos hacer es pelearnos. Cuando los políticos se pelean por intereses mezquinos subalternos, por desconﬁanzas, el pueblo va a pagar las consecuencias.  Humala, quien se disculpó con los pobladores por no llegar al mediodía por el mal tiempo, señaló que a la gente de esa zona no le interesa los que pueda tener la clase política. Lo que les interesa es que les resuelvan los problemas y eso es lo que tenemos que hacer. Es la obligación moral. Si nos separamos, el Perú se puede detener y nadie quiere que se detenga.  Añadió que el Perú necesita unidad y no suspensión ni inestabilidad. Espero que se pueda dar tranquilidad a los 30 millones de peruanos [...]. Tengo optimismo que prime la cordura y el interés [por el país].  Evitó comentar las declaraciones del premio Nobel Mario Vargas Llosa, quien acusó a Alan García de estar detrás de la campaña de demolición contra el régimen. Algo de esta preocupación es lo que él [Vargas Llosa] recoge de una visión de afuera, dijo.  Es una alerta para evitar poderes paralelos  Punto de Vista  Carlos Villanueva Ex primer ministro  Me alegra que el Gabinete que encabeza Ren Cornejo haya recibido el voto de confianza del Congreso. Sin embargo, es una confianza que debe cumplirse. La situación que se generó en el Parlamento por el tema es una alerta para el equipo que lidera Cornejo. Por eso, el voto de confianza debe estar centrado en el pronunciamiento del presidente del Consejo de Ministros, de no permitir interferencias o poderes paralelos. Ese es el tema.  En mi opinión, no es que haya una crisis estructural en el país. Obviamente se ha generado una crisis, pero al darse el respaldo al Gabinete asumo y confío en que las cosas van a normalizarse. Y al ordenarse, se deber trabajar en función de metas planteadas.  Lo más urgente es reforzar la promoción de las inversiones, un tema muy importante para el país. Mientras tengamos estabilidad económica, incluso cuando hay circunstancias en las que las inversiones han disminuido, hay posibilidades de recuperarlas. Pero para recuperar las inversiones es necesaria la voluntad política.  En segundo lugar, es imprescindible darle confianza al país. Y para esto, insisto, se necesita la institucionalización. Para ello debe haber diálogo. Porque nadie gana con una política de confrontaciones. Todos pierden. En el país es vital aprender a convivir con todos.  Yo siempre he buscado el diálogo político. Pero las circunstancias que se dieron en las últimas semanas no nos permitieron asentar aquello que empez con el tema del fallo de La Haya.  Ahora es necesario que el Ejecutivo se reúna otra vez con los líderes políticos. Sin excepción. Esto para ver las prioridades como políticas de Estado, entre ellas la seguridad ciudadana, que trascienda este gobierno si es que se quieren lograr cosas importantes.  Igual compromiso debe haber con el tema de la educación. También el abanico de temas no debe abrirse mucho, para así poder tener metas concretas y concentrarnos en dos o tres puntos.  Por eso creo que el gobierno debe hacer un gran esfuerzo por el diálogo. Insisto: debe ser con todos. No se puede discriminar a ninguna organización política. Todas, por más pequeñas, medianas o grandes que sean, pueden aportar. Hay que tener la humildad para escuchar las propuestas. También las críticas. Eso es parte de la democracia. Si manejamos el país de esa manera, con esa cultura política, todo se vuelve más civilizado.  El Ejecutivo debe hacerlo, lo que debe estar acompañado del cumplimiento de metas.","elcomercio","18/03/2014"
"La fiscalía amplía la investigación a Cenaida Uribe por otros 30 días","La parlamentaria oficialista también deber acudir el 24 de marzo a la Comisión de ética del Congreso para dar su declaración.  Dado que todavía falta mucha información y no se ha interrogado aún a nadie, la investigación por el caso de la empresa Punto Visual se ha ampliado por un mes más. En los próximos días la fiscalía fijará la fecha del interrogatorio a la congresista Uribe. Lizandro Quispe Vizcarra, el ex director del colegio Alfonso Ugarte que denunció haber sido presionado por la parlamentaria para renovar el contrato con Punto Visual, dará su declaración la próxima semana. También han sido convocadas las secretarias Aurea Evangelista Trebejo y Guisela Apolaya Ayllín, quienes afirmaron que escucharon las presuntas amenazas de Uribe contra Quispe. La congresista Uribe también deber declarar ante el fiscal adscrito del despacho de la Fiscalía de la Nación en una fecha que está por definirse en esta semana. Como parte de la investigación se han enviado oficios a la Unidad de Gestión Educativa Local 3 y al Ministerio de Educación para verificar si estaba programada la inspección que la parlamentaria dice haber hecho al colegio Alfonso Ugarte.","elcomercio","18/03/2014"
"Necesitamos un Parque del Limeño","Tras el cierre definitivo del antiguo mercado de La Parada, sus 3 hectáreas de terreno se encuentran ahora listas para alojar al nuevo Parque del Migrante. Este es un proyecto que, a decir de la alcaldesa Susana Villarán, busca convertir esta tugurizada zona en un inmenso pulmón verde capaz de oxigenar el asfixiado centro de la ciudad. El plan implica también que en un segundo momento el parque ofrezca servicios de biblioteca, deportes y centros de recreación, todo dentro de un modelo integrado de seguridad y gestión que la administración municipal ofrece resolver en un plazo de seis meses.  El parque estará dedicado al “migrante”. Es así porque rendirá homenaje a los millones de personas que se desplazaron desde distintas regiones del país hacia esta zona para instalarse en ella, ocuparla con sus actividades comerciales y cambiar finalmente no solo su propia historia sino también la de toda la urbe. Por este motivo el parque tendrá un sentido conmemorativo, puesto que recordará el rico proceso de cambio cultural que tanta gente, proveniente de las regiones andinas, imprimió en la capital durante la segunda mitad del siglo XX. Un proceso que la mayoría de estudios urbanos –y también el ciudadano común– considera como la “cholificación” de la ciudad, y que otros prefieren valorar de forma distinta, principalmente como el surgimiento y desarrollo de una nueva modernidad limeña.  En un estupendo libro recientemente editado por la Universidad Católica, “Lima Siglo XX. Cultura, socialización y cambio”, el sociólogo Aldo Panfichi explica cómo la atención en el tema de la migración, y posteriores fenómenos vinculados a ella como las llamadas “invasiones”, la creación de las “barriadas”, o la construcción de los “conos”, ha dominado nuestras reflexiones todos estos años. Pienso que este enfoque en la historia reciente de la ciudad no es bueno, pues crea diferencias y formula conceptos discriminatorios asociados a un “nosotros” (los limeños criollos) y a “ellos” (los que llegaron de los Andes). Más aún, no creo que sea el más constructivo para la visión de futuro integrador que requerimos. Hoy en día la vigorosa realidad que vivimos, con distritos enteros transformados y con dinámicas comerciales y culturales en efervescencia, ofrece relatos de modernidad que desbaratan esas diferencias.  Plantean castigar maltrato animal hasta con cuatro años de cárcel  El congresista Carlos Bruce present ante el pleno un proyecto para sancionar la tortura de mascotas. Un proyecto de ley para sancionar el maltrato animal con penas efectivas de cárcel fue presentado el pasado jueves 13 al pleno del Congreso. Según su autor, el parlamentario Carlos Bruce, la norma busca incluir penas de dos a cuatro años de prisión para todo aquel que torture o mate a algún animal. “La creciente sensibilidad social por el respeto, la protección y la defensa de todos los seres vivos en general, y de los animales más próximos a la persona, hacen necesarias algunas modificaciones en la legislación”, explicó Bruce. A la fecha, las únicas sanciones que contempla el Código Penal para el maltrato, tortura o abuso de un animal son los días multa. Las penas van, según la gravedad del caso, de los 60 a 360 días multa. “Si el animal muere debido a los abusos, la sanción no puede ser menor a 120 ni mayor a 360 días multa. Además, el juez puede prohibir al infractor poseer cualquier otra mascota”, precisa el proyecto de ley de Bruce. Según se informó, la iniciativa cuenta con el apoyo de los parlamentarios Javier Velásquez y Mauricio Mulder. Asociaciones de amigos de los animales también han expresado su confianza en que el proyecto pase las revisiones necesarias y sea promulgado por el presidente Ollanta Humala. Hasta el cierre de esta edición, aún no había fecha programada para la revisión y el debate de esta iniciativa legislativa.","elcomercio","18/03/2014"
"La probabilidad de que ocurran sismos fuertes es mayor en tres zonas de la costa","Especialistas consideran que el silencio sísmico es preocupante en las regiones del norte, en Lima y en el área comprendida entre Ilo y Tacna. Las regiones de Piura, Lambayeque y La Libertad, así como Lima y las ciudades ubicadas entre Ilo y la frontera con Chile son las zonas más vulnerables del país a sufrir la devastación de terremotos. Ello debido al silencio sísmico, explican expertos. Un terremoto podría destruir todo lo que conocemos en sólo segundos. El último sábado, una de las cúpulas de la iglesia principal de Sechura se derrumbó y la señal de telefonía celular colapsó tras un sismo de 6 grados de magnitud. Hace exactamente un mes, el 18 de febrero, 13 personas quedaron heridas como consecuencia de un movimiento sísmico de 5,6 grados registrado al sur de Lima. Estos son solo dos hechos recientes de una lista interminable de daños causados por sismos en el Perú. Aunque no se puede predecir cuándo sucederá un terremoto, los científicos manejan criterios para determinar las probabilidades de que estos eventos ocurran en lugares específicos. Uno de estos es el llamado silencio sísmico, que –según el sismólogo Julio Kuroiwa Horiuchi– no es más que la ausencia de terremotos en períodos superiores a treinta años. El científico interpretó el mapa sísmico nacional, elaborado por el Instituto Geofísico del Perú (IGP), y determinó que son tres las zonas del país con mayores probabilidades de sufrir los efectos de terremotos de gran intensidad. Estas son: las costas de Piura, Lambayeque y La Libertad; la ciudad de Lima; y las localidades entre Ilo y Tacna. “Frente a Lima hay una zona donde se ha liberado poca energía. El 3 de octubre de 1974 ocurrió el último sismo fuerte en la capital, que causó la muerte de más de 250 personas. Han transcurrido desde entonces 40 años”, precisó el investigador. En tanto, el silencio sísmico en las regiones costeras del norte y del sur es más preocupante, ya que all no se producen terremotos devastadores desde hace más de 150 años. En la sierra, Junín es una región vulnerable a sismos de menor intensidad; mientras que en la selva la zona con mayor riesgo la constituye San Martín. “Se trata de sismos de menor magnitud que los de la costa, pero siempre son trágicos porque muchas personas viven en casas de adobe o madera”, indicó el sismólogo, quien añadió que en el Perú no estamos preparados para afrontar los terremotos. Viviendas precarias El director de Sismología del Instituto Geofísico del Perú (IGP), Hernando Tavera Huarcache, ratificó que la costa es la zona más vulnerable del país. Añadió que uno de los aspectos por mejorar es la calidad de las viviendas. “El Perú está avanzando en prevención, con la organización de simulacros, pero el peligro siempre estará presente mientras que miles de personas vivan en casas de mala calidad y en zonas vulnerables como cerros o riberas de ríos”, precisó. Carlos Zavala Toledo, director del Centro Peruano-Japonés de Investigaciones Sísmicas y Mitigación de Desastres de la Universidad Nacional de Ingeniería (UNI), informó que en Lima al menos el 20% de viviendas son de adobe. “Lo ideal sería que fueran de ladrillo, [con] columnas de cemento y techos rígidos, y que no estuvieran en zonas pantanosas”, dijo. Indicó que las estadísticas confirman que Lima y Tacna son las regiones con más probabilidades de sufrir los efectos de un terremoto.","elcomercio","18/03/2014"
"POBLACIÓN EN PELIGRO","Regiones en riesgo por terremotos  LTIMOS SISMOS En la escala de Richter  2014  Fecha 6/1 8/1 13/1 26/1 29/1 18/2 19/2 13/3 15/3 1. 2. 3. 4. 5. 6. 7. 8. 9. 10. 16/3 Magnitud 4,5 Piura 4,8 4,4 5,4 5,2 5,6 4,2 4,6 Piura Piura Tumbes Tacna,  Arica Ica Ica Ica 6 Chiclayo 4,4 Tacna  ALERTA EN EL PERÚ EN LA COSTA Zonas de la costa con silencio sísmico y con más probabilidades de que ocurran terremotos.  EN LA SIERRA Y SELVA A Y SELVA ocurren sismos de menor intensidad, considerados intraplaca.","elcomercio","18/03/2014"
"TIPOS DE SISMOS"," A Subducción (megasismos) La placa oceánica se desplaza por debajo de la corteza continental y hacia el magma del manto, donde es consumida y reciclada. El proceso de subducción puede producir los terremotos de mayor magnitud, superiores a 9 grados en la escala de Richter.  B Ruptura de valles Las placas se alejan una de otra y permiten que la corteza se hunda.  Montañas  C Fallas de choque y deslizamiento Se da cuando dos placas se deslizan lateralmente. Los terremotos son menos poderosos que los de subducción, pero pueden ser más destructivos por su foco superficial.  D Separación del suelo oceánico El magma se eleva formando un nuevo piso oceánico a lo largo de la falla. Constante actividad sísmica.  E Formación de montañas Las placas continentales chocan y fuerzan a las capas rocosas a apilarse y doblarse hasta formar montañas.  FUENTE: ING. JULIO KUROIWA / REUTERS ","elcomercio","18/03/2014"
"PREOCUPACIÓN","La energía se acumula y no estamos listos  Victor Aguilar Purhuaya, especialista en sismología y vulcanología de la Universidad Nacional de San Agustín (UNSA) de Arequipa, informó que desde marzo del 2013 la actividad sísmica decreció de entre 8 y 12 eventos diarios o solo 5, en la costa sur del país.  Este dato es preocupante porque se está acumulando energía. La mayoría de estos sismos no son percibidos por la población, pero sirven para el análisis del comportamiento de las placas de Nazca y Continental, sostuvo.  Añadió que en la actualidad se presentan todos los elementos que anteceden a un terremoto. Hablamos de disminución de actividad sísmica, ocurrencia de sismos precursores [como el que se registró el domingo en el norte de Chile] y la actividad inusual de insectos y arácnidos, que perciben la acumulación de la energía y salen de sus escondites, señal.  En tanto, el secretario técnico de Defensa Civil en Lambayeque, Carlos Balarezo Mesones, reconoció que en esta región la población no está preparada para enfrentar un sismo. Dijo que esto qued demostrado en los últimos simulacros, en los que apenas participaron 1.500 personas. Nuestras ciudades no cuentan con una planificación urbana adecuada y mucha gente vive en zonas de alta vulnerabilidad.","elcomercio","18/03/2014"
"PREPARACIÓN: ANTES Y DESPUÉS","#1. Mochila de supervivencia Defensa Civil asegura que todos los peruanos debemos estar listos para afrontar un terremoto. Una de las medidas sugeridas es contar con una mochila de emergencias llena de alimentos no perecibles, agua potable, linterna, radio, bolsas de plástico, mascarillas, encendedor, manta y gel antibacterial.  #2. Seguridad y evacuación Otra recomendación es ubicar zonas de seguridad y rutas de evacuación, tanto en viviendas como en centros de trabajo. Columnas, muros estructurales o los exteriores de un ascensor son buenos lugares. Las rutas de evacuación se identifican en los edificios con carteles verdes y fechas blancas.  #3. Saturación de líneas Para evitar que la señal de teléfono celular colapse, en caso de que ocurra un sismo se recomienda enviar mensajes de texto y no llamar. Otra alternativa es el servicio de mensajera gratuita de voz, que permite dejar o escuchar grabaciones. A este se accede marcando el 119 desde cualquier celular.","elcomercio","18/03/2014"
"EXTORSIONADORES QUEMAN UNA FÁBRICA DE CALZADO","Javier Rosado  El propietario del negocio afectado se negó a pagar una fuerte suma de dinero a una banda de criminales.  Trujillo. Un grupo de extorsionadores quemó una fábrica de calzado en el peligroso distrito de El Porvenir (Trujillo), la madrugada de ayer. El empresario afectado se resistió a pagar los US$40.000 que le exigían los criminales.  Iván Parimango Vásquez, de 36 años, era extorsionado y amenazado de muerte desde hace seis meses mediante llamadas telefónicas y el envío de sobres con balas. La víctima comentó que incluso le intentaron incendiar su vehículo.  Según refirió ante la policía, las amenazas eran firmadas con el apelativo de muerte y aumentaron este mes.  Los bomberos llegaron hasta la cuadra 21 de la avenida Revolución, a solo tres cuadras del Departamento de Investigación Criminal Este de la Policía Nacional del Perú (PNP), para sofocar las llamas que alcanzaron los tres niveles del local.  INSEGURIDAD. Se calcula que las pérdidas económicas de Parimango Vásquez ascienden a S/.200.000.","elcomercio","18/03/2014"
"ASÍ LO DICHO:","Yo estoy chambeando, si hay defectos se debe a que estamos trabajando de manera colectiva.  Roberto Torres  Alcalde de Chiclayo  Respondió así a críticas por obras mal hechas","elcomercio","18/03/2014"
"PUNO DICTA NUEVE MESES DE PRISIÓN PARA ALCALDE","Puno. La Corte Superior de Justicia de Puno sentenció a 9 meses de prisión preventiva a José Luis Harai Montoya, alcalde de la Municipalidad Provincial de Lampa, autoridad a la que se le acusa del delito de peculado doloso agravado. Ante la ausencia del procesado, se ordenó su captura y el internamiento en el establecimiento penitenciario La Capilla de Juliaca.","elcomercio","18/03/2014"
"LAMBAYEQUE DIEZ PERSONAS HERIDAS TRAS ACCIDENTE DE TRÁNSITO","Lambayeque. La densa niebla fue la causa de que un camión se precipitara a un abismo. El hecho ocurrió a la altura de la localidad de Abra de Porculla, ubicada en la frontera de Piura, Lambayeque y Cajamarca. Diez pasajeros sufrieron heridas graves y contusiones. Ellos fueron trasladados a hospitales de Chiclayo y Lambayeque.","elcomercio","18/03/2014"
"HUANCAVELICA DIEZ MIL FAMILIAS AISLADAS POR DESBORDE DE LAGUNA","Tayacaja. Cinco distritos de la provincia de Tayacaja (Huancavelica), donde habitan unas 10 mil familias, quedaron aislados, desde la madrugada de ayer, luego que la carretera de acceso fuera afectada por el desborde de la laguna Los Libertadores, del anexo de Huari.","elcomercio","18/03/2014"
"LIMA JNE DECLARA NULO PEDIDO DE VACANCIA CONTRA ALCALDE","El Jurado Nacional de Elecciones (JNE) declar nulo el procedimiento que el Concejo Provincial de Huánuco siguió para resolver la solicitud de vacancia contra el alcalde Jesús Giles Aliaga ‘Koko’, por supuesta infracción a las normas de restricciones de contratación. En 30 días, el concejo huánuqueño deber emitir una nueva decisión, toda vez que en octubre del 2013 declar infundada la solicitud de vacancia.","elcomercio","18/03/2014"
"PNP NO DESCARTA MOVIL POLÍTICO EN EL ASESINATO DE EX CONSEJERO","Los deudos de Ezequiel Nolasco Campos y pobladores de Chimbote exigieron justicia. Jefe policial refirió que a la víctima se le había dado protección, pero solo para su domicilio.  Chimbote. Antes de ser enterrado, el cuerpo de Ezequiel Nolasco Campos, ex consejero regional de Ancash y político voceado para ser candidato a la presidencia de esa región, fue trasladado a las sedes del Ministerio Público, el Poder Judicial y la PNP. Los familiares, amigos y seguidores que acompañaban el féretro clamaban justicia en cada parada. Como última estación, previa al camposanto, el cortejo se detuvo frente al municipio provincial del Santa. Fue all donde se exaltaron las mil personas que seguían el cortejo. All está el que lo mat, gritaban. Y es que cuando asesinaron al hijo político de Nolasco en el 2010, la fiscal acusó como autor intelectual del hecho al alcalde de esa comuna, Luis Arroyo Rojas. Finalmente, Nolasco fue enterrado en el cementerio Loma de la Paz.  Motivos políticos Los antecedentes del Caso Nolasco no son desconocidos para la policía. Como el ex consejero fue asesinado en Huacho, la investigación se realiza en esa ciudad, pero con el apoyo de agentes de Chimbote. El coronel PNP César Ros Vivanco dijo a El Comercio que no se descartaba un móvil político.  Hace unas semanas, Nolasco se reunió con el coronel Ros para que le brindara protección por las constantes amenazas que recibía. Solo se logró destacar policías a su domicilio, pero no para resguardarlo cuando realizara otras actividades.  En tanto, el abogado de Nolasco, Marco Sánchez Ponte, llegó ayer hasta la Gobernación de Chimbote para solicitar garantías, pues dijo temer por su vida. El letrado fue señalado como presunto sospechoso por los familiares tras desaparecer de la escena del crimen y ahora se encuentra en la condición de testigo. Estuve una hora en la escena del crimen, pero la policía no llegaba. Por temor a que me mataran me fui, afirm.  El alcalde de Nuevo Chimbote, Juan Francisco Gasco, anunció que solicitará la presencia de un grupo policial especializado para esclarecer el crimen. Además, la hija del ex consejero regional, Fiorella Nolasco Blas, atribuyó la muerte de su padre a un tema político. Años atrás, ella decía que si algo le pasaba sería responsabilidad del presidente regional César Álvarez. A través de voceros, Álvarez negó esta acusación.  CRONOLOGÍA 20/7/2010 Ezequiel Nolasco es atacado a balazos en la puerta de su casa en Nuevo Chimbote. El ex consejero fue acribillado junto a su hijo político Robert Torres, quien falleció. 17/11/2010 El presunto sicario Rubén Moreno Olivo, sindicado como el cabecilla de la banda de delincuentes que asesinó al hijo de Nolasco Campos, consigue huir de la policía. 11/7/2013 Asesinan de siete balazos a Hilda Saldarriaga, la testigo clave del atentado contra Nolasco en el 2010. Saldarriaga había acusado al actual alcalde de Chimbote, Luis Arroyo, de ser el autor intelectual. 21/7/2013 Reclusos del penal Cambio Puente de Chimbote amenazan de muerte al ex consejero para que no se investigue el caso. 11/11/2013 Nolasco se encadenó en la Corte Superior de Justicia del Santa para expresar su rechazo a la lentitud del proceso judicial abierto por el atentado que sufriera en el 2010.","elcomercio","18/03/2014"
"ESPECIALISTAS INVESTIGAN SUPUESTO DERRAME DE CIANURO Y MERCURO","Arequipa. Una comisión de especialistas de la Autoridad Regional del Medio Ambiente (ARMA) de Arequipa viajar hoy a las localidades de Chala y Chorrillos, en la provincia de Caravelí, para investigar el supuesto derrame de cianuro y mercurio que habría ocurrido durante una intervención realizada la semana pasada en la zona.","elcomercio","18/03/2014"
