First task: Preprocessing images. Loading modules...
First task: Preprocessing images. Activating virtual environment...
First task: Preprocessing images. Running...
Processing 32 images using 384 threads...
✓ Processed: data/images/trome/2019/01/02/trome_2019-01-02#05.jpg
✓ Processed: data/images/trome/2019/01/02/trome_2019-01-02#07.jpg
✓ Processed: data/images/trome/2019/01/02/trome_2019-01-02#06.jpg
✓ Processed: data/images/trome/2019/01/02/trome_2019-01-02#02.jpg
✓ Processed: data/images/trome/2019/01/02/trome_2019-01-02#13.jpg
✓ Processed: data/images/trome/2019/01/02/trome_2019-01-02#01.jpg
✓ Processed: data/images/trome/2019/01/02/trome_2019-01-02#04.jpg
✓ Processed: data/images/trome/2019/01/02/trome_2019-01-02#03.jpg
✓ Processed: data/images/trome/2019/01/02/trome_2019-01-02#14.jpg
✓ Processed: data/images/trome/2019/01/02/trome_2019-01-02#16.jpg
✓ Processed: data/images/trome/2019/01/02/trome_2019-01-02#11.jpg
✓ Processed: data/images/trome/2019/01/02/trome_2019-01-02#15.jpg
✓ Processed: data/images/trome/2019/01/02/trome_2019-01-02#19.jpg
✓ Processed: data/images/trome/2019/01/02/trome_2019-01-02#12.jpg
✓ Processed: data/images/trome/2019/01/02/trome_2019-01-02#09.jpg
✓ Processed: data/images/trome/2019/01/02/trome_2019-01-02#17.jpg
✓ Processed: data/images/trome/2019/01/02/trome_2019-01-02#08.jpg
✓ Processed: data/images/trome/2019/01/02/trome_2019-01-02#10.jpg
✓ Processed: data/images/trome/2019/01/02/trome_2019-01-02#18.jpg
✓ Processed: data/images/trome/2019/01/02/trome_2019-01-02#23.jpg
✓ Processed: data/images/trome/2019/01/02/trome_2019-01-02#22.jpg
✓ Processed: data/images/trome/2019/01/02/trome_2019-01-02#20.jpg
✓ Processed: data/images/trome/2019/01/02/trome_2019-01-02#31.jpg
✓ Processed: data/images/trome/2019/01/02/trome_2019-01-02#29.jpg
✓ Processed: data/images/trome/2019/01/02/trome_2019-01-02#28.jpg
✓ Processed: data/images/trome/2019/01/02/trome_2019-01-02#24.jpg
✓ Processed: data/images/trome/2019/01/02/trome_2019-01-02#21.jpg
✓ Processed: data/images/trome/2019/01/02/trome_2019-01-02#25.jpg
✓ Processed: data/images/trome/2019/01/02/trome_2019-01-02#27.jpg
✓ Processed: data/images/trome/2019/01/02/trome_2019-01-02#30.jpg
✓ Processed: data/images/trome/2019/01/02/trome_2019-01-02#32.jpg
✓ Processed: data/images/trome/2019/01/02/trome_2019-01-02#26.jpg

Summary: 32/32 images processed successfully
Processed 32 images in 0.81 seconds
Avg per image: 0.03 sec
Second/Third task: OCR. Loading modules...
Second/Third task: OCR. Setting folders...
Second/Third task: OCR. Activating virtual environment...
Second task: OCR. Running...
Working with 1 memories.
llama_context: n_ctx_per_seq (16384) < n_ctx_train (128000) -- the full capacity of the model will not be utilized
GPU Memory: 5963, 89388
Minimal - Cleared state, processing 1 images
clip_model_loader: model name:   Nanonets-Ocr-S
clip_model_loader: description:  
clip_model_loader: GGUF version: 3
clip_model_loader: alignment:    32
clip_model_loader: n_tensors:    519
clip_model_loader: n_kv:         29

clip_model_loader: has vision encoder
clip_ctx: CLIP using CUDA0 backend
load_hparams: projector:          qwen2.5vl_merger
load_hparams: n_embd:             1280
load_hparams: n_head:             16
load_hparams: n_ff:               3420
load_hparams: n_layer:            32
load_hparams: ffn_op:             silu
load_hparams: projection_dim:     2048

--- vision hparams ---
load_hparams: image_size:         1024
load_hparams: patch_size:         14
load_hparams: has_llava_proj:     0
load_hparams: minicpmv_version:   0
load_hparams: proj_scale_factor:  0
load_hparams: n_wa_pattern:       8

load_hparams: model size:         1276.39 MiB
load_hparams: metadata size:      0.18 MiB
alloc_compute_meta:      CUDA0 compute buffer size =     3.60 MiB
alloc_compute_meta:        CPU compute buffer size =     0.16 MiB
<|im_start|>system

  CONTEXT: You are an expert OCR system. Extract ALL text from this Spanish newspaper image with perfect accuracy.

  REQUIREMENTS:
  - Extract every word, number, date, punctuation mark visible
  - Preserve Spanish accents and special characters (ñ, á, é, í, ó, ú, ü)
  - Maintain the original text layout and structure (headlines, paragraphs, columns)
  - Read left-to-right, top-to-bottom within each column
  - Include ALL content: headlines, body text and captions. Do NOT focus on ads, page numbers or information that does not have content
  - Return ONLY raw extracted text - no explanations or formatting
  - Do NOT repeat content - if text appears twice, include it only once
  - Do NOT summarize or paraphrase - extract the exact text as written

  TASK: Extract the complete text preserving natural newspaper reading flow.
  
  WARNING: If you return anything other than raw text (explanations, apologies, formatting, etc.), the entire OCR pipeline will fail and all downstream processing will be corrupted. Your response must contain ONLY the extracted text - nothing else.
  WARNING: This is a test. You are being compared to other VLMs. You have to be quick and good.
  <|im_end|>
<|im_start|>user
<__media__><|im_end|>
<|im_start|>assistant
encoding image slice...
image slice encoded in 359 ms
decoding image batch 1/1, n_tokens_batch = 1258
image decoded (batch 1/1) in 45 ms
GPU Memory: 9347, 86004
Total time: 9.96 seconds
✓ Extracted text from trome_2019-01-02#01.png
GPU Memory: 9347, 86004
Minimal - Cleared state, processing 1 images
<|im_start|>system

  CONTEXT: You are an expert OCR system. Extract ALL text from this Spanish newspaper image with perfect accuracy.

  REQUIREMENTS:
  - Extract every word, number, date, punctuation mark visible
  - Preserve Spanish accents and special characters (ñ, á, é, í, ó, ú, ü)
  - Maintain the original text layout and structure (headlines, paragraphs, columns)
  - Read left-to-right, top-to-bottom within each column
  - Include ALL content: headlines, body text and captions. Do NOT focus on ads, page numbers or information that does not have content
  - Return ONLY raw extracted text - no explanations or formatting
  - Do NOT repeat content - if text appears twice, include it only once
  - Do NOT summarize or paraphrase - extract the exact text as written

  TASK: Extract the complete text preserving natural newspaper reading flow.
  
  WARNING: If you return anything other than raw text (explanations, apologies, formatting, etc.), the entire OCR pipeline will fail and all downstream processing will be corrupted. Your response must contain ONLY the extracted text - nothing else.
  WARNING: This is a test. You are being compared to other VLMs. You have to be quick and good.
  <|im_end|>
<|im_start|>user
<__media__><|im_end|>
<|im_start|>assistant
encoding image slice...
image slice encoded in 217 ms
decoding image batch 1/1, n_tokens_batch = 1258
image decoded (batch 1/1) in 34 ms
GPU Memory: 9347, 86004
Total time: 9.48 seconds
✓ Extracted text from trome_2019-01-02#02.png
GPU Memory: 9347, 86004
Minimal - Cleared state, processing 1 images
<|im_start|>system

  CONTEXT: You are an expert OCR system. Extract ALL text from this Spanish newspaper image with perfect accuracy.

  REQUIREMENTS:
  - Extract every word, number, date, punctuation mark visible
  - Preserve Spanish accents and special characters (ñ, á, é, í, ó, ú, ü)
  - Maintain the original text layout and structure (headlines, paragraphs, columns)
  - Read left-to-right, top-to-bottom within each column
  - Include ALL content: headlines, body text and captions. Do NOT focus on ads, page numbers or information that does not have content
  - Return ONLY raw extracted text - no explanations or formatting
  - Do NOT repeat content - if text appears twice, include it only once
  - Do NOT summarize or paraphrase - extract the exact text as written

  TASK: Extract the complete text preserving natural newspaper reading flow.
  
  WARNING: If you return anything other than raw text (explanations, apologies, formatting, etc.), the entire OCR pipeline will fail and all downstream processing will be corrupted. Your response must contain ONLY the extracted text - nothing else.
  WARNING: This is a test. You are being compared to other VLMs. You have to be quick and good.
  <|im_end|>
<|im_start|>user
<__media__><|im_end|>
<|im_start|>assistant
encoding image slice...
image slice encoded in 214 ms
decoding image batch 1/1, n_tokens_batch = 1258
image decoded (batch 1/1) in 34 ms
GPU Memory: 9347, 86004
Total time: 1.32 seconds
✓ Extracted text from trome_2019-01-02#03.png
GPU Memory: 9347, 86004
Minimal - Cleared state, processing 1 images
<|im_start|>system

  CONTEXT: You are an expert OCR system. Extract ALL text from this Spanish newspaper image with perfect accuracy.

  REQUIREMENTS:
  - Extract every word, number, date, punctuation mark visible
  - Preserve Spanish accents and special characters (ñ, á, é, í, ó, ú, ü)
  - Maintain the original text layout and structure (headlines, paragraphs, columns)
  - Read left-to-right, top-to-bottom within each column
  - Include ALL content: headlines, body text and captions. Do NOT focus on ads, page numbers or information that does not have content
  - Return ONLY raw extracted text - no explanations or formatting
  - Do NOT repeat content - if text appears twice, include it only once
  - Do NOT summarize or paraphrase - extract the exact text as written

  TASK: Extract the complete text preserving natural newspaper reading flow.
  
  WARNING: If you return anything other than raw text (explanations, apologies, formatting, etc.), the entire OCR pipeline will fail and all downstream processing will be corrupted. Your response must contain ONLY the extracted text - nothing else.
  WARNING: This is a test. You are being compared to other VLMs. You have to be quick and good.
  <|im_end|>
<|im_start|>user
<__media__><|im_end|>
<|im_start|>assistant
encoding image slice...
image slice encoded in 217 ms
decoding image batch 1/1, n_tokens_batch = 1258
image decoded (batch 1/1) in 36 ms
GPU Memory: 9347, 86004
Total time: 4.06 seconds
✓ Extracted text from trome_2019-01-02#04.png
GPU Memory: 9347, 86004
Minimal - Cleared state, processing 1 images
<|im_start|>system

  CONTEXT: You are an expert OCR system. Extract ALL text from this Spanish newspaper image with perfect accuracy.

  REQUIREMENTS:
  - Extract every word, number, date, punctuation mark visible
  - Preserve Spanish accents and special characters (ñ, á, é, í, ó, ú, ü)
  - Maintain the original text layout and structure (headlines, paragraphs, columns)
  - Read left-to-right, top-to-bottom within each column
  - Include ALL content: headlines, body text and captions. Do NOT focus on ads, page numbers or information that does not have content
  - Return ONLY raw extracted text - no explanations or formatting
  - Do NOT repeat content - if text appears twice, include it only once
  - Do NOT summarize or paraphrase - extract the exact text as written

  TASK: Extract the complete text preserving natural newspaper reading flow.
  
  WARNING: If you return anything other than raw text (explanations, apologies, formatting, etc.), the entire OCR pipeline will fail and all downstream processing will be corrupted. Your response must contain ONLY the extracted text - nothing else.
  WARNING: This is a test. You are being compared to other VLMs. You have to be quick and good.
  <|im_end|>
<|im_start|>user
<__media__><|im_end|>
<|im_start|>assistant
encoding image slice...
image slice encoded in 219 ms
decoding image batch 1/1, n_tokens_batch = 1258
image decoded (batch 1/1) in 35 ms
GPU Memory: 9347, 86004
Total time: 2.43 seconds
✓ Extracted text from trome_2019-01-02#05.png
GPU Memory: 9347, 86004
Minimal - Cleared state, processing 1 images
<|im_start|>system

  CONTEXT: You are an expert OCR system. Extract ALL text from this Spanish newspaper image with perfect accuracy.

  REQUIREMENTS:
  - Extract every word, number, date, punctuation mark visible
  - Preserve Spanish accents and special characters (ñ, á, é, í, ó, ú, ü)
  - Maintain the original text layout and structure (headlines, paragraphs, columns)
  - Read left-to-right, top-to-bottom within each column
  - Include ALL content: headlines, body text and captions. Do NOT focus on ads, page numbers or information that does not have content
  - Return ONLY raw extracted text - no explanations or formatting
  - Do NOT repeat content - if text appears twice, include it only once
  - Do NOT summarize or paraphrase - extract the exact text as written

  TASK: Extract the complete text preserving natural newspaper reading flow.
  
  WARNING: If you return anything other than raw text (explanations, apologies, formatting, etc.), the entire OCR pipeline will fail and all downstream processing will be corrupted. Your response must contain ONLY the extracted text - nothing else.
  WARNING: This is a test. You are being compared to other VLMs. You have to be quick and good.
  <|im_end|>
<|im_start|>user
<__media__><|im_end|>
<|im_start|>assistant
encoding image slice...
image slice encoded in 218 ms
decoding image batch 1/1, n_tokens_batch = 1258
image decoded (batch 1/1) in 34 ms
GPU Memory: 9347, 86004
Total time: 4.67 seconds
✓ Extracted text from trome_2019-01-02#06.png
GPU Memory: 9347, 86004
Minimal - Cleared state, processing 1 images
<|im_start|>system

  CONTEXT: You are an expert OCR system. Extract ALL text from this Spanish newspaper image with perfect accuracy.

  REQUIREMENTS:
  - Extract every word, number, date, punctuation mark visible
  - Preserve Spanish accents and special characters (ñ, á, é, í, ó, ú, ü)
  - Maintain the original text layout and structure (headlines, paragraphs, columns)
  - Read left-to-right, top-to-bottom within each column
  - Include ALL content: headlines, body text and captions. Do NOT focus on ads, page numbers or information that does not have content
  - Return ONLY raw extracted text - no explanations or formatting
  - Do NOT repeat content - if text appears twice, include it only once
  - Do NOT summarize or paraphrase - extract the exact text as written

  TASK: Extract the complete text preserving natural newspaper reading flow.
  
  WARNING: If you return anything other than raw text (explanations, apologies, formatting, etc.), the entire OCR pipeline will fail and all downstream processing will be corrupted. Your response must contain ONLY the extracted text - nothing else.
  WARNING: This is a test. You are being compared to other VLMs. You have to be quick and good.
  <|im_end|>
<|im_start|>user
<__media__><|im_end|>
<|im_start|>assistant
encoding image slice...
image slice encoded in 216 ms
decoding image batch 1/1, n_tokens_batch = 1258
image decoded (batch 1/1) in 34 ms
GPU Memory: 9347, 86004
Total time: 1.55 seconds
✓ Extracted text from trome_2019-01-02#07.png
GPU Memory: 9347, 86004
Minimal - Cleared state, processing 1 images
<|im_start|>system

  CONTEXT: You are an expert OCR system. Extract ALL text from this Spanish newspaper image with perfect accuracy.

  REQUIREMENTS:
  - Extract every word, number, date, punctuation mark visible
  - Preserve Spanish accents and special characters (ñ, á, é, í, ó, ú, ü)
  - Maintain the original text layout and structure (headlines, paragraphs, columns)
  - Read left-to-right, top-to-bottom within each column
  - Include ALL content: headlines, body text and captions. Do NOT focus on ads, page numbers or information that does not have content
  - Return ONLY raw extracted text - no explanations or formatting
  - Do NOT repeat content - if text appears twice, include it only once
  - Do NOT summarize or paraphrase - extract the exact text as written

  TASK: Extract the complete text preserving natural newspaper reading flow.
  
  WARNING: If you return anything other than raw text (explanations, apologies, formatting, etc.), the entire OCR pipeline will fail and all downstream processing will be corrupted. Your response must contain ONLY the extracted text - nothing else.
  WARNING: This is a test. You are being compared to other VLMs. You have to be quick and good.
  <|im_end|>
<|im_start|>user
<__media__><|im_end|>
<|im_start|>assistant
encoding image slice...
image slice encoded in 217 ms
decoding image batch 1/1, n_tokens_batch = 1258
image decoded (batch 1/1) in 35 ms
GPU Memory: 9347, 86004
Total time: 39.73 seconds
✓ Extracted text from trome_2019-01-02#08.png
GPU Memory: 9347, 86004
Minimal - Cleared state, processing 1 images
<|im_start|>system

  CONTEXT: You are an expert OCR system. Extract ALL text from this Spanish newspaper image with perfect accuracy.

  REQUIREMENTS:
  - Extract every word, number, date, punctuation mark visible
  - Preserve Spanish accents and special characters (ñ, á, é, í, ó, ú, ü)
  - Maintain the original text layout and structure (headlines, paragraphs, columns)
  - Read left-to-right, top-to-bottom within each column
  - Include ALL content: headlines, body text and captions. Do NOT focus on ads, page numbers or information that does not have content
  - Return ONLY raw extracted text - no explanations or formatting
  - Do NOT repeat content - if text appears twice, include it only once
  - Do NOT summarize or paraphrase - extract the exact text as written

  TASK: Extract the complete text preserving natural newspaper reading flow.
  
  WARNING: If you return anything other than raw text (explanations, apologies, formatting, etc.), the entire OCR pipeline will fail and all downstream processing will be corrupted. Your response must contain ONLY the extracted text - nothing else.
  WARNING: This is a test. You are being compared to other VLMs. You have to be quick and good.
  <|im_end|>
<|im_start|>user
<__media__><|im_end|>
<|im_start|>assistant
encoding image slice...
image slice encoded in 218 ms
decoding image batch 1/1, n_tokens_batch = 1258
image decoded (batch 1/1) in 34 ms
GPU Memory: 9347, 86004
Total time: 3.17 seconds
✓ Extracted text from trome_2019-01-02#09.png
GPU Memory: 9347, 86004
Minimal - Cleared state, processing 1 images
<|im_start|>system

  CONTEXT: You are an expert OCR system. Extract ALL text from this Spanish newspaper image with perfect accuracy.

  REQUIREMENTS:
  - Extract every word, number, date, punctuation mark visible
  - Preserve Spanish accents and special characters (ñ, á, é, í, ó, ú, ü)
  - Maintain the original text layout and structure (headlines, paragraphs, columns)
  - Read left-to-right, top-to-bottom within each column
  - Include ALL content: headlines, body text and captions. Do NOT focus on ads, page numbers or information that does not have content
  - Return ONLY raw extracted text - no explanations or formatting
  - Do NOT repeat content - if text appears twice, include it only once
  - Do NOT summarize or paraphrase - extract the exact text as written

  TASK: Extract the complete text preserving natural newspaper reading flow.
  
  WARNING: If you return anything other than raw text (explanations, apologies, formatting, etc.), the entire OCR pipeline will fail and all downstream processing will be corrupted. Your response must contain ONLY the extracted text - nothing else.
  WARNING: This is a test. You are being compared to other VLMs. You have to be quick and good.
  <|im_end|>
<|im_start|>user
<__media__><|im_end|>
<|im_start|>assistant
encoding image slice...
image slice encoded in 217 ms
decoding image batch 1/1, n_tokens_batch = 1258
image decoded (batch 1/1) in 34 ms
GPU Memory: 9347, 86004
Total time: 39.73 seconds
✓ Extracted text from trome_2019-01-02#10.png
GPU Memory: 9347, 86004
Minimal - Cleared state, processing 1 images
<|im_start|>system

  CONTEXT: You are an expert OCR system. Extract ALL text from this Spanish newspaper image with perfect accuracy.

  REQUIREMENTS:
  - Extract every word, number, date, punctuation mark visible
  - Preserve Spanish accents and special characters (ñ, á, é, í, ó, ú, ü)
  - Maintain the original text layout and structure (headlines, paragraphs, columns)
  - Read left-to-right, top-to-bottom within each column
  - Include ALL content: headlines, body text and captions. Do NOT focus on ads, page numbers or information that does not have content
  - Return ONLY raw extracted text - no explanations or formatting
  - Do NOT repeat content - if text appears twice, include it only once
  - Do NOT summarize or paraphrase - extract the exact text as written

  TASK: Extract the complete text preserving natural newspaper reading flow.
  
  WARNING: If you return anything other than raw text (explanations, apologies, formatting, etc.), the entire OCR pipeline will fail and all downstream processing will be corrupted. Your response must contain ONLY the extracted text - nothing else.
  WARNING: This is a test. You are being compared to other VLMs. You have to be quick and good.
  <|im_end|>
<|im_start|>user
<__media__><|im_end|>
<|im_start|>assistant
encoding image slice...
image slice encoded in 219 ms
decoding image batch 1/1, n_tokens_batch = 1258
image decoded (batch 1/1) in 35 ms
GPU Memory: 9347, 86004
Total time: 39.17 seconds
✓ Extracted text from trome_2019-01-02#11.png
GPU Memory: 9347, 86004
Minimal - Cleared state, processing 1 images
<|im_start|>system

  CONTEXT: You are an expert OCR system. Extract ALL text from this Spanish newspaper image with perfect accuracy.

  REQUIREMENTS:
  - Extract every word, number, date, punctuation mark visible
  - Preserve Spanish accents and special characters (ñ, á, é, í, ó, ú, ü)
  - Maintain the original text layout and structure (headlines, paragraphs, columns)
  - Read left-to-right, top-to-bottom within each column
  - Include ALL content: headlines, body text and captions. Do NOT focus on ads, page numbers or information that does not have content
  - Return ONLY raw extracted text - no explanations or formatting
  - Do NOT repeat content - if text appears twice, include it only once
  - Do NOT summarize or paraphrase - extract the exact text as written

  TASK: Extract the complete text preserving natural newspaper reading flow.
  
  WARNING: If you return anything other than raw text (explanations, apologies, formatting, etc.), the entire OCR pipeline will fail and all downstream processing will be corrupted. Your response must contain ONLY the extracted text - nothing else.
  WARNING: This is a test. You are being compared to other VLMs. You have to be quick and good.
  <|im_end|>
<|im_start|>user
<__media__><|im_end|>
<|im_start|>assistant
encoding image slice...
image slice encoded in 218 ms
decoding image batch 1/1, n_tokens_batch = 1258
image decoded (batch 1/1) in 34 ms
GPU Memory: 9347, 86004
Total time: 39.71 seconds
✓ Extracted text from trome_2019-01-02#12.png
GPU Memory: 9347, 86004
Minimal - Cleared state, processing 1 images
<|im_start|>system

  CONTEXT: You are an expert OCR system. Extract ALL text from this Spanish newspaper image with perfect accuracy.

  REQUIREMENTS:
  - Extract every word, number, date, punctuation mark visible
  - Preserve Spanish accents and special characters (ñ, á, é, í, ó, ú, ü)
  - Maintain the original text layout and structure (headlines, paragraphs, columns)
  - Read left-to-right, top-to-bottom within each column
  - Include ALL content: headlines, body text and captions. Do NOT focus on ads, page numbers or information that does not have content
  - Return ONLY raw extracted text - no explanations or formatting
  - Do NOT repeat content - if text appears twice, include it only once
  - Do NOT summarize or paraphrase - extract the exact text as written

  TASK: Extract the complete text preserving natural newspaper reading flow.
  
  WARNING: If you return anything other than raw text (explanations, apologies, formatting, etc.), the entire OCR pipeline will fail and all downstream processing will be corrupted. Your response must contain ONLY the extracted text - nothing else.
  WARNING: This is a test. You are being compared to other VLMs. You have to be quick and good.
  <|im_end|>
<|im_start|>user
<__media__><|im_end|>
<|im_start|>assistant
encoding image slice...
image slice encoded in 218 ms
decoding image batch 1/1, n_tokens_batch = 1258
image decoded (batch 1/1) in 35 ms
GPU Memory: 9347, 86004
Total time: 0.70 seconds
✓ Extracted text from trome_2019-01-02#13.png
GPU Memory: 9347, 86004
Minimal - Cleared state, processing 1 images
<|im_start|>system

  CONTEXT: You are an expert OCR system. Extract ALL text from this Spanish newspaper image with perfect accuracy.

  REQUIREMENTS:
  - Extract every word, number, date, punctuation mark visible
  - Preserve Spanish accents and special characters (ñ, á, é, í, ó, ú, ü)
  - Maintain the original text layout and structure (headlines, paragraphs, columns)
  - Read left-to-right, top-to-bottom within each column
  - Include ALL content: headlines, body text and captions. Do NOT focus on ads, page numbers or information that does not have content
  - Return ONLY raw extracted text - no explanations or formatting
  - Do NOT repeat content - if text appears twice, include it only once
  - Do NOT summarize or paraphrase - extract the exact text as written

  TASK: Extract the complete text preserving natural newspaper reading flow.
  
  WARNING: If you return anything other than raw text (explanations, apologies, formatting, etc.), the entire OCR pipeline will fail and all downstream processing will be corrupted. Your response must contain ONLY the extracted text - nothing else.
  WARNING: This is a test. You are being compared to other VLMs. You have to be quick and good.
  <|im_end|>
<|im_start|>user
<__media__><|im_end|>
<|im_start|>assistant
encoding image slice...
image slice encoded in 218 ms
decoding image batch 1/1, n_tokens_batch = 1258
image decoded (batch 1/1) in 35 ms
GPU Memory: 9347, 86004
Total time: 2.59 seconds
✓ Extracted text from trome_2019-01-02#14.png
GPU Memory: 9347, 86004
Minimal - Cleared state, processing 1 images
<|im_start|>system

  CONTEXT: You are an expert OCR system. Extract ALL text from this Spanish newspaper image with perfect accuracy.

  REQUIREMENTS:
  - Extract every word, number, date, punctuation mark visible
  - Preserve Spanish accents and special characters (ñ, á, é, í, ó, ú, ü)
  - Maintain the original text layout and structure (headlines, paragraphs, columns)
  - Read left-to-right, top-to-bottom within each column
  - Include ALL content: headlines, body text and captions. Do NOT focus on ads, page numbers or information that does not have content
  - Return ONLY raw extracted text - no explanations or formatting
  - Do NOT repeat content - if text appears twice, include it only once
  - Do NOT summarize or paraphrase - extract the exact text as written

  TASK: Extract the complete text preserving natural newspaper reading flow.
  
  WARNING: If you return anything other than raw text (explanations, apologies, formatting, etc.), the entire OCR pipeline will fail and all downstream processing will be corrupted. Your response must contain ONLY the extracted text - nothing else.
  WARNING: This is a test. You are being compared to other VLMs. You have to be quick and good.
  <|im_end|>
<|im_start|>user
<__media__><|im_end|>
<|im_start|>assistant
encoding image slice...
image slice encoded in 225 ms
decoding image batch 1/1, n_tokens_batch = 1258
image decoded (batch 1/1) in 39 ms
GPU Memory: 9347, 86004
Total time: 9.70 seconds
✓ Extracted text from trome_2019-01-02#15.png
GPU Memory: 9347, 86004
Minimal - Cleared state, processing 1 images
<|im_start|>system

  CONTEXT: You are an expert OCR system. Extract ALL text from this Spanish newspaper image with perfect accuracy.

  REQUIREMENTS:
  - Extract every word, number, date, punctuation mark visible
  - Preserve Spanish accents and special characters (ñ, á, é, í, ó, ú, ü)
  - Maintain the original text layout and structure (headlines, paragraphs, columns)
  - Read left-to-right, top-to-bottom within each column
  - Include ALL content: headlines, body text and captions. Do NOT focus on ads, page numbers or information that does not have content
  - Return ONLY raw extracted text - no explanations or formatting
  - Do NOT repeat content - if text appears twice, include it only once
  - Do NOT summarize or paraphrase - extract the exact text as written

  TASK: Extract the complete text preserving natural newspaper reading flow.
  
  WARNING: If you return anything other than raw text (explanations, apologies, formatting, etc.), the entire OCR pipeline will fail and all downstream processing will be corrupted. Your response must contain ONLY the extracted text - nothing else.
  WARNING: This is a test. You are being compared to other VLMs. You have to be quick and good.
  <|im_end|>
<|im_start|>user
<__media__><|im_end|>
<|im_start|>assistant
encoding image slice...
image slice encoded in 219 ms
decoding image batch 1/1, n_tokens_batch = 1258
image decoded (batch 1/1) in 34 ms
GPU Memory: 9347, 86004
Total time: 3.26 seconds
✓ Extracted text from trome_2019-01-02#16.png
GPU Memory: 9347, 86004
Minimal - Cleared state, processing 1 images
<|im_start|>system

  CONTEXT: You are an expert OCR system. Extract ALL text from this Spanish newspaper image with perfect accuracy.

  REQUIREMENTS:
  - Extract every word, number, date, punctuation mark visible
  - Preserve Spanish accents and special characters (ñ, á, é, í, ó, ú, ü)
  - Maintain the original text layout and structure (headlines, paragraphs, columns)
  - Read left-to-right, top-to-bottom within each column
  - Include ALL content: headlines, body text and captions. Do NOT focus on ads, page numbers or information that does not have content
  - Return ONLY raw extracted text - no explanations or formatting
  - Do NOT repeat content - if text appears twice, include it only once
  - Do NOT summarize or paraphrase - extract the exact text as written

  TASK: Extract the complete text preserving natural newspaper reading flow.
  
  WARNING: If you return anything other than raw text (explanations, apologies, formatting, etc.), the entire OCR pipeline will fail and all downstream processing will be corrupted. Your response must contain ONLY the extracted text - nothing else.
  WARNING: This is a test. You are being compared to other VLMs. You have to be quick and good.
  <|im_end|>
<|im_start|>user
<__media__><|im_end|>
<|im_start|>assistant
encoding image slice...
image slice encoded in 217 ms
decoding image batch 1/1, n_tokens_batch = 1258
image decoded (batch 1/1) in 35 ms
GPU Memory: 9347, 86004
Total time: 1.67 seconds
✓ Extracted text from trome_2019-01-02#17.png
GPU Memory: 9347, 86004
Minimal - Cleared state, processing 1 images
<|im_start|>system

  CONTEXT: You are an expert OCR system. Extract ALL text from this Spanish newspaper image with perfect accuracy.

  REQUIREMENTS:
  - Extract every word, number, date, punctuation mark visible
  - Preserve Spanish accents and special characters (ñ, á, é, í, ó, ú, ü)
  - Maintain the original text layout and structure (headlines, paragraphs, columns)
  - Read left-to-right, top-to-bottom within each column
  - Include ALL content: headlines, body text and captions. Do NOT focus on ads, page numbers or information that does not have content
  - Return ONLY raw extracted text - no explanations or formatting
  - Do NOT repeat content - if text appears twice, include it only once
  - Do NOT summarize or paraphrase - extract the exact text as written

  TASK: Extract the complete text preserving natural newspaper reading flow.
  
  WARNING: If you return anything other than raw text (explanations, apologies, formatting, etc.), the entire OCR pipeline will fail and all downstream processing will be corrupted. Your response must contain ONLY the extracted text - nothing else.
  WARNING: This is a test. You are being compared to other VLMs. You have to be quick and good.
  <|im_end|>
<|im_start|>user
<__media__><|im_end|>
<|im_start|>assistant
encoding image slice...
image slice encoded in 219 ms
decoding image batch 1/1, n_tokens_batch = 1258
image decoded (batch 1/1) in 35 ms
GPU Memory: 9347, 86004
Total time: 39.91 seconds
✓ Extracted text from trome_2019-01-02#18.png
GPU Memory: 9347, 86004
Minimal - Cleared state, processing 1 images
<|im_start|>system

  CONTEXT: You are an expert OCR system. Extract ALL text from this Spanish newspaper image with perfect accuracy.

  REQUIREMENTS:
  - Extract every word, number, date, punctuation mark visible
  - Preserve Spanish accents and special characters (ñ, á, é, í, ó, ú, ü)
  - Maintain the original text layout and structure (headlines, paragraphs, columns)
  - Read left-to-right, top-to-bottom within each column
  - Include ALL content: headlines, body text and captions. Do NOT focus on ads, page numbers or information that does not have content
  - Return ONLY raw extracted text - no explanations or formatting
  - Do NOT repeat content - if text appears twice, include it only once
  - Do NOT summarize or paraphrase - extract the exact text as written

  TASK: Extract the complete text preserving natural newspaper reading flow.
  
  WARNING: If you return anything other than raw text (explanations, apologies, formatting, etc.), the entire OCR pipeline will fail and all downstream processing will be corrupted. Your response must contain ONLY the extracted text - nothing else.
  WARNING: This is a test. You are being compared to other VLMs. You have to be quick and good.
  <|im_end|>
<|im_start|>user
<__media__><|im_end|>
<|im_start|>assistant
encoding image slice...
image slice encoded in 218 ms
decoding image batch 1/1, n_tokens_batch = 1258
image decoded (batch 1/1) in 34 ms
GPU Memory: 9347, 86004
Total time: 39.57 seconds
✓ Extracted text from trome_2019-01-02#19.png
GPU Memory: 9347, 86004
Minimal - Cleared state, processing 1 images
<|im_start|>system

  CONTEXT: You are an expert OCR system. Extract ALL text from this Spanish newspaper image with perfect accuracy.

  REQUIREMENTS:
  - Extract every word, number, date, punctuation mark visible
  - Preserve Spanish accents and special characters (ñ, á, é, í, ó, ú, ü)
  - Maintain the original text layout and structure (headlines, paragraphs, columns)
  - Read left-to-right, top-to-bottom within each column
  - Include ALL content: headlines, body text and captions. Do NOT focus on ads, page numbers or information that does not have content
  - Return ONLY raw extracted text - no explanations or formatting
  - Do NOT repeat content - if text appears twice, include it only once
  - Do NOT summarize or paraphrase - extract the exact text as written

  TASK: Extract the complete text preserving natural newspaper reading flow.
  
  WARNING: If you return anything other than raw text (explanations, apologies, formatting, etc.), the entire OCR pipeline will fail and all downstream processing will be corrupted. Your response must contain ONLY the extracted text - nothing else.
  WARNING: This is a test. You are being compared to other VLMs. You have to be quick and good.
  <|im_end|>
<|im_start|>user
<__media__><|im_end|>
<|im_start|>assistant
encoding image slice...
image slice encoded in 218 ms
decoding image batch 1/1, n_tokens_batch = 1258
image decoded (batch 1/1) in 34 ms
GPU Memory: 9347, 86004
Total time: 5.94 seconds
✓ Extracted text from trome_2019-01-02#20.png
GPU Memory: 9347, 86004
Minimal - Cleared state, processing 1 images
<|im_start|>system

  CONTEXT: You are an expert OCR system. Extract ALL text from this Spanish newspaper image with perfect accuracy.

  REQUIREMENTS:
  - Extract every word, number, date, punctuation mark visible
  - Preserve Spanish accents and special characters (ñ, á, é, í, ó, ú, ü)
  - Maintain the original text layout and structure (headlines, paragraphs, columns)
  - Read left-to-right, top-to-bottom within each column
  - Include ALL content: headlines, body text and captions. Do NOT focus on ads, page numbers or information that does not have content
  - Return ONLY raw extracted text - no explanations or formatting
  - Do NOT repeat content - if text appears twice, include it only once
  - Do NOT summarize or paraphrase - extract the exact text as written

  TASK: Extract the complete text preserving natural newspaper reading flow.
  
  WARNING: If you return anything other than raw text (explanations, apologies, formatting, etc.), the entire OCR pipeline will fail and all downstream processing will be corrupted. Your response must contain ONLY the extracted text - nothing else.
  WARNING: This is a test. You are being compared to other VLMs. You have to be quick and good.
  <|im_end|>
<|im_start|>user
<__media__><|im_end|>
<|im_start|>assistant
encoding image slice...
image slice encoded in 219 ms
decoding image batch 1/1, n_tokens_batch = 1258
image decoded (batch 1/1) in 35 ms
GPU Memory: 9347, 86004
Total time: 0.67 seconds
✓ Extracted text from trome_2019-01-02#21.png
GPU Memory: 9347, 86004
Minimal - Cleared state, processing 1 images
<|im_start|>system

  CONTEXT: You are an expert OCR system. Extract ALL text from this Spanish newspaper image with perfect accuracy.

  REQUIREMENTS:
  - Extract every word, number, date, punctuation mark visible
  - Preserve Spanish accents and special characters (ñ, á, é, í, ó, ú, ü)
  - Maintain the original text layout and structure (headlines, paragraphs, columns)
  - Read left-to-right, top-to-bottom within each column
  - Include ALL content: headlines, body text and captions. Do NOT focus on ads, page numbers or information that does not have content
  - Return ONLY raw extracted text - no explanations or formatting
  - Do NOT repeat content - if text appears twice, include it only once
  - Do NOT summarize or paraphrase - extract the exact text as written

  TASK: Extract the complete text preserving natural newspaper reading flow.
  
  WARNING: If you return anything other than raw text (explanations, apologies, formatting, etc.), the entire OCR pipeline will fail and all downstream processing will be corrupted. Your response must contain ONLY the extracted text - nothing else.
  WARNING: This is a test. You are being compared to other VLMs. You have to be quick and good.
  <|im_end|>
<|im_start|>user
<__media__><|im_end|>
<|im_start|>assistant
encoding image slice...
image slice encoded in 218 ms
decoding image batch 1/1, n_tokens_batch = 1258
image decoded (batch 1/1) in 35 ms
GPU Memory: 9347, 86004
Total time: 4.82 seconds
✓ Extracted text from trome_2019-01-02#22.png
GPU Memory: 9347, 86004
Minimal - Cleared state, processing 1 images
<|im_start|>system

  CONTEXT: You are an expert OCR system. Extract ALL text from this Spanish newspaper image with perfect accuracy.

  REQUIREMENTS:
  - Extract every word, number, date, punctuation mark visible
  - Preserve Spanish accents and special characters (ñ, á, é, í, ó, ú, ü)
  - Maintain the original text layout and structure (headlines, paragraphs, columns)
  - Read left-to-right, top-to-bottom within each column
  - Include ALL content: headlines, body text and captions. Do NOT focus on ads, page numbers or information that does not have content
  - Return ONLY raw extracted text - no explanations or formatting
  - Do NOT repeat content - if text appears twice, include it only once
  - Do NOT summarize or paraphrase - extract the exact text as written

  TASK: Extract the complete text preserving natural newspaper reading flow.
  
  WARNING: If you return anything other than raw text (explanations, apologies, formatting, etc.), the entire OCR pipeline will fail and all downstream processing will be corrupted. Your response must contain ONLY the extracted text - nothing else.
  WARNING: This is a test. You are being compared to other VLMs. You have to be quick and good.
  <|im_end|>
<|im_start|>user
<__media__><|im_end|>
<|im_start|>assistant
encoding image slice...
image slice encoded in 219 ms
decoding image batch 1/1, n_tokens_batch = 1258
image decoded (batch 1/1) in 34 ms
GPU Memory: 9347, 86004
Total time: 28.42 seconds
✓ Extracted text from trome_2019-01-02#23.png
GPU Memory: 9347, 86004
Minimal - Cleared state, processing 1 images
<|im_start|>system

  CONTEXT: You are an expert OCR system. Extract ALL text from this Spanish newspaper image with perfect accuracy.

  REQUIREMENTS:
  - Extract every word, number, date, punctuation mark visible
  - Preserve Spanish accents and special characters (ñ, á, é, í, ó, ú, ü)
  - Maintain the original text layout and structure (headlines, paragraphs, columns)
  - Read left-to-right, top-to-bottom within each column
  - Include ALL content: headlines, body text and captions. Do NOT focus on ads, page numbers or information that does not have content
  - Return ONLY raw extracted text - no explanations or formatting
  - Do NOT repeat content - if text appears twice, include it only once
  - Do NOT summarize or paraphrase - extract the exact text as written

  TASK: Extract the complete text preserving natural newspaper reading flow.
  
  WARNING: If you return anything other than raw text (explanations, apologies, formatting, etc.), the entire OCR pipeline will fail and all downstream processing will be corrupted. Your response must contain ONLY the extracted text - nothing else.
  WARNING: This is a test. You are being compared to other VLMs. You have to be quick and good.
  <|im_end|>
<|im_start|>user
<__media__><|im_end|>
<|im_start|>assistant
encoding image slice...
image slice encoded in 220 ms
decoding image batch 1/1, n_tokens_batch = 1258
image decoded (batch 1/1) in 35 ms
GPU Memory: 9347, 86004
Total time: 39.89 seconds
✓ Extracted text from trome_2019-01-02#24.png
GPU Memory: 9347, 86004
Minimal - Cleared state, processing 1 images
<|im_start|>system

  CONTEXT: You are an expert OCR system. Extract ALL text from this Spanish newspaper image with perfect accuracy.

  REQUIREMENTS:
  - Extract every word, number, date, punctuation mark visible
  - Preserve Spanish accents and special characters (ñ, á, é, í, ó, ú, ü)
  - Maintain the original text layout and structure (headlines, paragraphs, columns)
  - Read left-to-right, top-to-bottom within each column
  - Include ALL content: headlines, body text and captions. Do NOT focus on ads, page numbers or information that does not have content
  - Return ONLY raw extracted text - no explanations or formatting
  - Do NOT repeat content - if text appears twice, include it only once
  - Do NOT summarize or paraphrase - extract the exact text as written

  TASK: Extract the complete text preserving natural newspaper reading flow.
  
  WARNING: If you return anything other than raw text (explanations, apologies, formatting, etc.), the entire OCR pipeline will fail and all downstream processing will be corrupted. Your response must contain ONLY the extracted text - nothing else.
  WARNING: This is a test. You are being compared to other VLMs. You have to be quick and good.
  <|im_end|>
<|im_start|>user
<__media__><|im_end|>
<|im_start|>assistant
encoding image slice...
image slice encoded in 217 ms
decoding image batch 1/1, n_tokens_batch = 1258
image decoded (batch 1/1) in 34 ms
GPU Memory: 9347, 86004
Total time: 39.55 seconds
✓ Extracted text from trome_2019-01-02#25.png
GPU Memory: 9347, 86004
Minimal - Cleared state, processing 1 images
<|im_start|>system

  CONTEXT: You are an expert OCR system. Extract ALL text from this Spanish newspaper image with perfect accuracy.

  REQUIREMENTS:
  - Extract every word, number, date, punctuation mark visible
  - Preserve Spanish accents and special characters (ñ, á, é, í, ó, ú, ü)
  - Maintain the original text layout and structure (headlines, paragraphs, columns)
  - Read left-to-right, top-to-bottom within each column
  - Include ALL content: headlines, body text and captions. Do NOT focus on ads, page numbers or information that does not have content
  - Return ONLY raw extracted text - no explanations or formatting
  - Do NOT repeat content - if text appears twice, include it only once
  - Do NOT summarize or paraphrase - extract the exact text as written

  TASK: Extract the complete text preserving natural newspaper reading flow.
  
  WARNING: If you return anything other than raw text (explanations, apologies, formatting, etc.), the entire OCR pipeline will fail and all downstream processing will be corrupted. Your response must contain ONLY the extracted text - nothing else.
  WARNING: This is a test. You are being compared to other VLMs. You have to be quick and good.
  <|im_end|>
<|im_start|>user
<__media__><|im_end|>
<|im_start|>assistant
encoding image slice...
image slice encoded in 218 ms
decoding image batch 1/1, n_tokens_batch = 1258
image decoded (batch 1/1) in 34 ms
GPU Memory: 9347, 86004
Total time: 39.99 seconds
✓ Extracted text from trome_2019-01-02#26.png
GPU Memory: 9347, 86004
Minimal - Cleared state, processing 1 images
<|im_start|>system

  CONTEXT: You are an expert OCR system. Extract ALL text from this Spanish newspaper image with perfect accuracy.

  REQUIREMENTS:
  - Extract every word, number, date, punctuation mark visible
  - Preserve Spanish accents and special characters (ñ, á, é, í, ó, ú, ü)
  - Maintain the original text layout and structure (headlines, paragraphs, columns)
  - Read left-to-right, top-to-bottom within each column
  - Include ALL content: headlines, body text and captions. Do NOT focus on ads, page numbers or information that does not have content
  - Return ONLY raw extracted text - no explanations or formatting
  - Do NOT repeat content - if text appears twice, include it only once
  - Do NOT summarize or paraphrase - extract the exact text as written

  TASK: Extract the complete text preserving natural newspaper reading flow.
  
  WARNING: If you return anything other than raw text (explanations, apologies, formatting, etc.), the entire OCR pipeline will fail and all downstream processing will be corrupted. Your response must contain ONLY the extracted text - nothing else.
  WARNING: This is a test. You are being compared to other VLMs. You have to be quick and good.
  <|im_end|>
<|im_start|>user
<__media__><|im_end|>
<|im_start|>assistant
encoding image slice...
image slice encoded in 218 ms
decoding image batch 1/1, n_tokens_batch = 1258
image decoded (batch 1/1) in 35 ms
GPU Memory: 9347, 86004
Total time: 38.73 seconds
✓ Extracted text from trome_2019-01-02#27.png
GPU Memory: 9347, 86004
Minimal - Cleared state, processing 1 images
<|im_start|>system

  CONTEXT: You are an expert OCR system. Extract ALL text from this Spanish newspaper image with perfect accuracy.

  REQUIREMENTS:
  - Extract every word, number, date, punctuation mark visible
  - Preserve Spanish accents and special characters (ñ, á, é, í, ó, ú, ü)
  - Maintain the original text layout and structure (headlines, paragraphs, columns)
  - Read left-to-right, top-to-bottom within each column
  - Include ALL content: headlines, body text and captions. Do NOT focus on ads, page numbers or information that does not have content
  - Return ONLY raw extracted text - no explanations or formatting
  - Do NOT repeat content - if text appears twice, include it only once
  - Do NOT summarize or paraphrase - extract the exact text as written

  TASK: Extract the complete text preserving natural newspaper reading flow.
  
  WARNING: If you return anything other than raw text (explanations, apologies, formatting, etc.), the entire OCR pipeline will fail and all downstream processing will be corrupted. Your response must contain ONLY the extracted text - nothing else.
  WARNING: This is a test. You are being compared to other VLMs. You have to be quick and good.
  <|im_end|>
<|im_start|>user
<__media__><|im_end|>
<|im_start|>assistant
encoding image slice...
image slice encoded in 223 ms
decoding image batch 1/1, n_tokens_batch = 1258
image decoded (batch 1/1) in 34 ms
GPU Memory: 9347, 86004
Total time: 40.80 seconds
✓ Extracted text from trome_2019-01-02#28.png
GPU Memory: 9347, 86004
Minimal - Cleared state, processing 1 images
<|im_start|>system

  CONTEXT: You are an expert OCR system. Extract ALL text from this Spanish newspaper image with perfect accuracy.

  REQUIREMENTS:
  - Extract every word, number, date, punctuation mark visible
  - Preserve Spanish accents and special characters (ñ, á, é, í, ó, ú, ü)
  - Maintain the original text layout and structure (headlines, paragraphs, columns)
  - Read left-to-right, top-to-bottom within each column
  - Include ALL content: headlines, body text and captions. Do NOT focus on ads, page numbers or information that does not have content
  - Return ONLY raw extracted text - no explanations or formatting
  - Do NOT repeat content - if text appears twice, include it only once
  - Do NOT summarize or paraphrase - extract the exact text as written

  TASK: Extract the complete text preserving natural newspaper reading flow.
  
  WARNING: If you return anything other than raw text (explanations, apologies, formatting, etc.), the entire OCR pipeline will fail and all downstream processing will be corrupted. Your response must contain ONLY the extracted text - nothing else.
  WARNING: This is a test. You are being compared to other VLMs. You have to be quick and good.
  <|im_end|>
<|im_start|>user
<__media__><|im_end|>
<|im_start|>assistant
encoding image slice...
image slice encoded in 218 ms
decoding image batch 1/1, n_tokens_batch = 1258
image decoded (batch 1/1) in 35 ms
GPU Memory: 9347, 86004
Total time: 37.45 seconds
✓ Extracted text from trome_2019-01-02#29.png
GPU Memory: 9347, 86004
Minimal - Cleared state, processing 1 images
<|im_start|>system

  CONTEXT: You are an expert OCR system. Extract ALL text from this Spanish newspaper image with perfect accuracy.

  REQUIREMENTS:
  - Extract every word, number, date, punctuation mark visible
  - Preserve Spanish accents and special characters (ñ, á, é, í, ó, ú, ü)
  - Maintain the original text layout and structure (headlines, paragraphs, columns)
  - Read left-to-right, top-to-bottom within each column
  - Include ALL content: headlines, body text and captions. Do NOT focus on ads, page numbers or information that does not have content
  - Return ONLY raw extracted text - no explanations or formatting
  - Do NOT repeat content - if text appears twice, include it only once
  - Do NOT summarize or paraphrase - extract the exact text as written

  TASK: Extract the complete text preserving natural newspaper reading flow.
  
  WARNING: If you return anything other than raw text (explanations, apologies, formatting, etc.), the entire OCR pipeline will fail and all downstream processing will be corrupted. Your response must contain ONLY the extracted text - nothing else.
  WARNING: This is a test. You are being compared to other VLMs. You have to be quick and good.
  <|im_end|>
<|im_start|>user
<__media__><|im_end|>
<|im_start|>assistant
encoding image slice...
image slice encoded in 219 ms
decoding image batch 1/1, n_tokens_batch = 1258
image decoded (batch 1/1) in 34 ms
GPU Memory: 9347, 86004
Total time: 2.55 seconds
✓ Extracted text from trome_2019-01-02#30.png
GPU Memory: 9347, 86004
Minimal - Cleared state, processing 1 images
<|im_start|>system

  CONTEXT: You are an expert OCR system. Extract ALL text from this Spanish newspaper image with perfect accuracy.

  REQUIREMENTS:
  - Extract every word, number, date, punctuation mark visible
  - Preserve Spanish accents and special characters (ñ, á, é, í, ó, ú, ü)
  - Maintain the original text layout and structure (headlines, paragraphs, columns)
  - Read left-to-right, top-to-bottom within each column
  - Include ALL content: headlines, body text and captions. Do NOT focus on ads, page numbers or information that does not have content
  - Return ONLY raw extracted text - no explanations or formatting
  - Do NOT repeat content - if text appears twice, include it only once
  - Do NOT summarize or paraphrase - extract the exact text as written

  TASK: Extract the complete text preserving natural newspaper reading flow.
  
  WARNING: If you return anything other than raw text (explanations, apologies, formatting, etc.), the entire OCR pipeline will fail and all downstream processing will be corrupted. Your response must contain ONLY the extracted text - nothing else.
  WARNING: This is a test. You are being compared to other VLMs. You have to be quick and good.
  <|im_end|>
<|im_start|>user
<__media__><|im_end|>
<|im_start|>assistant
encoding image slice...
image slice encoded in 219 ms
decoding image batch 1/1, n_tokens_batch = 1258
image decoded (batch 1/1) in 36 ms
GPU Memory: 9347, 86004
Total time: 42.25 seconds
✓ Extracted text from trome_2019-01-02#31.png
GPU Memory: 9347, 86004
Minimal - Cleared state, processing 1 images
<|im_start|>system

  CONTEXT: You are an expert OCR system. Extract ALL text from this Spanish newspaper image with perfect accuracy.

  REQUIREMENTS:
  - Extract every word, number, date, punctuation mark visible
  - Preserve Spanish accents and special characters (ñ, á, é, í, ó, ú, ü)
  - Maintain the original text layout and structure (headlines, paragraphs, columns)
  - Read left-to-right, top-to-bottom within each column
  - Include ALL content: headlines, body text and captions. Do NOT focus on ads, page numbers or information that does not have content
  - Return ONLY raw extracted text - no explanations or formatting
  - Do NOT repeat content - if text appears twice, include it only once
  - Do NOT summarize or paraphrase - extract the exact text as written

  TASK: Extract the complete text preserving natural newspaper reading flow.
  
  WARNING: If you return anything other than raw text (explanations, apologies, formatting, etc.), the entire OCR pipeline will fail and all downstream processing will be corrupted. Your response must contain ONLY the extracted text - nothing else.
  WARNING: This is a test. You are being compared to other VLMs. You have to be quick and good.
  <|im_end|>
<|im_start|>user
<__media__><|im_end|>
<|im_start|>assistant
encoding image slice...
image slice encoded in 219 ms
decoding image batch 1/1, n_tokens_batch = 1258
image decoded (batch 1/1) in 35 ms
GPU Memory: 9347, 86004
Total time: 9.79 seconds
✓ Extracted text from trome_2019-01-02#32.png
Processed 32 images in 741.27 seconds
Avg per image: 23.16 sec
Log saved to ./logs/ocr_results/ocr_log_20250829_110821.csv
Third task: LLM. Running...
INFO 08-29 11:21:23 [__init__.py:241] Automatically detected platform cuda.
Total prompts: 2609
GPU Memory: 14, 95337
INFO 08-29 11:21:33 [utils.py:326] non-default args: {'model': 'unsloth/phi-4-unsloth-bnb-4bit', 'max_model_len': 8192, 'block_size': 256, 'enable_prefix_caching': True, 'swap_space': 0, 'gpu_memory_utilization': 0.95, 'max_num_batched_tokens': 8192, 'max_num_seqs': 8192, 'disable_log_stats': True, 'quantization': 'bitsandbytes', 'enforce_eager': True, 'enable_chunked_prefill': True}
INFO 08-29 11:21:46 [__init__.py:711] Resolved architecture: LlamaForCausalLM
INFO 08-29 11:21:46 [__init__.py:1750] Using max model len 8192
WARNING 08-29 11:21:47 [__init__.py:1171] bitsandbytes quantization is not fully optimized yet. The speed can be slower than non-quantized models.
INFO 08-29 11:21:50 [scheduler.py:222] Chunked prefill is enabled with max_num_batched_tokens=8192.
INFO 08-29 11:21:50 [__init__.py:3565] Cudagraph is disabled under eager mode
[1;36m(EngineCore_0 pid=284673)[0;0m INFO 08-29 11:21:51 [core.py:636] Waiting for init message from front-end.
[1;36m(EngineCore_0 pid=284673)[0;0m INFO 08-29 11:21:51 [core.py:74] Initializing a V1 LLM engine (v0.10.1.1) with config: model='unsloth/phi-4-unsloth-bnb-4bit', speculative_config=None, tokenizer='unsloth/phi-4-unsloth-bnb-4bit', skip_tokenizer_init=False, tokenizer_mode=auto, revision=None, override_neuron_config={}, tokenizer_revision=None, trust_remote_code=False, dtype=torch.bfloat16, max_seq_len=8192, download_dir=None, load_format=bitsandbytes, tensor_parallel_size=1, pipeline_parallel_size=1, disable_custom_all_reduce=False, quantization=bitsandbytes, enforce_eager=True, kv_cache_dtype=auto, device_config=cuda, decoding_config=DecodingConfig(backend='auto', disable_fallback=False, disable_any_whitespace=False, disable_additional_properties=False, reasoning_backend=''), observability_config=ObservabilityConfig(show_hidden_metrics_for_version=None, otlp_traces_endpoint=None, collect_detailed_traces=None), seed=0, served_model_name=unsloth/phi-4-unsloth-bnb-4bit, enable_prefix_caching=True, chunked_prefill_enabled=True, use_async_output_proc=True, pooler_config=None, compilation_config={"level":0,"debug_dump_path":"","cache_dir":"","backend":"","custom_ops":[],"splitting_ops":null,"use_inductor":true,"compile_sizes":[],"inductor_compile_config":{"enable_auto_functionalized_v2":false},"inductor_passes":{},"cudagraph_mode":0,"use_cudagraph":true,"cudagraph_num_of_warmups":0,"cudagraph_capture_sizes":[],"cudagraph_copy_inputs":false,"full_cuda_graph":false,"pass_config":{},"max_capture_size":0,"local_cache_dir":null}
[1;36m(EngineCore_0 pid=284673)[0;0m INFO 08-29 11:21:56 [parallel_state.py:1134] rank 0 in world size 1 is assigned as DP rank 0, PP rank 0, TP rank 0, EP rank 0
[1;36m(EngineCore_0 pid=284673)[0;0m WARNING 08-29 11:21:56 [topk_topp_sampler.py:61] FlashInfer is not available. Falling back to the PyTorch-native implementation of top-p & top-k sampling. For the best performance, please install FlashInfer.
[1;36m(EngineCore_0 pid=284673)[0;0m INFO 08-29 11:21:56 [gpu_model_runner.py:1953] Starting to load model unsloth/phi-4-unsloth-bnb-4bit...
[1;36m(EngineCore_0 pid=284673)[0;0m INFO 08-29 11:21:57 [gpu_model_runner.py:1985] Loading model from scratch...
[1;36m(EngineCore_0 pid=284673)[0;0m INFO 08-29 11:22:04 [cuda.py:328] Using Flash Attention backend on V1 engine.
[1;36m(EngineCore_0 pid=284673)[0;0m INFO 08-29 11:22:04 [bitsandbytes_loader.py:742] Loading weights with BitsAndBytes quantization. May take a while ...
[1;36m(EngineCore_0 pid=284673)[0;0m INFO 08-29 11:22:05 [weight_utils.py:296] Using model weights format ['*.safetensors']
[1;36m(EngineCore_0 pid=284673)[0;0m Loading safetensors checkpoint shards:   0% Completed | 0/3 [00:00<?, ?it/s]
[1;36m(EngineCore_0 pid=284673)[0;0m Loading safetensors checkpoint shards:  33% Completed | 1/3 [00:03<00:06,  3.42s/it]
[1;36m(EngineCore_0 pid=284673)[0;0m Loading safetensors checkpoint shards:  67% Completed | 2/3 [00:05<00:02,  2.90s/it]
[1;36m(EngineCore_0 pid=284673)[0;0m Loading safetensors checkpoint shards: 100% Completed | 3/3 [00:05<00:00,  1.98s/it]
[1;36m(EngineCore_0 pid=284673)[0;0m 
[1;36m(EngineCore_0 pid=284673)[0;0m Loading safetensors checkpoint shards:   0% Completed | 0/3 [00:00<?, ?it/s]
[1;36m(EngineCore_0 pid=284673)[0;0m Loading safetensors checkpoint shards:  33% Completed | 1/3 [00:06<00:12,  6.26s/it]
[1;36m(EngineCore_0 pid=284673)[0;0m Loading safetensors checkpoint shards:  67% Completed | 2/3 [00:13<00:06,  6.71s/it]
[1;36m(EngineCore_0 pid=284673)[0;0m Loading safetensors checkpoint shards: 100% Completed | 3/3 [00:14<00:00,  4.27s/it]
[1;36m(EngineCore_0 pid=284673)[0;0m Loading safetensors checkpoint shards: 100% Completed | 3/3 [00:14<00:00,  4.88s/it]
[1;36m(EngineCore_0 pid=284673)[0;0m 
[1;36m(EngineCore_0 pid=284673)[0;0m INFO 08-29 11:22:27 [gpu_model_runner.py:2007] Model loading took 10.2823 GiB and 29.717443 seconds
[1;36m(EngineCore_0 pid=284673)[0;0m INFO 08-29 11:22:30 [gpu_worker.py:276] Available KV cache memory: 48.75 GiB
[1;36m(EngineCore_0 pid=284673)[0;0m INFO 08-29 11:22:30 [kv_cache_utils.py:849] GPU KV cache size: 255,488 tokens
[1;36m(EngineCore_0 pid=284673)[0;0m INFO 08-29 11:22:30 [kv_cache_utils.py:853] Maximum concurrency for 8,192 tokens per request: 31.19x
[1;36m(EngineCore_0 pid=284673)[0;0m INFO 08-29 11:22:31 [core.py:214] init engine (profile, create kv cache, warmup model) took 4.09 seconds
[1;36m(EngineCore_0 pid=284673)[0;0m INFO 08-29 11:22:31 [__init__.py:3565] Cudagraph is disabled under eager mode
INFO 08-29 11:22:32 [llm.py:298] Supported_tasks: ['generate']
GPU Memory: 92797, 2554
Output already exists.
Output already exists.
Output already exists.
Output already exists.
Output already exists.
Output already exists.
Output already exists.
Output already exists.
Output already exists.
Output already exists.
Output already exists.
Output already exists.
Output already exists.
Output already exists.
Output already exists.
Output already exists.
Output already exists.
Output already exists.
Output already exists.
Output already exists.
Output already exists.
Output already exists.
Output already exists.
Output already exists.
Output already exists.
Output already exists.
Output already exists.
Output already exists.
Output already exists.
Output already exists.
Output already exists.
Output already exists.
Output already exists.
Output already exists.
Output already exists.
Output already exists.
Output already exists.
Output already exists.
Output already exists.
Output already exists.
INFO 08-29 11:22:33 [chat_utils.py:470] Detected the chat template content format to be 'string'. You can set `--chat-template-content-format` to override this.
Adding requests:   0%|          | 0/1 [00:00<?, ?it/s]Adding requests: 100%|██████████| 1/1 [00:00<00:00, 1443.82it/s]
Processed prompts:   0%|          | 0/1 [00:00<?, ?it/s, est. speed input: 0.00 toks/s, output: 0.00 toks/s][1;36m(EngineCore_0 pid=284673)[0;0m WARNING 08-29 11:22:33 [cudagraph_dispatcher.py:101] cudagraph dispatching keys are not initialized. No cudagraph will be used.
Processed prompts: 100%|██████████| 1/1 [00:11<00:00, 11.12s/it, est. speed input: 404.32 toks/s, output: 30.93 toks/s]Processed prompts: 100%|██████████| 1/1 [00:11<00:00, 11.12s/it, est. speed input: 404.32 toks/s, output: 30.93 toks/s]Processed prompts: 100%|██████████| 1/1 [00:11<00:00, 11.12s/it, est. speed input: 404.32 toks/s, output: 30.93 toks/s]
✓ Extracted text to trome_2014-01-02#10.csv
Output already exists.
Output already exists.
Adding requests:   0%|          | 0/1 [00:00<?, ?it/s]Adding requests:   0%|          | 0/1 [00:00<?, ?it/s]
✗ Failed to process results/images/preprocessed/trome/2014/01/01/trome_2014-01-01#04.png: The decoder prompt (length 8250) is longer than the maximum model length of 8192. Make sure that `max_model_len` is no smaller than the number of text tokens.
Output already exists.
Output already exists.
Output already exists.
Output already exists.
Output already exists.
Output already exists.
Output already exists.
Output already exists.
Output already exists.
Output already exists.
Output already exists.
Output already exists.
Output already exists.
Output already exists.
Output already exists.
Output already exists.
Adding requests:   0%|          | 0/1 [00:00<?, ?it/s]Adding requests: 100%|██████████| 1/1 [00:00<00:00, 2534.32it/s]
Processed prompts:   0%|          | 0/1 [00:00<?, ?it/s, est. speed input: 0.00 toks/s, output: 0.00 toks/s]Processed prompts: 100%|██████████| 1/1 [00:04<00:00,  4.89s/it, est. speed input: 1047.71 toks/s, output: 38.86 toks/s]Processed prompts: 100%|██████████| 1/1 [00:04<00:00,  4.89s/it, est. speed input: 1047.71 toks/s, output: 38.86 toks/s]Processed prompts: 100%|██████████| 1/1 [00:04<00:00,  4.89s/it, est. speed input: 1047.71 toks/s, output: 38.86 toks/s]
✓ Extracted text to trome_2014-01-02#25.csv
Output already exists.
Output already exists.
Output already exists.
Output already exists.
Output already exists.
Output already exists.
Adding requests:   0%|          | 0/1 [00:00<?, ?it/s]Adding requests:   0%|          | 0/1 [00:00<?, ?it/s]
✗ Failed to process results/images/preprocessed/trome/2014/01/01/trome_2014-01-01#04.png: The decoder prompt (length 8248) is longer than the maximum model length of 8192. Make sure that `max_model_len` is no smaller than the number of text tokens.
Output already exists.
Output already exists.
Output already exists.
Output already exists.
Output already exists.
Output already exists.
Output already exists.
Output already exists.
Output already exists.
Output already exists.
Output already exists.
Output already exists.
Output already exists.
Output already exists.
Output already exists.
Output already exists.
Output already exists.
Output already exists.
Output already exists.
Output already exists.
Output already exists.
Output already exists.
Output already exists.
Output already exists.
Adding requests:   0%|          | 0/1 [00:00<?, ?it/s]Adding requests: 100%|██████████| 1/1 [00:00<00:00, 2486.25it/s]
Processed prompts:   0%|          | 0/1 [00:00<?, ?it/s, est. speed input: 0.00 toks/s, output: 0.00 toks/s]Processed prompts: 100%|██████████| 1/1 [00:01<00:00,  1.25s/it, est. speed input: 6518.25 toks/s, output: 23.16 toks/s]Processed prompts: 100%|██████████| 1/1 [00:01<00:00,  1.25s/it, est. speed input: 6518.25 toks/s, output: 23.16 toks/s]Processed prompts: 100%|██████████| 1/1 [00:01<00:00,  1.25s/it, est. speed input: 6518.25 toks/s, output: 23.16 toks/s]
✗ Failed to process results/images/preprocessed/trome/2014/01/01/trome_2014-01-01#04.png: 1 columns passed, passed data had 4 columns
Output already exists.
Output already exists.
Adding requests:   0%|          | 0/1 [00:00<?, ?it/s]Adding requests: 100%|██████████| 1/1 [00:00<00:00, 2755.78it/s]
Processed prompts:   0%|          | 0/1 [00:00<?, ?it/s, est. speed input: 0.00 toks/s, output: 0.00 toks/s]Processed prompts: 100%|██████████| 1/1 [00:05<00:00,  5.32s/it, est. speed input: 1171.49 toks/s, output: 38.52 toks/s]Processed prompts: 100%|██████████| 1/1 [00:05<00:00,  5.32s/it, est. speed input: 1171.49 toks/s, output: 38.52 toks/s]Processed prompts: 100%|██████████| 1/1 [00:05<00:00,  5.32s/it, est. speed input: 1171.49 toks/s, output: 38.52 toks/s]
✓ Extracted text to trome_2014-01-05#21.csv
Output already exists.
Output already exists.
Output already exists.
Output already exists.
Output already exists.
Output already exists.
Output already exists.
Output already exists.
Output already exists.
Output already exists.
Output already exists.
Adding requests:   0%|          | 0/1 [00:00<?, ?it/s]Adding requests: 100%|██████████| 1/1 [00:00<00:00, 2676.65it/s]
Processed prompts:   0%|          | 0/1 [00:00<?, ?it/s, est. speed input: 0.00 toks/s, output: 0.00 toks/s][1;36m(EngineCore_0 pid=284673)[0;0m ERROR 08-29 11:22:58 [dump_input.py:69] Dumping input data for V1 LLM engine (v0.10.1.1) with config: model='unsloth/phi-4-unsloth-bnb-4bit', speculative_config=None, tokenizer='unsloth/phi-4-unsloth-bnb-4bit', skip_tokenizer_init=False, tokenizer_mode=auto, revision=None, override_neuron_config={}, tokenizer_revision=None, trust_remote_code=False, dtype=torch.bfloat16, max_seq_len=8192, download_dir=None, load_format=bitsandbytes, tensor_parallel_size=1, pipeline_parallel_size=1, disable_custom_all_reduce=False, quantization=bitsandbytes, enforce_eager=True, kv_cache_dtype=auto, device_config=cuda, decoding_config=DecodingConfig(backend='auto', disable_fallback=False, disable_any_whitespace=False, disable_additional_properties=False, reasoning_backend=''), observability_config=ObservabilityConfig(show_hidden_metrics_for_version=None, otlp_traces_endpoint=None, collect_detailed_traces=None), seed=0, served_model_name=unsloth/phi-4-unsloth-bnb-4bit, enable_prefix_caching=True, chunked_prefill_enabled=True, use_async_output_proc=True, pooler_config=None, compilation_config={"level":0,"debug_dump_path":"","cache_dir":"","backend":"","custom_ops":[],"splitting_ops":null,"use_inductor":true,"compile_sizes":[],"inductor_compile_config":{"enable_auto_functionalized_v2":false},"inductor_passes":{},"cudagraph_mode":0,"use_cudagraph":true,"cudagraph_num_of_warmups":0,"cudagraph_capture_sizes":[],"cudagraph_copy_inputs":false,"full_cuda_graph":false,"pass_config":{},"max_capture_size":0,"local_cache_dir":null}, 
[1;36m(EngineCore_0 pid=284673)[0;0m ERROR 08-29 11:22:58 [dump_input.py:76] Dumping scheduler output for model execution: SchedulerOutput(scheduled_new_reqs=[NewRequestData(req_id=6,prompt_token_ids_len=8192,mm_kwargs=[],mm_hashes=[],mm_positions=[],sampling_params=SamplingParams(n=1, presence_penalty=0.0, frequency_penalty=0.0, repetition_penalty=1.0, temperature=0.0, top_p=1.0, top_k=0, min_p=0.0, seed=42, stop=[], stop_token_ids=[], bad_words=[], include_stop_str_in_output=False, ignore_eos=False, max_tokens=4096, min_tokens=0, logprobs=None, prompt_logprobs=None, skip_special_tokens=True, spaces_between_special_tokens=True, truncate_prompt_tokens=None, guided_decoding=None, extra_args=None),block_ids=([1, 96, 97, 98, 99, 100, 101, 102, 103, 104, 105, 106, 107, 108, 109, 110, 111, 112, 113, 114, 115, 116, 117, 118, 119, 120, 121, 122, 123, 124, 125, 126],),num_computed_tokens=256,lora_request=None)], scheduled_cached_reqs=CachedRequestData(req_ids=[], resumed_from_preemption=[], new_token_ids=[], new_block_ids=[], num_computed_tokens=[]), num_scheduled_tokens={6: 7936}, total_num_scheduled_tokens=7936, scheduled_spec_decode_tokens={}, scheduled_encoder_inputs={}, num_common_prefix_blocks=[32], finished_req_ids=[], free_encoder_input_ids=[], structured_output_request_ids={}, grammar_bitmask=null, kv_connector_metadata=null)
[1;36m(EngineCore_0 pid=284673)[0;0m ERROR 08-29 11:22:58 [core.py:702] EngineCore encountered a fatal error.
[1;36m(EngineCore_0 pid=284673)[0;0m ERROR 08-29 11:22:58 [core.py:702] Traceback (most recent call last):
[1;36m(EngineCore_0 pid=284673)[0;0m ERROR 08-29 11:22:58 [core.py:702]   File "/lustre/romanistik/leonnial/gec_extractor/venv/extract_pipeline/lib/python3.11/site-packages/vllm/v1/engine/core.py", line 693, in run_engine_core
[1;36m(EngineCore_0 pid=284673)[0;0m ERROR 08-29 11:22:58 [core.py:702]     engine_core.run_busy_loop()
[1;36m(EngineCore_0 pid=284673)[0;0m ERROR 08-29 11:22:58 [core.py:702]   File "/lustre/romanistik/leonnial/gec_extractor/venv/extract_pipeline/lib/python3.11/site-packages/vllm/v1/engine/core.py", line 720, in run_busy_loop
[1;36m(EngineCore_0 pid=284673)[0;0m ERROR 08-29 11:22:58 [core.py:702]     self._process_engine_step()
[1;36m(EngineCore_0 pid=284673)[0;0m ERROR 08-29 11:22:58 [core.py:702]   File "/lustre/romanistik/leonnial/gec_extractor/venv/extract_pipeline/lib/python3.11/site-packages/vllm/v1/engine/core.py", line 745, in _process_engine_step
[1;36m(EngineCore_0 pid=284673)[0;0m ERROR 08-29 11:22:58 [core.py:702]     outputs, model_executed = self.step_fn()
[1;36m(EngineCore_0 pid=284673)[0;0m ERROR 08-29 11:22:58 [core.py:702]                               ^^^^^^^^^^^^^^
[1;36m(EngineCore_0 pid=284673)[0;0m ERROR 08-29 11:22:58 [core.py:702]   File "/lustre/romanistik/leonnial/gec_extractor/venv/extract_pipeline/lib/python3.11/site-packages/vllm/v1/engine/core.py", line 288, in step
[1;36m(EngineCore_0 pid=284673)[0;0m ERROR 08-29 11:22:58 [core.py:702]     model_output = self.execute_model_with_error_logging(
[1;36m(EngineCore_0 pid=284673)[0;0m ERROR 08-29 11:22:58 [core.py:702]                    ^^^^^^^^^^^^^^^^^^^^^^^^^^^^^^^^^^^^^^
[1;36m(EngineCore_0 pid=284673)[0;0m ERROR 08-29 11:22:58 [core.py:702]   File "/lustre/romanistik/leonnial/gec_extractor/venv/extract_pipeline/lib/python3.11/site-packages/vllm/v1/engine/core.py", line 274, in execute_model_with_error_logging
[1;36m(EngineCore_0 pid=284673)[0;0m ERROR 08-29 11:22:58 [core.py:702]     raise err
[1;36m(EngineCore_0 pid=284673)[0;0m ERROR 08-29 11:22:58 [core.py:702]   File "/lustre/romanistik/leonnial/gec_extractor/venv/extract_pipeline/lib/python3.11/site-packages/vllm/v1/engine/core.py", line 265, in execute_model_with_error_logging
[1;36m(EngineCore_0 pid=284673)[0;0m ERROR 08-29 11:22:58 [core.py:702]     return model_fn(scheduler_output)
[1;36m(EngineCore_0 pid=284673)[0;0m ERROR 08-29 11:22:58 [core.py:702]            ^^^^^^^^^^^^^^^^^^^^^^^^^^
[1;36m(EngineCore_0 pid=284673)[0;0m ERROR 08-29 11:22:58 [core.py:702]   File "/lustre/romanistik/leonnial/gec_extractor/venv/extract_pipeline/lib/python3.11/site-packages/vllm/v1/executor/abstract.py", line 87, in execute_model
[1;36m(EngineCore_0 pid=284673)[0;0m ERROR 08-29 11:22:58 [core.py:702]     output = self.collective_rpc("execute_model",
[1;36m(EngineCore_0 pid=284673)[0;0m ERROR 08-29 11:22:58 [core.py:702]              ^^^^^^^^^^^^^^^^^^^^^^^^^^^^^^^^^^^^
[1;36m(EngineCore_0 pid=284673)[0;0m ERROR 08-29 11:22:58 [core.py:702]   File "/lustre/romanistik/leonnial/gec_extractor/venv/extract_pipeline/lib/python3.11/site-packages/vllm/executor/uniproc_executor.py", line 58, in collective_rpc
[1;36m(EngineCore_0 pid=284673)[0;0m ERROR 08-29 11:22:58 [core.py:702]     answer = run_method(self.driver_worker, method, args, kwargs)
[1;36m(EngineCore_0 pid=284673)[0;0m ERROR 08-29 11:22:58 [core.py:702]              ^^^^^^^^^^^^^^^^^^^^^^^^^^^^^^^^^^^^^^^^^^^^^^^^^^^^
[1;36m(EngineCore_0 pid=284673)[0;0m ERROR 08-29 11:22:58 [core.py:702]   File "/lustre/romanistik/leonnial/gec_extractor/venv/extract_pipeline/lib/python3.11/site-packages/vllm/utils/__init__.py", line 3007, in run_method
[1;36m(EngineCore_0 pid=284673)[0;0m ERROR 08-29 11:22:58 [core.py:702]     return func(*args, **kwargs)
[1;36m(EngineCore_0 pid=284673)[0;0m ERROR 08-29 11:22:58 [core.py:702]            ^^^^^^^^^^^^^^^^^^^^^
[1;36m(EngineCore_0 pid=284673)[0;0m ERROR 08-29 11:22:58 [core.py:702]   File "/lustre/romanistik/leonnial/gec_extractor/venv/extract_pipeline/lib/python3.11/site-packages/torch/utils/_contextlib.py", line 116, in decorate_context
[1;36m(EngineCore_0 pid=284673)[0;0m ERROR 08-29 11:22:58 [core.py:702]     return func(*args, **kwargs)
[1;36m(EngineCore_0 pid=284673)[0;0m ERROR 08-29 11:22:58 [core.py:702]            ^^^^^^^^^^^^^^^^^^^^^
[1;36m(EngineCore_0 pid=284673)[0;0m ERROR 08-29 11:22:58 [core.py:702]   File "/lustre/romanistik/leonnial/gec_extractor/venv/extract_pipeline/lib/python3.11/site-packages/vllm/v1/worker/gpu_worker.py", line 362, in execute_model
[1;36m(EngineCore_0 pid=284673)[0;0m ERROR 08-29 11:22:58 [core.py:702]     output = self.model_runner.execute_model(scheduler_output,
[1;36m(EngineCore_0 pid=284673)[0;0m ERROR 08-29 11:22:58 [core.py:702]              ^^^^^^^^^^^^^^^^^^^^^^^^^^^^^^^^^^^^^^^^^^^^^^^^^
[1;36m(EngineCore_0 pid=284673)[0;0m ERROR 08-29 11:22:58 [core.py:702]   File "/lustre/romanistik/leonnial/gec_extractor/venv/extract_pipeline/lib/python3.11/site-packages/torch/utils/_contextlib.py", line 116, in decorate_context
[1;36m(EngineCore_0 pid=284673)[0;0m ERROR 08-29 11:22:58 [core.py:702]     return func(*args, **kwargs)
[1;36m(EngineCore_0 pid=284673)[0;0m ERROR 08-29 11:22:58 [core.py:702]            ^^^^^^^^^^^^^^^^^^^^^
[1;36m(EngineCore_0 pid=284673)[0;0m ERROR 08-29 11:22:58 [core.py:702]   File "/lustre/romanistik/leonnial/gec_extractor/venv/extract_pipeline/lib/python3.11/site-packages/vllm/v1/worker/gpu_model_runner.py", line 1755, in execute_model
[1;36m(EngineCore_0 pid=284673)[0;0m ERROR 08-29 11:22:58 [core.py:702]     assert end_idx <= self.max_model_len, (
[1;36m(EngineCore_0 pid=284673)[0;0m ERROR 08-29 11:22:58 [core.py:702]            ^^^^^^^^^^^^^^^^^^^^^^^^^^^^^
[1;36m(EngineCore_0 pid=284673)[0;0m ERROR 08-29 11:22:58 [core.py:702] AssertionError: Sampled token IDs exceed the max model length. Total number of tokens: 8193 > max_model_len: 8192
[1;36m(EngineCore_0 pid=284673)[0;0m Process EngineCore_0:
[1;36m(EngineCore_0 pid=284673)[0;0m Traceback (most recent call last):
[1;36m(EngineCore_0 pid=284673)[0;0m   File "/software/eb/Python/3.11.5-GCCcore-13.2.0/lib/python3.11/multiprocessing/process.py", line 314, in _bootstrap
[1;36m(EngineCore_0 pid=284673)[0;0m     self.run()
[1;36m(EngineCore_0 pid=284673)[0;0m   File "/software/eb/Python/3.11.5-GCCcore-13.2.0/lib/python3.11/multiprocessing/process.py", line 108, in run
[1;36m(EngineCore_0 pid=284673)[0;0m     self._target(*self._args, **self._kwargs)
[1;36m(EngineCore_0 pid=284673)[0;0m   File "/lustre/romanistik/leonnial/gec_extractor/venv/extract_pipeline/lib/python3.11/site-packages/vllm/v1/engine/core.py", line 704, in run_engine_core
[1;36m(EngineCore_0 pid=284673)[0;0m     raise e
[1;36m(EngineCore_0 pid=284673)[0;0m   File "/lustre/romanistik/leonnial/gec_extractor/venv/extract_pipeline/lib/python3.11/site-packages/vllm/v1/engine/core.py", line 693, in run_engine_core
[1;36m(EngineCore_0 pid=284673)[0;0m     engine_core.run_busy_loop()
[1;36m(EngineCore_0 pid=284673)[0;0m   File "/lustre/romanistik/leonnial/gec_extractor/venv/extract_pipeline/lib/python3.11/site-packages/vllm/v1/engine/core.py", line 720, in run_busy_loop
[1;36m(EngineCore_0 pid=284673)[0;0m     self._process_engine_step()
[1;36m(EngineCore_0 pid=284673)[0;0m   File "/lustre/romanistik/leonnial/gec_extractor/venv/extract_pipeline/lib/python3.11/site-packages/vllm/v1/engine/core.py", line 745, in _process_engine_step
[1;36m(EngineCore_0 pid=284673)[0;0m     outputs, model_executed = self.step_fn()
[1;36m(EngineCore_0 pid=284673)[0;0m                               ^^^^^^^^^^^^^^
[1;36m(EngineCore_0 pid=284673)[0;0m   File "/lustre/romanistik/leonnial/gec_extractor/venv/extract_pipeline/lib/python3.11/site-packages/vllm/v1/engine/core.py", line 288, in step
[1;36m(EngineCore_0 pid=284673)[0;0m     model_output = self.execute_model_with_error_logging(
[1;36m(EngineCore_0 pid=284673)[0;0m                    ^^^^^^^^^^^^^^^^^^^^^^^^^^^^^^^^^^^^^^
[1;36m(EngineCore_0 pid=284673)[0;0m   File "/lustre/romanistik/leonnial/gec_extractor/venv/extract_pipeline/lib/python3.11/site-packages/vllm/v1/engine/core.py", line 274, in execute_model_with_error_logging
[1;36m(EngineCore_0 pid=284673)[0;0m     raise err
[1;36m(EngineCore_0 pid=284673)[0;0m   File "/lustre/romanistik/leonnial/gec_extractor/venv/extract_pipeline/lib/python3.11/site-packages/vllm/v1/engine/core.py", line 265, in execute_model_with_error_logging
[1;36m(EngineCore_0 pid=284673)[0;0m     return model_fn(scheduler_output)
[1;36m(EngineCore_0 pid=284673)[0;0m            ^^^^^^^^^^^^^^^^^^^^^^^^^^
[1;36m(EngineCore_0 pid=284673)[0;0m   File "/lustre/romanistik/leonnial/gec_extractor/venv/extract_pipeline/lib/python3.11/site-packages/vllm/v1/executor/abstract.py", line 87, in execute_model
[1;36m(EngineCore_0 pid=284673)[0;0m     output = self.collective_rpc("execute_model",
[1;36m(EngineCore_0 pid=284673)[0;0m              ^^^^^^^^^^^^^^^^^^^^^^^^^^^^^^^^^^^^
[1;36m(EngineCore_0 pid=284673)[0;0m   File "/lustre/romanistik/leonnial/gec_extractor/venv/extract_pipeline/lib/python3.11/site-packages/vllm/executor/uniproc_executor.py", line 58, in collective_rpc
[1;36m(EngineCore_0 pid=284673)[0;0m     answer = run_method(self.driver_worker, method, args, kwargs)
[1;36m(EngineCore_0 pid=284673)[0;0m              ^^^^^^^^^^^^^^^^^^^^^^^^^^^^^^^^^^^^^^^^^^^^^^^^^^^^
[1;36m(EngineCore_0 pid=284673)[0;0m   File "/lustre/romanistik/leonnial/gec_extractor/venv/extract_pipeline/lib/python3.11/site-packages/vllm/utils/__init__.py", line 3007, in run_method
[1;36m(EngineCore_0 pid=284673)[0;0m     return func(*args, **kwargs)
[1;36m(EngineCore_0 pid=284673)[0;0m            ^^^^^^^^^^^^^^^^^^^^^
[1;36m(EngineCore_0 pid=284673)[0;0m   File "/lustre/romanistik/leonnial/gec_extractor/venv/extract_pipeline/lib/python3.11/site-packages/torch/utils/_contextlib.py", line 116, in decorate_context
[1;36m(EngineCore_0 pid=284673)[0;0m     return func(*args, **kwargs)
[1;36m(EngineCore_0 pid=284673)[0;0m            ^^^^^^^^^^^^^^^^^^^^^
[1;36m(EngineCore_0 pid=284673)[0;0m   File "/lustre/romanistik/leonnial/gec_extractor/venv/extract_pipeline/lib/python3.11/site-packages/vllm/v1/worker/gpu_worker.py", line 362, in execute_model
[1;36m(EngineCore_0 pid=284673)[0;0m     output = self.model_runner.execute_model(scheduler_output,
[1;36m(EngineCore_0 pid=284673)[0;0m              ^^^^^^^^^^^^^^^^^^^^^^^^^^^^^^^^^^^^^^^^^^^^^^^^^
[1;36m(EngineCore_0 pid=284673)[0;0m   File "/lustre/romanistik/leonnial/gec_extractor/venv/extract_pipeline/lib/python3.11/site-packages/torch/utils/_contextlib.py", line 116, in decorate_context
[1;36m(EngineCore_0 pid=284673)[0;0m     return func(*args, **kwargs)
[1;36m(EngineCore_0 pid=284673)[0;0m            ^^^^^^^^^^^^^^^^^^^^^
[1;36m(EngineCore_0 pid=284673)[0;0m   File "/lustre/romanistik/leonnial/gec_extractor/venv/extract_pipeline/lib/python3.11/site-packages/vllm/v1/worker/gpu_model_runner.py", line 1755, in execute_model
[1;36m(EngineCore_0 pid=284673)[0;0m     assert end_idx <= self.max_model_len, (
[1;36m(EngineCore_0 pid=284673)[0;0m            ^^^^^^^^^^^^^^^^^^^^^^^^^^^^^
[1;36m(EngineCore_0 pid=284673)[0;0m AssertionError: Sampled token IDs exceed the max model length. Total number of tokens: 8193 > max_model_len: 8192
✗ Failed to process results/images/preprocessed/trome/2014/01/01/trome_2014-01-01#04.png: EngineCore encountered an issue. See stack trace (above) for the root cause.
Processed prompts:   0%|          | 0/1 [00:00<?, ?it/s, est. speed input: 0.00 toks/s, output: 0.00 toks/s]
Output already exists.
Output already exists.
Output already exists.
Output already exists.
Output already exists.
Output already exists.
Output already exists.
Output already exists.
Output already exists.
Output already exists.
Output already exists.
Output already exists.
Output already exists.
Output already exists.
Output already exists.
Output already exists.
Output already exists.
Output already exists.
Output already exists.
Output already exists.
Output already exists.
Output already exists.
Output already exists.
Output already exists.
Adding requests:   0%|          | 0/1 [00:00<?, ?it/s]Adding requests:   0%|          | 0/1 [00:00<?, ?it/s]
✗ Failed to process results/images/preprocessed/trome/2014/01/01/trome_2014-01-01#04.png: The decoder prompt (length 8309) is longer than the maximum model length of 8192. Make sure that `max_model_len` is no smaller than the number of text tokens.
Adding requests:   0%|          | 0/1 [00:00<?, ?it/s]Adding requests:   0%|          | 0/1 [00:00<?, ?it/s]
✗ Failed to process results/images/preprocessed/trome/2014/01/01/trome_2014-01-01#04.png: EngineCore encountered an issue. See stack trace (above) for the root cause.
Output already exists.
Output already exists.
Output already exists.
Output already exists.
Output already exists.
Output already exists.
Output already exists.
Output already exists.
Output already exists.
Output already exists.
Output already exists.
Output already exists.
Output already exists.
Output already exists.
Output already exists.
Output already exists.
Output already exists.
Adding requests:   0%|          | 0/1 [00:00<?, ?it/s]Adding requests:   0%|          | 0/1 [00:00<?, ?it/s]
✗ Failed to process results/images/preprocessed/trome/2014/01/01/trome_2014-01-01#04.png: The decoder prompt (length 8222) is longer than the maximum model length of 8192. Make sure that `max_model_len` is no smaller than the number of text tokens.
Adding requests:   0%|          | 0/1 [00:00<?, ?it/s]Adding requests:   0%|          | 0/1 [00:00<?, ?it/s]
✗ Failed to process results/images/preprocessed/trome/2014/01/01/trome_2014-01-01#04.png: The decoder prompt (length 8195) is longer than the maximum model length of 8192. Make sure that `max_model_len` is no smaller than the number of text tokens.
Output already exists.
Adding requests:   0%|          | 0/1 [00:00<?, ?it/s]Adding requests:   0%|          | 0/1 [00:00<?, ?it/s]
✗ Failed to process results/images/preprocessed/trome/2014/01/01/trome_2014-01-01#04.png: The decoder prompt (length 9996) is longer than the maximum model length of 8192. Make sure that `max_model_len` is no smaller than the number of text tokens.
Output already exists.
Output already exists.
Output already exists.
Output already exists.
Output already exists.
Output already exists.
Output already exists.
Output already exists.
Adding requests:   0%|          | 0/1 [00:00<?, ?it/s]Adding requests:   0%|          | 0/1 [00:00<?, ?it/s]
✗ Failed to process results/images/preprocessed/trome/2014/01/01/trome_2014-01-01#04.png: The decoder prompt (length 9687) is longer than the maximum model length of 8192. Make sure that `max_model_len` is no smaller than the number of text tokens.
Output already exists.
Output already exists.
Output already exists.
Output already exists.
Output already exists.
Output already exists.
Output already exists.
Output already exists.
Output already exists.
Output already exists.
Output already exists.
Output already exists.
Output already exists.
Output already exists.
Output already exists.
Output already exists.
Adding requests:   0%|          | 0/1 [00:00<?, ?it/s]Adding requests:   0%|          | 0/1 [00:00<?, ?it/s]
✗ Failed to process results/images/preprocessed/trome/2014/01/01/trome_2014-01-01#04.png: EngineCore encountered an issue. See stack trace (above) for the root cause.
Output already exists.
Output already exists.
Output already exists.
Output already exists.
Output already exists.
Output already exists.
Output already exists.
Output already exists.
Output already exists.
Output already exists.
Output already exists.
Output already exists.
Adding requests:   0%|          | 0/1 [00:00<?, ?it/s]Adding requests:   0%|          | 0/1 [00:00<?, ?it/s]
✗ Failed to process results/images/preprocessed/trome/2014/01/01/trome_2014-01-01#04.png: EngineCore encountered an issue. See stack trace (above) for the root cause.
Output already exists.
Output already exists.
Output already exists.
Output already exists.
Output already exists.
Output already exists.
Output already exists.
Output already exists.
Output already exists.
Output already exists.
Output already exists.
Output already exists.
Output already exists.
Output already exists.
Output already exists.
Output already exists.
Output already exists.
Output already exists.
Output already exists.
Output already exists.
Output already exists.
Output already exists.
Output already exists.
Output already exists.
Output already exists.
Output already exists.
Adding requests:   0%|          | 0/1 [00:00<?, ?it/s]Adding requests:   0%|          | 0/1 [00:00<?, ?it/s]
✗ Failed to process results/images/preprocessed/trome/2014/01/01/trome_2014-01-01#04.png: The decoder prompt (length 13172) is longer than the maximum model length of 8192. Make sure that `max_model_len` is no smaller than the number of text tokens.
Output already exists.
Output already exists.
Output already exists.
Output already exists.
Adding requests:   0%|          | 0/1 [00:00<?, ?it/s]Adding requests:   0%|          | 0/1 [00:00<?, ?it/s]
✗ Failed to process results/images/preprocessed/trome/2014/01/01/trome_2014-01-01#04.png: EngineCore encountered an issue. See stack trace (above) for the root cause.
Output already exists.
Adding requests:   0%|          | 0/1 [00:00<?, ?it/s]Adding requests:   0%|          | 0/1 [00:00<?, ?it/s]
✗ Failed to process results/images/preprocessed/trome/2014/01/01/trome_2014-01-01#04.png: EngineCore encountered an issue. See stack trace (above) for the root cause.
Output already exists.
Output already exists.
Output already exists.
Output already exists.
Output already exists.
Output already exists.
Adding requests:   0%|          | 0/1 [00:00<?, ?it/s]Adding requests:   0%|          | 0/1 [00:00<?, ?it/s]
✗ Failed to process results/images/preprocessed/trome/2014/01/01/trome_2014-01-01#04.png: EngineCore encountered an issue. See stack trace (above) for the root cause.
Output already exists.
Output already exists.
Output already exists.
Output already exists.
Output already exists.
Output already exists.
Output already exists.
Output already exists.
Output already exists.
Adding requests:   0%|          | 0/1 [00:00<?, ?it/s]Adding requests:   0%|          | 0/1 [00:00<?, ?it/s]
✗ Failed to process results/images/preprocessed/trome/2014/01/01/trome_2014-01-01#04.png: The decoder prompt (length 8324) is longer than the maximum model length of 8192. Make sure that `max_model_len` is no smaller than the number of text tokens.
Output already exists.
Output already exists.
Output already exists.
Output already exists.
Output already exists.
Output already exists.
Adding requests:   0%|          | 0/1 [00:00<?, ?it/s]Adding requests:   0%|          | 0/1 [00:00<?, ?it/s]
✗ Failed to process results/images/preprocessed/trome/2014/01/01/trome_2014-01-01#04.png: EngineCore encountered an issue. See stack trace (above) for the root cause.
Output already exists.
Output already exists.
Output already exists.
Output already exists.
Output already exists.
Output already exists.
Output already exists.
Output already exists.
Output already exists.
Output already exists.
Output already exists.
Output already exists.
Output already exists.
Output already exists.
Adding requests:   0%|          | 0/1 [00:00<?, ?it/s]Adding requests:   0%|          | 0/1 [00:00<?, ?it/s]
✗ Failed to process results/images/preprocessed/trome/2014/01/01/trome_2014-01-01#04.png: EngineCore encountered an issue. See stack trace (above) for the root cause.
Output already exists.
Output already exists.
Output already exists.
Output already exists.
Output already exists.
Output already exists.
Output already exists.
Output already exists.
Output already exists.
Output already exists.
Output already exists.
Output already exists.
Output already exists.
Output already exists.
Adding requests:   0%|          | 0/1 [00:00<?, ?it/s]Adding requests:   0%|          | 0/1 [00:00<?, ?it/s]
✗ Failed to process results/images/preprocessed/trome/2014/01/01/trome_2014-01-01#04.png: EngineCore encountered an issue. See stack trace (above) for the root cause.
Output already exists.
Output already exists.
Output already exists.
Output already exists.
Output already exists.
Output already exists.
Output already exists.
Output already exists.
Output already exists.
Output already exists.
Output already exists.
Adding requests:   0%|          | 0/1 [00:00<?, ?it/s]Adding requests:   0%|          | 0/1 [00:00<?, ?it/s]
✗ Failed to process results/images/preprocessed/trome/2014/01/01/trome_2014-01-01#04.png: EngineCore encountered an issue. See stack trace (above) for the root cause.
Output already exists.
Output already exists.
Output already exists.
Adding requests:   0%|          | 0/1 [00:00<?, ?it/s]Adding requests:   0%|          | 0/1 [00:00<?, ?it/s]
✗ Failed to process results/images/preprocessed/trome/2014/01/01/trome_2014-01-01#04.png: EngineCore encountered an issue. See stack trace (above) for the root cause.
Output already exists.
Output already exists.
Adding requests:   0%|          | 0/1 [00:00<?, ?it/s]Adding requests:   0%|          | 0/1 [00:00<?, ?it/s]
✗ Failed to process results/images/preprocessed/trome/2014/01/01/trome_2014-01-01#04.png: EngineCore encountered an issue. See stack trace (above) for the root cause.
Output already exists.
Output already exists.
Output already exists.
Output already exists.
Output already exists.
Adding requests:   0%|          | 0/1 [00:00<?, ?it/s]Adding requests:   0%|          | 0/1 [00:00<?, ?it/s]
✗ Failed to process results/images/preprocessed/trome/2014/01/01/trome_2014-01-01#04.png: EngineCore encountered an issue. See stack trace (above) for the root cause.
Output already exists.
Output already exists.
Adding requests:   0%|          | 0/1 [00:00<?, ?it/s]Adding requests:   0%|          | 0/1 [00:00<?, ?it/s]
✗ Failed to process results/images/preprocessed/trome/2014/01/01/trome_2014-01-01#04.png: The decoder prompt (length 8228) is longer than the maximum model length of 8192. Make sure that `max_model_len` is no smaller than the number of text tokens.
Output already exists.
Output already exists.
Output already exists.
Output already exists.
Output already exists.
Output already exists.
Output already exists.
Output already exists.
Output already exists.
Output already exists.
Output already exists.
Output already exists.
Output already exists.
Output already exists.
Output already exists.
Adding requests:   0%|          | 0/1 [00:00<?, ?it/s]Adding requests:   0%|          | 0/1 [00:00<?, ?it/s]
✗ Failed to process results/images/preprocessed/trome/2014/01/01/trome_2014-01-01#04.png: The decoder prompt (length 8265) is longer than the maximum model length of 8192. Make sure that `max_model_len` is no smaller than the number of text tokens.
Output already exists.
Adding requests:   0%|          | 0/1 [00:00<?, ?it/s]Adding requests:   0%|          | 0/1 [00:00<?, ?it/s]
✗ Failed to process results/images/preprocessed/trome/2014/01/01/trome_2014-01-01#04.png: EngineCore encountered an issue. See stack trace (above) for the root cause.
Output already exists.
Output already exists.
Adding requests:   0%|          | 0/1 [00:00<?, ?it/s]Adding requests:   0%|          | 0/1 [00:00<?, ?it/s]
✗ Failed to process results/images/preprocessed/trome/2014/01/01/trome_2014-01-01#04.png: EngineCore encountered an issue. See stack trace (above) for the root cause.
Output already exists.
Output already exists.
Output already exists.
Output already exists.
Output already exists.
Output already exists.
Output already exists.
Output already exists.
Output already exists.
Adding requests:   0%|          | 0/1 [00:00<?, ?it/s]Adding requests:   0%|          | 0/1 [00:00<?, ?it/s]
✗ Failed to process results/images/preprocessed/trome/2014/01/01/trome_2014-01-01#04.png: EngineCore encountered an issue. See stack trace (above) for the root cause.
Output already exists.
Adding requests:   0%|          | 0/1 [00:00<?, ?it/s]Adding requests:   0%|          | 0/1 [00:00<?, ?it/s]
✗ Failed to process results/images/preprocessed/trome/2014/01/01/trome_2014-01-01#04.png: EngineCore encountered an issue. See stack trace (above) for the root cause.
Output already exists.
Output already exists.
Output already exists.
Output already exists.
Output already exists.
Output already exists.
Output already exists.
Output already exists.
Output already exists.
Output already exists.
Output already exists.
Output already exists.
Output already exists.
Output already exists.
Output already exists.
Output already exists.
Output already exists.
Output already exists.
Output already exists.
Output already exists.
Output already exists.
Output already exists.
Output already exists.
Output already exists.
Output already exists.
Output already exists.
Output already exists.
Output already exists.
Adding requests:   0%|          | 0/1 [00:00<?, ?it/s]Adding requests:   0%|          | 0/1 [00:00<?, ?it/s]
✗ Failed to process results/images/preprocessed/trome/2014/01/01/trome_2014-01-01#04.png: EngineCore encountered an issue. See stack trace (above) for the root cause.
Output already exists.
Output already exists.
Output already exists.
Output already exists.
Output already exists.
Adding requests:   0%|          | 0/1 [00:00<?, ?it/s]Adding requests:   0%|          | 0/1 [00:00<?, ?it/s]
✗ Failed to process results/images/preprocessed/trome/2014/01/01/trome_2014-01-01#04.png: EngineCore encountered an issue. See stack trace (above) for the root cause.
Output already exists.
Output already exists.
Output already exists.
Output already exists.
Output already exists.
Output already exists.
Output already exists.
Output already exists.
Output already exists.
Output already exists.
Output already exists.
Output already exists.
Adding requests:   0%|          | 0/1 [00:00<?, ?it/s]Adding requests:   0%|          | 0/1 [00:00<?, ?it/s]
✗ Failed to process results/images/preprocessed/trome/2014/01/01/trome_2014-01-01#04.png: The decoder prompt (length 11318) is longer than the maximum model length of 8192. Make sure that `max_model_len` is no smaller than the number of text tokens.
Output already exists.
Adding requests:   0%|          | 0/1 [00:00<?, ?it/s]Adding requests:   0%|          | 0/1 [00:00<?, ?it/s]
✗ Failed to process results/images/preprocessed/trome/2014/01/01/trome_2014-01-01#04.png: EngineCore encountered an issue. See stack trace (above) for the root cause.
Output already exists.
Output already exists.
Output already exists.
Output already exists.
Output already exists.
Output already exists.
Output already exists.
Output already exists.
Output already exists.
Output already exists.
Output already exists.
Output already exists.
Output already exists.
Output already exists.
Output already exists.
Output already exists.
Output already exists.
Output already exists.
Output already exists.
Output already exists.
Output already exists.
Output already exists.
Output already exists.
Output already exists.
Output already exists.
Output already exists.
Output already exists.
Output already exists.
Output already exists.
Output already exists.
Output already exists.
Output already exists.
Output already exists.
Output already exists.
Output already exists.
Output already exists.
Output already exists.
Output already exists.
Output already exists.
Output already exists.
Output already exists.
Output already exists.
Output already exists.
Output already exists.
Adding requests:   0%|          | 0/1 [00:00<?, ?it/s]Adding requests:   0%|          | 0/1 [00:00<?, ?it/s]
✗ Failed to process results/images/preprocessed/trome/2014/01/01/trome_2014-01-01#04.png: The decoder prompt (length 8250) is longer than the maximum model length of 8192. Make sure that `max_model_len` is no smaller than the number of text tokens.
Output already exists.
Output already exists.
Output already exists.
Output already exists.
Output already exists.
Output already exists.
Output already exists.
Output already exists.
Output already exists.
Output already exists.
Output already exists.
Output already exists.
Output already exists.
Output already exists.
Output already exists.
Output already exists.
Output already exists.
Output already exists.
Adding requests:   0%|          | 0/1 [00:00<?, ?it/s]Adding requests:   0%|          | 0/1 [00:00<?, ?it/s]
✗ Failed to process results/images/preprocessed/trome/2014/01/01/trome_2014-01-01#04.png: The decoder prompt (length 8248) is longer than the maximum model length of 8192. Make sure that `max_model_len` is no smaller than the number of text tokens.
Output already exists.
Output already exists.
Output already exists.
Output already exists.
Output already exists.
Output already exists.
Output already exists.
Output already exists.
Output already exists.
Output already exists.
Output already exists.
Output already exists.
Output already exists.
Output already exists.
Output already exists.
Output already exists.
Output already exists.
Output already exists.
Output already exists.
Output already exists.
Output already exists.
Output already exists.
Output already exists.
Output already exists.
Output already exists.
Output already exists.
Output already exists.
Output already exists.
Output already exists.
Adding requests:   0%|          | 0/1 [00:00<?, ?it/s]Adding requests:   0%|          | 0/1 [00:00<?, ?it/s]
✗ Failed to process results/images/preprocessed/trome/2014/01/01/trome_2014-01-01#04.png: EngineCore encountered an issue. See stack trace (above) for the root cause.
Output already exists.
Output already exists.
Output already exists.
Output already exists.
Output already exists.
Output already exists.
Output already exists.
Output already exists.
Output already exists.
Output already exists.
Output already exists.
Output already exists.
Output already exists.
Output already exists.
Output already exists.
Adding requests:   0%|          | 0/1 [00:00<?, ?it/s]Adding requests:   0%|          | 0/1 [00:00<?, ?it/s]
✗ Failed to process results/images/preprocessed/trome/2014/01/01/trome_2014-01-01#04.png: EngineCore encountered an issue. See stack trace (above) for the root cause.
Output already exists.
Output already exists.
Output already exists.
Output already exists.
Output already exists.
Output already exists.
Output already exists.
Output already exists.
Output already exists.
Output already exists.
Output already exists.
Output already exists.
Output already exists.
Output already exists.
Output already exists.
Output already exists.
Output already exists.
Output already exists.
Output already exists.
Output already exists.
Output already exists.
Output already exists.
Output already exists.
Adding requests:   0%|          | 0/1 [00:00<?, ?it/s]Adding requests:   0%|          | 0/1 [00:00<?, ?it/s]
✗ Failed to process results/images/preprocessed/trome/2014/01/01/trome_2014-01-01#04.png: The decoder prompt (length 8309) is longer than the maximum model length of 8192. Make sure that `max_model_len` is no smaller than the number of text tokens.
Adding requests:   0%|          | 0/1 [00:00<?, ?it/s]Adding requests:   0%|          | 0/1 [00:00<?, ?it/s]
✗ Failed to process results/images/preprocessed/trome/2014/01/01/trome_2014-01-01#04.png: EngineCore encountered an issue. See stack trace (above) for the root cause.
Output already exists.
Output already exists.
Output already exists.
Output already exists.
Output already exists.
Output already exists.
Output already exists.
Output already exists.
Output already exists.
Output already exists.
Output already exists.
Output already exists.
Output already exists.
Output already exists.
Output already exists.
Output already exists.
Output already exists.
Adding requests:   0%|          | 0/1 [00:00<?, ?it/s]Adding requests:   0%|          | 0/1 [00:00<?, ?it/s]
✗ Failed to process results/images/preprocessed/trome/2014/01/01/trome_2014-01-01#04.png: The decoder prompt (length 8222) is longer than the maximum model length of 8192. Make sure that `max_model_len` is no smaller than the number of text tokens.
Adding requests:   0%|          | 0/1 [00:00<?, ?it/s]Adding requests:   0%|          | 0/1 [00:00<?, ?it/s]
✗ Failed to process results/images/preprocessed/trome/2014/01/01/trome_2014-01-01#04.png: The decoder prompt (length 8195) is longer than the maximum model length of 8192. Make sure that `max_model_len` is no smaller than the number of text tokens.
Output already exists.
Adding requests:   0%|          | 0/1 [00:00<?, ?it/s]Adding requests:   0%|          | 0/1 [00:00<?, ?it/s]
✗ Failed to process results/images/preprocessed/trome/2014/01/01/trome_2014-01-01#04.png: The decoder prompt (length 9996) is longer than the maximum model length of 8192. Make sure that `max_model_len` is no smaller than the number of text tokens.
Output already exists.
Output already exists.
Output already exists.
Output already exists.
Output already exists.
Output already exists.
Output already exists.
Output already exists.
Adding requests:   0%|          | 0/1 [00:00<?, ?it/s]Adding requests:   0%|          | 0/1 [00:00<?, ?it/s]
✗ Failed to process results/images/preprocessed/trome/2014/01/01/trome_2014-01-01#04.png: The decoder prompt (length 9687) is longer than the maximum model length of 8192. Make sure that `max_model_len` is no smaller than the number of text tokens.
Output already exists.
Output already exists.
Output already exists.
Output already exists.
Output already exists.
Output already exists.
Output already exists.
Output already exists.
Output already exists.
Output already exists.
Output already exists.
Output already exists.
Output already exists.
Output already exists.
Output already exists.
Output already exists.
Adding requests:   0%|          | 0/1 [00:00<?, ?it/s]Adding requests:   0%|          | 0/1 [00:00<?, ?it/s]
✗ Failed to process results/images/preprocessed/trome/2014/01/01/trome_2014-01-01#04.png: EngineCore encountered an issue. See stack trace (above) for the root cause.
Output already exists.
Output already exists.
Output already exists.
Output already exists.
Output already exists.
Output already exists.
Output already exists.
Output already exists.
Output already exists.
Output already exists.
Output already exists.
Output already exists.
Adding requests:   0%|          | 0/1 [00:00<?, ?it/s]Adding requests:   0%|          | 0/1 [00:00<?, ?it/s]
✗ Failed to process results/images/preprocessed/trome/2014/01/01/trome_2014-01-01#04.png: EngineCore encountered an issue. See stack trace (above) for the root cause.
Output already exists.
Output already exists.
Output already exists.
Output already exists.
Output already exists.
Output already exists.
Output already exists.
Output already exists.
Output already exists.
Output already exists.
Output already exists.
Output already exists.
Output already exists.
Output already exists.
Output already exists.
Output already exists.
Output already exists.
Output already exists.
Output already exists.
Output already exists.
Output already exists.
Output already exists.
Output already exists.
Output already exists.
Output already exists.
Output already exists.
Output already exists.
Output already exists.
Output already exists.
Adding requests:   0%|          | 0/1 [00:00<?, ?it/s]Adding requests:   0%|          | 0/1 [00:00<?, ?it/s]
✗ Failed to process results/images/preprocessed/trome/2014/01/01/trome_2014-01-01#04.png: The decoder prompt (length 13172) is longer than the maximum model length of 8192. Make sure that `max_model_len` is no smaller than the number of text tokens.
Output already exists.
Adding requests:   0%|          | 0/1 [00:00<?, ?it/s]Adding requests:   0%|          | 0/1 [00:00<?, ?it/s]
✗ Failed to process results/images/preprocessed/trome/2014/01/01/trome_2014-01-01#04.png: EngineCore encountered an issue. See stack trace (above) for the root cause.
Output already exists.
Adding requests:   0%|          | 0/1 [00:00<?, ?it/s]Adding requests:   0%|          | 0/1 [00:00<?, ?it/s]
✗ Failed to process results/images/preprocessed/trome/2014/01/01/trome_2014-01-01#04.png: EngineCore encountered an issue. See stack trace (above) for the root cause.
Output already exists.
Output already exists.
Output already exists.
Output already exists.
Output already exists.
Output already exists.
Adding requests:   0%|          | 0/1 [00:00<?, ?it/s]Adding requests:   0%|          | 0/1 [00:00<?, ?it/s]
✗ Failed to process results/images/preprocessed/trome/2014/01/01/trome_2014-01-01#04.png: EngineCore encountered an issue. See stack trace (above) for the root cause.
Output already exists.
Output already exists.
Output already exists.
Output already exists.
Output already exists.
Output already exists.
Output already exists.
Adding requests:   0%|          | 0/1 [00:00<?, ?it/s]Adding requests:   0%|          | 0/1 [00:00<?, ?it/s]
✗ Failed to process results/images/preprocessed/trome/2014/01/01/trome_2014-01-01#04.png: The decoder prompt (length 8324) is longer than the maximum model length of 8192. Make sure that `max_model_len` is no smaller than the number of text tokens.
Output already exists.
Output already exists.
Output already exists.
Output already exists.
Output already exists.
Output already exists.
Output already exists.
Output already exists.
Adding requests:   0%|          | 0/1 [00:00<?, ?it/s]Adding requests:   0%|          | 0/1 [00:00<?, ?it/s]
✗ Failed to process results/images/preprocessed/trome/2014/01/01/trome_2014-01-01#04.png: EngineCore encountered an issue. See stack trace (above) for the root cause.
Output already exists.
Output already exists.
Output already exists.
Output already exists.
Output already exists.
Output already exists.
Output already exists.
Output already exists.
Output already exists.
Output already exists.
Output already exists.
Output already exists.
Output already exists.
Output already exists.
Adding requests:   0%|          | 0/1 [00:00<?, ?it/s]Adding requests:   0%|          | 0/1 [00:00<?, ?it/s]
✗ Failed to process results/images/preprocessed/trome/2014/01/01/trome_2014-01-01#04.png: EngineCore encountered an issue. See stack trace (above) for the root cause.
Output already exists.
Output already exists.
Output already exists.
Output already exists.
Output already exists.
Output already exists.
Output already exists.
Output already exists.
Output already exists.
Output already exists.
Output already exists.
Output already exists.
Output already exists.
Output already exists.
Adding requests:   0%|          | 0/1 [00:00<?, ?it/s]Adding requests:   0%|          | 0/1 [00:00<?, ?it/s]
✗ Failed to process results/images/preprocessed/trome/2014/01/01/trome_2014-01-01#04.png: EngineCore encountered an issue. See stack trace (above) for the root cause.
Output already exists.
Output already exists.
Output already exists.
Output already exists.
Output already exists.
Output already exists.
Output already exists.
Output already exists.
Output already exists.
Output already exists.
Output already exists.
Adding requests:   0%|          | 0/1 [00:00<?, ?it/s]Adding requests:   0%|          | 0/1 [00:00<?, ?it/s]
✗ Failed to process results/images/preprocessed/trome/2014/01/01/trome_2014-01-01#04.png: EngineCore encountered an issue. See stack trace (above) for the root cause.
Output already exists.
Output already exists.
Output already exists.
Adding requests:   0%|          | 0/1 [00:00<?, ?it/s]Adding requests:   0%|          | 0/1 [00:00<?, ?it/s]
✗ Failed to process results/images/preprocessed/trome/2014/01/01/trome_2014-01-01#04.png: EngineCore encountered an issue. See stack trace (above) for the root cause.
Output already exists.
Adding requests:   0%|          | 0/1 [00:00<?, ?it/s]Adding requests:   0%|          | 0/1 [00:00<?, ?it/s]
✗ Failed to process results/images/preprocessed/trome/2014/01/01/trome_2014-01-01#04.png: EngineCore encountered an issue. See stack trace (above) for the root cause.
Output already exists.
Output already exists.
Output already exists.
Output already exists.
Output already exists.
Output already exists.
Adding requests:   0%|          | 0/1 [00:00<?, ?it/s]Adding requests:   0%|          | 0/1 [00:00<?, ?it/s]
✗ Failed to process results/images/preprocessed/trome/2014/01/01/trome_2014-01-01#04.png: EngineCore encountered an issue. See stack trace (above) for the root cause.
Output already exists.
Output already exists.
Adding requests:   0%|          | 0/1 [00:00<?, ?it/s]Adding requests:   0%|          | 0/1 [00:00<?, ?it/s]
✗ Failed to process results/images/preprocessed/trome/2014/01/01/trome_2014-01-01#04.png: The decoder prompt (length 8228) is longer than the maximum model length of 8192. Make sure that `max_model_len` is no smaller than the number of text tokens.
Output already exists.
Output already exists.
Output already exists.
Output already exists.
Output already exists.
Output already exists.
Output already exists.
Output already exists.
Output already exists.
Output already exists.
Output already exists.
Output already exists.
Output already exists.
Output already exists.
Output already exists.
Adding requests:   0%|          | 0/1 [00:00<?, ?it/s]Adding requests:   0%|          | 0/1 [00:00<?, ?it/s]
✗ Failed to process results/images/preprocessed/trome/2014/01/01/trome_2014-01-01#04.png: The decoder prompt (length 8265) is longer than the maximum model length of 8192. Make sure that `max_model_len` is no smaller than the number of text tokens.
Output already exists.
Adding requests:   0%|          | 0/1 [00:00<?, ?it/s]Adding requests:   0%|          | 0/1 [00:00<?, ?it/s]
✗ Failed to process results/images/preprocessed/trome/2014/01/01/trome_2014-01-01#04.png: EngineCore encountered an issue. See stack trace (above) for the root cause.
Output already exists.
Output already exists.
Output already exists.
Output already exists.
Adding requests:   0%|          | 0/1 [00:00<?, ?it/s]Adding requests:   0%|          | 0/1 [00:00<?, ?it/s]
✗ Failed to process results/images/preprocessed/trome/2014/01/01/trome_2014-01-01#04.png: EngineCore encountered an issue. See stack trace (above) for the root cause.
Output already exists.
Output already exists.
Output already exists.
Output already exists.
Output already exists.
Output already exists.
Output already exists.
Adding requests:   0%|          | 0/1 [00:00<?, ?it/s]Adding requests:   0%|          | 0/1 [00:00<?, ?it/s]
✗ Failed to process results/images/preprocessed/trome/2014/01/01/trome_2014-01-01#04.png: EngineCore encountered an issue. See stack trace (above) for the root cause.
Output already exists.
Adding requests:   0%|          | 0/1 [00:00<?, ?it/s]Adding requests:   0%|          | 0/1 [00:00<?, ?it/s]
✗ Failed to process results/images/preprocessed/trome/2014/01/01/trome_2014-01-01#04.png: EngineCore encountered an issue. See stack trace (above) for the root cause.
Output already exists.
Output already exists.
Output already exists.
Output already exists.
Output already exists.
Output already exists.
Output already exists.
Output already exists.
Output already exists.
Output already exists.
Output already exists.
Output already exists.
Output already exists.
Output already exists.
Output already exists.
Output already exists.
Output already exists.
Output already exists.
Output already exists.
Output already exists.
Output already exists.
Output already exists.
Output already exists.
Output already exists.
Output already exists.
Output already exists.
Output already exists.
Adding requests:   0%|          | 0/1 [00:00<?, ?it/s]Adding requests:   0%|          | 0/1 [00:00<?, ?it/s]
✗ Failed to process results/images/preprocessed/trome/2014/01/01/trome_2014-01-01#04.png: EngineCore encountered an issue. See stack trace (above) for the root cause.
Output already exists.
Output already exists.
Output already exists.
Output already exists.
Output already exists.
Output already exists.
Adding requests:   0%|          | 0/1 [00:00<?, ?it/s]Adding requests:   0%|          | 0/1 [00:00<?, ?it/s]
✗ Failed to process results/images/preprocessed/trome/2014/01/01/trome_2014-01-01#04.png: EngineCore encountered an issue. See stack trace (above) for the root cause.
Output already exists.
Output already exists.
Output already exists.
Output already exists.
Output already exists.
Output already exists.
Output already exists.
Output already exists.
Output already exists.
Output already exists.
Output already exists.
Output already exists.
Adding requests:   0%|          | 0/1 [00:00<?, ?it/s]Adding requests:   0%|          | 0/1 [00:00<?, ?it/s]
✗ Failed to process results/images/preprocessed/trome/2014/01/01/trome_2014-01-01#04.png: The decoder prompt (length 11318) is longer than the maximum model length of 8192. Make sure that `max_model_len` is no smaller than the number of text tokens.
Output already exists.
Adding requests:   0%|          | 0/1 [00:00<?, ?it/s]Adding requests:   0%|          | 0/1 [00:00<?, ?it/s]
✗ Failed to process results/images/preprocessed/trome/2014/01/01/trome_2014-01-01#04.png: EngineCore encountered an issue. See stack trace (above) for the root cause.
Output already exists.
Adding requests:   0%|          | 0/1 [00:00<?, ?it/s]Adding requests:   0%|          | 0/1 [00:00<?, ?it/s]
✗ Failed to process results/images/preprocessed/trome/2014/01/01/trome_2014-01-01#04.png: EngineCore encountered an issue. See stack trace (above) for the root cause.
Adding requests:   0%|          | 0/1 [00:00<?, ?it/s]Adding requests:   0%|          | 0/1 [00:00<?, ?it/s]
✗ Failed to process results/images/preprocessed/trome/2014/01/01/trome_2014-01-01#04.png: EngineCore encountered an issue. See stack trace (above) for the root cause.
Adding requests:   0%|          | 0/1 [00:00<?, ?it/s]Adding requests:   0%|          | 0/1 [00:00<?, ?it/s]
✗ Failed to process results/images/preprocessed/trome/2014/01/01/trome_2014-01-01#04.png: EngineCore encountered an issue. See stack trace (above) for the root cause.
Adding requests:   0%|          | 0/1 [00:00<?, ?it/s]Adding requests:   0%|          | 0/1 [00:00<?, ?it/s]
✗ Failed to process results/images/preprocessed/trome/2014/01/01/trome_2014-01-01#04.png: EngineCore encountered an issue. See stack trace (above) for the root cause.
Adding requests:   0%|          | 0/1 [00:00<?, ?it/s]Adding requests:   0%|          | 0/1 [00:00<?, ?it/s]
✗ Failed to process results/images/preprocessed/trome/2014/01/01/trome_2014-01-01#04.png: EngineCore encountered an issue. See stack trace (above) for the root cause.
Adding requests:   0%|          | 0/1 [00:00<?, ?it/s]Adding requests:   0%|          | 0/1 [00:00<?, ?it/s]
✗ Failed to process results/images/preprocessed/trome/2014/01/01/trome_2014-01-01#04.png: EngineCore encountered an issue. See stack trace (above) for the root cause.
Adding requests:   0%|          | 0/1 [00:00<?, ?it/s]Adding requests:   0%|          | 0/1 [00:00<?, ?it/s]
✗ Failed to process results/images/preprocessed/trome/2014/01/01/trome_2014-01-01#04.png: EngineCore encountered an issue. See stack trace (above) for the root cause.
Adding requests:   0%|          | 0/1 [00:00<?, ?it/s]Adding requests:   0%|          | 0/1 [00:00<?, ?it/s]
✗ Failed to process results/images/preprocessed/trome/2014/01/01/trome_2014-01-01#04.png: EngineCore encountered an issue. See stack trace (above) for the root cause.
Adding requests:   0%|          | 0/1 [00:00<?, ?it/s]Adding requests:   0%|          | 0/1 [00:00<?, ?it/s]
✗ Failed to process results/images/preprocessed/trome/2014/01/01/trome_2014-01-01#04.png: EngineCore encountered an issue. See stack trace (above) for the root cause.
Adding requests:   0%|          | 0/1 [00:00<?, ?it/s]Adding requests:   0%|          | 0/1 [00:00<?, ?it/s]
✗ Failed to process results/images/preprocessed/trome/2014/01/01/trome_2014-01-01#04.png: EngineCore encountered an issue. See stack trace (above) for the root cause.
Adding requests:   0%|          | 0/1 [00:00<?, ?it/s]Adding requests:   0%|          | 0/1 [00:00<?, ?it/s]
✗ Failed to process results/images/preprocessed/trome/2014/01/01/trome_2014-01-01#04.png: EngineCore encountered an issue. See stack trace (above) for the root cause.
Adding requests:   0%|          | 0/1 [00:00<?, ?it/s]Adding requests:   0%|          | 0/1 [00:00<?, ?it/s]
✗ Failed to process results/images/preprocessed/trome/2014/01/01/trome_2014-01-01#04.png: EngineCore encountered an issue. See stack trace (above) for the root cause.
Adding requests:   0%|          | 0/1 [00:00<?, ?it/s]Adding requests:   0%|          | 0/1 [00:00<?, ?it/s]
✗ Failed to process results/images/preprocessed/trome/2014/01/01/trome_2014-01-01#04.png: EngineCore encountered an issue. See stack trace (above) for the root cause.
Adding requests:   0%|          | 0/1 [00:00<?, ?it/s]Adding requests:   0%|          | 0/1 [00:00<?, ?it/s]
✗ Failed to process results/images/preprocessed/trome/2014/01/01/trome_2014-01-01#04.png: EngineCore encountered an issue. See stack trace (above) for the root cause.
Adding requests:   0%|          | 0/1 [00:00<?, ?it/s]Adding requests:   0%|          | 0/1 [00:00<?, ?it/s]
✗ Failed to process results/images/preprocessed/trome/2014/01/01/trome_2014-01-01#04.png: EngineCore encountered an issue. See stack trace (above) for the root cause.
Adding requests:   0%|          | 0/1 [00:00<?, ?it/s]Adding requests:   0%|          | 0/1 [00:00<?, ?it/s]
✗ Failed to process results/images/preprocessed/trome/2014/01/01/trome_2014-01-01#04.png: The decoder prompt (length 8519) is longer than the maximum model length of 8192. Make sure that `max_model_len` is no smaller than the number of text tokens.
Adding requests:   0%|          | 0/1 [00:00<?, ?it/s]Adding requests:   0%|          | 0/1 [00:00<?, ?it/s]
✗ Failed to process results/images/preprocessed/trome/2014/01/01/trome_2014-01-01#04.png: EngineCore encountered an issue. See stack trace (above) for the root cause.
Adding requests:   0%|          | 0/1 [00:00<?, ?it/s]Adding requests:   0%|          | 0/1 [00:00<?, ?it/s]
✗ Failed to process results/images/preprocessed/trome/2014/01/01/trome_2014-01-01#04.png: EngineCore encountered an issue. See stack trace (above) for the root cause.
Adding requests:   0%|          | 0/1 [00:00<?, ?it/s]Adding requests:   0%|          | 0/1 [00:00<?, ?it/s]
✗ Failed to process results/images/preprocessed/trome/2014/01/01/trome_2014-01-01#04.png: EngineCore encountered an issue. See stack trace (above) for the root cause.
Adding requests:   0%|          | 0/1 [00:00<?, ?it/s]Adding requests:   0%|          | 0/1 [00:00<?, ?it/s]
✗ Failed to process results/images/preprocessed/trome/2014/01/01/trome_2014-01-01#04.png: EngineCore encountered an issue. See stack trace (above) for the root cause.
Adding requests:   0%|          | 0/1 [00:00<?, ?it/s]Adding requests:   0%|          | 0/1 [00:00<?, ?it/s]
✗ Failed to process results/images/preprocessed/trome/2014/01/01/trome_2014-01-01#04.png: EngineCore encountered an issue. See stack trace (above) for the root cause.
Adding requests:   0%|          | 0/1 [00:00<?, ?it/s]Adding requests:   0%|          | 0/1 [00:00<?, ?it/s]
✗ Failed to process results/images/preprocessed/trome/2014/01/01/trome_2014-01-01#04.png: EngineCore encountered an issue. See stack trace (above) for the root cause.
Adding requests:   0%|          | 0/1 [00:00<?, ?it/s]Adding requests:   0%|          | 0/1 [00:00<?, ?it/s]
✗ Failed to process results/images/preprocessed/trome/2014/01/01/trome_2014-01-01#04.png: EngineCore encountered an issue. See stack trace (above) for the root cause.
Adding requests:   0%|          | 0/1 [00:00<?, ?it/s]Adding requests:   0%|          | 0/1 [00:00<?, ?it/s]
✗ Failed to process results/images/preprocessed/trome/2014/01/01/trome_2014-01-01#04.png: EngineCore encountered an issue. See stack trace (above) for the root cause.
Adding requests:   0%|          | 0/1 [00:00<?, ?it/s]Adding requests:   0%|          | 0/1 [00:00<?, ?it/s]
✗ Failed to process results/images/preprocessed/trome/2014/01/01/trome_2014-01-01#04.png: EngineCore encountered an issue. See stack trace (above) for the root cause.
Adding requests:   0%|          | 0/1 [00:00<?, ?it/s]Adding requests:   0%|          | 0/1 [00:00<?, ?it/s]
✗ Failed to process results/images/preprocessed/trome/2014/01/01/trome_2014-01-01#04.png: EngineCore encountered an issue. See stack trace (above) for the root cause.
Adding requests:   0%|          | 0/1 [00:00<?, ?it/s]Adding requests:   0%|          | 0/1 [00:00<?, ?it/s]
✗ Failed to process results/images/preprocessed/trome/2014/01/01/trome_2014-01-01#04.png: EngineCore encountered an issue. See stack trace (above) for the root cause.
Adding requests:   0%|          | 0/1 [00:00<?, ?it/s]Adding requests:   0%|          | 0/1 [00:00<?, ?it/s]
✗ Failed to process results/images/preprocessed/trome/2014/01/01/trome_2014-01-01#04.png: EngineCore encountered an issue. See stack trace (above) for the root cause.
Adding requests:   0%|          | 0/1 [00:00<?, ?it/s]Adding requests:   0%|          | 0/1 [00:00<?, ?it/s]
✗ Failed to process results/images/preprocessed/trome/2014/01/01/trome_2014-01-01#04.png: EngineCore encountered an issue. See stack trace (above) for the root cause.
Adding requests:   0%|          | 0/1 [00:00<?, ?it/s]Adding requests:   0%|          | 0/1 [00:00<?, ?it/s]
✗ Failed to process results/images/preprocessed/trome/2014/01/01/trome_2014-01-01#04.png: EngineCore encountered an issue. See stack trace (above) for the root cause.
Adding requests:   0%|          | 0/1 [00:00<?, ?it/s]Adding requests:   0%|          | 0/1 [00:00<?, ?it/s]
✗ Failed to process results/images/preprocessed/trome/2014/01/01/trome_2014-01-01#04.png: The decoder prompt (length 11010) is longer than the maximum model length of 8192. Make sure that `max_model_len` is no smaller than the number of text tokens.
Adding requests:   0%|          | 0/1 [00:00<?, ?it/s]Adding requests:   0%|          | 0/1 [00:00<?, ?it/s]
✗ Failed to process results/images/preprocessed/trome/2014/01/01/trome_2014-01-01#04.png: EngineCore encountered an issue. See stack trace (above) for the root cause.
Adding requests:   0%|          | 0/1 [00:00<?, ?it/s]Adding requests:   0%|          | 0/1 [00:00<?, ?it/s]
✗ Failed to process results/images/preprocessed/trome/2014/01/01/trome_2014-01-01#04.png: EngineCore encountered an issue. See stack trace (above) for the root cause.
Adding requests:   0%|          | 0/1 [00:00<?, ?it/s]Adding requests:   0%|          | 0/1 [00:00<?, ?it/s]
✗ Failed to process results/images/preprocessed/trome/2014/01/01/trome_2014-01-01#04.png: EngineCore encountered an issue. See stack trace (above) for the root cause.
Adding requests:   0%|          | 0/1 [00:00<?, ?it/s]Adding requests:   0%|          | 0/1 [00:00<?, ?it/s]
✗ Failed to process results/images/preprocessed/trome/2014/01/01/trome_2014-01-01#04.png: EngineCore encountered an issue. See stack trace (above) for the root cause.
Adding requests:   0%|          | 0/1 [00:00<?, ?it/s]Adding requests:   0%|          | 0/1 [00:00<?, ?it/s]
✗ Failed to process results/images/preprocessed/trome/2014/01/01/trome_2014-01-01#04.png: EngineCore encountered an issue. See stack trace (above) for the root cause.
Adding requests:   0%|          | 0/1 [00:00<?, ?it/s]Adding requests:   0%|          | 0/1 [00:00<?, ?it/s]
✗ Failed to process results/images/preprocessed/trome/2014/01/01/trome_2014-01-01#04.png: EngineCore encountered an issue. See stack trace (above) for the root cause.
Adding requests:   0%|          | 0/1 [00:00<?, ?it/s]Adding requests:   0%|          | 0/1 [00:00<?, ?it/s]
✗ Failed to process results/images/preprocessed/trome/2014/01/01/trome_2014-01-01#04.png: EngineCore encountered an issue. See stack trace (above) for the root cause.
Adding requests:   0%|          | 0/1 [00:00<?, ?it/s]Adding requests:   0%|          | 0/1 [00:00<?, ?it/s]
✗ Failed to process results/images/preprocessed/trome/2014/01/01/trome_2014-01-01#04.png: EngineCore encountered an issue. See stack trace (above) for the root cause.
Adding requests:   0%|          | 0/1 [00:00<?, ?it/s]Adding requests:   0%|          | 0/1 [00:00<?, ?it/s]
✗ Failed to process results/images/preprocessed/trome/2014/01/01/trome_2014-01-01#04.png: The decoder prompt (length 9875) is longer than the maximum model length of 8192. Make sure that `max_model_len` is no smaller than the number of text tokens.
Adding requests:   0%|          | 0/1 [00:00<?, ?it/s]Adding requests:   0%|          | 0/1 [00:00<?, ?it/s]
✗ Failed to process results/images/preprocessed/trome/2014/01/01/trome_2014-01-01#04.png: EngineCore encountered an issue. See stack trace (above) for the root cause.
Adding requests:   0%|          | 0/1 [00:00<?, ?it/s]Adding requests:   0%|          | 0/1 [00:00<?, ?it/s]
✗ Failed to process results/images/preprocessed/trome/2014/01/01/trome_2014-01-01#04.png: EngineCore encountered an issue. See stack trace (above) for the root cause.
Adding requests:   0%|          | 0/1 [00:00<?, ?it/s]Adding requests:   0%|          | 0/1 [00:00<?, ?it/s]
✗ Failed to process results/images/preprocessed/trome/2014/01/01/trome_2014-01-01#04.png: EngineCore encountered an issue. See stack trace (above) for the root cause.
Adding requests:   0%|          | 0/1 [00:00<?, ?it/s]Adding requests:   0%|          | 0/1 [00:00<?, ?it/s]
✗ Failed to process results/images/preprocessed/trome/2014/01/01/trome_2014-01-01#04.png: EngineCore encountered an issue. See stack trace (above) for the root cause.
Adding requests:   0%|          | 0/1 [00:00<?, ?it/s]Adding requests:   0%|          | 0/1 [00:00<?, ?it/s]
✗ Failed to process results/images/preprocessed/trome/2014/01/01/trome_2014-01-01#04.png: EngineCore encountered an issue. See stack trace (above) for the root cause.
Adding requests:   0%|          | 0/1 [00:00<?, ?it/s]Adding requests:   0%|          | 0/1 [00:00<?, ?it/s]
✗ Failed to process results/images/preprocessed/trome/2014/01/01/trome_2014-01-01#04.png: EngineCore encountered an issue. See stack trace (above) for the root cause.
Adding requests:   0%|          | 0/1 [00:00<?, ?it/s]Adding requests:   0%|          | 0/1 [00:00<?, ?it/s]
✗ Failed to process results/images/preprocessed/trome/2014/01/01/trome_2014-01-01#04.png: The decoder prompt (length 10022) is longer than the maximum model length of 8192. Make sure that `max_model_len` is no smaller than the number of text tokens.
Adding requests:   0%|          | 0/1 [00:00<?, ?it/s]Adding requests:   0%|          | 0/1 [00:00<?, ?it/s]
✗ Failed to process results/images/preprocessed/trome/2014/01/01/trome_2014-01-01#04.png: EngineCore encountered an issue. See stack trace (above) for the root cause.
Adding requests:   0%|          | 0/1 [00:00<?, ?it/s]Adding requests:   0%|          | 0/1 [00:00<?, ?it/s]
✗ Failed to process results/images/preprocessed/trome/2014/01/01/trome_2014-01-01#04.png: EngineCore encountered an issue. See stack trace (above) for the root cause.
Adding requests:   0%|          | 0/1 [00:00<?, ?it/s]Adding requests:   0%|          | 0/1 [00:00<?, ?it/s]
✗ Failed to process results/images/preprocessed/trome/2014/01/01/trome_2014-01-01#04.png: EngineCore encountered an issue. See stack trace (above) for the root cause.
Adding requests:   0%|          | 0/1 [00:00<?, ?it/s]Adding requests:   0%|          | 0/1 [00:00<?, ?it/s]
✗ Failed to process results/images/preprocessed/trome/2014/01/01/trome_2014-01-01#04.png: EngineCore encountered an issue. See stack trace (above) for the root cause.
Adding requests:   0%|          | 0/1 [00:00<?, ?it/s]Adding requests:   0%|          | 0/1 [00:00<?, ?it/s]
✗ Failed to process results/images/preprocessed/trome/2014/01/01/trome_2014-01-01#04.png: EngineCore encountered an issue. See stack trace (above) for the root cause.
Adding requests:   0%|          | 0/1 [00:00<?, ?it/s]Adding requests:   0%|          | 0/1 [00:00<?, ?it/s]
✗ Failed to process results/images/preprocessed/trome/2014/01/01/trome_2014-01-01#04.png: EngineCore encountered an issue. See stack trace (above) for the root cause.
Adding requests:   0%|          | 0/1 [00:00<?, ?it/s]Adding requests:   0%|          | 0/1 [00:00<?, ?it/s]
✗ Failed to process results/images/preprocessed/trome/2014/01/01/trome_2014-01-01#04.png: EngineCore encountered an issue. See stack trace (above) for the root cause.
Adding requests:   0%|          | 0/1 [00:00<?, ?it/s]Adding requests:   0%|          | 0/1 [00:00<?, ?it/s]
✗ Failed to process results/images/preprocessed/trome/2014/01/01/trome_2014-01-01#04.png: EngineCore encountered an issue. See stack trace (above) for the root cause.
Adding requests:   0%|          | 0/1 [00:00<?, ?it/s]Adding requests:   0%|          | 0/1 [00:00<?, ?it/s]
✗ Failed to process results/images/preprocessed/trome/2014/01/01/trome_2014-01-01#04.png: EngineCore encountered an issue. See stack trace (above) for the root cause.
Adding requests:   0%|          | 0/1 [00:00<?, ?it/s]Adding requests:   0%|          | 0/1 [00:00<?, ?it/s]
✗ Failed to process results/images/preprocessed/trome/2014/01/01/trome_2014-01-01#04.png: EngineCore encountered an issue. See stack trace (above) for the root cause.
Adding requests:   0%|          | 0/1 [00:00<?, ?it/s]Adding requests:   0%|          | 0/1 [00:00<?, ?it/s]
✗ Failed to process results/images/preprocessed/trome/2014/01/01/trome_2014-01-01#04.png: EngineCore encountered an issue. See stack trace (above) for the root cause.
Adding requests:   0%|          | 0/1 [00:00<?, ?it/s]Adding requests:   0%|          | 0/1 [00:00<?, ?it/s]
✗ Failed to process results/images/preprocessed/trome/2014/01/01/trome_2014-01-01#04.png: EngineCore encountered an issue. See stack trace (above) for the root cause.
Adding requests:   0%|          | 0/1 [00:00<?, ?it/s]Adding requests:   0%|          | 0/1 [00:00<?, ?it/s]
✗ Failed to process results/images/preprocessed/trome/2014/01/01/trome_2014-01-01#04.png: EngineCore encountered an issue. See stack trace (above) for the root cause.
Adding requests:   0%|          | 0/1 [00:00<?, ?it/s]Adding requests:   0%|          | 0/1 [00:00<?, ?it/s]
✗ Failed to process results/images/preprocessed/trome/2014/01/01/trome_2014-01-01#04.png: EngineCore encountered an issue. See stack trace (above) for the root cause.
Adding requests:   0%|          | 0/1 [00:00<?, ?it/s]Adding requests:   0%|          | 0/1 [00:00<?, ?it/s]
✗ Failed to process results/images/preprocessed/trome/2014/01/01/trome_2014-01-01#04.png: EngineCore encountered an issue. See stack trace (above) for the root cause.
Adding requests:   0%|          | 0/1 [00:00<?, ?it/s]Adding requests:   0%|          | 0/1 [00:00<?, ?it/s]
✗ Failed to process results/images/preprocessed/trome/2014/01/01/trome_2014-01-01#04.png: EngineCore encountered an issue. See stack trace (above) for the root cause.
Adding requests:   0%|          | 0/1 [00:00<?, ?it/s]Adding requests:   0%|          | 0/1 [00:00<?, ?it/s]
✗ Failed to process results/images/preprocessed/trome/2014/01/01/trome_2014-01-01#04.png: EngineCore encountered an issue. See stack trace (above) for the root cause.
Adding requests:   0%|          | 0/1 [00:00<?, ?it/s]Adding requests:   0%|          | 0/1 [00:00<?, ?it/s]
✗ Failed to process results/images/preprocessed/trome/2014/01/01/trome_2014-01-01#04.png: EngineCore encountered an issue. See stack trace (above) for the root cause.
Adding requests:   0%|          | 0/1 [00:00<?, ?it/s]Adding requests:   0%|          | 0/1 [00:00<?, ?it/s]
✗ Failed to process results/images/preprocessed/trome/2014/01/01/trome_2014-01-01#04.png: EngineCore encountered an issue. See stack trace (above) for the root cause.
Adding requests:   0%|          | 0/1 [00:00<?, ?it/s]Adding requests:   0%|          | 0/1 [00:00<?, ?it/s]
✗ Failed to process results/images/preprocessed/trome/2014/01/01/trome_2014-01-01#04.png: EngineCore encountered an issue. See stack trace (above) for the root cause.
Adding requests:   0%|          | 0/1 [00:00<?, ?it/s]Adding requests:   0%|          | 0/1 [00:00<?, ?it/s]
✗ Failed to process results/images/preprocessed/trome/2014/01/01/trome_2014-01-01#04.png: EngineCore encountered an issue. See stack trace (above) for the root cause.
Adding requests:   0%|          | 0/1 [00:00<?, ?it/s]Adding requests:   0%|          | 0/1 [00:00<?, ?it/s]
✗ Failed to process results/images/preprocessed/trome/2014/01/01/trome_2014-01-01#04.png: EngineCore encountered an issue. See stack trace (above) for the root cause.
Adding requests:   0%|          | 0/1 [00:00<?, ?it/s]Adding requests:   0%|          | 0/1 [00:00<?, ?it/s]
✗ Failed to process results/images/preprocessed/trome/2014/01/01/trome_2014-01-01#04.png: EngineCore encountered an issue. See stack trace (above) for the root cause.
Adding requests:   0%|          | 0/1 [00:00<?, ?it/s]Adding requests:   0%|          | 0/1 [00:00<?, ?it/s]
✗ Failed to process results/images/preprocessed/trome/2014/01/01/trome_2014-01-01#04.png: EngineCore encountered an issue. See stack trace (above) for the root cause.
Adding requests:   0%|          | 0/1 [00:00<?, ?it/s]Adding requests:   0%|          | 0/1 [00:00<?, ?it/s]
✗ Failed to process results/images/preprocessed/trome/2014/01/01/trome_2014-01-01#04.png: EngineCore encountered an issue. See stack trace (above) for the root cause.
Adding requests:   0%|          | 0/1 [00:00<?, ?it/s]Adding requests:   0%|          | 0/1 [00:00<?, ?it/s]
✗ Failed to process results/images/preprocessed/trome/2014/01/01/trome_2014-01-01#04.png: EngineCore encountered an issue. See stack trace (above) for the root cause.
Adding requests:   0%|          | 0/1 [00:00<?, ?it/s]Adding requests:   0%|          | 0/1 [00:00<?, ?it/s]
✗ Failed to process results/images/preprocessed/trome/2014/01/01/trome_2014-01-01#04.png: EngineCore encountered an issue. See stack trace (above) for the root cause.
Adding requests:   0%|          | 0/1 [00:00<?, ?it/s]Adding requests:   0%|          | 0/1 [00:00<?, ?it/s]
✗ Failed to process results/images/preprocessed/trome/2014/01/01/trome_2014-01-01#04.png: EngineCore encountered an issue. See stack trace (above) for the root cause.
Adding requests:   0%|          | 0/1 [00:00<?, ?it/s]Adding requests:   0%|          | 0/1 [00:00<?, ?it/s]
✗ Failed to process results/images/preprocessed/trome/2014/01/01/trome_2014-01-01#04.png: EngineCore encountered an issue. See stack trace (above) for the root cause.
Adding requests:   0%|          | 0/1 [00:00<?, ?it/s]Adding requests:   0%|          | 0/1 [00:00<?, ?it/s]
✗ Failed to process results/images/preprocessed/trome/2014/01/01/trome_2014-01-01#04.png: EngineCore encountered an issue. See stack trace (above) for the root cause.
Adding requests:   0%|          | 0/1 [00:00<?, ?it/s]Adding requests:   0%|          | 0/1 [00:00<?, ?it/s]
✗ Failed to process results/images/preprocessed/trome/2014/01/01/trome_2014-01-01#04.png: EngineCore encountered an issue. See stack trace (above) for the root cause.
Adding requests:   0%|          | 0/1 [00:00<?, ?it/s]Adding requests:   0%|          | 0/1 [00:00<?, ?it/s]
✗ Failed to process results/images/preprocessed/trome/2014/01/01/trome_2014-01-01#04.png: EngineCore encountered an issue. See stack trace (above) for the root cause.
Adding requests:   0%|          | 0/1 [00:00<?, ?it/s]Adding requests:   0%|          | 0/1 [00:00<?, ?it/s]
✗ Failed to process results/images/preprocessed/trome/2014/01/01/trome_2014-01-01#04.png: EngineCore encountered an issue. See stack trace (above) for the root cause.
Adding requests:   0%|          | 0/1 [00:00<?, ?it/s]Adding requests:   0%|          | 0/1 [00:00<?, ?it/s]
✗ Failed to process results/images/preprocessed/trome/2014/01/01/trome_2014-01-01#04.png: EngineCore encountered an issue. See stack trace (above) for the root cause.
Adding requests:   0%|          | 0/1 [00:00<?, ?it/s]Adding requests:   0%|          | 0/1 [00:00<?, ?it/s]
✗ Failed to process results/images/preprocessed/trome/2014/01/01/trome_2014-01-01#04.png: EngineCore encountered an issue. See stack trace (above) for the root cause.
Adding requests:   0%|          | 0/1 [00:00<?, ?it/s]Adding requests:   0%|          | 0/1 [00:00<?, ?it/s]
✗ Failed to process results/images/preprocessed/trome/2014/01/01/trome_2014-01-01#04.png: EngineCore encountered an issue. See stack trace (above) for the root cause.
Adding requests:   0%|          | 0/1 [00:00<?, ?it/s]Adding requests:   0%|          | 0/1 [00:00<?, ?it/s]
✗ Failed to process results/images/preprocessed/trome/2014/01/01/trome_2014-01-01#04.png: EngineCore encountered an issue. See stack trace (above) for the root cause.
Adding requests:   0%|          | 0/1 [00:00<?, ?it/s]Adding requests:   0%|          | 0/1 [00:00<?, ?it/s]
✗ Failed to process results/images/preprocessed/trome/2014/01/01/trome_2014-01-01#04.png: EngineCore encountered an issue. See stack trace (above) for the root cause.
Adding requests:   0%|          | 0/1 [00:00<?, ?it/s]Adding requests:   0%|          | 0/1 [00:00<?, ?it/s]
✗ Failed to process results/images/preprocessed/trome/2014/01/01/trome_2014-01-01#04.png: EngineCore encountered an issue. See stack trace (above) for the root cause.
Adding requests:   0%|          | 0/1 [00:00<?, ?it/s]Adding requests:   0%|          | 0/1 [00:00<?, ?it/s]
✗ Failed to process results/images/preprocessed/trome/2014/01/01/trome_2014-01-01#04.png: EngineCore encountered an issue. See stack trace (above) for the root cause.
Adding requests:   0%|          | 0/1 [00:00<?, ?it/s]Adding requests:   0%|          | 0/1 [00:00<?, ?it/s]
✗ Failed to process results/images/preprocessed/trome/2014/01/01/trome_2014-01-01#04.png: EngineCore encountered an issue. See stack trace (above) for the root cause.
Adding requests:   0%|          | 0/1 [00:00<?, ?it/s]Adding requests:   0%|          | 0/1 [00:00<?, ?it/s]
✗ Failed to process results/images/preprocessed/trome/2014/01/01/trome_2014-01-01#04.png: EngineCore encountered an issue. See stack trace (above) for the root cause.
Adding requests:   0%|          | 0/1 [00:00<?, ?it/s]Adding requests:   0%|          | 0/1 [00:00<?, ?it/s]
✗ Failed to process results/images/preprocessed/trome/2014/01/01/trome_2014-01-01#04.png: The decoder prompt (length 9265) is longer than the maximum model length of 8192. Make sure that `max_model_len` is no smaller than the number of text tokens.
Adding requests:   0%|          | 0/1 [00:00<?, ?it/s]Adding requests:   0%|          | 0/1 [00:00<?, ?it/s]
✗ Failed to process results/images/preprocessed/trome/2014/01/01/trome_2014-01-01#04.png: EngineCore encountered an issue. See stack trace (above) for the root cause.
Adding requests:   0%|          | 0/1 [00:00<?, ?it/s]Adding requests:   0%|          | 0/1 [00:00<?, ?it/s]
✗ Failed to process results/images/preprocessed/trome/2014/01/01/trome_2014-01-01#04.png: EngineCore encountered an issue. See stack trace (above) for the root cause.
Adding requests:   0%|          | 0/1 [00:00<?, ?it/s]Adding requests:   0%|          | 0/1 [00:00<?, ?it/s]
✗ Failed to process results/images/preprocessed/trome/2014/01/01/trome_2014-01-01#04.png: EngineCore encountered an issue. See stack trace (above) for the root cause.
Adding requests:   0%|          | 0/1 [00:00<?, ?it/s]Adding requests:   0%|          | 0/1 [00:00<?, ?it/s]
✗ Failed to process results/images/preprocessed/trome/2014/01/01/trome_2014-01-01#04.png: EngineCore encountered an issue. See stack trace (above) for the root cause.
Adding requests:   0%|          | 0/1 [00:00<?, ?it/s]Adding requests:   0%|          | 0/1 [00:00<?, ?it/s]
✗ Failed to process results/images/preprocessed/trome/2014/01/01/trome_2014-01-01#04.png: EngineCore encountered an issue. See stack trace (above) for the root cause.
Adding requests:   0%|          | 0/1 [00:00<?, ?it/s]Adding requests:   0%|          | 0/1 [00:00<?, ?it/s]
✗ Failed to process results/images/preprocessed/trome/2014/01/01/trome_2014-01-01#04.png: EngineCore encountered an issue. See stack trace (above) for the root cause.
Adding requests:   0%|          | 0/1 [00:00<?, ?it/s]Adding requests:   0%|          | 0/1 [00:00<?, ?it/s]
✗ Failed to process results/images/preprocessed/trome/2014/01/01/trome_2014-01-01#04.png: EngineCore encountered an issue. See stack trace (above) for the root cause.
Adding requests:   0%|          | 0/1 [00:00<?, ?it/s]Adding requests:   0%|          | 0/1 [00:00<?, ?it/s]
✗ Failed to process results/images/preprocessed/trome/2014/01/01/trome_2014-01-01#04.png: EngineCore encountered an issue. See stack trace (above) for the root cause.
Adding requests:   0%|          | 0/1 [00:00<?, ?it/s]Adding requests:   0%|          | 0/1 [00:00<?, ?it/s]
✗ Failed to process results/images/preprocessed/trome/2014/01/01/trome_2014-01-01#04.png: EngineCore encountered an issue. See stack trace (above) for the root cause.
Adding requests:   0%|          | 0/1 [00:00<?, ?it/s]Adding requests:   0%|          | 0/1 [00:00<?, ?it/s]
✗ Failed to process results/images/preprocessed/trome/2014/01/01/trome_2014-01-01#04.png: EngineCore encountered an issue. See stack trace (above) for the root cause.
Adding requests:   0%|          | 0/1 [00:00<?, ?it/s]Adding requests:   0%|          | 0/1 [00:00<?, ?it/s]
✗ Failed to process results/images/preprocessed/trome/2014/01/01/trome_2014-01-01#04.png: EngineCore encountered an issue. See stack trace (above) for the root cause.
Adding requests:   0%|          | 0/1 [00:00<?, ?it/s]Adding requests:   0%|          | 0/1 [00:00<?, ?it/s]
✗ Failed to process results/images/preprocessed/trome/2014/01/01/trome_2014-01-01#04.png: EngineCore encountered an issue. See stack trace (above) for the root cause.
Adding requests:   0%|          | 0/1 [00:00<?, ?it/s]Adding requests:   0%|          | 0/1 [00:00<?, ?it/s]
✗ Failed to process results/images/preprocessed/trome/2014/01/01/trome_2014-01-01#04.png: EngineCore encountered an issue. See stack trace (above) for the root cause.
Adding requests:   0%|          | 0/1 [00:00<?, ?it/s]Adding requests:   0%|          | 0/1 [00:00<?, ?it/s]
✗ Failed to process results/images/preprocessed/trome/2014/01/01/trome_2014-01-01#04.png: EngineCore encountered an issue. See stack trace (above) for the root cause.
Adding requests:   0%|          | 0/1 [00:00<?, ?it/s]Adding requests:   0%|          | 0/1 [00:00<?, ?it/s]
✗ Failed to process results/images/preprocessed/trome/2014/01/01/trome_2014-01-01#04.png: EngineCore encountered an issue. See stack trace (above) for the root cause.
Adding requests:   0%|          | 0/1 [00:00<?, ?it/s]Adding requests:   0%|          | 0/1 [00:00<?, ?it/s]
✗ Failed to process results/images/preprocessed/trome/2014/01/01/trome_2014-01-01#04.png: EngineCore encountered an issue. See stack trace (above) for the root cause.
Adding requests:   0%|          | 0/1 [00:00<?, ?it/s]Adding requests:   0%|          | 0/1 [00:00<?, ?it/s]
✗ Failed to process results/images/preprocessed/trome/2014/01/01/trome_2014-01-01#04.png: EngineCore encountered an issue. See stack trace (above) for the root cause.
Adding requests:   0%|          | 0/1 [00:00<?, ?it/s]Adding requests:   0%|          | 0/1 [00:00<?, ?it/s]
✗ Failed to process results/images/preprocessed/trome/2014/01/01/trome_2014-01-01#04.png: EngineCore encountered an issue. See stack trace (above) for the root cause.
Adding requests:   0%|          | 0/1 [00:00<?, ?it/s]Adding requests:   0%|          | 0/1 [00:00<?, ?it/s]
✗ Failed to process results/images/preprocessed/trome/2014/01/01/trome_2014-01-01#04.png: EngineCore encountered an issue. See stack trace (above) for the root cause.
Adding requests:   0%|          | 0/1 [00:00<?, ?it/s]Adding requests:   0%|          | 0/1 [00:00<?, ?it/s]
✗ Failed to process results/images/preprocessed/trome/2014/01/01/trome_2014-01-01#04.png: EngineCore encountered an issue. See stack trace (above) for the root cause.
Adding requests:   0%|          | 0/1 [00:00<?, ?it/s]Adding requests:   0%|          | 0/1 [00:00<?, ?it/s]
✗ Failed to process results/images/preprocessed/trome/2014/01/01/trome_2014-01-01#04.png: EngineCore encountered an issue. See stack trace (above) for the root cause.
Adding requests:   0%|          | 0/1 [00:00<?, ?it/s]Adding requests:   0%|          | 0/1 [00:00<?, ?it/s]
✗ Failed to process results/images/preprocessed/trome/2014/01/01/trome_2014-01-01#04.png: EngineCore encountered an issue. See stack trace (above) for the root cause.
Adding requests:   0%|          | 0/1 [00:00<?, ?it/s]Adding requests:   0%|          | 0/1 [00:00<?, ?it/s]
✗ Failed to process results/images/preprocessed/trome/2014/01/01/trome_2014-01-01#04.png: EngineCore encountered an issue. See stack trace (above) for the root cause.
Adding requests:   0%|          | 0/1 [00:00<?, ?it/s]Adding requests:   0%|          | 0/1 [00:00<?, ?it/s]
✗ Failed to process results/images/preprocessed/trome/2014/01/01/trome_2014-01-01#04.png: EngineCore encountered an issue. See stack trace (above) for the root cause.
Adding requests:   0%|          | 0/1 [00:00<?, ?it/s]Adding requests:   0%|          | 0/1 [00:00<?, ?it/s]
✗ Failed to process results/images/preprocessed/trome/2014/01/01/trome_2014-01-01#04.png: EngineCore encountered an issue. See stack trace (above) for the root cause.
Adding requests:   0%|          | 0/1 [00:00<?, ?it/s]Adding requests:   0%|          | 0/1 [00:00<?, ?it/s]
✗ Failed to process results/images/preprocessed/trome/2014/01/01/trome_2014-01-01#04.png: EngineCore encountered an issue. See stack trace (above) for the root cause.
Adding requests:   0%|          | 0/1 [00:00<?, ?it/s]Adding requests:   0%|          | 0/1 [00:00<?, ?it/s]
✗ Failed to process results/images/preprocessed/trome/2014/01/01/trome_2014-01-01#04.png: EngineCore encountered an issue. See stack trace (above) for the root cause.
Adding requests:   0%|          | 0/1 [00:00<?, ?it/s]Adding requests:   0%|          | 0/1 [00:00<?, ?it/s]
✗ Failed to process results/images/preprocessed/trome/2014/01/01/trome_2014-01-01#04.png: EngineCore encountered an issue. See stack trace (above) for the root cause.
Adding requests:   0%|          | 0/1 [00:00<?, ?it/s]Adding requests:   0%|          | 0/1 [00:00<?, ?it/s]
✗ Failed to process results/images/preprocessed/trome/2014/01/01/trome_2014-01-01#04.png: EngineCore encountered an issue. See stack trace (above) for the root cause.
Adding requests:   0%|          | 0/1 [00:00<?, ?it/s]Adding requests:   0%|          | 0/1 [00:00<?, ?it/s]
✗ Failed to process results/images/preprocessed/trome/2014/01/01/trome_2014-01-01#04.png: EngineCore encountered an issue. See stack trace (above) for the root cause.
Adding requests:   0%|          | 0/1 [00:00<?, ?it/s]Adding requests:   0%|          | 0/1 [00:00<?, ?it/s]
✗ Failed to process results/images/preprocessed/trome/2014/01/01/trome_2014-01-01#04.png: EngineCore encountered an issue. See stack trace (above) for the root cause.
Adding requests:   0%|          | 0/1 [00:00<?, ?it/s]Adding requests:   0%|          | 0/1 [00:00<?, ?it/s]
✗ Failed to process results/images/preprocessed/trome/2014/01/01/trome_2014-01-01#04.png: EngineCore encountered an issue. See stack trace (above) for the root cause.
Adding requests:   0%|          | 0/1 [00:00<?, ?it/s]Adding requests:   0%|          | 0/1 [00:00<?, ?it/s]
✗ Failed to process results/images/preprocessed/trome/2014/01/01/trome_2014-01-01#04.png: EngineCore encountered an issue. See stack trace (above) for the root cause.
Adding requests:   0%|          | 0/1 [00:00<?, ?it/s]Adding requests:   0%|          | 0/1 [00:00<?, ?it/s]
✗ Failed to process results/images/preprocessed/trome/2014/01/01/trome_2014-01-01#04.png: EngineCore encountered an issue. See stack trace (above) for the root cause.
Adding requests:   0%|          | 0/1 [00:00<?, ?it/s]Adding requests:   0%|          | 0/1 [00:00<?, ?it/s]
✗ Failed to process results/images/preprocessed/trome/2014/01/01/trome_2014-01-01#04.png: EngineCore encountered an issue. See stack trace (above) for the root cause.
Adding requests:   0%|          | 0/1 [00:00<?, ?it/s]Adding requests:   0%|          | 0/1 [00:00<?, ?it/s]
✗ Failed to process results/images/preprocessed/trome/2014/01/01/trome_2014-01-01#04.png: EngineCore encountered an issue. See stack trace (above) for the root cause.
Adding requests:   0%|          | 0/1 [00:00<?, ?it/s]Adding requests:   0%|          | 0/1 [00:00<?, ?it/s]
✗ Failed to process results/images/preprocessed/trome/2014/01/01/trome_2014-01-01#04.png: EngineCore encountered an issue. See stack trace (above) for the root cause.
Adding requests:   0%|          | 0/1 [00:00<?, ?it/s]Adding requests:   0%|          | 0/1 [00:00<?, ?it/s]
✗ Failed to process results/images/preprocessed/trome/2014/01/01/trome_2014-01-01#04.png: EngineCore encountered an issue. See stack trace (above) for the root cause.
Adding requests:   0%|          | 0/1 [00:00<?, ?it/s]Adding requests:   0%|          | 0/1 [00:00<?, ?it/s]
✗ Failed to process results/images/preprocessed/trome/2014/01/01/trome_2014-01-01#04.png: EngineCore encountered an issue. See stack trace (above) for the root cause.
Adding requests:   0%|          | 0/1 [00:00<?, ?it/s]Adding requests:   0%|          | 0/1 [00:00<?, ?it/s]
✗ Failed to process results/images/preprocessed/trome/2014/01/01/trome_2014-01-01#04.png: EngineCore encountered an issue. See stack trace (above) for the root cause.
Adding requests:   0%|          | 0/1 [00:00<?, ?it/s]Adding requests:   0%|          | 0/1 [00:00<?, ?it/s]
✗ Failed to process results/images/preprocessed/trome/2014/01/01/trome_2014-01-01#04.png: EngineCore encountered an issue. See stack trace (above) for the root cause.
Adding requests:   0%|          | 0/1 [00:00<?, ?it/s]Adding requests:   0%|          | 0/1 [00:00<?, ?it/s]
✗ Failed to process results/images/preprocessed/trome/2014/01/01/trome_2014-01-01#04.png: EngineCore encountered an issue. See stack trace (above) for the root cause.
Adding requests:   0%|          | 0/1 [00:00<?, ?it/s]Adding requests:   0%|          | 0/1 [00:00<?, ?it/s]
✗ Failed to process results/images/preprocessed/trome/2014/01/01/trome_2014-01-01#04.png: EngineCore encountered an issue. See stack trace (above) for the root cause.
Adding requests:   0%|          | 0/1 [00:00<?, ?it/s]Adding requests:   0%|          | 0/1 [00:00<?, ?it/s]
✗ Failed to process results/images/preprocessed/trome/2014/01/01/trome_2014-01-01#04.png: EngineCore encountered an issue. See stack trace (above) for the root cause.
Adding requests:   0%|          | 0/1 [00:00<?, ?it/s]Adding requests:   0%|          | 0/1 [00:00<?, ?it/s]
✗ Failed to process results/images/preprocessed/trome/2014/01/01/trome_2014-01-01#04.png: EngineCore encountered an issue. See stack trace (above) for the root cause.
Adding requests:   0%|          | 0/1 [00:00<?, ?it/s]Adding requests:   0%|          | 0/1 [00:00<?, ?it/s]
✗ Failed to process results/images/preprocessed/trome/2014/01/01/trome_2014-01-01#04.png: EngineCore encountered an issue. See stack trace (above) for the root cause.
Adding requests:   0%|          | 0/1 [00:00<?, ?it/s]Adding requests:   0%|          | 0/1 [00:00<?, ?it/s]
✗ Failed to process results/images/preprocessed/trome/2014/01/01/trome_2014-01-01#04.png: EngineCore encountered an issue. See stack trace (above) for the root cause.
Adding requests:   0%|          | 0/1 [00:00<?, ?it/s]Adding requests:   0%|          | 0/1 [00:00<?, ?it/s]
✗ Failed to process results/images/preprocessed/trome/2014/01/01/trome_2014-01-01#04.png: EngineCore encountered an issue. See stack trace (above) for the root cause.
Adding requests:   0%|          | 0/1 [00:00<?, ?it/s]Adding requests:   0%|          | 0/1 [00:00<?, ?it/s]
✗ Failed to process results/images/preprocessed/trome/2014/01/01/trome_2014-01-01#04.png: EngineCore encountered an issue. See stack trace (above) for the root cause.
Adding requests:   0%|          | 0/1 [00:00<?, ?it/s]Adding requests:   0%|          | 0/1 [00:00<?, ?it/s]
✗ Failed to process results/images/preprocessed/trome/2014/01/01/trome_2014-01-01#04.png: EngineCore encountered an issue. See stack trace (above) for the root cause.
Adding requests:   0%|          | 0/1 [00:00<?, ?it/s]Adding requests:   0%|          | 0/1 [00:00<?, ?it/s]
✗ Failed to process results/images/preprocessed/trome/2014/01/01/trome_2014-01-01#04.png: EngineCore encountered an issue. See stack trace (above) for the root cause.
Adding requests:   0%|          | 0/1 [00:00<?, ?it/s]Adding requests:   0%|          | 0/1 [00:00<?, ?it/s]
✗ Failed to process results/images/preprocessed/trome/2014/01/01/trome_2014-01-01#04.png: EngineCore encountered an issue. See stack trace (above) for the root cause.
Adding requests:   0%|          | 0/1 [00:00<?, ?it/s]Adding requests:   0%|          | 0/1 [00:00<?, ?it/s]
✗ Failed to process results/images/preprocessed/trome/2014/01/01/trome_2014-01-01#04.png: EngineCore encountered an issue. See stack trace (above) for the root cause.
Adding requests:   0%|          | 0/1 [00:00<?, ?it/s]Adding requests:   0%|          | 0/1 [00:00<?, ?it/s]
✗ Failed to process results/images/preprocessed/trome/2014/01/01/trome_2014-01-01#04.png: EngineCore encountered an issue. See stack trace (above) for the root cause.
Adding requests:   0%|          | 0/1 [00:00<?, ?it/s]Adding requests:   0%|          | 0/1 [00:00<?, ?it/s]
✗ Failed to process results/images/preprocessed/trome/2014/01/01/trome_2014-01-01#04.png: EngineCore encountered an issue. See stack trace (above) for the root cause.
Adding requests:   0%|          | 0/1 [00:00<?, ?it/s]Adding requests:   0%|          | 0/1 [00:00<?, ?it/s]
✗ Failed to process results/images/preprocessed/trome/2014/01/01/trome_2014-01-01#04.png: EngineCore encountered an issue. See stack trace (above) for the root cause.
Adding requests:   0%|          | 0/1 [00:00<?, ?it/s]Adding requests:   0%|          | 0/1 [00:00<?, ?it/s]
✗ Failed to process results/images/preprocessed/trome/2014/01/01/trome_2014-01-01#04.png: EngineCore encountered an issue. See stack trace (above) for the root cause.
Adding requests:   0%|          | 0/1 [00:00<?, ?it/s]Adding requests:   0%|          | 0/1 [00:00<?, ?it/s]
✗ Failed to process results/images/preprocessed/trome/2014/01/01/trome_2014-01-01#04.png: EngineCore encountered an issue. See stack trace (above) for the root cause.
Adding requests:   0%|          | 0/1 [00:00<?, ?it/s]Adding requests:   0%|          | 0/1 [00:00<?, ?it/s]
✗ Failed to process results/images/preprocessed/trome/2014/01/01/trome_2014-01-01#04.png: EngineCore encountered an issue. See stack trace (above) for the root cause.
Adding requests:   0%|          | 0/1 [00:00<?, ?it/s]Adding requests:   0%|          | 0/1 [00:00<?, ?it/s]
✗ Failed to process results/images/preprocessed/trome/2014/01/01/trome_2014-01-01#04.png: EngineCore encountered an issue. See stack trace (above) for the root cause.
Adding requests:   0%|          | 0/1 [00:00<?, ?it/s]Adding requests:   0%|          | 0/1 [00:00<?, ?it/s]
✗ Failed to process results/images/preprocessed/trome/2014/01/01/trome_2014-01-01#04.png: EngineCore encountered an issue. See stack trace (above) for the root cause.
Adding requests:   0%|          | 0/1 [00:00<?, ?it/s]Adding requests:   0%|          | 0/1 [00:00<?, ?it/s]
✗ Failed to process results/images/preprocessed/trome/2014/01/01/trome_2014-01-01#04.png: EngineCore encountered an issue. See stack trace (above) for the root cause.
Adding requests:   0%|          | 0/1 [00:00<?, ?it/s]Adding requests:   0%|          | 0/1 [00:00<?, ?it/s]
✗ Failed to process results/images/preprocessed/trome/2014/01/01/trome_2014-01-01#04.png: EngineCore encountered an issue. See stack trace (above) for the root cause.
Adding requests:   0%|          | 0/1 [00:00<?, ?it/s]Adding requests:   0%|          | 0/1 [00:00<?, ?it/s]
✗ Failed to process results/images/preprocessed/trome/2014/01/01/trome_2014-01-01#04.png: EngineCore encountered an issue. See stack trace (above) for the root cause.
Adding requests:   0%|          | 0/1 [00:00<?, ?it/s]Adding requests:   0%|          | 0/1 [00:00<?, ?it/s]
✗ Failed to process results/images/preprocessed/trome/2014/01/01/trome_2014-01-01#04.png: EngineCore encountered an issue. See stack trace (above) for the root cause.
Adding requests:   0%|          | 0/1 [00:00<?, ?it/s]Adding requests:   0%|          | 0/1 [00:00<?, ?it/s]
✗ Failed to process results/images/preprocessed/trome/2014/01/01/trome_2014-01-01#04.png: EngineCore encountered an issue. See stack trace (above) for the root cause.
Adding requests:   0%|          | 0/1 [00:00<?, ?it/s]Adding requests:   0%|          | 0/1 [00:00<?, ?it/s]
✗ Failed to process results/images/preprocessed/trome/2014/01/01/trome_2014-01-01#04.png: EngineCore encountered an issue. See stack trace (above) for the root cause.
Adding requests:   0%|          | 0/1 [00:00<?, ?it/s]Adding requests:   0%|          | 0/1 [00:00<?, ?it/s]
✗ Failed to process results/images/preprocessed/trome/2014/01/01/trome_2014-01-01#04.png: EngineCore encountered an issue. See stack trace (above) for the root cause.
Adding requests:   0%|          | 0/1 [00:00<?, ?it/s]Adding requests:   0%|          | 0/1 [00:00<?, ?it/s]
✗ Failed to process results/images/preprocessed/trome/2014/01/01/trome_2014-01-01#04.png: EngineCore encountered an issue. See stack trace (above) for the root cause.
Adding requests:   0%|          | 0/1 [00:00<?, ?it/s]Adding requests:   0%|          | 0/1 [00:00<?, ?it/s]
✗ Failed to process results/images/preprocessed/trome/2014/01/01/trome_2014-01-01#04.png: EngineCore encountered an issue. See stack trace (above) for the root cause.
Adding requests:   0%|          | 0/1 [00:00<?, ?it/s]Adding requests:   0%|          | 0/1 [00:00<?, ?it/s]
✗ Failed to process results/images/preprocessed/trome/2014/01/01/trome_2014-01-01#04.png: EngineCore encountered an issue. See stack trace (above) for the root cause.
Adding requests:   0%|          | 0/1 [00:00<?, ?it/s]Adding requests:   0%|          | 0/1 [00:00<?, ?it/s]
✗ Failed to process results/images/preprocessed/trome/2014/01/01/trome_2014-01-01#04.png: EngineCore encountered an issue. See stack trace (above) for the root cause.
Adding requests:   0%|          | 0/1 [00:00<?, ?it/s]Adding requests:   0%|          | 0/1 [00:00<?, ?it/s]
✗ Failed to process results/images/preprocessed/trome/2014/01/01/trome_2014-01-01#04.png: EngineCore encountered an issue. See stack trace (above) for the root cause.
Adding requests:   0%|          | 0/1 [00:00<?, ?it/s]Adding requests:   0%|          | 0/1 [00:00<?, ?it/s]
✗ Failed to process results/images/preprocessed/trome/2014/01/01/trome_2014-01-01#04.png: EngineCore encountered an issue. See stack trace (above) for the root cause.
Adding requests:   0%|          | 0/1 [00:00<?, ?it/s]Adding requests:   0%|          | 0/1 [00:00<?, ?it/s]
✗ Failed to process results/images/preprocessed/trome/2014/01/01/trome_2014-01-01#04.png: EngineCore encountered an issue. See stack trace (above) for the root cause.
Adding requests:   0%|          | 0/1 [00:00<?, ?it/s]Adding requests:   0%|          | 0/1 [00:00<?, ?it/s]
✗ Failed to process results/images/preprocessed/trome/2014/01/01/trome_2014-01-01#04.png: EngineCore encountered an issue. See stack trace (above) for the root cause.
Adding requests:   0%|          | 0/1 [00:00<?, ?it/s]Adding requests:   0%|          | 0/1 [00:00<?, ?it/s]
✗ Failed to process results/images/preprocessed/trome/2014/01/01/trome_2014-01-01#04.png: EngineCore encountered an issue. See stack trace (above) for the root cause.
Adding requests:   0%|          | 0/1 [00:00<?, ?it/s]Adding requests:   0%|          | 0/1 [00:00<?, ?it/s]
✗ Failed to process results/images/preprocessed/trome/2014/01/01/trome_2014-01-01#04.png: EngineCore encountered an issue. See stack trace (above) for the root cause.
Adding requests:   0%|          | 0/1 [00:00<?, ?it/s]Adding requests:   0%|          | 0/1 [00:00<?, ?it/s]
✗ Failed to process results/images/preprocessed/trome/2014/01/01/trome_2014-01-01#04.png: EngineCore encountered an issue. See stack trace (above) for the root cause.
Adding requests:   0%|          | 0/1 [00:00<?, ?it/s]Adding requests:   0%|          | 0/1 [00:00<?, ?it/s]
✗ Failed to process results/images/preprocessed/trome/2014/01/01/trome_2014-01-01#04.png: EngineCore encountered an issue. See stack trace (above) for the root cause.
Adding requests:   0%|          | 0/1 [00:00<?, ?it/s]Adding requests:   0%|          | 0/1 [00:00<?, ?it/s]
✗ Failed to process results/images/preprocessed/trome/2014/01/01/trome_2014-01-01#04.png: EngineCore encountered an issue. See stack trace (above) for the root cause.
Adding requests:   0%|          | 0/1 [00:00<?, ?it/s]Adding requests:   0%|          | 0/1 [00:00<?, ?it/s]
✗ Failed to process results/images/preprocessed/trome/2014/01/01/trome_2014-01-01#04.png: EngineCore encountered an issue. See stack trace (above) for the root cause.
Adding requests:   0%|          | 0/1 [00:00<?, ?it/s]Adding requests:   0%|          | 0/1 [00:00<?, ?it/s]
✗ Failed to process results/images/preprocessed/trome/2014/01/01/trome_2014-01-01#04.png: EngineCore encountered an issue. See stack trace (above) for the root cause.
Adding requests:   0%|          | 0/1 [00:00<?, ?it/s]Adding requests:   0%|          | 0/1 [00:00<?, ?it/s]
✗ Failed to process results/images/preprocessed/trome/2014/01/01/trome_2014-01-01#04.png: EngineCore encountered an issue. See stack trace (above) for the root cause.
Adding requests:   0%|          | 0/1 [00:00<?, ?it/s]Adding requests:   0%|          | 0/1 [00:00<?, ?it/s]
✗ Failed to process results/images/preprocessed/trome/2014/01/01/trome_2014-01-01#04.png: EngineCore encountered an issue. See stack trace (above) for the root cause.
Adding requests:   0%|          | 0/1 [00:00<?, ?it/s]Adding requests:   0%|          | 0/1 [00:00<?, ?it/s]
✗ Failed to process results/images/preprocessed/trome/2014/01/01/trome_2014-01-01#04.png: EngineCore encountered an issue. See stack trace (above) for the root cause.
Adding requests:   0%|          | 0/1 [00:00<?, ?it/s]Adding requests:   0%|          | 0/1 [00:00<?, ?it/s]
✗ Failed to process results/images/preprocessed/trome/2014/01/01/trome_2014-01-01#04.png: EngineCore encountered an issue. See stack trace (above) for the root cause.
Adding requests:   0%|          | 0/1 [00:00<?, ?it/s]Adding requests:   0%|          | 0/1 [00:00<?, ?it/s]
✗ Failed to process results/images/preprocessed/trome/2014/01/01/trome_2014-01-01#04.png: EngineCore encountered an issue. See stack trace (above) for the root cause.
Adding requests:   0%|          | 0/1 [00:00<?, ?it/s]Adding requests:   0%|          | 0/1 [00:00<?, ?it/s]
✗ Failed to process results/images/preprocessed/trome/2014/01/01/trome_2014-01-01#04.png: EngineCore encountered an issue. See stack trace (above) for the root cause.
Adding requests:   0%|          | 0/1 [00:00<?, ?it/s]Adding requests:   0%|          | 0/1 [00:00<?, ?it/s]
✗ Failed to process results/images/preprocessed/trome/2014/01/01/trome_2014-01-01#04.png: EngineCore encountered an issue. See stack trace (above) for the root cause.
Adding requests:   0%|          | 0/1 [00:00<?, ?it/s]Adding requests:   0%|          | 0/1 [00:00<?, ?it/s]
✗ Failed to process results/images/preprocessed/trome/2014/01/01/trome_2014-01-01#04.png: EngineCore encountered an issue. See stack trace (above) for the root cause.
Adding requests:   0%|          | 0/1 [00:00<?, ?it/s]Adding requests:   0%|          | 0/1 [00:00<?, ?it/s]
✗ Failed to process results/images/preprocessed/trome/2014/01/01/trome_2014-01-01#04.png: EngineCore encountered an issue. See stack trace (above) for the root cause.
Adding requests:   0%|          | 0/1 [00:00<?, ?it/s]Adding requests:   0%|          | 0/1 [00:00<?, ?it/s]
✗ Failed to process results/images/preprocessed/trome/2014/01/01/trome_2014-01-01#04.png: EngineCore encountered an issue. See stack trace (above) for the root cause.
Adding requests:   0%|          | 0/1 [00:00<?, ?it/s]Adding requests:   0%|          | 0/1 [00:00<?, ?it/s]
✗ Failed to process results/images/preprocessed/trome/2014/01/01/trome_2014-01-01#04.png: EngineCore encountered an issue. See stack trace (above) for the root cause.
Adding requests:   0%|          | 0/1 [00:00<?, ?it/s]Adding requests:   0%|          | 0/1 [00:00<?, ?it/s]
✗ Failed to process results/images/preprocessed/trome/2014/01/01/trome_2014-01-01#04.png: EngineCore encountered an issue. See stack trace (above) for the root cause.
Adding requests:   0%|          | 0/1 [00:00<?, ?it/s]Adding requests:   0%|          | 0/1 [00:00<?, ?it/s]
✗ Failed to process results/images/preprocessed/trome/2014/01/01/trome_2014-01-01#04.png: EngineCore encountered an issue. See stack trace (above) for the root cause.
Adding requests:   0%|          | 0/1 [00:00<?, ?it/s]Adding requests:   0%|          | 0/1 [00:00<?, ?it/s]
✗ Failed to process results/images/preprocessed/trome/2014/01/01/trome_2014-01-01#04.png: EngineCore encountered an issue. See stack trace (above) for the root cause.
Adding requests:   0%|          | 0/1 [00:00<?, ?it/s]Adding requests:   0%|          | 0/1 [00:00<?, ?it/s]
✗ Failed to process results/images/preprocessed/trome/2014/01/01/trome_2014-01-01#04.png: EngineCore encountered an issue. See stack trace (above) for the root cause.
Adding requests:   0%|          | 0/1 [00:00<?, ?it/s]Adding requests:   0%|          | 0/1 [00:00<?, ?it/s]
✗ Failed to process results/images/preprocessed/trome/2014/01/01/trome_2014-01-01#04.png: EngineCore encountered an issue. See stack trace (above) for the root cause.
Adding requests:   0%|          | 0/1 [00:00<?, ?it/s]Adding requests:   0%|          | 0/1 [00:00<?, ?it/s]
✗ Failed to process results/images/preprocessed/trome/2014/01/01/trome_2014-01-01#04.png: EngineCore encountered an issue. See stack trace (above) for the root cause.
Adding requests:   0%|          | 0/1 [00:00<?, ?it/s]Adding requests:   0%|          | 0/1 [00:00<?, ?it/s]
✗ Failed to process results/images/preprocessed/trome/2014/01/01/trome_2014-01-01#04.png: EngineCore encountered an issue. See stack trace (above) for the root cause.
Adding requests:   0%|          | 0/1 [00:00<?, ?it/s]Adding requests:   0%|          | 0/1 [00:00<?, ?it/s]
✗ Failed to process results/images/preprocessed/trome/2014/01/01/trome_2014-01-01#04.png: EngineCore encountered an issue. See stack trace (above) for the root cause.
Adding requests:   0%|          | 0/1 [00:00<?, ?it/s]Adding requests:   0%|          | 0/1 [00:00<?, ?it/s]
✗ Failed to process results/images/preprocessed/trome/2014/01/01/trome_2014-01-01#04.png: The decoder prompt (length 12033) is longer than the maximum model length of 8192. Make sure that `max_model_len` is no smaller than the number of text tokens.
Adding requests:   0%|          | 0/1 [00:00<?, ?it/s]Adding requests:   0%|          | 0/1 [00:00<?, ?it/s]
✗ Failed to process results/images/preprocessed/trome/2014/01/01/trome_2014-01-01#04.png: EngineCore encountered an issue. See stack trace (above) for the root cause.
Adding requests:   0%|          | 0/1 [00:00<?, ?it/s]Adding requests:   0%|          | 0/1 [00:00<?, ?it/s]
✗ Failed to process results/images/preprocessed/trome/2014/01/01/trome_2014-01-01#04.png: The decoder prompt (length 8292) is longer than the maximum model length of 8192. Make sure that `max_model_len` is no smaller than the number of text tokens.
Adding requests:   0%|          | 0/1 [00:00<?, ?it/s]Adding requests:   0%|          | 0/1 [00:00<?, ?it/s]
✗ Failed to process results/images/preprocessed/trome/2014/01/01/trome_2014-01-01#04.png: EngineCore encountered an issue. See stack trace (above) for the root cause.
Adding requests:   0%|          | 0/1 [00:00<?, ?it/s]Adding requests:   0%|          | 0/1 [00:00<?, ?it/s]
✗ Failed to process results/images/preprocessed/trome/2014/01/01/trome_2014-01-01#04.png: EngineCore encountered an issue. See stack trace (above) for the root cause.
Adding requests:   0%|          | 0/1 [00:00<?, ?it/s]Adding requests:   0%|          | 0/1 [00:00<?, ?it/s]
✗ Failed to process results/images/preprocessed/trome/2014/01/01/trome_2014-01-01#04.png: EngineCore encountered an issue. See stack trace (above) for the root cause.
Adding requests:   0%|          | 0/1 [00:00<?, ?it/s]Adding requests:   0%|          | 0/1 [00:00<?, ?it/s]
✗ Failed to process results/images/preprocessed/trome/2014/01/01/trome_2014-01-01#04.png: EngineCore encountered an issue. See stack trace (above) for the root cause.
Adding requests:   0%|          | 0/1 [00:00<?, ?it/s]Adding requests:   0%|          | 0/1 [00:00<?, ?it/s]
✗ Failed to process results/images/preprocessed/trome/2014/01/01/trome_2014-01-01#04.png: EngineCore encountered an issue. See stack trace (above) for the root cause.
Adding requests:   0%|          | 0/1 [00:00<?, ?it/s]Adding requests:   0%|          | 0/1 [00:00<?, ?it/s]
✗ Failed to process results/images/preprocessed/trome/2014/01/01/trome_2014-01-01#04.png: EngineCore encountered an issue. See stack trace (above) for the root cause.
Adding requests:   0%|          | 0/1 [00:00<?, ?it/s]Adding requests:   0%|          | 0/1 [00:00<?, ?it/s]
✗ Failed to process results/images/preprocessed/trome/2014/01/01/trome_2014-01-01#04.png: EngineCore encountered an issue. See stack trace (above) for the root cause.
Adding requests:   0%|          | 0/1 [00:00<?, ?it/s]Adding requests:   0%|          | 0/1 [00:00<?, ?it/s]
✗ Failed to process results/images/preprocessed/trome/2014/01/01/trome_2014-01-01#04.png: EngineCore encountered an issue. See stack trace (above) for the root cause.
Adding requests:   0%|          | 0/1 [00:00<?, ?it/s]Adding requests:   0%|          | 0/1 [00:00<?, ?it/s]
✗ Failed to process results/images/preprocessed/trome/2014/01/01/trome_2014-01-01#04.png: EngineCore encountered an issue. See stack trace (above) for the root cause.
Adding requests:   0%|          | 0/1 [00:00<?, ?it/s]Adding requests:   0%|          | 0/1 [00:00<?, ?it/s]
✗ Failed to process results/images/preprocessed/trome/2014/01/01/trome_2014-01-01#04.png: EngineCore encountered an issue. See stack trace (above) for the root cause.
Adding requests:   0%|          | 0/1 [00:00<?, ?it/s]Adding requests:   0%|          | 0/1 [00:00<?, ?it/s]
✗ Failed to process results/images/preprocessed/trome/2014/01/01/trome_2014-01-01#04.png: EngineCore encountered an issue. See stack trace (above) for the root cause.
Adding requests:   0%|          | 0/1 [00:00<?, ?it/s]Adding requests:   0%|          | 0/1 [00:00<?, ?it/s]
✗ Failed to process results/images/preprocessed/trome/2014/01/01/trome_2014-01-01#04.png: EngineCore encountered an issue. See stack trace (above) for the root cause.
Adding requests:   0%|          | 0/1 [00:00<?, ?it/s]Adding requests:   0%|          | 0/1 [00:00<?, ?it/s]
✗ Failed to process results/images/preprocessed/trome/2014/01/01/trome_2014-01-01#04.png: EngineCore encountered an issue. See stack trace (above) for the root cause.
Adding requests:   0%|          | 0/1 [00:00<?, ?it/s]Adding requests:   0%|          | 0/1 [00:00<?, ?it/s]
✗ Failed to process results/images/preprocessed/trome/2014/01/01/trome_2014-01-01#04.png: EngineCore encountered an issue. See stack trace (above) for the root cause.
Adding requests:   0%|          | 0/1 [00:00<?, ?it/s]Adding requests:   0%|          | 0/1 [00:00<?, ?it/s]
✗ Failed to process results/images/preprocessed/trome/2014/01/01/trome_2014-01-01#04.png: EngineCore encountered an issue. See stack trace (above) for the root cause.
Adding requests:   0%|          | 0/1 [00:00<?, ?it/s]Adding requests:   0%|          | 0/1 [00:00<?, ?it/s]
✗ Failed to process results/images/preprocessed/trome/2014/01/01/trome_2014-01-01#04.png: EngineCore encountered an issue. See stack trace (above) for the root cause.
Adding requests:   0%|          | 0/1 [00:00<?, ?it/s]Adding requests:   0%|          | 0/1 [00:00<?, ?it/s]
✗ Failed to process results/images/preprocessed/trome/2014/01/01/trome_2014-01-01#04.png: EngineCore encountered an issue. See stack trace (above) for the root cause.
Adding requests:   0%|          | 0/1 [00:00<?, ?it/s]Adding requests:   0%|          | 0/1 [00:00<?, ?it/s]
✗ Failed to process results/images/preprocessed/trome/2014/01/01/trome_2014-01-01#04.png: The decoder prompt (length 9544) is longer than the maximum model length of 8192. Make sure that `max_model_len` is no smaller than the number of text tokens.
Adding requests:   0%|          | 0/1 [00:00<?, ?it/s]Adding requests:   0%|          | 0/1 [00:00<?, ?it/s]
✗ Failed to process results/images/preprocessed/trome/2014/01/01/trome_2014-01-01#04.png: EngineCore encountered an issue. See stack trace (above) for the root cause.
Adding requests:   0%|          | 0/1 [00:00<?, ?it/s]Adding requests:   0%|          | 0/1 [00:00<?, ?it/s]
✗ Failed to process results/images/preprocessed/trome/2014/01/01/trome_2014-01-01#04.png: EngineCore encountered an issue. See stack trace (above) for the root cause.
Adding requests:   0%|          | 0/1 [00:00<?, ?it/s]Adding requests:   0%|          | 0/1 [00:00<?, ?it/s]
✗ Failed to process results/images/preprocessed/trome/2014/01/01/trome_2014-01-01#04.png: EngineCore encountered an issue. See stack trace (above) for the root cause.
Adding requests:   0%|          | 0/1 [00:00<?, ?it/s]Adding requests:   0%|          | 0/1 [00:00<?, ?it/s]
✗ Failed to process results/images/preprocessed/trome/2014/01/01/trome_2014-01-01#04.png: EngineCore encountered an issue. See stack trace (above) for the root cause.
Adding requests:   0%|          | 0/1 [00:00<?, ?it/s]Adding requests:   0%|          | 0/1 [00:00<?, ?it/s]
✗ Failed to process results/images/preprocessed/trome/2014/01/01/trome_2014-01-01#04.png: EngineCore encountered an issue. See stack trace (above) for the root cause.
Adding requests:   0%|          | 0/1 [00:00<?, ?it/s]Adding requests:   0%|          | 0/1 [00:00<?, ?it/s]
✗ Failed to process results/images/preprocessed/trome/2014/01/01/trome_2014-01-01#04.png: EngineCore encountered an issue. See stack trace (above) for the root cause.
Adding requests:   0%|          | 0/1 [00:00<?, ?it/s]Adding requests:   0%|          | 0/1 [00:00<?, ?it/s]
✗ Failed to process results/images/preprocessed/trome/2014/01/01/trome_2014-01-01#04.png: EngineCore encountered an issue. See stack trace (above) for the root cause.
Adding requests:   0%|          | 0/1 [00:00<?, ?it/s]Adding requests:   0%|          | 0/1 [00:00<?, ?it/s]
✗ Failed to process results/images/preprocessed/trome/2014/01/01/trome_2014-01-01#04.png: EngineCore encountered an issue. See stack trace (above) for the root cause.
Adding requests:   0%|          | 0/1 [00:00<?, ?it/s]Adding requests:   0%|          | 0/1 [00:00<?, ?it/s]
✗ Failed to process results/images/preprocessed/trome/2014/01/01/trome_2014-01-01#04.png: EngineCore encountered an issue. See stack trace (above) for the root cause.
Adding requests:   0%|          | 0/1 [00:00<?, ?it/s]Adding requests:   0%|          | 0/1 [00:00<?, ?it/s]
✗ Failed to process results/images/preprocessed/trome/2014/01/01/trome_2014-01-01#04.png: EngineCore encountered an issue. See stack trace (above) for the root cause.
Adding requests:   0%|          | 0/1 [00:00<?, ?it/s]Adding requests:   0%|          | 0/1 [00:00<?, ?it/s]
✗ Failed to process results/images/preprocessed/trome/2014/01/01/trome_2014-01-01#04.png: EngineCore encountered an issue. See stack trace (above) for the root cause.
Adding requests:   0%|          | 0/1 [00:00<?, ?it/s]Adding requests:   0%|          | 0/1 [00:00<?, ?it/s]
✗ Failed to process results/images/preprocessed/trome/2014/01/01/trome_2014-01-01#04.png: EngineCore encountered an issue. See stack trace (above) for the root cause.
Adding requests:   0%|          | 0/1 [00:00<?, ?it/s]Adding requests:   0%|          | 0/1 [00:00<?, ?it/s]
✗ Failed to process results/images/preprocessed/trome/2014/01/01/trome_2014-01-01#04.png: EngineCore encountered an issue. See stack trace (above) for the root cause.
Adding requests:   0%|          | 0/1 [00:00<?, ?it/s]Adding requests:   0%|          | 0/1 [00:00<?, ?it/s]
✗ Failed to process results/images/preprocessed/trome/2014/01/01/trome_2014-01-01#04.png: EngineCore encountered an issue. See stack trace (above) for the root cause.
Adding requests:   0%|          | 0/1 [00:00<?, ?it/s]Adding requests:   0%|          | 0/1 [00:00<?, ?it/s]
✗ Failed to process results/images/preprocessed/trome/2014/01/01/trome_2014-01-01#04.png: EngineCore encountered an issue. See stack trace (above) for the root cause.
Adding requests:   0%|          | 0/1 [00:00<?, ?it/s]Adding requests:   0%|          | 0/1 [00:00<?, ?it/s]
✗ Failed to process results/images/preprocessed/trome/2014/01/01/trome_2014-01-01#04.png: EngineCore encountered an issue. See stack trace (above) for the root cause.
Adding requests:   0%|          | 0/1 [00:00<?, ?it/s]Adding requests:   0%|          | 0/1 [00:00<?, ?it/s]
✗ Failed to process results/images/preprocessed/trome/2014/01/01/trome_2014-01-01#04.png: EngineCore encountered an issue. See stack trace (above) for the root cause.
Adding requests:   0%|          | 0/1 [00:00<?, ?it/s]Adding requests:   0%|          | 0/1 [00:00<?, ?it/s]
✗ Failed to process results/images/preprocessed/trome/2014/01/01/trome_2014-01-01#04.png: EngineCore encountered an issue. See stack trace (above) for the root cause.
Adding requests:   0%|          | 0/1 [00:00<?, ?it/s]Adding requests:   0%|          | 0/1 [00:00<?, ?it/s]
✗ Failed to process results/images/preprocessed/trome/2014/01/01/trome_2014-01-01#04.png: EngineCore encountered an issue. See stack trace (above) for the root cause.
Adding requests:   0%|          | 0/1 [00:00<?, ?it/s]Adding requests:   0%|          | 0/1 [00:00<?, ?it/s]
✗ Failed to process results/images/preprocessed/trome/2014/01/01/trome_2014-01-01#04.png: EngineCore encountered an issue. See stack trace (above) for the root cause.
Adding requests:   0%|          | 0/1 [00:00<?, ?it/s]Adding requests:   0%|          | 0/1 [00:00<?, ?it/s]
✗ Failed to process results/images/preprocessed/trome/2014/01/01/trome_2014-01-01#04.png: EngineCore encountered an issue. See stack trace (above) for the root cause.
Adding requests:   0%|          | 0/1 [00:00<?, ?it/s]Adding requests:   0%|          | 0/1 [00:00<?, ?it/s]
✗ Failed to process results/images/preprocessed/trome/2014/01/01/trome_2014-01-01#04.png: EngineCore encountered an issue. See stack trace (above) for the root cause.
Adding requests:   0%|          | 0/1 [00:00<?, ?it/s]Adding requests:   0%|          | 0/1 [00:00<?, ?it/s]
✗ Failed to process results/images/preprocessed/trome/2014/01/01/trome_2014-01-01#04.png: The decoder prompt (length 8263) is longer than the maximum model length of 8192. Make sure that `max_model_len` is no smaller than the number of text tokens.
Adding requests:   0%|          | 0/1 [00:00<?, ?it/s]Adding requests:   0%|          | 0/1 [00:00<?, ?it/s]
✗ Failed to process results/images/preprocessed/trome/2014/01/01/trome_2014-01-01#04.png: EngineCore encountered an issue. See stack trace (above) for the root cause.
Adding requests:   0%|          | 0/1 [00:00<?, ?it/s]Adding requests:   0%|          | 0/1 [00:00<?, ?it/s]
✗ Failed to process results/images/preprocessed/trome/2014/01/01/trome_2014-01-01#04.png: EngineCore encountered an issue. See stack trace (above) for the root cause.
Adding requests:   0%|          | 0/1 [00:00<?, ?it/s]Adding requests:   0%|          | 0/1 [00:00<?, ?it/s]
✗ Failed to process results/images/preprocessed/trome/2014/01/01/trome_2014-01-01#04.png: EngineCore encountered an issue. See stack trace (above) for the root cause.
Adding requests:   0%|          | 0/1 [00:00<?, ?it/s]Adding requests:   0%|          | 0/1 [00:00<?, ?it/s]
✗ Failed to process results/images/preprocessed/trome/2014/01/01/trome_2014-01-01#04.png: EngineCore encountered an issue. See stack trace (above) for the root cause.
Adding requests:   0%|          | 0/1 [00:00<?, ?it/s]Adding requests:   0%|          | 0/1 [00:00<?, ?it/s]
✗ Failed to process results/images/preprocessed/trome/2014/01/01/trome_2014-01-01#04.png: EngineCore encountered an issue. See stack trace (above) for the root cause.
Adding requests:   0%|          | 0/1 [00:00<?, ?it/s]Adding requests:   0%|          | 0/1 [00:00<?, ?it/s]
✗ Failed to process results/images/preprocessed/trome/2014/01/01/trome_2014-01-01#04.png: EngineCore encountered an issue. See stack trace (above) for the root cause.
Adding requests:   0%|          | 0/1 [00:00<?, ?it/s]Adding requests:   0%|          | 0/1 [00:00<?, ?it/s]
✗ Failed to process results/images/preprocessed/trome/2014/01/01/trome_2014-01-01#04.png: EngineCore encountered an issue. See stack trace (above) for the root cause.
Adding requests:   0%|          | 0/1 [00:00<?, ?it/s]Adding requests:   0%|          | 0/1 [00:00<?, ?it/s]
✗ Failed to process results/images/preprocessed/trome/2014/01/01/trome_2014-01-01#04.png: EngineCore encountered an issue. See stack trace (above) for the root cause.
Adding requests:   0%|          | 0/1 [00:00<?, ?it/s]Adding requests:   0%|          | 0/1 [00:00<?, ?it/s]
✗ Failed to process results/images/preprocessed/trome/2014/01/01/trome_2014-01-01#04.png: EngineCore encountered an issue. See stack trace (above) for the root cause.
Adding requests:   0%|          | 0/1 [00:00<?, ?it/s]Adding requests:   0%|          | 0/1 [00:00<?, ?it/s]
✗ Failed to process results/images/preprocessed/trome/2014/01/01/trome_2014-01-01#04.png: EngineCore encountered an issue. See stack trace (above) for the root cause.
Adding requests:   0%|          | 0/1 [00:00<?, ?it/s]Adding requests:   0%|          | 0/1 [00:00<?, ?it/s]
✗ Failed to process results/images/preprocessed/trome/2014/01/01/trome_2014-01-01#04.png: EngineCore encountered an issue. See stack trace (above) for the root cause.
Adding requests:   0%|          | 0/1 [00:00<?, ?it/s]Adding requests:   0%|          | 0/1 [00:00<?, ?it/s]
✗ Failed to process results/images/preprocessed/trome/2014/01/01/trome_2014-01-01#04.png: EngineCore encountered an issue. See stack trace (above) for the root cause.
Adding requests:   0%|          | 0/1 [00:00<?, ?it/s]Adding requests:   0%|          | 0/1 [00:00<?, ?it/s]
✗ Failed to process results/images/preprocessed/trome/2014/01/01/trome_2014-01-01#04.png: EngineCore encountered an issue. See stack trace (above) for the root cause.
Adding requests:   0%|          | 0/1 [00:00<?, ?it/s]Adding requests:   0%|          | 0/1 [00:00<?, ?it/s]
✗ Failed to process results/images/preprocessed/trome/2014/01/01/trome_2014-01-01#04.png: EngineCore encountered an issue. See stack trace (above) for the root cause.
Adding requests:   0%|          | 0/1 [00:00<?, ?it/s]Adding requests:   0%|          | 0/1 [00:00<?, ?it/s]
✗ Failed to process results/images/preprocessed/trome/2014/01/01/trome_2014-01-01#04.png: EngineCore encountered an issue. See stack trace (above) for the root cause.
Adding requests:   0%|          | 0/1 [00:00<?, ?it/s]Adding requests:   0%|          | 0/1 [00:00<?, ?it/s]
✗ Failed to process results/images/preprocessed/trome/2014/01/01/trome_2014-01-01#04.png: EngineCore encountered an issue. See stack trace (above) for the root cause.
Adding requests:   0%|          | 0/1 [00:00<?, ?it/s]Adding requests:   0%|          | 0/1 [00:00<?, ?it/s]
✗ Failed to process results/images/preprocessed/trome/2014/01/01/trome_2014-01-01#04.png: EngineCore encountered an issue. See stack trace (above) for the root cause.
Adding requests:   0%|          | 0/1 [00:00<?, ?it/s]Adding requests:   0%|          | 0/1 [00:00<?, ?it/s]
✗ Failed to process results/images/preprocessed/trome/2014/01/01/trome_2014-01-01#04.png: EngineCore encountered an issue. See stack trace (above) for the root cause.
Adding requests:   0%|          | 0/1 [00:00<?, ?it/s]Adding requests:   0%|          | 0/1 [00:00<?, ?it/s]
✗ Failed to process results/images/preprocessed/trome/2014/01/01/trome_2014-01-01#04.png: EngineCore encountered an issue. See stack trace (above) for the root cause.
Adding requests:   0%|          | 0/1 [00:00<?, ?it/s]Adding requests:   0%|          | 0/1 [00:00<?, ?it/s]
✗ Failed to process results/images/preprocessed/trome/2014/01/01/trome_2014-01-01#04.png: EngineCore encountered an issue. See stack trace (above) for the root cause.
Adding requests:   0%|          | 0/1 [00:00<?, ?it/s]Adding requests:   0%|          | 0/1 [00:00<?, ?it/s]
✗ Failed to process results/images/preprocessed/trome/2014/01/01/trome_2014-01-01#04.png: EngineCore encountered an issue. See stack trace (above) for the root cause.
Adding requests:   0%|          | 0/1 [00:00<?, ?it/s]Adding requests:   0%|          | 0/1 [00:00<?, ?it/s]
✗ Failed to process results/images/preprocessed/trome/2014/01/01/trome_2014-01-01#04.png: EngineCore encountered an issue. See stack trace (above) for the root cause.
Adding requests:   0%|          | 0/1 [00:00<?, ?it/s]Adding requests:   0%|          | 0/1 [00:00<?, ?it/s]
✗ Failed to process results/images/preprocessed/trome/2014/01/01/trome_2014-01-01#04.png: EngineCore encountered an issue. See stack trace (above) for the root cause.
Adding requests:   0%|          | 0/1 [00:00<?, ?it/s]Adding requests:   0%|          | 0/1 [00:00<?, ?it/s]
✗ Failed to process results/images/preprocessed/trome/2014/01/01/trome_2014-01-01#04.png: EngineCore encountered an issue. See stack trace (above) for the root cause.
Adding requests:   0%|          | 0/1 [00:00<?, ?it/s]Adding requests:   0%|          | 0/1 [00:00<?, ?it/s]
✗ Failed to process results/images/preprocessed/trome/2014/01/01/trome_2014-01-01#04.png: EngineCore encountered an issue. See stack trace (above) for the root cause.
Adding requests:   0%|          | 0/1 [00:00<?, ?it/s]Adding requests:   0%|          | 0/1 [00:00<?, ?it/s]
✗ Failed to process results/images/preprocessed/trome/2014/01/01/trome_2014-01-01#04.png: EngineCore encountered an issue. See stack trace (above) for the root cause.
Adding requests:   0%|          | 0/1 [00:00<?, ?it/s]Adding requests:   0%|          | 0/1 [00:00<?, ?it/s]
✗ Failed to process results/images/preprocessed/trome/2014/01/01/trome_2014-01-01#04.png: EngineCore encountered an issue. See stack trace (above) for the root cause.
Adding requests:   0%|          | 0/1 [00:00<?, ?it/s]Adding requests:   0%|          | 0/1 [00:00<?, ?it/s]
✗ Failed to process results/images/preprocessed/trome/2014/01/01/trome_2014-01-01#04.png: EngineCore encountered an issue. See stack trace (above) for the root cause.
Adding requests:   0%|          | 0/1 [00:00<?, ?it/s]Adding requests:   0%|          | 0/1 [00:00<?, ?it/s]
✗ Failed to process results/images/preprocessed/trome/2014/01/01/trome_2014-01-01#04.png: EngineCore encountered an issue. See stack trace (above) for the root cause.
Adding requests:   0%|          | 0/1 [00:00<?, ?it/s]Adding requests:   0%|          | 0/1 [00:00<?, ?it/s]
✗ Failed to process results/images/preprocessed/trome/2014/01/01/trome_2014-01-01#04.png: EngineCore encountered an issue. See stack trace (above) for the root cause.
Adding requests:   0%|          | 0/1 [00:00<?, ?it/s]Adding requests:   0%|          | 0/1 [00:00<?, ?it/s]
✗ Failed to process results/images/preprocessed/trome/2014/01/01/trome_2014-01-01#04.png: EngineCore encountered an issue. See stack trace (above) for the root cause.
Adding requests:   0%|          | 0/1 [00:00<?, ?it/s]Adding requests:   0%|          | 0/1 [00:00<?, ?it/s]
✗ Failed to process results/images/preprocessed/trome/2014/01/01/trome_2014-01-01#04.png: EngineCore encountered an issue. See stack trace (above) for the root cause.
Adding requests:   0%|          | 0/1 [00:00<?, ?it/s]Adding requests:   0%|          | 0/1 [00:00<?, ?it/s]
✗ Failed to process results/images/preprocessed/trome/2014/01/01/trome_2014-01-01#04.png: EngineCore encountered an issue. See stack trace (above) for the root cause.
Adding requests:   0%|          | 0/1 [00:00<?, ?it/s]Adding requests:   0%|          | 0/1 [00:00<?, ?it/s]
✗ Failed to process results/images/preprocessed/trome/2014/01/01/trome_2014-01-01#04.png: EngineCore encountered an issue. See stack trace (above) for the root cause.
Adding requests:   0%|          | 0/1 [00:00<?, ?it/s]Adding requests:   0%|          | 0/1 [00:00<?, ?it/s]
✗ Failed to process results/images/preprocessed/trome/2014/01/01/trome_2014-01-01#04.png: EngineCore encountered an issue. See stack trace (above) for the root cause.
Adding requests:   0%|          | 0/1 [00:00<?, ?it/s]Adding requests:   0%|          | 0/1 [00:00<?, ?it/s]
✗ Failed to process results/images/preprocessed/trome/2014/01/01/trome_2014-01-01#04.png: EngineCore encountered an issue. See stack trace (above) for the root cause.
Adding requests:   0%|          | 0/1 [00:00<?, ?it/s]Adding requests:   0%|          | 0/1 [00:00<?, ?it/s]
✗ Failed to process results/images/preprocessed/trome/2014/01/01/trome_2014-01-01#04.png: EngineCore encountered an issue. See stack trace (above) for the root cause.
Adding requests:   0%|          | 0/1 [00:00<?, ?it/s]Adding requests:   0%|          | 0/1 [00:00<?, ?it/s]
✗ Failed to process results/images/preprocessed/trome/2014/01/01/trome_2014-01-01#04.png: EngineCore encountered an issue. See stack trace (above) for the root cause.
Adding requests:   0%|          | 0/1 [00:00<?, ?it/s]Adding requests:   0%|          | 0/1 [00:00<?, ?it/s]
✗ Failed to process results/images/preprocessed/trome/2014/01/01/trome_2014-01-01#04.png: EngineCore encountered an issue. See stack trace (above) for the root cause.
Adding requests:   0%|          | 0/1 [00:00<?, ?it/s]Adding requests:   0%|          | 0/1 [00:00<?, ?it/s]
✗ Failed to process results/images/preprocessed/trome/2014/01/01/trome_2014-01-01#04.png: EngineCore encountered an issue. See stack trace (above) for the root cause.
Adding requests:   0%|          | 0/1 [00:00<?, ?it/s]Adding requests:   0%|          | 0/1 [00:00<?, ?it/s]
✗ Failed to process results/images/preprocessed/trome/2014/01/01/trome_2014-01-01#04.png: EngineCore encountered an issue. See stack trace (above) for the root cause.
Adding requests:   0%|          | 0/1 [00:00<?, ?it/s]Adding requests:   0%|          | 0/1 [00:00<?, ?it/s]
✗ Failed to process results/images/preprocessed/trome/2014/01/01/trome_2014-01-01#04.png: EngineCore encountered an issue. See stack trace (above) for the root cause.
Adding requests:   0%|          | 0/1 [00:00<?, ?it/s]Adding requests:   0%|          | 0/1 [00:00<?, ?it/s]
✗ Failed to process results/images/preprocessed/trome/2014/01/01/trome_2014-01-01#04.png: EngineCore encountered an issue. See stack trace (above) for the root cause.
Adding requests:   0%|          | 0/1 [00:00<?, ?it/s]Adding requests:   0%|          | 0/1 [00:00<?, ?it/s]
✗ Failed to process results/images/preprocessed/trome/2014/01/01/trome_2014-01-01#04.png: EngineCore encountered an issue. See stack trace (above) for the root cause.
Adding requests:   0%|          | 0/1 [00:00<?, ?it/s]Adding requests:   0%|          | 0/1 [00:00<?, ?it/s]
✗ Failed to process results/images/preprocessed/trome/2014/01/01/trome_2014-01-01#04.png: EngineCore encountered an issue. See stack trace (above) for the root cause.
Adding requests:   0%|          | 0/1 [00:00<?, ?it/s]Adding requests:   0%|          | 0/1 [00:00<?, ?it/s]
✗ Failed to process results/images/preprocessed/trome/2014/01/01/trome_2014-01-01#04.png: EngineCore encountered an issue. See stack trace (above) for the root cause.
Adding requests:   0%|          | 0/1 [00:00<?, ?it/s]Adding requests:   0%|          | 0/1 [00:00<?, ?it/s]
✗ Failed to process results/images/preprocessed/trome/2014/01/01/trome_2014-01-01#04.png: EngineCore encountered an issue. See stack trace (above) for the root cause.
Adding requests:   0%|          | 0/1 [00:00<?, ?it/s]Adding requests:   0%|          | 0/1 [00:00<?, ?it/s]
✗ Failed to process results/images/preprocessed/trome/2014/01/01/trome_2014-01-01#04.png: EngineCore encountered an issue. See stack trace (above) for the root cause.
Adding requests:   0%|          | 0/1 [00:00<?, ?it/s]Adding requests:   0%|          | 0/1 [00:00<?, ?it/s]
✗ Failed to process results/images/preprocessed/trome/2014/01/01/trome_2014-01-01#04.png: EngineCore encountered an issue. See stack trace (above) for the root cause.
Adding requests:   0%|          | 0/1 [00:00<?, ?it/s]Adding requests:   0%|          | 0/1 [00:00<?, ?it/s]
✗ Failed to process results/images/preprocessed/trome/2014/01/01/trome_2014-01-01#04.png: EngineCore encountered an issue. See stack trace (above) for the root cause.
Adding requests:   0%|          | 0/1 [00:00<?, ?it/s]Adding requests:   0%|          | 0/1 [00:00<?, ?it/s]
✗ Failed to process results/images/preprocessed/trome/2014/01/01/trome_2014-01-01#04.png: EngineCore encountered an issue. See stack trace (above) for the root cause.
Adding requests:   0%|          | 0/1 [00:00<?, ?it/s]Adding requests:   0%|          | 0/1 [00:00<?, ?it/s]
✗ Failed to process results/images/preprocessed/trome/2014/01/01/trome_2014-01-01#04.png: The decoder prompt (length 10745) is longer than the maximum model length of 8192. Make sure that `max_model_len` is no smaller than the number of text tokens.
Adding requests:   0%|          | 0/1 [00:00<?, ?it/s]Adding requests:   0%|          | 0/1 [00:00<?, ?it/s]
✗ Failed to process results/images/preprocessed/trome/2014/01/01/trome_2014-01-01#04.png: EngineCore encountered an issue. See stack trace (above) for the root cause.
Adding requests:   0%|          | 0/1 [00:00<?, ?it/s]Adding requests:   0%|          | 0/1 [00:00<?, ?it/s]
✗ Failed to process results/images/preprocessed/trome/2014/01/01/trome_2014-01-01#04.png: EngineCore encountered an issue. See stack trace (above) for the root cause.
Adding requests:   0%|          | 0/1 [00:00<?, ?it/s]Adding requests:   0%|          | 0/1 [00:00<?, ?it/s]
✗ Failed to process results/images/preprocessed/trome/2014/01/01/trome_2014-01-01#04.png: EngineCore encountered an issue. See stack trace (above) for the root cause.
Adding requests:   0%|          | 0/1 [00:00<?, ?it/s]Adding requests:   0%|          | 0/1 [00:00<?, ?it/s]
✗ Failed to process results/images/preprocessed/trome/2014/01/01/trome_2014-01-01#04.png: EngineCore encountered an issue. See stack trace (above) for the root cause.
Adding requests:   0%|          | 0/1 [00:00<?, ?it/s]Adding requests:   0%|          | 0/1 [00:00<?, ?it/s]
✗ Failed to process results/images/preprocessed/trome/2014/01/01/trome_2014-01-01#04.png: EngineCore encountered an issue. See stack trace (above) for the root cause.
Adding requests:   0%|          | 0/1 [00:00<?, ?it/s]Adding requests:   0%|          | 0/1 [00:00<?, ?it/s]
✗ Failed to process results/images/preprocessed/trome/2014/01/01/trome_2014-01-01#04.png: EngineCore encountered an issue. See stack trace (above) for the root cause.
Adding requests:   0%|          | 0/1 [00:00<?, ?it/s]Adding requests:   0%|          | 0/1 [00:00<?, ?it/s]
✗ Failed to process results/images/preprocessed/trome/2014/01/01/trome_2014-01-01#04.png: EngineCore encountered an issue. See stack trace (above) for the root cause.
Adding requests:   0%|          | 0/1 [00:00<?, ?it/s]Adding requests:   0%|          | 0/1 [00:00<?, ?it/s]
✗ Failed to process results/images/preprocessed/trome/2014/01/01/trome_2014-01-01#04.png: EngineCore encountered an issue. See stack trace (above) for the root cause.
Adding requests:   0%|          | 0/1 [00:00<?, ?it/s]Adding requests:   0%|          | 0/1 [00:00<?, ?it/s]
✗ Failed to process results/images/preprocessed/trome/2014/01/01/trome_2014-01-01#04.png: EngineCore encountered an issue. See stack trace (above) for the root cause.
Adding requests:   0%|          | 0/1 [00:00<?, ?it/s]Adding requests:   0%|          | 0/1 [00:00<?, ?it/s]
✗ Failed to process results/images/preprocessed/trome/2014/01/01/trome_2014-01-01#04.png: EngineCore encountered an issue. See stack trace (above) for the root cause.
Adding requests:   0%|          | 0/1 [00:00<?, ?it/s]Adding requests:   0%|          | 0/1 [00:00<?, ?it/s]
✗ Failed to process results/images/preprocessed/trome/2014/01/01/trome_2014-01-01#04.png: The decoder prompt (length 8712) is longer than the maximum model length of 8192. Make sure that `max_model_len` is no smaller than the number of text tokens.
Adding requests:   0%|          | 0/1 [00:00<?, ?it/s]Adding requests:   0%|          | 0/1 [00:00<?, ?it/s]
✗ Failed to process results/images/preprocessed/trome/2014/01/01/trome_2014-01-01#04.png: EngineCore encountered an issue. See stack trace (above) for the root cause.
Adding requests:   0%|          | 0/1 [00:00<?, ?it/s]Adding requests:   0%|          | 0/1 [00:00<?, ?it/s]
✗ Failed to process results/images/preprocessed/trome/2014/01/01/trome_2014-01-01#04.png: EngineCore encountered an issue. See stack trace (above) for the root cause.
Adding requests:   0%|          | 0/1 [00:00<?, ?it/s]Adding requests:   0%|          | 0/1 [00:00<?, ?it/s]
✗ Failed to process results/images/preprocessed/trome/2014/01/01/trome_2014-01-01#04.png: EngineCore encountered an issue. See stack trace (above) for the root cause.
Adding requests:   0%|          | 0/1 [00:00<?, ?it/s]Adding requests:   0%|          | 0/1 [00:00<?, ?it/s]
✗ Failed to process results/images/preprocessed/trome/2014/01/01/trome_2014-01-01#04.png: EngineCore encountered an issue. See stack trace (above) for the root cause.
Adding requests:   0%|          | 0/1 [00:00<?, ?it/s]Adding requests:   0%|          | 0/1 [00:00<?, ?it/s]
✗ Failed to process results/images/preprocessed/trome/2014/01/01/trome_2014-01-01#04.png: EngineCore encountered an issue. See stack trace (above) for the root cause.
Adding requests:   0%|          | 0/1 [00:00<?, ?it/s]Adding requests:   0%|          | 0/1 [00:00<?, ?it/s]
✗ Failed to process results/images/preprocessed/trome/2014/01/01/trome_2014-01-01#04.png: EngineCore encountered an issue. See stack trace (above) for the root cause.
Adding requests:   0%|          | 0/1 [00:00<?, ?it/s]Adding requests:   0%|          | 0/1 [00:00<?, ?it/s]
✗ Failed to process results/images/preprocessed/trome/2014/01/01/trome_2014-01-01#04.png: EngineCore encountered an issue. See stack trace (above) for the root cause.
Adding requests:   0%|          | 0/1 [00:00<?, ?it/s]Adding requests:   0%|          | 0/1 [00:00<?, ?it/s]
✗ Failed to process results/images/preprocessed/trome/2014/01/01/trome_2014-01-01#04.png: EngineCore encountered an issue. See stack trace (above) for the root cause.
Adding requests:   0%|          | 0/1 [00:00<?, ?it/s]Adding requests:   0%|          | 0/1 [00:00<?, ?it/s]
✗ Failed to process results/images/preprocessed/trome/2014/01/01/trome_2014-01-01#04.png: EngineCore encountered an issue. See stack trace (above) for the root cause.
Adding requests:   0%|          | 0/1 [00:00<?, ?it/s]Adding requests:   0%|          | 0/1 [00:00<?, ?it/s]
✗ Failed to process results/images/preprocessed/trome/2014/01/01/trome_2014-01-01#04.png: EngineCore encountered an issue. See stack trace (above) for the root cause.
Adding requests:   0%|          | 0/1 [00:00<?, ?it/s]Adding requests:   0%|          | 0/1 [00:00<?, ?it/s]
✗ Failed to process results/images/preprocessed/trome/2014/01/01/trome_2014-01-01#04.png: EngineCore encountered an issue. See stack trace (above) for the root cause.
Adding requests:   0%|          | 0/1 [00:00<?, ?it/s]Adding requests:   0%|          | 0/1 [00:00<?, ?it/s]
✗ Failed to process results/images/preprocessed/trome/2014/01/01/trome_2014-01-01#04.png: EngineCore encountered an issue. See stack trace (above) for the root cause.
Adding requests:   0%|          | 0/1 [00:00<?, ?it/s]Adding requests:   0%|          | 0/1 [00:00<?, ?it/s]
✗ Failed to process results/images/preprocessed/trome/2014/01/01/trome_2014-01-01#04.png: EngineCore encountered an issue. See stack trace (above) for the root cause.
Adding requests:   0%|          | 0/1 [00:00<?, ?it/s]Adding requests:   0%|          | 0/1 [00:00<?, ?it/s]
✗ Failed to process results/images/preprocessed/trome/2014/01/01/trome_2014-01-01#04.png: EngineCore encountered an issue. See stack trace (above) for the root cause.
Adding requests:   0%|          | 0/1 [00:00<?, ?it/s]Adding requests:   0%|          | 0/1 [00:00<?, ?it/s]
✗ Failed to process results/images/preprocessed/trome/2014/01/01/trome_2014-01-01#04.png: EngineCore encountered an issue. See stack trace (above) for the root cause.
Adding requests:   0%|          | 0/1 [00:00<?, ?it/s]Adding requests:   0%|          | 0/1 [00:00<?, ?it/s]
✗ Failed to process results/images/preprocessed/trome/2014/01/01/trome_2014-01-01#04.png: EngineCore encountered an issue. See stack trace (above) for the root cause.
Adding requests:   0%|          | 0/1 [00:00<?, ?it/s]Adding requests:   0%|          | 0/1 [00:00<?, ?it/s]
✗ Failed to process results/images/preprocessed/trome/2014/01/01/trome_2014-01-01#04.png: EngineCore encountered an issue. See stack trace (above) for the root cause.
Adding requests:   0%|          | 0/1 [00:00<?, ?it/s]Adding requests:   0%|          | 0/1 [00:00<?, ?it/s]
✗ Failed to process results/images/preprocessed/trome/2014/01/01/trome_2014-01-01#04.png: EngineCore encountered an issue. See stack trace (above) for the root cause.
Adding requests:   0%|          | 0/1 [00:00<?, ?it/s]Adding requests:   0%|          | 0/1 [00:00<?, ?it/s]
✗ Failed to process results/images/preprocessed/trome/2014/01/01/trome_2014-01-01#04.png: EngineCore encountered an issue. See stack trace (above) for the root cause.
Adding requests:   0%|          | 0/1 [00:00<?, ?it/s]Adding requests:   0%|          | 0/1 [00:00<?, ?it/s]
✗ Failed to process results/images/preprocessed/trome/2014/01/01/trome_2014-01-01#04.png: EngineCore encountered an issue. See stack trace (above) for the root cause.
Adding requests:   0%|          | 0/1 [00:00<?, ?it/s]Adding requests:   0%|          | 0/1 [00:00<?, ?it/s]
✗ Failed to process results/images/preprocessed/trome/2014/01/01/trome_2014-01-01#04.png: EngineCore encountered an issue. See stack trace (above) for the root cause.
Adding requests:   0%|          | 0/1 [00:00<?, ?it/s]Adding requests:   0%|          | 0/1 [00:00<?, ?it/s]
✗ Failed to process results/images/preprocessed/trome/2014/01/01/trome_2014-01-01#04.png: EngineCore encountered an issue. See stack trace (above) for the root cause.
Adding requests:   0%|          | 0/1 [00:00<?, ?it/s]Adding requests:   0%|          | 0/1 [00:00<?, ?it/s]
✗ Failed to process results/images/preprocessed/trome/2014/01/01/trome_2014-01-01#04.png: EngineCore encountered an issue. See stack trace (above) for the root cause.
Adding requests:   0%|          | 0/1 [00:00<?, ?it/s]Adding requests:   0%|          | 0/1 [00:00<?, ?it/s]
✗ Failed to process results/images/preprocessed/trome/2014/01/01/trome_2014-01-01#04.png: EngineCore encountered an issue. See stack trace (above) for the root cause.
Adding requests:   0%|          | 0/1 [00:00<?, ?it/s]Adding requests:   0%|          | 0/1 [00:00<?, ?it/s]
✗ Failed to process results/images/preprocessed/trome/2014/01/01/trome_2014-01-01#04.png: EngineCore encountered an issue. See stack trace (above) for the root cause.
Adding requests:   0%|          | 0/1 [00:00<?, ?it/s]Adding requests:   0%|          | 0/1 [00:00<?, ?it/s]
✗ Failed to process results/images/preprocessed/trome/2014/01/01/trome_2014-01-01#04.png: EngineCore encountered an issue. See stack trace (above) for the root cause.
Adding requests:   0%|          | 0/1 [00:00<?, ?it/s]Adding requests:   0%|          | 0/1 [00:00<?, ?it/s]
✗ Failed to process results/images/preprocessed/trome/2014/01/01/trome_2014-01-01#04.png: EngineCore encountered an issue. See stack trace (above) for the root cause.
Adding requests:   0%|          | 0/1 [00:00<?, ?it/s]Adding requests:   0%|          | 0/1 [00:00<?, ?it/s]
✗ Failed to process results/images/preprocessed/trome/2014/01/01/trome_2014-01-01#04.png: EngineCore encountered an issue. See stack trace (above) for the root cause.
Adding requests:   0%|          | 0/1 [00:00<?, ?it/s]Adding requests:   0%|          | 0/1 [00:00<?, ?it/s]
✗ Failed to process results/images/preprocessed/trome/2014/01/01/trome_2014-01-01#04.png: EngineCore encountered an issue. See stack trace (above) for the root cause.
Adding requests:   0%|          | 0/1 [00:00<?, ?it/s]Adding requests:   0%|          | 0/1 [00:00<?, ?it/s]
✗ Failed to process results/images/preprocessed/trome/2014/01/01/trome_2014-01-01#04.png: EngineCore encountered an issue. See stack trace (above) for the root cause.
Adding requests:   0%|          | 0/1 [00:00<?, ?it/s]Adding requests:   0%|          | 0/1 [00:00<?, ?it/s]
✗ Failed to process results/images/preprocessed/trome/2014/01/01/trome_2014-01-01#04.png: EngineCore encountered an issue. See stack trace (above) for the root cause.
Adding requests:   0%|          | 0/1 [00:00<?, ?it/s]Adding requests:   0%|          | 0/1 [00:00<?, ?it/s]
✗ Failed to process results/images/preprocessed/trome/2014/01/01/trome_2014-01-01#04.png: EngineCore encountered an issue. See stack trace (above) for the root cause.
Adding requests:   0%|          | 0/1 [00:00<?, ?it/s]Adding requests:   0%|          | 0/1 [00:00<?, ?it/s]
✗ Failed to process results/images/preprocessed/trome/2014/01/01/trome_2014-01-01#04.png: EngineCore encountered an issue. See stack trace (above) for the root cause.
Adding requests:   0%|          | 0/1 [00:00<?, ?it/s]Adding requests:   0%|          | 0/1 [00:00<?, ?it/s]
✗ Failed to process results/images/preprocessed/trome/2014/01/01/trome_2014-01-01#04.png: EngineCore encountered an issue. See stack trace (above) for the root cause.
Adding requests:   0%|          | 0/1 [00:00<?, ?it/s]Adding requests:   0%|          | 0/1 [00:00<?, ?it/s]
✗ Failed to process results/images/preprocessed/trome/2014/01/01/trome_2014-01-01#04.png: EngineCore encountered an issue. See stack trace (above) for the root cause.
Adding requests:   0%|          | 0/1 [00:00<?, ?it/s]Adding requests:   0%|          | 0/1 [00:00<?, ?it/s]
✗ Failed to process results/images/preprocessed/trome/2014/01/01/trome_2014-01-01#04.png: EngineCore encountered an issue. See stack trace (above) for the root cause.
Adding requests:   0%|          | 0/1 [00:00<?, ?it/s]Adding requests:   0%|          | 0/1 [00:00<?, ?it/s]
✗ Failed to process results/images/preprocessed/trome/2014/01/01/trome_2014-01-01#04.png: EngineCore encountered an issue. See stack trace (above) for the root cause.
Adding requests:   0%|          | 0/1 [00:00<?, ?it/s]Adding requests:   0%|          | 0/1 [00:00<?, ?it/s]
✗ Failed to process results/images/preprocessed/trome/2014/01/01/trome_2014-01-01#04.png: EngineCore encountered an issue. See stack trace (above) for the root cause.
Adding requests:   0%|          | 0/1 [00:00<?, ?it/s]Adding requests:   0%|          | 0/1 [00:00<?, ?it/s]
✗ Failed to process results/images/preprocessed/trome/2014/01/01/trome_2014-01-01#04.png: EngineCore encountered an issue. See stack trace (above) for the root cause.
Adding requests:   0%|          | 0/1 [00:00<?, ?it/s]Adding requests:   0%|          | 0/1 [00:00<?, ?it/s]
✗ Failed to process results/images/preprocessed/trome/2014/01/01/trome_2014-01-01#04.png: EngineCore encountered an issue. See stack trace (above) for the root cause.
Adding requests:   0%|          | 0/1 [00:00<?, ?it/s]Adding requests:   0%|          | 0/1 [00:00<?, ?it/s]
✗ Failed to process results/images/preprocessed/trome/2014/01/01/trome_2014-01-01#04.png: EngineCore encountered an issue. See stack trace (above) for the root cause.
Adding requests:   0%|          | 0/1 [00:00<?, ?it/s]Adding requests:   0%|          | 0/1 [00:00<?, ?it/s]
✗ Failed to process results/images/preprocessed/trome/2014/01/01/trome_2014-01-01#04.png: EngineCore encountered an issue. See stack trace (above) for the root cause.
Adding requests:   0%|          | 0/1 [00:00<?, ?it/s]Adding requests:   0%|          | 0/1 [00:00<?, ?it/s]
✗ Failed to process results/images/preprocessed/trome/2014/01/01/trome_2014-01-01#04.png: EngineCore encountered an issue. See stack trace (above) for the root cause.
Adding requests:   0%|          | 0/1 [00:00<?, ?it/s]Adding requests:   0%|          | 0/1 [00:00<?, ?it/s]
✗ Failed to process results/images/preprocessed/trome/2014/01/01/trome_2014-01-01#04.png: EngineCore encountered an issue. See stack trace (above) for the root cause.
Adding requests:   0%|          | 0/1 [00:00<?, ?it/s]Adding requests:   0%|          | 0/1 [00:00<?, ?it/s]
✗ Failed to process results/images/preprocessed/trome/2014/01/01/trome_2014-01-01#04.png: EngineCore encountered an issue. See stack trace (above) for the root cause.
Adding requests:   0%|          | 0/1 [00:00<?, ?it/s]Adding requests:   0%|          | 0/1 [00:00<?, ?it/s]
✗ Failed to process results/images/preprocessed/trome/2014/01/01/trome_2014-01-01#04.png: The decoder prompt (length 10055) is longer than the maximum model length of 8192. Make sure that `max_model_len` is no smaller than the number of text tokens.
Adding requests:   0%|          | 0/1 [00:00<?, ?it/s]Adding requests:   0%|          | 0/1 [00:00<?, ?it/s]
✗ Failed to process results/images/preprocessed/trome/2014/01/01/trome_2014-01-01#04.png: EngineCore encountered an issue. See stack trace (above) for the root cause.
Adding requests:   0%|          | 0/1 [00:00<?, ?it/s]Adding requests:   0%|          | 0/1 [00:00<?, ?it/s]
✗ Failed to process results/images/preprocessed/trome/2014/01/01/trome_2014-01-01#04.png: EngineCore encountered an issue. See stack trace (above) for the root cause.
Adding requests:   0%|          | 0/1 [00:00<?, ?it/s]Adding requests:   0%|          | 0/1 [00:00<?, ?it/s]
✗ Failed to process results/images/preprocessed/trome/2014/01/01/trome_2014-01-01#04.png: EngineCore encountered an issue. See stack trace (above) for the root cause.
Adding requests:   0%|          | 0/1 [00:00<?, ?it/s]Adding requests:   0%|          | 0/1 [00:00<?, ?it/s]
✗ Failed to process results/images/preprocessed/trome/2014/01/01/trome_2014-01-01#04.png: EngineCore encountered an issue. See stack trace (above) for the root cause.
Adding requests:   0%|          | 0/1 [00:00<?, ?it/s]Adding requests:   0%|          | 0/1 [00:00<?, ?it/s]
✗ Failed to process results/images/preprocessed/trome/2014/01/01/trome_2014-01-01#04.png: EngineCore encountered an issue. See stack trace (above) for the root cause.
Adding requests:   0%|          | 0/1 [00:00<?, ?it/s]Adding requests:   0%|          | 0/1 [00:00<?, ?it/s]
✗ Failed to process results/images/preprocessed/trome/2014/01/01/trome_2014-01-01#04.png: EngineCore encountered an issue. See stack trace (above) for the root cause.
Adding requests:   0%|          | 0/1 [00:00<?, ?it/s]Adding requests:   0%|          | 0/1 [00:00<?, ?it/s]
✗ Failed to process results/images/preprocessed/trome/2014/01/01/trome_2014-01-01#04.png: EngineCore encountered an issue. See stack trace (above) for the root cause.
Adding requests:   0%|          | 0/1 [00:00<?, ?it/s]Adding requests:   0%|          | 0/1 [00:00<?, ?it/s]
✗ Failed to process results/images/preprocessed/trome/2014/01/01/trome_2014-01-01#04.png: EngineCore encountered an issue. See stack trace (above) for the root cause.
Adding requests:   0%|          | 0/1 [00:00<?, ?it/s]Adding requests:   0%|          | 0/1 [00:00<?, ?it/s]
✗ Failed to process results/images/preprocessed/trome/2014/01/01/trome_2014-01-01#04.png: EngineCore encountered an issue. See stack trace (above) for the root cause.
Adding requests:   0%|          | 0/1 [00:00<?, ?it/s]Adding requests:   0%|          | 0/1 [00:00<?, ?it/s]
✗ Failed to process results/images/preprocessed/trome/2014/01/01/trome_2014-01-01#04.png: EngineCore encountered an issue. See stack trace (above) for the root cause.
Adding requests:   0%|          | 0/1 [00:00<?, ?it/s]Adding requests:   0%|          | 0/1 [00:00<?, ?it/s]
✗ Failed to process results/images/preprocessed/trome/2014/01/01/trome_2014-01-01#04.png: EngineCore encountered an issue. See stack trace (above) for the root cause.
Adding requests:   0%|          | 0/1 [00:00<?, ?it/s]Adding requests:   0%|          | 0/1 [00:00<?, ?it/s]
✗ Failed to process results/images/preprocessed/trome/2014/01/01/trome_2014-01-01#04.png: EngineCore encountered an issue. See stack trace (above) for the root cause.
Adding requests:   0%|          | 0/1 [00:00<?, ?it/s]Adding requests:   0%|          | 0/1 [00:00<?, ?it/s]
✗ Failed to process results/images/preprocessed/trome/2014/01/01/trome_2014-01-01#04.png: EngineCore encountered an issue. See stack trace (above) for the root cause.
Adding requests:   0%|          | 0/1 [00:00<?, ?it/s]Adding requests:   0%|          | 0/1 [00:00<?, ?it/s]
✗ Failed to process results/images/preprocessed/trome/2014/01/01/trome_2014-01-01#04.png: EngineCore encountered an issue. See stack trace (above) for the root cause.
Adding requests:   0%|          | 0/1 [00:00<?, ?it/s]Adding requests:   0%|          | 0/1 [00:00<?, ?it/s]
✗ Failed to process results/images/preprocessed/trome/2014/01/01/trome_2014-01-01#04.png: EngineCore encountered an issue. See stack trace (above) for the root cause.
Adding requests:   0%|          | 0/1 [00:00<?, ?it/s]Adding requests:   0%|          | 0/1 [00:00<?, ?it/s]
✗ Failed to process results/images/preprocessed/trome/2014/01/01/trome_2014-01-01#04.png: EngineCore encountered an issue. See stack trace (above) for the root cause.
Adding requests:   0%|          | 0/1 [00:00<?, ?it/s]Adding requests:   0%|          | 0/1 [00:00<?, ?it/s]
✗ Failed to process results/images/preprocessed/trome/2014/01/01/trome_2014-01-01#04.png: EngineCore encountered an issue. See stack trace (above) for the root cause.
Adding requests:   0%|          | 0/1 [00:00<?, ?it/s]Adding requests:   0%|          | 0/1 [00:00<?, ?it/s]
✗ Failed to process results/images/preprocessed/trome/2014/01/01/trome_2014-01-01#04.png: EngineCore encountered an issue. See stack trace (above) for the root cause.
Adding requests:   0%|          | 0/1 [00:00<?, ?it/s]Adding requests:   0%|          | 0/1 [00:00<?, ?it/s]
✗ Failed to process results/images/preprocessed/trome/2014/01/01/trome_2014-01-01#04.png: EngineCore encountered an issue. See stack trace (above) for the root cause.
Adding requests:   0%|          | 0/1 [00:00<?, ?it/s]Adding requests:   0%|          | 0/1 [00:00<?, ?it/s]
✗ Failed to process results/images/preprocessed/trome/2014/01/01/trome_2014-01-01#04.png: EngineCore encountered an issue. See stack trace (above) for the root cause.
Adding requests:   0%|          | 0/1 [00:00<?, ?it/s]Adding requests:   0%|          | 0/1 [00:00<?, ?it/s]
✗ Failed to process results/images/preprocessed/trome/2014/01/01/trome_2014-01-01#04.png: EngineCore encountered an issue. See stack trace (above) for the root cause.
Adding requests:   0%|          | 0/1 [00:00<?, ?it/s]Adding requests:   0%|          | 0/1 [00:00<?, ?it/s]
✗ Failed to process results/images/preprocessed/trome/2014/01/01/trome_2014-01-01#04.png: EngineCore encountered an issue. See stack trace (above) for the root cause.
Adding requests:   0%|          | 0/1 [00:00<?, ?it/s]Adding requests:   0%|          | 0/1 [00:00<?, ?it/s]
✗ Failed to process results/images/preprocessed/trome/2014/01/01/trome_2014-01-01#04.png: EngineCore encountered an issue. See stack trace (above) for the root cause.
Adding requests:   0%|          | 0/1 [00:00<?, ?it/s]Adding requests:   0%|          | 0/1 [00:00<?, ?it/s]
✗ Failed to process results/images/preprocessed/trome/2014/01/01/trome_2014-01-01#04.png: EngineCore encountered an issue. See stack trace (above) for the root cause.
Adding requests:   0%|          | 0/1 [00:00<?, ?it/s]Adding requests:   0%|          | 0/1 [00:00<?, ?it/s]
✗ Failed to process results/images/preprocessed/trome/2014/01/01/trome_2014-01-01#04.png: The decoder prompt (length 8735) is longer than the maximum model length of 8192. Make sure that `max_model_len` is no smaller than the number of text tokens.
Adding requests:   0%|          | 0/1 [00:00<?, ?it/s]Adding requests:   0%|          | 0/1 [00:00<?, ?it/s]
✗ Failed to process results/images/preprocessed/trome/2014/01/01/trome_2014-01-01#04.png: EngineCore encountered an issue. See stack trace (above) for the root cause.
Adding requests:   0%|          | 0/1 [00:00<?, ?it/s]Adding requests:   0%|          | 0/1 [00:00<?, ?it/s]
✗ Failed to process results/images/preprocessed/trome/2014/01/01/trome_2014-01-01#04.png: EngineCore encountered an issue. See stack trace (above) for the root cause.
Adding requests:   0%|          | 0/1 [00:00<?, ?it/s]Adding requests:   0%|          | 0/1 [00:00<?, ?it/s]
✗ Failed to process results/images/preprocessed/trome/2014/01/01/trome_2014-01-01#04.png: EngineCore encountered an issue. See stack trace (above) for the root cause.
Adding requests:   0%|          | 0/1 [00:00<?, ?it/s]Adding requests:   0%|          | 0/1 [00:00<?, ?it/s]
✗ Failed to process results/images/preprocessed/trome/2014/01/01/trome_2014-01-01#04.png: EngineCore encountered an issue. See stack trace (above) for the root cause.
Adding requests:   0%|          | 0/1 [00:00<?, ?it/s]Adding requests:   0%|          | 0/1 [00:00<?, ?it/s]
✗ Failed to process results/images/preprocessed/trome/2014/01/01/trome_2014-01-01#04.png: EngineCore encountered an issue. See stack trace (above) for the root cause.
Adding requests:   0%|          | 0/1 [00:00<?, ?it/s]Adding requests:   0%|          | 0/1 [00:00<?, ?it/s]
✗ Failed to process results/images/preprocessed/trome/2014/01/01/trome_2014-01-01#04.png: EngineCore encountered an issue. See stack trace (above) for the root cause.
Adding requests:   0%|          | 0/1 [00:00<?, ?it/s]Adding requests:   0%|          | 0/1 [00:00<?, ?it/s]
✗ Failed to process results/images/preprocessed/trome/2014/01/01/trome_2014-01-01#04.png: EngineCore encountered an issue. See stack trace (above) for the root cause.
Adding requests:   0%|          | 0/1 [00:00<?, ?it/s]Adding requests:   0%|          | 0/1 [00:00<?, ?it/s]
✗ Failed to process results/images/preprocessed/trome/2014/01/01/trome_2014-01-01#04.png: EngineCore encountered an issue. See stack trace (above) for the root cause.
Adding requests:   0%|          | 0/1 [00:00<?, ?it/s]Adding requests:   0%|          | 0/1 [00:00<?, ?it/s]
✗ Failed to process results/images/preprocessed/trome/2014/01/01/trome_2014-01-01#04.png: EngineCore encountered an issue. See stack trace (above) for the root cause.
Adding requests:   0%|          | 0/1 [00:00<?, ?it/s]Adding requests:   0%|          | 0/1 [00:00<?, ?it/s]
✗ Failed to process results/images/preprocessed/trome/2014/01/01/trome_2014-01-01#04.png: EngineCore encountered an issue. See stack trace (above) for the root cause.
Adding requests:   0%|          | 0/1 [00:00<?, ?it/s]Adding requests:   0%|          | 0/1 [00:00<?, ?it/s]
✗ Failed to process results/images/preprocessed/trome/2014/01/01/trome_2014-01-01#04.png: EngineCore encountered an issue. See stack trace (above) for the root cause.
Adding requests:   0%|          | 0/1 [00:00<?, ?it/s]Adding requests:   0%|          | 0/1 [00:00<?, ?it/s]
✗ Failed to process results/images/preprocessed/trome/2014/01/01/trome_2014-01-01#04.png: EngineCore encountered an issue. See stack trace (above) for the root cause.
Adding requests:   0%|          | 0/1 [00:00<?, ?it/s]Adding requests:   0%|          | 0/1 [00:00<?, ?it/s]
✗ Failed to process results/images/preprocessed/trome/2014/01/01/trome_2014-01-01#04.png: EngineCore encountered an issue. See stack trace (above) for the root cause.
Adding requests:   0%|          | 0/1 [00:00<?, ?it/s]Adding requests:   0%|          | 0/1 [00:00<?, ?it/s]
✗ Failed to process results/images/preprocessed/trome/2014/01/01/trome_2014-01-01#04.png: EngineCore encountered an issue. See stack trace (above) for the root cause.
Adding requests:   0%|          | 0/1 [00:00<?, ?it/s]Adding requests:   0%|          | 0/1 [00:00<?, ?it/s]
✗ Failed to process results/images/preprocessed/trome/2014/01/01/trome_2014-01-01#04.png: EngineCore encountered an issue. See stack trace (above) for the root cause.
Adding requests:   0%|          | 0/1 [00:00<?, ?it/s]Adding requests:   0%|          | 0/1 [00:00<?, ?it/s]
✗ Failed to process results/images/preprocessed/trome/2014/01/01/trome_2014-01-01#04.png: EngineCore encountered an issue. See stack trace (above) for the root cause.
Adding requests:   0%|          | 0/1 [00:00<?, ?it/s]Adding requests:   0%|          | 0/1 [00:00<?, ?it/s]
✗ Failed to process results/images/preprocessed/trome/2014/01/01/trome_2014-01-01#04.png: The decoder prompt (length 8364) is longer than the maximum model length of 8192. Make sure that `max_model_len` is no smaller than the number of text tokens.
Adding requests:   0%|          | 0/1 [00:00<?, ?it/s]Adding requests:   0%|          | 0/1 [00:00<?, ?it/s]
✗ Failed to process results/images/preprocessed/trome/2014/01/01/trome_2014-01-01#04.png: EngineCore encountered an issue. See stack trace (above) for the root cause.
Adding requests:   0%|          | 0/1 [00:00<?, ?it/s]Adding requests:   0%|          | 0/1 [00:00<?, ?it/s]
✗ Failed to process results/images/preprocessed/trome/2014/01/01/trome_2014-01-01#04.png: EngineCore encountered an issue. See stack trace (above) for the root cause.
Adding requests:   0%|          | 0/1 [00:00<?, ?it/s]Adding requests:   0%|          | 0/1 [00:00<?, ?it/s]
✗ Failed to process results/images/preprocessed/trome/2014/01/01/trome_2014-01-01#04.png: EngineCore encountered an issue. See stack trace (above) for the root cause.
Adding requests:   0%|          | 0/1 [00:00<?, ?it/s]Adding requests:   0%|          | 0/1 [00:00<?, ?it/s]
✗ Failed to process results/images/preprocessed/trome/2014/01/01/trome_2014-01-01#04.png: EngineCore encountered an issue. See stack trace (above) for the root cause.
Adding requests:   0%|          | 0/1 [00:00<?, ?it/s]Adding requests:   0%|          | 0/1 [00:00<?, ?it/s]
✗ Failed to process results/images/preprocessed/trome/2014/01/01/trome_2014-01-01#04.png: The decoder prompt (length 11146) is longer than the maximum model length of 8192. Make sure that `max_model_len` is no smaller than the number of text tokens.
Adding requests:   0%|          | 0/1 [00:00<?, ?it/s]Adding requests:   0%|          | 0/1 [00:00<?, ?it/s]
✗ Failed to process results/images/preprocessed/trome/2014/01/01/trome_2014-01-01#04.png: EngineCore encountered an issue. See stack trace (above) for the root cause.
Adding requests:   0%|          | 0/1 [00:00<?, ?it/s]Adding requests:   0%|          | 0/1 [00:00<?, ?it/s]
✗ Failed to process results/images/preprocessed/trome/2014/01/01/trome_2014-01-01#04.png: EngineCore encountered an issue. See stack trace (above) for the root cause.
Adding requests:   0%|          | 0/1 [00:00<?, ?it/s]Adding requests:   0%|          | 0/1 [00:00<?, ?it/s]
✗ Failed to process results/images/preprocessed/trome/2014/01/01/trome_2014-01-01#04.png: EngineCore encountered an issue. See stack trace (above) for the root cause.
Adding requests:   0%|          | 0/1 [00:00<?, ?it/s]Adding requests:   0%|          | 0/1 [00:00<?, ?it/s]
✗ Failed to process results/images/preprocessed/trome/2014/01/01/trome_2014-01-01#04.png: EngineCore encountered an issue. See stack trace (above) for the root cause.
Adding requests:   0%|          | 0/1 [00:00<?, ?it/s]Adding requests:   0%|          | 0/1 [00:00<?, ?it/s]
✗ Failed to process results/images/preprocessed/trome/2014/01/01/trome_2014-01-01#04.png: EngineCore encountered an issue. See stack trace (above) for the root cause.
Adding requests:   0%|          | 0/1 [00:00<?, ?it/s]Adding requests:   0%|          | 0/1 [00:00<?, ?it/s]
✗ Failed to process results/images/preprocessed/trome/2014/01/01/trome_2014-01-01#04.png: EngineCore encountered an issue. See stack trace (above) for the root cause.
Adding requests:   0%|          | 0/1 [00:00<?, ?it/s]Adding requests:   0%|          | 0/1 [00:00<?, ?it/s]
✗ Failed to process results/images/preprocessed/trome/2014/01/01/trome_2014-01-01#04.png: EngineCore encountered an issue. See stack trace (above) for the root cause.
Adding requests:   0%|          | 0/1 [00:00<?, ?it/s]Adding requests:   0%|          | 0/1 [00:00<?, ?it/s]
✗ Failed to process results/images/preprocessed/trome/2014/01/01/trome_2014-01-01#04.png: EngineCore encountered an issue. See stack trace (above) for the root cause.
Adding requests:   0%|          | 0/1 [00:00<?, ?it/s]Adding requests:   0%|          | 0/1 [00:00<?, ?it/s]
✗ Failed to process results/images/preprocessed/trome/2014/01/01/trome_2014-01-01#04.png: EngineCore encountered an issue. See stack trace (above) for the root cause.
Adding requests:   0%|          | 0/1 [00:00<?, ?it/s]Adding requests:   0%|          | 0/1 [00:00<?, ?it/s]
✗ Failed to process results/images/preprocessed/trome/2014/01/01/trome_2014-01-01#04.png: EngineCore encountered an issue. See stack trace (above) for the root cause.
Adding requests:   0%|          | 0/1 [00:00<?, ?it/s]Adding requests:   0%|          | 0/1 [00:00<?, ?it/s]
✗ Failed to process results/images/preprocessed/trome/2014/01/01/trome_2014-01-01#04.png: EngineCore encountered an issue. See stack trace (above) for the root cause.
Adding requests:   0%|          | 0/1 [00:00<?, ?it/s]Adding requests:   0%|          | 0/1 [00:00<?, ?it/s]
✗ Failed to process results/images/preprocessed/trome/2014/01/01/trome_2014-01-01#04.png: EngineCore encountered an issue. See stack trace (above) for the root cause.
Adding requests:   0%|          | 0/1 [00:00<?, ?it/s]Adding requests:   0%|          | 0/1 [00:00<?, ?it/s]
✗ Failed to process results/images/preprocessed/trome/2014/01/01/trome_2014-01-01#04.png: EngineCore encountered an issue. See stack trace (above) for the root cause.
Adding requests:   0%|          | 0/1 [00:00<?, ?it/s]Adding requests:   0%|          | 0/1 [00:00<?, ?it/s]
✗ Failed to process results/images/preprocessed/trome/2014/01/01/trome_2014-01-01#04.png: EngineCore encountered an issue. See stack trace (above) for the root cause.
Adding requests:   0%|          | 0/1 [00:00<?, ?it/s]Adding requests:   0%|          | 0/1 [00:00<?, ?it/s]
✗ Failed to process results/images/preprocessed/trome/2014/01/01/trome_2014-01-01#04.png: EngineCore encountered an issue. See stack trace (above) for the root cause.
Adding requests:   0%|          | 0/1 [00:00<?, ?it/s]Adding requests:   0%|          | 0/1 [00:00<?, ?it/s]
✗ Failed to process results/images/preprocessed/trome/2014/01/01/trome_2014-01-01#04.png: The decoder prompt (length 8531) is longer than the maximum model length of 8192. Make sure that `max_model_len` is no smaller than the number of text tokens.
Adding requests:   0%|          | 0/1 [00:00<?, ?it/s]Adding requests:   0%|          | 0/1 [00:00<?, ?it/s]
✗ Failed to process results/images/preprocessed/trome/2014/01/01/trome_2014-01-01#04.png: EngineCore encountered an issue. See stack trace (above) for the root cause.
Adding requests:   0%|          | 0/1 [00:00<?, ?it/s]Adding requests:   0%|          | 0/1 [00:00<?, ?it/s]
✗ Failed to process results/images/preprocessed/trome/2014/01/01/trome_2014-01-01#04.png: EngineCore encountered an issue. See stack trace (above) for the root cause.
Adding requests:   0%|          | 0/1 [00:00<?, ?it/s]Adding requests:   0%|          | 0/1 [00:00<?, ?it/s]
✗ Failed to process results/images/preprocessed/trome/2014/01/01/trome_2014-01-01#04.png: EngineCore encountered an issue. See stack trace (above) for the root cause.
Adding requests:   0%|          | 0/1 [00:00<?, ?it/s]Adding requests:   0%|          | 0/1 [00:00<?, ?it/s]
✗ Failed to process results/images/preprocessed/trome/2014/01/01/trome_2014-01-01#04.png: EngineCore encountered an issue. See stack trace (above) for the root cause.
Adding requests:   0%|          | 0/1 [00:00<?, ?it/s]Adding requests:   0%|          | 0/1 [00:00<?, ?it/s]
✗ Failed to process results/images/preprocessed/trome/2014/01/01/trome_2014-01-01#04.png: EngineCore encountered an issue. See stack trace (above) for the root cause.
Adding requests:   0%|          | 0/1 [00:00<?, ?it/s]Adding requests:   0%|          | 0/1 [00:00<?, ?it/s]
✗ Failed to process results/images/preprocessed/trome/2014/01/01/trome_2014-01-01#04.png: EngineCore encountered an issue. See stack trace (above) for the root cause.
Adding requests:   0%|          | 0/1 [00:00<?, ?it/s]Adding requests:   0%|          | 0/1 [00:00<?, ?it/s]
✗ Failed to process results/images/preprocessed/trome/2014/01/01/trome_2014-01-01#04.png: EngineCore encountered an issue. See stack trace (above) for the root cause.
Adding requests:   0%|          | 0/1 [00:00<?, ?it/s]Adding requests:   0%|          | 0/1 [00:00<?, ?it/s]
✗ Failed to process results/images/preprocessed/trome/2014/01/01/trome_2014-01-01#04.png: EngineCore encountered an issue. See stack trace (above) for the root cause.
Adding requests:   0%|          | 0/1 [00:00<?, ?it/s]Adding requests:   0%|          | 0/1 [00:00<?, ?it/s]
✗ Failed to process results/images/preprocessed/trome/2014/01/01/trome_2014-01-01#04.png: EngineCore encountered an issue. See stack trace (above) for the root cause.
Adding requests:   0%|          | 0/1 [00:00<?, ?it/s]Adding requests:   0%|          | 0/1 [00:00<?, ?it/s]
✗ Failed to process results/images/preprocessed/trome/2014/01/01/trome_2014-01-01#04.png: EngineCore encountered an issue. See stack trace (above) for the root cause.
Adding requests:   0%|          | 0/1 [00:00<?, ?it/s]Adding requests:   0%|          | 0/1 [00:00<?, ?it/s]
✗ Failed to process results/images/preprocessed/trome/2014/01/01/trome_2014-01-01#04.png: EngineCore encountered an issue. See stack trace (above) for the root cause.
Adding requests:   0%|          | 0/1 [00:00<?, ?it/s]Adding requests:   0%|          | 0/1 [00:00<?, ?it/s]
✗ Failed to process results/images/preprocessed/trome/2014/01/01/trome_2014-01-01#04.png: EngineCore encountered an issue. See stack trace (above) for the root cause.
Adding requests:   0%|          | 0/1 [00:00<?, ?it/s]Adding requests:   0%|          | 0/1 [00:00<?, ?it/s]
✗ Failed to process results/images/preprocessed/trome/2014/01/01/trome_2014-01-01#04.png: EngineCore encountered an issue. See stack trace (above) for the root cause.
Adding requests:   0%|          | 0/1 [00:00<?, ?it/s]Adding requests:   0%|          | 0/1 [00:00<?, ?it/s]
✗ Failed to process results/images/preprocessed/trome/2014/01/01/trome_2014-01-01#04.png: EngineCore encountered an issue. See stack trace (above) for the root cause.
Adding requests:   0%|          | 0/1 [00:00<?, ?it/s]Adding requests:   0%|          | 0/1 [00:00<?, ?it/s]
✗ Failed to process results/images/preprocessed/trome/2014/01/01/trome_2014-01-01#04.png: EngineCore encountered an issue. See stack trace (above) for the root cause.
Adding requests:   0%|          | 0/1 [00:00<?, ?it/s]Adding requests:   0%|          | 0/1 [00:00<?, ?it/s]
✗ Failed to process results/images/preprocessed/trome/2014/01/01/trome_2014-01-01#04.png: EngineCore encountered an issue. See stack trace (above) for the root cause.
Adding requests:   0%|          | 0/1 [00:00<?, ?it/s]Adding requests:   0%|          | 0/1 [00:00<?, ?it/s]
✗ Failed to process results/images/preprocessed/trome/2014/01/01/trome_2014-01-01#04.png: EngineCore encountered an issue. See stack trace (above) for the root cause.
Adding requests:   0%|          | 0/1 [00:00<?, ?it/s]Adding requests:   0%|          | 0/1 [00:00<?, ?it/s]
✗ Failed to process results/images/preprocessed/trome/2014/01/01/trome_2014-01-01#04.png: EngineCore encountered an issue. See stack trace (above) for the root cause.
Adding requests:   0%|          | 0/1 [00:00<?, ?it/s]Adding requests:   0%|          | 0/1 [00:00<?, ?it/s]
✗ Failed to process results/images/preprocessed/trome/2014/01/01/trome_2014-01-01#04.png: EngineCore encountered an issue. See stack trace (above) for the root cause.
Adding requests:   0%|          | 0/1 [00:00<?, ?it/s]Adding requests:   0%|          | 0/1 [00:00<?, ?it/s]
✗ Failed to process results/images/preprocessed/trome/2014/01/01/trome_2014-01-01#04.png: EngineCore encountered an issue. See stack trace (above) for the root cause.
Adding requests:   0%|          | 0/1 [00:00<?, ?it/s]Adding requests:   0%|          | 0/1 [00:00<?, ?it/s]
✗ Failed to process results/images/preprocessed/trome/2014/01/01/trome_2014-01-01#04.png: EngineCore encountered an issue. See stack trace (above) for the root cause.
Adding requests:   0%|          | 0/1 [00:00<?, ?it/s]Adding requests:   0%|          | 0/1 [00:00<?, ?it/s]
✗ Failed to process results/images/preprocessed/trome/2014/01/01/trome_2014-01-01#04.png: EngineCore encountered an issue. See stack trace (above) for the root cause.
Adding requests:   0%|          | 0/1 [00:00<?, ?it/s]Adding requests:   0%|          | 0/1 [00:00<?, ?it/s]
✗ Failed to process results/images/preprocessed/trome/2014/01/01/trome_2014-01-01#04.png: EngineCore encountered an issue. See stack trace (above) for the root cause.
Adding requests:   0%|          | 0/1 [00:00<?, ?it/s]Adding requests:   0%|          | 0/1 [00:00<?, ?it/s]
✗ Failed to process results/images/preprocessed/trome/2014/01/01/trome_2014-01-01#04.png: EngineCore encountered an issue. See stack trace (above) for the root cause.
Adding requests:   0%|          | 0/1 [00:00<?, ?it/s]Adding requests:   0%|          | 0/1 [00:00<?, ?it/s]
✗ Failed to process results/images/preprocessed/trome/2014/01/01/trome_2014-01-01#04.png: EngineCore encountered an issue. See stack trace (above) for the root cause.
Adding requests:   0%|          | 0/1 [00:00<?, ?it/s]Adding requests:   0%|          | 0/1 [00:00<?, ?it/s]
✗ Failed to process results/images/preprocessed/trome/2014/01/01/trome_2014-01-01#04.png: EngineCore encountered an issue. See stack trace (above) for the root cause.
Adding requests:   0%|          | 0/1 [00:00<?, ?it/s]Adding requests:   0%|          | 0/1 [00:00<?, ?it/s]
✗ Failed to process results/images/preprocessed/trome/2014/01/01/trome_2014-01-01#04.png: EngineCore encountered an issue. See stack trace (above) for the root cause.
Adding requests:   0%|          | 0/1 [00:00<?, ?it/s]Adding requests:   0%|          | 0/1 [00:00<?, ?it/s]
✗ Failed to process results/images/preprocessed/trome/2014/01/01/trome_2014-01-01#04.png: EngineCore encountered an issue. See stack trace (above) for the root cause.
Adding requests:   0%|          | 0/1 [00:00<?, ?it/s]Adding requests:   0%|          | 0/1 [00:00<?, ?it/s]
✗ Failed to process results/images/preprocessed/trome/2014/01/01/trome_2014-01-01#04.png: EngineCore encountered an issue. See stack trace (above) for the root cause.
Adding requests:   0%|          | 0/1 [00:00<?, ?it/s]Adding requests:   0%|          | 0/1 [00:00<?, ?it/s]
✗ Failed to process results/images/preprocessed/trome/2014/01/01/trome_2014-01-01#04.png: EngineCore encountered an issue. See stack trace (above) for the root cause.
Adding requests:   0%|          | 0/1 [00:00<?, ?it/s]Adding requests:   0%|          | 0/1 [00:00<?, ?it/s]
✗ Failed to process results/images/preprocessed/trome/2014/01/01/trome_2014-01-01#04.png: EngineCore encountered an issue. See stack trace (above) for the root cause.
Adding requests:   0%|          | 0/1 [00:00<?, ?it/s]Adding requests:   0%|          | 0/1 [00:00<?, ?it/s]
✗ Failed to process results/images/preprocessed/trome/2014/01/01/trome_2014-01-01#04.png: EngineCore encountered an issue. See stack trace (above) for the root cause.
Adding requests:   0%|          | 0/1 [00:00<?, ?it/s]Adding requests:   0%|          | 0/1 [00:00<?, ?it/s]
✗ Failed to process results/images/preprocessed/trome/2014/01/01/trome_2014-01-01#04.png: EngineCore encountered an issue. See stack trace (above) for the root cause.
Adding requests:   0%|          | 0/1 [00:00<?, ?it/s]Adding requests:   0%|          | 0/1 [00:00<?, ?it/s]
✗ Failed to process results/images/preprocessed/trome/2014/01/01/trome_2014-01-01#04.png: EngineCore encountered an issue. See stack trace (above) for the root cause.
Adding requests:   0%|          | 0/1 [00:00<?, ?it/s]Adding requests:   0%|          | 0/1 [00:00<?, ?it/s]
✗ Failed to process results/images/preprocessed/trome/2014/01/01/trome_2014-01-01#04.png: EngineCore encountered an issue. See stack trace (above) for the root cause.
Adding requests:   0%|          | 0/1 [00:00<?, ?it/s]Adding requests:   0%|          | 0/1 [00:00<?, ?it/s]
✗ Failed to process results/images/preprocessed/trome/2014/01/01/trome_2014-01-01#04.png: EngineCore encountered an issue. See stack trace (above) for the root cause.
Adding requests:   0%|          | 0/1 [00:00<?, ?it/s]Adding requests:   0%|          | 0/1 [00:00<?, ?it/s]
✗ Failed to process results/images/preprocessed/trome/2014/01/01/trome_2014-01-01#04.png: EngineCore encountered an issue. See stack trace (above) for the root cause.
Adding requests:   0%|          | 0/1 [00:00<?, ?it/s]Adding requests:   0%|          | 0/1 [00:00<?, ?it/s]
✗ Failed to process results/images/preprocessed/trome/2014/01/01/trome_2014-01-01#04.png: EngineCore encountered an issue. See stack trace (above) for the root cause.
Adding requests:   0%|          | 0/1 [00:00<?, ?it/s]Adding requests:   0%|          | 0/1 [00:00<?, ?it/s]
✗ Failed to process results/images/preprocessed/trome/2014/01/01/trome_2014-01-01#04.png: EngineCore encountered an issue. See stack trace (above) for the root cause.
Adding requests:   0%|          | 0/1 [00:00<?, ?it/s]Adding requests:   0%|          | 0/1 [00:00<?, ?it/s]
✗ Failed to process results/images/preprocessed/trome/2014/01/01/trome_2014-01-01#04.png: EngineCore encountered an issue. See stack trace (above) for the root cause.
Adding requests:   0%|          | 0/1 [00:00<?, ?it/s]Adding requests:   0%|          | 0/1 [00:00<?, ?it/s]
✗ Failed to process results/images/preprocessed/trome/2014/01/01/trome_2014-01-01#04.png: EngineCore encountered an issue. See stack trace (above) for the root cause.
Adding requests:   0%|          | 0/1 [00:00<?, ?it/s]Adding requests:   0%|          | 0/1 [00:00<?, ?it/s]
✗ Failed to process results/images/preprocessed/trome/2014/01/01/trome_2014-01-01#04.png: EngineCore encountered an issue. See stack trace (above) for the root cause.
Adding requests:   0%|          | 0/1 [00:00<?, ?it/s]Adding requests:   0%|          | 0/1 [00:00<?, ?it/s]
✗ Failed to process results/images/preprocessed/trome/2014/01/01/trome_2014-01-01#04.png: EngineCore encountered an issue. See stack trace (above) for the root cause.
Adding requests:   0%|          | 0/1 [00:00<?, ?it/s]Adding requests:   0%|          | 0/1 [00:00<?, ?it/s]
✗ Failed to process results/images/preprocessed/trome/2014/01/01/trome_2014-01-01#04.png: EngineCore encountered an issue. See stack trace (above) for the root cause.
Adding requests:   0%|          | 0/1 [00:00<?, ?it/s]Adding requests:   0%|          | 0/1 [00:00<?, ?it/s]
✗ Failed to process results/images/preprocessed/trome/2014/01/01/trome_2014-01-01#04.png: EngineCore encountered an issue. See stack trace (above) for the root cause.
Adding requests:   0%|          | 0/1 [00:00<?, ?it/s]Adding requests:   0%|          | 0/1 [00:00<?, ?it/s]
✗ Failed to process results/images/preprocessed/trome/2014/01/01/trome_2014-01-01#04.png: EngineCore encountered an issue. See stack trace (above) for the root cause.
Adding requests:   0%|          | 0/1 [00:00<?, ?it/s]Adding requests:   0%|          | 0/1 [00:00<?, ?it/s]
✗ Failed to process results/images/preprocessed/trome/2014/01/01/trome_2014-01-01#04.png: EngineCore encountered an issue. See stack trace (above) for the root cause.
Adding requests:   0%|          | 0/1 [00:00<?, ?it/s]Adding requests:   0%|          | 0/1 [00:00<?, ?it/s]
✗ Failed to process results/images/preprocessed/trome/2014/01/01/trome_2014-01-01#04.png: EngineCore encountered an issue. See stack trace (above) for the root cause.
Adding requests:   0%|          | 0/1 [00:00<?, ?it/s]Adding requests:   0%|          | 0/1 [00:00<?, ?it/s]
✗ Failed to process results/images/preprocessed/trome/2014/01/01/trome_2014-01-01#04.png: EngineCore encountered an issue. See stack trace (above) for the root cause.
Adding requests:   0%|          | 0/1 [00:00<?, ?it/s]Adding requests:   0%|          | 0/1 [00:00<?, ?it/s]
✗ Failed to process results/images/preprocessed/trome/2014/01/01/trome_2014-01-01#04.png: EngineCore encountered an issue. See stack trace (above) for the root cause.
Adding requests:   0%|          | 0/1 [00:00<?, ?it/s]Adding requests:   0%|          | 0/1 [00:00<?, ?it/s]
✗ Failed to process results/images/preprocessed/trome/2014/01/01/trome_2014-01-01#04.png: EngineCore encountered an issue. See stack trace (above) for the root cause.
Adding requests:   0%|          | 0/1 [00:00<?, ?it/s]Adding requests:   0%|          | 0/1 [00:00<?, ?it/s]
✗ Failed to process results/images/preprocessed/trome/2014/01/01/trome_2014-01-01#04.png: EngineCore encountered an issue. See stack trace (above) for the root cause.
Adding requests:   0%|          | 0/1 [00:00<?, ?it/s]Adding requests:   0%|          | 0/1 [00:00<?, ?it/s]
✗ Failed to process results/images/preprocessed/trome/2014/01/01/trome_2014-01-01#04.png: EngineCore encountered an issue. See stack trace (above) for the root cause.
Adding requests:   0%|          | 0/1 [00:00<?, ?it/s]Adding requests:   0%|          | 0/1 [00:00<?, ?it/s]
✗ Failed to process results/images/preprocessed/trome/2014/01/01/trome_2014-01-01#04.png: EngineCore encountered an issue. See stack trace (above) for the root cause.
Adding requests:   0%|          | 0/1 [00:00<?, ?it/s]Adding requests:   0%|          | 0/1 [00:00<?, ?it/s]
✗ Failed to process results/images/preprocessed/trome/2014/01/01/trome_2014-01-01#04.png: EngineCore encountered an issue. See stack trace (above) for the root cause.
Adding requests:   0%|          | 0/1 [00:00<?, ?it/s]Adding requests:   0%|          | 0/1 [00:00<?, ?it/s]
✗ Failed to process results/images/preprocessed/trome/2014/01/01/trome_2014-01-01#04.png: EngineCore encountered an issue. See stack trace (above) for the root cause.
Adding requests:   0%|          | 0/1 [00:00<?, ?it/s]Adding requests:   0%|          | 0/1 [00:00<?, ?it/s]
✗ Failed to process results/images/preprocessed/trome/2014/01/01/trome_2014-01-01#04.png: EngineCore encountered an issue. See stack trace (above) for the root cause.
Adding requests:   0%|          | 0/1 [00:00<?, ?it/s]Adding requests:   0%|          | 0/1 [00:00<?, ?it/s]
✗ Failed to process results/images/preprocessed/trome/2014/01/01/trome_2014-01-01#04.png: EngineCore encountered an issue. See stack trace (above) for the root cause.
Adding requests:   0%|          | 0/1 [00:00<?, ?it/s]Adding requests:   0%|          | 0/1 [00:00<?, ?it/s]
✗ Failed to process results/images/preprocessed/trome/2014/01/01/trome_2014-01-01#04.png: EngineCore encountered an issue. See stack trace (above) for the root cause.
Adding requests:   0%|          | 0/1 [00:00<?, ?it/s]Adding requests:   0%|          | 0/1 [00:00<?, ?it/s]
✗ Failed to process results/images/preprocessed/trome/2014/01/01/trome_2014-01-01#04.png: EngineCore encountered an issue. See stack trace (above) for the root cause.
Adding requests:   0%|          | 0/1 [00:00<?, ?it/s]Adding requests:   0%|          | 0/1 [00:00<?, ?it/s]
✗ Failed to process results/images/preprocessed/trome/2014/01/01/trome_2014-01-01#04.png: EngineCore encountered an issue. See stack trace (above) for the root cause.
Adding requests:   0%|          | 0/1 [00:00<?, ?it/s]Adding requests:   0%|          | 0/1 [00:00<?, ?it/s]
✗ Failed to process results/images/preprocessed/trome/2014/01/01/trome_2014-01-01#04.png: EngineCore encountered an issue. See stack trace (above) for the root cause.
Adding requests:   0%|          | 0/1 [00:00<?, ?it/s]Adding requests:   0%|          | 0/1 [00:00<?, ?it/s]
✗ Failed to process results/images/preprocessed/trome/2014/01/01/trome_2014-01-01#04.png: EngineCore encountered an issue. See stack trace (above) for the root cause.
Adding requests:   0%|          | 0/1 [00:00<?, ?it/s]Adding requests:   0%|          | 0/1 [00:00<?, ?it/s]
✗ Failed to process results/images/preprocessed/trome/2014/01/01/trome_2014-01-01#04.png: EngineCore encountered an issue. See stack trace (above) for the root cause.
Adding requests:   0%|          | 0/1 [00:00<?, ?it/s]Adding requests:   0%|          | 0/1 [00:00<?, ?it/s]
✗ Failed to process results/images/preprocessed/trome/2014/01/01/trome_2014-01-01#04.png: EngineCore encountered an issue. See stack trace (above) for the root cause.
Adding requests:   0%|          | 0/1 [00:00<?, ?it/s]Adding requests:   0%|          | 0/1 [00:00<?, ?it/s]
✗ Failed to process results/images/preprocessed/trome/2014/01/01/trome_2014-01-01#04.png: EngineCore encountered an issue. See stack trace (above) for the root cause.
Adding requests:   0%|          | 0/1 [00:00<?, ?it/s]Adding requests:   0%|          | 0/1 [00:00<?, ?it/s]
✗ Failed to process results/images/preprocessed/trome/2014/01/01/trome_2014-01-01#04.png: EngineCore encountered an issue. See stack trace (above) for the root cause.
Adding requests:   0%|          | 0/1 [00:00<?, ?it/s]Adding requests:   0%|          | 0/1 [00:00<?, ?it/s]
✗ Failed to process results/images/preprocessed/trome/2014/01/01/trome_2014-01-01#04.png: EngineCore encountered an issue. See stack trace (above) for the root cause.
Adding requests:   0%|          | 0/1 [00:00<?, ?it/s]Adding requests:   0%|          | 0/1 [00:00<?, ?it/s]
✗ Failed to process results/images/preprocessed/trome/2014/01/01/trome_2014-01-01#04.png: EngineCore encountered an issue. See stack trace (above) for the root cause.
Adding requests:   0%|          | 0/1 [00:00<?, ?it/s]Adding requests:   0%|          | 0/1 [00:00<?, ?it/s]
✗ Failed to process results/images/preprocessed/trome/2014/01/01/trome_2014-01-01#04.png: EngineCore encountered an issue. See stack trace (above) for the root cause.
Adding requests:   0%|          | 0/1 [00:00<?, ?it/s]Adding requests:   0%|          | 0/1 [00:00<?, ?it/s]
✗ Failed to process results/images/preprocessed/trome/2014/01/01/trome_2014-01-01#04.png: EngineCore encountered an issue. See stack trace (above) for the root cause.
Adding requests:   0%|          | 0/1 [00:00<?, ?it/s]Adding requests:   0%|          | 0/1 [00:00<?, ?it/s]
✗ Failed to process results/images/preprocessed/trome/2014/01/01/trome_2014-01-01#04.png: EngineCore encountered an issue. See stack trace (above) for the root cause.
Adding requests:   0%|          | 0/1 [00:00<?, ?it/s]Adding requests:   0%|          | 0/1 [00:00<?, ?it/s]
✗ Failed to process results/images/preprocessed/trome/2014/01/01/trome_2014-01-01#04.png: EngineCore encountered an issue. See stack trace (above) for the root cause.
Adding requests:   0%|          | 0/1 [00:00<?, ?it/s]Adding requests:   0%|          | 0/1 [00:00<?, ?it/s]
✗ Failed to process results/images/preprocessed/trome/2014/01/01/trome_2014-01-01#04.png: EngineCore encountered an issue. See stack trace (above) for the root cause.
Adding requests:   0%|          | 0/1 [00:00<?, ?it/s]Adding requests:   0%|          | 0/1 [00:00<?, ?it/s]
✗ Failed to process results/images/preprocessed/trome/2014/01/01/trome_2014-01-01#04.png: EngineCore encountered an issue. See stack trace (above) for the root cause.
Adding requests:   0%|          | 0/1 [00:00<?, ?it/s]Adding requests:   0%|          | 0/1 [00:00<?, ?it/s]
✗ Failed to process results/images/preprocessed/trome/2014/01/01/trome_2014-01-01#04.png: EngineCore encountered an issue. See stack trace (above) for the root cause.
Adding requests:   0%|          | 0/1 [00:00<?, ?it/s]Adding requests:   0%|          | 0/1 [00:00<?, ?it/s]
✗ Failed to process results/images/preprocessed/trome/2014/01/01/trome_2014-01-01#04.png: EngineCore encountered an issue. See stack trace (above) for the root cause.
Adding requests:   0%|          | 0/1 [00:00<?, ?it/s]Adding requests:   0%|          | 0/1 [00:00<?, ?it/s]
✗ Failed to process results/images/preprocessed/trome/2014/01/01/trome_2014-01-01#04.png: EngineCore encountered an issue. See stack trace (above) for the root cause.
Adding requests:   0%|          | 0/1 [00:00<?, ?it/s]Adding requests:   0%|          | 0/1 [00:00<?, ?it/s]
✗ Failed to process results/images/preprocessed/trome/2014/01/01/trome_2014-01-01#04.png: EngineCore encountered an issue. See stack trace (above) for the root cause.
Adding requests:   0%|          | 0/1 [00:00<?, ?it/s]Adding requests:   0%|          | 0/1 [00:00<?, ?it/s]
✗ Failed to process results/images/preprocessed/trome/2014/01/01/trome_2014-01-01#04.png: EngineCore encountered an issue. See stack trace (above) for the root cause.
Adding requests:   0%|          | 0/1 [00:00<?, ?it/s]Adding requests:   0%|          | 0/1 [00:00<?, ?it/s]
✗ Failed to process results/images/preprocessed/trome/2014/01/01/trome_2014-01-01#04.png: EngineCore encountered an issue. See stack trace (above) for the root cause.
Adding requests:   0%|          | 0/1 [00:00<?, ?it/s]Adding requests:   0%|          | 0/1 [00:00<?, ?it/s]
✗ Failed to process results/images/preprocessed/trome/2014/01/01/trome_2014-01-01#04.png: EngineCore encountered an issue. See stack trace (above) for the root cause.
Adding requests:   0%|          | 0/1 [00:00<?, ?it/s]Adding requests:   0%|          | 0/1 [00:00<?, ?it/s]
✗ Failed to process results/images/preprocessed/trome/2014/01/01/trome_2014-01-01#04.png: EngineCore encountered an issue. See stack trace (above) for the root cause.
Adding requests:   0%|          | 0/1 [00:00<?, ?it/s]Adding requests:   0%|          | 0/1 [00:00<?, ?it/s]
✗ Failed to process results/images/preprocessed/trome/2014/01/01/trome_2014-01-01#04.png: EngineCore encountered an issue. See stack trace (above) for the root cause.
Adding requests:   0%|          | 0/1 [00:00<?, ?it/s]Adding requests:   0%|          | 0/1 [00:00<?, ?it/s]
✗ Failed to process results/images/preprocessed/trome/2014/01/01/trome_2014-01-01#04.png: EngineCore encountered an issue. See stack trace (above) for the root cause.
Adding requests:   0%|          | 0/1 [00:00<?, ?it/s]Adding requests:   0%|          | 0/1 [00:00<?, ?it/s]
✗ Failed to process results/images/preprocessed/trome/2014/01/01/trome_2014-01-01#04.png: EngineCore encountered an issue. See stack trace (above) for the root cause.
Adding requests:   0%|          | 0/1 [00:00<?, ?it/s]Adding requests:   0%|          | 0/1 [00:00<?, ?it/s]
✗ Failed to process results/images/preprocessed/trome/2014/01/01/trome_2014-01-01#04.png: EngineCore encountered an issue. See stack trace (above) for the root cause.
Adding requests:   0%|          | 0/1 [00:00<?, ?it/s]Adding requests:   0%|          | 0/1 [00:00<?, ?it/s]
✗ Failed to process results/images/preprocessed/trome/2014/01/01/trome_2014-01-01#04.png: EngineCore encountered an issue. See stack trace (above) for the root cause.
Adding requests:   0%|          | 0/1 [00:00<?, ?it/s]Adding requests:   0%|          | 0/1 [00:00<?, ?it/s]
✗ Failed to process results/images/preprocessed/trome/2014/01/01/trome_2014-01-01#04.png: EngineCore encountered an issue. See stack trace (above) for the root cause.
Adding requests:   0%|          | 0/1 [00:00<?, ?it/s]Adding requests:   0%|          | 0/1 [00:00<?, ?it/s]
✗ Failed to process results/images/preprocessed/trome/2014/01/01/trome_2014-01-01#04.png: EngineCore encountered an issue. See stack trace (above) for the root cause.
Adding requests:   0%|          | 0/1 [00:00<?, ?it/s]Adding requests:   0%|          | 0/1 [00:00<?, ?it/s]
✗ Failed to process results/images/preprocessed/trome/2014/01/01/trome_2014-01-01#04.png: EngineCore encountered an issue. See stack trace (above) for the root cause.
Adding requests:   0%|          | 0/1 [00:00<?, ?it/s]Adding requests:   0%|          | 0/1 [00:00<?, ?it/s]
✗ Failed to process results/images/preprocessed/trome/2014/01/01/trome_2014-01-01#04.png: EngineCore encountered an issue. See stack trace (above) for the root cause.
Adding requests:   0%|          | 0/1 [00:00<?, ?it/s]Adding requests:   0%|          | 0/1 [00:00<?, ?it/s]
✗ Failed to process results/images/preprocessed/trome/2014/01/01/trome_2014-01-01#04.png: EngineCore encountered an issue. See stack trace (above) for the root cause.
Adding requests:   0%|          | 0/1 [00:00<?, ?it/s]Adding requests:   0%|          | 0/1 [00:00<?, ?it/s]
✗ Failed to process results/images/preprocessed/trome/2014/01/01/trome_2014-01-01#04.png: EngineCore encountered an issue. See stack trace (above) for the root cause.
Adding requests:   0%|          | 0/1 [00:00<?, ?it/s]Adding requests:   0%|          | 0/1 [00:00<?, ?it/s]
✗ Failed to process results/images/preprocessed/trome/2014/01/01/trome_2014-01-01#04.png: EngineCore encountered an issue. See stack trace (above) for the root cause.
Adding requests:   0%|          | 0/1 [00:00<?, ?it/s]Adding requests:   0%|          | 0/1 [00:00<?, ?it/s]
✗ Failed to process results/images/preprocessed/trome/2014/01/01/trome_2014-01-01#04.png: EngineCore encountered an issue. See stack trace (above) for the root cause.
Adding requests:   0%|          | 0/1 [00:00<?, ?it/s]Adding requests:   0%|          | 0/1 [00:00<?, ?it/s]
✗ Failed to process results/images/preprocessed/trome/2014/01/01/trome_2014-01-01#04.png: EngineCore encountered an issue. See stack trace (above) for the root cause.
Adding requests:   0%|          | 0/1 [00:00<?, ?it/s]Adding requests:   0%|          | 0/1 [00:00<?, ?it/s]
✗ Failed to process results/images/preprocessed/trome/2014/01/01/trome_2014-01-01#04.png: EngineCore encountered an issue. See stack trace (above) for the root cause.
Adding requests:   0%|          | 0/1 [00:00<?, ?it/s]Adding requests:   0%|          | 0/1 [00:00<?, ?it/s]
✗ Failed to process results/images/preprocessed/trome/2014/01/01/trome_2014-01-01#04.png: EngineCore encountered an issue. See stack trace (above) for the root cause.
Adding requests:   0%|          | 0/1 [00:00<?, ?it/s]Adding requests:   0%|          | 0/1 [00:00<?, ?it/s]
✗ Failed to process results/images/preprocessed/trome/2014/01/01/trome_2014-01-01#04.png: EngineCore encountered an issue. See stack trace (above) for the root cause.
Adding requests:   0%|          | 0/1 [00:00<?, ?it/s]Adding requests:   0%|          | 0/1 [00:00<?, ?it/s]
✗ Failed to process results/images/preprocessed/trome/2014/01/01/trome_2014-01-01#04.png: EngineCore encountered an issue. See stack trace (above) for the root cause.
Adding requests:   0%|          | 0/1 [00:00<?, ?it/s]Adding requests:   0%|          | 0/1 [00:00<?, ?it/s]
✗ Failed to process results/images/preprocessed/trome/2014/01/01/trome_2014-01-01#04.png: EngineCore encountered an issue. See stack trace (above) for the root cause.
Adding requests:   0%|          | 0/1 [00:00<?, ?it/s]Adding requests:   0%|          | 0/1 [00:00<?, ?it/s]
✗ Failed to process results/images/preprocessed/trome/2014/01/01/trome_2014-01-01#04.png: EngineCore encountered an issue. See stack trace (above) for the root cause.
Adding requests:   0%|          | 0/1 [00:00<?, ?it/s]Adding requests:   0%|          | 0/1 [00:00<?, ?it/s]
✗ Failed to process results/images/preprocessed/trome/2014/01/01/trome_2014-01-01#04.png: EngineCore encountered an issue. See stack trace (above) for the root cause.
Adding requests:   0%|          | 0/1 [00:00<?, ?it/s]Adding requests:   0%|          | 0/1 [00:00<?, ?it/s]
✗ Failed to process results/images/preprocessed/trome/2014/01/01/trome_2014-01-01#04.png: EngineCore encountered an issue. See stack trace (above) for the root cause.
Adding requests:   0%|          | 0/1 [00:00<?, ?it/s]Adding requests:   0%|          | 0/1 [00:00<?, ?it/s]
✗ Failed to process results/images/preprocessed/trome/2014/01/01/trome_2014-01-01#04.png: EngineCore encountered an issue. See stack trace (above) for the root cause.
Adding requests:   0%|          | 0/1 [00:00<?, ?it/s]Adding requests:   0%|          | 0/1 [00:00<?, ?it/s]
✗ Failed to process results/images/preprocessed/trome/2014/01/01/trome_2014-01-01#04.png: EngineCore encountered an issue. See stack trace (above) for the root cause.
Adding requests:   0%|          | 0/1 [00:00<?, ?it/s]Adding requests:   0%|          | 0/1 [00:00<?, ?it/s]
✗ Failed to process results/images/preprocessed/trome/2014/01/01/trome_2014-01-01#04.png: EngineCore encountered an issue. See stack trace (above) for the root cause.
Adding requests:   0%|          | 0/1 [00:00<?, ?it/s]Adding requests:   0%|          | 0/1 [00:00<?, ?it/s]
✗ Failed to process results/images/preprocessed/trome/2014/01/01/trome_2014-01-01#04.png: EngineCore encountered an issue. See stack trace (above) for the root cause.
Adding requests:   0%|          | 0/1 [00:00<?, ?it/s]Adding requests:   0%|          | 0/1 [00:00<?, ?it/s]
✗ Failed to process results/images/preprocessed/trome/2014/01/01/trome_2014-01-01#04.png: EngineCore encountered an issue. See stack trace (above) for the root cause.
Adding requests:   0%|          | 0/1 [00:00<?, ?it/s]Adding requests:   0%|          | 0/1 [00:00<?, ?it/s]
✗ Failed to process results/images/preprocessed/trome/2014/01/01/trome_2014-01-01#04.png: EngineCore encountered an issue. See stack trace (above) for the root cause.
Adding requests:   0%|          | 0/1 [00:00<?, ?it/s]Adding requests:   0%|          | 0/1 [00:00<?, ?it/s]
✗ Failed to process results/images/preprocessed/trome/2014/01/01/trome_2014-01-01#04.png: EngineCore encountered an issue. See stack trace (above) for the root cause.
Adding requests:   0%|          | 0/1 [00:00<?, ?it/s]Adding requests:   0%|          | 0/1 [00:00<?, ?it/s]
✗ Failed to process results/images/preprocessed/trome/2014/01/01/trome_2014-01-01#04.png: EngineCore encountered an issue. See stack trace (above) for the root cause.
Adding requests:   0%|          | 0/1 [00:00<?, ?it/s]Adding requests:   0%|          | 0/1 [00:00<?, ?it/s]
✗ Failed to process results/images/preprocessed/trome/2014/01/01/trome_2014-01-01#04.png: EngineCore encountered an issue. See stack trace (above) for the root cause.
Adding requests:   0%|          | 0/1 [00:00<?, ?it/s]Adding requests:   0%|          | 0/1 [00:00<?, ?it/s]
✗ Failed to process results/images/preprocessed/trome/2014/01/01/trome_2014-01-01#04.png: EngineCore encountered an issue. See stack trace (above) for the root cause.
Adding requests:   0%|          | 0/1 [00:00<?, ?it/s]Adding requests:   0%|          | 0/1 [00:00<?, ?it/s]
✗ Failed to process results/images/preprocessed/trome/2014/01/01/trome_2014-01-01#04.png: EngineCore encountered an issue. See stack trace (above) for the root cause.
Adding requests:   0%|          | 0/1 [00:00<?, ?it/s]Adding requests:   0%|          | 0/1 [00:00<?, ?it/s]
✗ Failed to process results/images/preprocessed/trome/2014/01/01/trome_2014-01-01#04.png: EngineCore encountered an issue. See stack trace (above) for the root cause.
Adding requests:   0%|          | 0/1 [00:00<?, ?it/s]Adding requests:   0%|          | 0/1 [00:00<?, ?it/s]
✗ Failed to process results/images/preprocessed/trome/2014/01/01/trome_2014-01-01#04.png: EngineCore encountered an issue. See stack trace (above) for the root cause.
Adding requests:   0%|          | 0/1 [00:00<?, ?it/s]Adding requests:   0%|          | 0/1 [00:00<?, ?it/s]
✗ Failed to process results/images/preprocessed/trome/2014/01/01/trome_2014-01-01#04.png: EngineCore encountered an issue. See stack trace (above) for the root cause.
Adding requests:   0%|          | 0/1 [00:00<?, ?it/s]Adding requests:   0%|          | 0/1 [00:00<?, ?it/s]
✗ Failed to process results/images/preprocessed/trome/2014/01/01/trome_2014-01-01#04.png: EngineCore encountered an issue. See stack trace (above) for the root cause.
Adding requests:   0%|          | 0/1 [00:00<?, ?it/s]Adding requests:   0%|          | 0/1 [00:00<?, ?it/s]
✗ Failed to process results/images/preprocessed/trome/2014/01/01/trome_2014-01-01#04.png: EngineCore encountered an issue. See stack trace (above) for the root cause.
Adding requests:   0%|          | 0/1 [00:00<?, ?it/s]Adding requests:   0%|          | 0/1 [00:00<?, ?it/s]
✗ Failed to process results/images/preprocessed/trome/2014/01/01/trome_2014-01-01#04.png: EngineCore encountered an issue. See stack trace (above) for the root cause.
Adding requests:   0%|          | 0/1 [00:00<?, ?it/s]Adding requests:   0%|          | 0/1 [00:00<?, ?it/s]
✗ Failed to process results/images/preprocessed/trome/2014/01/01/trome_2014-01-01#04.png: EngineCore encountered an issue. See stack trace (above) for the root cause.
Adding requests:   0%|          | 0/1 [00:00<?, ?it/s]Adding requests:   0%|          | 0/1 [00:00<?, ?it/s]
✗ Failed to process results/images/preprocessed/trome/2014/01/01/trome_2014-01-01#04.png: EngineCore encountered an issue. See stack trace (above) for the root cause.
Adding requests:   0%|          | 0/1 [00:00<?, ?it/s]Adding requests:   0%|          | 0/1 [00:00<?, ?it/s]
✗ Failed to process results/images/preprocessed/trome/2014/01/01/trome_2014-01-01#04.png: EngineCore encountered an issue. See stack trace (above) for the root cause.
Adding requests:   0%|          | 0/1 [00:00<?, ?it/s]Adding requests:   0%|          | 0/1 [00:00<?, ?it/s]
✗ Failed to process results/images/preprocessed/trome/2014/01/01/trome_2014-01-01#04.png: EngineCore encountered an issue. See stack trace (above) for the root cause.
Adding requests:   0%|          | 0/1 [00:00<?, ?it/s]Adding requests:   0%|          | 0/1 [00:00<?, ?it/s]
✗ Failed to process results/images/preprocessed/trome/2014/01/01/trome_2014-01-01#04.png: EngineCore encountered an issue. See stack trace (above) for the root cause.
Adding requests:   0%|          | 0/1 [00:00<?, ?it/s]Adding requests:   0%|          | 0/1 [00:00<?, ?it/s]
✗ Failed to process results/images/preprocessed/trome/2014/01/01/trome_2014-01-01#04.png: EngineCore encountered an issue. See stack trace (above) for the root cause.
Adding requests:   0%|          | 0/1 [00:00<?, ?it/s]Adding requests:   0%|          | 0/1 [00:00<?, ?it/s]
✗ Failed to process results/images/preprocessed/trome/2014/01/01/trome_2014-01-01#04.png: EngineCore encountered an issue. See stack trace (above) for the root cause.
Adding requests:   0%|          | 0/1 [00:00<?, ?it/s]Adding requests:   0%|          | 0/1 [00:00<?, ?it/s]
✗ Failed to process results/images/preprocessed/trome/2014/01/01/trome_2014-01-01#04.png: EngineCore encountered an issue. See stack trace (above) for the root cause.
Adding requests:   0%|          | 0/1 [00:00<?, ?it/s]Adding requests:   0%|          | 0/1 [00:00<?, ?it/s]
✗ Failed to process results/images/preprocessed/trome/2014/01/01/trome_2014-01-01#04.png: EngineCore encountered an issue. See stack trace (above) for the root cause.
Adding requests:   0%|          | 0/1 [00:00<?, ?it/s]Adding requests:   0%|          | 0/1 [00:00<?, ?it/s]
✗ Failed to process results/images/preprocessed/trome/2014/01/01/trome_2014-01-01#04.png: EngineCore encountered an issue. See stack trace (above) for the root cause.
Adding requests:   0%|          | 0/1 [00:00<?, ?it/s]Adding requests:   0%|          | 0/1 [00:00<?, ?it/s]
✗ Failed to process results/images/preprocessed/trome/2014/01/01/trome_2014-01-01#04.png: EngineCore encountered an issue. See stack trace (above) for the root cause.
Adding requests:   0%|          | 0/1 [00:00<?, ?it/s]Adding requests:   0%|          | 0/1 [00:00<?, ?it/s]
✗ Failed to process results/images/preprocessed/trome/2014/01/01/trome_2014-01-01#04.png: EngineCore encountered an issue. See stack trace (above) for the root cause.
Adding requests:   0%|          | 0/1 [00:00<?, ?it/s]Adding requests:   0%|          | 0/1 [00:00<?, ?it/s]
✗ Failed to process results/images/preprocessed/trome/2014/01/01/trome_2014-01-01#04.png: EngineCore encountered an issue. See stack trace (above) for the root cause.
Adding requests:   0%|          | 0/1 [00:00<?, ?it/s]Adding requests:   0%|          | 0/1 [00:00<?, ?it/s]
✗ Failed to process results/images/preprocessed/trome/2014/01/01/trome_2014-01-01#04.png: EngineCore encountered an issue. See stack trace (above) for the root cause.
Adding requests:   0%|          | 0/1 [00:00<?, ?it/s]Adding requests:   0%|          | 0/1 [00:00<?, ?it/s]
✗ Failed to process results/images/preprocessed/trome/2014/01/01/trome_2014-01-01#04.png: EngineCore encountered an issue. See stack trace (above) for the root cause.
Adding requests:   0%|          | 0/1 [00:00<?, ?it/s]Adding requests:   0%|          | 0/1 [00:00<?, ?it/s]
✗ Failed to process results/images/preprocessed/trome/2014/01/01/trome_2014-01-01#04.png: EngineCore encountered an issue. See stack trace (above) for the root cause.
Adding requests:   0%|          | 0/1 [00:00<?, ?it/s]Adding requests:   0%|          | 0/1 [00:00<?, ?it/s]
✗ Failed to process results/images/preprocessed/trome/2014/01/01/trome_2014-01-01#04.png: EngineCore encountered an issue. See stack trace (above) for the root cause.
Adding requests:   0%|          | 0/1 [00:00<?, ?it/s]Adding requests:   0%|          | 0/1 [00:00<?, ?it/s]
✗ Failed to process results/images/preprocessed/trome/2014/01/01/trome_2014-01-01#04.png: EngineCore encountered an issue. See stack trace (above) for the root cause.
Adding requests:   0%|          | 0/1 [00:00<?, ?it/s]Adding requests:   0%|          | 0/1 [00:00<?, ?it/s]
✗ Failed to process results/images/preprocessed/trome/2014/01/01/trome_2014-01-01#04.png: EngineCore encountered an issue. See stack trace (above) for the root cause.
Adding requests:   0%|          | 0/1 [00:00<?, ?it/s]Adding requests:   0%|          | 0/1 [00:00<?, ?it/s]
✗ Failed to process results/images/preprocessed/trome/2014/01/01/trome_2014-01-01#04.png: EngineCore encountered an issue. See stack trace (above) for the root cause.
Adding requests:   0%|          | 0/1 [00:00<?, ?it/s]Adding requests:   0%|          | 0/1 [00:00<?, ?it/s]
✗ Failed to process results/images/preprocessed/trome/2014/01/01/trome_2014-01-01#04.png: The decoder prompt (length 8319) is longer than the maximum model length of 8192. Make sure that `max_model_len` is no smaller than the number of text tokens.
Adding requests:   0%|          | 0/1 [00:00<?, ?it/s]Adding requests:   0%|          | 0/1 [00:00<?, ?it/s]
✗ Failed to process results/images/preprocessed/trome/2014/01/01/trome_2014-01-01#04.png: EngineCore encountered an issue. See stack trace (above) for the root cause.
Adding requests:   0%|          | 0/1 [00:00<?, ?it/s]Adding requests:   0%|          | 0/1 [00:00<?, ?it/s]
✗ Failed to process results/images/preprocessed/trome/2014/01/01/trome_2014-01-01#04.png: EngineCore encountered an issue. See stack trace (above) for the root cause.
Adding requests:   0%|          | 0/1 [00:00<?, ?it/s]Adding requests:   0%|          | 0/1 [00:00<?, ?it/s]
✗ Failed to process results/images/preprocessed/trome/2014/01/01/trome_2014-01-01#04.png: EngineCore encountered an issue. See stack trace (above) for the root cause.
Adding requests:   0%|          | 0/1 [00:00<?, ?it/s]Adding requests:   0%|          | 0/1 [00:00<?, ?it/s]
✗ Failed to process results/images/preprocessed/trome/2014/01/01/trome_2014-01-01#04.png: EngineCore encountered an issue. See stack trace (above) for the root cause.
Adding requests:   0%|          | 0/1 [00:00<?, ?it/s]Adding requests:   0%|          | 0/1 [00:00<?, ?it/s]
✗ Failed to process results/images/preprocessed/trome/2014/01/01/trome_2014-01-01#04.png: EngineCore encountered an issue. See stack trace (above) for the root cause.
Adding requests:   0%|          | 0/1 [00:00<?, ?it/s]Adding requests:   0%|          | 0/1 [00:00<?, ?it/s]
✗ Failed to process results/images/preprocessed/trome/2014/01/01/trome_2014-01-01#04.png: EngineCore encountered an issue. See stack trace (above) for the root cause.
Adding requests:   0%|          | 0/1 [00:00<?, ?it/s]Adding requests:   0%|          | 0/1 [00:00<?, ?it/s]
✗ Failed to process results/images/preprocessed/trome/2014/01/01/trome_2014-01-01#04.png: EngineCore encountered an issue. See stack trace (above) for the root cause.
Adding requests:   0%|          | 0/1 [00:00<?, ?it/s]Adding requests:   0%|          | 0/1 [00:00<?, ?it/s]
✗ Failed to process results/images/preprocessed/trome/2014/01/01/trome_2014-01-01#04.png: EngineCore encountered an issue. See stack trace (above) for the root cause.
Adding requests:   0%|          | 0/1 [00:00<?, ?it/s]Adding requests:   0%|          | 0/1 [00:00<?, ?it/s]
✗ Failed to process results/images/preprocessed/trome/2014/01/01/trome_2014-01-01#04.png: EngineCore encountered an issue. See stack trace (above) for the root cause.
Adding requests:   0%|          | 0/1 [00:00<?, ?it/s]Adding requests:   0%|          | 0/1 [00:00<?, ?it/s]
✗ Failed to process results/images/preprocessed/trome/2014/01/01/trome_2014-01-01#04.png: EngineCore encountered an issue. See stack trace (above) for the root cause.
Adding requests:   0%|          | 0/1 [00:00<?, ?it/s]Adding requests:   0%|          | 0/1 [00:00<?, ?it/s]
✗ Failed to process results/images/preprocessed/trome/2014/01/01/trome_2014-01-01#04.png: EngineCore encountered an issue. See stack trace (above) for the root cause.
Adding requests:   0%|          | 0/1 [00:00<?, ?it/s]Adding requests:   0%|          | 0/1 [00:00<?, ?it/s]
✗ Failed to process results/images/preprocessed/trome/2014/01/01/trome_2014-01-01#04.png: EngineCore encountered an issue. See stack trace (above) for the root cause.
Adding requests:   0%|          | 0/1 [00:00<?, ?it/s]Adding requests:   0%|          | 0/1 [00:00<?, ?it/s]
✗ Failed to process results/images/preprocessed/trome/2014/01/01/trome_2014-01-01#04.png: EngineCore encountered an issue. See stack trace (above) for the root cause.
Adding requests:   0%|          | 0/1 [00:00<?, ?it/s]Adding requests:   0%|          | 0/1 [00:00<?, ?it/s]
✗ Failed to process results/images/preprocessed/trome/2014/01/01/trome_2014-01-01#04.png: EngineCore encountered an issue. See stack trace (above) for the root cause.
Adding requests:   0%|          | 0/1 [00:00<?, ?it/s]Adding requests:   0%|          | 0/1 [00:00<?, ?it/s]
✗ Failed to process results/images/preprocessed/trome/2014/01/01/trome_2014-01-01#04.png: EngineCore encountered an issue. See stack trace (above) for the root cause.
Adding requests:   0%|          | 0/1 [00:00<?, ?it/s]Adding requests:   0%|          | 0/1 [00:00<?, ?it/s]
✗ Failed to process results/images/preprocessed/trome/2014/01/01/trome_2014-01-01#04.png: EngineCore encountered an issue. See stack trace (above) for the root cause.
Adding requests:   0%|          | 0/1 [00:00<?, ?it/s]Adding requests:   0%|          | 0/1 [00:00<?, ?it/s]
✗ Failed to process results/images/preprocessed/trome/2014/01/01/trome_2014-01-01#04.png: EngineCore encountered an issue. See stack trace (above) for the root cause.
Adding requests:   0%|          | 0/1 [00:00<?, ?it/s]Adding requests:   0%|          | 0/1 [00:00<?, ?it/s]
✗ Failed to process results/images/preprocessed/trome/2014/01/01/trome_2014-01-01#04.png: EngineCore encountered an issue. See stack trace (above) for the root cause.
Adding requests:   0%|          | 0/1 [00:00<?, ?it/s]Adding requests:   0%|          | 0/1 [00:00<?, ?it/s]
✗ Failed to process results/images/preprocessed/trome/2014/01/01/trome_2014-01-01#04.png: EngineCore encountered an issue. See stack trace (above) for the root cause.
Adding requests:   0%|          | 0/1 [00:00<?, ?it/s]Adding requests:   0%|          | 0/1 [00:00<?, ?it/s]
✗ Failed to process results/images/preprocessed/trome/2014/01/01/trome_2014-01-01#04.png: EngineCore encountered an issue. See stack trace (above) for the root cause.
Adding requests:   0%|          | 0/1 [00:00<?, ?it/s]Adding requests:   0%|          | 0/1 [00:00<?, ?it/s]
✗ Failed to process results/images/preprocessed/trome/2014/01/01/trome_2014-01-01#04.png: EngineCore encountered an issue. See stack trace (above) for the root cause.
Adding requests:   0%|          | 0/1 [00:00<?, ?it/s]Adding requests:   0%|          | 0/1 [00:00<?, ?it/s]
✗ Failed to process results/images/preprocessed/trome/2014/01/01/trome_2014-01-01#04.png: EngineCore encountered an issue. See stack trace (above) for the root cause.
Adding requests:   0%|          | 0/1 [00:00<?, ?it/s]Adding requests:   0%|          | 0/1 [00:00<?, ?it/s]
✗ Failed to process results/images/preprocessed/trome/2014/01/01/trome_2014-01-01#04.png: EngineCore encountered an issue. See stack trace (above) for the root cause.
Adding requests:   0%|          | 0/1 [00:00<?, ?it/s]Adding requests:   0%|          | 0/1 [00:00<?, ?it/s]
✗ Failed to process results/images/preprocessed/trome/2014/01/01/trome_2014-01-01#04.png: EngineCore encountered an issue. See stack trace (above) for the root cause.
Adding requests:   0%|          | 0/1 [00:00<?, ?it/s]Adding requests:   0%|          | 0/1 [00:00<?, ?it/s]
✗ Failed to process results/images/preprocessed/trome/2014/01/01/trome_2014-01-01#04.png: EngineCore encountered an issue. See stack trace (above) for the root cause.
Adding requests:   0%|          | 0/1 [00:00<?, ?it/s]Adding requests:   0%|          | 0/1 [00:00<?, ?it/s]
✗ Failed to process results/images/preprocessed/trome/2014/01/01/trome_2014-01-01#04.png: EngineCore encountered an issue. See stack trace (above) for the root cause.
Adding requests:   0%|          | 0/1 [00:00<?, ?it/s]Adding requests:   0%|          | 0/1 [00:00<?, ?it/s]
✗ Failed to process results/images/preprocessed/trome/2014/01/01/trome_2014-01-01#04.png: EngineCore encountered an issue. See stack trace (above) for the root cause.
Adding requests:   0%|          | 0/1 [00:00<?, ?it/s]Adding requests:   0%|          | 0/1 [00:00<?, ?it/s]
✗ Failed to process results/images/preprocessed/trome/2014/01/01/trome_2014-01-01#04.png: EngineCore encountered an issue. See stack trace (above) for the root cause.
Adding requests:   0%|          | 0/1 [00:00<?, ?it/s]Adding requests:   0%|          | 0/1 [00:00<?, ?it/s]
✗ Failed to process results/images/preprocessed/trome/2014/01/01/trome_2014-01-01#04.png: EngineCore encountered an issue. See stack trace (above) for the root cause.
Adding requests:   0%|          | 0/1 [00:00<?, ?it/s]Adding requests:   0%|          | 0/1 [00:00<?, ?it/s]
✗ Failed to process results/images/preprocessed/trome/2014/01/01/trome_2014-01-01#04.png: EngineCore encountered an issue. See stack trace (above) for the root cause.
Adding requests:   0%|          | 0/1 [00:00<?, ?it/s]Adding requests:   0%|          | 0/1 [00:00<?, ?it/s]
✗ Failed to process results/images/preprocessed/trome/2014/01/01/trome_2014-01-01#04.png: EngineCore encountered an issue. See stack trace (above) for the root cause.
Adding requests:   0%|          | 0/1 [00:00<?, ?it/s]Adding requests:   0%|          | 0/1 [00:00<?, ?it/s]
✗ Failed to process results/images/preprocessed/trome/2014/01/01/trome_2014-01-01#04.png: EngineCore encountered an issue. See stack trace (above) for the root cause.
Adding requests:   0%|          | 0/1 [00:00<?, ?it/s]Adding requests:   0%|          | 0/1 [00:00<?, ?it/s]
✗ Failed to process results/images/preprocessed/trome/2014/01/01/trome_2014-01-01#04.png: EngineCore encountered an issue. See stack trace (above) for the root cause.
Adding requests:   0%|          | 0/1 [00:00<?, ?it/s]Adding requests:   0%|          | 0/1 [00:00<?, ?it/s]
✗ Failed to process results/images/preprocessed/trome/2014/01/01/trome_2014-01-01#04.png: EngineCore encountered an issue. See stack trace (above) for the root cause.
Adding requests:   0%|          | 0/1 [00:00<?, ?it/s]Adding requests:   0%|          | 0/1 [00:00<?, ?it/s]
✗ Failed to process results/images/preprocessed/trome/2014/01/01/trome_2014-01-01#04.png: EngineCore encountered an issue. See stack trace (above) for the root cause.
Adding requests:   0%|          | 0/1 [00:00<?, ?it/s]Adding requests:   0%|          | 0/1 [00:00<?, ?it/s]
✗ Failed to process results/images/preprocessed/trome/2014/01/01/trome_2014-01-01#04.png: EngineCore encountered an issue. See stack trace (above) for the root cause.
Adding requests:   0%|          | 0/1 [00:00<?, ?it/s]Adding requests:   0%|          | 0/1 [00:00<?, ?it/s]
✗ Failed to process results/images/preprocessed/trome/2014/01/01/trome_2014-01-01#04.png: EngineCore encountered an issue. See stack trace (above) for the root cause.
Adding requests:   0%|          | 0/1 [00:00<?, ?it/s]Adding requests:   0%|          | 0/1 [00:00<?, ?it/s]
✗ Failed to process results/images/preprocessed/trome/2014/01/01/trome_2014-01-01#04.png: EngineCore encountered an issue. See stack trace (above) for the root cause.
Adding requests:   0%|          | 0/1 [00:00<?, ?it/s]Adding requests:   0%|          | 0/1 [00:00<?, ?it/s]
✗ Failed to process results/images/preprocessed/trome/2014/01/01/trome_2014-01-01#04.png: EngineCore encountered an issue. See stack trace (above) for the root cause.
Adding requests:   0%|          | 0/1 [00:00<?, ?it/s]Adding requests:   0%|          | 0/1 [00:00<?, ?it/s]
✗ Failed to process results/images/preprocessed/trome/2014/01/01/trome_2014-01-01#04.png: EngineCore encountered an issue. See stack trace (above) for the root cause.
Adding requests:   0%|          | 0/1 [00:00<?, ?it/s]Adding requests:   0%|          | 0/1 [00:00<?, ?it/s]
✗ Failed to process results/images/preprocessed/trome/2014/01/01/trome_2014-01-01#04.png: EngineCore encountered an issue. See stack trace (above) for the root cause.
Adding requests:   0%|          | 0/1 [00:00<?, ?it/s]Adding requests:   0%|          | 0/1 [00:00<?, ?it/s]
✗ Failed to process results/images/preprocessed/trome/2014/01/01/trome_2014-01-01#04.png: EngineCore encountered an issue. See stack trace (above) for the root cause.
Adding requests:   0%|          | 0/1 [00:00<?, ?it/s]Adding requests:   0%|          | 0/1 [00:00<?, ?it/s]
✗ Failed to process results/images/preprocessed/trome/2014/01/01/trome_2014-01-01#04.png: EngineCore encountered an issue. See stack trace (above) for the root cause.
Adding requests:   0%|          | 0/1 [00:00<?, ?it/s]Adding requests:   0%|          | 0/1 [00:00<?, ?it/s]
✗ Failed to process results/images/preprocessed/trome/2014/01/01/trome_2014-01-01#04.png: The decoder prompt (length 11715) is longer than the maximum model length of 8192. Make sure that `max_model_len` is no smaller than the number of text tokens.
Adding requests:   0%|          | 0/1 [00:00<?, ?it/s]Adding requests:   0%|          | 0/1 [00:00<?, ?it/s]
✗ Failed to process results/images/preprocessed/trome/2014/01/01/trome_2014-01-01#04.png: EngineCore encountered an issue. See stack trace (above) for the root cause.
Adding requests:   0%|          | 0/1 [00:00<?, ?it/s]Adding requests:   0%|          | 0/1 [00:00<?, ?it/s]
✗ Failed to process results/images/preprocessed/trome/2014/01/01/trome_2014-01-01#04.png: EngineCore encountered an issue. See stack trace (above) for the root cause.
Adding requests:   0%|          | 0/1 [00:00<?, ?it/s]Adding requests:   0%|          | 0/1 [00:00<?, ?it/s]
✗ Failed to process results/images/preprocessed/trome/2014/01/01/trome_2014-01-01#04.png: EngineCore encountered an issue. See stack trace (above) for the root cause.
Adding requests:   0%|          | 0/1 [00:00<?, ?it/s]Adding requests:   0%|          | 0/1 [00:00<?, ?it/s]
✗ Failed to process results/images/preprocessed/trome/2014/01/01/trome_2014-01-01#04.png: EngineCore encountered an issue. See stack trace (above) for the root cause.
Adding requests:   0%|          | 0/1 [00:00<?, ?it/s]Adding requests:   0%|          | 0/1 [00:00<?, ?it/s]
✗ Failed to process results/images/preprocessed/trome/2014/01/01/trome_2014-01-01#04.png: EngineCore encountered an issue. See stack trace (above) for the root cause.
Adding requests:   0%|          | 0/1 [00:00<?, ?it/s]Adding requests:   0%|          | 0/1 [00:00<?, ?it/s]
✗ Failed to process results/images/preprocessed/trome/2014/01/01/trome_2014-01-01#04.png: EngineCore encountered an issue. See stack trace (above) for the root cause.
Adding requests:   0%|          | 0/1 [00:00<?, ?it/s]Adding requests:   0%|          | 0/1 [00:00<?, ?it/s]
✗ Failed to process results/images/preprocessed/trome/2014/01/01/trome_2014-01-01#04.png: EngineCore encountered an issue. See stack trace (above) for the root cause.
Adding requests:   0%|          | 0/1 [00:00<?, ?it/s]Adding requests:   0%|          | 0/1 [00:00<?, ?it/s]
✗ Failed to process results/images/preprocessed/trome/2014/01/01/trome_2014-01-01#04.png: EngineCore encountered an issue. See stack trace (above) for the root cause.
Adding requests:   0%|          | 0/1 [00:00<?, ?it/s]Adding requests:   0%|          | 0/1 [00:00<?, ?it/s]
✗ Failed to process results/images/preprocessed/trome/2014/01/01/trome_2014-01-01#04.png: EngineCore encountered an issue. See stack trace (above) for the root cause.
Adding requests:   0%|          | 0/1 [00:00<?, ?it/s]Adding requests:   0%|          | 0/1 [00:00<?, ?it/s]
✗ Failed to process results/images/preprocessed/trome/2014/01/01/trome_2014-01-01#04.png: EngineCore encountered an issue. See stack trace (above) for the root cause.
Adding requests:   0%|          | 0/1 [00:00<?, ?it/s]Adding requests:   0%|          | 0/1 [00:00<?, ?it/s]
✗ Failed to process results/images/preprocessed/trome/2014/01/01/trome_2014-01-01#04.png: EngineCore encountered an issue. See stack trace (above) for the root cause.
Adding requests:   0%|          | 0/1 [00:00<?, ?it/s]Adding requests:   0%|          | 0/1 [00:00<?, ?it/s]
✗ Failed to process results/images/preprocessed/trome/2014/01/01/trome_2014-01-01#04.png: EngineCore encountered an issue. See stack trace (above) for the root cause.
Adding requests:   0%|          | 0/1 [00:00<?, ?it/s]Adding requests:   0%|          | 0/1 [00:00<?, ?it/s]
✗ Failed to process results/images/preprocessed/trome/2014/01/01/trome_2014-01-01#04.png: EngineCore encountered an issue. See stack trace (above) for the root cause.
Adding requests:   0%|          | 0/1 [00:00<?, ?it/s]Adding requests:   0%|          | 0/1 [00:00<?, ?it/s]
✗ Failed to process results/images/preprocessed/trome/2014/01/01/trome_2014-01-01#04.png: EngineCore encountered an issue. See stack trace (above) for the root cause.
Adding requests:   0%|          | 0/1 [00:00<?, ?it/s]Adding requests:   0%|          | 0/1 [00:00<?, ?it/s]
✗ Failed to process results/images/preprocessed/trome/2014/01/01/trome_2014-01-01#04.png: EngineCore encountered an issue. See stack trace (above) for the root cause.
Adding requests:   0%|          | 0/1 [00:00<?, ?it/s]Adding requests:   0%|          | 0/1 [00:00<?, ?it/s]
✗ Failed to process results/images/preprocessed/trome/2014/01/01/trome_2014-01-01#04.png: EngineCore encountered an issue. See stack trace (above) for the root cause.
Adding requests:   0%|          | 0/1 [00:00<?, ?it/s]Adding requests:   0%|          | 0/1 [00:00<?, ?it/s]
✗ Failed to process results/images/preprocessed/trome/2014/01/01/trome_2014-01-01#04.png: The decoder prompt (length 9729) is longer than the maximum model length of 8192. Make sure that `max_model_len` is no smaller than the number of text tokens.
Adding requests:   0%|          | 0/1 [00:00<?, ?it/s]Adding requests:   0%|          | 0/1 [00:00<?, ?it/s]
✗ Failed to process results/images/preprocessed/trome/2014/01/01/trome_2014-01-01#04.png: EngineCore encountered an issue. See stack trace (above) for the root cause.
Adding requests:   0%|          | 0/1 [00:00<?, ?it/s]Adding requests:   0%|          | 0/1 [00:00<?, ?it/s]
✗ Failed to process results/images/preprocessed/trome/2014/01/01/trome_2014-01-01#04.png: EngineCore encountered an issue. See stack trace (above) for the root cause.
Adding requests:   0%|          | 0/1 [00:00<?, ?it/s]Adding requests:   0%|          | 0/1 [00:00<?, ?it/s]
✗ Failed to process results/images/preprocessed/trome/2014/01/01/trome_2014-01-01#04.png: EngineCore encountered an issue. See stack trace (above) for the root cause.
Adding requests:   0%|          | 0/1 [00:00<?, ?it/s]Adding requests:   0%|          | 0/1 [00:00<?, ?it/s]
✗ Failed to process results/images/preprocessed/trome/2014/01/01/trome_2014-01-01#04.png: EngineCore encountered an issue. See stack trace (above) for the root cause.
Adding requests:   0%|          | 0/1 [00:00<?, ?it/s]Adding requests:   0%|          | 0/1 [00:00<?, ?it/s]
✗ Failed to process results/images/preprocessed/trome/2014/01/01/trome_2014-01-01#04.png: EngineCore encountered an issue. See stack trace (above) for the root cause.
Adding requests:   0%|          | 0/1 [00:00<?, ?it/s]Adding requests:   0%|          | 0/1 [00:00<?, ?it/s]
✗ Failed to process results/images/preprocessed/trome/2014/01/01/trome_2014-01-01#04.png: EngineCore encountered an issue. See stack trace (above) for the root cause.
Adding requests:   0%|          | 0/1 [00:00<?, ?it/s]Adding requests:   0%|          | 0/1 [00:00<?, ?it/s]
✗ Failed to process results/images/preprocessed/trome/2014/01/01/trome_2014-01-01#04.png: EngineCore encountered an issue. See stack trace (above) for the root cause.
Adding requests:   0%|          | 0/1 [00:00<?, ?it/s]Adding requests:   0%|          | 0/1 [00:00<?, ?it/s]
✗ Failed to process results/images/preprocessed/trome/2014/01/01/trome_2014-01-01#04.png: EngineCore encountered an issue. See stack trace (above) for the root cause.
Adding requests:   0%|          | 0/1 [00:00<?, ?it/s]Adding requests:   0%|          | 0/1 [00:00<?, ?it/s]
✗ Failed to process results/images/preprocessed/trome/2014/01/01/trome_2014-01-01#04.png: EngineCore encountered an issue. See stack trace (above) for the root cause.
Adding requests:   0%|          | 0/1 [00:00<?, ?it/s]Adding requests:   0%|          | 0/1 [00:00<?, ?it/s]
✗ Failed to process results/images/preprocessed/trome/2014/01/01/trome_2014-01-01#04.png: EngineCore encountered an issue. See stack trace (above) for the root cause.
Adding requests:   0%|          | 0/1 [00:00<?, ?it/s]Adding requests:   0%|          | 0/1 [00:00<?, ?it/s]
✗ Failed to process results/images/preprocessed/trome/2014/01/01/trome_2014-01-01#04.png: EngineCore encountered an issue. See stack trace (above) for the root cause.
Adding requests:   0%|          | 0/1 [00:00<?, ?it/s]Adding requests:   0%|          | 0/1 [00:00<?, ?it/s]
✗ Failed to process results/images/preprocessed/trome/2014/01/01/trome_2014-01-01#04.png: EngineCore encountered an issue. See stack trace (above) for the root cause.
Adding requests:   0%|          | 0/1 [00:00<?, ?it/s]Adding requests:   0%|          | 0/1 [00:00<?, ?it/s]
✗ Failed to process results/images/preprocessed/trome/2014/01/01/trome_2014-01-01#04.png: EngineCore encountered an issue. See stack trace (above) for the root cause.
Adding requests:   0%|          | 0/1 [00:00<?, ?it/s]Adding requests:   0%|          | 0/1 [00:00<?, ?it/s]
✗ Failed to process results/images/preprocessed/trome/2014/01/01/trome_2014-01-01#04.png: EngineCore encountered an issue. See stack trace (above) for the root cause.
Adding requests:   0%|          | 0/1 [00:00<?, ?it/s]Adding requests:   0%|          | 0/1 [00:00<?, ?it/s]
✗ Failed to process results/images/preprocessed/trome/2014/01/01/trome_2014-01-01#04.png: EngineCore encountered an issue. See stack trace (above) for the root cause.
Adding requests:   0%|          | 0/1 [00:00<?, ?it/s]Adding requests:   0%|          | 0/1 [00:00<?, ?it/s]
✗ Failed to process results/images/preprocessed/trome/2014/01/01/trome_2014-01-01#04.png: The decoder prompt (length 9356) is longer than the maximum model length of 8192. Make sure that `max_model_len` is no smaller than the number of text tokens.
Adding requests:   0%|          | 0/1 [00:00<?, ?it/s]Adding requests:   0%|          | 0/1 [00:00<?, ?it/s]
✗ Failed to process results/images/preprocessed/trome/2014/01/01/trome_2014-01-01#04.png: EngineCore encountered an issue. See stack trace (above) for the root cause.
Adding requests:   0%|          | 0/1 [00:00<?, ?it/s]Adding requests:   0%|          | 0/1 [00:00<?, ?it/s]
✗ Failed to process results/images/preprocessed/trome/2014/01/01/trome_2014-01-01#04.png: EngineCore encountered an issue. See stack trace (above) for the root cause.
Adding requests:   0%|          | 0/1 [00:00<?, ?it/s]Adding requests:   0%|          | 0/1 [00:00<?, ?it/s]
✗ Failed to process results/images/preprocessed/trome/2014/01/01/trome_2014-01-01#04.png: EngineCore encountered an issue. See stack trace (above) for the root cause.
Adding requests:   0%|          | 0/1 [00:00<?, ?it/s]Adding requests:   0%|          | 0/1 [00:00<?, ?it/s]
✗ Failed to process results/images/preprocessed/trome/2014/01/01/trome_2014-01-01#04.png: EngineCore encountered an issue. See stack trace (above) for the root cause.
Adding requests:   0%|          | 0/1 [00:00<?, ?it/s]Adding requests:   0%|          | 0/1 [00:00<?, ?it/s]
✗ Failed to process results/images/preprocessed/trome/2014/01/01/trome_2014-01-01#04.png: EngineCore encountered an issue. See stack trace (above) for the root cause.
Adding requests:   0%|          | 0/1 [00:00<?, ?it/s]Adding requests:   0%|          | 0/1 [00:00<?, ?it/s]
✗ Failed to process results/images/preprocessed/trome/2014/01/01/trome_2014-01-01#04.png: EngineCore encountered an issue. See stack trace (above) for the root cause.
Adding requests:   0%|          | 0/1 [00:00<?, ?it/s]Adding requests:   0%|          | 0/1 [00:00<?, ?it/s]
✗ Failed to process results/images/preprocessed/trome/2014/01/01/trome_2014-01-01#04.png: EngineCore encountered an issue. See stack trace (above) for the root cause.
Adding requests:   0%|          | 0/1 [00:00<?, ?it/s]Adding requests:   0%|          | 0/1 [00:00<?, ?it/s]
✗ Failed to process results/images/preprocessed/trome/2014/01/01/trome_2014-01-01#04.png: EngineCore encountered an issue. See stack trace (above) for the root cause.
Adding requests:   0%|          | 0/1 [00:00<?, ?it/s]Adding requests:   0%|          | 0/1 [00:00<?, ?it/s]
✗ Failed to process results/images/preprocessed/trome/2014/01/01/trome_2014-01-01#04.png: EngineCore encountered an issue. See stack trace (above) for the root cause.
Adding requests:   0%|          | 0/1 [00:00<?, ?it/s]Adding requests:   0%|          | 0/1 [00:00<?, ?it/s]
✗ Failed to process results/images/preprocessed/trome/2014/01/01/trome_2014-01-01#04.png: EngineCore encountered an issue. See stack trace (above) for the root cause.
Adding requests:   0%|          | 0/1 [00:00<?, ?it/s]Adding requests:   0%|          | 0/1 [00:00<?, ?it/s]
✗ Failed to process results/images/preprocessed/trome/2014/01/01/trome_2014-01-01#04.png: EngineCore encountered an issue. See stack trace (above) for the root cause.
Adding requests:   0%|          | 0/1 [00:00<?, ?it/s]Adding requests:   0%|          | 0/1 [00:00<?, ?it/s]
✗ Failed to process results/images/preprocessed/trome/2014/01/01/trome_2014-01-01#04.png: EngineCore encountered an issue. See stack trace (above) for the root cause.
Adding requests:   0%|          | 0/1 [00:00<?, ?it/s]Adding requests:   0%|          | 0/1 [00:00<?, ?it/s]
✗ Failed to process results/images/preprocessed/trome/2014/01/01/trome_2014-01-01#04.png: EngineCore encountered an issue. See stack trace (above) for the root cause.
Adding requests:   0%|          | 0/1 [00:00<?, ?it/s]Adding requests:   0%|          | 0/1 [00:00<?, ?it/s]
✗ Failed to process results/images/preprocessed/trome/2014/01/01/trome_2014-01-01#04.png: EngineCore encountered an issue. See stack trace (above) for the root cause.
Adding requests:   0%|          | 0/1 [00:00<?, ?it/s]Adding requests:   0%|          | 0/1 [00:00<?, ?it/s]
✗ Failed to process results/images/preprocessed/trome/2014/01/01/trome_2014-01-01#04.png: EngineCore encountered an issue. See stack trace (above) for the root cause.
Adding requests:   0%|          | 0/1 [00:00<?, ?it/s]Adding requests:   0%|          | 0/1 [00:00<?, ?it/s]
✗ Failed to process results/images/preprocessed/trome/2014/01/01/trome_2014-01-01#04.png: EngineCore encountered an issue. See stack trace (above) for the root cause.
Adding requests:   0%|          | 0/1 [00:00<?, ?it/s]Adding requests:   0%|          | 0/1 [00:00<?, ?it/s]
✗ Failed to process results/images/preprocessed/trome/2014/01/01/trome_2014-01-01#04.png: EngineCore encountered an issue. See stack trace (above) for the root cause.
Adding requests:   0%|          | 0/1 [00:00<?, ?it/s]Adding requests:   0%|          | 0/1 [00:00<?, ?it/s]
✗ Failed to process results/images/preprocessed/trome/2014/01/01/trome_2014-01-01#04.png: EngineCore encountered an issue. See stack trace (above) for the root cause.
Adding requests:   0%|          | 0/1 [00:00<?, ?it/s]Adding requests:   0%|          | 0/1 [00:00<?, ?it/s]
✗ Failed to process results/images/preprocessed/trome/2014/01/01/trome_2014-01-01#04.png: EngineCore encountered an issue. See stack trace (above) for the root cause.
Adding requests:   0%|          | 0/1 [00:00<?, ?it/s]Adding requests:   0%|          | 0/1 [00:00<?, ?it/s]
✗ Failed to process results/images/preprocessed/trome/2014/01/01/trome_2014-01-01#04.png: EngineCore encountered an issue. See stack trace (above) for the root cause.
Adding requests:   0%|          | 0/1 [00:00<?, ?it/s]Adding requests:   0%|          | 0/1 [00:00<?, ?it/s]
✗ Failed to process results/images/preprocessed/trome/2014/01/01/trome_2014-01-01#04.png: EngineCore encountered an issue. See stack trace (above) for the root cause.
Adding requests:   0%|          | 0/1 [00:00<?, ?it/s]Adding requests:   0%|          | 0/1 [00:00<?, ?it/s]
✗ Failed to process results/images/preprocessed/trome/2014/01/01/trome_2014-01-01#04.png: EngineCore encountered an issue. See stack trace (above) for the root cause.
Adding requests:   0%|          | 0/1 [00:00<?, ?it/s]Adding requests:   0%|          | 0/1 [00:00<?, ?it/s]
✗ Failed to process results/images/preprocessed/trome/2014/01/01/trome_2014-01-01#04.png: EngineCore encountered an issue. See stack trace (above) for the root cause.
Adding requests:   0%|          | 0/1 [00:00<?, ?it/s]Adding requests:   0%|          | 0/1 [00:00<?, ?it/s]
✗ Failed to process results/images/preprocessed/trome/2014/01/01/trome_2014-01-01#04.png: EngineCore encountered an issue. See stack trace (above) for the root cause.
Adding requests:   0%|          | 0/1 [00:00<?, ?it/s]Adding requests:   0%|          | 0/1 [00:00<?, ?it/s]
✗ Failed to process results/images/preprocessed/trome/2014/01/01/trome_2014-01-01#04.png: EngineCore encountered an issue. See stack trace (above) for the root cause.
Adding requests:   0%|          | 0/1 [00:00<?, ?it/s]Adding requests:   0%|          | 0/1 [00:00<?, ?it/s]
✗ Failed to process results/images/preprocessed/trome/2014/01/01/trome_2014-01-01#04.png: EngineCore encountered an issue. See stack trace (above) for the root cause.
Adding requests:   0%|          | 0/1 [00:00<?, ?it/s]Adding requests:   0%|          | 0/1 [00:00<?, ?it/s]
✗ Failed to process results/images/preprocessed/trome/2014/01/01/trome_2014-01-01#04.png: EngineCore encountered an issue. See stack trace (above) for the root cause.
Adding requests:   0%|          | 0/1 [00:00<?, ?it/s]Adding requests:   0%|          | 0/1 [00:00<?, ?it/s]
✗ Failed to process results/images/preprocessed/trome/2014/01/01/trome_2014-01-01#04.png: EngineCore encountered an issue. See stack trace (above) for the root cause.
Adding requests:   0%|          | 0/1 [00:00<?, ?it/s]Adding requests:   0%|          | 0/1 [00:00<?, ?it/s]
✗ Failed to process results/images/preprocessed/trome/2014/01/01/trome_2014-01-01#04.png: EngineCore encountered an issue. See stack trace (above) for the root cause.
Adding requests:   0%|          | 0/1 [00:00<?, ?it/s]Adding requests:   0%|          | 0/1 [00:00<?, ?it/s]
✗ Failed to process results/images/preprocessed/trome/2014/01/01/trome_2014-01-01#04.png: EngineCore encountered an issue. See stack trace (above) for the root cause.
Adding requests:   0%|          | 0/1 [00:00<?, ?it/s]Adding requests:   0%|          | 0/1 [00:00<?, ?it/s]
✗ Failed to process results/images/preprocessed/trome/2014/01/01/trome_2014-01-01#04.png: EngineCore encountered an issue. See stack trace (above) for the root cause.
Adding requests:   0%|          | 0/1 [00:00<?, ?it/s]Adding requests:   0%|          | 0/1 [00:00<?, ?it/s]
✗ Failed to process results/images/preprocessed/trome/2014/01/01/trome_2014-01-01#04.png: EngineCore encountered an issue. See stack trace (above) for the root cause.
Adding requests:   0%|          | 0/1 [00:00<?, ?it/s]Adding requests:   0%|          | 0/1 [00:00<?, ?it/s]
✗ Failed to process results/images/preprocessed/trome/2014/01/01/trome_2014-01-01#04.png: EngineCore encountered an issue. See stack trace (above) for the root cause.
Adding requests:   0%|          | 0/1 [00:00<?, ?it/s]Adding requests:   0%|          | 0/1 [00:00<?, ?it/s]
✗ Failed to process results/images/preprocessed/trome/2014/01/01/trome_2014-01-01#04.png: EngineCore encountered an issue. See stack trace (above) for the root cause.
Adding requests:   0%|          | 0/1 [00:00<?, ?it/s]Adding requests:   0%|          | 0/1 [00:00<?, ?it/s]
✗ Failed to process results/images/preprocessed/trome/2014/01/01/trome_2014-01-01#04.png: EngineCore encountered an issue. See stack trace (above) for the root cause.
Adding requests:   0%|          | 0/1 [00:00<?, ?it/s]Adding requests:   0%|          | 0/1 [00:00<?, ?it/s]
✗ Failed to process results/images/preprocessed/trome/2014/01/01/trome_2014-01-01#04.png: The decoder prompt (length 8277) is longer than the maximum model length of 8192. Make sure that `max_model_len` is no smaller than the number of text tokens.
Adding requests:   0%|          | 0/1 [00:00<?, ?it/s]Adding requests:   0%|          | 0/1 [00:00<?, ?it/s]
✗ Failed to process results/images/preprocessed/trome/2014/01/01/trome_2014-01-01#04.png: EngineCore encountered an issue. See stack trace (above) for the root cause.
Adding requests:   0%|          | 0/1 [00:00<?, ?it/s]Adding requests:   0%|          | 0/1 [00:00<?, ?it/s]
✗ Failed to process results/images/preprocessed/trome/2014/01/01/trome_2014-01-01#04.png: EngineCore encountered an issue. See stack trace (above) for the root cause.
Adding requests:   0%|          | 0/1 [00:00<?, ?it/s]Adding requests:   0%|          | 0/1 [00:00<?, ?it/s]
✗ Failed to process results/images/preprocessed/trome/2014/01/01/trome_2014-01-01#04.png: EngineCore encountered an issue. See stack trace (above) for the root cause.
Adding requests:   0%|          | 0/1 [00:00<?, ?it/s]Adding requests:   0%|          | 0/1 [00:00<?, ?it/s]
✗ Failed to process results/images/preprocessed/trome/2014/01/01/trome_2014-01-01#04.png: EngineCore encountered an issue. See stack trace (above) for the root cause.
Adding requests:   0%|          | 0/1 [00:00<?, ?it/s]Adding requests:   0%|          | 0/1 [00:00<?, ?it/s]
✗ Failed to process results/images/preprocessed/trome/2014/01/01/trome_2014-01-01#04.png: EngineCore encountered an issue. See stack trace (above) for the root cause.
Adding requests:   0%|          | 0/1 [00:00<?, ?it/s]Adding requests:   0%|          | 0/1 [00:00<?, ?it/s]
✗ Failed to process results/images/preprocessed/trome/2014/01/01/trome_2014-01-01#04.png: EngineCore encountered an issue. See stack trace (above) for the root cause.
Adding requests:   0%|          | 0/1 [00:00<?, ?it/s]Adding requests:   0%|          | 0/1 [00:00<?, ?it/s]
✗ Failed to process results/images/preprocessed/trome/2014/01/01/trome_2014-01-01#04.png: EngineCore encountered an issue. See stack trace (above) for the root cause.
Adding requests:   0%|          | 0/1 [00:00<?, ?it/s]Adding requests:   0%|          | 0/1 [00:00<?, ?it/s]
✗ Failed to process results/images/preprocessed/trome/2014/01/01/trome_2014-01-01#04.png: EngineCore encountered an issue. See stack trace (above) for the root cause.
Adding requests:   0%|          | 0/1 [00:00<?, ?it/s]Adding requests:   0%|          | 0/1 [00:00<?, ?it/s]
✗ Failed to process results/images/preprocessed/trome/2014/01/01/trome_2014-01-01#04.png: EngineCore encountered an issue. See stack trace (above) for the root cause.
Adding requests:   0%|          | 0/1 [00:00<?, ?it/s]Adding requests:   0%|          | 0/1 [00:00<?, ?it/s]
✗ Failed to process results/images/preprocessed/trome/2014/01/01/trome_2014-01-01#04.png: EngineCore encountered an issue. See stack trace (above) for the root cause.
Adding requests:   0%|          | 0/1 [00:00<?, ?it/s]Adding requests:   0%|          | 0/1 [00:00<?, ?it/s]
✗ Failed to process results/images/preprocessed/trome/2014/01/01/trome_2014-01-01#04.png: EngineCore encountered an issue. See stack trace (above) for the root cause.
Adding requests:   0%|          | 0/1 [00:00<?, ?it/s]Adding requests:   0%|          | 0/1 [00:00<?, ?it/s]
✗ Failed to process results/images/preprocessed/trome/2014/01/01/trome_2014-01-01#04.png: EngineCore encountered an issue. See stack trace (above) for the root cause.
Adding requests:   0%|          | 0/1 [00:00<?, ?it/s]Adding requests:   0%|          | 0/1 [00:00<?, ?it/s]
✗ Failed to process results/images/preprocessed/trome/2014/01/01/trome_2014-01-01#04.png: The decoder prompt (length 9058) is longer than the maximum model length of 8192. Make sure that `max_model_len` is no smaller than the number of text tokens.
Adding requests:   0%|          | 0/1 [00:00<?, ?it/s]Adding requests:   0%|          | 0/1 [00:00<?, ?it/s]
✗ Failed to process results/images/preprocessed/trome/2014/01/01/trome_2014-01-01#04.png: EngineCore encountered an issue. See stack trace (above) for the root cause.
Adding requests:   0%|          | 0/1 [00:00<?, ?it/s]Adding requests:   0%|          | 0/1 [00:00<?, ?it/s]
✗ Failed to process results/images/preprocessed/trome/2014/01/01/trome_2014-01-01#04.png: EngineCore encountered an issue. See stack trace (above) for the root cause.
Adding requests:   0%|          | 0/1 [00:00<?, ?it/s]Adding requests:   0%|          | 0/1 [00:00<?, ?it/s]
✗ Failed to process results/images/preprocessed/trome/2014/01/01/trome_2014-01-01#04.png: EngineCore encountered an issue. See stack trace (above) for the root cause.
Adding requests:   0%|          | 0/1 [00:00<?, ?it/s]Adding requests:   0%|          | 0/1 [00:00<?, ?it/s]
✗ Failed to process results/images/preprocessed/trome/2014/01/01/trome_2014-01-01#04.png: EngineCore encountered an issue. See stack trace (above) for the root cause.
Adding requests:   0%|          | 0/1 [00:00<?, ?it/s]Adding requests:   0%|          | 0/1 [00:00<?, ?it/s]
✗ Failed to process results/images/preprocessed/trome/2014/01/01/trome_2014-01-01#04.png: EngineCore encountered an issue. See stack trace (above) for the root cause.
Adding requests:   0%|          | 0/1 [00:00<?, ?it/s]Adding requests:   0%|          | 0/1 [00:00<?, ?it/s]
✗ Failed to process results/images/preprocessed/trome/2014/01/01/trome_2014-01-01#04.png: EngineCore encountered an issue. See stack trace (above) for the root cause.
Adding requests:   0%|          | 0/1 [00:00<?, ?it/s]Adding requests:   0%|          | 0/1 [00:00<?, ?it/s]
✗ Failed to process results/images/preprocessed/trome/2014/01/01/trome_2014-01-01#04.png: EngineCore encountered an issue. See stack trace (above) for the root cause.
Adding requests:   0%|          | 0/1 [00:00<?, ?it/s]Adding requests:   0%|          | 0/1 [00:00<?, ?it/s]
✗ Failed to process results/images/preprocessed/trome/2014/01/01/trome_2014-01-01#04.png: EngineCore encountered an issue. See stack trace (above) for the root cause.
Adding requests:   0%|          | 0/1 [00:00<?, ?it/s]Adding requests:   0%|          | 0/1 [00:00<?, ?it/s]
✗ Failed to process results/images/preprocessed/trome/2014/01/01/trome_2014-01-01#04.png: EngineCore encountered an issue. See stack trace (above) for the root cause.
Adding requests:   0%|          | 0/1 [00:00<?, ?it/s]Adding requests:   0%|          | 0/1 [00:00<?, ?it/s]
✗ Failed to process results/images/preprocessed/trome/2014/01/01/trome_2014-01-01#04.png: EngineCore encountered an issue. See stack trace (above) for the root cause.
Adding requests:   0%|          | 0/1 [00:00<?, ?it/s]Adding requests:   0%|          | 0/1 [00:00<?, ?it/s]
✗ Failed to process results/images/preprocessed/trome/2014/01/01/trome_2014-01-01#04.png: EngineCore encountered an issue. See stack trace (above) for the root cause.
Adding requests:   0%|          | 0/1 [00:00<?, ?it/s]Adding requests:   0%|          | 0/1 [00:00<?, ?it/s]
✗ Failed to process results/images/preprocessed/trome/2014/01/01/trome_2014-01-01#04.png: EngineCore encountered an issue. See stack trace (above) for the root cause.
Adding requests:   0%|          | 0/1 [00:00<?, ?it/s]Adding requests:   0%|          | 0/1 [00:00<?, ?it/s]
✗ Failed to process results/images/preprocessed/trome/2014/01/01/trome_2014-01-01#04.png: EngineCore encountered an issue. See stack trace (above) for the root cause.
Adding requests:   0%|          | 0/1 [00:00<?, ?it/s]Adding requests:   0%|          | 0/1 [00:00<?, ?it/s]
✗ Failed to process results/images/preprocessed/trome/2014/01/01/trome_2014-01-01#04.png: The decoder prompt (length 9335) is longer than the maximum model length of 8192. Make sure that `max_model_len` is no smaller than the number of text tokens.
Adding requests:   0%|          | 0/1 [00:00<?, ?it/s]Adding requests:   0%|          | 0/1 [00:00<?, ?it/s]
✗ Failed to process results/images/preprocessed/trome/2014/01/01/trome_2014-01-01#04.png: EngineCore encountered an issue. See stack trace (above) for the root cause.
Adding requests:   0%|          | 0/1 [00:00<?, ?it/s]Adding requests:   0%|          | 0/1 [00:00<?, ?it/s]
✗ Failed to process results/images/preprocessed/trome/2014/01/01/trome_2014-01-01#04.png: EngineCore encountered an issue. See stack trace (above) for the root cause.
Adding requests:   0%|          | 0/1 [00:00<?, ?it/s]Adding requests:   0%|          | 0/1 [00:00<?, ?it/s]
✗ Failed to process results/images/preprocessed/trome/2014/01/01/trome_2014-01-01#04.png: EngineCore encountered an issue. See stack trace (above) for the root cause.
Adding requests:   0%|          | 0/1 [00:00<?, ?it/s]Adding requests:   0%|          | 0/1 [00:00<?, ?it/s]
✗ Failed to process results/images/preprocessed/trome/2014/01/01/trome_2014-01-01#04.png: EngineCore encountered an issue. See stack trace (above) for the root cause.
Adding requests:   0%|          | 0/1 [00:00<?, ?it/s]Adding requests:   0%|          | 0/1 [00:00<?, ?it/s]
✗ Failed to process results/images/preprocessed/trome/2014/01/01/trome_2014-01-01#04.png: EngineCore encountered an issue. See stack trace (above) for the root cause.
Adding requests:   0%|          | 0/1 [00:00<?, ?it/s]Adding requests:   0%|          | 0/1 [00:00<?, ?it/s]
✗ Failed to process results/images/preprocessed/trome/2014/01/01/trome_2014-01-01#04.png: EngineCore encountered an issue. See stack trace (above) for the root cause.
Adding requests:   0%|          | 0/1 [00:00<?, ?it/s]Adding requests:   0%|          | 0/1 [00:00<?, ?it/s]
✗ Failed to process results/images/preprocessed/trome/2014/01/01/trome_2014-01-01#04.png: EngineCore encountered an issue. See stack trace (above) for the root cause.
Adding requests:   0%|          | 0/1 [00:00<?, ?it/s]Adding requests:   0%|          | 0/1 [00:00<?, ?it/s]
✗ Failed to process results/images/preprocessed/trome/2014/01/01/trome_2014-01-01#04.png: EngineCore encountered an issue. See stack trace (above) for the root cause.
Adding requests:   0%|          | 0/1 [00:00<?, ?it/s]Adding requests:   0%|          | 0/1 [00:00<?, ?it/s]
✗ Failed to process results/images/preprocessed/trome/2014/01/01/trome_2014-01-01#04.png: EngineCore encountered an issue. See stack trace (above) for the root cause.
Adding requests:   0%|          | 0/1 [00:00<?, ?it/s]Adding requests:   0%|          | 0/1 [00:00<?, ?it/s]
✗ Failed to process results/images/preprocessed/trome/2014/01/01/trome_2014-01-01#04.png: EngineCore encountered an issue. See stack trace (above) for the root cause.
Adding requests:   0%|          | 0/1 [00:00<?, ?it/s]Adding requests:   0%|          | 0/1 [00:00<?, ?it/s]
✗ Failed to process results/images/preprocessed/trome/2014/01/01/trome_2014-01-01#04.png: EngineCore encountered an issue. See stack trace (above) for the root cause.
Adding requests:   0%|          | 0/1 [00:00<?, ?it/s]Adding requests:   0%|          | 0/1 [00:00<?, ?it/s]
✗ Failed to process results/images/preprocessed/trome/2014/01/01/trome_2014-01-01#04.png: EngineCore encountered an issue. See stack trace (above) for the root cause.
Adding requests:   0%|          | 0/1 [00:00<?, ?it/s]Adding requests:   0%|          | 0/1 [00:00<?, ?it/s]
✗ Failed to process results/images/preprocessed/trome/2014/01/01/trome_2014-01-01#04.png: EngineCore encountered an issue. See stack trace (above) for the root cause.
Adding requests:   0%|          | 0/1 [00:00<?, ?it/s]Adding requests:   0%|          | 0/1 [00:00<?, ?it/s]
✗ Failed to process results/images/preprocessed/trome/2014/01/01/trome_2014-01-01#04.png: EngineCore encountered an issue. See stack trace (above) for the root cause.
Adding requests:   0%|          | 0/1 [00:00<?, ?it/s]Adding requests:   0%|          | 0/1 [00:00<?, ?it/s]
✗ Failed to process results/images/preprocessed/trome/2014/01/01/trome_2014-01-01#04.png: EngineCore encountered an issue. See stack trace (above) for the root cause.
Adding requests:   0%|          | 0/1 [00:00<?, ?it/s]Adding requests:   0%|          | 0/1 [00:00<?, ?it/s]
✗ Failed to process results/images/preprocessed/trome/2014/01/01/trome_2014-01-01#04.png: EngineCore encountered an issue. See stack trace (above) for the root cause.
Adding requests:   0%|          | 0/1 [00:00<?, ?it/s]Adding requests:   0%|          | 0/1 [00:00<?, ?it/s]
✗ Failed to process results/images/preprocessed/trome/2014/01/01/trome_2014-01-01#04.png: EngineCore encountered an issue. See stack trace (above) for the root cause.
Adding requests:   0%|          | 0/1 [00:00<?, ?it/s]Adding requests:   0%|          | 0/1 [00:00<?, ?it/s]
✗ Failed to process results/images/preprocessed/trome/2014/01/01/trome_2014-01-01#04.png: EngineCore encountered an issue. See stack trace (above) for the root cause.
Adding requests:   0%|          | 0/1 [00:00<?, ?it/s]Adding requests:   0%|          | 0/1 [00:00<?, ?it/s]
✗ Failed to process results/images/preprocessed/trome/2014/01/01/trome_2014-01-01#04.png: EngineCore encountered an issue. See stack trace (above) for the root cause.
Adding requests:   0%|          | 0/1 [00:00<?, ?it/s]Adding requests:   0%|          | 0/1 [00:00<?, ?it/s]
✗ Failed to process results/images/preprocessed/trome/2014/01/01/trome_2014-01-01#04.png: EngineCore encountered an issue. See stack trace (above) for the root cause.
Adding requests:   0%|          | 0/1 [00:00<?, ?it/s]Adding requests:   0%|          | 0/1 [00:00<?, ?it/s]
✗ Failed to process results/images/preprocessed/trome/2014/01/01/trome_2014-01-01#04.png: EngineCore encountered an issue. See stack trace (above) for the root cause.
Adding requests:   0%|          | 0/1 [00:00<?, ?it/s]Adding requests:   0%|          | 0/1 [00:00<?, ?it/s]
✗ Failed to process results/images/preprocessed/trome/2014/01/01/trome_2014-01-01#04.png: EngineCore encountered an issue. See stack trace (above) for the root cause.
Adding requests:   0%|          | 0/1 [00:00<?, ?it/s]Adding requests:   0%|          | 0/1 [00:00<?, ?it/s]
✗ Failed to process results/images/preprocessed/trome/2014/01/01/trome_2014-01-01#04.png: EngineCore encountered an issue. See stack trace (above) for the root cause.
Adding requests:   0%|          | 0/1 [00:00<?, ?it/s]Adding requests:   0%|          | 0/1 [00:00<?, ?it/s]
✗ Failed to process results/images/preprocessed/trome/2014/01/01/trome_2014-01-01#04.png: EngineCore encountered an issue. See stack trace (above) for the root cause.
Adding requests:   0%|          | 0/1 [00:00<?, ?it/s]Adding requests:   0%|          | 0/1 [00:00<?, ?it/s]
✗ Failed to process results/images/preprocessed/trome/2014/01/01/trome_2014-01-01#04.png: EngineCore encountered an issue. See stack trace (above) for the root cause.
Adding requests:   0%|          | 0/1 [00:00<?, ?it/s]Adding requests:   0%|          | 0/1 [00:00<?, ?it/s]
✗ Failed to process results/images/preprocessed/trome/2014/01/01/trome_2014-01-01#04.png: EngineCore encountered an issue. See stack trace (above) for the root cause.
Adding requests:   0%|          | 0/1 [00:00<?, ?it/s]Adding requests:   0%|          | 0/1 [00:00<?, ?it/s]
✗ Failed to process results/images/preprocessed/trome/2014/01/01/trome_2014-01-01#04.png: EngineCore encountered an issue. See stack trace (above) for the root cause.
Adding requests:   0%|          | 0/1 [00:00<?, ?it/s]Adding requests:   0%|          | 0/1 [00:00<?, ?it/s]
✗ Failed to process results/images/preprocessed/trome/2014/01/01/trome_2014-01-01#04.png: EngineCore encountered an issue. See stack trace (above) for the root cause.
Adding requests:   0%|          | 0/1 [00:00<?, ?it/s]Adding requests:   0%|          | 0/1 [00:00<?, ?it/s]
✗ Failed to process results/images/preprocessed/trome/2014/01/01/trome_2014-01-01#04.png: EngineCore encountered an issue. See stack trace (above) for the root cause.
Adding requests:   0%|          | 0/1 [00:00<?, ?it/s]Adding requests:   0%|          | 0/1 [00:00<?, ?it/s]
✗ Failed to process results/images/preprocessed/trome/2014/01/01/trome_2014-01-01#04.png: EngineCore encountered an issue. See stack trace (above) for the root cause.
Adding requests:   0%|          | 0/1 [00:00<?, ?it/s]Adding requests:   0%|          | 0/1 [00:00<?, ?it/s]
✗ Failed to process results/images/preprocessed/trome/2014/01/01/trome_2014-01-01#04.png: EngineCore encountered an issue. See stack trace (above) for the root cause.
Adding requests:   0%|          | 0/1 [00:00<?, ?it/s]Adding requests:   0%|          | 0/1 [00:00<?, ?it/s]
✗ Failed to process results/images/preprocessed/trome/2014/01/01/trome_2014-01-01#04.png: EngineCore encountered an issue. See stack trace (above) for the root cause.
Adding requests:   0%|          | 0/1 [00:00<?, ?it/s]Adding requests:   0%|          | 0/1 [00:00<?, ?it/s]
✗ Failed to process results/images/preprocessed/trome/2014/01/01/trome_2014-01-01#04.png: EngineCore encountered an issue. See stack trace (above) for the root cause.
Adding requests:   0%|          | 0/1 [00:00<?, ?it/s]Adding requests:   0%|          | 0/1 [00:00<?, ?it/s]
✗ Failed to process results/images/preprocessed/trome/2014/01/01/trome_2014-01-01#04.png: EngineCore encountered an issue. See stack trace (above) for the root cause.
Adding requests:   0%|          | 0/1 [00:00<?, ?it/s]Adding requests:   0%|          | 0/1 [00:00<?, ?it/s]
✗ Failed to process results/images/preprocessed/trome/2014/01/01/trome_2014-01-01#04.png: EngineCore encountered an issue. See stack trace (above) for the root cause.
Adding requests:   0%|          | 0/1 [00:00<?, ?it/s]Adding requests:   0%|          | 0/1 [00:00<?, ?it/s]
✗ Failed to process results/images/preprocessed/trome/2014/01/01/trome_2014-01-01#04.png: EngineCore encountered an issue. See stack trace (above) for the root cause.
Adding requests:   0%|          | 0/1 [00:00<?, ?it/s]Adding requests:   0%|          | 0/1 [00:00<?, ?it/s]
✗ Failed to process results/images/preprocessed/trome/2014/01/01/trome_2014-01-01#04.png: EngineCore encountered an issue. See stack trace (above) for the root cause.
Adding requests:   0%|          | 0/1 [00:00<?, ?it/s]Adding requests:   0%|          | 0/1 [00:00<?, ?it/s]
✗ Failed to process results/images/preprocessed/trome/2014/01/01/trome_2014-01-01#04.png: EngineCore encountered an issue. See stack trace (above) for the root cause.
Adding requests:   0%|          | 0/1 [00:00<?, ?it/s]Adding requests:   0%|          | 0/1 [00:00<?, ?it/s]
✗ Failed to process results/images/preprocessed/trome/2014/01/01/trome_2014-01-01#04.png: EngineCore encountered an issue. See stack trace (above) for the root cause.
Adding requests:   0%|          | 0/1 [00:00<?, ?it/s]Adding requests:   0%|          | 0/1 [00:00<?, ?it/s]
✗ Failed to process results/images/preprocessed/trome/2014/01/01/trome_2014-01-01#04.png: EngineCore encountered an issue. See stack trace (above) for the root cause.
Adding requests:   0%|          | 0/1 [00:00<?, ?it/s]Adding requests:   0%|          | 0/1 [00:00<?, ?it/s]
✗ Failed to process results/images/preprocessed/trome/2014/01/01/trome_2014-01-01#04.png: EngineCore encountered an issue. See stack trace (above) for the root cause.
Adding requests:   0%|          | 0/1 [00:00<?, ?it/s]Adding requests:   0%|          | 0/1 [00:00<?, ?it/s]
✗ Failed to process results/images/preprocessed/trome/2014/01/01/trome_2014-01-01#04.png: EngineCore encountered an issue. See stack trace (above) for the root cause.
Adding requests:   0%|          | 0/1 [00:00<?, ?it/s]Adding requests:   0%|          | 0/1 [00:00<?, ?it/s]
✗ Failed to process results/images/preprocessed/trome/2014/01/01/trome_2014-01-01#04.png: EngineCore encountered an issue. See stack trace (above) for the root cause.
Adding requests:   0%|          | 0/1 [00:00<?, ?it/s]Adding requests:   0%|          | 0/1 [00:00<?, ?it/s]
✗ Failed to process results/images/preprocessed/trome/2014/01/01/trome_2014-01-01#04.png: EngineCore encountered an issue. See stack trace (above) for the root cause.
Adding requests:   0%|          | 0/1 [00:00<?, ?it/s]Adding requests:   0%|          | 0/1 [00:00<?, ?it/s]
✗ Failed to process results/images/preprocessed/trome/2014/01/01/trome_2014-01-01#04.png: EngineCore encountered an issue. See stack trace (above) for the root cause.
Adding requests:   0%|          | 0/1 [00:00<?, ?it/s]Adding requests:   0%|          | 0/1 [00:00<?, ?it/s]
✗ Failed to process results/images/preprocessed/trome/2014/01/01/trome_2014-01-01#04.png: EngineCore encountered an issue. See stack trace (above) for the root cause.
Adding requests:   0%|          | 0/1 [00:00<?, ?it/s]Adding requests:   0%|          | 0/1 [00:00<?, ?it/s]
✗ Failed to process results/images/preprocessed/trome/2014/01/01/trome_2014-01-01#04.png: EngineCore encountered an issue. See stack trace (above) for the root cause.
Adding requests:   0%|          | 0/1 [00:00<?, ?it/s]Adding requests:   0%|          | 0/1 [00:00<?, ?it/s]
✗ Failed to process results/images/preprocessed/trome/2014/01/01/trome_2014-01-01#04.png: EngineCore encountered an issue. See stack trace (above) for the root cause.
Adding requests:   0%|          | 0/1 [00:00<?, ?it/s]Adding requests:   0%|          | 0/1 [00:00<?, ?it/s]
✗ Failed to process results/images/preprocessed/trome/2014/01/01/trome_2014-01-01#04.png: EngineCore encountered an issue. See stack trace (above) for the root cause.
Adding requests:   0%|          | 0/1 [00:00<?, ?it/s]Adding requests:   0%|          | 0/1 [00:00<?, ?it/s]
✗ Failed to process results/images/preprocessed/trome/2014/01/01/trome_2014-01-01#04.png: EngineCore encountered an issue. See stack trace (above) for the root cause.
Adding requests:   0%|          | 0/1 [00:00<?, ?it/s]Adding requests:   0%|          | 0/1 [00:00<?, ?it/s]
✗ Failed to process results/images/preprocessed/trome/2014/01/01/trome_2014-01-01#04.png: EngineCore encountered an issue. See stack trace (above) for the root cause.
Adding requests:   0%|          | 0/1 [00:00<?, ?it/s]Adding requests:   0%|          | 0/1 [00:00<?, ?it/s]
✗ Failed to process results/images/preprocessed/trome/2014/01/01/trome_2014-01-01#04.png: EngineCore encountered an issue. See stack trace (above) for the root cause.
Adding requests:   0%|          | 0/1 [00:00<?, ?it/s]Adding requests:   0%|          | 0/1 [00:00<?, ?it/s]
✗ Failed to process results/images/preprocessed/trome/2014/01/01/trome_2014-01-01#04.png: EngineCore encountered an issue. See stack trace (above) for the root cause.
Adding requests:   0%|          | 0/1 [00:00<?, ?it/s]Adding requests:   0%|          | 0/1 [00:00<?, ?it/s]
✗ Failed to process results/images/preprocessed/trome/2014/01/01/trome_2014-01-01#04.png: EngineCore encountered an issue. See stack trace (above) for the root cause.
Adding requests:   0%|          | 0/1 [00:00<?, ?it/s]Adding requests:   0%|          | 0/1 [00:00<?, ?it/s]
✗ Failed to process results/images/preprocessed/trome/2014/01/01/trome_2014-01-01#04.png: EngineCore encountered an issue. See stack trace (above) for the root cause.
Adding requests:   0%|          | 0/1 [00:00<?, ?it/s]Adding requests:   0%|          | 0/1 [00:00<?, ?it/s]
✗ Failed to process results/images/preprocessed/trome/2014/01/01/trome_2014-01-01#04.png: EngineCore encountered an issue. See stack trace (above) for the root cause.
Adding requests:   0%|          | 0/1 [00:00<?, ?it/s]Adding requests:   0%|          | 0/1 [00:00<?, ?it/s]
✗ Failed to process results/images/preprocessed/trome/2014/01/01/trome_2014-01-01#04.png: EngineCore encountered an issue. See stack trace (above) for the root cause.
Adding requests:   0%|          | 0/1 [00:00<?, ?it/s]Adding requests:   0%|          | 0/1 [00:00<?, ?it/s]
✗ Failed to process results/images/preprocessed/trome/2014/01/01/trome_2014-01-01#04.png: EngineCore encountered an issue. See stack trace (above) for the root cause.
Adding requests:   0%|          | 0/1 [00:00<?, ?it/s]Adding requests:   0%|          | 0/1 [00:00<?, ?it/s]
✗ Failed to process results/images/preprocessed/trome/2014/01/01/trome_2014-01-01#04.png: EngineCore encountered an issue. See stack trace (above) for the root cause.
Adding requests:   0%|          | 0/1 [00:00<?, ?it/s]Adding requests:   0%|          | 0/1 [00:00<?, ?it/s]
✗ Failed to process results/images/preprocessed/trome/2014/01/01/trome_2014-01-01#04.png: EngineCore encountered an issue. See stack trace (above) for the root cause.
Adding requests:   0%|          | 0/1 [00:00<?, ?it/s]Adding requests:   0%|          | 0/1 [00:00<?, ?it/s]
✗ Failed to process results/images/preprocessed/trome/2014/01/01/trome_2014-01-01#04.png: EngineCore encountered an issue. See stack trace (above) for the root cause.
Adding requests:   0%|          | 0/1 [00:00<?, ?it/s]Adding requests:   0%|          | 0/1 [00:00<?, ?it/s]
✗ Failed to process results/images/preprocessed/trome/2014/01/01/trome_2014-01-01#04.png: EngineCore encountered an issue. See stack trace (above) for the root cause.
Adding requests:   0%|          | 0/1 [00:00<?, ?it/s]Adding requests:   0%|          | 0/1 [00:00<?, ?it/s]
✗ Failed to process results/images/preprocessed/trome/2014/01/01/trome_2014-01-01#04.png: EngineCore encountered an issue. See stack trace (above) for the root cause.
Adding requests:   0%|          | 0/1 [00:00<?, ?it/s]Adding requests:   0%|          | 0/1 [00:00<?, ?it/s]
✗ Failed to process results/images/preprocessed/trome/2014/01/01/trome_2014-01-01#04.png: EngineCore encountered an issue. See stack trace (above) for the root cause.
Adding requests:   0%|          | 0/1 [00:00<?, ?it/s]Adding requests:   0%|          | 0/1 [00:00<?, ?it/s]
✗ Failed to process results/images/preprocessed/trome/2014/01/01/trome_2014-01-01#04.png: EngineCore encountered an issue. See stack trace (above) for the root cause.
Adding requests:   0%|          | 0/1 [00:00<?, ?it/s]Adding requests:   0%|          | 0/1 [00:00<?, ?it/s]
✗ Failed to process results/images/preprocessed/trome/2014/01/01/trome_2014-01-01#04.png: EngineCore encountered an issue. See stack trace (above) for the root cause.
Adding requests:   0%|          | 0/1 [00:00<?, ?it/s]Adding requests:   0%|          | 0/1 [00:00<?, ?it/s]
✗ Failed to process results/images/preprocessed/trome/2014/01/01/trome_2014-01-01#04.png: EngineCore encountered an issue. See stack trace (above) for the root cause.
Adding requests:   0%|          | 0/1 [00:00<?, ?it/s]Adding requests:   0%|          | 0/1 [00:00<?, ?it/s]
✗ Failed to process results/images/preprocessed/trome/2014/01/01/trome_2014-01-01#04.png: EngineCore encountered an issue. See stack trace (above) for the root cause.
Adding requests:   0%|          | 0/1 [00:00<?, ?it/s]Adding requests:   0%|          | 0/1 [00:00<?, ?it/s]
✗ Failed to process results/images/preprocessed/trome/2014/01/01/trome_2014-01-01#04.png: EngineCore encountered an issue. See stack trace (above) for the root cause.
Adding requests:   0%|          | 0/1 [00:00<?, ?it/s]Adding requests:   0%|          | 0/1 [00:00<?, ?it/s]
✗ Failed to process results/images/preprocessed/trome/2014/01/01/trome_2014-01-01#04.png: EngineCore encountered an issue. See stack trace (above) for the root cause.
Adding requests:   0%|          | 0/1 [00:00<?, ?it/s]Adding requests:   0%|          | 0/1 [00:00<?, ?it/s]
✗ Failed to process results/images/preprocessed/trome/2014/01/01/trome_2014-01-01#04.png: EngineCore encountered an issue. See stack trace (above) for the root cause.
Adding requests:   0%|          | 0/1 [00:00<?, ?it/s]Adding requests:   0%|          | 0/1 [00:00<?, ?it/s]
✗ Failed to process results/images/preprocessed/trome/2014/01/01/trome_2014-01-01#04.png: EngineCore encountered an issue. See stack trace (above) for the root cause.
Adding requests:   0%|          | 0/1 [00:00<?, ?it/s]Adding requests:   0%|          | 0/1 [00:00<?, ?it/s]
✗ Failed to process results/images/preprocessed/trome/2014/01/01/trome_2014-01-01#04.png: EngineCore encountered an issue. See stack trace (above) for the root cause.
Adding requests:   0%|          | 0/1 [00:00<?, ?it/s]Adding requests:   0%|          | 0/1 [00:00<?, ?it/s]
✗ Failed to process results/images/preprocessed/trome/2014/01/01/trome_2014-01-01#04.png: EngineCore encountered an issue. See stack trace (above) for the root cause.
Adding requests:   0%|          | 0/1 [00:00<?, ?it/s]Adding requests:   0%|          | 0/1 [00:00<?, ?it/s]
✗ Failed to process results/images/preprocessed/trome/2014/01/01/trome_2014-01-01#04.png: EngineCore encountered an issue. See stack trace (above) for the root cause.
Adding requests:   0%|          | 0/1 [00:00<?, ?it/s]Adding requests:   0%|          | 0/1 [00:00<?, ?it/s]
✗ Failed to process results/images/preprocessed/trome/2014/01/01/trome_2014-01-01#04.png: EngineCore encountered an issue. See stack trace (above) for the root cause.
Adding requests:   0%|          | 0/1 [00:00<?, ?it/s]Adding requests:   0%|          | 0/1 [00:00<?, ?it/s]
✗ Failed to process results/images/preprocessed/trome/2014/01/01/trome_2014-01-01#04.png: EngineCore encountered an issue. See stack trace (above) for the root cause.
Adding requests:   0%|          | 0/1 [00:00<?, ?it/s]Adding requests:   0%|          | 0/1 [00:00<?, ?it/s]
✗ Failed to process results/images/preprocessed/trome/2014/01/01/trome_2014-01-01#04.png: EngineCore encountered an issue. See stack trace (above) for the root cause.
Adding requests:   0%|          | 0/1 [00:00<?, ?it/s]Adding requests:   0%|          | 0/1 [00:00<?, ?it/s]
✗ Failed to process results/images/preprocessed/trome/2014/01/01/trome_2014-01-01#04.png: EngineCore encountered an issue. See stack trace (above) for the root cause.
Adding requests:   0%|          | 0/1 [00:00<?, ?it/s]Adding requests:   0%|          | 0/1 [00:00<?, ?it/s]
✗ Failed to process results/images/preprocessed/trome/2014/01/01/trome_2014-01-01#04.png: EngineCore encountered an issue. See stack trace (above) for the root cause.
Adding requests:   0%|          | 0/1 [00:00<?, ?it/s]Adding requests:   0%|          | 0/1 [00:00<?, ?it/s]
✗ Failed to process results/images/preprocessed/trome/2014/01/01/trome_2014-01-01#04.png: EngineCore encountered an issue. See stack trace (above) for the root cause.
Adding requests:   0%|          | 0/1 [00:00<?, ?it/s]Adding requests:   0%|          | 0/1 [00:00<?, ?it/s]
✗ Failed to process results/images/preprocessed/trome/2014/01/01/trome_2014-01-01#04.png: EngineCore encountered an issue. See stack trace (above) for the root cause.
Adding requests:   0%|          | 0/1 [00:00<?, ?it/s]Adding requests:   0%|          | 0/1 [00:00<?, ?it/s]
✗ Failed to process results/images/preprocessed/trome/2014/01/01/trome_2014-01-01#04.png: EngineCore encountered an issue. See stack trace (above) for the root cause.
Adding requests:   0%|          | 0/1 [00:00<?, ?it/s]Adding requests:   0%|          | 0/1 [00:00<?, ?it/s]
✗ Failed to process results/images/preprocessed/trome/2014/01/01/trome_2014-01-01#04.png: EngineCore encountered an issue. See stack trace (above) for the root cause.
Adding requests:   0%|          | 0/1 [00:00<?, ?it/s]Adding requests:   0%|          | 0/1 [00:00<?, ?it/s]
✗ Failed to process results/images/preprocessed/trome/2014/01/01/trome_2014-01-01#04.png: EngineCore encountered an issue. See stack trace (above) for the root cause.
Adding requests:   0%|          | 0/1 [00:00<?, ?it/s]Adding requests:   0%|          | 0/1 [00:00<?, ?it/s]
✗ Failed to process results/images/preprocessed/trome/2014/01/01/trome_2014-01-01#04.png: EngineCore encountered an issue. See stack trace (above) for the root cause.
Adding requests:   0%|          | 0/1 [00:00<?, ?it/s]Adding requests:   0%|          | 0/1 [00:00<?, ?it/s]
✗ Failed to process results/images/preprocessed/trome/2014/01/01/trome_2014-01-01#04.png: EngineCore encountered an issue. See stack trace (above) for the root cause.
Adding requests:   0%|          | 0/1 [00:00<?, ?it/s]Adding requests:   0%|          | 0/1 [00:00<?, ?it/s]
✗ Failed to process results/images/preprocessed/trome/2014/01/01/trome_2014-01-01#04.png: EngineCore encountered an issue. See stack trace (above) for the root cause.
Adding requests:   0%|          | 0/1 [00:00<?, ?it/s]Adding requests:   0%|          | 0/1 [00:00<?, ?it/s]
✗ Failed to process results/images/preprocessed/trome/2014/01/01/trome_2014-01-01#04.png: EngineCore encountered an issue. See stack trace (above) for the root cause.
Adding requests:   0%|          | 0/1 [00:00<?, ?it/s]Adding requests:   0%|          | 0/1 [00:00<?, ?it/s]
✗ Failed to process results/images/preprocessed/trome/2014/01/01/trome_2014-01-01#04.png: EngineCore encountered an issue. See stack trace (above) for the root cause.
Adding requests:   0%|          | 0/1 [00:00<?, ?it/s]Adding requests:   0%|          | 0/1 [00:00<?, ?it/s]
✗ Failed to process results/images/preprocessed/trome/2014/01/01/trome_2014-01-01#04.png: EngineCore encountered an issue. See stack trace (above) for the root cause.
Adding requests:   0%|          | 0/1 [00:00<?, ?it/s]Adding requests:   0%|          | 0/1 [00:00<?, ?it/s]
✗ Failed to process results/images/preprocessed/trome/2014/01/01/trome_2014-01-01#04.png: EngineCore encountered an issue. See stack trace (above) for the root cause.
Adding requests:   0%|          | 0/1 [00:00<?, ?it/s]Adding requests:   0%|          | 0/1 [00:00<?, ?it/s]
✗ Failed to process results/images/preprocessed/trome/2014/01/01/trome_2014-01-01#04.png: EngineCore encountered an issue. See stack trace (above) for the root cause.
Adding requests:   0%|          | 0/1 [00:00<?, ?it/s]Adding requests:   0%|          | 0/1 [00:00<?, ?it/s]
✗ Failed to process results/images/preprocessed/trome/2014/01/01/trome_2014-01-01#04.png: EngineCore encountered an issue. See stack trace (above) for the root cause.
Adding requests:   0%|          | 0/1 [00:00<?, ?it/s]Adding requests:   0%|          | 0/1 [00:00<?, ?it/s]
✗ Failed to process results/images/preprocessed/trome/2014/01/01/trome_2014-01-01#04.png: EngineCore encountered an issue. See stack trace (above) for the root cause.
Adding requests:   0%|          | 0/1 [00:00<?, ?it/s]Adding requests:   0%|          | 0/1 [00:00<?, ?it/s]
✗ Failed to process results/images/preprocessed/trome/2014/01/01/trome_2014-01-01#04.png: EngineCore encountered an issue. See stack trace (above) for the root cause.
Adding requests:   0%|          | 0/1 [00:00<?, ?it/s]Adding requests:   0%|          | 0/1 [00:00<?, ?it/s]
✗ Failed to process results/images/preprocessed/trome/2014/01/01/trome_2014-01-01#04.png: EngineCore encountered an issue. See stack trace (above) for the root cause.
Adding requests:   0%|          | 0/1 [00:00<?, ?it/s]Adding requests:   0%|          | 0/1 [00:00<?, ?it/s]
✗ Failed to process results/images/preprocessed/trome/2014/01/01/trome_2014-01-01#04.png: EngineCore encountered an issue. See stack trace (above) for the root cause.
Adding requests:   0%|          | 0/1 [00:00<?, ?it/s]Adding requests:   0%|          | 0/1 [00:00<?, ?it/s]
✗ Failed to process results/images/preprocessed/trome/2014/01/01/trome_2014-01-01#04.png: EngineCore encountered an issue. See stack trace (above) for the root cause.
Adding requests:   0%|          | 0/1 [00:00<?, ?it/s]Adding requests:   0%|          | 0/1 [00:00<?, ?it/s]
✗ Failed to process results/images/preprocessed/trome/2014/01/01/trome_2014-01-01#04.png: EngineCore encountered an issue. See stack trace (above) for the root cause.
Adding requests:   0%|          | 0/1 [00:00<?, ?it/s]Adding requests:   0%|          | 0/1 [00:00<?, ?it/s]
✗ Failed to process results/images/preprocessed/trome/2014/01/01/trome_2014-01-01#04.png: EngineCore encountered an issue. See stack trace (above) for the root cause.
Adding requests:   0%|          | 0/1 [00:00<?, ?it/s]Adding requests:   0%|          | 0/1 [00:00<?, ?it/s]
✗ Failed to process results/images/preprocessed/trome/2014/01/01/trome_2014-01-01#04.png: EngineCore encountered an issue. See stack trace (above) for the root cause.
Adding requests:   0%|          | 0/1 [00:00<?, ?it/s]Adding requests:   0%|          | 0/1 [00:00<?, ?it/s]
✗ Failed to process results/images/preprocessed/trome/2014/01/01/trome_2014-01-01#04.png: EngineCore encountered an issue. See stack trace (above) for the root cause.
Adding requests:   0%|          | 0/1 [00:00<?, ?it/s]Adding requests:   0%|          | 0/1 [00:00<?, ?it/s]
✗ Failed to process results/images/preprocessed/trome/2014/01/01/trome_2014-01-01#04.png: EngineCore encountered an issue. See stack trace (above) for the root cause.
Adding requests:   0%|          | 0/1 [00:00<?, ?it/s]Adding requests:   0%|          | 0/1 [00:00<?, ?it/s]
✗ Failed to process results/images/preprocessed/trome/2014/01/01/trome_2014-01-01#04.png: EngineCore encountered an issue. See stack trace (above) for the root cause.
Adding requests:   0%|          | 0/1 [00:00<?, ?it/s]Adding requests:   0%|          | 0/1 [00:00<?, ?it/s]
✗ Failed to process results/images/preprocessed/trome/2014/01/01/trome_2014-01-01#04.png: EngineCore encountered an issue. See stack trace (above) for the root cause.
Adding requests:   0%|          | 0/1 [00:00<?, ?it/s]Adding requests:   0%|          | 0/1 [00:00<?, ?it/s]
✗ Failed to process results/images/preprocessed/trome/2014/01/01/trome_2014-01-01#04.png: EngineCore encountered an issue. See stack trace (above) for the root cause.
Adding requests:   0%|          | 0/1 [00:00<?, ?it/s]Adding requests:   0%|          | 0/1 [00:00<?, ?it/s]
✗ Failed to process results/images/preprocessed/trome/2014/01/01/trome_2014-01-01#04.png: EngineCore encountered an issue. See stack trace (above) for the root cause.
Adding requests:   0%|          | 0/1 [00:00<?, ?it/s]Adding requests:   0%|          | 0/1 [00:00<?, ?it/s]
✗ Failed to process results/images/preprocessed/trome/2014/01/01/trome_2014-01-01#04.png: EngineCore encountered an issue. See stack trace (above) for the root cause.
Adding requests:   0%|          | 0/1 [00:00<?, ?it/s]Adding requests:   0%|          | 0/1 [00:00<?, ?it/s]
✗ Failed to process results/images/preprocessed/trome/2014/01/01/trome_2014-01-01#04.png: EngineCore encountered an issue. See stack trace (above) for the root cause.
Adding requests:   0%|          | 0/1 [00:00<?, ?it/s]Adding requests:   0%|          | 0/1 [00:00<?, ?it/s]
✗ Failed to process results/images/preprocessed/trome/2014/01/01/trome_2014-01-01#04.png: EngineCore encountered an issue. See stack trace (above) for the root cause.
Adding requests:   0%|          | 0/1 [00:00<?, ?it/s]Adding requests:   0%|          | 0/1 [00:00<?, ?it/s]
✗ Failed to process results/images/preprocessed/trome/2014/01/01/trome_2014-01-01#04.png: EngineCore encountered an issue. See stack trace (above) for the root cause.
Adding requests:   0%|          | 0/1 [00:00<?, ?it/s]Adding requests:   0%|          | 0/1 [00:00<?, ?it/s]
✗ Failed to process results/images/preprocessed/trome/2014/01/01/trome_2014-01-01#04.png: EngineCore encountered an issue. See stack trace (above) for the root cause.
Adding requests:   0%|          | 0/1 [00:00<?, ?it/s]Adding requests:   0%|          | 0/1 [00:00<?, ?it/s]
✗ Failed to process results/images/preprocessed/trome/2014/01/01/trome_2014-01-01#04.png: EngineCore encountered an issue. See stack trace (above) for the root cause.
Adding requests:   0%|          | 0/1 [00:00<?, ?it/s]Adding requests:   0%|          | 0/1 [00:00<?, ?it/s]
✗ Failed to process results/images/preprocessed/trome/2014/01/01/trome_2014-01-01#04.png: EngineCore encountered an issue. See stack trace (above) for the root cause.
Adding requests:   0%|          | 0/1 [00:00<?, ?it/s]Adding requests:   0%|          | 0/1 [00:00<?, ?it/s]
✗ Failed to process results/images/preprocessed/trome/2014/01/01/trome_2014-01-01#04.png: EngineCore encountered an issue. See stack trace (above) for the root cause.
Adding requests:   0%|          | 0/1 [00:00<?, ?it/s]Adding requests:   0%|          | 0/1 [00:00<?, ?it/s]
✗ Failed to process results/images/preprocessed/trome/2014/01/01/trome_2014-01-01#04.png: EngineCore encountered an issue. See stack trace (above) for the root cause.
Adding requests:   0%|          | 0/1 [00:00<?, ?it/s]Adding requests:   0%|          | 0/1 [00:00<?, ?it/s]
✗ Failed to process results/images/preprocessed/trome/2014/01/01/trome_2014-01-01#04.png: EngineCore encountered an issue. See stack trace (above) for the root cause.
Adding requests:   0%|          | 0/1 [00:00<?, ?it/s]Adding requests:   0%|          | 0/1 [00:00<?, ?it/s]
✗ Failed to process results/images/preprocessed/trome/2014/01/01/trome_2014-01-01#04.png: EngineCore encountered an issue. See stack trace (above) for the root cause.
Adding requests:   0%|          | 0/1 [00:00<?, ?it/s]Adding requests:   0%|          | 0/1 [00:00<?, ?it/s]
✗ Failed to process results/images/preprocessed/trome/2014/01/01/trome_2014-01-01#04.png: EngineCore encountered an issue. See stack trace (above) for the root cause.
Adding requests:   0%|          | 0/1 [00:00<?, ?it/s]Adding requests:   0%|          | 0/1 [00:00<?, ?it/s]
✗ Failed to process results/images/preprocessed/trome/2014/01/01/trome_2014-01-01#04.png: EngineCore encountered an issue. See stack trace (above) for the root cause.
Adding requests:   0%|          | 0/1 [00:00<?, ?it/s]Adding requests:   0%|          | 0/1 [00:00<?, ?it/s]
✗ Failed to process results/images/preprocessed/trome/2014/01/01/trome_2014-01-01#04.png: EngineCore encountered an issue. See stack trace (above) for the root cause.
Adding requests:   0%|          | 0/1 [00:00<?, ?it/s]Adding requests:   0%|          | 0/1 [00:00<?, ?it/s]
✗ Failed to process results/images/preprocessed/trome/2014/01/01/trome_2014-01-01#04.png: EngineCore encountered an issue. See stack trace (above) for the root cause.
Adding requests:   0%|          | 0/1 [00:00<?, ?it/s]Adding requests:   0%|          | 0/1 [00:00<?, ?it/s]
✗ Failed to process results/images/preprocessed/trome/2014/01/01/trome_2014-01-01#04.png: EngineCore encountered an issue. See stack trace (above) for the root cause.
Adding requests:   0%|          | 0/1 [00:00<?, ?it/s]Adding requests:   0%|          | 0/1 [00:00<?, ?it/s]
✗ Failed to process results/images/preprocessed/trome/2014/01/01/trome_2014-01-01#04.png: EngineCore encountered an issue. See stack trace (above) for the root cause.
Adding requests:   0%|          | 0/1 [00:00<?, ?it/s]Adding requests:   0%|          | 0/1 [00:00<?, ?it/s]
✗ Failed to process results/images/preprocessed/trome/2014/01/01/trome_2014-01-01#04.png: EngineCore encountered an issue. See stack trace (above) for the root cause.
Adding requests:   0%|          | 0/1 [00:00<?, ?it/s]Adding requests:   0%|          | 0/1 [00:00<?, ?it/s]
✗ Failed to process results/images/preprocessed/trome/2014/01/01/trome_2014-01-01#04.png: EngineCore encountered an issue. See stack trace (above) for the root cause.
Adding requests:   0%|          | 0/1 [00:00<?, ?it/s]Adding requests:   0%|          | 0/1 [00:00<?, ?it/s]
✗ Failed to process results/images/preprocessed/trome/2014/01/01/trome_2014-01-01#04.png: EngineCore encountered an issue. See stack trace (above) for the root cause.
Adding requests:   0%|          | 0/1 [00:00<?, ?it/s]Adding requests:   0%|          | 0/1 [00:00<?, ?it/s]
✗ Failed to process results/images/preprocessed/trome/2014/01/01/trome_2014-01-01#04.png: EngineCore encountered an issue. See stack trace (above) for the root cause.
Adding requests:   0%|          | 0/1 [00:00<?, ?it/s]Adding requests:   0%|          | 0/1 [00:00<?, ?it/s]
✗ Failed to process results/images/preprocessed/trome/2014/01/01/trome_2014-01-01#04.png: EngineCore encountered an issue. See stack trace (above) for the root cause.
Adding requests:   0%|          | 0/1 [00:00<?, ?it/s]Adding requests:   0%|          | 0/1 [00:00<?, ?it/s]
✗ Failed to process results/images/preprocessed/trome/2014/01/01/trome_2014-01-01#04.png: EngineCore encountered an issue. See stack trace (above) for the root cause.
Adding requests:   0%|          | 0/1 [00:00<?, ?it/s]Adding requests:   0%|          | 0/1 [00:00<?, ?it/s]
✗ Failed to process results/images/preprocessed/trome/2014/01/01/trome_2014-01-01#04.png: EngineCore encountered an issue. See stack trace (above) for the root cause.
Adding requests:   0%|          | 0/1 [00:00<?, ?it/s]Adding requests:   0%|          | 0/1 [00:00<?, ?it/s]
✗ Failed to process results/images/preprocessed/trome/2014/01/01/trome_2014-01-01#04.png: The decoder prompt (length 8680) is longer than the maximum model length of 8192. Make sure that `max_model_len` is no smaller than the number of text tokens.
Adding requests:   0%|          | 0/1 [00:00<?, ?it/s]Adding requests:   0%|          | 0/1 [00:00<?, ?it/s]
✗ Failed to process results/images/preprocessed/trome/2014/01/01/trome_2014-01-01#04.png: EngineCore encountered an issue. See stack trace (above) for the root cause.
Adding requests:   0%|          | 0/1 [00:00<?, ?it/s]Adding requests:   0%|          | 0/1 [00:00<?, ?it/s]
✗ Failed to process results/images/preprocessed/trome/2014/01/01/trome_2014-01-01#04.png: EngineCore encountered an issue. See stack trace (above) for the root cause.
Adding requests:   0%|          | 0/1 [00:00<?, ?it/s]Adding requests:   0%|          | 0/1 [00:00<?, ?it/s]
✗ Failed to process results/images/preprocessed/trome/2014/01/01/trome_2014-01-01#04.png: EngineCore encountered an issue. See stack trace (above) for the root cause.
Adding requests:   0%|          | 0/1 [00:00<?, ?it/s]Adding requests:   0%|          | 0/1 [00:00<?, ?it/s]
✗ Failed to process results/images/preprocessed/trome/2014/01/01/trome_2014-01-01#04.png: EngineCore encountered an issue. See stack trace (above) for the root cause.
Adding requests:   0%|          | 0/1 [00:00<?, ?it/s]Adding requests:   0%|          | 0/1 [00:00<?, ?it/s]
✗ Failed to process results/images/preprocessed/trome/2014/01/01/trome_2014-01-01#04.png: EngineCore encountered an issue. See stack trace (above) for the root cause.
Adding requests:   0%|          | 0/1 [00:00<?, ?it/s]Adding requests:   0%|          | 0/1 [00:00<?, ?it/s]
✗ Failed to process results/images/preprocessed/trome/2014/01/01/trome_2014-01-01#04.png: EngineCore encountered an issue. See stack trace (above) for the root cause.
Adding requests:   0%|          | 0/1 [00:00<?, ?it/s]Adding requests:   0%|          | 0/1 [00:00<?, ?it/s]
✗ Failed to process results/images/preprocessed/trome/2014/01/01/trome_2014-01-01#04.png: EngineCore encountered an issue. See stack trace (above) for the root cause.
Adding requests:   0%|          | 0/1 [00:00<?, ?it/s]Adding requests:   0%|          | 0/1 [00:00<?, ?it/s]
✗ Failed to process results/images/preprocessed/trome/2014/01/01/trome_2014-01-01#04.png: EngineCore encountered an issue. See stack trace (above) for the root cause.
Adding requests:   0%|          | 0/1 [00:00<?, ?it/s]Adding requests:   0%|          | 0/1 [00:00<?, ?it/s]
✗ Failed to process results/images/preprocessed/trome/2014/01/01/trome_2014-01-01#04.png: EngineCore encountered an issue. See stack trace (above) for the root cause.
Adding requests:   0%|          | 0/1 [00:00<?, ?it/s]Adding requests:   0%|          | 0/1 [00:00<?, ?it/s]
✗ Failed to process results/images/preprocessed/trome/2014/01/01/trome_2014-01-01#04.png: EngineCore encountered an issue. See stack trace (above) for the root cause.
Adding requests:   0%|          | 0/1 [00:00<?, ?it/s]Adding requests:   0%|          | 0/1 [00:00<?, ?it/s]
✗ Failed to process results/images/preprocessed/trome/2014/01/01/trome_2014-01-01#04.png: EngineCore encountered an issue. See stack trace (above) for the root cause.
Adding requests:   0%|          | 0/1 [00:00<?, ?it/s]Adding requests:   0%|          | 0/1 [00:00<?, ?it/s]
✗ Failed to process results/images/preprocessed/trome/2014/01/01/trome_2014-01-01#04.png: EngineCore encountered an issue. See stack trace (above) for the root cause.
Adding requests:   0%|          | 0/1 [00:00<?, ?it/s]Adding requests:   0%|          | 0/1 [00:00<?, ?it/s]
✗ Failed to process results/images/preprocessed/trome/2014/01/01/trome_2014-01-01#04.png: EngineCore encountered an issue. See stack trace (above) for the root cause.
Adding requests:   0%|          | 0/1 [00:00<?, ?it/s]Adding requests:   0%|          | 0/1 [00:00<?, ?it/s]
✗ Failed to process results/images/preprocessed/trome/2014/01/01/trome_2014-01-01#04.png: EngineCore encountered an issue. See stack trace (above) for the root cause.
Adding requests:   0%|          | 0/1 [00:00<?, ?it/s]Adding requests:   0%|          | 0/1 [00:00<?, ?it/s]
✗ Failed to process results/images/preprocessed/trome/2014/01/01/trome_2014-01-01#04.png: EngineCore encountered an issue. See stack trace (above) for the root cause.
Adding requests:   0%|          | 0/1 [00:00<?, ?it/s]Adding requests:   0%|          | 0/1 [00:00<?, ?it/s]
✗ Failed to process results/images/preprocessed/trome/2014/01/01/trome_2014-01-01#04.png: EngineCore encountered an issue. See stack trace (above) for the root cause.
Adding requests:   0%|          | 0/1 [00:00<?, ?it/s]Adding requests:   0%|          | 0/1 [00:00<?, ?it/s]
✗ Failed to process results/images/preprocessed/trome/2014/01/01/trome_2014-01-01#04.png: EngineCore encountered an issue. See stack trace (above) for the root cause.
Adding requests:   0%|          | 0/1 [00:00<?, ?it/s]Adding requests:   0%|          | 0/1 [00:00<?, ?it/s]
✗ Failed to process results/images/preprocessed/trome/2014/01/01/trome_2014-01-01#04.png: EngineCore encountered an issue. See stack trace (above) for the root cause.
Adding requests:   0%|          | 0/1 [00:00<?, ?it/s]Adding requests:   0%|          | 0/1 [00:00<?, ?it/s]
✗ Failed to process results/images/preprocessed/trome/2014/01/01/trome_2014-01-01#04.png: EngineCore encountered an issue. See stack trace (above) for the root cause.
Adding requests:   0%|          | 0/1 [00:00<?, ?it/s]Adding requests:   0%|          | 0/1 [00:00<?, ?it/s]
✗ Failed to process results/images/preprocessed/trome/2014/01/01/trome_2014-01-01#04.png: EngineCore encountered an issue. See stack trace (above) for the root cause.
Adding requests:   0%|          | 0/1 [00:00<?, ?it/s]Adding requests:   0%|          | 0/1 [00:00<?, ?it/s]
✗ Failed to process results/images/preprocessed/trome/2014/01/01/trome_2014-01-01#04.png: EngineCore encountered an issue. See stack trace (above) for the root cause.
Adding requests:   0%|          | 0/1 [00:00<?, ?it/s]Adding requests:   0%|          | 0/1 [00:00<?, ?it/s]
✗ Failed to process results/images/preprocessed/trome/2014/01/01/trome_2014-01-01#04.png: EngineCore encountered an issue. See stack trace (above) for the root cause.
Adding requests:   0%|          | 0/1 [00:00<?, ?it/s]Adding requests:   0%|          | 0/1 [00:00<?, ?it/s]
✗ Failed to process results/images/preprocessed/trome/2014/01/01/trome_2014-01-01#04.png: EngineCore encountered an issue. See stack trace (above) for the root cause.
Adding requests:   0%|          | 0/1 [00:00<?, ?it/s]Adding requests:   0%|          | 0/1 [00:00<?, ?it/s]
✗ Failed to process results/images/preprocessed/trome/2014/01/01/trome_2014-01-01#04.png: EngineCore encountered an issue. See stack trace (above) for the root cause.
Adding requests:   0%|          | 0/1 [00:00<?, ?it/s]Adding requests:   0%|          | 0/1 [00:00<?, ?it/s]
✗ Failed to process results/images/preprocessed/trome/2014/01/01/trome_2014-01-01#04.png: EngineCore encountered an issue. See stack trace (above) for the root cause.
Adding requests:   0%|          | 0/1 [00:00<?, ?it/s]Adding requests:   0%|          | 0/1 [00:00<?, ?it/s]
✗ Failed to process results/images/preprocessed/trome/2014/01/01/trome_2014-01-01#04.png: EngineCore encountered an issue. See stack trace (above) for the root cause.
Adding requests:   0%|          | 0/1 [00:00<?, ?it/s]Adding requests:   0%|          | 0/1 [00:00<?, ?it/s]
✗ Failed to process results/images/preprocessed/trome/2014/01/01/trome_2014-01-01#04.png: EngineCore encountered an issue. See stack trace (above) for the root cause.
Adding requests:   0%|          | 0/1 [00:00<?, ?it/s]Adding requests:   0%|          | 0/1 [00:00<?, ?it/s]
✗ Failed to process results/images/preprocessed/trome/2014/01/01/trome_2014-01-01#04.png: EngineCore encountered an issue. See stack trace (above) for the root cause.
Adding requests:   0%|          | 0/1 [00:00<?, ?it/s]Adding requests:   0%|          | 0/1 [00:00<?, ?it/s]
✗ Failed to process results/images/preprocessed/trome/2014/01/01/trome_2014-01-01#04.png: EngineCore encountered an issue. See stack trace (above) for the root cause.
Adding requests:   0%|          | 0/1 [00:00<?, ?it/s]Adding requests:   0%|          | 0/1 [00:00<?, ?it/s]
✗ Failed to process results/images/preprocessed/trome/2014/01/01/trome_2014-01-01#04.png: EngineCore encountered an issue. See stack trace (above) for the root cause.
Adding requests:   0%|          | 0/1 [00:00<?, ?it/s]Adding requests:   0%|          | 0/1 [00:00<?, ?it/s]
✗ Failed to process results/images/preprocessed/trome/2014/01/01/trome_2014-01-01#04.png: EngineCore encountered an issue. See stack trace (above) for the root cause.
Adding requests:   0%|          | 0/1 [00:00<?, ?it/s]Adding requests:   0%|          | 0/1 [00:00<?, ?it/s]
✗ Failed to process results/images/preprocessed/trome/2014/01/01/trome_2014-01-01#04.png: EngineCore encountered an issue. See stack trace (above) for the root cause.
Adding requests:   0%|          | 0/1 [00:00<?, ?it/s]Adding requests:   0%|          | 0/1 [00:00<?, ?it/s]
✗ Failed to process results/images/preprocessed/trome/2014/01/01/trome_2014-01-01#04.png: EngineCore encountered an issue. See stack trace (above) for the root cause.
Adding requests:   0%|          | 0/1 [00:00<?, ?it/s]Adding requests:   0%|          | 0/1 [00:00<?, ?it/s]
✗ Failed to process results/images/preprocessed/trome/2014/01/01/trome_2014-01-01#04.png: EngineCore encountered an issue. See stack trace (above) for the root cause.
Adding requests:   0%|          | 0/1 [00:00<?, ?it/s]Adding requests:   0%|          | 0/1 [00:00<?, ?it/s]
✗ Failed to process results/images/preprocessed/trome/2014/01/01/trome_2014-01-01#04.png: EngineCore encountered an issue. See stack trace (above) for the root cause.
Adding requests:   0%|          | 0/1 [00:00<?, ?it/s]Adding requests:   0%|          | 0/1 [00:00<?, ?it/s]
✗ Failed to process results/images/preprocessed/trome/2014/01/01/trome_2014-01-01#04.png: EngineCore encountered an issue. See stack trace (above) for the root cause.
Adding requests:   0%|          | 0/1 [00:00<?, ?it/s]Adding requests:   0%|          | 0/1 [00:00<?, ?it/s]
✗ Failed to process results/images/preprocessed/trome/2014/01/01/trome_2014-01-01#04.png: EngineCore encountered an issue. See stack trace (above) for the root cause.
Adding requests:   0%|          | 0/1 [00:00<?, ?it/s]Adding requests:   0%|          | 0/1 [00:00<?, ?it/s]
✗ Failed to process results/images/preprocessed/trome/2014/01/01/trome_2014-01-01#04.png: EngineCore encountered an issue. See stack trace (above) for the root cause.
Adding requests:   0%|          | 0/1 [00:00<?, ?it/s]Adding requests:   0%|          | 0/1 [00:00<?, ?it/s]
✗ Failed to process results/images/preprocessed/trome/2014/01/01/trome_2014-01-01#04.png: EngineCore encountered an issue. See stack trace (above) for the root cause.
Adding requests:   0%|          | 0/1 [00:00<?, ?it/s]Adding requests:   0%|          | 0/1 [00:00<?, ?it/s]
✗ Failed to process results/images/preprocessed/trome/2014/01/01/trome_2014-01-01#04.png: EngineCore encountered an issue. See stack trace (above) for the root cause.
Adding requests:   0%|          | 0/1 [00:00<?, ?it/s]Adding requests:   0%|          | 0/1 [00:00<?, ?it/s]
✗ Failed to process results/images/preprocessed/trome/2014/01/01/trome_2014-01-01#04.png: EngineCore encountered an issue. See stack trace (above) for the root cause.
Adding requests:   0%|          | 0/1 [00:00<?, ?it/s]Adding requests:   0%|          | 0/1 [00:00<?, ?it/s]
✗ Failed to process results/images/preprocessed/trome/2014/01/01/trome_2014-01-01#04.png: EngineCore encountered an issue. See stack trace (above) for the root cause.
Adding requests:   0%|          | 0/1 [00:00<?, ?it/s]Adding requests:   0%|          | 0/1 [00:00<?, ?it/s]
✗ Failed to process results/images/preprocessed/trome/2014/01/01/trome_2014-01-01#04.png: EngineCore encountered an issue. See stack trace (above) for the root cause.
Adding requests:   0%|          | 0/1 [00:00<?, ?it/s]Adding requests:   0%|          | 0/1 [00:00<?, ?it/s]
✗ Failed to process results/images/preprocessed/trome/2014/01/01/trome_2014-01-01#04.png: EngineCore encountered an issue. See stack trace (above) for the root cause.
Adding requests:   0%|          | 0/1 [00:00<?, ?it/s]Adding requests:   0%|          | 0/1 [00:00<?, ?it/s]
✗ Failed to process results/images/preprocessed/trome/2014/01/01/trome_2014-01-01#04.png: EngineCore encountered an issue. See stack trace (above) for the root cause.
Adding requests:   0%|          | 0/1 [00:00<?, ?it/s]Adding requests:   0%|          | 0/1 [00:00<?, ?it/s]
✗ Failed to process results/images/preprocessed/trome/2014/01/01/trome_2014-01-01#04.png: The decoder prompt (length 8422) is longer than the maximum model length of 8192. Make sure that `max_model_len` is no smaller than the number of text tokens.
Adding requests:   0%|          | 0/1 [00:00<?, ?it/s]Adding requests:   0%|          | 0/1 [00:00<?, ?it/s]
✗ Failed to process results/images/preprocessed/trome/2014/01/01/trome_2014-01-01#04.png: EngineCore encountered an issue. See stack trace (above) for the root cause.
Adding requests:   0%|          | 0/1 [00:00<?, ?it/s]Adding requests:   0%|          | 0/1 [00:00<?, ?it/s]
✗ Failed to process results/images/preprocessed/trome/2014/01/01/trome_2014-01-01#04.png: EngineCore encountered an issue. See stack trace (above) for the root cause.
Adding requests:   0%|          | 0/1 [00:00<?, ?it/s]Adding requests:   0%|          | 0/1 [00:00<?, ?it/s]
✗ Failed to process results/images/preprocessed/trome/2014/01/01/trome_2014-01-01#04.png: The decoder prompt (length 9254) is longer than the maximum model length of 8192. Make sure that `max_model_len` is no smaller than the number of text tokens.
Adding requests:   0%|          | 0/1 [00:00<?, ?it/s]Adding requests:   0%|          | 0/1 [00:00<?, ?it/s]
✗ Failed to process results/images/preprocessed/trome/2014/01/01/trome_2014-01-01#04.png: The decoder prompt (length 8648) is longer than the maximum model length of 8192. Make sure that `max_model_len` is no smaller than the number of text tokens.
Adding requests:   0%|          | 0/1 [00:00<?, ?it/s]Adding requests:   0%|          | 0/1 [00:00<?, ?it/s]
✗ Failed to process results/images/preprocessed/trome/2014/01/01/trome_2014-01-01#04.png: EngineCore encountered an issue. See stack trace (above) for the root cause.
Adding requests:   0%|          | 0/1 [00:00<?, ?it/s]Adding requests:   0%|          | 0/1 [00:00<?, ?it/s]
✗ Failed to process results/images/preprocessed/trome/2014/01/01/trome_2014-01-01#04.png: EngineCore encountered an issue. See stack trace (above) for the root cause.
Adding requests:   0%|          | 0/1 [00:00<?, ?it/s]Adding requests:   0%|          | 0/1 [00:00<?, ?it/s]
✗ Failed to process results/images/preprocessed/trome/2014/01/01/trome_2014-01-01#04.png: EngineCore encountered an issue. See stack trace (above) for the root cause.
Adding requests:   0%|          | 0/1 [00:00<?, ?it/s]Adding requests:   0%|          | 0/1 [00:00<?, ?it/s]
✗ Failed to process results/images/preprocessed/trome/2014/01/01/trome_2014-01-01#04.png: EngineCore encountered an issue. See stack trace (above) for the root cause.
Adding requests:   0%|          | 0/1 [00:00<?, ?it/s]Adding requests:   0%|          | 0/1 [00:00<?, ?it/s]
✗ Failed to process results/images/preprocessed/trome/2014/01/01/trome_2014-01-01#04.png: EngineCore encountered an issue. See stack trace (above) for the root cause.
Adding requests:   0%|          | 0/1 [00:00<?, ?it/s]Adding requests:   0%|          | 0/1 [00:00<?, ?it/s]
✗ Failed to process results/images/preprocessed/trome/2014/01/01/trome_2014-01-01#04.png: EngineCore encountered an issue. See stack trace (above) for the root cause.
Adding requests:   0%|          | 0/1 [00:00<?, ?it/s]Adding requests:   0%|          | 0/1 [00:00<?, ?it/s]
✗ Failed to process results/images/preprocessed/trome/2014/01/01/trome_2014-01-01#04.png: EngineCore encountered an issue. See stack trace (above) for the root cause.
Adding requests:   0%|          | 0/1 [00:00<?, ?it/s]Adding requests:   0%|          | 0/1 [00:00<?, ?it/s]
✗ Failed to process results/images/preprocessed/trome/2014/01/01/trome_2014-01-01#04.png: EngineCore encountered an issue. See stack trace (above) for the root cause.
Adding requests:   0%|          | 0/1 [00:00<?, ?it/s]Adding requests:   0%|          | 0/1 [00:00<?, ?it/s]
✗ Failed to process results/images/preprocessed/trome/2014/01/01/trome_2014-01-01#04.png: EngineCore encountered an issue. See stack trace (above) for the root cause.
Adding requests:   0%|          | 0/1 [00:00<?, ?it/s]Adding requests:   0%|          | 0/1 [00:00<?, ?it/s]
✗ Failed to process results/images/preprocessed/trome/2014/01/01/trome_2014-01-01#04.png: EngineCore encountered an issue. See stack trace (above) for the root cause.
Adding requests:   0%|          | 0/1 [00:00<?, ?it/s]Adding requests:   0%|          | 0/1 [00:00<?, ?it/s]
✗ Failed to process results/images/preprocessed/trome/2014/01/01/trome_2014-01-01#04.png: EngineCore encountered an issue. See stack trace (above) for the root cause.
Adding requests:   0%|          | 0/1 [00:00<?, ?it/s]Adding requests:   0%|          | 0/1 [00:00<?, ?it/s]
✗ Failed to process results/images/preprocessed/trome/2014/01/01/trome_2014-01-01#04.png: EngineCore encountered an issue. See stack trace (above) for the root cause.
Adding requests:   0%|          | 0/1 [00:00<?, ?it/s]Adding requests:   0%|          | 0/1 [00:00<?, ?it/s]
✗ Failed to process results/images/preprocessed/trome/2014/01/01/trome_2014-01-01#04.png: EngineCore encountered an issue. See stack trace (above) for the root cause.
Adding requests:   0%|          | 0/1 [00:00<?, ?it/s]Adding requests:   0%|          | 0/1 [00:00<?, ?it/s]
✗ Failed to process results/images/preprocessed/trome/2014/01/01/trome_2014-01-01#04.png: EngineCore encountered an issue. See stack trace (above) for the root cause.
Adding requests:   0%|          | 0/1 [00:00<?, ?it/s]Adding requests:   0%|          | 0/1 [00:00<?, ?it/s]
✗ Failed to process results/images/preprocessed/trome/2014/01/01/trome_2014-01-01#04.png: EngineCore encountered an issue. See stack trace (above) for the root cause.
Adding requests:   0%|          | 0/1 [00:00<?, ?it/s]Adding requests:   0%|          | 0/1 [00:00<?, ?it/s]
✗ Failed to process results/images/preprocessed/trome/2014/01/01/trome_2014-01-01#04.png: EngineCore encountered an issue. See stack trace (above) for the root cause.
Adding requests:   0%|          | 0/1 [00:00<?, ?it/s]Adding requests:   0%|          | 0/1 [00:00<?, ?it/s]
✗ Failed to process results/images/preprocessed/trome/2014/01/01/trome_2014-01-01#04.png: EngineCore encountered an issue. See stack trace (above) for the root cause.
Adding requests:   0%|          | 0/1 [00:00<?, ?it/s]Adding requests:   0%|          | 0/1 [00:00<?, ?it/s]
✗ Failed to process results/images/preprocessed/trome/2014/01/01/trome_2014-01-01#04.png: EngineCore encountered an issue. See stack trace (above) for the root cause.
Adding requests:   0%|          | 0/1 [00:00<?, ?it/s]Adding requests:   0%|          | 0/1 [00:00<?, ?it/s]
✗ Failed to process results/images/preprocessed/trome/2014/01/01/trome_2014-01-01#04.png: EngineCore encountered an issue. See stack trace (above) for the root cause.
Adding requests:   0%|          | 0/1 [00:00<?, ?it/s]Adding requests:   0%|          | 0/1 [00:00<?, ?it/s]
✗ Failed to process results/images/preprocessed/trome/2014/01/01/trome_2014-01-01#04.png: EngineCore encountered an issue. See stack trace (above) for the root cause.
Adding requests:   0%|          | 0/1 [00:00<?, ?it/s]Adding requests:   0%|          | 0/1 [00:00<?, ?it/s]
✗ Failed to process results/images/preprocessed/trome/2014/01/01/trome_2014-01-01#04.png: EngineCore encountered an issue. See stack trace (above) for the root cause.
Adding requests:   0%|          | 0/1 [00:00<?, ?it/s]Adding requests:   0%|          | 0/1 [00:00<?, ?it/s]
✗ Failed to process results/images/preprocessed/trome/2014/01/01/trome_2014-01-01#04.png: EngineCore encountered an issue. See stack trace (above) for the root cause.
Adding requests:   0%|          | 0/1 [00:00<?, ?it/s]Adding requests:   0%|          | 0/1 [00:00<?, ?it/s]
✗ Failed to process results/images/preprocessed/trome/2014/01/01/trome_2014-01-01#04.png: The decoder prompt (length 10372) is longer than the maximum model length of 8192. Make sure that `max_model_len` is no smaller than the number of text tokens.
Adding requests:   0%|          | 0/1 [00:00<?, ?it/s]Adding requests:   0%|          | 0/1 [00:00<?, ?it/s]
✗ Failed to process results/images/preprocessed/trome/2014/01/01/trome_2014-01-01#04.png: EngineCore encountered an issue. See stack trace (above) for the root cause.
Adding requests:   0%|          | 0/1 [00:00<?, ?it/s]Adding requests:   0%|          | 0/1 [00:00<?, ?it/s]
✗ Failed to process results/images/preprocessed/trome/2014/01/01/trome_2014-01-01#04.png: EngineCore encountered an issue. See stack trace (above) for the root cause.
Adding requests:   0%|          | 0/1 [00:00<?, ?it/s]Adding requests:   0%|          | 0/1 [00:00<?, ?it/s]
✗ Failed to process results/images/preprocessed/trome/2014/01/01/trome_2014-01-01#04.png: EngineCore encountered an issue. See stack trace (above) for the root cause.
Adding requests:   0%|          | 0/1 [00:00<?, ?it/s]Adding requests:   0%|          | 0/1 [00:00<?, ?it/s]
✗ Failed to process results/images/preprocessed/trome/2014/01/01/trome_2014-01-01#04.png: EngineCore encountered an issue. See stack trace (above) for the root cause.
Adding requests:   0%|          | 0/1 [00:00<?, ?it/s]Adding requests:   0%|          | 0/1 [00:00<?, ?it/s]
✗ Failed to process results/images/preprocessed/trome/2014/01/01/trome_2014-01-01#04.png: EngineCore encountered an issue. See stack trace (above) for the root cause.
Adding requests:   0%|          | 0/1 [00:00<?, ?it/s]Adding requests:   0%|          | 0/1 [00:00<?, ?it/s]
✗ Failed to process results/images/preprocessed/trome/2014/01/01/trome_2014-01-01#04.png: EngineCore encountered an issue. See stack trace (above) for the root cause.
Adding requests:   0%|          | 0/1 [00:00<?, ?it/s]Adding requests:   0%|          | 0/1 [00:00<?, ?it/s]
✗ Failed to process results/images/preprocessed/trome/2014/01/01/trome_2014-01-01#04.png: EngineCore encountered an issue. See stack trace (above) for the root cause.
Adding requests:   0%|          | 0/1 [00:00<?, ?it/s]Adding requests:   0%|          | 0/1 [00:00<?, ?it/s]
✗ Failed to process results/images/preprocessed/trome/2014/01/01/trome_2014-01-01#04.png: The decoder prompt (length 8195) is longer than the maximum model length of 8192. Make sure that `max_model_len` is no smaller than the number of text tokens.
Adding requests:   0%|          | 0/1 [00:00<?, ?it/s]Adding requests:   0%|          | 0/1 [00:00<?, ?it/s]
✗ Failed to process results/images/preprocessed/trome/2014/01/01/trome_2014-01-01#04.png: EngineCore encountered an issue. See stack trace (above) for the root cause.
Adding requests:   0%|          | 0/1 [00:00<?, ?it/s]Adding requests:   0%|          | 0/1 [00:00<?, ?it/s]
✗ Failed to process results/images/preprocessed/trome/2014/01/01/trome_2014-01-01#04.png: EngineCore encountered an issue. See stack trace (above) for the root cause.
Adding requests:   0%|          | 0/1 [00:00<?, ?it/s]Adding requests:   0%|          | 0/1 [00:00<?, ?it/s]
✗ Failed to process results/images/preprocessed/trome/2014/01/01/trome_2014-01-01#04.png: EngineCore encountered an issue. See stack trace (above) for the root cause.
Adding requests:   0%|          | 0/1 [00:00<?, ?it/s]Adding requests:   0%|          | 0/1 [00:00<?, ?it/s]
✗ Failed to process results/images/preprocessed/trome/2014/01/01/trome_2014-01-01#04.png: EngineCore encountered an issue. See stack trace (above) for the root cause.
Adding requests:   0%|          | 0/1 [00:00<?, ?it/s]Adding requests:   0%|          | 0/1 [00:00<?, ?it/s]
✗ Failed to process results/images/preprocessed/trome/2014/01/01/trome_2014-01-01#04.png: EngineCore encountered an issue. See stack trace (above) for the root cause.
Adding requests:   0%|          | 0/1 [00:00<?, ?it/s]Adding requests:   0%|          | 0/1 [00:00<?, ?it/s]
✗ Failed to process results/images/preprocessed/trome/2014/01/01/trome_2014-01-01#04.png: EngineCore encountered an issue. See stack trace (above) for the root cause.
Adding requests:   0%|          | 0/1 [00:00<?, ?it/s]Adding requests:   0%|          | 0/1 [00:00<?, ?it/s]
✗ Failed to process results/images/preprocessed/trome/2014/01/01/trome_2014-01-01#04.png: EngineCore encountered an issue. See stack trace (above) for the root cause.
Adding requests:   0%|          | 0/1 [00:00<?, ?it/s]Adding requests:   0%|          | 0/1 [00:00<?, ?it/s]
✗ Failed to process results/images/preprocessed/trome/2014/01/01/trome_2014-01-01#04.png: EngineCore encountered an issue. See stack trace (above) for the root cause.
Adding requests:   0%|          | 0/1 [00:00<?, ?it/s]Adding requests:   0%|          | 0/1 [00:00<?, ?it/s]
✗ Failed to process results/images/preprocessed/trome/2014/01/01/trome_2014-01-01#04.png: EngineCore encountered an issue. See stack trace (above) for the root cause.
Adding requests:   0%|          | 0/1 [00:00<?, ?it/s]Adding requests:   0%|          | 0/1 [00:00<?, ?it/s]
✗ Failed to process results/images/preprocessed/trome/2014/01/01/trome_2014-01-01#04.png: EngineCore encountered an issue. See stack trace (above) for the root cause.
Adding requests:   0%|          | 0/1 [00:00<?, ?it/s]Adding requests:   0%|          | 0/1 [00:00<?, ?it/s]
✗ Failed to process results/images/preprocessed/trome/2014/01/01/trome_2014-01-01#04.png: EngineCore encountered an issue. See stack trace (above) for the root cause.
Adding requests:   0%|          | 0/1 [00:00<?, ?it/s]Adding requests:   0%|          | 0/1 [00:00<?, ?it/s]
✗ Failed to process results/images/preprocessed/trome/2014/01/01/trome_2014-01-01#04.png: EngineCore encountered an issue. See stack trace (above) for the root cause.
Adding requests:   0%|          | 0/1 [00:00<?, ?it/s]Adding requests:   0%|          | 0/1 [00:00<?, ?it/s]
✗ Failed to process results/images/preprocessed/trome/2014/01/01/trome_2014-01-01#04.png: EngineCore encountered an issue. See stack trace (above) for the root cause.
Adding requests:   0%|          | 0/1 [00:00<?, ?it/s]Adding requests:   0%|          | 0/1 [00:00<?, ?it/s]
✗ Failed to process results/images/preprocessed/trome/2014/01/01/trome_2014-01-01#04.png: The decoder prompt (length 8250) is longer than the maximum model length of 8192. Make sure that `max_model_len` is no smaller than the number of text tokens.
Adding requests:   0%|          | 0/1 [00:00<?, ?it/s]Adding requests:   0%|          | 0/1 [00:00<?, ?it/s]
✗ Failed to process results/images/preprocessed/trome/2014/01/01/trome_2014-01-01#04.png: EngineCore encountered an issue. See stack trace (above) for the root cause.
Adding requests:   0%|          | 0/1 [00:00<?, ?it/s]Adding requests:   0%|          | 0/1 [00:00<?, ?it/s]
✗ Failed to process results/images/preprocessed/trome/2014/01/01/trome_2014-01-01#04.png: EngineCore encountered an issue. See stack trace (above) for the root cause.
Adding requests:   0%|          | 0/1 [00:00<?, ?it/s]Adding requests:   0%|          | 0/1 [00:00<?, ?it/s]
✗ Failed to process results/images/preprocessed/trome/2014/01/01/trome_2014-01-01#04.png: EngineCore encountered an issue. See stack trace (above) for the root cause.
Adding requests:   0%|          | 0/1 [00:00<?, ?it/s]Adding requests:   0%|          | 0/1 [00:00<?, ?it/s]
✗ Failed to process results/images/preprocessed/trome/2014/01/01/trome_2014-01-01#04.png: EngineCore encountered an issue. See stack trace (above) for the root cause.
Adding requests:   0%|          | 0/1 [00:00<?, ?it/s]Adding requests:   0%|          | 0/1 [00:00<?, ?it/s]
✗ Failed to process results/images/preprocessed/trome/2014/01/01/trome_2014-01-01#04.png: EngineCore encountered an issue. See stack trace (above) for the root cause.
Adding requests:   0%|          | 0/1 [00:00<?, ?it/s]Adding requests:   0%|          | 0/1 [00:00<?, ?it/s]
✗ Failed to process results/images/preprocessed/trome/2014/01/01/trome_2014-01-01#04.png: EngineCore encountered an issue. See stack trace (above) for the root cause.
Adding requests:   0%|          | 0/1 [00:00<?, ?it/s]Adding requests:   0%|          | 0/1 [00:00<?, ?it/s]
✗ Failed to process results/images/preprocessed/trome/2014/01/01/trome_2014-01-01#04.png: EngineCore encountered an issue. See stack trace (above) for the root cause.
Adding requests:   0%|          | 0/1 [00:00<?, ?it/s]Adding requests:   0%|          | 0/1 [00:00<?, ?it/s]
✗ Failed to process results/images/preprocessed/trome/2014/01/01/trome_2014-01-01#04.png: EngineCore encountered an issue. See stack trace (above) for the root cause.
Adding requests:   0%|          | 0/1 [00:00<?, ?it/s]Adding requests:   0%|          | 0/1 [00:00<?, ?it/s]
✗ Failed to process results/images/preprocessed/trome/2014/01/01/trome_2014-01-01#04.png: EngineCore encountered an issue. See stack trace (above) for the root cause.
Adding requests:   0%|          | 0/1 [00:00<?, ?it/s]Adding requests:   0%|          | 0/1 [00:00<?, ?it/s]
✗ Failed to process results/images/preprocessed/trome/2014/01/01/trome_2014-01-01#04.png: EngineCore encountered an issue. See stack trace (above) for the root cause.
Adding requests:   0%|          | 0/1 [00:00<?, ?it/s]Adding requests:   0%|          | 0/1 [00:00<?, ?it/s]
✗ Failed to process results/images/preprocessed/trome/2014/01/01/trome_2014-01-01#04.png: EngineCore encountered an issue. See stack trace (above) for the root cause.
Adding requests:   0%|          | 0/1 [00:00<?, ?it/s]Adding requests:   0%|          | 0/1 [00:00<?, ?it/s]
✗ Failed to process results/images/preprocessed/trome/2014/01/01/trome_2014-01-01#04.png: EngineCore encountered an issue. See stack trace (above) for the root cause.
Adding requests:   0%|          | 0/1 [00:00<?, ?it/s]Adding requests:   0%|          | 0/1 [00:00<?, ?it/s]
✗ Failed to process results/images/preprocessed/trome/2014/01/01/trome_2014-01-01#04.png: EngineCore encountered an issue. See stack trace (above) for the root cause.
Adding requests:   0%|          | 0/1 [00:00<?, ?it/s]Adding requests:   0%|          | 0/1 [00:00<?, ?it/s]
✗ Failed to process results/images/preprocessed/trome/2014/01/01/trome_2014-01-01#04.png: EngineCore encountered an issue. See stack trace (above) for the root cause.
Adding requests:   0%|          | 0/1 [00:00<?, ?it/s]Adding requests:   0%|          | 0/1 [00:00<?, ?it/s]
✗ Failed to process results/images/preprocessed/trome/2014/01/01/trome_2014-01-01#04.png: EngineCore encountered an issue. See stack trace (above) for the root cause.
Adding requests:   0%|          | 0/1 [00:00<?, ?it/s]Adding requests:   0%|          | 0/1 [00:00<?, ?it/s]
✗ Failed to process results/images/preprocessed/trome/2014/01/01/trome_2014-01-01#04.png: The decoder prompt (length 8504) is longer than the maximum model length of 8192. Make sure that `max_model_len` is no smaller than the number of text tokens.
Adding requests:   0%|          | 0/1 [00:00<?, ?it/s]Adding requests:   0%|          | 0/1 [00:00<?, ?it/s]
✗ Failed to process results/images/preprocessed/trome/2014/01/01/trome_2014-01-01#04.png: EngineCore encountered an issue. See stack trace (above) for the root cause.
Adding requests:   0%|          | 0/1 [00:00<?, ?it/s]Adding requests:   0%|          | 0/1 [00:00<?, ?it/s]
✗ Failed to process results/images/preprocessed/trome/2014/01/01/trome_2014-01-01#04.png: EngineCore encountered an issue. See stack trace (above) for the root cause.
Adding requests:   0%|          | 0/1 [00:00<?, ?it/s]Adding requests:   0%|          | 0/1 [00:00<?, ?it/s]
✗ Failed to process results/images/preprocessed/trome/2014/01/01/trome_2014-01-01#04.png: EngineCore encountered an issue. See stack trace (above) for the root cause.
Adding requests:   0%|          | 0/1 [00:00<?, ?it/s]Adding requests:   0%|          | 0/1 [00:00<?, ?it/s]
✗ Failed to process results/images/preprocessed/trome/2014/01/01/trome_2014-01-01#04.png: EngineCore encountered an issue. See stack trace (above) for the root cause.
Adding requests:   0%|          | 0/1 [00:00<?, ?it/s]Adding requests:   0%|          | 0/1 [00:00<?, ?it/s]
✗ Failed to process results/images/preprocessed/trome/2014/01/01/trome_2014-01-01#04.png: EngineCore encountered an issue. See stack trace (above) for the root cause.
Adding requests:   0%|          | 0/1 [00:00<?, ?it/s]Adding requests:   0%|          | 0/1 [00:00<?, ?it/s]
✗ Failed to process results/images/preprocessed/trome/2014/01/01/trome_2014-01-01#04.png: EngineCore encountered an issue. See stack trace (above) for the root cause.
Adding requests:   0%|          | 0/1 [00:00<?, ?it/s]Adding requests:   0%|          | 0/1 [00:00<?, ?it/s]
✗ Failed to process results/images/preprocessed/trome/2014/01/01/trome_2014-01-01#04.png: EngineCore encountered an issue. See stack trace (above) for the root cause.
Adding requests:   0%|          | 0/1 [00:00<?, ?it/s]Adding requests:   0%|          | 0/1 [00:00<?, ?it/s]
✗ Failed to process results/images/preprocessed/trome/2014/01/01/trome_2014-01-01#04.png: EngineCore encountered an issue. See stack trace (above) for the root cause.
Adding requests:   0%|          | 0/1 [00:00<?, ?it/s]Adding requests:   0%|          | 0/1 [00:00<?, ?it/s]
✗ Failed to process results/images/preprocessed/trome/2014/01/01/trome_2014-01-01#04.png: EngineCore encountered an issue. See stack trace (above) for the root cause.
Adding requests:   0%|          | 0/1 [00:00<?, ?it/s]Adding requests:   0%|          | 0/1 [00:00<?, ?it/s]
✗ Failed to process results/images/preprocessed/trome/2014/01/01/trome_2014-01-01#04.png: EngineCore encountered an issue. See stack trace (above) for the root cause.
Adding requests:   0%|          | 0/1 [00:00<?, ?it/s]Adding requests:   0%|          | 0/1 [00:00<?, ?it/s]
✗ Failed to process results/images/preprocessed/trome/2014/01/01/trome_2014-01-01#04.png: EngineCore encountered an issue. See stack trace (above) for the root cause.
Adding requests:   0%|          | 0/1 [00:00<?, ?it/s]Adding requests:   0%|          | 0/1 [00:00<?, ?it/s]
✗ Failed to process results/images/preprocessed/trome/2014/01/01/trome_2014-01-01#04.png: EngineCore encountered an issue. See stack trace (above) for the root cause.
Adding requests:   0%|          | 0/1 [00:00<?, ?it/s]Adding requests:   0%|          | 0/1 [00:00<?, ?it/s]
✗ Failed to process results/images/preprocessed/trome/2014/01/01/trome_2014-01-01#04.png: EngineCore encountered an issue. See stack trace (above) for the root cause.
Adding requests:   0%|          | 0/1 [00:00<?, ?it/s]Adding requests:   0%|          | 0/1 [00:00<?, ?it/s]
✗ Failed to process results/images/preprocessed/trome/2014/01/01/trome_2014-01-01#04.png: EngineCore encountered an issue. See stack trace (above) for the root cause.
Adding requests:   0%|          | 0/1 [00:00<?, ?it/s]Adding requests:   0%|          | 0/1 [00:00<?, ?it/s]
✗ Failed to process results/images/preprocessed/trome/2014/01/01/trome_2014-01-01#04.png: EngineCore encountered an issue. See stack trace (above) for the root cause.
Adding requests:   0%|          | 0/1 [00:00<?, ?it/s]Adding requests:   0%|          | 0/1 [00:00<?, ?it/s]
✗ Failed to process results/images/preprocessed/trome/2014/01/01/trome_2014-01-01#04.png: EngineCore encountered an issue. See stack trace (above) for the root cause.
Adding requests:   0%|          | 0/1 [00:00<?, ?it/s]Adding requests:   0%|          | 0/1 [00:00<?, ?it/s]
✗ Failed to process results/images/preprocessed/trome/2014/01/01/trome_2014-01-01#04.png: EngineCore encountered an issue. See stack trace (above) for the root cause.
Adding requests:   0%|          | 0/1 [00:00<?, ?it/s]Adding requests:   0%|          | 0/1 [00:00<?, ?it/s]
✗ Failed to process results/images/preprocessed/trome/2014/01/01/trome_2014-01-01#04.png: EngineCore encountered an issue. See stack trace (above) for the root cause.
Adding requests:   0%|          | 0/1 [00:00<?, ?it/s]Adding requests:   0%|          | 0/1 [00:00<?, ?it/s]
✗ Failed to process results/images/preprocessed/trome/2014/01/01/trome_2014-01-01#04.png: EngineCore encountered an issue. See stack trace (above) for the root cause.
Adding requests:   0%|          | 0/1 [00:00<?, ?it/s]Adding requests:   0%|          | 0/1 [00:00<?, ?it/s]
✗ Failed to process results/images/preprocessed/trome/2014/01/01/trome_2014-01-01#04.png: EngineCore encountered an issue. See stack trace (above) for the root cause.
Adding requests:   0%|          | 0/1 [00:00<?, ?it/s]Adding requests:   0%|          | 0/1 [00:00<?, ?it/s]
✗ Failed to process results/images/preprocessed/trome/2014/01/01/trome_2014-01-01#04.png: EngineCore encountered an issue. See stack trace (above) for the root cause.
Adding requests:   0%|          | 0/1 [00:00<?, ?it/s]Adding requests:   0%|          | 0/1 [00:00<?, ?it/s]
✗ Failed to process results/images/preprocessed/trome/2014/01/01/trome_2014-01-01#04.png: EngineCore encountered an issue. See stack trace (above) for the root cause.
Adding requests:   0%|          | 0/1 [00:00<?, ?it/s]Adding requests:   0%|          | 0/1 [00:00<?, ?it/s]
✗ Failed to process results/images/preprocessed/trome/2014/01/01/trome_2014-01-01#04.png: EngineCore encountered an issue. See stack trace (above) for the root cause.
Adding requests:   0%|          | 0/1 [00:00<?, ?it/s]Adding requests:   0%|          | 0/1 [00:00<?, ?it/s]
✗ Failed to process results/images/preprocessed/trome/2014/01/01/trome_2014-01-01#04.png: EngineCore encountered an issue. See stack trace (above) for the root cause.
Adding requests:   0%|          | 0/1 [00:00<?, ?it/s]Adding requests:   0%|          | 0/1 [00:00<?, ?it/s]
✗ Failed to process results/images/preprocessed/trome/2014/01/01/trome_2014-01-01#04.png: EngineCore encountered an issue. See stack trace (above) for the root cause.
Adding requests:   0%|          | 0/1 [00:00<?, ?it/s]Adding requests:   0%|          | 0/1 [00:00<?, ?it/s]
✗ Failed to process results/images/preprocessed/trome/2014/01/01/trome_2014-01-01#04.png: EngineCore encountered an issue. See stack trace (above) for the root cause.
Adding requests:   0%|          | 0/1 [00:00<?, ?it/s]Adding requests:   0%|          | 0/1 [00:00<?, ?it/s]
✗ Failed to process results/images/preprocessed/trome/2014/01/01/trome_2014-01-01#04.png: EngineCore encountered an issue. See stack trace (above) for the root cause.
Adding requests:   0%|          | 0/1 [00:00<?, ?it/s]Adding requests:   0%|          | 0/1 [00:00<?, ?it/s]
✗ Failed to process results/images/preprocessed/trome/2014/01/01/trome_2014-01-01#04.png: EngineCore encountered an issue. See stack trace (above) for the root cause.
Adding requests:   0%|          | 0/1 [00:00<?, ?it/s]Adding requests:   0%|          | 0/1 [00:00<?, ?it/s]
✗ Failed to process results/images/preprocessed/trome/2014/01/01/trome_2014-01-01#04.png: EngineCore encountered an issue. See stack trace (above) for the root cause.
Adding requests:   0%|          | 0/1 [00:00<?, ?it/s]Adding requests:   0%|          | 0/1 [00:00<?, ?it/s]
✗ Failed to process results/images/preprocessed/trome/2014/01/01/trome_2014-01-01#04.png: EngineCore encountered an issue. See stack trace (above) for the root cause.
Adding requests:   0%|          | 0/1 [00:00<?, ?it/s]Adding requests:   0%|          | 0/1 [00:00<?, ?it/s]
✗ Failed to process results/images/preprocessed/trome/2014/01/01/trome_2014-01-01#04.png: EngineCore encountered an issue. See stack trace (above) for the root cause.
Adding requests:   0%|          | 0/1 [00:00<?, ?it/s]Adding requests:   0%|          | 0/1 [00:00<?, ?it/s]
✗ Failed to process results/images/preprocessed/trome/2014/01/01/trome_2014-01-01#04.png: EngineCore encountered an issue. See stack trace (above) for the root cause.
Adding requests:   0%|          | 0/1 [00:00<?, ?it/s]Adding requests:   0%|          | 0/1 [00:00<?, ?it/s]
✗ Failed to process results/images/preprocessed/trome/2014/01/01/trome_2014-01-01#04.png: EngineCore encountered an issue. See stack trace (above) for the root cause.
Adding requests:   0%|          | 0/1 [00:00<?, ?it/s]Adding requests:   0%|          | 0/1 [00:00<?, ?it/s]
✗ Failed to process results/images/preprocessed/trome/2014/01/01/trome_2014-01-01#04.png: EngineCore encountered an issue. See stack trace (above) for the root cause.
Adding requests:   0%|          | 0/1 [00:00<?, ?it/s]Adding requests:   0%|          | 0/1 [00:00<?, ?it/s]
✗ Failed to process results/images/preprocessed/trome/2014/01/01/trome_2014-01-01#04.png: EngineCore encountered an issue. See stack trace (above) for the root cause.
Adding requests:   0%|          | 0/1 [00:00<?, ?it/s]Adding requests:   0%|          | 0/1 [00:00<?, ?it/s]
✗ Failed to process results/images/preprocessed/trome/2014/01/01/trome_2014-01-01#04.png: EngineCore encountered an issue. See stack trace (above) for the root cause.
Adding requests:   0%|          | 0/1 [00:00<?, ?it/s]Adding requests:   0%|          | 0/1 [00:00<?, ?it/s]
✗ Failed to process results/images/preprocessed/trome/2014/01/01/trome_2014-01-01#04.png: EngineCore encountered an issue. See stack trace (above) for the root cause.
Adding requests:   0%|          | 0/1 [00:00<?, ?it/s]Adding requests:   0%|          | 0/1 [00:00<?, ?it/s]
✗ Failed to process results/images/preprocessed/trome/2014/01/01/trome_2014-01-01#04.png: EngineCore encountered an issue. See stack trace (above) for the root cause.
Adding requests:   0%|          | 0/1 [00:00<?, ?it/s]Adding requests:   0%|          | 0/1 [00:00<?, ?it/s]
✗ Failed to process results/images/preprocessed/trome/2014/01/01/trome_2014-01-01#04.png: EngineCore encountered an issue. See stack trace (above) for the root cause.
Adding requests:   0%|          | 0/1 [00:00<?, ?it/s]Adding requests:   0%|          | 0/1 [00:00<?, ?it/s]
✗ Failed to process results/images/preprocessed/trome/2014/01/01/trome_2014-01-01#04.png: EngineCore encountered an issue. See stack trace (above) for the root cause.
Adding requests:   0%|          | 0/1 [00:00<?, ?it/s]Adding requests:   0%|          | 0/1 [00:00<?, ?it/s]
✗ Failed to process results/images/preprocessed/trome/2014/01/01/trome_2014-01-01#04.png: EngineCore encountered an issue. See stack trace (above) for the root cause.
Adding requests:   0%|          | 0/1 [00:00<?, ?it/s]Adding requests:   0%|          | 0/1 [00:00<?, ?it/s]
✗ Failed to process results/images/preprocessed/trome/2014/01/01/trome_2014-01-01#04.png: EngineCore encountered an issue. See stack trace (above) for the root cause.
Adding requests:   0%|          | 0/1 [00:00<?, ?it/s]Adding requests:   0%|          | 0/1 [00:00<?, ?it/s]
✗ Failed to process results/images/preprocessed/trome/2014/01/01/trome_2014-01-01#04.png: EngineCore encountered an issue. See stack trace (above) for the root cause.
Adding requests:   0%|          | 0/1 [00:00<?, ?it/s]Adding requests:   0%|          | 0/1 [00:00<?, ?it/s]
✗ Failed to process results/images/preprocessed/trome/2014/01/01/trome_2014-01-01#04.png: EngineCore encountered an issue. See stack trace (above) for the root cause.
Adding requests:   0%|          | 0/1 [00:00<?, ?it/s]Adding requests:   0%|          | 0/1 [00:00<?, ?it/s]
✗ Failed to process results/images/preprocessed/trome/2014/01/01/trome_2014-01-01#04.png: EngineCore encountered an issue. See stack trace (above) for the root cause.
Adding requests:   0%|          | 0/1 [00:00<?, ?it/s]Adding requests:   0%|          | 0/1 [00:00<?, ?it/s]
✗ Failed to process results/images/preprocessed/trome/2014/01/01/trome_2014-01-01#04.png: EngineCore encountered an issue. See stack trace (above) for the root cause.
Adding requests:   0%|          | 0/1 [00:00<?, ?it/s]Adding requests:   0%|          | 0/1 [00:00<?, ?it/s]
✗ Failed to process results/images/preprocessed/trome/2014/01/01/trome_2014-01-01#04.png: EngineCore encountered an issue. See stack trace (above) for the root cause.
Adding requests:   0%|          | 0/1 [00:00<?, ?it/s]Adding requests:   0%|          | 0/1 [00:00<?, ?it/s]
✗ Failed to process results/images/preprocessed/trome/2014/01/01/trome_2014-01-01#04.png: EngineCore encountered an issue. See stack trace (above) for the root cause.
Adding requests:   0%|          | 0/1 [00:00<?, ?it/s]Adding requests:   0%|          | 0/1 [00:00<?, ?it/s]
✗ Failed to process results/images/preprocessed/trome/2014/01/01/trome_2014-01-01#04.png: EngineCore encountered an issue. See stack trace (above) for the root cause.
Adding requests:   0%|          | 0/1 [00:00<?, ?it/s]Adding requests:   0%|          | 0/1 [00:00<?, ?it/s]
✗ Failed to process results/images/preprocessed/trome/2014/01/01/trome_2014-01-01#04.png: EngineCore encountered an issue. See stack trace (above) for the root cause.
Adding requests:   0%|          | 0/1 [00:00<?, ?it/s]Adding requests:   0%|          | 0/1 [00:00<?, ?it/s]
✗ Failed to process results/images/preprocessed/trome/2014/01/01/trome_2014-01-01#04.png: EngineCore encountered an issue. See stack trace (above) for the root cause.
Adding requests:   0%|          | 0/1 [00:00<?, ?it/s]Adding requests:   0%|          | 0/1 [00:00<?, ?it/s]
✗ Failed to process results/images/preprocessed/trome/2014/01/01/trome_2014-01-01#04.png: EngineCore encountered an issue. See stack trace (above) for the root cause.
Adding requests:   0%|          | 0/1 [00:00<?, ?it/s]Adding requests:   0%|          | 0/1 [00:00<?, ?it/s]
✗ Failed to process results/images/preprocessed/trome/2014/01/01/trome_2014-01-01#04.png: EngineCore encountered an issue. See stack trace (above) for the root cause.
Adding requests:   0%|          | 0/1 [00:00<?, ?it/s]Adding requests:   0%|          | 0/1 [00:00<?, ?it/s]
✗ Failed to process results/images/preprocessed/trome/2014/01/01/trome_2014-01-01#04.png: EngineCore encountered an issue. See stack trace (above) for the root cause.
Adding requests:   0%|          | 0/1 [00:00<?, ?it/s]Adding requests:   0%|          | 0/1 [00:00<?, ?it/s]
✗ Failed to process results/images/preprocessed/trome/2014/01/01/trome_2014-01-01#04.png: EngineCore encountered an issue. See stack trace (above) for the root cause.
Adding requests:   0%|          | 0/1 [00:00<?, ?it/s]Adding requests:   0%|          | 0/1 [00:00<?, ?it/s]
✗ Failed to process results/images/preprocessed/trome/2014/01/01/trome_2014-01-01#04.png: EngineCore encountered an issue. See stack trace (above) for the root cause.
Adding requests:   0%|          | 0/1 [00:00<?, ?it/s]Adding requests:   0%|          | 0/1 [00:00<?, ?it/s]
✗ Failed to process results/images/preprocessed/trome/2014/01/01/trome_2014-01-01#04.png: EngineCore encountered an issue. See stack trace (above) for the root cause.
Adding requests:   0%|          | 0/1 [00:00<?, ?it/s]Adding requests:   0%|          | 0/1 [00:00<?, ?it/s]
✗ Failed to process results/images/preprocessed/trome/2014/01/01/trome_2014-01-01#04.png: EngineCore encountered an issue. See stack trace (above) for the root cause.
Adding requests:   0%|          | 0/1 [00:00<?, ?it/s]Adding requests:   0%|          | 0/1 [00:00<?, ?it/s]
✗ Failed to process results/images/preprocessed/trome/2014/01/01/trome_2014-01-01#04.png: EngineCore encountered an issue. See stack trace (above) for the root cause.
Adding requests:   0%|          | 0/1 [00:00<?, ?it/s]Adding requests:   0%|          | 0/1 [00:00<?, ?it/s]
✗ Failed to process results/images/preprocessed/trome/2014/01/01/trome_2014-01-01#04.png: EngineCore encountered an issue. See stack trace (above) for the root cause.
Adding requests:   0%|          | 0/1 [00:00<?, ?it/s]Adding requests:   0%|          | 0/1 [00:00<?, ?it/s]
✗ Failed to process results/images/preprocessed/trome/2014/01/01/trome_2014-01-01#04.png: EngineCore encountered an issue. See stack trace (above) for the root cause.
Adding requests:   0%|          | 0/1 [00:00<?, ?it/s]Adding requests:   0%|          | 0/1 [00:00<?, ?it/s]
✗ Failed to process results/images/preprocessed/trome/2014/01/01/trome_2014-01-01#04.png: EngineCore encountered an issue. See stack trace (above) for the root cause.
Adding requests:   0%|          | 0/1 [00:00<?, ?it/s]Adding requests:   0%|          | 0/1 [00:00<?, ?it/s]
✗ Failed to process results/images/preprocessed/trome/2014/01/01/trome_2014-01-01#04.png: EngineCore encountered an issue. See stack trace (above) for the root cause.
Adding requests:   0%|          | 0/1 [00:00<?, ?it/s]Adding requests:   0%|          | 0/1 [00:00<?, ?it/s]
✗ Failed to process results/images/preprocessed/trome/2014/01/01/trome_2014-01-01#04.png: EngineCore encountered an issue. See stack trace (above) for the root cause.
Adding requests:   0%|          | 0/1 [00:00<?, ?it/s]Adding requests:   0%|          | 0/1 [00:00<?, ?it/s]
✗ Failed to process results/images/preprocessed/trome/2014/01/01/trome_2014-01-01#04.png: EngineCore encountered an issue. See stack trace (above) for the root cause.
Adding requests:   0%|          | 0/1 [00:00<?, ?it/s]Adding requests:   0%|          | 0/1 [00:00<?, ?it/s]
✗ Failed to process results/images/preprocessed/trome/2014/01/01/trome_2014-01-01#04.png: EngineCore encountered an issue. See stack trace (above) for the root cause.
Adding requests:   0%|          | 0/1 [00:00<?, ?it/s]Adding requests:   0%|          | 0/1 [00:00<?, ?it/s]
✗ Failed to process results/images/preprocessed/trome/2014/01/01/trome_2014-01-01#04.png: EngineCore encountered an issue. See stack trace (above) for the root cause.
Adding requests:   0%|          | 0/1 [00:00<?, ?it/s]Adding requests:   0%|          | 0/1 [00:00<?, ?it/s]
✗ Failed to process results/images/preprocessed/trome/2014/01/01/trome_2014-01-01#04.png: EngineCore encountered an issue. See stack trace (above) for the root cause.
Adding requests:   0%|          | 0/1 [00:00<?, ?it/s]Adding requests:   0%|          | 0/1 [00:00<?, ?it/s]
✗ Failed to process results/images/preprocessed/trome/2014/01/01/trome_2014-01-01#04.png: EngineCore encountered an issue. See stack trace (above) for the root cause.
Adding requests:   0%|          | 0/1 [00:00<?, ?it/s]Adding requests:   0%|          | 0/1 [00:00<?, ?it/s]
✗ Failed to process results/images/preprocessed/trome/2014/01/01/trome_2014-01-01#04.png: EngineCore encountered an issue. See stack trace (above) for the root cause.
Adding requests:   0%|          | 0/1 [00:00<?, ?it/s]Adding requests:   0%|          | 0/1 [00:00<?, ?it/s]
✗ Failed to process results/images/preprocessed/trome/2014/01/01/trome_2014-01-01#04.png: EngineCore encountered an issue. See stack trace (above) for the root cause.
Adding requests:   0%|          | 0/1 [00:00<?, ?it/s]Adding requests:   0%|          | 0/1 [00:00<?, ?it/s]
✗ Failed to process results/images/preprocessed/trome/2014/01/01/trome_2014-01-01#04.png: EngineCore encountered an issue. See stack trace (above) for the root cause.
Adding requests:   0%|          | 0/1 [00:00<?, ?it/s]Adding requests:   0%|          | 0/1 [00:00<?, ?it/s]
✗ Failed to process results/images/preprocessed/trome/2014/01/01/trome_2014-01-01#04.png: EngineCore encountered an issue. See stack trace (above) for the root cause.
Adding requests:   0%|          | 0/1 [00:00<?, ?it/s]Adding requests:   0%|          | 0/1 [00:00<?, ?it/s]
✗ Failed to process results/images/preprocessed/trome/2014/01/01/trome_2014-01-01#04.png: EngineCore encountered an issue. See stack trace (above) for the root cause.
Adding requests:   0%|          | 0/1 [00:00<?, ?it/s]Adding requests:   0%|          | 0/1 [00:00<?, ?it/s]
✗ Failed to process results/images/preprocessed/trome/2014/01/01/trome_2014-01-01#04.png: EngineCore encountered an issue. See stack trace (above) for the root cause.
Adding requests:   0%|          | 0/1 [00:00<?, ?it/s]Adding requests:   0%|          | 0/1 [00:00<?, ?it/s]
✗ Failed to process results/images/preprocessed/trome/2014/01/01/trome_2014-01-01#04.png: EngineCore encountered an issue. See stack trace (above) for the root cause.
Adding requests:   0%|          | 0/1 [00:00<?, ?it/s]Adding requests:   0%|          | 0/1 [00:00<?, ?it/s]
✗ Failed to process results/images/preprocessed/trome/2014/01/01/trome_2014-01-01#04.png: EngineCore encountered an issue. See stack trace (above) for the root cause.
Adding requests:   0%|          | 0/1 [00:00<?, ?it/s]Adding requests:   0%|          | 0/1 [00:00<?, ?it/s]
✗ Failed to process results/images/preprocessed/trome/2014/01/01/trome_2014-01-01#04.png: EngineCore encountered an issue. See stack trace (above) for the root cause.
Adding requests:   0%|          | 0/1 [00:00<?, ?it/s]Adding requests:   0%|          | 0/1 [00:00<?, ?it/s]
✗ Failed to process results/images/preprocessed/trome/2014/01/01/trome_2014-01-01#04.png: The decoder prompt (length 9590) is longer than the maximum model length of 8192. Make sure that `max_model_len` is no smaller than the number of text tokens.
Adding requests:   0%|          | 0/1 [00:00<?, ?it/s]Adding requests:   0%|          | 0/1 [00:00<?, ?it/s]
✗ Failed to process results/images/preprocessed/trome/2014/01/01/trome_2014-01-01#04.png: The decoder prompt (length 14194) is longer than the maximum model length of 8192. Make sure that `max_model_len` is no smaller than the number of text tokens.
Adding requests:   0%|          | 0/1 [00:00<?, ?it/s]Adding requests:   0%|          | 0/1 [00:00<?, ?it/s]
✗ Failed to process results/images/preprocessed/trome/2014/01/01/trome_2014-01-01#04.png: EngineCore encountered an issue. See stack trace (above) for the root cause.
Adding requests:   0%|          | 0/1 [00:00<?, ?it/s]Adding requests:   0%|          | 0/1 [00:00<?, ?it/s]
✗ Failed to process results/images/preprocessed/trome/2014/01/01/trome_2014-01-01#04.png: EngineCore encountered an issue. See stack trace (above) for the root cause.
Adding requests:   0%|          | 0/1 [00:00<?, ?it/s]Adding requests:   0%|          | 0/1 [00:00<?, ?it/s]
✗ Failed to process results/images/preprocessed/trome/2014/01/01/trome_2014-01-01#04.png: EngineCore encountered an issue. See stack trace (above) for the root cause.
Adding requests:   0%|          | 0/1 [00:00<?, ?it/s]Adding requests:   0%|          | 0/1 [00:00<?, ?it/s]
✗ Failed to process results/images/preprocessed/trome/2014/01/01/trome_2014-01-01#04.png: EngineCore encountered an issue. See stack trace (above) for the root cause.
Adding requests:   0%|          | 0/1 [00:00<?, ?it/s]Adding requests:   0%|          | 0/1 [00:00<?, ?it/s]
✗ Failed to process results/images/preprocessed/trome/2014/01/01/trome_2014-01-01#04.png: EngineCore encountered an issue. See stack trace (above) for the root cause.
Adding requests:   0%|          | 0/1 [00:00<?, ?it/s]Adding requests:   0%|          | 0/1 [00:00<?, ?it/s]
✗ Failed to process results/images/preprocessed/trome/2014/01/01/trome_2014-01-01#04.png: EngineCore encountered an issue. See stack trace (above) for the root cause.
Adding requests:   0%|          | 0/1 [00:00<?, ?it/s]Adding requests:   0%|          | 0/1 [00:00<?, ?it/s]
✗ Failed to process results/images/preprocessed/trome/2014/01/01/trome_2014-01-01#04.png: EngineCore encountered an issue. See stack trace (above) for the root cause.
Adding requests:   0%|          | 0/1 [00:00<?, ?it/s]Adding requests:   0%|          | 0/1 [00:00<?, ?it/s]
✗ Failed to process results/images/preprocessed/trome/2014/01/01/trome_2014-01-01#04.png: EngineCore encountered an issue. See stack trace (above) for the root cause.
Adding requests:   0%|          | 0/1 [00:00<?, ?it/s]Adding requests:   0%|          | 0/1 [00:00<?, ?it/s]
✗ Failed to process results/images/preprocessed/trome/2014/01/01/trome_2014-01-01#04.png: EngineCore encountered an issue. See stack trace (above) for the root cause.
Adding requests:   0%|          | 0/1 [00:00<?, ?it/s]Adding requests:   0%|          | 0/1 [00:00<?, ?it/s]
✗ Failed to process results/images/preprocessed/trome/2014/01/01/trome_2014-01-01#04.png: EngineCore encountered an issue. See stack trace (above) for the root cause.
Adding requests:   0%|          | 0/1 [00:00<?, ?it/s]Adding requests:   0%|          | 0/1 [00:00<?, ?it/s]
✗ Failed to process results/images/preprocessed/trome/2014/01/01/trome_2014-01-01#04.png: EngineCore encountered an issue. See stack trace (above) for the root cause.
Adding requests:   0%|          | 0/1 [00:00<?, ?it/s]Adding requests:   0%|          | 0/1 [00:00<?, ?it/s]
✗ Failed to process results/images/preprocessed/trome/2014/01/01/trome_2014-01-01#04.png: EngineCore encountered an issue. See stack trace (above) for the root cause.
Adding requests:   0%|          | 0/1 [00:00<?, ?it/s]Adding requests:   0%|          | 0/1 [00:00<?, ?it/s]
✗ Failed to process results/images/preprocessed/trome/2014/01/01/trome_2014-01-01#04.png: EngineCore encountered an issue. See stack trace (above) for the root cause.
Adding requests:   0%|          | 0/1 [00:00<?, ?it/s]Adding requests:   0%|          | 0/1 [00:00<?, ?it/s]
✗ Failed to process results/images/preprocessed/trome/2014/01/01/trome_2014-01-01#04.png: EngineCore encountered an issue. See stack trace (above) for the root cause.
Adding requests:   0%|          | 0/1 [00:00<?, ?it/s]Adding requests:   0%|          | 0/1 [00:00<?, ?it/s]
✗ Failed to process results/images/preprocessed/trome/2014/01/01/trome_2014-01-01#04.png: EngineCore encountered an issue. See stack trace (above) for the root cause.
Adding requests:   0%|          | 0/1 [00:00<?, ?it/s]Adding requests:   0%|          | 0/1 [00:00<?, ?it/s]
✗ Failed to process results/images/preprocessed/trome/2014/01/01/trome_2014-01-01#04.png: EngineCore encountered an issue. See stack trace (above) for the root cause.
Adding requests:   0%|          | 0/1 [00:00<?, ?it/s]Adding requests:   0%|          | 0/1 [00:00<?, ?it/s]
✗ Failed to process results/images/preprocessed/trome/2014/01/01/trome_2014-01-01#04.png: EngineCore encountered an issue. See stack trace (above) for the root cause.
Adding requests:   0%|          | 0/1 [00:00<?, ?it/s]Adding requests:   0%|          | 0/1 [00:00<?, ?it/s]
✗ Failed to process results/images/preprocessed/trome/2014/01/01/trome_2014-01-01#04.png: EngineCore encountered an issue. See stack trace (above) for the root cause.
Adding requests:   0%|          | 0/1 [00:00<?, ?it/s]Adding requests:   0%|          | 0/1 [00:00<?, ?it/s]
✗ Failed to process results/images/preprocessed/trome/2014/01/01/trome_2014-01-01#04.png: EngineCore encountered an issue. See stack trace (above) for the root cause.
Adding requests:   0%|          | 0/1 [00:00<?, ?it/s]Adding requests:   0%|          | 0/1 [00:00<?, ?it/s]
✗ Failed to process results/images/preprocessed/trome/2014/01/01/trome_2014-01-01#04.png: EngineCore encountered an issue. See stack trace (above) for the root cause.
Adding requests:   0%|          | 0/1 [00:00<?, ?it/s]Adding requests:   0%|          | 0/1 [00:00<?, ?it/s]
✗ Failed to process results/images/preprocessed/trome/2014/01/01/trome_2014-01-01#04.png: EngineCore encountered an issue. See stack trace (above) for the root cause.
Adding requests:   0%|          | 0/1 [00:00<?, ?it/s]Adding requests:   0%|          | 0/1 [00:00<?, ?it/s]
✗ Failed to process results/images/preprocessed/trome/2014/01/01/trome_2014-01-01#04.png: EngineCore encountered an issue. See stack trace (above) for the root cause.
Adding requests:   0%|          | 0/1 [00:00<?, ?it/s]Adding requests:   0%|          | 0/1 [00:00<?, ?it/s]
✗ Failed to process results/images/preprocessed/trome/2014/01/01/trome_2014-01-01#04.png: EngineCore encountered an issue. See stack trace (above) for the root cause.
Adding requests:   0%|          | 0/1 [00:00<?, ?it/s]Adding requests:   0%|          | 0/1 [00:00<?, ?it/s]
✗ Failed to process results/images/preprocessed/trome/2014/01/01/trome_2014-01-01#04.png: EngineCore encountered an issue. See stack trace (above) for the root cause.
Adding requests:   0%|          | 0/1 [00:00<?, ?it/s]Adding requests:   0%|          | 0/1 [00:00<?, ?it/s]
✗ Failed to process results/images/preprocessed/trome/2014/01/01/trome_2014-01-01#04.png: EngineCore encountered an issue. See stack trace (above) for the root cause.
Adding requests:   0%|          | 0/1 [00:00<?, ?it/s]Adding requests:   0%|          | 0/1 [00:00<?, ?it/s]
✗ Failed to process results/images/preprocessed/trome/2014/01/01/trome_2014-01-01#04.png: EngineCore encountered an issue. See stack trace (above) for the root cause.
Adding requests:   0%|          | 0/1 [00:00<?, ?it/s]Adding requests:   0%|          | 0/1 [00:00<?, ?it/s]
✗ Failed to process results/images/preprocessed/trome/2014/01/01/trome_2014-01-01#04.png: EngineCore encountered an issue. See stack trace (above) for the root cause.
Adding requests:   0%|          | 0/1 [00:00<?, ?it/s]Adding requests:   0%|          | 0/1 [00:00<?, ?it/s]
✗ Failed to process results/images/preprocessed/trome/2014/01/01/trome_2014-01-01#04.png: EngineCore encountered an issue. See stack trace (above) for the root cause.
Adding requests:   0%|          | 0/1 [00:00<?, ?it/s]Adding requests:   0%|          | 0/1 [00:00<?, ?it/s]
✗ Failed to process results/images/preprocessed/trome/2014/01/01/trome_2014-01-01#04.png: EngineCore encountered an issue. See stack trace (above) for the root cause.
Adding requests:   0%|          | 0/1 [00:00<?, ?it/s]Adding requests:   0%|          | 0/1 [00:00<?, ?it/s]
✗ Failed to process results/images/preprocessed/trome/2014/01/01/trome_2014-01-01#04.png: EngineCore encountered an issue. See stack trace (above) for the root cause.
Adding requests:   0%|          | 0/1 [00:00<?, ?it/s]Adding requests:   0%|          | 0/1 [00:00<?, ?it/s]
✗ Failed to process results/images/preprocessed/trome/2014/01/01/trome_2014-01-01#04.png: EngineCore encountered an issue. See stack trace (above) for the root cause.
Adding requests:   0%|          | 0/1 [00:00<?, ?it/s]Adding requests:   0%|          | 0/1 [00:00<?, ?it/s]
✗ Failed to process results/images/preprocessed/trome/2014/01/01/trome_2014-01-01#04.png: EngineCore encountered an issue. See stack trace (above) for the root cause.
Adding requests:   0%|          | 0/1 [00:00<?, ?it/s]Adding requests:   0%|          | 0/1 [00:00<?, ?it/s]
✗ Failed to process results/images/preprocessed/trome/2014/01/01/trome_2014-01-01#04.png: EngineCore encountered an issue. See stack trace (above) for the root cause.
Adding requests:   0%|          | 0/1 [00:00<?, ?it/s]Adding requests:   0%|          | 0/1 [00:00<?, ?it/s]
✗ Failed to process results/images/preprocessed/trome/2014/01/01/trome_2014-01-01#04.png: EngineCore encountered an issue. See stack trace (above) for the root cause.
Adding requests:   0%|          | 0/1 [00:00<?, ?it/s]Adding requests:   0%|          | 0/1 [00:00<?, ?it/s]
✗ Failed to process results/images/preprocessed/trome/2014/01/01/trome_2014-01-01#04.png: EngineCore encountered an issue. See stack trace (above) for the root cause.
Adding requests:   0%|          | 0/1 [00:00<?, ?it/s]Adding requests:   0%|          | 0/1 [00:00<?, ?it/s]
✗ Failed to process results/images/preprocessed/trome/2014/01/01/trome_2014-01-01#04.png: EngineCore encountered an issue. See stack trace (above) for the root cause.
Adding requests:   0%|          | 0/1 [00:00<?, ?it/s]Adding requests:   0%|          | 0/1 [00:00<?, ?it/s]
✗ Failed to process results/images/preprocessed/trome/2014/01/01/trome_2014-01-01#04.png: EngineCore encountered an issue. See stack trace (above) for the root cause.
Adding requests:   0%|          | 0/1 [00:00<?, ?it/s]Adding requests:   0%|          | 0/1 [00:00<?, ?it/s]
✗ Failed to process results/images/preprocessed/trome/2014/01/01/trome_2014-01-01#04.png: EngineCore encountered an issue. See stack trace (above) for the root cause.
Adding requests:   0%|          | 0/1 [00:00<?, ?it/s]Adding requests:   0%|          | 0/1 [00:00<?, ?it/s]
✗ Failed to process results/images/preprocessed/trome/2014/01/01/trome_2014-01-01#04.png: EngineCore encountered an issue. See stack trace (above) for the root cause.
Adding requests:   0%|          | 0/1 [00:00<?, ?it/s]Adding requests:   0%|          | 0/1 [00:00<?, ?it/s]
✗ Failed to process results/images/preprocessed/trome/2014/01/01/trome_2014-01-01#04.png: EngineCore encountered an issue. See stack trace (above) for the root cause.
Adding requests:   0%|          | 0/1 [00:00<?, ?it/s]Adding requests:   0%|          | 0/1 [00:00<?, ?it/s]
✗ Failed to process results/images/preprocessed/trome/2014/01/01/trome_2014-01-01#04.png: EngineCore encountered an issue. See stack trace (above) for the root cause.
Adding requests:   0%|          | 0/1 [00:00<?, ?it/s]Adding requests:   0%|          | 0/1 [00:00<?, ?it/s]
✗ Failed to process results/images/preprocessed/trome/2014/01/01/trome_2014-01-01#04.png: EngineCore encountered an issue. See stack trace (above) for the root cause.
Adding requests:   0%|          | 0/1 [00:00<?, ?it/s]Adding requests:   0%|          | 0/1 [00:00<?, ?it/s]
✗ Failed to process results/images/preprocessed/trome/2014/01/01/trome_2014-01-01#04.png: EngineCore encountered an issue. See stack trace (above) for the root cause.
Adding requests:   0%|          | 0/1 [00:00<?, ?it/s]Adding requests:   0%|          | 0/1 [00:00<?, ?it/s]
✗ Failed to process results/images/preprocessed/trome/2014/01/01/trome_2014-01-01#04.png: EngineCore encountered an issue. See stack trace (above) for the root cause.
Adding requests:   0%|          | 0/1 [00:00<?, ?it/s]Adding requests:   0%|          | 0/1 [00:00<?, ?it/s]
✗ Failed to process results/images/preprocessed/trome/2014/01/01/trome_2014-01-01#04.png: EngineCore encountered an issue. See stack trace (above) for the root cause.
Adding requests:   0%|          | 0/1 [00:00<?, ?it/s]Adding requests:   0%|          | 0/1 [00:00<?, ?it/s]
✗ Failed to process results/images/preprocessed/trome/2014/01/01/trome_2014-01-01#04.png: EngineCore encountered an issue. See stack trace (above) for the root cause.
Adding requests:   0%|          | 0/1 [00:00<?, ?it/s]Adding requests:   0%|          | 0/1 [00:00<?, ?it/s]
✗ Failed to process results/images/preprocessed/trome/2014/01/01/trome_2014-01-01#04.png: EngineCore encountered an issue. See stack trace (above) for the root cause.
Adding requests:   0%|          | 0/1 [00:00<?, ?it/s]Adding requests:   0%|          | 0/1 [00:00<?, ?it/s]
✗ Failed to process results/images/preprocessed/trome/2014/01/01/trome_2014-01-01#04.png: EngineCore encountered an issue. See stack trace (above) for the root cause.
Adding requests:   0%|          | 0/1 [00:00<?, ?it/s]Adding requests:   0%|          | 0/1 [00:00<?, ?it/s]
✗ Failed to process results/images/preprocessed/trome/2014/01/01/trome_2014-01-01#04.png: EngineCore encountered an issue. See stack trace (above) for the root cause.
Adding requests:   0%|          | 0/1 [00:00<?, ?it/s]Adding requests:   0%|          | 0/1 [00:00<?, ?it/s]
✗ Failed to process results/images/preprocessed/trome/2014/01/01/trome_2014-01-01#04.png: EngineCore encountered an issue. See stack trace (above) for the root cause.
Adding requests:   0%|          | 0/1 [00:00<?, ?it/s]Adding requests:   0%|          | 0/1 [00:00<?, ?it/s]
✗ Failed to process results/images/preprocessed/trome/2014/01/01/trome_2014-01-01#04.png: EngineCore encountered an issue. See stack trace (above) for the root cause.
Adding requests:   0%|          | 0/1 [00:00<?, ?it/s]Adding requests:   0%|          | 0/1 [00:00<?, ?it/s]
✗ Failed to process results/images/preprocessed/trome/2014/01/01/trome_2014-01-01#04.png: EngineCore encountered an issue. See stack trace (above) for the root cause.
Adding requests:   0%|          | 0/1 [00:00<?, ?it/s]Adding requests:   0%|          | 0/1 [00:00<?, ?it/s]
✗ Failed to process results/images/preprocessed/trome/2014/01/01/trome_2014-01-01#04.png: EngineCore encountered an issue. See stack trace (above) for the root cause.
Adding requests:   0%|          | 0/1 [00:00<?, ?it/s]Adding requests:   0%|          | 0/1 [00:00<?, ?it/s]
✗ Failed to process results/images/preprocessed/trome/2014/01/01/trome_2014-01-01#04.png: EngineCore encountered an issue. See stack trace (above) for the root cause.
Adding requests:   0%|          | 0/1 [00:00<?, ?it/s]Adding requests:   0%|          | 0/1 [00:00<?, ?it/s]
✗ Failed to process results/images/preprocessed/trome/2014/01/01/trome_2014-01-01#04.png: EngineCore encountered an issue. See stack trace (above) for the root cause.
Adding requests:   0%|          | 0/1 [00:00<?, ?it/s]Adding requests:   0%|          | 0/1 [00:00<?, ?it/s]
✗ Failed to process results/images/preprocessed/trome/2014/01/01/trome_2014-01-01#04.png: EngineCore encountered an issue. See stack trace (above) for the root cause.
Adding requests:   0%|          | 0/1 [00:00<?, ?it/s]Adding requests:   0%|          | 0/1 [00:00<?, ?it/s]
✗ Failed to process results/images/preprocessed/trome/2014/01/01/trome_2014-01-01#04.png: EngineCore encountered an issue. See stack trace (above) for the root cause.
Adding requests:   0%|          | 0/1 [00:00<?, ?it/s]Adding requests:   0%|          | 0/1 [00:00<?, ?it/s]
✗ Failed to process results/images/preprocessed/trome/2014/01/01/trome_2014-01-01#04.png: EngineCore encountered an issue. See stack trace (above) for the root cause.
Adding requests:   0%|          | 0/1 [00:00<?, ?it/s]Adding requests:   0%|          | 0/1 [00:00<?, ?it/s]
✗ Failed to process results/images/preprocessed/trome/2014/01/01/trome_2014-01-01#04.png: EngineCore encountered an issue. See stack trace (above) for the root cause.
Adding requests:   0%|          | 0/1 [00:00<?, ?it/s]Adding requests:   0%|          | 0/1 [00:00<?, ?it/s]
✗ Failed to process results/images/preprocessed/trome/2014/01/01/trome_2014-01-01#04.png: EngineCore encountered an issue. See stack trace (above) for the root cause.
Adding requests:   0%|          | 0/1 [00:00<?, ?it/s]Adding requests:   0%|          | 0/1 [00:00<?, ?it/s]
✗ Failed to process results/images/preprocessed/trome/2014/01/01/trome_2014-01-01#04.png: EngineCore encountered an issue. See stack trace (above) for the root cause.
Adding requests:   0%|          | 0/1 [00:00<?, ?it/s]Adding requests:   0%|          | 0/1 [00:00<?, ?it/s]
✗ Failed to process results/images/preprocessed/trome/2014/01/01/trome_2014-01-01#04.png: EngineCore encountered an issue. See stack trace (above) for the root cause.
Adding requests:   0%|          | 0/1 [00:00<?, ?it/s]Adding requests:   0%|          | 0/1 [00:00<?, ?it/s]
✗ Failed to process results/images/preprocessed/trome/2014/01/01/trome_2014-01-01#04.png: The decoder prompt (length 14194) is longer than the maximum model length of 8192. Make sure that `max_model_len` is no smaller than the number of text tokens.
Adding requests:   0%|          | 0/1 [00:00<?, ?it/s]Adding requests:   0%|          | 0/1 [00:00<?, ?it/s]
✗ Failed to process results/images/preprocessed/trome/2014/01/01/trome_2014-01-01#04.png: The decoder prompt (length 9590) is longer than the maximum model length of 8192. Make sure that `max_model_len` is no smaller than the number of text tokens.
Adding requests:   0%|          | 0/1 [00:00<?, ?it/s]Adding requests:   0%|          | 0/1 [00:00<?, ?it/s]
✗ Failed to process results/images/preprocessed/trome/2014/01/01/trome_2014-01-01#04.png: EngineCore encountered an issue. See stack trace (above) for the root cause.
Adding requests:   0%|          | 0/1 [00:00<?, ?it/s]Adding requests:   0%|          | 0/1 [00:00<?, ?it/s]
✗ Failed to process results/images/preprocessed/trome/2014/01/01/trome_2014-01-01#04.png: EngineCore encountered an issue. See stack trace (above) for the root cause.
Adding requests:   0%|          | 0/1 [00:00<?, ?it/s]Adding requests:   0%|          | 0/1 [00:00<?, ?it/s]
✗ Failed to process results/images/preprocessed/trome/2014/01/01/trome_2014-01-01#04.png: EngineCore encountered an issue. See stack trace (above) for the root cause.
Adding requests:   0%|          | 0/1 [00:00<?, ?it/s]Adding requests:   0%|          | 0/1 [00:00<?, ?it/s]
✗ Failed to process results/images/preprocessed/trome/2014/01/01/trome_2014-01-01#04.png: EngineCore encountered an issue. See stack trace (above) for the root cause.
Adding requests:   0%|          | 0/1 [00:00<?, ?it/s]Adding requests:   0%|          | 0/1 [00:00<?, ?it/s]
✗ Failed to process results/images/preprocessed/trome/2014/01/01/trome_2014-01-01#04.png: EngineCore encountered an issue. See stack trace (above) for the root cause.
Adding requests:   0%|          | 0/1 [00:00<?, ?it/s]Adding requests:   0%|          | 0/1 [00:00<?, ?it/s]
✗ Failed to process results/images/preprocessed/trome/2014/01/01/trome_2014-01-01#04.png: EngineCore encountered an issue. See stack trace (above) for the root cause.
Adding requests:   0%|          | 0/1 [00:00<?, ?it/s]Adding requests:   0%|          | 0/1 [00:00<?, ?it/s]
✗ Failed to process results/images/preprocessed/trome/2014/01/01/trome_2014-01-01#04.png: EngineCore encountered an issue. See stack trace (above) for the root cause.
Adding requests:   0%|          | 0/1 [00:00<?, ?it/s]Adding requests:   0%|          | 0/1 [00:00<?, ?it/s]
✗ Failed to process results/images/preprocessed/trome/2014/01/01/trome_2014-01-01#04.png: EngineCore encountered an issue. See stack trace (above) for the root cause.
Adding requests:   0%|          | 0/1 [00:00<?, ?it/s]Adding requests:   0%|          | 0/1 [00:00<?, ?it/s]
✗ Failed to process results/images/preprocessed/trome/2014/01/01/trome_2014-01-01#04.png: EngineCore encountered an issue. See stack trace (above) for the root cause.
Adding requests:   0%|          | 0/1 [00:00<?, ?it/s]Adding requests:   0%|          | 0/1 [00:00<?, ?it/s]
✗ Failed to process results/images/preprocessed/trome/2014/01/01/trome_2014-01-01#04.png: EngineCore encountered an issue. See stack trace (above) for the root cause.
Adding requests:   0%|          | 0/1 [00:00<?, ?it/s]Adding requests:   0%|          | 0/1 [00:00<?, ?it/s]
✗ Failed to process results/images/preprocessed/trome/2014/01/01/trome_2014-01-01#04.png: EngineCore encountered an issue. See stack trace (above) for the root cause.
Adding requests:   0%|          | 0/1 [00:00<?, ?it/s]Adding requests:   0%|          | 0/1 [00:00<?, ?it/s]
✗ Failed to process results/images/preprocessed/trome/2014/01/01/trome_2014-01-01#04.png: EngineCore encountered an issue. See stack trace (above) for the root cause.
Adding requests:   0%|          | 0/1 [00:00<?, ?it/s]Adding requests:   0%|          | 0/1 [00:00<?, ?it/s]
✗ Failed to process results/images/preprocessed/trome/2014/01/01/trome_2014-01-01#04.png: EngineCore encountered an issue. See stack trace (above) for the root cause.
Adding requests:   0%|          | 0/1 [00:00<?, ?it/s]Adding requests:   0%|          | 0/1 [00:00<?, ?it/s]
✗ Failed to process results/images/preprocessed/trome/2014/01/01/trome_2014-01-01#04.png: EngineCore encountered an issue. See stack trace (above) for the root cause.
Adding requests:   0%|          | 0/1 [00:00<?, ?it/s]Adding requests:   0%|          | 0/1 [00:00<?, ?it/s]
✗ Failed to process results/images/preprocessed/trome/2014/01/01/trome_2014-01-01#04.png: EngineCore encountered an issue. See stack trace (above) for the root cause.
Adding requests:   0%|          | 0/1 [00:00<?, ?it/s]Adding requests:   0%|          | 0/1 [00:00<?, ?it/s]
✗ Failed to process results/images/preprocessed/trome/2014/01/01/trome_2014-01-01#04.png: EngineCore encountered an issue. See stack trace (above) for the root cause.
Adding requests:   0%|          | 0/1 [00:00<?, ?it/s]Adding requests:   0%|          | 0/1 [00:00<?, ?it/s]
✗ Failed to process results/images/preprocessed/trome/2014/01/01/trome_2014-01-01#04.png: EngineCore encountered an issue. See stack trace (above) for the root cause.
Adding requests:   0%|          | 0/1 [00:00<?, ?it/s]Adding requests:   0%|          | 0/1 [00:00<?, ?it/s]
✗ Failed to process results/images/preprocessed/trome/2014/01/01/trome_2014-01-01#04.png: EngineCore encountered an issue. See stack trace (above) for the root cause.
Adding requests:   0%|          | 0/1 [00:00<?, ?it/s]Adding requests:   0%|          | 0/1 [00:00<?, ?it/s]
✗ Failed to process results/images/preprocessed/trome/2014/01/01/trome_2014-01-01#04.png: EngineCore encountered an issue. See stack trace (above) for the root cause.
Adding requests:   0%|          | 0/1 [00:00<?, ?it/s]Adding requests:   0%|          | 0/1 [00:00<?, ?it/s]
✗ Failed to process results/images/preprocessed/trome/2014/01/01/trome_2014-01-01#04.png: EngineCore encountered an issue. See stack trace (above) for the root cause.
Adding requests:   0%|          | 0/1 [00:00<?, ?it/s]Adding requests:   0%|          | 0/1 [00:00<?, ?it/s]
✗ Failed to process results/images/preprocessed/trome/2014/01/01/trome_2014-01-01#04.png: EngineCore encountered an issue. See stack trace (above) for the root cause.
Adding requests:   0%|          | 0/1 [00:00<?, ?it/s]Adding requests:   0%|          | 0/1 [00:00<?, ?it/s]
✗ Failed to process results/images/preprocessed/trome/2014/01/01/trome_2014-01-01#04.png: EngineCore encountered an issue. See stack trace (above) for the root cause.
Adding requests:   0%|          | 0/1 [00:00<?, ?it/s]Adding requests:   0%|          | 0/1 [00:00<?, ?it/s]
✗ Failed to process results/images/preprocessed/trome/2014/01/01/trome_2014-01-01#04.png: EngineCore encountered an issue. See stack trace (above) for the root cause.
Adding requests:   0%|          | 0/1 [00:00<?, ?it/s]Adding requests:   0%|          | 0/1 [00:00<?, ?it/s]
✗ Failed to process results/images/preprocessed/trome/2014/01/01/trome_2014-01-01#04.png: EngineCore encountered an issue. See stack trace (above) for the root cause.
Adding requests:   0%|          | 0/1 [00:00<?, ?it/s]Adding requests:   0%|          | 0/1 [00:00<?, ?it/s]
✗ Failed to process results/images/preprocessed/trome/2014/01/01/trome_2014-01-01#04.png: EngineCore encountered an issue. See stack trace (above) for the root cause.
Adding requests:   0%|          | 0/1 [00:00<?, ?it/s]Adding requests:   0%|          | 0/1 [00:00<?, ?it/s]
✗ Failed to process results/images/preprocessed/trome/2014/01/01/trome_2014-01-01#04.png: EngineCore encountered an issue. See stack trace (above) for the root cause.
Adding requests:   0%|          | 0/1 [00:00<?, ?it/s]Adding requests:   0%|          | 0/1 [00:00<?, ?it/s]
✗ Failed to process results/images/preprocessed/trome/2014/01/01/trome_2014-01-01#04.png: EngineCore encountered an issue. See stack trace (above) for the root cause.
Adding requests:   0%|          | 0/1 [00:00<?, ?it/s]Adding requests:   0%|          | 0/1 [00:00<?, ?it/s]
✗ Failed to process results/images/preprocessed/trome/2014/01/01/trome_2014-01-01#04.png: EngineCore encountered an issue. See stack trace (above) for the root cause.
Adding requests:   0%|          | 0/1 [00:00<?, ?it/s]Adding requests:   0%|          | 0/1 [00:00<?, ?it/s]
✗ Failed to process results/images/preprocessed/trome/2014/01/01/trome_2014-01-01#04.png: EngineCore encountered an issue. See stack trace (above) for the root cause.
Adding requests:   0%|          | 0/1 [00:00<?, ?it/s]Adding requests:   0%|          | 0/1 [00:00<?, ?it/s]
✗ Failed to process results/images/preprocessed/trome/2014/01/01/trome_2014-01-01#04.png: EngineCore encountered an issue. See stack trace (above) for the root cause.
Adding requests:   0%|          | 0/1 [00:00<?, ?it/s]Adding requests:   0%|          | 0/1 [00:00<?, ?it/s]
✗ Failed to process results/images/preprocessed/trome/2014/01/01/trome_2014-01-01#04.png: EngineCore encountered an issue. See stack trace (above) for the root cause.
Adding requests:   0%|          | 0/1 [00:00<?, ?it/s]Adding requests:   0%|          | 0/1 [00:00<?, ?it/s]
✗ Failed to process results/images/preprocessed/trome/2014/01/01/trome_2014-01-01#04.png: EngineCore encountered an issue. See stack trace (above) for the root cause.
Adding requests:   0%|          | 0/1 [00:00<?, ?it/s]Adding requests:   0%|          | 0/1 [00:00<?, ?it/s]
✗ Failed to process results/images/preprocessed/trome/2014/01/01/trome_2014-01-01#04.png: The decoder prompt (length 8420) is longer than the maximum model length of 8192. Make sure that `max_model_len` is no smaller than the number of text tokens.
Adding requests:   0%|          | 0/1 [00:00<?, ?it/s]Adding requests:   0%|          | 0/1 [00:00<?, ?it/s]
✗ Failed to process results/images/preprocessed/trome/2014/01/01/trome_2014-01-01#04.png: EngineCore encountered an issue. See stack trace (above) for the root cause.
Adding requests:   0%|          | 0/1 [00:00<?, ?it/s]Adding requests:   0%|          | 0/1 [00:00<?, ?it/s]
✗ Failed to process results/images/preprocessed/trome/2014/01/01/trome_2014-01-01#04.png: EngineCore encountered an issue. See stack trace (above) for the root cause.
Adding requests:   0%|          | 0/1 [00:00<?, ?it/s]Adding requests:   0%|          | 0/1 [00:00<?, ?it/s]
✗ Failed to process results/images/preprocessed/trome/2014/01/01/trome_2014-01-01#04.png: EngineCore encountered an issue. See stack trace (above) for the root cause.
Adding requests:   0%|          | 0/1 [00:00<?, ?it/s]Adding requests:   0%|          | 0/1 [00:00<?, ?it/s]
✗ Failed to process results/images/preprocessed/trome/2014/01/01/trome_2014-01-01#04.png: EngineCore encountered an issue. See stack trace (above) for the root cause.
Adding requests:   0%|          | 0/1 [00:00<?, ?it/s]Adding requests:   0%|          | 0/1 [00:00<?, ?it/s]
✗ Failed to process results/images/preprocessed/trome/2014/01/01/trome_2014-01-01#04.png: EngineCore encountered an issue. See stack trace (above) for the root cause.
Adding requests:   0%|          | 0/1 [00:00<?, ?it/s]Adding requests:   0%|          | 0/1 [00:00<?, ?it/s]
✗ Failed to process results/images/preprocessed/trome/2014/01/01/trome_2014-01-01#04.png: EngineCore encountered an issue. See stack trace (above) for the root cause.
Adding requests:   0%|          | 0/1 [00:00<?, ?it/s]Adding requests:   0%|          | 0/1 [00:00<?, ?it/s]
✗ Failed to process results/images/preprocessed/trome/2014/01/01/trome_2014-01-01#04.png: EngineCore encountered an issue. See stack trace (above) for the root cause.
Adding requests:   0%|          | 0/1 [00:00<?, ?it/s]Adding requests:   0%|          | 0/1 [00:00<?, ?it/s]
✗ Failed to process results/images/preprocessed/trome/2014/01/01/trome_2014-01-01#04.png: EngineCore encountered an issue. See stack trace (above) for the root cause.
Adding requests:   0%|          | 0/1 [00:00<?, ?it/s]Adding requests:   0%|          | 0/1 [00:00<?, ?it/s]
✗ Failed to process results/images/preprocessed/trome/2014/01/01/trome_2014-01-01#04.png: EngineCore encountered an issue. See stack trace (above) for the root cause.
Adding requests:   0%|          | 0/1 [00:00<?, ?it/s]Adding requests:   0%|          | 0/1 [00:00<?, ?it/s]
✗ Failed to process results/images/preprocessed/trome/2014/01/01/trome_2014-01-01#04.png: EngineCore encountered an issue. See stack trace (above) for the root cause.
Adding requests:   0%|          | 0/1 [00:00<?, ?it/s]Adding requests:   0%|          | 0/1 [00:00<?, ?it/s]
✗ Failed to process results/images/preprocessed/trome/2014/01/01/trome_2014-01-01#04.png: EngineCore encountered an issue. See stack trace (above) for the root cause.
Adding requests:   0%|          | 0/1 [00:00<?, ?it/s]Adding requests:   0%|          | 0/1 [00:00<?, ?it/s]
✗ Failed to process results/images/preprocessed/trome/2014/01/01/trome_2014-01-01#04.png: EngineCore encountered an issue. See stack trace (above) for the root cause.
Adding requests:   0%|          | 0/1 [00:00<?, ?it/s]Adding requests:   0%|          | 0/1 [00:00<?, ?it/s]
✗ Failed to process results/images/preprocessed/trome/2014/01/01/trome_2014-01-01#04.png: EngineCore encountered an issue. See stack trace (above) for the root cause.
Adding requests:   0%|          | 0/1 [00:00<?, ?it/s]Adding requests:   0%|          | 0/1 [00:00<?, ?it/s]
✗ Failed to process results/images/preprocessed/trome/2014/01/01/trome_2014-01-01#04.png: EngineCore encountered an issue. See stack trace (above) for the root cause.
Adding requests:   0%|          | 0/1 [00:00<?, ?it/s]Adding requests:   0%|          | 0/1 [00:00<?, ?it/s]
✗ Failed to process results/images/preprocessed/trome/2014/01/01/trome_2014-01-01#04.png: EngineCore encountered an issue. See stack trace (above) for the root cause.
Adding requests:   0%|          | 0/1 [00:00<?, ?it/s]Adding requests:   0%|          | 0/1 [00:00<?, ?it/s]
✗ Failed to process results/images/preprocessed/trome/2014/01/01/trome_2014-01-01#04.png: EngineCore encountered an issue. See stack trace (above) for the root cause.
Adding requests:   0%|          | 0/1 [00:00<?, ?it/s]Adding requests:   0%|          | 0/1 [00:00<?, ?it/s]
✗ Failed to process results/images/preprocessed/trome/2014/01/01/trome_2014-01-01#04.png: EngineCore encountered an issue. See stack trace (above) for the root cause.
Adding requests:   0%|          | 0/1 [00:00<?, ?it/s]Adding requests:   0%|          | 0/1 [00:00<?, ?it/s]
✗ Failed to process results/images/preprocessed/trome/2014/01/01/trome_2014-01-01#04.png: EngineCore encountered an issue. See stack trace (above) for the root cause.
Adding requests:   0%|          | 0/1 [00:00<?, ?it/s]Adding requests:   0%|          | 0/1 [00:00<?, ?it/s]
✗ Failed to process results/images/preprocessed/trome/2014/01/01/trome_2014-01-01#04.png: EngineCore encountered an issue. See stack trace (above) for the root cause.
Adding requests:   0%|          | 0/1 [00:00<?, ?it/s]Adding requests:   0%|          | 0/1 [00:00<?, ?it/s]
✗ Failed to process results/images/preprocessed/trome/2014/01/01/trome_2014-01-01#04.png: EngineCore encountered an issue. See stack trace (above) for the root cause.
Adding requests:   0%|          | 0/1 [00:00<?, ?it/s]Adding requests:   0%|          | 0/1 [00:00<?, ?it/s]
✗ Failed to process results/images/preprocessed/trome/2014/01/01/trome_2014-01-01#04.png: EngineCore encountered an issue. See stack trace (above) for the root cause.
Adding requests:   0%|          | 0/1 [00:00<?, ?it/s]Adding requests:   0%|          | 0/1 [00:00<?, ?it/s]
✗ Failed to process results/images/preprocessed/trome/2014/01/01/trome_2014-01-01#04.png: EngineCore encountered an issue. See stack trace (above) for the root cause.
Adding requests:   0%|          | 0/1 [00:00<?, ?it/s]Adding requests:   0%|          | 0/1 [00:00<?, ?it/s]
✗ Failed to process results/images/preprocessed/trome/2014/01/01/trome_2014-01-01#04.png: EngineCore encountered an issue. See stack trace (above) for the root cause.
Adding requests:   0%|          | 0/1 [00:00<?, ?it/s]Adding requests:   0%|          | 0/1 [00:00<?, ?it/s]
✗ Failed to process results/images/preprocessed/trome/2014/01/01/trome_2014-01-01#04.png: EngineCore encountered an issue. See stack trace (above) for the root cause.
Adding requests:   0%|          | 0/1 [00:00<?, ?it/s]Adding requests:   0%|          | 0/1 [00:00<?, ?it/s]
✗ Failed to process results/images/preprocessed/trome/2014/01/01/trome_2014-01-01#04.png: EngineCore encountered an issue. See stack trace (above) for the root cause.
Adding requests:   0%|          | 0/1 [00:00<?, ?it/s]Adding requests:   0%|          | 0/1 [00:00<?, ?it/s]
✗ Failed to process results/images/preprocessed/trome/2014/01/01/trome_2014-01-01#04.png: The decoder prompt (length 8251) is longer than the maximum model length of 8192. Make sure that `max_model_len` is no smaller than the number of text tokens.
Adding requests:   0%|          | 0/1 [00:00<?, ?it/s]Adding requests:   0%|          | 0/1 [00:00<?, ?it/s]
✗ Failed to process results/images/preprocessed/trome/2014/01/01/trome_2014-01-01#04.png: EngineCore encountered an issue. See stack trace (above) for the root cause.
Adding requests:   0%|          | 0/1 [00:00<?, ?it/s]Adding requests:   0%|          | 0/1 [00:00<?, ?it/s]
✗ Failed to process results/images/preprocessed/trome/2014/01/01/trome_2014-01-01#04.png: EngineCore encountered an issue. See stack trace (above) for the root cause.
Adding requests:   0%|          | 0/1 [00:00<?, ?it/s]Adding requests:   0%|          | 0/1 [00:00<?, ?it/s]
✗ Failed to process results/images/preprocessed/trome/2014/01/01/trome_2014-01-01#04.png: EngineCore encountered an issue. See stack trace (above) for the root cause.
Adding requests:   0%|          | 0/1 [00:00<?, ?it/s]Adding requests:   0%|          | 0/1 [00:00<?, ?it/s]
✗ Failed to process results/images/preprocessed/trome/2014/01/01/trome_2014-01-01#04.png: EngineCore encountered an issue. See stack trace (above) for the root cause.
Adding requests:   0%|          | 0/1 [00:00<?, ?it/s]Adding requests:   0%|          | 0/1 [00:00<?, ?it/s]
✗ Failed to process results/images/preprocessed/trome/2014/01/01/trome_2014-01-01#04.png: EngineCore encountered an issue. See stack trace (above) for the root cause.
Adding requests:   0%|          | 0/1 [00:00<?, ?it/s]Adding requests:   0%|          | 0/1 [00:00<?, ?it/s]
✗ Failed to process results/images/preprocessed/trome/2014/01/01/trome_2014-01-01#04.png: EngineCore encountered an issue. See stack trace (above) for the root cause.
Adding requests:   0%|          | 0/1 [00:00<?, ?it/s]Adding requests:   0%|          | 0/1 [00:00<?, ?it/s]
✗ Failed to process results/images/preprocessed/trome/2014/01/01/trome_2014-01-01#04.png: EngineCore encountered an issue. See stack trace (above) for the root cause.
Adding requests:   0%|          | 0/1 [00:00<?, ?it/s]Adding requests:   0%|          | 0/1 [00:00<?, ?it/s]
✗ Failed to process results/images/preprocessed/trome/2014/01/01/trome_2014-01-01#04.png: EngineCore encountered an issue. See stack trace (above) for the root cause.
Adding requests:   0%|          | 0/1 [00:00<?, ?it/s]Adding requests:   0%|          | 0/1 [00:00<?, ?it/s]
✗ Failed to process results/images/preprocessed/trome/2014/01/01/trome_2014-01-01#04.png: EngineCore encountered an issue. See stack trace (above) for the root cause.
Adding requests:   0%|          | 0/1 [00:00<?, ?it/s]Adding requests:   0%|          | 0/1 [00:00<?, ?it/s]
✗ Failed to process results/images/preprocessed/trome/2014/01/01/trome_2014-01-01#04.png: EngineCore encountered an issue. See stack trace (above) for the root cause.
Adding requests:   0%|          | 0/1 [00:00<?, ?it/s]Adding requests:   0%|          | 0/1 [00:00<?, ?it/s]
✗ Failed to process results/images/preprocessed/trome/2014/01/01/trome_2014-01-01#04.png: EngineCore encountered an issue. See stack trace (above) for the root cause.
Adding requests:   0%|          | 0/1 [00:00<?, ?it/s]Adding requests:   0%|          | 0/1 [00:00<?, ?it/s]
✗ Failed to process results/images/preprocessed/trome/2014/01/01/trome_2014-01-01#04.png: EngineCore encountered an issue. See stack trace (above) for the root cause.
Adding requests:   0%|          | 0/1 [00:00<?, ?it/s]Adding requests:   0%|          | 0/1 [00:00<?, ?it/s]
✗ Failed to process results/images/preprocessed/trome/2014/01/01/trome_2014-01-01#04.png: EngineCore encountered an issue. See stack trace (above) for the root cause.
Adding requests:   0%|          | 0/1 [00:00<?, ?it/s]Adding requests:   0%|          | 0/1 [00:00<?, ?it/s]
✗ Failed to process results/images/preprocessed/trome/2014/01/01/trome_2014-01-01#04.png: EngineCore encountered an issue. See stack trace (above) for the root cause.
Adding requests:   0%|          | 0/1 [00:00<?, ?it/s]Adding requests:   0%|          | 0/1 [00:00<?, ?it/s]
✗ Failed to process results/images/preprocessed/trome/2014/01/01/trome_2014-01-01#04.png: EngineCore encountered an issue. See stack trace (above) for the root cause.
Adding requests:   0%|          | 0/1 [00:00<?, ?it/s]Adding requests:   0%|          | 0/1 [00:00<?, ?it/s]
✗ Failed to process results/images/preprocessed/trome/2014/01/01/trome_2014-01-01#04.png: EngineCore encountered an issue. See stack trace (above) for the root cause.
Adding requests:   0%|          | 0/1 [00:00<?, ?it/s]Adding requests:   0%|          | 0/1 [00:00<?, ?it/s]
✗ Failed to process results/images/preprocessed/trome/2014/01/01/trome_2014-01-01#04.png: EngineCore encountered an issue. See stack trace (above) for the root cause.
Adding requests:   0%|          | 0/1 [00:00<?, ?it/s]Adding requests:   0%|          | 0/1 [00:00<?, ?it/s]
✗ Failed to process results/images/preprocessed/trome/2014/01/01/trome_2014-01-01#04.png: EngineCore encountered an issue. See stack trace (above) for the root cause.
Adding requests:   0%|          | 0/1 [00:00<?, ?it/s]Adding requests:   0%|          | 0/1 [00:00<?, ?it/s]
✗ Failed to process results/images/preprocessed/trome/2014/01/01/trome_2014-01-01#04.png: EngineCore encountered an issue. See stack trace (above) for the root cause.
Adding requests:   0%|          | 0/1 [00:00<?, ?it/s]Adding requests:   0%|          | 0/1 [00:00<?, ?it/s]
✗ Failed to process results/images/preprocessed/trome/2014/01/01/trome_2014-01-01#04.png: EngineCore encountered an issue. See stack trace (above) for the root cause.
Adding requests:   0%|          | 0/1 [00:00<?, ?it/s]Adding requests:   0%|          | 0/1 [00:00<?, ?it/s]
✗ Failed to process results/images/preprocessed/trome/2014/01/01/trome_2014-01-01#04.png: EngineCore encountered an issue. See stack trace (above) for the root cause.
Adding requests:   0%|          | 0/1 [00:00<?, ?it/s]Adding requests:   0%|          | 0/1 [00:00<?, ?it/s]
✗ Failed to process results/images/preprocessed/trome/2014/01/01/trome_2014-01-01#04.png: EngineCore encountered an issue. See stack trace (above) for the root cause.
Adding requests:   0%|          | 0/1 [00:00<?, ?it/s]Adding requests:   0%|          | 0/1 [00:00<?, ?it/s]
✗ Failed to process results/images/preprocessed/trome/2014/01/01/trome_2014-01-01#04.png: EngineCore encountered an issue. See stack trace (above) for the root cause.
Adding requests:   0%|          | 0/1 [00:00<?, ?it/s]Adding requests:   0%|          | 0/1 [00:00<?, ?it/s]
✗ Failed to process results/images/preprocessed/trome/2014/01/01/trome_2014-01-01#04.png: EngineCore encountered an issue. See stack trace (above) for the root cause.
Adding requests:   0%|          | 0/1 [00:00<?, ?it/s]Adding requests:   0%|          | 0/1 [00:00<?, ?it/s]
✗ Failed to process results/images/preprocessed/trome/2014/01/01/trome_2014-01-01#04.png: EngineCore encountered an issue. See stack trace (above) for the root cause.
Adding requests:   0%|          | 0/1 [00:00<?, ?it/s]Adding requests:   0%|          | 0/1 [00:00<?, ?it/s]
✗ Failed to process results/images/preprocessed/trome/2014/01/01/trome_2014-01-01#04.png: EngineCore encountered an issue. See stack trace (above) for the root cause.
Adding requests:   0%|          | 0/1 [00:00<?, ?it/s]Adding requests:   0%|          | 0/1 [00:00<?, ?it/s]
✗ Failed to process results/images/preprocessed/trome/2014/01/01/trome_2014-01-01#04.png: EngineCore encountered an issue. See stack trace (above) for the root cause.
Adding requests:   0%|          | 0/1 [00:00<?, ?it/s]Adding requests:   0%|          | 0/1 [00:00<?, ?it/s]
✗ Failed to process results/images/preprocessed/trome/2014/01/01/trome_2014-01-01#04.png: EngineCore encountered an issue. See stack trace (above) for the root cause.
Adding requests:   0%|          | 0/1 [00:00<?, ?it/s]Adding requests:   0%|          | 0/1 [00:00<?, ?it/s]
✗ Failed to process results/images/preprocessed/trome/2014/01/01/trome_2014-01-01#04.png: EngineCore encountered an issue. See stack trace (above) for the root cause.
Adding requests:   0%|          | 0/1 [00:00<?, ?it/s]Adding requests:   0%|          | 0/1 [00:00<?, ?it/s]
✗ Failed to process results/images/preprocessed/trome/2014/01/01/trome_2014-01-01#04.png: EngineCore encountered an issue. See stack trace (above) for the root cause.
Adding requests:   0%|          | 0/1 [00:00<?, ?it/s]Adding requests:   0%|          | 0/1 [00:00<?, ?it/s]
✗ Failed to process results/images/preprocessed/trome/2014/01/01/trome_2014-01-01#04.png: EngineCore encountered an issue. See stack trace (above) for the root cause.
Adding requests:   0%|          | 0/1 [00:00<?, ?it/s]Adding requests:   0%|          | 0/1 [00:00<?, ?it/s]
✗ Failed to process results/images/preprocessed/trome/2014/01/01/trome_2014-01-01#04.png: EngineCore encountered an issue. See stack trace (above) for the root cause.
Adding requests:   0%|          | 0/1 [00:00<?, ?it/s]Adding requests:   0%|          | 0/1 [00:00<?, ?it/s]
✗ Failed to process results/images/preprocessed/trome/2014/01/01/trome_2014-01-01#04.png: EngineCore encountered an issue. See stack trace (above) for the root cause.
Adding requests:   0%|          | 0/1 [00:00<?, ?it/s]Adding requests:   0%|          | 0/1 [00:00<?, ?it/s]
✗ Failed to process results/images/preprocessed/trome/2014/01/01/trome_2014-01-01#04.png: EngineCore encountered an issue. See stack trace (above) for the root cause.
Adding requests:   0%|          | 0/1 [00:00<?, ?it/s]Adding requests:   0%|          | 0/1 [00:00<?, ?it/s]
✗ Failed to process results/images/preprocessed/trome/2014/01/01/trome_2014-01-01#04.png: EngineCore encountered an issue. See stack trace (above) for the root cause.
Adding requests:   0%|          | 0/1 [00:00<?, ?it/s]Adding requests:   0%|          | 0/1 [00:00<?, ?it/s]
✗ Failed to process results/images/preprocessed/trome/2014/01/01/trome_2014-01-01#04.png: EngineCore encountered an issue. See stack trace (above) for the root cause.
Adding requests:   0%|          | 0/1 [00:00<?, ?it/s]Adding requests:   0%|          | 0/1 [00:00<?, ?it/s]
✗ Failed to process results/images/preprocessed/trome/2014/01/01/trome_2014-01-01#04.png: EngineCore encountered an issue. See stack trace (above) for the root cause.
Adding requests:   0%|          | 0/1 [00:00<?, ?it/s]Adding requests:   0%|          | 0/1 [00:00<?, ?it/s]
✗ Failed to process results/images/preprocessed/trome/2014/01/01/trome_2014-01-01#04.png: EngineCore encountered an issue. See stack trace (above) for the root cause.
Adding requests:   0%|          | 0/1 [00:00<?, ?it/s]Adding requests:   0%|          | 0/1 [00:00<?, ?it/s]
✗ Failed to process results/images/preprocessed/trome/2014/01/01/trome_2014-01-01#04.png: EngineCore encountered an issue. See stack trace (above) for the root cause.
Adding requests:   0%|          | 0/1 [00:00<?, ?it/s]Adding requests:   0%|          | 0/1 [00:00<?, ?it/s]
✗ Failed to process results/images/preprocessed/trome/2014/01/01/trome_2014-01-01#04.png: EngineCore encountered an issue. See stack trace (above) for the root cause.
Adding requests:   0%|          | 0/1 [00:00<?, ?it/s]Adding requests:   0%|          | 0/1 [00:00<?, ?it/s]
✗ Failed to process results/images/preprocessed/trome/2014/01/01/trome_2014-01-01#04.png: EngineCore encountered an issue. See stack trace (above) for the root cause.
Adding requests:   0%|          | 0/1 [00:00<?, ?it/s]Adding requests:   0%|          | 0/1 [00:00<?, ?it/s]
✗ Failed to process results/images/preprocessed/trome/2014/01/01/trome_2014-01-01#04.png: EngineCore encountered an issue. See stack trace (above) for the root cause.
Adding requests:   0%|          | 0/1 [00:00<?, ?it/s]Adding requests:   0%|          | 0/1 [00:00<?, ?it/s]
✗ Failed to process results/images/preprocessed/trome/2014/01/01/trome_2014-01-01#04.png: EngineCore encountered an issue. See stack trace (above) for the root cause.
Adding requests:   0%|          | 0/1 [00:00<?, ?it/s]Adding requests:   0%|          | 0/1 [00:00<?, ?it/s]
✗ Failed to process results/images/preprocessed/trome/2014/01/01/trome_2014-01-01#04.png: EngineCore encountered an issue. See stack trace (above) for the root cause.
Adding requests:   0%|          | 0/1 [00:00<?, ?it/s]Adding requests:   0%|          | 0/1 [00:00<?, ?it/s]
✗ Failed to process results/images/preprocessed/trome/2014/01/01/trome_2014-01-01#04.png: EngineCore encountered an issue. See stack trace (above) for the root cause.
Adding requests:   0%|          | 0/1 [00:00<?, ?it/s]Adding requests:   0%|          | 0/1 [00:00<?, ?it/s]
✗ Failed to process results/images/preprocessed/trome/2014/01/01/trome_2014-01-01#04.png: EngineCore encountered an issue. See stack trace (above) for the root cause.
Adding requests:   0%|          | 0/1 [00:00<?, ?it/s]Adding requests:   0%|          | 0/1 [00:00<?, ?it/s]
✗ Failed to process results/images/preprocessed/trome/2014/01/01/trome_2014-01-01#04.png: EngineCore encountered an issue. See stack trace (above) for the root cause.
Adding requests:   0%|          | 0/1 [00:00<?, ?it/s]Adding requests:   0%|          | 0/1 [00:00<?, ?it/s]
✗ Failed to process results/images/preprocessed/trome/2014/01/01/trome_2014-01-01#04.png: EngineCore encountered an issue. See stack trace (above) for the root cause.
Adding requests:   0%|          | 0/1 [00:00<?, ?it/s]Adding requests:   0%|          | 0/1 [00:00<?, ?it/s]
✗ Failed to process results/images/preprocessed/trome/2014/01/01/trome_2014-01-01#04.png: EngineCore encountered an issue. See stack trace (above) for the root cause.
Adding requests:   0%|          | 0/1 [00:00<?, ?it/s]Adding requests:   0%|          | 0/1 [00:00<?, ?it/s]
✗ Failed to process results/images/preprocessed/trome/2014/01/01/trome_2014-01-01#04.png: EngineCore encountered an issue. See stack trace (above) for the root cause.
Adding requests:   0%|          | 0/1 [00:00<?, ?it/s]Adding requests:   0%|          | 0/1 [00:00<?, ?it/s]
✗ Failed to process results/images/preprocessed/trome/2014/01/01/trome_2014-01-01#04.png: EngineCore encountered an issue. See stack trace (above) for the root cause.
Adding requests:   0%|          | 0/1 [00:00<?, ?it/s]Adding requests:   0%|          | 0/1 [00:00<?, ?it/s]
✗ Failed to process results/images/preprocessed/trome/2014/01/01/trome_2014-01-01#04.png: EngineCore encountered an issue. See stack trace (above) for the root cause.
Adding requests:   0%|          | 0/1 [00:00<?, ?it/s]Adding requests:   0%|          | 0/1 [00:00<?, ?it/s]
✗ Failed to process results/images/preprocessed/trome/2014/01/01/trome_2014-01-01#04.png: EngineCore encountered an issue. See stack trace (above) for the root cause.
Adding requests:   0%|          | 0/1 [00:00<?, ?it/s]Adding requests:   0%|          | 0/1 [00:00<?, ?it/s]
✗ Failed to process results/images/preprocessed/trome/2014/01/01/trome_2014-01-01#04.png: EngineCore encountered an issue. See stack trace (above) for the root cause.
Adding requests:   0%|          | 0/1 [00:00<?, ?it/s]Adding requests:   0%|          | 0/1 [00:00<?, ?it/s]
✗ Failed to process results/images/preprocessed/trome/2014/01/01/trome_2014-01-01#04.png: EngineCore encountered an issue. See stack trace (above) for the root cause.
Adding requests:   0%|          | 0/1 [00:00<?, ?it/s]Adding requests:   0%|          | 0/1 [00:00<?, ?it/s]
✗ Failed to process results/images/preprocessed/trome/2014/01/01/trome_2014-01-01#04.png: EngineCore encountered an issue. See stack trace (above) for the root cause.
Adding requests:   0%|          | 0/1 [00:00<?, ?it/s]Adding requests:   0%|          | 0/1 [00:00<?, ?it/s]
✗ Failed to process results/images/preprocessed/trome/2014/01/01/trome_2014-01-01#04.png: EngineCore encountered an issue. See stack trace (above) for the root cause.
Adding requests:   0%|          | 0/1 [00:00<?, ?it/s]Adding requests:   0%|          | 0/1 [00:00<?, ?it/s]
✗ Failed to process results/images/preprocessed/trome/2014/01/01/trome_2014-01-01#04.png: EngineCore encountered an issue. See stack trace (above) for the root cause.
Adding requests:   0%|          | 0/1 [00:00<?, ?it/s]Adding requests:   0%|          | 0/1 [00:00<?, ?it/s]
✗ Failed to process results/images/preprocessed/trome/2014/01/01/trome_2014-01-01#04.png: EngineCore encountered an issue. See stack trace (above) for the root cause.
Adding requests:   0%|          | 0/1 [00:00<?, ?it/s]Adding requests:   0%|          | 0/1 [00:00<?, ?it/s]
✗ Failed to process results/images/preprocessed/trome/2014/01/01/trome_2014-01-01#04.png: EngineCore encountered an issue. See stack trace (above) for the root cause.
Adding requests:   0%|          | 0/1 [00:00<?, ?it/s]Adding requests:   0%|          | 0/1 [00:00<?, ?it/s]
✗ Failed to process results/images/preprocessed/trome/2014/01/01/trome_2014-01-01#04.png: EngineCore encountered an issue. See stack trace (above) for the root cause.
Adding requests:   0%|          | 0/1 [00:00<?, ?it/s]Adding requests:   0%|          | 0/1 [00:00<?, ?it/s]
✗ Failed to process results/images/preprocessed/trome/2014/01/01/trome_2014-01-01#04.png: EngineCore encountered an issue. See stack trace (above) for the root cause.
Adding requests:   0%|          | 0/1 [00:00<?, ?it/s]Adding requests:   0%|          | 0/1 [00:00<?, ?it/s]
✗ Failed to process results/images/preprocessed/trome/2014/01/01/trome_2014-01-01#04.png: EngineCore encountered an issue. See stack trace (above) for the root cause.
Adding requests:   0%|          | 0/1 [00:00<?, ?it/s]Adding requests:   0%|          | 0/1 [00:00<?, ?it/s]
✗ Failed to process results/images/preprocessed/trome/2014/01/01/trome_2014-01-01#04.png: EngineCore encountered an issue. See stack trace (above) for the root cause.
Adding requests:   0%|          | 0/1 [00:00<?, ?it/s]Adding requests:   0%|          | 0/1 [00:00<?, ?it/s]
✗ Failed to process results/images/preprocessed/trome/2014/01/01/trome_2014-01-01#04.png: EngineCore encountered an issue. See stack trace (above) for the root cause.
Adding requests:   0%|          | 0/1 [00:00<?, ?it/s]Adding requests:   0%|          | 0/1 [00:00<?, ?it/s]
✗ Failed to process results/images/preprocessed/trome/2014/01/01/trome_2014-01-01#04.png: EngineCore encountered an issue. See stack trace (above) for the root cause.
Adding requests:   0%|          | 0/1 [00:00<?, ?it/s]Adding requests:   0%|          | 0/1 [00:00<?, ?it/s]
✗ Failed to process results/images/preprocessed/trome/2014/01/01/trome_2014-01-01#04.png: EngineCore encountered an issue. See stack trace (above) for the root cause.
Adding requests:   0%|          | 0/1 [00:00<?, ?it/s]Adding requests:   0%|          | 0/1 [00:00<?, ?it/s]
✗ Failed to process results/images/preprocessed/trome/2014/01/01/trome_2014-01-01#04.png: EngineCore encountered an issue. See stack trace (above) for the root cause.
Adding requests:   0%|          | 0/1 [00:00<?, ?it/s]Adding requests:   0%|          | 0/1 [00:00<?, ?it/s]
✗ Failed to process results/images/preprocessed/trome/2014/01/01/trome_2014-01-01#04.png: EngineCore encountered an issue. See stack trace (above) for the root cause.
Adding requests:   0%|          | 0/1 [00:00<?, ?it/s]Adding requests:   0%|          | 0/1 [00:00<?, ?it/s]
✗ Failed to process results/images/preprocessed/trome/2014/01/01/trome_2014-01-01#04.png: EngineCore encountered an issue. See stack trace (above) for the root cause.
Adding requests:   0%|          | 0/1 [00:00<?, ?it/s]Adding requests:   0%|          | 0/1 [00:00<?, ?it/s]
✗ Failed to process results/images/preprocessed/trome/2014/01/01/trome_2014-01-01#04.png: EngineCore encountered an issue. See stack trace (above) for the root cause.
Adding requests:   0%|          | 0/1 [00:00<?, ?it/s]Adding requests:   0%|          | 0/1 [00:00<?, ?it/s]
✗ Failed to process results/images/preprocessed/trome/2014/01/01/trome_2014-01-01#04.png: EngineCore encountered an issue. See stack trace (above) for the root cause.
Adding requests:   0%|          | 0/1 [00:00<?, ?it/s]Adding requests:   0%|          | 0/1 [00:00<?, ?it/s]
✗ Failed to process results/images/preprocessed/trome/2014/01/01/trome_2014-01-01#04.png: EngineCore encountered an issue. See stack trace (above) for the root cause.
Adding requests:   0%|          | 0/1 [00:00<?, ?it/s]Adding requests:   0%|          | 0/1 [00:00<?, ?it/s]
✗ Failed to process results/images/preprocessed/trome/2014/01/01/trome_2014-01-01#04.png: EngineCore encountered an issue. See stack trace (above) for the root cause.
Adding requests:   0%|          | 0/1 [00:00<?, ?it/s]Adding requests:   0%|          | 0/1 [00:00<?, ?it/s]
✗ Failed to process results/images/preprocessed/trome/2014/01/01/trome_2014-01-01#04.png: EngineCore encountered an issue. See stack trace (above) for the root cause.
Adding requests:   0%|          | 0/1 [00:00<?, ?it/s]Adding requests:   0%|          | 0/1 [00:00<?, ?it/s]
✗ Failed to process results/images/preprocessed/trome/2014/01/01/trome_2014-01-01#04.png: EngineCore encountered an issue. See stack trace (above) for the root cause.
Adding requests:   0%|          | 0/1 [00:00<?, ?it/s]Adding requests:   0%|          | 0/1 [00:00<?, ?it/s]
✗ Failed to process results/images/preprocessed/trome/2014/01/01/trome_2014-01-01#04.png: EngineCore encountered an issue. See stack trace (above) for the root cause.
Adding requests:   0%|          | 0/1 [00:00<?, ?it/s]Adding requests:   0%|          | 0/1 [00:00<?, ?it/s]
✗ Failed to process results/images/preprocessed/trome/2014/01/01/trome_2014-01-01#04.png: EngineCore encountered an issue. See stack trace (above) for the root cause.
Adding requests:   0%|          | 0/1 [00:00<?, ?it/s]Adding requests:   0%|          | 0/1 [00:00<?, ?it/s]
✗ Failed to process results/images/preprocessed/trome/2014/01/01/trome_2014-01-01#04.png: EngineCore encountered an issue. See stack trace (above) for the root cause.
Adding requests:   0%|          | 0/1 [00:00<?, ?it/s]Adding requests:   0%|          | 0/1 [00:00<?, ?it/s]
✗ Failed to process results/images/preprocessed/trome/2014/01/01/trome_2014-01-01#04.png: EngineCore encountered an issue. See stack trace (above) for the root cause.
Adding requests:   0%|          | 0/1 [00:00<?, ?it/s]Adding requests:   0%|          | 0/1 [00:00<?, ?it/s]
✗ Failed to process results/images/preprocessed/trome/2014/01/01/trome_2014-01-01#04.png: EngineCore encountered an issue. See stack trace (above) for the root cause.
Adding requests:   0%|          | 0/1 [00:00<?, ?it/s]Adding requests:   0%|          | 0/1 [00:00<?, ?it/s]
✗ Failed to process results/images/preprocessed/trome/2014/01/01/trome_2014-01-01#04.png: EngineCore encountered an issue. See stack trace (above) for the root cause.
Adding requests:   0%|          | 0/1 [00:00<?, ?it/s]Adding requests:   0%|          | 0/1 [00:00<?, ?it/s]
✗ Failed to process results/images/preprocessed/trome/2014/01/01/trome_2014-01-01#04.png: EngineCore encountered an issue. See stack trace (above) for the root cause.
Adding requests:   0%|          | 0/1 [00:00<?, ?it/s]Adding requests:   0%|          | 0/1 [00:00<?, ?it/s]
✗ Failed to process results/images/preprocessed/trome/2014/01/01/trome_2014-01-01#04.png: EngineCore encountered an issue. See stack trace (above) for the root cause.
Adding requests:   0%|          | 0/1 [00:00<?, ?it/s]Adding requests:   0%|          | 0/1 [00:00<?, ?it/s]
✗ Failed to process results/images/preprocessed/trome/2014/01/01/trome_2014-01-01#04.png: EngineCore encountered an issue. See stack trace (above) for the root cause.
Adding requests:   0%|          | 0/1 [00:00<?, ?it/s]Adding requests:   0%|          | 0/1 [00:00<?, ?it/s]
✗ Failed to process results/images/preprocessed/trome/2014/01/01/trome_2014-01-01#04.png: EngineCore encountered an issue. See stack trace (above) for the root cause.
Adding requests:   0%|          | 0/1 [00:00<?, ?it/s]Adding requests:   0%|          | 0/1 [00:00<?, ?it/s]
✗ Failed to process results/images/preprocessed/trome/2014/01/01/trome_2014-01-01#04.png: EngineCore encountered an issue. See stack trace (above) for the root cause.
Adding requests:   0%|          | 0/1 [00:00<?, ?it/s]Adding requests:   0%|          | 0/1 [00:00<?, ?it/s]
✗ Failed to process results/images/preprocessed/trome/2014/01/01/trome_2014-01-01#04.png: EngineCore encountered an issue. See stack trace (above) for the root cause.
Adding requests:   0%|          | 0/1 [00:00<?, ?it/s]Adding requests:   0%|          | 0/1 [00:00<?, ?it/s]
✗ Failed to process results/images/preprocessed/trome/2014/01/01/trome_2014-01-01#04.png: EngineCore encountered an issue. See stack trace (above) for the root cause.
Adding requests:   0%|          | 0/1 [00:00<?, ?it/s]Adding requests:   0%|          | 0/1 [00:00<?, ?it/s]
✗ Failed to process results/images/preprocessed/trome/2014/01/01/trome_2014-01-01#04.png: EngineCore encountered an issue. See stack trace (above) for the root cause.
Adding requests:   0%|          | 0/1 [00:00<?, ?it/s]Adding requests:   0%|          | 0/1 [00:00<?, ?it/s]
✗ Failed to process results/images/preprocessed/trome/2014/01/01/trome_2014-01-01#04.png: EngineCore encountered an issue. See stack trace (above) for the root cause.
Adding requests:   0%|          | 0/1 [00:00<?, ?it/s]Adding requests:   0%|          | 0/1 [00:00<?, ?it/s]
✗ Failed to process results/images/preprocessed/trome/2014/01/01/trome_2014-01-01#04.png: EngineCore encountered an issue. See stack trace (above) for the root cause.
Adding requests:   0%|          | 0/1 [00:00<?, ?it/s]Adding requests:   0%|          | 0/1 [00:00<?, ?it/s]
✗ Failed to process results/images/preprocessed/trome/2014/01/01/trome_2014-01-01#04.png: EngineCore encountered an issue. See stack trace (above) for the root cause.
Adding requests:   0%|          | 0/1 [00:00<?, ?it/s]Adding requests:   0%|          | 0/1 [00:00<?, ?it/s]
✗ Failed to process results/images/preprocessed/trome/2014/01/01/trome_2014-01-01#04.png: EngineCore encountered an issue. See stack trace (above) for the root cause.
Adding requests:   0%|          | 0/1 [00:00<?, ?it/s]Adding requests:   0%|          | 0/1 [00:00<?, ?it/s]
✗ Failed to process results/images/preprocessed/trome/2014/01/01/trome_2014-01-01#04.png: EngineCore encountered an issue. See stack trace (above) for the root cause.
Adding requests:   0%|          | 0/1 [00:00<?, ?it/s]Adding requests:   0%|          | 0/1 [00:00<?, ?it/s]
✗ Failed to process results/images/preprocessed/trome/2014/01/01/trome_2014-01-01#04.png: EngineCore encountered an issue. See stack trace (above) for the root cause.
Adding requests:   0%|          | 0/1 [00:00<?, ?it/s]Adding requests:   0%|          | 0/1 [00:00<?, ?it/s]
✗ Failed to process results/images/preprocessed/trome/2014/01/01/trome_2014-01-01#04.png: EngineCore encountered an issue. See stack trace (above) for the root cause.
Adding requests:   0%|          | 0/1 [00:00<?, ?it/s]Adding requests:   0%|          | 0/1 [00:00<?, ?it/s]
✗ Failed to process results/images/preprocessed/trome/2014/01/01/trome_2014-01-01#04.png: EngineCore encountered an issue. See stack trace (above) for the root cause.
Adding requests:   0%|          | 0/1 [00:00<?, ?it/s]Adding requests:   0%|          | 0/1 [00:00<?, ?it/s]
✗ Failed to process results/images/preprocessed/trome/2014/01/01/trome_2014-01-01#04.png: EngineCore encountered an issue. See stack trace (above) for the root cause.
Adding requests:   0%|          | 0/1 [00:00<?, ?it/s]Adding requests:   0%|          | 0/1 [00:00<?, ?it/s]
✗ Failed to process results/images/preprocessed/trome/2014/01/01/trome_2014-01-01#04.png: EngineCore encountered an issue. See stack trace (above) for the root cause.
Adding requests:   0%|          | 0/1 [00:00<?, ?it/s]Adding requests:   0%|          | 0/1 [00:00<?, ?it/s]
✗ Failed to process results/images/preprocessed/trome/2014/01/01/trome_2014-01-01#04.png: EngineCore encountered an issue. See stack trace (above) for the root cause.
Adding requests:   0%|          | 0/1 [00:00<?, ?it/s]Adding requests:   0%|          | 0/1 [00:00<?, ?it/s]
✗ Failed to process results/images/preprocessed/trome/2014/01/01/trome_2014-01-01#04.png: EngineCore encountered an issue. See stack trace (above) for the root cause.
Adding requests:   0%|          | 0/1 [00:00<?, ?it/s]Adding requests:   0%|          | 0/1 [00:00<?, ?it/s]
✗ Failed to process results/images/preprocessed/trome/2014/01/01/trome_2014-01-01#04.png: EngineCore encountered an issue. See stack trace (above) for the root cause.
Adding requests:   0%|          | 0/1 [00:00<?, ?it/s]Adding requests:   0%|          | 0/1 [00:00<?, ?it/s]
✗ Failed to process results/images/preprocessed/trome/2014/01/01/trome_2014-01-01#04.png: EngineCore encountered an issue. See stack trace (above) for the root cause.
Adding requests:   0%|          | 0/1 [00:00<?, ?it/s]Adding requests:   0%|          | 0/1 [00:00<?, ?it/s]
✗ Failed to process results/images/preprocessed/trome/2014/01/01/trome_2014-01-01#04.png: EngineCore encountered an issue. See stack trace (above) for the root cause.
Adding requests:   0%|          | 0/1 [00:00<?, ?it/s]Adding requests:   0%|          | 0/1 [00:00<?, ?it/s]
✗ Failed to process results/images/preprocessed/trome/2014/01/01/trome_2014-01-01#04.png: EngineCore encountered an issue. See stack trace (above) for the root cause.
Adding requests:   0%|          | 0/1 [00:00<?, ?it/s]Adding requests:   0%|          | 0/1 [00:00<?, ?it/s]
✗ Failed to process results/images/preprocessed/trome/2014/01/01/trome_2014-01-01#04.png: EngineCore encountered an issue. See stack trace (above) for the root cause.
Adding requests:   0%|          | 0/1 [00:00<?, ?it/s]Adding requests:   0%|          | 0/1 [00:00<?, ?it/s]
✗ Failed to process results/images/preprocessed/trome/2014/01/01/trome_2014-01-01#04.png: EngineCore encountered an issue. See stack trace (above) for the root cause.
Adding requests:   0%|          | 0/1 [00:00<?, ?it/s]Adding requests:   0%|          | 0/1 [00:00<?, ?it/s]
✗ Failed to process results/images/preprocessed/trome/2014/01/01/trome_2014-01-01#04.png: EngineCore encountered an issue. See stack trace (above) for the root cause.
Adding requests:   0%|          | 0/1 [00:00<?, ?it/s]Adding requests:   0%|          | 0/1 [00:00<?, ?it/s]
✗ Failed to process results/images/preprocessed/trome/2014/01/01/trome_2014-01-01#04.png: EngineCore encountered an issue. See stack trace (above) for the root cause.
Adding requests:   0%|          | 0/1 [00:00<?, ?it/s]Adding requests:   0%|          | 0/1 [00:00<?, ?it/s]
✗ Failed to process results/images/preprocessed/trome/2014/01/01/trome_2014-01-01#04.png: EngineCore encountered an issue. See stack trace (above) for the root cause.
Adding requests:   0%|          | 0/1 [00:00<?, ?it/s]Adding requests:   0%|          | 0/1 [00:00<?, ?it/s]
✗ Failed to process results/images/preprocessed/trome/2014/01/01/trome_2014-01-01#04.png: The decoder prompt (length 11847) is longer than the maximum model length of 8192. Make sure that `max_model_len` is no smaller than the number of text tokens.
Adding requests:   0%|          | 0/1 [00:00<?, ?it/s]Adding requests:   0%|          | 0/1 [00:00<?, ?it/s]
✗ Failed to process results/images/preprocessed/trome/2014/01/01/trome_2014-01-01#04.png: EngineCore encountered an issue. See stack trace (above) for the root cause.
Adding requests:   0%|          | 0/1 [00:00<?, ?it/s]Adding requests:   0%|          | 0/1 [00:00<?, ?it/s]
✗ Failed to process results/images/preprocessed/trome/2014/01/01/trome_2014-01-01#04.png: EngineCore encountered an issue. See stack trace (above) for the root cause.
Adding requests:   0%|          | 0/1 [00:00<?, ?it/s]Adding requests:   0%|          | 0/1 [00:00<?, ?it/s]
✗ Failed to process results/images/preprocessed/trome/2014/01/01/trome_2014-01-01#04.png: EngineCore encountered an issue. See stack trace (above) for the root cause.
Adding requests:   0%|          | 0/1 [00:00<?, ?it/s]Adding requests:   0%|          | 0/1 [00:00<?, ?it/s]
✗ Failed to process results/images/preprocessed/trome/2014/01/01/trome_2014-01-01#04.png: EngineCore encountered an issue. See stack trace (above) for the root cause.
Adding requests:   0%|          | 0/1 [00:00<?, ?it/s]Adding requests:   0%|          | 0/1 [00:00<?, ?it/s]
✗ Failed to process results/images/preprocessed/trome/2014/01/01/trome_2014-01-01#04.png: EngineCore encountered an issue. See stack trace (above) for the root cause.
Adding requests:   0%|          | 0/1 [00:00<?, ?it/s]Adding requests:   0%|          | 0/1 [00:00<?, ?it/s]
✗ Failed to process results/images/preprocessed/trome/2014/01/01/trome_2014-01-01#04.png: EngineCore encountered an issue. See stack trace (above) for the root cause.
Adding requests:   0%|          | 0/1 [00:00<?, ?it/s]Adding requests:   0%|          | 0/1 [00:00<?, ?it/s]
✗ Failed to process results/images/preprocessed/trome/2014/01/01/trome_2014-01-01#04.png: EngineCore encountered an issue. See stack trace (above) for the root cause.
Adding requests:   0%|          | 0/1 [00:00<?, ?it/s]Adding requests:   0%|          | 0/1 [00:00<?, ?it/s]
✗ Failed to process results/images/preprocessed/trome/2014/01/01/trome_2014-01-01#04.png: EngineCore encountered an issue. See stack trace (above) for the root cause.
Adding requests:   0%|          | 0/1 [00:00<?, ?it/s]Adding requests:   0%|          | 0/1 [00:00<?, ?it/s]
✗ Failed to process results/images/preprocessed/trome/2014/01/01/trome_2014-01-01#04.png: EngineCore encountered an issue. See stack trace (above) for the root cause.
Adding requests:   0%|          | 0/1 [00:00<?, ?it/s]Adding requests:   0%|          | 0/1 [00:00<?, ?it/s]
✗ Failed to process results/images/preprocessed/trome/2014/01/01/trome_2014-01-01#04.png: EngineCore encountered an issue. See stack trace (above) for the root cause.
Adding requests:   0%|          | 0/1 [00:00<?, ?it/s]Adding requests:   0%|          | 0/1 [00:00<?, ?it/s]
✗ Failed to process results/images/preprocessed/trome/2014/01/01/trome_2014-01-01#04.png: EngineCore encountered an issue. See stack trace (above) for the root cause.
Adding requests:   0%|          | 0/1 [00:00<?, ?it/s]Adding requests:   0%|          | 0/1 [00:00<?, ?it/s]
✗ Failed to process results/images/preprocessed/trome/2014/01/01/trome_2014-01-01#04.png: EngineCore encountered an issue. See stack trace (above) for the root cause.
Adding requests:   0%|          | 0/1 [00:00<?, ?it/s]Adding requests:   0%|          | 0/1 [00:00<?, ?it/s]
✗ Failed to process results/images/preprocessed/trome/2014/01/01/trome_2014-01-01#04.png: EngineCore encountered an issue. See stack trace (above) for the root cause.
Adding requests:   0%|          | 0/1 [00:00<?, ?it/s]Adding requests:   0%|          | 0/1 [00:00<?, ?it/s]
✗ Failed to process results/images/preprocessed/trome/2014/01/01/trome_2014-01-01#04.png: EngineCore encountered an issue. See stack trace (above) for the root cause.
Adding requests:   0%|          | 0/1 [00:00<?, ?it/s]Adding requests:   0%|          | 0/1 [00:00<?, ?it/s]
✗ Failed to process results/images/preprocessed/trome/2014/01/01/trome_2014-01-01#04.png: EngineCore encountered an issue. See stack trace (above) for the root cause.
Adding requests:   0%|          | 0/1 [00:00<?, ?it/s]Adding requests:   0%|          | 0/1 [00:00<?, ?it/s]
✗ Failed to process results/images/preprocessed/trome/2014/01/01/trome_2014-01-01#04.png: EngineCore encountered an issue. See stack trace (above) for the root cause.
Adding requests:   0%|          | 0/1 [00:00<?, ?it/s]Adding requests:   0%|          | 0/1 [00:00<?, ?it/s]
✗ Failed to process results/images/preprocessed/trome/2014/01/01/trome_2014-01-01#04.png: EngineCore encountered an issue. See stack trace (above) for the root cause.
Adding requests:   0%|          | 0/1 [00:00<?, ?it/s]Adding requests:   0%|          | 0/1 [00:00<?, ?it/s]
✗ Failed to process results/images/preprocessed/trome/2014/01/01/trome_2014-01-01#04.png: EngineCore encountered an issue. See stack trace (above) for the root cause.
Adding requests:   0%|          | 0/1 [00:00<?, ?it/s]Adding requests:   0%|          | 0/1 [00:00<?, ?it/s]
✗ Failed to process results/images/preprocessed/trome/2014/01/01/trome_2014-01-01#04.png: EngineCore encountered an issue. See stack trace (above) for the root cause.
Adding requests:   0%|          | 0/1 [00:00<?, ?it/s]Adding requests:   0%|          | 0/1 [00:00<?, ?it/s]
✗ Failed to process results/images/preprocessed/trome/2014/01/01/trome_2014-01-01#04.png: The decoder prompt (length 8270) is longer than the maximum model length of 8192. Make sure that `max_model_len` is no smaller than the number of text tokens.
Adding requests:   0%|          | 0/1 [00:00<?, ?it/s]Adding requests:   0%|          | 0/1 [00:00<?, ?it/s]
✗ Failed to process results/images/preprocessed/trome/2014/01/01/trome_2014-01-01#04.png: EngineCore encountered an issue. See stack trace (above) for the root cause.
Adding requests:   0%|          | 0/1 [00:00<?, ?it/s]Adding requests:   0%|          | 0/1 [00:00<?, ?it/s]
✗ Failed to process results/images/preprocessed/trome/2014/01/01/trome_2014-01-01#04.png: EngineCore encountered an issue. See stack trace (above) for the root cause.
Adding requests:   0%|          | 0/1 [00:00<?, ?it/s]Adding requests:   0%|          | 0/1 [00:00<?, ?it/s]
✗ Failed to process results/images/preprocessed/trome/2014/01/01/trome_2014-01-01#04.png: EngineCore encountered an issue. See stack trace (above) for the root cause.
Adding requests:   0%|          | 0/1 [00:00<?, ?it/s]Adding requests:   0%|          | 0/1 [00:00<?, ?it/s]
✗ Failed to process results/images/preprocessed/trome/2014/01/01/trome_2014-01-01#04.png: EngineCore encountered an issue. See stack trace (above) for the root cause.
Adding requests:   0%|          | 0/1 [00:00<?, ?it/s]Adding requests:   0%|          | 0/1 [00:00<?, ?it/s]
✗ Failed to process results/images/preprocessed/trome/2014/01/01/trome_2014-01-01#04.png: EngineCore encountered an issue. See stack trace (above) for the root cause.
Adding requests:   0%|          | 0/1 [00:00<?, ?it/s]Adding requests:   0%|          | 0/1 [00:00<?, ?it/s]
✗ Failed to process results/images/preprocessed/trome/2014/01/01/trome_2014-01-01#04.png: EngineCore encountered an issue. See stack trace (above) for the root cause.
Adding requests:   0%|          | 0/1 [00:00<?, ?it/s]Adding requests:   0%|          | 0/1 [00:00<?, ?it/s]
✗ Failed to process results/images/preprocessed/trome/2014/01/01/trome_2014-01-01#04.png: EngineCore encountered an issue. See stack trace (above) for the root cause.
Adding requests:   0%|          | 0/1 [00:00<?, ?it/s]Adding requests:   0%|          | 0/1 [00:00<?, ?it/s]
✗ Failed to process results/images/preprocessed/trome/2014/01/01/trome_2014-01-01#04.png: EngineCore encountered an issue. See stack trace (above) for the root cause.
Adding requests:   0%|          | 0/1 [00:00<?, ?it/s]Adding requests:   0%|          | 0/1 [00:00<?, ?it/s]
✗ Failed to process results/images/preprocessed/trome/2014/01/01/trome_2014-01-01#04.png: EngineCore encountered an issue. See stack trace (above) for the root cause.
Adding requests:   0%|          | 0/1 [00:00<?, ?it/s]Adding requests:   0%|          | 0/1 [00:00<?, ?it/s]
✗ Failed to process results/images/preprocessed/trome/2014/01/01/trome_2014-01-01#04.png: EngineCore encountered an issue. See stack trace (above) for the root cause.
Adding requests:   0%|          | 0/1 [00:00<?, ?it/s]Adding requests:   0%|          | 0/1 [00:00<?, ?it/s]
✗ Failed to process results/images/preprocessed/trome/2014/01/01/trome_2014-01-01#04.png: EngineCore encountered an issue. See stack trace (above) for the root cause.
Adding requests:   0%|          | 0/1 [00:00<?, ?it/s]Adding requests:   0%|          | 0/1 [00:00<?, ?it/s]
✗ Failed to process results/images/preprocessed/trome/2014/01/01/trome_2014-01-01#04.png: EngineCore encountered an issue. See stack trace (above) for the root cause.
Adding requests:   0%|          | 0/1 [00:00<?, ?it/s]Adding requests:   0%|          | 0/1 [00:00<?, ?it/s]
✗ Failed to process results/images/preprocessed/trome/2014/01/01/trome_2014-01-01#04.png: EngineCore encountered an issue. See stack trace (above) for the root cause.
Adding requests:   0%|          | 0/1 [00:00<?, ?it/s]Adding requests:   0%|          | 0/1 [00:00<?, ?it/s]
✗ Failed to process results/images/preprocessed/trome/2014/01/01/trome_2014-01-01#04.png: EngineCore encountered an issue. See stack trace (above) for the root cause.
Adding requests:   0%|          | 0/1 [00:00<?, ?it/s]Adding requests:   0%|          | 0/1 [00:00<?, ?it/s]
✗ Failed to process results/images/preprocessed/trome/2014/01/01/trome_2014-01-01#04.png: EngineCore encountered an issue. See stack trace (above) for the root cause.
Adding requests:   0%|          | 0/1 [00:00<?, ?it/s]Adding requests:   0%|          | 0/1 [00:00<?, ?it/s]
✗ Failed to process results/images/preprocessed/trome/2014/01/01/trome_2014-01-01#04.png: EngineCore encountered an issue. See stack trace (above) for the root cause.
Adding requests:   0%|          | 0/1 [00:00<?, ?it/s]Adding requests:   0%|          | 0/1 [00:00<?, ?it/s]
✗ Failed to process results/images/preprocessed/trome/2014/01/01/trome_2014-01-01#04.png: EngineCore encountered an issue. See stack trace (above) for the root cause.
Adding requests:   0%|          | 0/1 [00:00<?, ?it/s]Adding requests:   0%|          | 0/1 [00:00<?, ?it/s]
✗ Failed to process results/images/preprocessed/trome/2014/01/01/trome_2014-01-01#04.png: EngineCore encountered an issue. See stack trace (above) for the root cause.
Adding requests:   0%|          | 0/1 [00:00<?, ?it/s]Adding requests:   0%|          | 0/1 [00:00<?, ?it/s]
✗ Failed to process results/images/preprocessed/trome/2014/01/01/trome_2014-01-01#04.png: EngineCore encountered an issue. See stack trace (above) for the root cause.
Adding requests:   0%|          | 0/1 [00:00<?, ?it/s]Adding requests:   0%|          | 0/1 [00:00<?, ?it/s]
✗ Failed to process results/images/preprocessed/trome/2014/01/01/trome_2014-01-01#04.png: EngineCore encountered an issue. See stack trace (above) for the root cause.
Adding requests:   0%|          | 0/1 [00:00<?, ?it/s]Adding requests:   0%|          | 0/1 [00:00<?, ?it/s]
✗ Failed to process results/images/preprocessed/trome/2014/01/01/trome_2014-01-01#04.png: EngineCore encountered an issue. See stack trace (above) for the root cause.
Adding requests:   0%|          | 0/1 [00:00<?, ?it/s]Adding requests:   0%|          | 0/1 [00:00<?, ?it/s]
✗ Failed to process results/images/preprocessed/trome/2014/01/01/trome_2014-01-01#04.png: EngineCore encountered an issue. See stack trace (above) for the root cause.
Adding requests:   0%|          | 0/1 [00:00<?, ?it/s]Adding requests:   0%|          | 0/1 [00:00<?, ?it/s]
✗ Failed to process results/images/preprocessed/trome/2014/01/01/trome_2014-01-01#04.png: The decoder prompt (length 11209) is longer than the maximum model length of 8192. Make sure that `max_model_len` is no smaller than the number of text tokens.
Adding requests:   0%|          | 0/1 [00:00<?, ?it/s]Adding requests:   0%|          | 0/1 [00:00<?, ?it/s]
✗ Failed to process results/images/preprocessed/trome/2014/01/01/trome_2014-01-01#04.png: EngineCore encountered an issue. See stack trace (above) for the root cause.
Adding requests:   0%|          | 0/1 [00:00<?, ?it/s]Adding requests:   0%|          | 0/1 [00:00<?, ?it/s]
✗ Failed to process results/images/preprocessed/trome/2014/01/01/trome_2014-01-01#04.png: EngineCore encountered an issue. See stack trace (above) for the root cause.
Adding requests:   0%|          | 0/1 [00:00<?, ?it/s]Adding requests:   0%|          | 0/1 [00:00<?, ?it/s]
✗ Failed to process results/images/preprocessed/trome/2014/01/01/trome_2014-01-01#04.png: EngineCore encountered an issue. See stack trace (above) for the root cause.
Adding requests:   0%|          | 0/1 [00:00<?, ?it/s]Adding requests:   0%|          | 0/1 [00:00<?, ?it/s]
✗ Failed to process results/images/preprocessed/trome/2014/01/01/trome_2014-01-01#04.png: The decoder prompt (length 8232) is longer than the maximum model length of 8192. Make sure that `max_model_len` is no smaller than the number of text tokens.
Adding requests:   0%|          | 0/1 [00:00<?, ?it/s]Adding requests:   0%|          | 0/1 [00:00<?, ?it/s]
✗ Failed to process results/images/preprocessed/trome/2014/01/01/trome_2014-01-01#04.png: The decoder prompt (length 14502) is longer than the maximum model length of 8192. Make sure that `max_model_len` is no smaller than the number of text tokens.
Adding requests:   0%|          | 0/1 [00:00<?, ?it/s]Adding requests:   0%|          | 0/1 [00:00<?, ?it/s]
✗ Failed to process results/images/preprocessed/trome/2014/01/01/trome_2014-01-01#04.png: The decoder prompt (length 8919) is longer than the maximum model length of 8192. Make sure that `max_model_len` is no smaller than the number of text tokens.
Adding requests:   0%|          | 0/1 [00:00<?, ?it/s]Adding requests:   0%|          | 0/1 [00:00<?, ?it/s]
✗ Failed to process results/images/preprocessed/trome/2014/01/01/trome_2014-01-01#04.png: EngineCore encountered an issue. See stack trace (above) for the root cause.
Adding requests:   0%|          | 0/1 [00:00<?, ?it/s]Adding requests:   0%|          | 0/1 [00:00<?, ?it/s]
✗ Failed to process results/images/preprocessed/trome/2014/01/01/trome_2014-01-01#04.png: EngineCore encountered an issue. See stack trace (above) for the root cause.
Adding requests:   0%|          | 0/1 [00:00<?, ?it/s]Adding requests:   0%|          | 0/1 [00:00<?, ?it/s]
✗ Failed to process results/images/preprocessed/trome/2014/01/01/trome_2014-01-01#04.png: EngineCore encountered an issue. See stack trace (above) for the root cause.
Adding requests:   0%|          | 0/1 [00:00<?, ?it/s]Adding requests:   0%|          | 0/1 [00:00<?, ?it/s]
✗ Failed to process results/images/preprocessed/trome/2014/01/01/trome_2014-01-01#04.png: EngineCore encountered an issue. See stack trace (above) for the root cause.
Adding requests:   0%|          | 0/1 [00:00<?, ?it/s]Adding requests:   0%|          | 0/1 [00:00<?, ?it/s]
✗ Failed to process results/images/preprocessed/trome/2014/01/01/trome_2014-01-01#04.png: EngineCore encountered an issue. See stack trace (above) for the root cause.
Adding requests:   0%|          | 0/1 [00:00<?, ?it/s]Adding requests:   0%|          | 0/1 [00:00<?, ?it/s]
✗ Failed to process results/images/preprocessed/trome/2014/01/01/trome_2014-01-01#04.png: The decoder prompt (length 8373) is longer than the maximum model length of 8192. Make sure that `max_model_len` is no smaller than the number of text tokens.
Adding requests:   0%|          | 0/1 [00:00<?, ?it/s]Adding requests:   0%|          | 0/1 [00:00<?, ?it/s]
✗ Failed to process results/images/preprocessed/trome/2014/01/01/trome_2014-01-01#04.png: EngineCore encountered an issue. See stack trace (above) for the root cause.
Adding requests:   0%|          | 0/1 [00:00<?, ?it/s]Adding requests:   0%|          | 0/1 [00:00<?, ?it/s]
✗ Failed to process results/images/preprocessed/trome/2014/01/01/trome_2014-01-01#04.png: EngineCore encountered an issue. See stack trace (above) for the root cause.
Adding requests:   0%|          | 0/1 [00:00<?, ?it/s]Adding requests:   0%|          | 0/1 [00:00<?, ?it/s]
✗ Failed to process results/images/preprocessed/trome/2014/01/01/trome_2014-01-01#04.png: EngineCore encountered an issue. See stack trace (above) for the root cause.
Adding requests:   0%|          | 0/1 [00:00<?, ?it/s]Adding requests:   0%|          | 0/1 [00:00<?, ?it/s]
✗ Failed to process results/images/preprocessed/trome/2014/01/01/trome_2014-01-01#04.png: EngineCore encountered an issue. See stack trace (above) for the root cause.
Adding requests:   0%|          | 0/1 [00:00<?, ?it/s]Adding requests:   0%|          | 0/1 [00:00<?, ?it/s]
✗ Failed to process results/images/preprocessed/trome/2014/01/01/trome_2014-01-01#04.png: EngineCore encountered an issue. See stack trace (above) for the root cause.
Adding requests:   0%|          | 0/1 [00:00<?, ?it/s]Adding requests:   0%|          | 0/1 [00:00<?, ?it/s]
✗ Failed to process results/images/preprocessed/trome/2014/01/01/trome_2014-01-01#04.png: EngineCore encountered an issue. See stack trace (above) for the root cause.
Adding requests:   0%|          | 0/1 [00:00<?, ?it/s]Adding requests:   0%|          | 0/1 [00:00<?, ?it/s]
✗ Failed to process results/images/preprocessed/trome/2014/01/01/trome_2014-01-01#04.png: EngineCore encountered an issue. See stack trace (above) for the root cause.
Adding requests:   0%|          | 0/1 [00:00<?, ?it/s]Adding requests:   0%|          | 0/1 [00:00<?, ?it/s]
✗ Failed to process results/images/preprocessed/trome/2014/01/01/trome_2014-01-01#04.png: EngineCore encountered an issue. See stack trace (above) for the root cause.
Adding requests:   0%|          | 0/1 [00:00<?, ?it/s]Adding requests:   0%|          | 0/1 [00:00<?, ?it/s]
✗ Failed to process results/images/preprocessed/trome/2014/01/01/trome_2014-01-01#04.png: EngineCore encountered an issue. See stack trace (above) for the root cause.
Adding requests:   0%|          | 0/1 [00:00<?, ?it/s]Adding requests:   0%|          | 0/1 [00:00<?, ?it/s]
✗ Failed to process results/images/preprocessed/trome/2014/01/01/trome_2014-01-01#04.png: EngineCore encountered an issue. See stack trace (above) for the root cause.
Adding requests:   0%|          | 0/1 [00:00<?, ?it/s]Adding requests:   0%|          | 0/1 [00:00<?, ?it/s]
✗ Failed to process results/images/preprocessed/trome/2014/01/01/trome_2014-01-01#04.png: EngineCore encountered an issue. See stack trace (above) for the root cause.
Adding requests:   0%|          | 0/1 [00:00<?, ?it/s]Adding requests:   0%|          | 0/1 [00:00<?, ?it/s]
✗ Failed to process results/images/preprocessed/trome/2014/01/01/trome_2014-01-01#04.png: EngineCore encountered an issue. See stack trace (above) for the root cause.
Adding requests:   0%|          | 0/1 [00:00<?, ?it/s]Adding requests:   0%|          | 0/1 [00:00<?, ?it/s]
✗ Failed to process results/images/preprocessed/trome/2014/01/01/trome_2014-01-01#04.png: EngineCore encountered an issue. See stack trace (above) for the root cause.
Adding requests:   0%|          | 0/1 [00:00<?, ?it/s]Adding requests:   0%|          | 0/1 [00:00<?, ?it/s]
✗ Failed to process results/images/preprocessed/trome/2014/01/01/trome_2014-01-01#04.png: EngineCore encountered an issue. See stack trace (above) for the root cause.
Adding requests:   0%|          | 0/1 [00:00<?, ?it/s]Adding requests:   0%|          | 0/1 [00:00<?, ?it/s]
✗ Failed to process results/images/preprocessed/trome/2014/01/01/trome_2014-01-01#04.png: The decoder prompt (length 11873) is longer than the maximum model length of 8192. Make sure that `max_model_len` is no smaller than the number of text tokens.
Adding requests:   0%|          | 0/1 [00:00<?, ?it/s]Adding requests:   0%|          | 0/1 [00:00<?, ?it/s]
✗ Failed to process results/images/preprocessed/trome/2014/01/01/trome_2014-01-01#04.png: EngineCore encountered an issue. See stack trace (above) for the root cause.
Adding requests:   0%|          | 0/1 [00:00<?, ?it/s]Adding requests:   0%|          | 0/1 [00:00<?, ?it/s]
✗ Failed to process results/images/preprocessed/trome/2014/01/01/trome_2014-01-01#04.png: EngineCore encountered an issue. See stack trace (above) for the root cause.
Adding requests:   0%|          | 0/1 [00:00<?, ?it/s]Adding requests:   0%|          | 0/1 [00:00<?, ?it/s]
✗ Failed to process results/images/preprocessed/trome/2014/01/01/trome_2014-01-01#04.png: EngineCore encountered an issue. See stack trace (above) for the root cause.
Adding requests:   0%|          | 0/1 [00:00<?, ?it/s]Adding requests:   0%|          | 0/1 [00:00<?, ?it/s]
✗ Failed to process results/images/preprocessed/trome/2014/01/01/trome_2014-01-01#04.png: EngineCore encountered an issue. See stack trace (above) for the root cause.
Adding requests:   0%|          | 0/1 [00:00<?, ?it/s]Adding requests:   0%|          | 0/1 [00:00<?, ?it/s]
✗ Failed to process results/images/preprocessed/trome/2014/01/01/trome_2014-01-01#04.png: EngineCore encountered an issue. See stack trace (above) for the root cause.
Adding requests:   0%|          | 0/1 [00:00<?, ?it/s]Adding requests:   0%|          | 0/1 [00:00<?, ?it/s]
✗ Failed to process results/images/preprocessed/trome/2014/01/01/trome_2014-01-01#04.png: EngineCore encountered an issue. See stack trace (above) for the root cause.
Adding requests:   0%|          | 0/1 [00:00<?, ?it/s]Adding requests:   0%|          | 0/1 [00:00<?, ?it/s]
✗ Failed to process results/images/preprocessed/trome/2014/01/01/trome_2014-01-01#04.png: EngineCore encountered an issue. See stack trace (above) for the root cause.
Adding requests:   0%|          | 0/1 [00:00<?, ?it/s]Adding requests:   0%|          | 0/1 [00:00<?, ?it/s]
✗ Failed to process results/images/preprocessed/trome/2014/01/01/trome_2014-01-01#04.png: EngineCore encountered an issue. See stack trace (above) for the root cause.
Adding requests:   0%|          | 0/1 [00:00<?, ?it/s]Adding requests:   0%|          | 0/1 [00:00<?, ?it/s]
✗ Failed to process results/images/preprocessed/trome/2014/01/01/trome_2014-01-01#04.png: EngineCore encountered an issue. See stack trace (above) for the root cause.
Adding requests:   0%|          | 0/1 [00:00<?, ?it/s]Adding requests:   0%|          | 0/1 [00:00<?, ?it/s]
✗ Failed to process results/images/preprocessed/trome/2014/01/01/trome_2014-01-01#04.png: EngineCore encountered an issue. See stack trace (above) for the root cause.
Adding requests:   0%|          | 0/1 [00:00<?, ?it/s]Adding requests:   0%|          | 0/1 [00:00<?, ?it/s]
✗ Failed to process results/images/preprocessed/trome/2014/01/01/trome_2014-01-01#04.png: EngineCore encountered an issue. See stack trace (above) for the root cause.
Adding requests:   0%|          | 0/1 [00:00<?, ?it/s]Adding requests:   0%|          | 0/1 [00:00<?, ?it/s]
✗ Failed to process results/images/preprocessed/trome/2014/01/01/trome_2014-01-01#04.png: EngineCore encountered an issue. See stack trace (above) for the root cause.
Adding requests:   0%|          | 0/1 [00:00<?, ?it/s]Adding requests:   0%|          | 0/1 [00:00<?, ?it/s]
✗ Failed to process results/images/preprocessed/trome/2014/01/01/trome_2014-01-01#04.png: EngineCore encountered an issue. See stack trace (above) for the root cause.
Adding requests:   0%|          | 0/1 [00:00<?, ?it/s]Adding requests:   0%|          | 0/1 [00:00<?, ?it/s]
✗ Failed to process results/images/preprocessed/trome/2014/01/01/trome_2014-01-01#04.png: EngineCore encountered an issue. See stack trace (above) for the root cause.
Adding requests:   0%|          | 0/1 [00:00<?, ?it/s]Adding requests:   0%|          | 0/1 [00:00<?, ?it/s]
✗ Failed to process results/images/preprocessed/trome/2014/01/01/trome_2014-01-01#04.png: EngineCore encountered an issue. See stack trace (above) for the root cause.
Adding requests:   0%|          | 0/1 [00:00<?, ?it/s]Adding requests:   0%|          | 0/1 [00:00<?, ?it/s]
✗ Failed to process results/images/preprocessed/trome/2014/01/01/trome_2014-01-01#04.png: EngineCore encountered an issue. See stack trace (above) for the root cause.
Adding requests:   0%|          | 0/1 [00:00<?, ?it/s]Adding requests:   0%|          | 0/1 [00:00<?, ?it/s]
✗ Failed to process results/images/preprocessed/trome/2014/01/01/trome_2014-01-01#04.png: EngineCore encountered an issue. See stack trace (above) for the root cause.
Adding requests:   0%|          | 0/1 [00:00<?, ?it/s]Adding requests:   0%|          | 0/1 [00:00<?, ?it/s]
✗ Failed to process results/images/preprocessed/trome/2014/01/01/trome_2014-01-01#04.png: EngineCore encountered an issue. See stack trace (above) for the root cause.
Adding requests:   0%|          | 0/1 [00:00<?, ?it/s]Adding requests:   0%|          | 0/1 [00:00<?, ?it/s]
✗ Failed to process results/images/preprocessed/trome/2014/01/01/trome_2014-01-01#04.png: EngineCore encountered an issue. See stack trace (above) for the root cause.
Adding requests:   0%|          | 0/1 [00:00<?, ?it/s]Adding requests:   0%|          | 0/1 [00:00<?, ?it/s]
✗ Failed to process results/images/preprocessed/trome/2014/01/01/trome_2014-01-01#04.png: EngineCore encountered an issue. See stack trace (above) for the root cause.
Adding requests:   0%|          | 0/1 [00:00<?, ?it/s]Adding requests:   0%|          | 0/1 [00:00<?, ?it/s]
✗ Failed to process results/images/preprocessed/trome/2014/01/01/trome_2014-01-01#04.png: EngineCore encountered an issue. See stack trace (above) for the root cause.
Adding requests:   0%|          | 0/1 [00:00<?, ?it/s]Adding requests:   0%|          | 0/1 [00:00<?, ?it/s]
✗ Failed to process results/images/preprocessed/trome/2014/01/01/trome_2014-01-01#04.png: EngineCore encountered an issue. See stack trace (above) for the root cause.
Adding requests:   0%|          | 0/1 [00:00<?, ?it/s]Adding requests:   0%|          | 0/1 [00:00<?, ?it/s]
✗ Failed to process results/images/preprocessed/trome/2014/01/01/trome_2014-01-01#04.png: EngineCore encountered an issue. See stack trace (above) for the root cause.
Adding requests:   0%|          | 0/1 [00:00<?, ?it/s]Adding requests:   0%|          | 0/1 [00:00<?, ?it/s]
✗ Failed to process results/images/preprocessed/trome/2014/01/01/trome_2014-01-01#04.png: EngineCore encountered an issue. See stack trace (above) for the root cause.
Adding requests:   0%|          | 0/1 [00:00<?, ?it/s]Adding requests:   0%|          | 0/1 [00:00<?, ?it/s]
✗ Failed to process results/images/preprocessed/trome/2014/01/01/trome_2014-01-01#04.png: EngineCore encountered an issue. See stack trace (above) for the root cause.
Adding requests:   0%|          | 0/1 [00:00<?, ?it/s]Adding requests:   0%|          | 0/1 [00:00<?, ?it/s]
✗ Failed to process results/images/preprocessed/trome/2014/01/01/trome_2014-01-01#04.png: EngineCore encountered an issue. See stack trace (above) for the root cause.
Adding requests:   0%|          | 0/1 [00:00<?, ?it/s]Adding requests:   0%|          | 0/1 [00:00<?, ?it/s]
✗ Failed to process results/images/preprocessed/trome/2014/01/01/trome_2014-01-01#04.png: EngineCore encountered an issue. See stack trace (above) for the root cause.
Adding requests:   0%|          | 0/1 [00:00<?, ?it/s]Adding requests:   0%|          | 0/1 [00:00<?, ?it/s]
✗ Failed to process results/images/preprocessed/trome/2014/01/01/trome_2014-01-01#04.png: EngineCore encountered an issue. See stack trace (above) for the root cause.
Adding requests:   0%|          | 0/1 [00:00<?, ?it/s]Adding requests:   0%|          | 0/1 [00:00<?, ?it/s]
✗ Failed to process results/images/preprocessed/trome/2014/01/01/trome_2014-01-01#04.png: EngineCore encountered an issue. See stack trace (above) for the root cause.
Adding requests:   0%|          | 0/1 [00:00<?, ?it/s]Adding requests:   0%|          | 0/1 [00:00<?, ?it/s]
✗ Failed to process results/images/preprocessed/trome/2014/01/01/trome_2014-01-01#04.png: EngineCore encountered an issue. See stack trace (above) for the root cause.
Adding requests:   0%|          | 0/1 [00:00<?, ?it/s]Adding requests:   0%|          | 0/1 [00:00<?, ?it/s]
✗ Failed to process results/images/preprocessed/trome/2014/01/01/trome_2014-01-01#04.png: EngineCore encountered an issue. See stack trace (above) for the root cause.
Adding requests:   0%|          | 0/1 [00:00<?, ?it/s]Adding requests:   0%|          | 0/1 [00:00<?, ?it/s]
✗ Failed to process results/images/preprocessed/trome/2014/01/01/trome_2014-01-01#04.png: EngineCore encountered an issue. See stack trace (above) for the root cause.
Adding requests:   0%|          | 0/1 [00:00<?, ?it/s]Adding requests:   0%|          | 0/1 [00:00<?, ?it/s]
✗ Failed to process results/images/preprocessed/trome/2014/01/01/trome_2014-01-01#04.png: The decoder prompt (length 8479) is longer than the maximum model length of 8192. Make sure that `max_model_len` is no smaller than the number of text tokens.
Adding requests:   0%|          | 0/1 [00:00<?, ?it/s]Adding requests:   0%|          | 0/1 [00:00<?, ?it/s]
✗ Failed to process results/images/preprocessed/trome/2014/01/01/trome_2014-01-01#04.png: EngineCore encountered an issue. See stack trace (above) for the root cause.
Adding requests:   0%|          | 0/1 [00:00<?, ?it/s]Adding requests:   0%|          | 0/1 [00:00<?, ?it/s]
✗ Failed to process results/images/preprocessed/trome/2014/01/01/trome_2014-01-01#04.png: EngineCore encountered an issue. See stack trace (above) for the root cause.
Adding requests:   0%|          | 0/1 [00:00<?, ?it/s]Adding requests:   0%|          | 0/1 [00:00<?, ?it/s]
✗ Failed to process results/images/preprocessed/trome/2014/01/01/trome_2014-01-01#04.png: EngineCore encountered an issue. See stack trace (above) for the root cause.
Adding requests:   0%|          | 0/1 [00:00<?, ?it/s]Adding requests:   0%|          | 0/1 [00:00<?, ?it/s]
✗ Failed to process results/images/preprocessed/trome/2014/01/01/trome_2014-01-01#04.png: The decoder prompt (length 9929) is longer than the maximum model length of 8192. Make sure that `max_model_len` is no smaller than the number of text tokens.
Adding requests:   0%|          | 0/1 [00:00<?, ?it/s]Adding requests:   0%|          | 0/1 [00:00<?, ?it/s]
✗ Failed to process results/images/preprocessed/trome/2014/01/01/trome_2014-01-01#04.png: EngineCore encountered an issue. See stack trace (above) for the root cause.
Adding requests:   0%|          | 0/1 [00:00<?, ?it/s]Adding requests:   0%|          | 0/1 [00:00<?, ?it/s]
✗ Failed to process results/images/preprocessed/trome/2014/01/01/trome_2014-01-01#04.png: EngineCore encountered an issue. See stack trace (above) for the root cause.
Adding requests:   0%|          | 0/1 [00:00<?, ?it/s]Adding requests:   0%|          | 0/1 [00:00<?, ?it/s]
✗ Failed to process results/images/preprocessed/trome/2014/01/01/trome_2014-01-01#04.png: EngineCore encountered an issue. See stack trace (above) for the root cause.
Adding requests:   0%|          | 0/1 [00:00<?, ?it/s]Adding requests:   0%|          | 0/1 [00:00<?, ?it/s]
✗ Failed to process results/images/preprocessed/trome/2014/01/01/trome_2014-01-01#04.png: EngineCore encountered an issue. See stack trace (above) for the root cause.
Adding requests:   0%|          | 0/1 [00:00<?, ?it/s]Adding requests:   0%|          | 0/1 [00:00<?, ?it/s]
✗ Failed to process results/images/preprocessed/trome/2014/01/01/trome_2014-01-01#04.png: EngineCore encountered an issue. See stack trace (above) for the root cause.
Adding requests:   0%|          | 0/1 [00:00<?, ?it/s]Adding requests:   0%|          | 0/1 [00:00<?, ?it/s]
✗ Failed to process results/images/preprocessed/trome/2014/01/01/trome_2014-01-01#04.png: EngineCore encountered an issue. See stack trace (above) for the root cause.
Adding requests:   0%|          | 0/1 [00:00<?, ?it/s]Adding requests:   0%|          | 0/1 [00:00<?, ?it/s]
✗ Failed to process results/images/preprocessed/trome/2014/01/01/trome_2014-01-01#04.png: EngineCore encountered an issue. See stack trace (above) for the root cause.
Adding requests:   0%|          | 0/1 [00:00<?, ?it/s]Adding requests:   0%|          | 0/1 [00:00<?, ?it/s]
✗ Failed to process results/images/preprocessed/trome/2014/01/01/trome_2014-01-01#04.png: EngineCore encountered an issue. See stack trace (above) for the root cause.
Adding requests:   0%|          | 0/1 [00:00<?, ?it/s]Adding requests:   0%|          | 0/1 [00:00<?, ?it/s]
✗ Failed to process results/images/preprocessed/trome/2014/01/01/trome_2014-01-01#04.png: EngineCore encountered an issue. See stack trace (above) for the root cause.
Adding requests:   0%|          | 0/1 [00:00<?, ?it/s]Adding requests:   0%|          | 0/1 [00:00<?, ?it/s]
✗ Failed to process results/images/preprocessed/trome/2014/01/01/trome_2014-01-01#04.png: EngineCore encountered an issue. See stack trace (above) for the root cause.
Adding requests:   0%|          | 0/1 [00:00<?, ?it/s]Adding requests:   0%|          | 0/1 [00:00<?, ?it/s]
✗ Failed to process results/images/preprocessed/trome/2014/01/01/trome_2014-01-01#04.png: EngineCore encountered an issue. See stack trace (above) for the root cause.
Adding requests:   0%|          | 0/1 [00:00<?, ?it/s]Adding requests:   0%|          | 0/1 [00:00<?, ?it/s]
✗ Failed to process results/images/preprocessed/trome/2014/01/01/trome_2014-01-01#04.png: EngineCore encountered an issue. See stack trace (above) for the root cause.
Adding requests:   0%|          | 0/1 [00:00<?, ?it/s]Adding requests:   0%|          | 0/1 [00:00<?, ?it/s]
✗ Failed to process results/images/preprocessed/trome/2014/01/01/trome_2014-01-01#04.png: EngineCore encountered an issue. See stack trace (above) for the root cause.
Adding requests:   0%|          | 0/1 [00:00<?, ?it/s]Adding requests:   0%|          | 0/1 [00:00<?, ?it/s]
✗ Failed to process results/images/preprocessed/trome/2014/01/01/trome_2014-01-01#04.png: EngineCore encountered an issue. See stack trace (above) for the root cause.
Adding requests:   0%|          | 0/1 [00:00<?, ?it/s]Adding requests:   0%|          | 0/1 [00:00<?, ?it/s]
✗ Failed to process results/images/preprocessed/trome/2014/01/01/trome_2014-01-01#04.png: EngineCore encountered an issue. See stack trace (above) for the root cause.
Adding requests:   0%|          | 0/1 [00:00<?, ?it/s]Adding requests:   0%|          | 0/1 [00:00<?, ?it/s]
✗ Failed to process results/images/preprocessed/trome/2014/01/01/trome_2014-01-01#04.png: EngineCore encountered an issue. See stack trace (above) for the root cause.
Adding requests:   0%|          | 0/1 [00:00<?, ?it/s]Adding requests:   0%|          | 0/1 [00:00<?, ?it/s]
✗ Failed to process results/images/preprocessed/trome/2014/01/01/trome_2014-01-01#04.png: EngineCore encountered an issue. See stack trace (above) for the root cause.
Adding requests:   0%|          | 0/1 [00:00<?, ?it/s]Adding requests:   0%|          | 0/1 [00:00<?, ?it/s]
✗ Failed to process results/images/preprocessed/trome/2014/01/01/trome_2014-01-01#04.png: EngineCore encountered an issue. See stack trace (above) for the root cause.
Adding requests:   0%|          | 0/1 [00:00<?, ?it/s]Adding requests:   0%|          | 0/1 [00:00<?, ?it/s]
✗ Failed to process results/images/preprocessed/trome/2014/01/01/trome_2014-01-01#04.png: EngineCore encountered an issue. See stack trace (above) for the root cause.
Adding requests:   0%|          | 0/1 [00:00<?, ?it/s]Adding requests:   0%|          | 0/1 [00:00<?, ?it/s]
✗ Failed to process results/images/preprocessed/trome/2014/01/01/trome_2014-01-01#04.png: EngineCore encountered an issue. See stack trace (above) for the root cause.
Adding requests:   0%|          | 0/1 [00:00<?, ?it/s]Adding requests:   0%|          | 0/1 [00:00<?, ?it/s]
✗ Failed to process results/images/preprocessed/trome/2014/01/01/trome_2014-01-01#04.png: EngineCore encountered an issue. See stack trace (above) for the root cause.
Adding requests:   0%|          | 0/1 [00:00<?, ?it/s]Adding requests:   0%|          | 0/1 [00:00<?, ?it/s]
✗ Failed to process results/images/preprocessed/trome/2014/01/01/trome_2014-01-01#04.png: EngineCore encountered an issue. See stack trace (above) for the root cause.
Adding requests:   0%|          | 0/1 [00:00<?, ?it/s]Adding requests:   0%|          | 0/1 [00:00<?, ?it/s]
✗ Failed to process results/images/preprocessed/trome/2014/01/01/trome_2014-01-01#04.png: EngineCore encountered an issue. See stack trace (above) for the root cause.
Adding requests:   0%|          | 0/1 [00:00<?, ?it/s]Adding requests:   0%|          | 0/1 [00:00<?, ?it/s]
✗ Failed to process results/images/preprocessed/trome/2014/01/01/trome_2014-01-01#04.png: EngineCore encountered an issue. See stack trace (above) for the root cause.
Adding requests:   0%|          | 0/1 [00:00<?, ?it/s]Adding requests:   0%|          | 0/1 [00:00<?, ?it/s]
✗ Failed to process results/images/preprocessed/trome/2014/01/01/trome_2014-01-01#04.png: EngineCore encountered an issue. See stack trace (above) for the root cause.
Adding requests:   0%|          | 0/1 [00:00<?, ?it/s]Adding requests:   0%|          | 0/1 [00:00<?, ?it/s]
✗ Failed to process results/images/preprocessed/trome/2014/01/01/trome_2014-01-01#04.png: EngineCore encountered an issue. See stack trace (above) for the root cause.
Adding requests:   0%|          | 0/1 [00:00<?, ?it/s]Adding requests:   0%|          | 0/1 [00:00<?, ?it/s]
✗ Failed to process results/images/preprocessed/trome/2014/01/01/trome_2014-01-01#04.png: EngineCore encountered an issue. See stack trace (above) for the root cause.
Adding requests:   0%|          | 0/1 [00:00<?, ?it/s]Adding requests:   0%|          | 0/1 [00:00<?, ?it/s]
✗ Failed to process results/images/preprocessed/trome/2014/01/01/trome_2014-01-01#04.png: EngineCore encountered an issue. See stack trace (above) for the root cause.
Adding requests:   0%|          | 0/1 [00:00<?, ?it/s]Adding requests:   0%|          | 0/1 [00:00<?, ?it/s]
✗ Failed to process results/images/preprocessed/trome/2014/01/01/trome_2014-01-01#04.png: EngineCore encountered an issue. See stack trace (above) for the root cause.
Adding requests:   0%|          | 0/1 [00:00<?, ?it/s]Adding requests:   0%|          | 0/1 [00:00<?, ?it/s]
✗ Failed to process results/images/preprocessed/trome/2014/01/01/trome_2014-01-01#04.png: EngineCore encountered an issue. See stack trace (above) for the root cause.
Adding requests:   0%|          | 0/1 [00:00<?, ?it/s]Adding requests:   0%|          | 0/1 [00:00<?, ?it/s]
✗ Failed to process results/images/preprocessed/trome/2014/01/01/trome_2014-01-01#04.png: EngineCore encountered an issue. See stack trace (above) for the root cause.
Adding requests:   0%|          | 0/1 [00:00<?, ?it/s]Adding requests:   0%|          | 0/1 [00:00<?, ?it/s]
✗ Failed to process results/images/preprocessed/trome/2014/01/01/trome_2014-01-01#04.png: EngineCore encountered an issue. See stack trace (above) for the root cause.
Adding requests:   0%|          | 0/1 [00:00<?, ?it/s]Adding requests:   0%|          | 0/1 [00:00<?, ?it/s]
✗ Failed to process results/images/preprocessed/trome/2014/01/01/trome_2014-01-01#04.png: EngineCore encountered an issue. See stack trace (above) for the root cause.
Adding requests:   0%|          | 0/1 [00:00<?, ?it/s]Adding requests:   0%|          | 0/1 [00:00<?, ?it/s]
✗ Failed to process results/images/preprocessed/trome/2014/01/01/trome_2014-01-01#04.png: EngineCore encountered an issue. See stack trace (above) for the root cause.
Adding requests:   0%|          | 0/1 [00:00<?, ?it/s]Adding requests:   0%|          | 0/1 [00:00<?, ?it/s]
✗ Failed to process results/images/preprocessed/trome/2014/01/01/trome_2014-01-01#04.png: EngineCore encountered an issue. See stack trace (above) for the root cause.
Adding requests:   0%|          | 0/1 [00:00<?, ?it/s]Adding requests:   0%|          | 0/1 [00:00<?, ?it/s]
✗ Failed to process results/images/preprocessed/trome/2014/01/01/trome_2014-01-01#04.png: The decoder prompt (length 8487) is longer than the maximum model length of 8192. Make sure that `max_model_len` is no smaller than the number of text tokens.
Adding requests:   0%|          | 0/1 [00:00<?, ?it/s]Adding requests:   0%|          | 0/1 [00:00<?, ?it/s]
✗ Failed to process results/images/preprocessed/trome/2014/01/01/trome_2014-01-01#04.png: EngineCore encountered an issue. See stack trace (above) for the root cause.
Adding requests:   0%|          | 0/1 [00:00<?, ?it/s]Adding requests:   0%|          | 0/1 [00:00<?, ?it/s]
✗ Failed to process results/images/preprocessed/trome/2014/01/01/trome_2014-01-01#04.png: EngineCore encountered an issue. See stack trace (above) for the root cause.
Adding requests:   0%|          | 0/1 [00:00<?, ?it/s]Adding requests:   0%|          | 0/1 [00:00<?, ?it/s]
✗ Failed to process results/images/preprocessed/trome/2014/01/01/trome_2014-01-01#04.png: EngineCore encountered an issue. See stack trace (above) for the root cause.
Adding requests:   0%|          | 0/1 [00:00<?, ?it/s]Adding requests:   0%|          | 0/1 [00:00<?, ?it/s]
✗ Failed to process results/images/preprocessed/trome/2014/01/01/trome_2014-01-01#04.png: EngineCore encountered an issue. See stack trace (above) for the root cause.
Adding requests:   0%|          | 0/1 [00:00<?, ?it/s]Adding requests:   0%|          | 0/1 [00:00<?, ?it/s]
✗ Failed to process results/images/preprocessed/trome/2014/01/01/trome_2014-01-01#04.png: EngineCore encountered an issue. See stack trace (above) for the root cause.
Adding requests:   0%|          | 0/1 [00:00<?, ?it/s]Adding requests:   0%|          | 0/1 [00:00<?, ?it/s]
✗ Failed to process results/images/preprocessed/trome/2014/01/01/trome_2014-01-01#04.png: EngineCore encountered an issue. See stack trace (above) for the root cause.
Adding requests:   0%|          | 0/1 [00:00<?, ?it/s]Adding requests:   0%|          | 0/1 [00:00<?, ?it/s]
✗ Failed to process results/images/preprocessed/trome/2014/01/01/trome_2014-01-01#04.png: EngineCore encountered an issue. See stack trace (above) for the root cause.
Adding requests:   0%|          | 0/1 [00:00<?, ?it/s]Adding requests:   0%|          | 0/1 [00:00<?, ?it/s]
✗ Failed to process results/images/preprocessed/trome/2014/01/01/trome_2014-01-01#04.png: EngineCore encountered an issue. See stack trace (above) for the root cause.
Adding requests:   0%|          | 0/1 [00:00<?, ?it/s]Adding requests:   0%|          | 0/1 [00:00<?, ?it/s]
✗ Failed to process results/images/preprocessed/trome/2014/01/01/trome_2014-01-01#04.png: EngineCore encountered an issue. See stack trace (above) for the root cause.
Adding requests:   0%|          | 0/1 [00:00<?, ?it/s]Adding requests:   0%|          | 0/1 [00:00<?, ?it/s]
✗ Failed to process results/images/preprocessed/trome/2014/01/01/trome_2014-01-01#04.png: EngineCore encountered an issue. See stack trace (above) for the root cause.
Adding requests:   0%|          | 0/1 [00:00<?, ?it/s]Adding requests:   0%|          | 0/1 [00:00<?, ?it/s]
✗ Failed to process results/images/preprocessed/trome/2014/01/01/trome_2014-01-01#04.png: EngineCore encountered an issue. See stack trace (above) for the root cause.
Adding requests:   0%|          | 0/1 [00:00<?, ?it/s]Adding requests:   0%|          | 0/1 [00:00<?, ?it/s]
✗ Failed to process results/images/preprocessed/trome/2014/01/01/trome_2014-01-01#04.png: EngineCore encountered an issue. See stack trace (above) for the root cause.
Adding requests:   0%|          | 0/1 [00:00<?, ?it/s]Adding requests:   0%|          | 0/1 [00:00<?, ?it/s]
✗ Failed to process results/images/preprocessed/trome/2014/01/01/trome_2014-01-01#04.png: EngineCore encountered an issue. See stack trace (above) for the root cause.
Adding requests:   0%|          | 0/1 [00:00<?, ?it/s]Adding requests:   0%|          | 0/1 [00:00<?, ?it/s]
✗ Failed to process results/images/preprocessed/trome/2014/01/01/trome_2014-01-01#04.png: EngineCore encountered an issue. See stack trace (above) for the root cause.
Adding requests:   0%|          | 0/1 [00:00<?, ?it/s]Adding requests:   0%|          | 0/1 [00:00<?, ?it/s]
✗ Failed to process results/images/preprocessed/trome/2014/01/01/trome_2014-01-01#04.png: EngineCore encountered an issue. See stack trace (above) for the root cause.
Adding requests:   0%|          | 0/1 [00:00<?, ?it/s]Adding requests:   0%|          | 0/1 [00:00<?, ?it/s]
✗ Failed to process results/images/preprocessed/trome/2014/01/01/trome_2014-01-01#04.png: EngineCore encountered an issue. See stack trace (above) for the root cause.
Adding requests:   0%|          | 0/1 [00:00<?, ?it/s]Adding requests:   0%|          | 0/1 [00:00<?, ?it/s]
✗ Failed to process results/images/preprocessed/trome/2014/01/01/trome_2014-01-01#04.png: EngineCore encountered an issue. See stack trace (above) for the root cause.
Adding requests:   0%|          | 0/1 [00:00<?, ?it/s]Adding requests:   0%|          | 0/1 [00:00<?, ?it/s]
✗ Failed to process results/images/preprocessed/trome/2014/01/01/trome_2014-01-01#04.png: EngineCore encountered an issue. See stack trace (above) for the root cause.
Adding requests:   0%|          | 0/1 [00:00<?, ?it/s]Adding requests:   0%|          | 0/1 [00:00<?, ?it/s]
✗ Failed to process results/images/preprocessed/trome/2014/01/01/trome_2014-01-01#04.png: EngineCore encountered an issue. See stack trace (above) for the root cause.
Adding requests:   0%|          | 0/1 [00:00<?, ?it/s]Adding requests:   0%|          | 0/1 [00:00<?, ?it/s]
✗ Failed to process results/images/preprocessed/trome/2014/01/01/trome_2014-01-01#04.png: EngineCore encountered an issue. See stack trace (above) for the root cause.
Adding requests:   0%|          | 0/1 [00:00<?, ?it/s]Adding requests:   0%|          | 0/1 [00:00<?, ?it/s]
✗ Failed to process results/images/preprocessed/trome/2014/01/01/trome_2014-01-01#04.png: EngineCore encountered an issue. See stack trace (above) for the root cause.
Adding requests:   0%|          | 0/1 [00:00<?, ?it/s]Adding requests:   0%|          | 0/1 [00:00<?, ?it/s]
✗ Failed to process results/images/preprocessed/trome/2014/01/01/trome_2014-01-01#04.png: EngineCore encountered an issue. See stack trace (above) for the root cause.
Adding requests:   0%|          | 0/1 [00:00<?, ?it/s]Adding requests:   0%|          | 0/1 [00:00<?, ?it/s]
✗ Failed to process results/images/preprocessed/trome/2014/01/01/trome_2014-01-01#04.png: EngineCore encountered an issue. See stack trace (above) for the root cause.
Adding requests:   0%|          | 0/1 [00:00<?, ?it/s]Adding requests:   0%|          | 0/1 [00:00<?, ?it/s]
✗ Failed to process results/images/preprocessed/trome/2014/01/01/trome_2014-01-01#04.png: EngineCore encountered an issue. See stack trace (above) for the root cause.
Adding requests:   0%|          | 0/1 [00:00<?, ?it/s]Adding requests:   0%|          | 0/1 [00:00<?, ?it/s]
✗ Failed to process results/images/preprocessed/trome/2014/01/01/trome_2014-01-01#04.png: EngineCore encountered an issue. See stack trace (above) for the root cause.
Adding requests:   0%|          | 0/1 [00:00<?, ?it/s]Adding requests:   0%|          | 0/1 [00:00<?, ?it/s]
✗ Failed to process results/images/preprocessed/trome/2014/01/01/trome_2014-01-01#04.png: EngineCore encountered an issue. See stack trace (above) for the root cause.
Adding requests:   0%|          | 0/1 [00:00<?, ?it/s]Adding requests:   0%|          | 0/1 [00:00<?, ?it/s]
✗ Failed to process results/images/preprocessed/trome/2014/01/01/trome_2014-01-01#04.png: EngineCore encountered an issue. See stack trace (above) for the root cause.
Adding requests:   0%|          | 0/1 [00:00<?, ?it/s]Adding requests:   0%|          | 0/1 [00:00<?, ?it/s]
✗ Failed to process results/images/preprocessed/trome/2014/01/01/trome_2014-01-01#04.png: EngineCore encountered an issue. See stack trace (above) for the root cause.
Adding requests:   0%|          | 0/1 [00:00<?, ?it/s]Adding requests:   0%|          | 0/1 [00:00<?, ?it/s]
✗ Failed to process results/images/preprocessed/trome/2014/01/01/trome_2014-01-01#04.png: EngineCore encountered an issue. See stack trace (above) for the root cause.
Adding requests:   0%|          | 0/1 [00:00<?, ?it/s]Adding requests:   0%|          | 0/1 [00:00<?, ?it/s]
✗ Failed to process results/images/preprocessed/trome/2014/01/01/trome_2014-01-01#04.png: EngineCore encountered an issue. See stack trace (above) for the root cause.
Adding requests:   0%|          | 0/1 [00:00<?, ?it/s]Adding requests:   0%|          | 0/1 [00:00<?, ?it/s]
✗ Failed to process results/images/preprocessed/trome/2014/01/01/trome_2014-01-01#04.png: EngineCore encountered an issue. See stack trace (above) for the root cause.
Adding requests:   0%|          | 0/1 [00:00<?, ?it/s]Adding requests:   0%|          | 0/1 [00:00<?, ?it/s]
✗ Failed to process results/images/preprocessed/trome/2014/01/01/trome_2014-01-01#04.png: EngineCore encountered an issue. See stack trace (above) for the root cause.
Adding requests:   0%|          | 0/1 [00:00<?, ?it/s]Adding requests:   0%|          | 0/1 [00:00<?, ?it/s]
✗ Failed to process results/images/preprocessed/trome/2014/01/01/trome_2014-01-01#04.png: EngineCore encountered an issue. See stack trace (above) for the root cause.
Adding requests:   0%|          | 0/1 [00:00<?, ?it/s]Adding requests:   0%|          | 0/1 [00:00<?, ?it/s]
✗ Failed to process results/images/preprocessed/trome/2014/01/01/trome_2014-01-01#04.png: EngineCore encountered an issue. See stack trace (above) for the root cause.
Adding requests:   0%|          | 0/1 [00:00<?, ?it/s]Adding requests:   0%|          | 0/1 [00:00<?, ?it/s]
✗ Failed to process results/images/preprocessed/trome/2014/01/01/trome_2014-01-01#04.png: EngineCore encountered an issue. See stack trace (above) for the root cause.
Adding requests:   0%|          | 0/1 [00:00<?, ?it/s]Adding requests:   0%|          | 0/1 [00:00<?, ?it/s]
✗ Failed to process results/images/preprocessed/trome/2014/01/01/trome_2014-01-01#04.png: EngineCore encountered an issue. See stack trace (above) for the root cause.
Adding requests:   0%|          | 0/1 [00:00<?, ?it/s]Adding requests:   0%|          | 0/1 [00:00<?, ?it/s]
✗ Failed to process results/images/preprocessed/trome/2014/01/01/trome_2014-01-01#04.png: EngineCore encountered an issue. See stack trace (above) for the root cause.
Adding requests:   0%|          | 0/1 [00:00<?, ?it/s]Adding requests:   0%|          | 0/1 [00:00<?, ?it/s]
✗ Failed to process results/images/preprocessed/trome/2014/01/01/trome_2014-01-01#04.png: EngineCore encountered an issue. See stack trace (above) for the root cause.
Adding requests:   0%|          | 0/1 [00:00<?, ?it/s]Adding requests:   0%|          | 0/1 [00:00<?, ?it/s]
✗ Failed to process results/images/preprocessed/trome/2014/01/01/trome_2014-01-01#04.png: EngineCore encountered an issue. See stack trace (above) for the root cause.
Adding requests:   0%|          | 0/1 [00:00<?, ?it/s]Adding requests:   0%|          | 0/1 [00:00<?, ?it/s]
✗ Failed to process results/images/preprocessed/trome/2014/01/01/trome_2014-01-01#04.png: EngineCore encountered an issue. See stack trace (above) for the root cause.
Adding requests:   0%|          | 0/1 [00:00<?, ?it/s]Adding requests:   0%|          | 0/1 [00:00<?, ?it/s]
✗ Failed to process results/images/preprocessed/trome/2014/01/01/trome_2014-01-01#04.png: EngineCore encountered an issue. See stack trace (above) for the root cause.
Adding requests:   0%|          | 0/1 [00:00<?, ?it/s]Adding requests:   0%|          | 0/1 [00:00<?, ?it/s]
✗ Failed to process results/images/preprocessed/trome/2014/01/01/trome_2014-01-01#04.png: EngineCore encountered an issue. See stack trace (above) for the root cause.
Adding requests:   0%|          | 0/1 [00:00<?, ?it/s]Adding requests:   0%|          | 0/1 [00:00<?, ?it/s]
✗ Failed to process results/images/preprocessed/trome/2014/01/01/trome_2014-01-01#04.png: EngineCore encountered an issue. See stack trace (above) for the root cause.
Adding requests:   0%|          | 0/1 [00:00<?, ?it/s]Adding requests:   0%|          | 0/1 [00:00<?, ?it/s]
✗ Failed to process results/images/preprocessed/trome/2014/01/01/trome_2014-01-01#04.png: EngineCore encountered an issue. See stack trace (above) for the root cause.
Adding requests:   0%|          | 0/1 [00:00<?, ?it/s]Adding requests:   0%|          | 0/1 [00:00<?, ?it/s]
✗ Failed to process results/images/preprocessed/trome/2014/01/01/trome_2014-01-01#04.png: EngineCore encountered an issue. See stack trace (above) for the root cause.
Adding requests:   0%|          | 0/1 [00:00<?, ?it/s]Adding requests:   0%|          | 0/1 [00:00<?, ?it/s]
✗ Failed to process results/images/preprocessed/trome/2014/01/01/trome_2014-01-01#04.png: EngineCore encountered an issue. See stack trace (above) for the root cause.
Adding requests:   0%|          | 0/1 [00:00<?, ?it/s]Adding requests:   0%|          | 0/1 [00:00<?, ?it/s]
✗ Failed to process results/images/preprocessed/trome/2014/01/01/trome_2014-01-01#04.png: EngineCore encountered an issue. See stack trace (above) for the root cause.
Adding requests:   0%|          | 0/1 [00:00<?, ?it/s]Adding requests:   0%|          | 0/1 [00:00<?, ?it/s]
✗ Failed to process results/images/preprocessed/trome/2014/01/01/trome_2014-01-01#04.png: EngineCore encountered an issue. See stack trace (above) for the root cause.
Adding requests:   0%|          | 0/1 [00:00<?, ?it/s]Adding requests:   0%|          | 0/1 [00:00<?, ?it/s]
✗ Failed to process results/images/preprocessed/trome/2014/01/01/trome_2014-01-01#04.png: EngineCore encountered an issue. See stack trace (above) for the root cause.
Adding requests:   0%|          | 0/1 [00:00<?, ?it/s]Adding requests:   0%|          | 0/1 [00:00<?, ?it/s]
✗ Failed to process results/images/preprocessed/trome/2014/01/01/trome_2014-01-01#04.png: EngineCore encountered an issue. See stack trace (above) for the root cause.
Adding requests:   0%|          | 0/1 [00:00<?, ?it/s]Adding requests:   0%|          | 0/1 [00:00<?, ?it/s]
✗ Failed to process results/images/preprocessed/trome/2014/01/01/trome_2014-01-01#04.png: EngineCore encountered an issue. See stack trace (above) for the root cause.
Adding requests:   0%|          | 0/1 [00:00<?, ?it/s]Adding requests:   0%|          | 0/1 [00:00<?, ?it/s]
✗ Failed to process results/images/preprocessed/trome/2014/01/01/trome_2014-01-01#04.png: EngineCore encountered an issue. See stack trace (above) for the root cause.
Adding requests:   0%|          | 0/1 [00:00<?, ?it/s]Adding requests:   0%|          | 0/1 [00:00<?, ?it/s]
✗ Failed to process results/images/preprocessed/trome/2014/01/01/trome_2014-01-01#04.png: EngineCore encountered an issue. See stack trace (above) for the root cause.
Adding requests:   0%|          | 0/1 [00:00<?, ?it/s]Adding requests:   0%|          | 0/1 [00:00<?, ?it/s]
✗ Failed to process results/images/preprocessed/trome/2014/01/01/trome_2014-01-01#04.png: EngineCore encountered an issue. See stack trace (above) for the root cause.
Adding requests:   0%|          | 0/1 [00:00<?, ?it/s]Adding requests:   0%|          | 0/1 [00:00<?, ?it/s]
✗ Failed to process results/images/preprocessed/trome/2014/01/01/trome_2014-01-01#04.png: EngineCore encountered an issue. See stack trace (above) for the root cause.
Adding requests:   0%|          | 0/1 [00:00<?, ?it/s]Adding requests:   0%|          | 0/1 [00:00<?, ?it/s]
✗ Failed to process results/images/preprocessed/trome/2014/01/01/trome_2014-01-01#04.png: EngineCore encountered an issue. See stack trace (above) for the root cause.
Adding requests:   0%|          | 0/1 [00:00<?, ?it/s]Adding requests:   0%|          | 0/1 [00:00<?, ?it/s]
✗ Failed to process results/images/preprocessed/trome/2014/01/01/trome_2014-01-01#04.png: EngineCore encountered an issue. See stack trace (above) for the root cause.
Adding requests:   0%|          | 0/1 [00:00<?, ?it/s]Adding requests:   0%|          | 0/1 [00:00<?, ?it/s]
✗ Failed to process results/images/preprocessed/trome/2014/01/01/trome_2014-01-01#04.png: EngineCore encountered an issue. See stack trace (above) for the root cause.
Adding requests:   0%|          | 0/1 [00:00<?, ?it/s]Adding requests:   0%|          | 0/1 [00:00<?, ?it/s]
✗ Failed to process results/images/preprocessed/trome/2014/01/01/trome_2014-01-01#04.png: EngineCore encountered an issue. See stack trace (above) for the root cause.
Adding requests:   0%|          | 0/1 [00:00<?, ?it/s]Adding requests:   0%|          | 0/1 [00:00<?, ?it/s]
✗ Failed to process results/images/preprocessed/trome/2014/01/01/trome_2014-01-01#04.png: EngineCore encountered an issue. See stack trace (above) for the root cause.
Adding requests:   0%|          | 0/1 [00:00<?, ?it/s]Adding requests:   0%|          | 0/1 [00:00<?, ?it/s]
✗ Failed to process results/images/preprocessed/trome/2014/01/01/trome_2014-01-01#04.png: EngineCore encountered an issue. See stack trace (above) for the root cause.
Adding requests:   0%|          | 0/1 [00:00<?, ?it/s]Adding requests:   0%|          | 0/1 [00:00<?, ?it/s]
✗ Failed to process results/images/preprocessed/trome/2014/01/01/trome_2014-01-01#04.png: EngineCore encountered an issue. See stack trace (above) for the root cause.
Adding requests:   0%|          | 0/1 [00:00<?, ?it/s]Adding requests:   0%|          | 0/1 [00:00<?, ?it/s]
✗ Failed to process results/images/preprocessed/trome/2014/01/01/trome_2014-01-01#04.png: EngineCore encountered an issue. See stack trace (above) for the root cause.
Adding requests:   0%|          | 0/1 [00:00<?, ?it/s]Adding requests:   0%|          | 0/1 [00:00<?, ?it/s]
✗ Failed to process results/images/preprocessed/trome/2014/01/01/trome_2014-01-01#04.png: EngineCore encountered an issue. See stack trace (above) for the root cause.
Adding requests:   0%|          | 0/1 [00:00<?, ?it/s]Adding requests:   0%|          | 0/1 [00:00<?, ?it/s]
✗ Failed to process results/images/preprocessed/trome/2014/01/01/trome_2014-01-01#04.png: EngineCore encountered an issue. See stack trace (above) for the root cause.
Adding requests:   0%|          | 0/1 [00:00<?, ?it/s]Adding requests:   0%|          | 0/1 [00:00<?, ?it/s]
✗ Failed to process results/images/preprocessed/trome/2014/01/01/trome_2014-01-01#04.png: EngineCore encountered an issue. See stack trace (above) for the root cause.
Adding requests:   0%|          | 0/1 [00:00<?, ?it/s]Adding requests:   0%|          | 0/1 [00:00<?, ?it/s]
✗ Failed to process results/images/preprocessed/trome/2014/01/01/trome_2014-01-01#04.png: EngineCore encountered an issue. See stack trace (above) for the root cause.
Adding requests:   0%|          | 0/1 [00:00<?, ?it/s]Adding requests:   0%|          | 0/1 [00:00<?, ?it/s]
✗ Failed to process results/images/preprocessed/trome/2014/01/01/trome_2014-01-01#04.png: EngineCore encountered an issue. See stack trace (above) for the root cause.
Adding requests:   0%|          | 0/1 [00:00<?, ?it/s]Adding requests:   0%|          | 0/1 [00:00<?, ?it/s]
✗ Failed to process results/images/preprocessed/trome/2014/01/01/trome_2014-01-01#04.png: EngineCore encountered an issue. See stack trace (above) for the root cause.
Adding requests:   0%|          | 0/1 [00:00<?, ?it/s]Adding requests:   0%|          | 0/1 [00:00<?, ?it/s]
✗ Failed to process results/images/preprocessed/trome/2014/01/01/trome_2014-01-01#04.png: EngineCore encountered an issue. See stack trace (above) for the root cause.
Adding requests:   0%|          | 0/1 [00:00<?, ?it/s]Adding requests:   0%|          | 0/1 [00:00<?, ?it/s]
✗ Failed to process results/images/preprocessed/trome/2014/01/01/trome_2014-01-01#04.png: EngineCore encountered an issue. See stack trace (above) for the root cause.
Adding requests:   0%|          | 0/1 [00:00<?, ?it/s]Adding requests:   0%|          | 0/1 [00:00<?, ?it/s]
✗ Failed to process results/images/preprocessed/trome/2014/01/01/trome_2014-01-01#04.png: EngineCore encountered an issue. See stack trace (above) for the root cause.
Adding requests:   0%|          | 0/1 [00:00<?, ?it/s]Adding requests:   0%|          | 0/1 [00:00<?, ?it/s]
✗ Failed to process results/images/preprocessed/trome/2014/01/01/trome_2014-01-01#04.png: EngineCore encountered an issue. See stack trace (above) for the root cause.
Adding requests:   0%|          | 0/1 [00:00<?, ?it/s]Adding requests:   0%|          | 0/1 [00:00<?, ?it/s]
✗ Failed to process results/images/preprocessed/trome/2014/01/01/trome_2014-01-01#04.png: The decoder prompt (length 8972) is longer than the maximum model length of 8192. Make sure that `max_model_len` is no smaller than the number of text tokens.
Adding requests:   0%|          | 0/1 [00:00<?, ?it/s]Adding requests:   0%|          | 0/1 [00:00<?, ?it/s]
✗ Failed to process results/images/preprocessed/trome/2014/01/01/trome_2014-01-01#04.png: EngineCore encountered an issue. See stack trace (above) for the root cause.
Adding requests:   0%|          | 0/1 [00:00<?, ?it/s]Adding requests:   0%|          | 0/1 [00:00<?, ?it/s]
✗ Failed to process results/images/preprocessed/trome/2014/01/01/trome_2014-01-01#04.png: EngineCore encountered an issue. See stack trace (above) for the root cause.
Adding requests:   0%|          | 0/1 [00:00<?, ?it/s]Adding requests:   0%|          | 0/1 [00:00<?, ?it/s]
✗ Failed to process results/images/preprocessed/trome/2014/01/01/trome_2014-01-01#04.png: EngineCore encountered an issue. See stack trace (above) for the root cause.
Adding requests:   0%|          | 0/1 [00:00<?, ?it/s]Adding requests:   0%|          | 0/1 [00:00<?, ?it/s]
✗ Failed to process results/images/preprocessed/trome/2014/01/01/trome_2014-01-01#04.png: EngineCore encountered an issue. See stack trace (above) for the root cause.
Adding requests:   0%|          | 0/1 [00:00<?, ?it/s]Adding requests:   0%|          | 0/1 [00:00<?, ?it/s]
✗ Failed to process results/images/preprocessed/trome/2014/01/01/trome_2014-01-01#04.png: EngineCore encountered an issue. See stack trace (above) for the root cause.
Adding requests:   0%|          | 0/1 [00:00<?, ?it/s]Adding requests:   0%|          | 0/1 [00:00<?, ?it/s]
✗ Failed to process results/images/preprocessed/trome/2014/01/01/trome_2014-01-01#04.png: EngineCore encountered an issue. See stack trace (above) for the root cause.
Adding requests:   0%|          | 0/1 [00:00<?, ?it/s]Adding requests:   0%|          | 0/1 [00:00<?, ?it/s]
✗ Failed to process results/images/preprocessed/trome/2014/01/01/trome_2014-01-01#04.png: EngineCore encountered an issue. See stack trace (above) for the root cause.
Adding requests:   0%|          | 0/1 [00:00<?, ?it/s]Adding requests:   0%|          | 0/1 [00:00<?, ?it/s]
✗ Failed to process results/images/preprocessed/trome/2014/01/01/trome_2014-01-01#04.png: EngineCore encountered an issue. See stack trace (above) for the root cause.
Adding requests:   0%|          | 0/1 [00:00<?, ?it/s]Adding requests:   0%|          | 0/1 [00:00<?, ?it/s]
✗ Failed to process results/images/preprocessed/trome/2014/01/01/trome_2014-01-01#04.png: EngineCore encountered an issue. See stack trace (above) for the root cause.
Adding requests:   0%|          | 0/1 [00:00<?, ?it/s]Adding requests:   0%|          | 0/1 [00:00<?, ?it/s]
✗ Failed to process results/images/preprocessed/trome/2014/01/01/trome_2014-01-01#04.png: EngineCore encountered an issue. See stack trace (above) for the root cause.
Adding requests:   0%|          | 0/1 [00:00<?, ?it/s]Adding requests:   0%|          | 0/1 [00:00<?, ?it/s]
✗ Failed to process results/images/preprocessed/trome/2014/01/01/trome_2014-01-01#04.png: EngineCore encountered an issue. See stack trace (above) for the root cause.
Adding requests:   0%|          | 0/1 [00:00<?, ?it/s]Adding requests:   0%|          | 0/1 [00:00<?, ?it/s]
✗ Failed to process results/images/preprocessed/trome/2014/01/01/trome_2014-01-01#04.png: EngineCore encountered an issue. See stack trace (above) for the root cause.
Adding requests:   0%|          | 0/1 [00:00<?, ?it/s]Adding requests:   0%|          | 0/1 [00:00<?, ?it/s]
✗ Failed to process results/images/preprocessed/trome/2014/01/01/trome_2014-01-01#04.png: EngineCore encountered an issue. See stack trace (above) for the root cause.
Adding requests:   0%|          | 0/1 [00:00<?, ?it/s]Adding requests:   0%|          | 0/1 [00:00<?, ?it/s]
✗ Failed to process results/images/preprocessed/trome/2014/01/01/trome_2014-01-01#04.png: EngineCore encountered an issue. See stack trace (above) for the root cause.
Adding requests:   0%|          | 0/1 [00:00<?, ?it/s]Adding requests:   0%|          | 0/1 [00:00<?, ?it/s]
✗ Failed to process results/images/preprocessed/trome/2014/01/01/trome_2014-01-01#04.png: EngineCore encountered an issue. See stack trace (above) for the root cause.
Adding requests:   0%|          | 0/1 [00:00<?, ?it/s]Adding requests:   0%|          | 0/1 [00:00<?, ?it/s]
✗ Failed to process results/images/preprocessed/trome/2014/01/01/trome_2014-01-01#04.png: EngineCore encountered an issue. See stack trace (above) for the root cause.
Adding requests:   0%|          | 0/1 [00:00<?, ?it/s]Adding requests:   0%|          | 0/1 [00:00<?, ?it/s]
✗ Failed to process results/images/preprocessed/trome/2014/01/01/trome_2014-01-01#04.png: EngineCore encountered an issue. See stack trace (above) for the root cause.
Adding requests:   0%|          | 0/1 [00:00<?, ?it/s]Adding requests:   0%|          | 0/1 [00:00<?, ?it/s]
✗ Failed to process results/images/preprocessed/trome/2014/01/01/trome_2014-01-01#04.png: EngineCore encountered an issue. See stack trace (above) for the root cause.
Adding requests:   0%|          | 0/1 [00:00<?, ?it/s]Adding requests:   0%|          | 0/1 [00:00<?, ?it/s]
✗ Failed to process results/images/preprocessed/trome/2014/01/01/trome_2014-01-01#04.png: EngineCore encountered an issue. See stack trace (above) for the root cause.
Adding requests:   0%|          | 0/1 [00:00<?, ?it/s]Adding requests:   0%|          | 0/1 [00:00<?, ?it/s]
✗ Failed to process results/images/preprocessed/trome/2014/01/01/trome_2014-01-01#04.png: EngineCore encountered an issue. See stack trace (above) for the root cause.
Adding requests:   0%|          | 0/1 [00:00<?, ?it/s]Adding requests:   0%|          | 0/1 [00:00<?, ?it/s]
✗ Failed to process results/images/preprocessed/trome/2014/01/01/trome_2014-01-01#04.png: EngineCore encountered an issue. See stack trace (above) for the root cause.
Adding requests:   0%|          | 0/1 [00:00<?, ?it/s]Adding requests:   0%|          | 0/1 [00:00<?, ?it/s]
✗ Failed to process results/images/preprocessed/trome/2014/01/01/trome_2014-01-01#04.png: EngineCore encountered an issue. See stack trace (above) for the root cause.
Adding requests:   0%|          | 0/1 [00:00<?, ?it/s]Adding requests:   0%|          | 0/1 [00:00<?, ?it/s]
✗ Failed to process results/images/preprocessed/trome/2014/01/01/trome_2014-01-01#04.png: EngineCore encountered an issue. See stack trace (above) for the root cause.
Adding requests:   0%|          | 0/1 [00:00<?, ?it/s]Adding requests:   0%|          | 0/1 [00:00<?, ?it/s]
✗ Failed to process results/images/preprocessed/trome/2014/01/01/trome_2014-01-01#04.png: EngineCore encountered an issue. See stack trace (above) for the root cause.
Adding requests:   0%|          | 0/1 [00:00<?, ?it/s]Adding requests:   0%|          | 0/1 [00:00<?, ?it/s]
✗ Failed to process results/images/preprocessed/trome/2014/01/01/trome_2014-01-01#04.png: EngineCore encountered an issue. See stack trace (above) for the root cause.
Adding requests:   0%|          | 0/1 [00:00<?, ?it/s]Adding requests:   0%|          | 0/1 [00:00<?, ?it/s]
✗ Failed to process results/images/preprocessed/trome/2014/01/01/trome_2014-01-01#04.png: EngineCore encountered an issue. See stack trace (above) for the root cause.
Adding requests:   0%|          | 0/1 [00:00<?, ?it/s]Adding requests:   0%|          | 0/1 [00:00<?, ?it/s]
✗ Failed to process results/images/preprocessed/trome/2014/01/01/trome_2014-01-01#04.png: EngineCore encountered an issue. See stack trace (above) for the root cause.
Adding requests:   0%|          | 0/1 [00:00<?, ?it/s]Adding requests:   0%|          | 0/1 [00:00<?, ?it/s]
✗ Failed to process results/images/preprocessed/trome/2014/01/01/trome_2014-01-01#04.png: EngineCore encountered an issue. See stack trace (above) for the root cause.
Adding requests:   0%|          | 0/1 [00:00<?, ?it/s]Adding requests:   0%|          | 0/1 [00:00<?, ?it/s]
✗ Failed to process results/images/preprocessed/trome/2014/01/01/trome_2014-01-01#04.png: EngineCore encountered an issue. See stack trace (above) for the root cause.
Adding requests:   0%|          | 0/1 [00:00<?, ?it/s]Adding requests:   0%|          | 0/1 [00:00<?, ?it/s]
✗ Failed to process results/images/preprocessed/trome/2014/01/01/trome_2014-01-01#04.png: EngineCore encountered an issue. See stack trace (above) for the root cause.
Adding requests:   0%|          | 0/1 [00:00<?, ?it/s]Adding requests:   0%|          | 0/1 [00:00<?, ?it/s]
✗ Failed to process results/images/preprocessed/trome/2014/01/01/trome_2014-01-01#04.png: EngineCore encountered an issue. See stack trace (above) for the root cause.
Adding requests:   0%|          | 0/1 [00:00<?, ?it/s]Adding requests:   0%|          | 0/1 [00:00<?, ?it/s]
✗ Failed to process results/images/preprocessed/trome/2014/01/01/trome_2014-01-01#04.png: EngineCore encountered an issue. See stack trace (above) for the root cause.
Adding requests:   0%|          | 0/1 [00:00<?, ?it/s]Adding requests:   0%|          | 0/1 [00:00<?, ?it/s]
✗ Failed to process results/images/preprocessed/trome/2014/01/01/trome_2014-01-01#04.png: EngineCore encountered an issue. See stack trace (above) for the root cause.
Adding requests:   0%|          | 0/1 [00:00<?, ?it/s]Adding requests:   0%|          | 0/1 [00:00<?, ?it/s]
✗ Failed to process results/images/preprocessed/trome/2014/01/01/trome_2014-01-01#04.png: EngineCore encountered an issue. See stack trace (above) for the root cause.
Adding requests:   0%|          | 0/1 [00:00<?, ?it/s]Adding requests:   0%|          | 0/1 [00:00<?, ?it/s]
✗ Failed to process results/images/preprocessed/trome/2014/01/01/trome_2014-01-01#04.png: EngineCore encountered an issue. See stack trace (above) for the root cause.
Adding requests:   0%|          | 0/1 [00:00<?, ?it/s]Adding requests:   0%|          | 0/1 [00:00<?, ?it/s]
✗ Failed to process results/images/preprocessed/trome/2014/01/01/trome_2014-01-01#04.png: EngineCore encountered an issue. See stack trace (above) for the root cause.
Adding requests:   0%|          | 0/1 [00:00<?, ?it/s]Adding requests:   0%|          | 0/1 [00:00<?, ?it/s]
✗ Failed to process results/images/preprocessed/trome/2014/01/01/trome_2014-01-01#04.png: EngineCore encountered an issue. See stack trace (above) for the root cause.
Adding requests:   0%|          | 0/1 [00:00<?, ?it/s]Adding requests:   0%|          | 0/1 [00:00<?, ?it/s]
✗ Failed to process results/images/preprocessed/trome/2014/01/01/trome_2014-01-01#04.png: EngineCore encountered an issue. See stack trace (above) for the root cause.
Adding requests:   0%|          | 0/1 [00:00<?, ?it/s]Adding requests:   0%|          | 0/1 [00:00<?, ?it/s]
✗ Failed to process results/images/preprocessed/trome/2014/01/01/trome_2014-01-01#04.png: EngineCore encountered an issue. See stack trace (above) for the root cause.
Adding requests:   0%|          | 0/1 [00:00<?, ?it/s]Adding requests:   0%|          | 0/1 [00:00<?, ?it/s]
✗ Failed to process results/images/preprocessed/trome/2014/01/01/trome_2014-01-01#04.png: EngineCore encountered an issue. See stack trace (above) for the root cause.
Adding requests:   0%|          | 0/1 [00:00<?, ?it/s]Adding requests:   0%|          | 0/1 [00:00<?, ?it/s]
✗ Failed to process results/images/preprocessed/trome/2014/01/01/trome_2014-01-01#04.png: EngineCore encountered an issue. See stack trace (above) for the root cause.
Adding requests:   0%|          | 0/1 [00:00<?, ?it/s]Adding requests:   0%|          | 0/1 [00:00<?, ?it/s]
✗ Failed to process results/images/preprocessed/trome/2014/01/01/trome_2014-01-01#04.png: EngineCore encountered an issue. See stack trace (above) for the root cause.
Adding requests:   0%|          | 0/1 [00:00<?, ?it/s]Adding requests:   0%|          | 0/1 [00:00<?, ?it/s]
✗ Failed to process results/images/preprocessed/trome/2014/01/01/trome_2014-01-01#04.png: EngineCore encountered an issue. See stack trace (above) for the root cause.
Adding requests:   0%|          | 0/1 [00:00<?, ?it/s]Adding requests:   0%|          | 0/1 [00:00<?, ?it/s]
✗ Failed to process results/images/preprocessed/trome/2014/01/01/trome_2014-01-01#04.png: EngineCore encountered an issue. See stack trace (above) for the root cause.
Adding requests:   0%|          | 0/1 [00:00<?, ?it/s]Adding requests:   0%|          | 0/1 [00:00<?, ?it/s]
✗ Failed to process results/images/preprocessed/trome/2014/01/01/trome_2014-01-01#04.png: EngineCore encountered an issue. See stack trace (above) for the root cause.
Adding requests:   0%|          | 0/1 [00:00<?, ?it/s]Adding requests:   0%|          | 0/1 [00:00<?, ?it/s]
✗ Failed to process results/images/preprocessed/trome/2014/01/01/trome_2014-01-01#04.png: EngineCore encountered an issue. See stack trace (above) for the root cause.
Adding requests:   0%|          | 0/1 [00:00<?, ?it/s]Adding requests:   0%|          | 0/1 [00:00<?, ?it/s]
✗ Failed to process results/images/preprocessed/trome/2014/01/01/trome_2014-01-01#04.png: EngineCore encountered an issue. See stack trace (above) for the root cause.
Adding requests:   0%|          | 0/1 [00:00<?, ?it/s]Adding requests:   0%|          | 0/1 [00:00<?, ?it/s]
✗ Failed to process results/images/preprocessed/trome/2014/01/01/trome_2014-01-01#04.png: EngineCore encountered an issue. See stack trace (above) for the root cause.
Adding requests:   0%|          | 0/1 [00:00<?, ?it/s]Adding requests:   0%|          | 0/1 [00:00<?, ?it/s]
✗ Failed to process results/images/preprocessed/trome/2014/01/01/trome_2014-01-01#04.png: EngineCore encountered an issue. See stack trace (above) for the root cause.
Adding requests:   0%|          | 0/1 [00:00<?, ?it/s]Adding requests:   0%|          | 0/1 [00:00<?, ?it/s]
✗ Failed to process results/images/preprocessed/trome/2014/01/01/trome_2014-01-01#04.png: EngineCore encountered an issue. See stack trace (above) for the root cause.
Adding requests:   0%|          | 0/1 [00:00<?, ?it/s]Adding requests:   0%|          | 0/1 [00:00<?, ?it/s]
✗ Failed to process results/images/preprocessed/trome/2014/01/01/trome_2014-01-01#04.png: EngineCore encountered an issue. See stack trace (above) for the root cause.
Adding requests:   0%|          | 0/1 [00:00<?, ?it/s]Adding requests:   0%|          | 0/1 [00:00<?, ?it/s]
✗ Failed to process results/images/preprocessed/trome/2014/01/01/trome_2014-01-01#04.png: EngineCore encountered an issue. See stack trace (above) for the root cause.
Adding requests:   0%|          | 0/1 [00:00<?, ?it/s]Adding requests:   0%|          | 0/1 [00:00<?, ?it/s]
✗ Failed to process results/images/preprocessed/trome/2014/01/01/trome_2014-01-01#04.png: EngineCore encountered an issue. See stack trace (above) for the root cause.
Adding requests:   0%|          | 0/1 [00:00<?, ?it/s]Adding requests:   0%|          | 0/1 [00:00<?, ?it/s]
✗ Failed to process results/images/preprocessed/trome/2014/01/01/trome_2014-01-01#04.png: EngineCore encountered an issue. See stack trace (above) for the root cause.
Adding requests:   0%|          | 0/1 [00:00<?, ?it/s]Adding requests:   0%|          | 0/1 [00:00<?, ?it/s]
✗ Failed to process results/images/preprocessed/trome/2014/01/01/trome_2014-01-01#04.png: EngineCore encountered an issue. See stack trace (above) for the root cause.
Adding requests:   0%|          | 0/1 [00:00<?, ?it/s]Adding requests:   0%|          | 0/1 [00:00<?, ?it/s]
✗ Failed to process results/images/preprocessed/trome/2014/01/01/trome_2014-01-01#04.png: EngineCore encountered an issue. See stack trace (above) for the root cause.
Adding requests:   0%|          | 0/1 [00:00<?, ?it/s]Adding requests:   0%|          | 0/1 [00:00<?, ?it/s]
✗ Failed to process results/images/preprocessed/trome/2014/01/01/trome_2014-01-01#04.png: EngineCore encountered an issue. See stack trace (above) for the root cause.
Adding requests:   0%|          | 0/1 [00:00<?, ?it/s]Adding requests:   0%|          | 0/1 [00:00<?, ?it/s]
✗ Failed to process results/images/preprocessed/trome/2014/01/01/trome_2014-01-01#04.png: EngineCore encountered an issue. See stack trace (above) for the root cause.
Adding requests:   0%|          | 0/1 [00:00<?, ?it/s]Adding requests:   0%|          | 0/1 [00:00<?, ?it/s]
✗ Failed to process results/images/preprocessed/trome/2014/01/01/trome_2014-01-01#04.png: EngineCore encountered an issue. See stack trace (above) for the root cause.
Adding requests:   0%|          | 0/1 [00:00<?, ?it/s]Adding requests:   0%|          | 0/1 [00:00<?, ?it/s]
✗ Failed to process results/images/preprocessed/trome/2014/01/01/trome_2014-01-01#04.png: EngineCore encountered an issue. See stack trace (above) for the root cause.
Adding requests:   0%|          | 0/1 [00:00<?, ?it/s]Adding requests:   0%|          | 0/1 [00:00<?, ?it/s]
✗ Failed to process results/images/preprocessed/trome/2014/01/01/trome_2014-01-01#04.png: EngineCore encountered an issue. See stack trace (above) for the root cause.
Adding requests:   0%|          | 0/1 [00:00<?, ?it/s]Adding requests:   0%|          | 0/1 [00:00<?, ?it/s]
✗ Failed to process results/images/preprocessed/trome/2014/01/01/trome_2014-01-01#04.png: EngineCore encountered an issue. See stack trace (above) for the root cause.
Adding requests:   0%|          | 0/1 [00:00<?, ?it/s]Adding requests:   0%|          | 0/1 [00:00<?, ?it/s]
✗ Failed to process results/images/preprocessed/trome/2014/01/01/trome_2014-01-01#04.png: EngineCore encountered an issue. See stack trace (above) for the root cause.
Adding requests:   0%|          | 0/1 [00:00<?, ?it/s]Adding requests:   0%|          | 0/1 [00:00<?, ?it/s]
✗ Failed to process results/images/preprocessed/trome/2014/01/01/trome_2014-01-01#04.png: EngineCore encountered an issue. See stack trace (above) for the root cause.
Adding requests:   0%|          | 0/1 [00:00<?, ?it/s]Adding requests:   0%|          | 0/1 [00:00<?, ?it/s]
✗ Failed to process results/images/preprocessed/trome/2014/01/01/trome_2014-01-01#04.png: EngineCore encountered an issue. See stack trace (above) for the root cause.
Adding requests:   0%|          | 0/1 [00:00<?, ?it/s]Adding requests:   0%|          | 0/1 [00:00<?, ?it/s]
✗ Failed to process results/images/preprocessed/trome/2014/01/01/trome_2014-01-01#04.png: EngineCore encountered an issue. See stack trace (above) for the root cause.
Adding requests:   0%|          | 0/1 [00:00<?, ?it/s]Adding requests:   0%|          | 0/1 [00:00<?, ?it/s]
✗ Failed to process results/images/preprocessed/trome/2014/01/01/trome_2014-01-01#04.png: EngineCore encountered an issue. See stack trace (above) for the root cause.
Adding requests:   0%|          | 0/1 [00:00<?, ?it/s]Adding requests:   0%|          | 0/1 [00:00<?, ?it/s]
✗ Failed to process results/images/preprocessed/trome/2014/01/01/trome_2014-01-01#04.png: EngineCore encountered an issue. See stack trace (above) for the root cause.
Adding requests:   0%|          | 0/1 [00:00<?, ?it/s]Adding requests:   0%|          | 0/1 [00:00<?, ?it/s]
✗ Failed to process results/images/preprocessed/trome/2014/01/01/trome_2014-01-01#04.png: EngineCore encountered an issue. See stack trace (above) for the root cause.
Adding requests:   0%|          | 0/1 [00:00<?, ?it/s]Adding requests:   0%|          | 0/1 [00:00<?, ?it/s]
✗ Failed to process results/images/preprocessed/trome/2014/01/01/trome_2014-01-01#04.png: EngineCore encountered an issue. See stack trace (above) for the root cause.
Adding requests:   0%|          | 0/1 [00:00<?, ?it/s]Adding requests:   0%|          | 0/1 [00:00<?, ?it/s]
✗ Failed to process results/images/preprocessed/trome/2014/01/01/trome_2014-01-01#04.png: EngineCore encountered an issue. See stack trace (above) for the root cause.
Adding requests:   0%|          | 0/1 [00:00<?, ?it/s]Adding requests:   0%|          | 0/1 [00:00<?, ?it/s]
✗ Failed to process results/images/preprocessed/trome/2014/01/01/trome_2014-01-01#04.png: EngineCore encountered an issue. See stack trace (above) for the root cause.
Adding requests:   0%|          | 0/1 [00:00<?, ?it/s]Adding requests:   0%|          | 0/1 [00:00<?, ?it/s]
✗ Failed to process results/images/preprocessed/trome/2014/01/01/trome_2014-01-01#04.png: The decoder prompt (length 13773) is longer than the maximum model length of 8192. Make sure that `max_model_len` is no smaller than the number of text tokens.
Adding requests:   0%|          | 0/1 [00:00<?, ?it/s]Adding requests:   0%|          | 0/1 [00:00<?, ?it/s]
✗ Failed to process results/images/preprocessed/trome/2014/01/01/trome_2014-01-01#04.png: EngineCore encountered an issue. See stack trace (above) for the root cause.
Adding requests:   0%|          | 0/1 [00:00<?, ?it/s]Adding requests:   0%|          | 0/1 [00:00<?, ?it/s]
✗ Failed to process results/images/preprocessed/trome/2014/01/01/trome_2014-01-01#04.png: EngineCore encountered an issue. See stack trace (above) for the root cause.
Adding requests:   0%|          | 0/1 [00:00<?, ?it/s]Adding requests:   0%|          | 0/1 [00:00<?, ?it/s]
✗ Failed to process results/images/preprocessed/trome/2014/01/01/trome_2014-01-01#04.png: EngineCore encountered an issue. See stack trace (above) for the root cause.
Adding requests:   0%|          | 0/1 [00:00<?, ?it/s]Adding requests:   0%|          | 0/1 [00:00<?, ?it/s]
✗ Failed to process results/images/preprocessed/trome/2014/01/01/trome_2014-01-01#04.png: EngineCore encountered an issue. See stack trace (above) for the root cause.
Adding requests:   0%|          | 0/1 [00:00<?, ?it/s]Adding requests:   0%|          | 0/1 [00:00<?, ?it/s]
✗ Failed to process results/images/preprocessed/trome/2014/01/01/trome_2014-01-01#04.png: The decoder prompt (length 8228) is longer than the maximum model length of 8192. Make sure that `max_model_len` is no smaller than the number of text tokens.
Adding requests:   0%|          | 0/1 [00:00<?, ?it/s]Adding requests:   0%|          | 0/1 [00:00<?, ?it/s]
✗ Failed to process results/images/preprocessed/trome/2014/01/01/trome_2014-01-01#04.png: EngineCore encountered an issue. See stack trace (above) for the root cause.
Adding requests:   0%|          | 0/1 [00:00<?, ?it/s]Adding requests:   0%|          | 0/1 [00:00<?, ?it/s]
✗ Failed to process results/images/preprocessed/trome/2014/01/01/trome_2014-01-01#04.png: EngineCore encountered an issue. See stack trace (above) for the root cause.
Adding requests:   0%|          | 0/1 [00:00<?, ?it/s]Adding requests:   0%|          | 0/1 [00:00<?, ?it/s]
✗ Failed to process results/images/preprocessed/trome/2014/01/01/trome_2014-01-01#04.png: EngineCore encountered an issue. See stack trace (above) for the root cause.
Adding requests:   0%|          | 0/1 [00:00<?, ?it/s]Adding requests:   0%|          | 0/1 [00:00<?, ?it/s]
✗ Failed to process results/images/preprocessed/trome/2014/01/01/trome_2014-01-01#04.png: EngineCore encountered an issue. See stack trace (above) for the root cause.
Adding requests:   0%|          | 0/1 [00:00<?, ?it/s]Adding requests:   0%|          | 0/1 [00:00<?, ?it/s]
✗ Failed to process results/images/preprocessed/trome/2014/01/01/trome_2014-01-01#04.png: EngineCore encountered an issue. See stack trace (above) for the root cause.
Adding requests:   0%|          | 0/1 [00:00<?, ?it/s]Adding requests:   0%|          | 0/1 [00:00<?, ?it/s]
✗ Failed to process results/images/preprocessed/trome/2014/01/01/trome_2014-01-01#04.png: EngineCore encountered an issue. See stack trace (above) for the root cause.
Adding requests:   0%|          | 0/1 [00:00<?, ?it/s]Adding requests:   0%|          | 0/1 [00:00<?, ?it/s]
✗ Failed to process results/images/preprocessed/trome/2014/01/01/trome_2014-01-01#04.png: EngineCore encountered an issue. See stack trace (above) for the root cause.
Adding requests:   0%|          | 0/1 [00:00<?, ?it/s]Adding requests:   0%|          | 0/1 [00:00<?, ?it/s]
✗ Failed to process results/images/preprocessed/trome/2014/01/01/trome_2014-01-01#04.png: EngineCore encountered an issue. See stack trace (above) for the root cause.
Adding requests:   0%|          | 0/1 [00:00<?, ?it/s]Adding requests:   0%|          | 0/1 [00:00<?, ?it/s]
✗ Failed to process results/images/preprocessed/trome/2014/01/01/trome_2014-01-01#04.png: EngineCore encountered an issue. See stack trace (above) for the root cause.
Adding requests:   0%|          | 0/1 [00:00<?, ?it/s]Adding requests:   0%|          | 0/1 [00:00<?, ?it/s]
✗ Failed to process results/images/preprocessed/trome/2014/01/01/trome_2014-01-01#04.png: EngineCore encountered an issue. See stack trace (above) for the root cause.
Adding requests:   0%|          | 0/1 [00:00<?, ?it/s]Adding requests:   0%|          | 0/1 [00:00<?, ?it/s]
✗ Failed to process results/images/preprocessed/trome/2014/01/01/trome_2014-01-01#04.png: EngineCore encountered an issue. See stack trace (above) for the root cause.
Adding requests:   0%|          | 0/1 [00:00<?, ?it/s]Adding requests:   0%|          | 0/1 [00:00<?, ?it/s]
✗ Failed to process results/images/preprocessed/trome/2014/01/01/trome_2014-01-01#04.png: EngineCore encountered an issue. See stack trace (above) for the root cause.
Adding requests:   0%|          | 0/1 [00:00<?, ?it/s]Adding requests:   0%|          | 0/1 [00:00<?, ?it/s]
✗ Failed to process results/images/preprocessed/trome/2014/01/01/trome_2014-01-01#04.png: EngineCore encountered an issue. See stack trace (above) for the root cause.
Adding requests:   0%|          | 0/1 [00:00<?, ?it/s]Adding requests:   0%|          | 0/1 [00:00<?, ?it/s]
✗ Failed to process results/images/preprocessed/trome/2014/01/01/trome_2014-01-01#04.png: EngineCore encountered an issue. See stack trace (above) for the root cause.
Adding requests:   0%|          | 0/1 [00:00<?, ?it/s]Adding requests:   0%|          | 0/1 [00:00<?, ?it/s]
✗ Failed to process results/images/preprocessed/trome/2014/01/01/trome_2014-01-01#04.png: EngineCore encountered an issue. See stack trace (above) for the root cause.
Adding requests:   0%|          | 0/1 [00:00<?, ?it/s]Adding requests:   0%|          | 0/1 [00:00<?, ?it/s]
✗ Failed to process results/images/preprocessed/trome/2014/01/01/trome_2014-01-01#04.png: EngineCore encountered an issue. See stack trace (above) for the root cause.
Adding requests:   0%|          | 0/1 [00:00<?, ?it/s]Adding requests:   0%|          | 0/1 [00:00<?, ?it/s]
✗ Failed to process results/images/preprocessed/trome/2014/01/01/trome_2014-01-01#04.png: EngineCore encountered an issue. See stack trace (above) for the root cause.
Adding requests:   0%|          | 0/1 [00:00<?, ?it/s]Adding requests:   0%|          | 0/1 [00:00<?, ?it/s]
✗ Failed to process results/images/preprocessed/trome/2014/01/01/trome_2014-01-01#04.png: EngineCore encountered an issue. See stack trace (above) for the root cause.
Adding requests:   0%|          | 0/1 [00:00<?, ?it/s]Adding requests:   0%|          | 0/1 [00:00<?, ?it/s]
✗ Failed to process results/images/preprocessed/trome/2014/01/01/trome_2014-01-01#04.png: EngineCore encountered an issue. See stack trace (above) for the root cause.
Adding requests:   0%|          | 0/1 [00:00<?, ?it/s]Adding requests:   0%|          | 0/1 [00:00<?, ?it/s]
✗ Failed to process results/images/preprocessed/trome/2014/01/01/trome_2014-01-01#04.png: EngineCore encountered an issue. See stack trace (above) for the root cause.
Adding requests:   0%|          | 0/1 [00:00<?, ?it/s]Adding requests:   0%|          | 0/1 [00:00<?, ?it/s]
✗ Failed to process results/images/preprocessed/trome/2014/01/01/trome_2014-01-01#04.png: EngineCore encountered an issue. See stack trace (above) for the root cause.
Adding requests:   0%|          | 0/1 [00:00<?, ?it/s]Adding requests:   0%|          | 0/1 [00:00<?, ?it/s]
✗ Failed to process results/images/preprocessed/trome/2014/01/01/trome_2014-01-01#04.png: EngineCore encountered an issue. See stack trace (above) for the root cause.
Adding requests:   0%|          | 0/1 [00:00<?, ?it/s]Adding requests:   0%|          | 0/1 [00:00<?, ?it/s]
✗ Failed to process results/images/preprocessed/trome/2014/01/01/trome_2014-01-01#04.png: EngineCore encountered an issue. See stack trace (above) for the root cause.
Adding requests:   0%|          | 0/1 [00:00<?, ?it/s]Adding requests:   0%|          | 0/1 [00:00<?, ?it/s]
✗ Failed to process results/images/preprocessed/trome/2014/01/01/trome_2014-01-01#04.png: EngineCore encountered an issue. See stack trace (above) for the root cause.
Adding requests:   0%|          | 0/1 [00:00<?, ?it/s]Adding requests:   0%|          | 0/1 [00:00<?, ?it/s]
✗ Failed to process results/images/preprocessed/trome/2014/01/01/trome_2014-01-01#04.png: EngineCore encountered an issue. See stack trace (above) for the root cause.
Adding requests:   0%|          | 0/1 [00:00<?, ?it/s]Adding requests:   0%|          | 0/1 [00:00<?, ?it/s]
✗ Failed to process results/images/preprocessed/trome/2014/01/01/trome_2014-01-01#04.png: EngineCore encountered an issue. See stack trace (above) for the root cause.
Adding requests:   0%|          | 0/1 [00:00<?, ?it/s]Adding requests:   0%|          | 0/1 [00:00<?, ?it/s]
✗ Failed to process results/images/preprocessed/trome/2014/01/01/trome_2014-01-01#04.png: EngineCore encountered an issue. See stack trace (above) for the root cause.
Adding requests:   0%|          | 0/1 [00:00<?, ?it/s]Adding requests:   0%|          | 0/1 [00:00<?, ?it/s]
✗ Failed to process results/images/preprocessed/trome/2014/01/01/trome_2014-01-01#04.png: EngineCore encountered an issue. See stack trace (above) for the root cause.
Adding requests:   0%|          | 0/1 [00:00<?, ?it/s]Adding requests:   0%|          | 0/1 [00:00<?, ?it/s]
✗ Failed to process results/images/preprocessed/trome/2014/01/01/trome_2014-01-01#04.png: EngineCore encountered an issue. See stack trace (above) for the root cause.
Adding requests:   0%|          | 0/1 [00:00<?, ?it/s]Adding requests:   0%|          | 0/1 [00:00<?, ?it/s]
✗ Failed to process results/images/preprocessed/trome/2014/01/01/trome_2014-01-01#04.png: EngineCore encountered an issue. See stack trace (above) for the root cause.
Adding requests:   0%|          | 0/1 [00:00<?, ?it/s]Adding requests:   0%|          | 0/1 [00:00<?, ?it/s]
✗ Failed to process results/images/preprocessed/trome/2014/01/01/trome_2014-01-01#04.png: EngineCore encountered an issue. See stack trace (above) for the root cause.
Adding requests:   0%|          | 0/1 [00:00<?, ?it/s]Adding requests:   0%|          | 0/1 [00:00<?, ?it/s]
✗ Failed to process results/images/preprocessed/trome/2014/01/01/trome_2014-01-01#04.png: EngineCore encountered an issue. See stack trace (above) for the root cause.
Adding requests:   0%|          | 0/1 [00:00<?, ?it/s]Adding requests:   0%|          | 0/1 [00:00<?, ?it/s]
✗ Failed to process results/images/preprocessed/trome/2014/01/01/trome_2014-01-01#04.png: EngineCore encountered an issue. See stack trace (above) for the root cause.
Adding requests:   0%|          | 0/1 [00:00<?, ?it/s]Adding requests:   0%|          | 0/1 [00:00<?, ?it/s]
✗ Failed to process results/images/preprocessed/trome/2014/01/01/trome_2014-01-01#04.png: EngineCore encountered an issue. See stack trace (above) for the root cause.
Adding requests:   0%|          | 0/1 [00:00<?, ?it/s]Adding requests:   0%|          | 0/1 [00:00<?, ?it/s]
✗ Failed to process results/images/preprocessed/trome/2014/01/01/trome_2014-01-01#04.png: EngineCore encountered an issue. See stack trace (above) for the root cause.
Adding requests:   0%|          | 0/1 [00:00<?, ?it/s]Adding requests:   0%|          | 0/1 [00:00<?, ?it/s]
✗ Failed to process results/images/preprocessed/trome/2014/01/01/trome_2014-01-01#04.png: EngineCore encountered an issue. See stack trace (above) for the root cause.
Adding requests:   0%|          | 0/1 [00:00<?, ?it/s]Adding requests:   0%|          | 0/1 [00:00<?, ?it/s]
✗ Failed to process results/images/preprocessed/trome/2014/01/01/trome_2014-01-01#04.png: EngineCore encountered an issue. See stack trace (above) for the root cause.
Adding requests:   0%|          | 0/1 [00:00<?, ?it/s]Adding requests:   0%|          | 0/1 [00:00<?, ?it/s]
✗ Failed to process results/images/preprocessed/trome/2014/01/01/trome_2014-01-01#04.png: EngineCore encountered an issue. See stack trace (above) for the root cause.
Adding requests:   0%|          | 0/1 [00:00<?, ?it/s]Adding requests:   0%|          | 0/1 [00:00<?, ?it/s]
✗ Failed to process results/images/preprocessed/trome/2014/01/01/trome_2014-01-01#04.png: EngineCore encountered an issue. See stack trace (above) for the root cause.
Adding requests:   0%|          | 0/1 [00:00<?, ?it/s]Adding requests:   0%|          | 0/1 [00:00<?, ?it/s]
✗ Failed to process results/images/preprocessed/trome/2014/01/01/trome_2014-01-01#04.png: EngineCore encountered an issue. See stack trace (above) for the root cause.
Adding requests:   0%|          | 0/1 [00:00<?, ?it/s]Adding requests:   0%|          | 0/1 [00:00<?, ?it/s]
✗ Failed to process results/images/preprocessed/trome/2014/01/01/trome_2014-01-01#04.png: EngineCore encountered an issue. See stack trace (above) for the root cause.
Adding requests:   0%|          | 0/1 [00:00<?, ?it/s]Adding requests:   0%|          | 0/1 [00:00<?, ?it/s]
✗ Failed to process results/images/preprocessed/trome/2014/01/01/trome_2014-01-01#04.png: EngineCore encountered an issue. See stack trace (above) for the root cause.
Adding requests:   0%|          | 0/1 [00:00<?, ?it/s]Adding requests:   0%|          | 0/1 [00:00<?, ?it/s]
✗ Failed to process results/images/preprocessed/trome/2014/01/01/trome_2014-01-01#04.png: EngineCore encountered an issue. See stack trace (above) for the root cause.
Adding requests:   0%|          | 0/1 [00:00<?, ?it/s]Adding requests:   0%|          | 0/1 [00:00<?, ?it/s]
✗ Failed to process results/images/preprocessed/trome/2014/01/01/trome_2014-01-01#04.png: EngineCore encountered an issue. See stack trace (above) for the root cause.
Adding requests:   0%|          | 0/1 [00:00<?, ?it/s]Adding requests:   0%|          | 0/1 [00:00<?, ?it/s]
✗ Failed to process results/images/preprocessed/trome/2014/01/01/trome_2014-01-01#04.png: EngineCore encountered an issue. See stack trace (above) for the root cause.
Adding requests:   0%|          | 0/1 [00:00<?, ?it/s]Adding requests:   0%|          | 0/1 [00:00<?, ?it/s]
✗ Failed to process results/images/preprocessed/trome/2014/01/01/trome_2014-01-01#04.png: EngineCore encountered an issue. See stack trace (above) for the root cause.
Adding requests:   0%|          | 0/1 [00:00<?, ?it/s]Adding requests:   0%|          | 0/1 [00:00<?, ?it/s]
✗ Failed to process results/images/preprocessed/trome/2014/01/01/trome_2014-01-01#04.png: EngineCore encountered an issue. See stack trace (above) for the root cause.
Adding requests:   0%|          | 0/1 [00:00<?, ?it/s]Adding requests:   0%|          | 0/1 [00:00<?, ?it/s]
✗ Failed to process results/images/preprocessed/trome/2014/01/01/trome_2014-01-01#04.png: EngineCore encountered an issue. See stack trace (above) for the root cause.
Adding requests:   0%|          | 0/1 [00:00<?, ?it/s]Adding requests:   0%|          | 0/1 [00:00<?, ?it/s]
✗ Failed to process results/images/preprocessed/trome/2014/01/01/trome_2014-01-01#04.png: EngineCore encountered an issue. See stack trace (above) for the root cause.
Adding requests:   0%|          | 0/1 [00:00<?, ?it/s]Adding requests:   0%|          | 0/1 [00:00<?, ?it/s]
✗ Failed to process results/images/preprocessed/trome/2014/01/01/trome_2014-01-01#04.png: EngineCore encountered an issue. See stack trace (above) for the root cause.
Adding requests:   0%|          | 0/1 [00:00<?, ?it/s]Adding requests:   0%|          | 0/1 [00:00<?, ?it/s]
✗ Failed to process results/images/preprocessed/trome/2014/01/01/trome_2014-01-01#04.png: EngineCore encountered an issue. See stack trace (above) for the root cause.
Adding requests:   0%|          | 0/1 [00:00<?, ?it/s]Adding requests:   0%|          | 0/1 [00:00<?, ?it/s]
✗ Failed to process results/images/preprocessed/trome/2014/01/01/trome_2014-01-01#04.png: EngineCore encountered an issue. See stack trace (above) for the root cause.
Adding requests:   0%|          | 0/1 [00:00<?, ?it/s]Adding requests:   0%|          | 0/1 [00:00<?, ?it/s]
✗ Failed to process results/images/preprocessed/trome/2014/01/01/trome_2014-01-01#04.png: EngineCore encountered an issue. See stack trace (above) for the root cause.
Adding requests:   0%|          | 0/1 [00:00<?, ?it/s]Adding requests:   0%|          | 0/1 [00:00<?, ?it/s]
✗ Failed to process results/images/preprocessed/trome/2014/01/01/trome_2014-01-01#04.png: EngineCore encountered an issue. See stack trace (above) for the root cause.
Adding requests:   0%|          | 0/1 [00:00<?, ?it/s]Adding requests:   0%|          | 0/1 [00:00<?, ?it/s]
✗ Failed to process results/images/preprocessed/trome/2014/01/01/trome_2014-01-01#04.png: EngineCore encountered an issue. See stack trace (above) for the root cause.
Adding requests:   0%|          | 0/1 [00:00<?, ?it/s]Adding requests:   0%|          | 0/1 [00:00<?, ?it/s]
✗ Failed to process results/images/preprocessed/trome/2014/01/01/trome_2014-01-01#04.png: EngineCore encountered an issue. See stack trace (above) for the root cause.
Adding requests:   0%|          | 0/1 [00:00<?, ?it/s]Adding requests:   0%|          | 0/1 [00:00<?, ?it/s]
✗ Failed to process results/images/preprocessed/trome/2014/01/01/trome_2014-01-01#04.png: EngineCore encountered an issue. See stack trace (above) for the root cause.
Adding requests:   0%|          | 0/1 [00:00<?, ?it/s]Adding requests:   0%|          | 0/1 [00:00<?, ?it/s]
✗ Failed to process results/images/preprocessed/trome/2014/01/01/trome_2014-01-01#04.png: EngineCore encountered an issue. See stack trace (above) for the root cause.
Adding requests:   0%|          | 0/1 [00:00<?, ?it/s]Adding requests:   0%|          | 0/1 [00:00<?, ?it/s]
✗ Failed to process results/images/preprocessed/trome/2014/01/01/trome_2014-01-01#04.png: EngineCore encountered an issue. See stack trace (above) for the root cause.
Adding requests:   0%|          | 0/1 [00:00<?, ?it/s]Adding requests:   0%|          | 0/1 [00:00<?, ?it/s]
✗ Failed to process results/images/preprocessed/trome/2014/01/01/trome_2014-01-01#04.png: EngineCore encountered an issue. See stack trace (above) for the root cause.
Adding requests:   0%|          | 0/1 [00:00<?, ?it/s]Adding requests:   0%|          | 0/1 [00:00<?, ?it/s]
✗ Failed to process results/images/preprocessed/trome/2014/01/01/trome_2014-01-01#04.png: EngineCore encountered an issue. See stack trace (above) for the root cause.
Adding requests:   0%|          | 0/1 [00:00<?, ?it/s]Adding requests:   0%|          | 0/1 [00:00<?, ?it/s]
✗ Failed to process results/images/preprocessed/trome/2014/01/01/trome_2014-01-01#04.png: EngineCore encountered an issue. See stack trace (above) for the root cause.
Adding requests:   0%|          | 0/1 [00:00<?, ?it/s]Adding requests:   0%|          | 0/1 [00:00<?, ?it/s]
✗ Failed to process results/images/preprocessed/trome/2014/01/01/trome_2014-01-01#04.png: EngineCore encountered an issue. See stack trace (above) for the root cause.
Adding requests:   0%|          | 0/1 [00:00<?, ?it/s]Adding requests:   0%|          | 0/1 [00:00<?, ?it/s]
✗ Failed to process results/images/preprocessed/trome/2014/01/01/trome_2014-01-01#04.png: EngineCore encountered an issue. See stack trace (above) for the root cause.
Adding requests:   0%|          | 0/1 [00:00<?, ?it/s]Adding requests:   0%|          | 0/1 [00:00<?, ?it/s]
✗ Failed to process results/images/preprocessed/trome/2014/01/01/trome_2014-01-01#04.png: EngineCore encountered an issue. See stack trace (above) for the root cause.
Adding requests:   0%|          | 0/1 [00:00<?, ?it/s]Adding requests:   0%|          | 0/1 [00:00<?, ?it/s]
✗ Failed to process results/images/preprocessed/trome/2014/01/01/trome_2014-01-01#04.png: EngineCore encountered an issue. See stack trace (above) for the root cause.
Adding requests:   0%|          | 0/1 [00:00<?, ?it/s]Adding requests:   0%|          | 0/1 [00:00<?, ?it/s]
✗ Failed to process results/images/preprocessed/trome/2014/01/01/trome_2014-01-01#04.png: EngineCore encountered an issue. See stack trace (above) for the root cause.
Adding requests:   0%|          | 0/1 [00:00<?, ?it/s]Adding requests:   0%|          | 0/1 [00:00<?, ?it/s]
✗ Failed to process results/images/preprocessed/trome/2014/01/01/trome_2014-01-01#04.png: EngineCore encountered an issue. See stack trace (above) for the root cause.
Adding requests:   0%|          | 0/1 [00:00<?, ?it/s]Adding requests:   0%|          | 0/1 [00:00<?, ?it/s]
✗ Failed to process results/images/preprocessed/trome/2014/01/01/trome_2014-01-01#04.png: EngineCore encountered an issue. See stack trace (above) for the root cause.
Adding requests:   0%|          | 0/1 [00:00<?, ?it/s]Adding requests:   0%|          | 0/1 [00:00<?, ?it/s]
✗ Failed to process results/images/preprocessed/trome/2014/01/01/trome_2014-01-01#04.png: EngineCore encountered an issue. See stack trace (above) for the root cause.
Adding requests:   0%|          | 0/1 [00:00<?, ?it/s]Adding requests:   0%|          | 0/1 [00:00<?, ?it/s]
✗ Failed to process results/images/preprocessed/trome/2014/01/01/trome_2014-01-01#04.png: EngineCore encountered an issue. See stack trace (above) for the root cause.
Adding requests:   0%|          | 0/1 [00:00<?, ?it/s]Adding requests:   0%|          | 0/1 [00:00<?, ?it/s]
✗ Failed to process results/images/preprocessed/trome/2014/01/01/trome_2014-01-01#04.png: EngineCore encountered an issue. See stack trace (above) for the root cause.
Adding requests:   0%|          | 0/1 [00:00<?, ?it/s]Adding requests:   0%|          | 0/1 [00:00<?, ?it/s]
✗ Failed to process results/images/preprocessed/trome/2014/01/01/trome_2014-01-01#04.png: EngineCore encountered an issue. See stack trace (above) for the root cause.
Adding requests:   0%|          | 0/1 [00:00<?, ?it/s]Adding requests:   0%|          | 0/1 [00:00<?, ?it/s]
✗ Failed to process results/images/preprocessed/trome/2014/01/01/trome_2014-01-01#04.png: EngineCore encountered an issue. See stack trace (above) for the root cause.
Adding requests:   0%|          | 0/1 [00:00<?, ?it/s]Adding requests:   0%|          | 0/1 [00:00<?, ?it/s]
✗ Failed to process results/images/preprocessed/trome/2014/01/01/trome_2014-01-01#04.png: EngineCore encountered an issue. See stack trace (above) for the root cause.
Adding requests:   0%|          | 0/1 [00:00<?, ?it/s]Adding requests:   0%|          | 0/1 [00:00<?, ?it/s]
✗ Failed to process results/images/preprocessed/trome/2014/01/01/trome_2014-01-01#04.png: EngineCore encountered an issue. See stack trace (above) for the root cause.
Adding requests:   0%|          | 0/1 [00:00<?, ?it/s]Adding requests:   0%|          | 0/1 [00:00<?, ?it/s]
✗ Failed to process results/images/preprocessed/trome/2014/01/01/trome_2014-01-01#04.png: EngineCore encountered an issue. See stack trace (above) for the root cause.
Adding requests:   0%|          | 0/1 [00:00<?, ?it/s]Adding requests:   0%|          | 0/1 [00:00<?, ?it/s]
✗ Failed to process results/images/preprocessed/trome/2014/01/01/trome_2014-01-01#04.png: EngineCore encountered an issue. See stack trace (above) for the root cause.
Adding requests:   0%|          | 0/1 [00:00<?, ?it/s]Adding requests:   0%|          | 0/1 [00:00<?, ?it/s]
✗ Failed to process results/images/preprocessed/trome/2014/01/01/trome_2014-01-01#04.png: EngineCore encountered an issue. See stack trace (above) for the root cause.
Adding requests:   0%|          | 0/1 [00:00<?, ?it/s]Adding requests:   0%|          | 0/1 [00:00<?, ?it/s]
✗ Failed to process results/images/preprocessed/trome/2014/01/01/trome_2014-01-01#04.png: EngineCore encountered an issue. See stack trace (above) for the root cause.
Adding requests:   0%|          | 0/1 [00:00<?, ?it/s]Adding requests:   0%|          | 0/1 [00:00<?, ?it/s]
✗ Failed to process results/images/preprocessed/trome/2014/01/01/trome_2014-01-01#04.png: EngineCore encountered an issue. See stack trace (above) for the root cause.
Adding requests:   0%|          | 0/1 [00:00<?, ?it/s]Adding requests:   0%|          | 0/1 [00:00<?, ?it/s]
✗ Failed to process results/images/preprocessed/trome/2014/01/01/trome_2014-01-01#04.png: EngineCore encountered an issue. See stack trace (above) for the root cause.
Adding requests:   0%|          | 0/1 [00:00<?, ?it/s]Adding requests:   0%|          | 0/1 [00:00<?, ?it/s]
✗ Failed to process results/images/preprocessed/trome/2014/01/01/trome_2014-01-01#04.png: EngineCore encountered an issue. See stack trace (above) for the root cause.
Adding requests:   0%|          | 0/1 [00:00<?, ?it/s]Adding requests:   0%|          | 0/1 [00:00<?, ?it/s]
✗ Failed to process results/images/preprocessed/trome/2014/01/01/trome_2014-01-01#04.png: EngineCore encountered an issue. See stack trace (above) for the root cause.
Adding requests:   0%|          | 0/1 [00:00<?, ?it/s]Adding requests:   0%|          | 0/1 [00:00<?, ?it/s]
✗ Failed to process results/images/preprocessed/trome/2014/01/01/trome_2014-01-01#04.png: EngineCore encountered an issue. See stack trace (above) for the root cause.
Adding requests:   0%|          | 0/1 [00:00<?, ?it/s]Adding requests:   0%|          | 0/1 [00:00<?, ?it/s]
✗ Failed to process results/images/preprocessed/trome/2014/01/01/trome_2014-01-01#04.png: EngineCore encountered an issue. See stack trace (above) for the root cause.
Adding requests:   0%|          | 0/1 [00:00<?, ?it/s]Adding requests:   0%|          | 0/1 [00:00<?, ?it/s]
✗ Failed to process results/images/preprocessed/trome/2014/01/01/trome_2014-01-01#04.png: EngineCore encountered an issue. See stack trace (above) for the root cause.
Adding requests:   0%|          | 0/1 [00:00<?, ?it/s]Adding requests:   0%|          | 0/1 [00:00<?, ?it/s]
✗ Failed to process results/images/preprocessed/trome/2014/01/01/trome_2014-01-01#04.png: EngineCore encountered an issue. See stack trace (above) for the root cause.
Adding requests:   0%|          | 0/1 [00:00<?, ?it/s]Adding requests:   0%|          | 0/1 [00:00<?, ?it/s]
✗ Failed to process results/images/preprocessed/trome/2014/01/01/trome_2014-01-01#04.png: EngineCore encountered an issue. See stack trace (above) for the root cause.
Adding requests:   0%|          | 0/1 [00:00<?, ?it/s]Adding requests:   0%|          | 0/1 [00:00<?, ?it/s]
✗ Failed to process results/images/preprocessed/trome/2014/01/01/trome_2014-01-01#04.png: EngineCore encountered an issue. See stack trace (above) for the root cause.
Adding requests:   0%|          | 0/1 [00:00<?, ?it/s]Adding requests:   0%|          | 0/1 [00:00<?, ?it/s]
✗ Failed to process results/images/preprocessed/trome/2014/01/01/trome_2014-01-01#04.png: EngineCore encountered an issue. See stack trace (above) for the root cause.
Adding requests:   0%|          | 0/1 [00:00<?, ?it/s]Adding requests:   0%|          | 0/1 [00:00<?, ?it/s]
✗ Failed to process results/images/preprocessed/trome/2014/01/01/trome_2014-01-01#04.png: EngineCore encountered an issue. See stack trace (above) for the root cause.
Adding requests:   0%|          | 0/1 [00:00<?, ?it/s]Adding requests:   0%|          | 0/1 [00:00<?, ?it/s]
✗ Failed to process results/images/preprocessed/trome/2014/01/01/trome_2014-01-01#04.png: EngineCore encountered an issue. See stack trace (above) for the root cause.
Adding requests:   0%|          | 0/1 [00:00<?, ?it/s]Adding requests:   0%|          | 0/1 [00:00<?, ?it/s]
✗ Failed to process results/images/preprocessed/trome/2014/01/01/trome_2014-01-01#04.png: EngineCore encountered an issue. See stack trace (above) for the root cause.
Adding requests:   0%|          | 0/1 [00:00<?, ?it/s]Adding requests:   0%|          | 0/1 [00:00<?, ?it/s]
✗ Failed to process results/images/preprocessed/trome/2014/01/01/trome_2014-01-01#04.png: EngineCore encountered an issue. See stack trace (above) for the root cause.
Adding requests:   0%|          | 0/1 [00:00<?, ?it/s]Adding requests:   0%|          | 0/1 [00:00<?, ?it/s]
✗ Failed to process results/images/preprocessed/trome/2014/01/01/trome_2014-01-01#04.png: EngineCore encountered an issue. See stack trace (above) for the root cause.
Adding requests:   0%|          | 0/1 [00:00<?, ?it/s]Adding requests:   0%|          | 0/1 [00:00<?, ?it/s]
✗ Failed to process results/images/preprocessed/trome/2014/01/01/trome_2014-01-01#04.png: EngineCore encountered an issue. See stack trace (above) for the root cause.
Adding requests:   0%|          | 0/1 [00:00<?, ?it/s]Adding requests:   0%|          | 0/1 [00:00<?, ?it/s]
✗ Failed to process results/images/preprocessed/trome/2014/01/01/trome_2014-01-01#04.png: EngineCore encountered an issue. See stack trace (above) for the root cause.
Adding requests:   0%|          | 0/1 [00:00<?, ?it/s]Adding requests:   0%|          | 0/1 [00:00<?, ?it/s]
✗ Failed to process results/images/preprocessed/trome/2014/01/01/trome_2014-01-01#04.png: EngineCore encountered an issue. See stack trace (above) for the root cause.
Adding requests:   0%|          | 0/1 [00:00<?, ?it/s]Adding requests:   0%|          | 0/1 [00:00<?, ?it/s]
✗ Failed to process results/images/preprocessed/trome/2014/01/01/trome_2014-01-01#04.png: EngineCore encountered an issue. See stack trace (above) for the root cause.
Adding requests:   0%|          | 0/1 [00:00<?, ?it/s]Adding requests:   0%|          | 0/1 [00:00<?, ?it/s]
✗ Failed to process results/images/preprocessed/trome/2014/01/01/trome_2014-01-01#04.png: EngineCore encountered an issue. See stack trace (above) for the root cause.
Adding requests:   0%|          | 0/1 [00:00<?, ?it/s]Adding requests:   0%|          | 0/1 [00:00<?, ?it/s]
✗ Failed to process results/images/preprocessed/trome/2014/01/01/trome_2014-01-01#04.png: EngineCore encountered an issue. See stack trace (above) for the root cause.
Adding requests:   0%|          | 0/1 [00:00<?, ?it/s]Adding requests:   0%|          | 0/1 [00:00<?, ?it/s]
✗ Failed to process results/images/preprocessed/trome/2014/01/01/trome_2014-01-01#04.png: EngineCore encountered an issue. See stack trace (above) for the root cause.
Adding requests:   0%|          | 0/1 [00:00<?, ?it/s]Adding requests:   0%|          | 0/1 [00:00<?, ?it/s]
✗ Failed to process results/images/preprocessed/trome/2014/01/01/trome_2014-01-01#04.png: EngineCore encountered an issue. See stack trace (above) for the root cause.
Adding requests:   0%|          | 0/1 [00:00<?, ?it/s]Adding requests:   0%|          | 0/1 [00:00<?, ?it/s]
✗ Failed to process results/images/preprocessed/trome/2014/01/01/trome_2014-01-01#04.png: EngineCore encountered an issue. See stack trace (above) for the root cause.
Adding requests:   0%|          | 0/1 [00:00<?, ?it/s]Adding requests:   0%|          | 0/1 [00:00<?, ?it/s]
✗ Failed to process results/images/preprocessed/trome/2014/01/01/trome_2014-01-01#04.png: EngineCore encountered an issue. See stack trace (above) for the root cause.
Adding requests:   0%|          | 0/1 [00:00<?, ?it/s]Adding requests:   0%|          | 0/1 [00:00<?, ?it/s]
✗ Failed to process results/images/preprocessed/trome/2014/01/01/trome_2014-01-01#04.png: EngineCore encountered an issue. See stack trace (above) for the root cause.
Adding requests:   0%|          | 0/1 [00:00<?, ?it/s]Adding requests:   0%|          | 0/1 [00:00<?, ?it/s]
✗ Failed to process results/images/preprocessed/trome/2014/01/01/trome_2014-01-01#04.png: EngineCore encountered an issue. See stack trace (above) for the root cause.
Adding requests:   0%|          | 0/1 [00:00<?, ?it/s]Adding requests:   0%|          | 0/1 [00:00<?, ?it/s]
✗ Failed to process results/images/preprocessed/trome/2014/01/01/trome_2014-01-01#04.png: EngineCore encountered an issue. See stack trace (above) for the root cause.
Adding requests:   0%|          | 0/1 [00:00<?, ?it/s]Adding requests:   0%|          | 0/1 [00:00<?, ?it/s]
✗ Failed to process results/images/preprocessed/trome/2014/01/01/trome_2014-01-01#04.png: EngineCore encountered an issue. See stack trace (above) for the root cause.
Adding requests:   0%|          | 0/1 [00:00<?, ?it/s]Adding requests:   0%|          | 0/1 [00:00<?, ?it/s]
✗ Failed to process results/images/preprocessed/trome/2014/01/01/trome_2014-01-01#04.png: EngineCore encountered an issue. See stack trace (above) for the root cause.
Adding requests:   0%|          | 0/1 [00:00<?, ?it/s]Adding requests:   0%|          | 0/1 [00:00<?, ?it/s]
✗ Failed to process results/images/preprocessed/trome/2014/01/01/trome_2014-01-01#04.png: EngineCore encountered an issue. See stack trace (above) for the root cause.
Adding requests:   0%|          | 0/1 [00:00<?, ?it/s]Adding requests:   0%|          | 0/1 [00:00<?, ?it/s]
✗ Failed to process results/images/preprocessed/trome/2014/01/01/trome_2014-01-01#04.png: EngineCore encountered an issue. See stack trace (above) for the root cause.
Adding requests:   0%|          | 0/1 [00:00<?, ?it/s]Adding requests:   0%|          | 0/1 [00:00<?, ?it/s]
✗ Failed to process results/images/preprocessed/trome/2014/01/01/trome_2014-01-01#04.png: EngineCore encountered an issue. See stack trace (above) for the root cause.
Adding requests:   0%|          | 0/1 [00:00<?, ?it/s]Adding requests:   0%|          | 0/1 [00:00<?, ?it/s]
✗ Failed to process results/images/preprocessed/trome/2014/01/01/trome_2014-01-01#04.png: EngineCore encountered an issue. See stack trace (above) for the root cause.
Adding requests:   0%|          | 0/1 [00:00<?, ?it/s]Adding requests:   0%|          | 0/1 [00:00<?, ?it/s]
✗ Failed to process results/images/preprocessed/trome/2014/01/01/trome_2014-01-01#04.png: EngineCore encountered an issue. See stack trace (above) for the root cause.
Adding requests:   0%|          | 0/1 [00:00<?, ?it/s]Adding requests:   0%|          | 0/1 [00:00<?, ?it/s]
✗ Failed to process results/images/preprocessed/trome/2014/01/01/trome_2014-01-01#04.png: EngineCore encountered an issue. See stack trace (above) for the root cause.
Adding requests:   0%|          | 0/1 [00:00<?, ?it/s]Adding requests:   0%|          | 0/1 [00:00<?, ?it/s]
✗ Failed to process results/images/preprocessed/trome/2014/01/01/trome_2014-01-01#04.png: EngineCore encountered an issue. See stack trace (above) for the root cause.
Adding requests:   0%|          | 0/1 [00:00<?, ?it/s]Adding requests:   0%|          | 0/1 [00:00<?, ?it/s]
✗ Failed to process results/images/preprocessed/trome/2014/01/01/trome_2014-01-01#04.png: The decoder prompt (length 8341) is longer than the maximum model length of 8192. Make sure that `max_model_len` is no smaller than the number of text tokens.
Adding requests:   0%|          | 0/1 [00:00<?, ?it/s]Adding requests:   0%|          | 0/1 [00:00<?, ?it/s]
✗ Failed to process results/images/preprocessed/trome/2014/01/01/trome_2014-01-01#04.png: EngineCore encountered an issue. See stack trace (above) for the root cause.
Adding requests:   0%|          | 0/1 [00:00<?, ?it/s]Adding requests:   0%|          | 0/1 [00:00<?, ?it/s]
✗ Failed to process results/images/preprocessed/trome/2014/01/01/trome_2014-01-01#04.png: EngineCore encountered an issue. See stack trace (above) for the root cause.
Adding requests:   0%|          | 0/1 [00:00<?, ?it/s]Adding requests:   0%|          | 0/1 [00:00<?, ?it/s]
✗ Failed to process results/images/preprocessed/trome/2014/01/01/trome_2014-01-01#04.png: EngineCore encountered an issue. See stack trace (above) for the root cause.
Adding requests:   0%|          | 0/1 [00:00<?, ?it/s]Adding requests:   0%|          | 0/1 [00:00<?, ?it/s]
✗ Failed to process results/images/preprocessed/trome/2014/01/01/trome_2014-01-01#04.png: EngineCore encountered an issue. See stack trace (above) for the root cause.
Adding requests:   0%|          | 0/1 [00:00<?, ?it/s]Adding requests:   0%|          | 0/1 [00:00<?, ?it/s]
✗ Failed to process results/images/preprocessed/trome/2014/01/01/trome_2014-01-01#04.png: EngineCore encountered an issue. See stack trace (above) for the root cause.
Adding requests:   0%|          | 0/1 [00:00<?, ?it/s]Adding requests:   0%|          | 0/1 [00:00<?, ?it/s]
✗ Failed to process results/images/preprocessed/trome/2014/01/01/trome_2014-01-01#04.png: EngineCore encountered an issue. See stack trace (above) for the root cause.
Adding requests:   0%|          | 0/1 [00:00<?, ?it/s]Adding requests:   0%|          | 0/1 [00:00<?, ?it/s]
✗ Failed to process results/images/preprocessed/trome/2014/01/01/trome_2014-01-01#04.png: EngineCore encountered an issue. See stack trace (above) for the root cause.
Adding requests:   0%|          | 0/1 [00:00<?, ?it/s]Adding requests:   0%|          | 0/1 [00:00<?, ?it/s]
✗ Failed to process results/images/preprocessed/trome/2014/01/01/trome_2014-01-01#04.png: EngineCore encountered an issue. See stack trace (above) for the root cause.
Adding requests:   0%|          | 0/1 [00:00<?, ?it/s]Adding requests:   0%|          | 0/1 [00:00<?, ?it/s]
✗ Failed to process results/images/preprocessed/trome/2014/01/01/trome_2014-01-01#04.png: EngineCore encountered an issue. See stack trace (above) for the root cause.
Adding requests:   0%|          | 0/1 [00:00<?, ?it/s]Adding requests:   0%|          | 0/1 [00:00<?, ?it/s]
✗ Failed to process results/images/preprocessed/trome/2014/01/01/trome_2014-01-01#04.png: EngineCore encountered an issue. See stack trace (above) for the root cause.
Adding requests:   0%|          | 0/1 [00:00<?, ?it/s]Adding requests:   0%|          | 0/1 [00:00<?, ?it/s]
✗ Failed to process results/images/preprocessed/trome/2014/01/01/trome_2014-01-01#04.png: EngineCore encountered an issue. See stack trace (above) for the root cause.
Adding requests:   0%|          | 0/1 [00:00<?, ?it/s]Adding requests:   0%|          | 0/1 [00:00<?, ?it/s]
✗ Failed to process results/images/preprocessed/trome/2014/01/01/trome_2014-01-01#04.png: EngineCore encountered an issue. See stack trace (above) for the root cause.
Adding requests:   0%|          | 0/1 [00:00<?, ?it/s]Adding requests:   0%|          | 0/1 [00:00<?, ?it/s]
✗ Failed to process results/images/preprocessed/trome/2014/01/01/trome_2014-01-01#04.png: EngineCore encountered an issue. See stack trace (above) for the root cause.
Adding requests:   0%|          | 0/1 [00:00<?, ?it/s]Adding requests:   0%|          | 0/1 [00:00<?, ?it/s]
✗ Failed to process results/images/preprocessed/trome/2014/01/01/trome_2014-01-01#04.png: EngineCore encountered an issue. See stack trace (above) for the root cause.
Adding requests:   0%|          | 0/1 [00:00<?, ?it/s]Adding requests:   0%|          | 0/1 [00:00<?, ?it/s]
✗ Failed to process results/images/preprocessed/trome/2014/01/01/trome_2014-01-01#04.png: EngineCore encountered an issue. See stack trace (above) for the root cause.
Adding requests:   0%|          | 0/1 [00:00<?, ?it/s]Adding requests:   0%|          | 0/1 [00:00<?, ?it/s]
✗ Failed to process results/images/preprocessed/trome/2014/01/01/trome_2014-01-01#04.png: EngineCore encountered an issue. See stack trace (above) for the root cause.
Adding requests:   0%|          | 0/1 [00:00<?, ?it/s]Adding requests:   0%|          | 0/1 [00:00<?, ?it/s]
✗ Failed to process results/images/preprocessed/trome/2014/01/01/trome_2014-01-01#04.png: EngineCore encountered an issue. See stack trace (above) for the root cause.
Adding requests:   0%|          | 0/1 [00:00<?, ?it/s]Adding requests:   0%|          | 0/1 [00:00<?, ?it/s]
✗ Failed to process results/images/preprocessed/trome/2014/01/01/trome_2014-01-01#04.png: EngineCore encountered an issue. See stack trace (above) for the root cause.
Adding requests:   0%|          | 0/1 [00:00<?, ?it/s]Adding requests:   0%|          | 0/1 [00:00<?, ?it/s]
✗ Failed to process results/images/preprocessed/trome/2014/01/01/trome_2014-01-01#04.png: EngineCore encountered an issue. See stack trace (above) for the root cause.
Adding requests:   0%|          | 0/1 [00:00<?, ?it/s]Adding requests:   0%|          | 0/1 [00:00<?, ?it/s]
✗ Failed to process results/images/preprocessed/trome/2014/01/01/trome_2014-01-01#04.png: EngineCore encountered an issue. See stack trace (above) for the root cause.
Adding requests:   0%|          | 0/1 [00:00<?, ?it/s]Adding requests:   0%|          | 0/1 [00:00<?, ?it/s]
✗ Failed to process results/images/preprocessed/trome/2014/01/01/trome_2014-01-01#04.png: EngineCore encountered an issue. See stack trace (above) for the root cause.
Adding requests:   0%|          | 0/1 [00:00<?, ?it/s]Adding requests:   0%|          | 0/1 [00:00<?, ?it/s]
✗ Failed to process results/images/preprocessed/trome/2014/01/01/trome_2014-01-01#04.png: The decoder prompt (length 8439) is longer than the maximum model length of 8192. Make sure that `max_model_len` is no smaller than the number of text tokens.
Adding requests:   0%|          | 0/1 [00:00<?, ?it/s]Adding requests:   0%|          | 0/1 [00:00<?, ?it/s]
✗ Failed to process results/images/preprocessed/trome/2014/01/01/trome_2014-01-01#04.png: EngineCore encountered an issue. See stack trace (above) for the root cause.
Adding requests:   0%|          | 0/1 [00:00<?, ?it/s]Adding requests:   0%|          | 0/1 [00:00<?, ?it/s]
✗ Failed to process results/images/preprocessed/trome/2014/01/01/trome_2014-01-01#04.png: The decoder prompt (length 8307) is longer than the maximum model length of 8192. Make sure that `max_model_len` is no smaller than the number of text tokens.
Adding requests:   0%|          | 0/1 [00:00<?, ?it/s]Adding requests:   0%|          | 0/1 [00:00<?, ?it/s]
✗ Failed to process results/images/preprocessed/trome/2014/01/01/trome_2014-01-01#04.png: EngineCore encountered an issue. See stack trace (above) for the root cause.
Adding requests:   0%|          | 0/1 [00:00<?, ?it/s]Adding requests:   0%|          | 0/1 [00:00<?, ?it/s]
✗ Failed to process results/images/preprocessed/trome/2014/01/01/trome_2014-01-01#04.png: EngineCore encountered an issue. See stack trace (above) for the root cause.
Adding requests:   0%|          | 0/1 [00:00<?, ?it/s]Adding requests:   0%|          | 0/1 [00:00<?, ?it/s]
✗ Failed to process results/images/preprocessed/trome/2014/01/01/trome_2014-01-01#04.png: EngineCore encountered an issue. See stack trace (above) for the root cause.
Adding requests:   0%|          | 0/1 [00:00<?, ?it/s]Adding requests:   0%|          | 0/1 [00:00<?, ?it/s]
✗ Failed to process results/images/preprocessed/trome/2014/01/01/trome_2014-01-01#04.png: EngineCore encountered an issue. See stack trace (above) for the root cause.
Adding requests:   0%|          | 0/1 [00:00<?, ?it/s]Adding requests:   0%|          | 0/1 [00:00<?, ?it/s]
✗ Failed to process results/images/preprocessed/trome/2014/01/01/trome_2014-01-01#04.png: EngineCore encountered an issue. See stack trace (above) for the root cause.
Adding requests:   0%|          | 0/1 [00:00<?, ?it/s]Adding requests:   0%|          | 0/1 [00:00<?, ?it/s]
✗ Failed to process results/images/preprocessed/trome/2014/01/01/trome_2014-01-01#04.png: EngineCore encountered an issue. See stack trace (above) for the root cause.
Adding requests:   0%|          | 0/1 [00:00<?, ?it/s]Adding requests:   0%|          | 0/1 [00:00<?, ?it/s]
✗ Failed to process results/images/preprocessed/trome/2014/01/01/trome_2014-01-01#04.png: EngineCore encountered an issue. See stack trace (above) for the root cause.
Adding requests:   0%|          | 0/1 [00:00<?, ?it/s]Adding requests:   0%|          | 0/1 [00:00<?, ?it/s]
✗ Failed to process results/images/preprocessed/trome/2014/01/01/trome_2014-01-01#04.png: EngineCore encountered an issue. See stack trace (above) for the root cause.
Output already exists.
Output already exists.
Adding requests:   0%|          | 0/1 [00:00<?, ?it/s]Adding requests:   0%|          | 0/1 [00:00<?, ?it/s]
✗ Failed to process results/images/preprocessed/trome/2014/01/01/trome_2014-01-01#04.png: The decoder prompt (length 8448) is longer than the maximum model length of 8192. Make sure that `max_model_len` is no smaller than the number of text tokens.
Output already exists.
Output already exists.
Output already exists.
Output already exists.
Output already exists.
Output already exists.
Output already exists.
Output already exists.
Output already exists.
Output already exists.
Output already exists.
Output already exists.
Output already exists.
Output already exists.
Output already exists.
Output already exists.
Output already exists.
Output already exists.
Output already exists.
Output already exists.
Output already exists.
Output already exists.
Output already exists.
Output already exists.
Output already exists.
Output already exists.
Output already exists.
Output already exists.
Output already exists.
Output already exists.
Adding requests:   0%|          | 0/1 [00:00<?, ?it/s]Adding requests:   0%|          | 0/1 [00:00<?, ?it/s]
✗ Failed to process results/images/preprocessed/trome/2014/01/01/trome_2014-01-01#04.png: EngineCore encountered an issue. See stack trace (above) for the root cause.
Output already exists.
Output already exists.
Output already exists.
Output already exists.
Output already exists.
Output already exists.
Adding requests:   0%|          | 0/1 [00:00<?, ?it/s]Adding requests:   0%|          | 0/1 [00:00<?, ?it/s]
✗ Failed to process results/images/preprocessed/trome/2014/01/01/trome_2014-01-01#04.png: EngineCore encountered an issue. See stack trace (above) for the root cause.
Adding requests:   0%|          | 0/1 [00:00<?, ?it/s]Adding requests:   0%|          | 0/1 [00:00<?, ?it/s]
✗ Failed to process results/images/preprocessed/trome/2014/01/01/trome_2014-01-01#04.png: EngineCore encountered an issue. See stack trace (above) for the root cause.
Adding requests:   0%|          | 0/1 [00:00<?, ?it/s]Adding requests:   0%|          | 0/1 [00:00<?, ?it/s]
✗ Failed to process results/images/preprocessed/trome/2014/01/01/trome_2014-01-01#04.png: EngineCore encountered an issue. See stack trace (above) for the root cause.
Adding requests:   0%|          | 0/1 [00:00<?, ?it/s]Adding requests:   0%|          | 0/1 [00:00<?, ?it/s]
✗ Failed to process results/images/preprocessed/trome/2014/01/01/trome_2014-01-01#04.png: EngineCore encountered an issue. See stack trace (above) for the root cause.
Adding requests:   0%|          | 0/1 [00:00<?, ?it/s]Adding requests:   0%|          | 0/1 [00:00<?, ?it/s]
✗ Failed to process results/images/preprocessed/trome/2014/01/01/trome_2014-01-01#04.png: EngineCore encountered an issue. See stack trace (above) for the root cause.
Adding requests:   0%|          | 0/1 [00:00<?, ?it/s]Adding requests:   0%|          | 0/1 [00:00<?, ?it/s]
✗ Failed to process results/images/preprocessed/trome/2014/01/01/trome_2014-01-01#04.png: EngineCore encountered an issue. See stack trace (above) for the root cause.
Adding requests:   0%|          | 0/1 [00:00<?, ?it/s]Adding requests:   0%|          | 0/1 [00:00<?, ?it/s]
✗ Failed to process results/images/preprocessed/trome/2014/01/01/trome_2014-01-01#04.png: EngineCore encountered an issue. See stack trace (above) for the root cause.
Adding requests:   0%|          | 0/1 [00:00<?, ?it/s]Adding requests:   0%|          | 0/1 [00:00<?, ?it/s]
✗ Failed to process results/images/preprocessed/trome/2014/01/01/trome_2014-01-01#04.png: EngineCore encountered an issue. See stack trace (above) for the root cause.
Adding requests:   0%|          | 0/1 [00:00<?, ?it/s]Adding requests:   0%|          | 0/1 [00:00<?, ?it/s]
✗ Failed to process results/images/preprocessed/trome/2014/01/01/trome_2014-01-01#04.png: EngineCore encountered an issue. See stack trace (above) for the root cause.
Adding requests:   0%|          | 0/1 [00:00<?, ?it/s]Adding requests:   0%|          | 0/1 [00:00<?, ?it/s]
✗ Failed to process results/images/preprocessed/trome/2014/01/01/trome_2014-01-01#04.png: The decoder prompt (length 10784) is longer than the maximum model length of 8192. Make sure that `max_model_len` is no smaller than the number of text tokens.
Adding requests:   0%|          | 0/1 [00:00<?, ?it/s]Adding requests:   0%|          | 0/1 [00:00<?, ?it/s]
✗ Failed to process results/images/preprocessed/trome/2014/01/01/trome_2014-01-01#04.png: EngineCore encountered an issue. See stack trace (above) for the root cause.
Adding requests:   0%|          | 0/1 [00:00<?, ?it/s]Adding requests:   0%|          | 0/1 [00:00<?, ?it/s]
✗ Failed to process results/images/preprocessed/trome/2014/01/01/trome_2014-01-01#04.png: EngineCore encountered an issue. See stack trace (above) for the root cause.
Adding requests:   0%|          | 0/1 [00:00<?, ?it/s]Adding requests:   0%|          | 0/1 [00:00<?, ?it/s]
✗ Failed to process results/images/preprocessed/trome/2014/01/01/trome_2014-01-01#04.png: EngineCore encountered an issue. See stack trace (above) for the root cause.
Adding requests:   0%|          | 0/1 [00:00<?, ?it/s]Adding requests:   0%|          | 0/1 [00:00<?, ?it/s]
✗ Failed to process results/images/preprocessed/trome/2014/01/01/trome_2014-01-01#04.png: EngineCore encountered an issue. See stack trace (above) for the root cause.
Adding requests:   0%|          | 0/1 [00:00<?, ?it/s]Adding requests:   0%|          | 0/1 [00:00<?, ?it/s]
✗ Failed to process results/images/preprocessed/trome/2014/01/01/trome_2014-01-01#04.png: EngineCore encountered an issue. See stack trace (above) for the root cause.
Adding requests:   0%|          | 0/1 [00:00<?, ?it/s]Adding requests:   0%|          | 0/1 [00:00<?, ?it/s]
✗ Failed to process results/images/preprocessed/trome/2014/01/01/trome_2014-01-01#04.png: EngineCore encountered an issue. See stack trace (above) for the root cause.
Adding requests:   0%|          | 0/1 [00:00<?, ?it/s]Adding requests:   0%|          | 0/1 [00:00<?, ?it/s]
✗ Failed to process results/images/preprocessed/trome/2014/01/01/trome_2014-01-01#04.png: EngineCore encountered an issue. See stack trace (above) for the root cause.
Adding requests:   0%|          | 0/1 [00:00<?, ?it/s]Adding requests:   0%|          | 0/1 [00:00<?, ?it/s]
✗ Failed to process results/images/preprocessed/trome/2014/01/01/trome_2014-01-01#04.png: EngineCore encountered an issue. See stack trace (above) for the root cause.
Adding requests:   0%|          | 0/1 [00:00<?, ?it/s]Adding requests:   0%|          | 0/1 [00:00<?, ?it/s]
✗ Failed to process results/images/preprocessed/trome/2014/01/01/trome_2014-01-01#04.png: EngineCore encountered an issue. See stack trace (above) for the root cause.
Adding requests:   0%|          | 0/1 [00:00<?, ?it/s]Adding requests:   0%|          | 0/1 [00:00<?, ?it/s]
✗ Failed to process results/images/preprocessed/trome/2014/01/01/trome_2014-01-01#04.png: EngineCore encountered an issue. See stack trace (above) for the root cause.
Adding requests:   0%|          | 0/1 [00:00<?, ?it/s]Adding requests:   0%|          | 0/1 [00:00<?, ?it/s]
✗ Failed to process results/images/preprocessed/trome/2014/01/01/trome_2014-01-01#04.png: EngineCore encountered an issue. See stack trace (above) for the root cause.
Adding requests:   0%|          | 0/1 [00:00<?, ?it/s]Adding requests:   0%|          | 0/1 [00:00<?, ?it/s]
✗ Failed to process results/images/preprocessed/trome/2014/01/01/trome_2014-01-01#04.png: EngineCore encountered an issue. See stack trace (above) for the root cause.
Adding requests:   0%|          | 0/1 [00:00<?, ?it/s]Adding requests:   0%|          | 0/1 [00:00<?, ?it/s]
✗ Failed to process results/images/preprocessed/trome/2014/01/01/trome_2014-01-01#04.png: EngineCore encountered an issue. See stack trace (above) for the root cause.
Adding requests:   0%|          | 0/1 [00:00<?, ?it/s]Adding requests:   0%|          | 0/1 [00:00<?, ?it/s]
✗ Failed to process results/images/preprocessed/trome/2014/01/01/trome_2014-01-01#04.png: EngineCore encountered an issue. See stack trace (above) for the root cause.
Adding requests:   0%|          | 0/1 [00:00<?, ?it/s]Adding requests:   0%|          | 0/1 [00:00<?, ?it/s]
✗ Failed to process results/images/preprocessed/trome/2014/01/01/trome_2014-01-01#04.png: EngineCore encountered an issue. See stack trace (above) for the root cause.
Adding requests:   0%|          | 0/1 [00:00<?, ?it/s]Adding requests:   0%|          | 0/1 [00:00<?, ?it/s]
✗ Failed to process results/images/preprocessed/trome/2014/01/01/trome_2014-01-01#04.png: EngineCore encountered an issue. See stack trace (above) for the root cause.
Adding requests:   0%|          | 0/1 [00:00<?, ?it/s]Adding requests:   0%|          | 0/1 [00:00<?, ?it/s]
✗ Failed to process results/images/preprocessed/trome/2014/01/01/trome_2014-01-01#04.png: EngineCore encountered an issue. See stack trace (above) for the root cause.
Adding requests:   0%|          | 0/1 [00:00<?, ?it/s]Adding requests:   0%|          | 0/1 [00:00<?, ?it/s]
✗ Failed to process results/images/preprocessed/trome/2014/01/01/trome_2014-01-01#04.png: EngineCore encountered an issue. See stack trace (above) for the root cause.
Adding requests:   0%|          | 0/1 [00:00<?, ?it/s]Adding requests:   0%|          | 0/1 [00:00<?, ?it/s]
✗ Failed to process results/images/preprocessed/trome/2014/01/01/trome_2014-01-01#04.png: EngineCore encountered an issue. See stack trace (above) for the root cause.
Adding requests:   0%|          | 0/1 [00:00<?, ?it/s]Adding requests:   0%|          | 0/1 [00:00<?, ?it/s]
✗ Failed to process results/images/preprocessed/trome/2014/01/01/trome_2014-01-01#04.png: EngineCore encountered an issue. See stack trace (above) for the root cause.
Adding requests:   0%|          | 0/1 [00:00<?, ?it/s]Adding requests:   0%|          | 0/1 [00:00<?, ?it/s]
✗ Failed to process results/images/preprocessed/trome/2014/01/01/trome_2014-01-01#04.png: EngineCore encountered an issue. See stack trace (above) for the root cause.
Adding requests:   0%|          | 0/1 [00:00<?, ?it/s]Adding requests:   0%|          | 0/1 [00:00<?, ?it/s]
✗ Failed to process results/images/preprocessed/trome/2014/01/01/trome_2014-01-01#04.png: EngineCore encountered an issue. See stack trace (above) for the root cause.
Adding requests:   0%|          | 0/1 [00:00<?, ?it/s]Adding requests:   0%|          | 0/1 [00:00<?, ?it/s]
✗ Failed to process results/images/preprocessed/trome/2014/01/01/trome_2014-01-01#04.png: EngineCore encountered an issue. See stack trace (above) for the root cause.
Adding requests:   0%|          | 0/1 [00:00<?, ?it/s]Adding requests:   0%|          | 0/1 [00:00<?, ?it/s]
✗ Failed to process results/images/preprocessed/trome/2014/01/01/trome_2014-01-01#04.png: EngineCore encountered an issue. See stack trace (above) for the root cause.
Adding requests:   0%|          | 0/1 [00:00<?, ?it/s]Adding requests:   0%|          | 0/1 [00:00<?, ?it/s]
✗ Failed to process results/images/preprocessed/trome/2014/01/01/trome_2014-01-01#04.png: EngineCore encountered an issue. See stack trace (above) for the root cause.
Adding requests:   0%|          | 0/1 [00:00<?, ?it/s]Adding requests:   0%|          | 0/1 [00:00<?, ?it/s]
✗ Failed to process results/images/preprocessed/trome/2014/01/01/trome_2014-01-01#04.png: EngineCore encountered an issue. See stack trace (above) for the root cause.
Adding requests:   0%|          | 0/1 [00:00<?, ?it/s]Adding requests:   0%|          | 0/1 [00:00<?, ?it/s]
✗ Failed to process results/images/preprocessed/trome/2014/01/01/trome_2014-01-01#04.png: EngineCore encountered an issue. See stack trace (above) for the root cause.
Adding requests:   0%|          | 0/1 [00:00<?, ?it/s]Adding requests:   0%|          | 0/1 [00:00<?, ?it/s]
✗ Failed to process results/images/preprocessed/trome/2014/01/01/trome_2014-01-01#04.png: The decoder prompt (length 8971) is longer than the maximum model length of 8192. Make sure that `max_model_len` is no smaller than the number of text tokens.
Adding requests:   0%|          | 0/1 [00:00<?, ?it/s]Adding requests:   0%|          | 0/1 [00:00<?, ?it/s]
✗ Failed to process results/images/preprocessed/trome/2014/01/01/trome_2014-01-01#04.png: EngineCore encountered an issue. See stack trace (above) for the root cause.
Adding requests:   0%|          | 0/1 [00:00<?, ?it/s]Adding requests:   0%|          | 0/1 [00:00<?, ?it/s]
✗ Failed to process results/images/preprocessed/trome/2014/01/01/trome_2014-01-01#04.png: EngineCore encountered an issue. See stack trace (above) for the root cause.
Adding requests:   0%|          | 0/1 [00:00<?, ?it/s]Adding requests:   0%|          | 0/1 [00:00<?, ?it/s]
✗ Failed to process results/images/preprocessed/trome/2014/01/01/trome_2014-01-01#04.png: EngineCore encountered an issue. See stack trace (above) for the root cause.
Adding requests:   0%|          | 0/1 [00:00<?, ?it/s]Adding requests:   0%|          | 0/1 [00:00<?, ?it/s]
✗ Failed to process results/images/preprocessed/trome/2014/01/01/trome_2014-01-01#04.png: EngineCore encountered an issue. See stack trace (above) for the root cause.
Adding requests:   0%|          | 0/1 [00:00<?, ?it/s]Adding requests:   0%|          | 0/1 [00:00<?, ?it/s]
✗ Failed to process results/images/preprocessed/trome/2014/01/01/trome_2014-01-01#04.png: EngineCore encountered an issue. See stack trace (above) for the root cause.
Adding requests:   0%|          | 0/1 [00:00<?, ?it/s]Adding requests:   0%|          | 0/1 [00:00<?, ?it/s]
✗ Failed to process results/images/preprocessed/trome/2014/01/01/trome_2014-01-01#04.png: EngineCore encountered an issue. See stack trace (above) for the root cause.
Adding requests:   0%|          | 0/1 [00:00<?, ?it/s]Adding requests:   0%|          | 0/1 [00:00<?, ?it/s]
✗ Failed to process results/images/preprocessed/trome/2014/01/01/trome_2014-01-01#04.png: EngineCore encountered an issue. See stack trace (above) for the root cause.
Adding requests:   0%|          | 0/1 [00:00<?, ?it/s]Adding requests:   0%|          | 0/1 [00:00<?, ?it/s]
✗ Failed to process results/images/preprocessed/trome/2014/01/01/trome_2014-01-01#04.png: EngineCore encountered an issue. See stack trace (above) for the root cause.
Adding requests:   0%|          | 0/1 [00:00<?, ?it/s]Adding requests:   0%|          | 0/1 [00:00<?, ?it/s]
✗ Failed to process results/images/preprocessed/trome/2014/01/01/trome_2014-01-01#04.png: EngineCore encountered an issue. See stack trace (above) for the root cause.
Adding requests:   0%|          | 0/1 [00:00<?, ?it/s]Adding requests:   0%|          | 0/1 [00:00<?, ?it/s]
✗ Failed to process results/images/preprocessed/trome/2014/01/01/trome_2014-01-01#04.png: EngineCore encountered an issue. See stack trace (above) for the root cause.
Adding requests:   0%|          | 0/1 [00:00<?, ?it/s]Adding requests:   0%|          | 0/1 [00:00<?, ?it/s]
✗ Failed to process results/images/preprocessed/trome/2014/01/01/trome_2014-01-01#04.png: EngineCore encountered an issue. See stack trace (above) for the root cause.
Adding requests:   0%|          | 0/1 [00:00<?, ?it/s]Adding requests:   0%|          | 0/1 [00:00<?, ?it/s]
✗ Failed to process results/images/preprocessed/trome/2014/01/01/trome_2014-01-01#04.png: EngineCore encountered an issue. See stack trace (above) for the root cause.
Adding requests:   0%|          | 0/1 [00:00<?, ?it/s]Adding requests:   0%|          | 0/1 [00:00<?, ?it/s]
✗ Failed to process results/images/preprocessed/trome/2014/01/01/trome_2014-01-01#04.png: EngineCore encountered an issue. See stack trace (above) for the root cause.
Adding requests:   0%|          | 0/1 [00:00<?, ?it/s]Adding requests:   0%|          | 0/1 [00:00<?, ?it/s]
✗ Failed to process results/images/preprocessed/trome/2014/01/01/trome_2014-01-01#04.png: EngineCore encountered an issue. See stack trace (above) for the root cause.
Output already exists.
Adding requests:   0%|          | 0/1 [00:00<?, ?it/s]Adding requests:   0%|          | 0/1 [00:00<?, ?it/s]
✗ Failed to process results/images/preprocessed/trome/2014/01/01/trome_2014-01-01#04.png: EngineCore encountered an issue. See stack trace (above) for the root cause.
Adding requests:   0%|          | 0/1 [00:00<?, ?it/s]Adding requests:   0%|          | 0/1 [00:00<?, ?it/s]
✗ Failed to process results/images/preprocessed/trome/2014/01/01/trome_2014-01-01#04.png: EngineCore encountered an issue. See stack trace (above) for the root cause.
Adding requests:   0%|          | 0/1 [00:00<?, ?it/s]Adding requests:   0%|          | 0/1 [00:00<?, ?it/s]
✗ Failed to process results/images/preprocessed/trome/2014/01/01/trome_2014-01-01#04.png: EngineCore encountered an issue. See stack trace (above) for the root cause.
Adding requests:   0%|          | 0/1 [00:00<?, ?it/s]Adding requests:   0%|          | 0/1 [00:00<?, ?it/s]
✗ Failed to process results/images/preprocessed/trome/2014/01/01/trome_2014-01-01#04.png: EngineCore encountered an issue. See stack trace (above) for the root cause.
Adding requests:   0%|          | 0/1 [00:00<?, ?it/s]Adding requests:   0%|          | 0/1 [00:00<?, ?it/s]
✗ Failed to process results/images/preprocessed/trome/2014/01/01/trome_2014-01-01#04.png: EngineCore encountered an issue. See stack trace (above) for the root cause.
Adding requests:   0%|          | 0/1 [00:00<?, ?it/s]Adding requests:   0%|          | 0/1 [00:00<?, ?it/s]
✗ Failed to process results/images/preprocessed/trome/2014/01/01/trome_2014-01-01#04.png: EngineCore encountered an issue. See stack trace (above) for the root cause.
Adding requests:   0%|          | 0/1 [00:00<?, ?it/s]Adding requests:   0%|          | 0/1 [00:00<?, ?it/s]
✗ Failed to process results/images/preprocessed/trome/2014/01/01/trome_2014-01-01#04.png: EngineCore encountered an issue. See stack trace (above) for the root cause.
Adding requests:   0%|          | 0/1 [00:00<?, ?it/s]Adding requests:   0%|          | 0/1 [00:00<?, ?it/s]
✗ Failed to process results/images/preprocessed/trome/2014/01/01/trome_2014-01-01#04.png: EngineCore encountered an issue. See stack trace (above) for the root cause.
Adding requests:   0%|          | 0/1 [00:00<?, ?it/s]Adding requests:   0%|          | 0/1 [00:00<?, ?it/s]
✗ Failed to process results/images/preprocessed/trome/2014/01/01/trome_2014-01-01#04.png: EngineCore encountered an issue. See stack trace (above) for the root cause.
Adding requests:   0%|          | 0/1 [00:00<?, ?it/s]Adding requests:   0%|          | 0/1 [00:00<?, ?it/s]
✗ Failed to process results/images/preprocessed/trome/2014/01/01/trome_2014-01-01#04.png: EngineCore encountered an issue. See stack trace (above) for the root cause.
Adding requests:   0%|          | 0/1 [00:00<?, ?it/s]Adding requests:   0%|          | 0/1 [00:00<?, ?it/s]
✗ Failed to process results/images/preprocessed/trome/2014/01/01/trome_2014-01-01#04.png: EngineCore encountered an issue. See stack trace (above) for the root cause.
Adding requests:   0%|          | 0/1 [00:00<?, ?it/s]Adding requests:   0%|          | 0/1 [00:00<?, ?it/s]
✗ Failed to process results/images/preprocessed/trome/2014/01/01/trome_2014-01-01#04.png: EngineCore encountered an issue. See stack trace (above) for the root cause.
Adding requests:   0%|          | 0/1 [00:00<?, ?it/s]Adding requests:   0%|          | 0/1 [00:00<?, ?it/s]
✗ Failed to process results/images/preprocessed/trome/2014/01/01/trome_2014-01-01#04.png: EngineCore encountered an issue. See stack trace (above) for the root cause.
Adding requests:   0%|          | 0/1 [00:00<?, ?it/s]Adding requests:   0%|          | 0/1 [00:00<?, ?it/s]
✗ Failed to process results/images/preprocessed/trome/2014/01/01/trome_2014-01-01#04.png: EngineCore encountered an issue. See stack trace (above) for the root cause.
Adding requests:   0%|          | 0/1 [00:00<?, ?it/s]Adding requests:   0%|          | 0/1 [00:00<?, ?it/s]
✗ Failed to process results/images/preprocessed/trome/2014/01/01/trome_2014-01-01#04.png: EngineCore encountered an issue. See stack trace (above) for the root cause.
Adding requests:   0%|          | 0/1 [00:00<?, ?it/s]Adding requests:   0%|          | 0/1 [00:00<?, ?it/s]
✗ Failed to process results/images/preprocessed/trome/2014/01/01/trome_2014-01-01#04.png: EngineCore encountered an issue. See stack trace (above) for the root cause.
Adding requests:   0%|          | 0/1 [00:00<?, ?it/s]Adding requests:   0%|          | 0/1 [00:00<?, ?it/s]
✗ Failed to process results/images/preprocessed/trome/2014/01/01/trome_2014-01-01#04.png: EngineCore encountered an issue. See stack trace (above) for the root cause.
Adding requests:   0%|          | 0/1 [00:00<?, ?it/s]Adding requests:   0%|          | 0/1 [00:00<?, ?it/s]
✗ Failed to process results/images/preprocessed/trome/2014/01/01/trome_2014-01-01#04.png: EngineCore encountered an issue. See stack trace (above) for the root cause.
Adding requests:   0%|          | 0/1 [00:00<?, ?it/s]Adding requests:   0%|          | 0/1 [00:00<?, ?it/s]
✗ Failed to process results/images/preprocessed/trome/2014/01/01/trome_2014-01-01#04.png: EngineCore encountered an issue. See stack trace (above) for the root cause.
Adding requests:   0%|          | 0/1 [00:00<?, ?it/s]Adding requests:   0%|          | 0/1 [00:00<?, ?it/s]
✗ Failed to process results/images/preprocessed/trome/2014/01/01/trome_2014-01-01#04.png: EngineCore encountered an issue. See stack trace (above) for the root cause.
Adding requests:   0%|          | 0/1 [00:00<?, ?it/s]Adding requests:   0%|          | 0/1 [00:00<?, ?it/s]
✗ Failed to process results/images/preprocessed/trome/2014/01/01/trome_2014-01-01#04.png: EngineCore encountered an issue. See stack trace (above) for the root cause.
Adding requests:   0%|          | 0/1 [00:00<?, ?it/s]Adding requests:   0%|          | 0/1 [00:00<?, ?it/s]
✗ Failed to process results/images/preprocessed/trome/2014/01/01/trome_2014-01-01#04.png: EngineCore encountered an issue. See stack trace (above) for the root cause.
Adding requests:   0%|          | 0/1 [00:00<?, ?it/s]Adding requests:   0%|          | 0/1 [00:00<?, ?it/s]
✗ Failed to process results/images/preprocessed/trome/2014/01/01/trome_2014-01-01#04.png: EngineCore encountered an issue. See stack trace (above) for the root cause.
Adding requests:   0%|          | 0/1 [00:00<?, ?it/s]Adding requests:   0%|          | 0/1 [00:00<?, ?it/s]
✗ Failed to process results/images/preprocessed/trome/2014/01/01/trome_2014-01-01#04.png: EngineCore encountered an issue. See stack trace (above) for the root cause.
Adding requests:   0%|          | 0/1 [00:00<?, ?it/s]Adding requests:   0%|          | 0/1 [00:00<?, ?it/s]
✗ Failed to process results/images/preprocessed/trome/2014/01/01/trome_2014-01-01#04.png: EngineCore encountered an issue. See stack trace (above) for the root cause.
Adding requests:   0%|          | 0/1 [00:00<?, ?it/s]Adding requests:   0%|          | 0/1 [00:00<?, ?it/s]
✗ Failed to process results/images/preprocessed/trome/2014/01/01/trome_2014-01-01#04.png: EngineCore encountered an issue. See stack trace (above) for the root cause.
Adding requests:   0%|          | 0/1 [00:00<?, ?it/s]Adding requests:   0%|          | 0/1 [00:00<?, ?it/s]
✗ Failed to process results/images/preprocessed/trome/2014/01/01/trome_2014-01-01#04.png: EngineCore encountered an issue. See stack trace (above) for the root cause.
Adding requests:   0%|          | 0/1 [00:00<?, ?it/s]Adding requests:   0%|          | 0/1 [00:00<?, ?it/s]
✗ Failed to process results/images/preprocessed/trome/2014/01/01/trome_2014-01-01#04.png: EngineCore encountered an issue. See stack trace (above) for the root cause.
Adding requests:   0%|          | 0/1 [00:00<?, ?it/s]Adding requests:   0%|          | 0/1 [00:00<?, ?it/s]
✗ Failed to process results/images/preprocessed/trome/2014/01/01/trome_2014-01-01#04.png: EngineCore encountered an issue. See stack trace (above) for the root cause.
Adding requests:   0%|          | 0/1 [00:00<?, ?it/s]Adding requests:   0%|          | 0/1 [00:00<?, ?it/s]
✗ Failed to process results/images/preprocessed/trome/2014/01/01/trome_2014-01-01#04.png: EngineCore encountered an issue. See stack trace (above) for the root cause.
Adding requests:   0%|          | 0/1 [00:00<?, ?it/s]Adding requests:   0%|          | 0/1 [00:00<?, ?it/s]
✗ Failed to process results/images/preprocessed/trome/2014/01/01/trome_2014-01-01#04.png: EngineCore encountered an issue. See stack trace (above) for the root cause.
Adding requests:   0%|          | 0/1 [00:00<?, ?it/s]Adding requests:   0%|          | 0/1 [00:00<?, ?it/s]
✗ Failed to process results/images/preprocessed/trome/2014/01/01/trome_2014-01-01#04.png: EngineCore encountered an issue. See stack trace (above) for the root cause.
GPU Memory: 14, 95337
Time taken: 422.10 seconds
Processed 2609 prompts in 422.10 seconds
Avg per (text) input: 0.16 sec
Script finished!
