"headline","content","newspaper","date"
"Cinco ideas equivocadas sobre su base de relaciones","Una buena red de contactos lo mantiene informado, lo vuelve más innovador, le da una caja de resonancia y lo ayuda a hacer las cosas cuando está apurado. Sin embargo, muchas personas se resisten a trazar redes porque tienen ideas equivocadas al respecto. ¿Cuál de las siguientes lo está frenando?  Idea equivocada 1: Trazar redes es más que nada una pérdida de tiempo. El valor de la red de contactos depende de su tipo y de cómo la formes. Idea equivocada 2: Algunas personas simplemente no tienen el don natural para trazar redes, y no pueden cambiar. Idea equivocada 3: Las relaciones deberían formarse naturalmente. Las redes de contacto naturales nunca pueden darnos el alcance y diversidad de todo lo que necesitamos para tender el mundo que nos rodea, para tomar buenas decisiones y para comunicarnos con personas diferentes a nosotros.  Importancia. Contactar gente que haya identificado como estratégicamente importante para su agenda tiene menos probabilidad de generar beneficios que simplemente acumular conexiones.  Idea equivocada 4: Las redes de contacto son inherentemente egostas. Muchas personas sienten que el trazado de redes es insincero (manipulador).  Idea equivocada 5: Nuestros lazos más fuertes son los más valiosos. El problema con nuestros consejeros de confianza y círculo de sospechosos de siempre no es que no quieran ayudar, sino que es probable que tengan la misma perspectiva que nosotros.","gestion","02/05/2016"
"HISTORIA De los campos de guerra a las pistas limeñas, la trocha vencida por jeep","La compañía de vehículos todo terreno, representada por Diven Otero, cumple 75 años y acaba de anunciar el ingreso de una línea de aniversario.  Stephana Palomino Melgar  Se imagina conducir un vehículo cuya fuerza y performance se haya sentido en los campos de guerra? As es Jeep, un blindado que nos monta a 1941, cuando Overland ganó el contrato para producir el Willys MB para el Ejército de los Estados Unidos, registrado durante la Segunda Guerra Mundial.  Nombres Misterios  Aunque ya han pasado 75 años, los mitos acerca de cómo llegó a nombrarse Jeep siguen latentes. Muchos afirman que la serie de dibujos animados Woody Woodpecker y un personaje Eugene el Jeep, que podía sortear cualquier obstáculo, inspiraron el nombre. Otros sostienen que el nombre Jeep fue utilizado en Oklahoma, en 1934, para designar unos camiones utilizados para la extracción de petróleo y que de ahí surgiera la denominación, según fuentes del sector. No obstante, la historia que tiene mayor fuerza es aquella que sostiene que el nombre Jeep proviene del término de guerra general purpose (propósitos generales), cuyas iniciales son GP.  Aparte de este modelo, se creó un Jeep civil, el CJ, el cual se basó en la experiencia militar para mejorar el diseño y adaptarlo a los civiles. En total, se crearon 14 modelos nuevos para distintos fines: trabajo, recreación y transporte de lujo para la época. Como tributo, la marca lanzará una edición especial, por su aniversario, de cada uno de los modelos de su línea, que incluyen una renovación interna y externa.  Presentación  El Ertiga, la nueva apuesta de Suzuki llega al mercado. La compañía Suzuki, representada por Derco, presenta el nuevo Ertiga, versión moderna de su multipropósito. A diferencia de su anterior versión, el principal cambio que salta a la vista es en la zona frontal del vehículo, donde ahora luce una parrilla cromada, así como renovados neblineros en un bisel dorado que le dan un aspecto más elegante. En la zona posterior también lleva detalles cromados, además los faros son de aleación de quince pulgadas y con un nuevo diseño.","gestion","02/05/2016"
"Entrevista Tomo las mejores decisiones cuando estoy en la oficina, pero al salir me olvido de todo","El gerente general de Cerámicos Peruanos, propietaria de Ladrillos Piramide, Raúl Berrios, cree en la importancia de lograr un equilibrio entre vida personal y profesional. Su oficina está decorada con diversos cuadros. Pinturas que reflejan el rostro de un pequeño, bodegones y flores. Raúl no solo gerencia Ladrillos Piramide, sino que bajo su techo cabe un artista nato.  ¿Cómo dio el salto hacia la construcción? He estado 14 años en el sector bancario, luego pasé a la industria con una empresa del Grupo Gloria. Después di un salto por la industria metalmecánica y hace meses llegué a este sector totalmente distinto, pero similar. Estoy convencido de que todas las empresas enfrentan los mismos problemas, aunque en diferente proporción.  ¿Qué valores rescata? Tener mucha paciencia y creatividad, porque para crear una pintura puedes demorar un día (incluso varias semanas).  ¿Cuándo toma buenas decisiones de negocios? El mejor momento es cuando estoy en la oficina. Cuando salgo y paso la puerta, ya me olvido de todo.  ¿Cómo logra el equilibrio? Creo que es innato. Cuando salgo, soy Raúl. Yo ni sueño con el trabajo ni me lo llevo. Llego a casa ni me acuerdo, recién cuando estoy de regreso comienzo a ordenar mis pendientes. ¿Cuál es el secreto? No tengo idea, lo triste es que veo que hay gente que te llama muy tarde y se acumula de trabajo. Cuando eso pasa, les digo: relax, mañana hablamos. Sal a pasear, ve al cine, ólvídate por un momento. Mañana resuelves el problema. Cuantas más vueltas les das a las cosas, más difíciles encontrar una solución. Uno debe tener desapego y apego al problema, desapego para que no te obsesione y apego para no olvidarte.","gestion","02/05/2016"
"Central de Reserva se aplica la meritocracia","e ingresan los mejores alumnos de PRIMARIA Y SECUNOARIA todo el pas luego de pasar un examen y seguir un curso especial. Los que hemos estudiado economía bemos de la rigurosidad e intensidad del curso de verano no en el instituto emisor. Pero ahora, con la decisión del Tribunal Constitucional para que el Banco Central ingrese al ámbito de Servir, hasta los cursos de capacitación tendrían que ser aprobados previamente por dicha entidad. Además, los topes remunerativos que establece Servir podrían jugar en contra de la calidad profesional del instituto emisor, dada la alta especialización de sus funcionarios, que inclusive lleva a que más de uno de ellos asesore a otras entidades del Estado. Lograr un trato único a todos los trabajadores del Estado es una aspiración respetable, pero el propio Tribunal Constitucional ha mantenido fuera del ámbito de acción de la norma al Banco de la Nación, a los jueces, a los maestros y al personal militar, entre otras carreras especiales. Es decir, los dos casos especiales en que la nación es positiva y el caso del Banco Central debería ser incluido en la lista. El Tribunal Constitucional debe revisar su decisión, vía una aclaración.","gestion","02/05/2016"
"El mito de la primera vuelta","Una de las conclusiones más repetidas en el debate público sobre los resultados del último proceso electoral es aquella que interpreta el tercer lugar alcanzado por el Frente Amplio (FA) como una victoria de la izquierda. Es cierto que si analizamos el desempeño de su candidata usando como baremo las adhesiones que según las encuestas alcanzaba dos meses antes (apenas 2% de la intención de voto), los resultados obtenidos (18.8%) resultan importantes. Sin embargo, el análisis cambia drásticamente de sentido si se evalúa dicho desempeño desde la perspectiva de lo ocurrido en las dos anteriores elecciones. Recordemos que en los procesos del 2006, primero, y, segundo, en el 2011, el nacionalismo se presentó como la principal opción de izquierda en la contienda, logrando cohesionar a diversas fuerzas y liderazgos vinculados a esas posiciones, incluyendo a la propia candidata del FA y a varios de sus voceros. En la primera vuelta del 2006 y 2011, el nacionalismo alcanzó el 31-32% de los votos válidos. Si se comparan esos resultados con los guarismos obtenidos por el FA el 10 de abril, la pérdida de relevancia es notable. Ese debilitamiento también se pone de manifiesto con lo sucedido en la clasificación geográfica de las preferencias. Si bien la constante es que en las tres ocasiones la izquierda se impuso en los departamentos del sur, en las dos anteriores logró cosechar un importante nivel de apoyo fuera de esos bolsones, algo que el FA no ha podido replicar. De hecho, el nacionalismo le ganó en 16 y 17 departamentos, incluyendo muchos que esta vez le han resultado esquivos al FA. Además, logró una mejor performance en Lima, donde el FA apenas acumuló un porcentaje de adhesiones comparable al tercera lugar de Susana Villaran en las últimas elecciones municipales. Otro dato importante es que en Arequipa, el apoyo del FA se redujo a menos de la mitad. Su caudal electoral menor incluso en aquellos departamentos del sur donde alcanzó la victoria. Esta oportunidad tuvo lo que faltó en la primera vuelta: un verdadero debate de ideas y programas. De otra parte, y este no es un dato menor, la trepada de Verónica Mendoza en las encuestas coincide con la exclusión de Guzmán, siendo ella una de las principales tributarias del trasvase de votos generado. Contrariamente a lo que muchos podrían pensar, no es posible interpretar estas adhesiones como una apuesta dura a favor de las ideas y los lineamientos que la candidata fue esgrimiendo durante la campaña. Para resumir, los resultados de la primera vuelta electoral distan mucho de confirmar un triunfo de la izquierda caracterizados como una victoria de la derecha continuista. Si bien las candidaturas de Fuerza Popular y PPK coinciden en lo que respecta a sus bases del manejo macroprudencial que se viene implementando en el país en los últimos quince años, también plantean importantes cambios y exhiben diferencias relevantes. De lo contrario, ninguna de esas candidaturas habría podido apelar exitosamente a las preferencias de los electores. Estos últimos, y así lo demuestran las encuestas, exigen transformaciones importantes que deberían cristalizarse en una agenda de iniciativas de gran alcance y ambición en temas como la lucha contra la corrupción, seguridad ciudadana, calidad educativa, salud, régimen laboral, reforma judicial, informalidad, reforma del Estado, fortalecimiento institucional, entre otros. A diferencia de lo ocurrido durante la primera vuelta, esperemos ver en esta oportunidad un verdadero debate de ideas y programas, que les permita a los ciudadanos conocer los detalles y contrastar las propuestas de ambos candidatos. Solo así saldrá fortalecida nuestra endeble democracia.","gestion","02/05/2016"
"Renta4MILÁ","Con fecha 12 de abril del año en curso, en la sección Opiniones de Gestión, ha salido publicado un artículo: Renta 4 lanza fondo que invierte en banca y construcción. En el artículo, se menciona que el Fondo 4 MILÁ del banco español RenT4 se lanzará oficialmente en nuestro país el 13 de abril de 2016, información que no se adapta a la realidad ni a la naturaleza del producto, y lo único que se ha logrado con la difusión de dicha información es la confusión de nuestros clientes y, sobre todo, de la Indicadora Mediana de Valor-s, pues se da a entender que es un fondo que se listará en el mercado peruano. Para empezar, el producto que está presentado y promocionando tiene por nombre Renta 4 MILÁ y no Fondo 4 MILÁ, como se indicó en el artículo. El producto está domiciliado en Luxemburgo, su MANCO - Management Company es Renta 4 Luxembourg, cuyo principal accionista es Renta 4 Banco. Asimismo, Renta 4 MILÁ tiene como custodio a Pictet & Cie (Europe) S.A. y como Investment Manager a Renta 4 Gestora SGIIC S.A. Por lo cual, solicitamos se informe qué tipo de producto es Renta 4 MILÁ y cuál es el objeto de la presentación realizada por Renta 4 SAB el pasado 11 de abril.  Javier Bernardo Penny Pastor Gerente General - Renta 4 SAB S.A.  Estimado Javier: Cumplimos con publicar sus precisiones.","gestion","02/05/2016"
"Perspectiva","Mercados de materias primas pueden haber ya superado su peor momento Indice de commodities registró en abril su segunda alza consecutiva. Señales de mejora en la economía china y repunte de mercado petrolero impulsan rebote. (Bloomberg) Mercados de materias primas habrían pasado la peor etapa del momento, ya que la demanda en China muestran indicios de terreno del sector. Tom Albanese, máximo responsable de Vedanta Ltd. y ex alto ejecutivo de Rio Tinto Group. Creo que lo visto a inicios del 2016 será el punto más bajo en los mercados de productos básicos, dijo Albanese en una conferencia telefónica después de que Vedanta dio a conocer sus beneficios trimestrales. Los precios de los productos básicos han mejorado significativamente en los últimos dos meses, y el sentimiento de los inversores poco a poco ha comenzado a tomarse positivo en cuanto al sector de recursos. Las materias primas repuntaron en abril, y el Bloomberg Commodity index registró en abril su mayor avance mensual desde el año 2010. Los aumentos han sido impulsados por indicios de que el crecimiento en China se está estabilizando, y por una reactivación del sector petrolero a medida que baja el suministro de Estados Unidos. Optimismo La visión de Albanese es más optimista que la de Goldman Sachs Group Inc., que dijo la semana pasada que aún no había un cambio sostenible en las condiciones. Las materias primas han visto una cin en todo el sector, donde los distintos precios de los productos básicos han aumentado en diversos grados, dijo Albanese. Los mercados todavía están evaluando los escenarios globales de demanda y oferta, y el efecto de esto respecto a la recuperación de la demanda de China. El Bloomberg Commodity Index avanzó 7.9% en abril después de registrar un aumento del 3.8% en marzo. El indicador, que da seguimiento a la cantidad de 22 productos básicos, entre ellos el petróleo crudo, el oro, el cobre y los alimentos, se recuperó después de tocar fondo en enero, momento en el que se hundió al nivel más bajo desde al menos el año 1991.","gestion","02/05/2016"
"Retos de la política scal en contexto de descentralización","Cuando hablamos de política monetaria, es evidente que la misma depende del Banco Central. No es tan claro a quién nos referimos cuando hablamos de política fiscal. Si bien se supone que depende del Ministerio de Economía, la realidad está lejos de dicho supuesto. En el 2015, solo 65.1% del gasto público no financiero fue realmente debido por el Gobierno nacional; es decir, poco más de un en cada cuatro del gasto fue realizado por los gobiernos regionales y locales en conjunto. Y si consideramos solamente el componente de inversión, la importancia de los gobiernos subnacionales llega a 50.5%. Esta participación se mantiene alta pese a que entre el 2014 y el 2015 la formación bruta de capital del Gobierno nacional creció 27.3%, mientras que, al contrario, la de los gobiernos regionales se contrajo en 29.5% y la de los gobiernos locales en 28.3%. En conjunto, esta contracción fue equivalente a S/ 4713 millones en los dos años. Es decir, la menor realización de obras públicas en estos dos niveles de gobierno le restó, sin contar el efecto multiplicador de las mismas y el impacto en el crecimiento potencial de los siguientes años, 0.20% al FBPI del 2014 y 0.63% al del 2015.","gestion","02/05/2016"
"Empresario de redes sociales pierden influencia","Zuckerberg entrega a Google y va en busca de un mayor control sobre Facebook Joséph Kolli El mercado de valores se han vuelto un poco más complicado. Rodríguez un poco :) Google Inc., comprará algunas acciones, ¿qué pasa con Facebook Inc.? para conocer algunos detalles de un plan por el cual crearán una nueva clase de acciones que consolidarán el control sobre sus fundadores. Zuckerbergs implemento, la movida pondrá en crisis en el mundo unas 5.700 millones de acciones nuevas de Facebook sin derecho a voto. Este tipo de arreglos es cada vez más frecuentes en empresas con múltiples clases de acciones, como modo de pago a los fundadores de una división. Al disponer de una nueva categoría de acciones sin derecho a voto, el máximo responsable de la compañía, Mark Zuckerberg, puede hacer uso de estas acciones para asuntos únicamente como adquisiciones y compensaciones internas reduciendo unilateralmente dividendos. Se va volviendo bastante común para los fundadores y presidentes de empresas con larga permanencia sus mandatos, dijo Ryan OShaughnessy, administrador de Jacob Internet Fund. que supervisa USD 400 millones incluidos títulos de Facebook. Una moneda que vale? Un plan evitará que el líder de Facebook pierda su liderazgo ante una gran adquisición La propuesta para la nueva emisión de acciones deriva de un análisis realizado por una comisión especial del directorio de Facebook, creada luego de que Zuckerberg observara que podría perder el control de la empresa en caso de una gran adquisición. Gran parte del éxito de Facebook se debe al liderazgo de Mark. Este plan nos permitirá mantener ese enfoque característico de las empresas dirigidas por sus fundadores, que tan bien ha sabido servir a nuestros accionistas, según explicó el año pasado. La cifra fue parte de una estrategia más amplia que le permitirá deshacerse más pronto de 99% de sus acciones de Facebook en favor de causas tales como ayudar a curar todas las enfermedades para el fin del siglo, según escribió Zuckerberg, la primera revelación de tales costos, y es la más alta entre empresas en el índice Standard & Poor 500 que han presentado las declaraciones de representación para el año fiscal anterior. Muchas veces se proyectan en el tiempo a medida que las empresas se agrandan. El problema de la dilución de las acciones se les plantea mucho antes a este tipo de empresas que ofrecen gran parte de sus compensaciones en títulos. Aunque no es una táctica universalmente apreciada, debido a su connotación de propiciar límites vitalicios, los accionistas de Facebook no están como para quejarse. Precios se triplicaron Desde de su arribo al mercado en 2012, USD 38. Las acciones se han casi triplicado, y la compañía fue listada más rápido que cualquier otra en la historia de los Estados Unidos. Al igual que Google y Facebook comenz operando en bolsa con dos tipos de acción: las de Clase A, que están en poder del inversor medio, y las de Clase B que confieren derechos a voto y están en manos de la familia de la empresa Facebook Inc. registrada con 2,290 millones de acciones Clase A en circulación y 551 millones de Clase B. De ser accionistas de Facebook, el efecto neto del plan sería que contaremos con tres acciones en vez de una, con el precio disminuido en dos tercios cuando las nuevas acciones ingresen al mercado. Si bien las nuevas acciones no tienen derecho a voto, la influencia proporcional que podríamos ejercer sobre cuestiones como las políticas corporativas, podría ser igual. La creación de la nueva clase de acciones requiere de la aprobación de los accionistas mayores, aunque Facebook tiene la intención de poner en práctica la propuesta en forma inmediata.","gestion","02/05/2016"
"Opinin","Javier Alva Garma VICEPRESIDENTE DE MARKETING -USI. Vivimos en un mundo repleto de marcas. Con solo dar un giro de 360 grados, podemos encontrar varias publicidades a nuestro alrededor, que en su mayoría pasan desapercibidas. Es que, según indican los estudios sobre la relación entre nuestra actividad cerebral y la publicidad, al día recibimos más de 2,500 impactos publicitarios y 99% de ellos nos son indiferentes. Ante la estampida de marcas, una de las principales preocupaciones es que tenemos los profesionales del marketing saber qué tanto pueden ser nuestros mensajes publicitarios. Y es que en esta competencia por captar la atención de los públicos, podemos extrapolar el concepto de la llamada espiral del silencio, que si bien fue planteadopor Elisabeth Noelle-Neumann como una teoría de las ciencias políticas y comunicaciones, en publicidad podemos decir que entre marcas luchamos por silenciarnos unas a otras y la que capte una mayor relevancia ante el público dominante, conseguir enmudecer a las demás y obtener la ansiada recordación. Que nuestra marca vaya más allá de la tendencia Uno de las herencias que visualmente manejamos al generar contenidos para nuestras campañas es caer en la tendencia. Nos subimos al tren que creemos que es el más seguro para captar a nuestro público, sin embargo, terminamos siendo un vagón más. Hace unos meses, muchas marcas se colgaron en Facebook de los memes sobre ¿Cómo José?. Fue fácil conseguir varios likes, pero difícil que hoy una de esas personas que reaccionó a nuestra publicación recuerde el contenido central de nuestro mensaje. Debemos de llevar nuestras marcas más allá de la tendencia. No existe una receta para crear el contenido perfecto de una publicidad. Sin embargo, adentrarnos a aprender la naturaleza humana nos será muy útil. El hombre es pensamiento, emociones, sentimientos y trascendencia. Crea ideas, cree en las ideas y vive las ideas. Preguntémonos qué es lo que transmite nuestra marca hoy como idea, seguimos las tendencias o estamos innovando y nuestro contenido apunta a generar nuevas ideas en nuestros públicos? Nuestra marca es única y tiene un universo ideológico distinto que debemos explorar.","gestion","02/05/2016"
"Negocios","Devaluacin del real favorece ventas de los camiones Daimler Empresa avanza una recuperacin este ao. Instalar cinco nuevos puntos de distribucin en los próximos dos aos. Juan Antonio Huanachi asoma x-muñoz gesl:on com.pe El área regional de Grupo Daimler AG (operador de los camiones Mercedes-Benz, Freightliner y Fuso) estima que la devaluación del real brasileño y del sol favorecer las ventas de vehículos pesados en el mercado local. El director general de vehículos comerciales de Daimler Latina, Matthias W. Barth, dijo que, anteriormente, con la cotización del dólar a 2.30 reales era complicado que los Mercedes-Benz producidos en Brasil pudieran ser comprados en el Perú. Sin embargo, ahora la situación ha cambiado y se está avanzando en la venta de monedas en el segmento no. Setiene un impacto positivo en los cambios de las monedas, dijo W. Barth. Mayor oferta. Barth dijo que también se orientará al granero... Cobertura Perú, actualmente, es el cuarto mercado regional más importante en venta de vehículos del grupo Daimler (detrás de Brasil, Argentina y Chile), con unas $500 unidades vendidas el año pasado. Para este 2016 se espera aumentar ese nivel. El director regional de la línea de camiones de Grupo Daimler, Jaime Cohen, indicó que para este año se ve una ligera recuperación en las ventas de camiones en el mercado peruano tras un leve incremento en el precio de los minerales. Barth agregó que en el caso del segmento minero se comercializa la línea Actros, adaptable a las condiciones geográficas y recorrido de largas distancias. Breves LAIVE Menos utilidades Contego x a nueva evaluación y jugos de LAIVE mostró un decrecimiento en el verano. A pesar del crecimiento de las leches UHT y yogur, las ventas tuvieron una baja de 2.4% y las utilidades en el verano estuvieron por debajo de lo registrado en el primer trimestre del 2015. DISIÓN ACEROS AREQUIPA Impacto de sobreproducción La sobreproducción de acero de China generó una disminución de los precios a nivel mundial, mientras que la oferta de acero a precios subvaluados ha hecho que las ventas regionales registren una baja de 10% en el primer trimestre del año, informó Corporación Aceros Arequipa. EXPANSIÓN DUISWOON Proyección. Se espera que el sector ferretero crezca 3% este año. Ferrethon ingresar a Ecuador y Bolivia Franz Sattler Presidente. Ferreton expandirá su presencia a nuevos mercados. A la eventual llegada de la cadena de tiendas Ferrethon a Bolivia (Gestión 03.11.2015), se suma como nuevo mercado Ecuador. A ambos países, podría entrar la compañía en el 2017, informó su fundador y gerente general, Franz Sattler. La expansión está en camino de concretarse con los inversionistas interesados y podría darse como franquicia. Desde el 2015, tienen una oficina propia en EE.UU. con la cual atienden clientes corporativos en el Perú. Paralelamente, dijo, ejecutarán su expansión a nivel nacional con nuevos locales, ajustando su estrategia hacia ciudades donde no están las grandes cadenas de retail y donde el comercio ferretero es netamente minorista. 5.000 FERRETERAS hay en Lima y más del doble en provincias. Tenemos dos nuevas tiendas en proceso de apertura y ocho firmadas para abrir después de julio, que estarán en las ciudades del Callao, Huacho, Chiclayo, Lunahuana, Carabayllo, Pachacamac, Cañete y Tumbes, adelantó. El comercio minorista representa cerca de un 30% de las ventas del sector ferretero. Las ventas en el sector superarán los US$ 3,500 millones y este año se espera un crecimiento de 3%, dijo Franz Sattler.","gestion","02/05/2016"
"Entrevista Patricio Lira, gerente de la marca Audi en Perú","Queremos alcanzar a quienes gustan de los autos de lujo en formato pequeño Patricio Lira anuncia nueva versión de la Q2 para conquistar a dicho público. Con la SUV Q2 espera tentar a clientes de otras marcas. Los planes de la compañía incluyen alcanzar, de año, el 32% del mercado y llegar a Arequipa, para el siguiente año, Trujillo. Karen Rojas Andia quasarx>gestión.com.pe Para este 2016, Audi se prepara para introducir al mercado nuevos modelos con los que cubrirá nichos específicos dentro del segmento de autos de lujo. As presentará la gama completa de Audi Sport, entre otros modelos con los que espera reforzar su posicionamiento. Esto va en línea con la expectativa de que, para fines de año, se reactive el segmento premium. Además, la compañía se alista a incursionar en provincias. Como se encuentra Audi en el mercado del lujo? El mercado está dominado por Audi, BMW y Mercedes Benz. Nosotros nos medimos con las dos marcas alemanas, para cierre del año esperamos contar con una cuota de mercado de 32%. Hay otras automotrices que, sin embargo, muestran potencial, pero son nuevas o no cubren todos los nichos del mercado premium. En qué segmentos esperan liderar? Dentro del segmento del Audi A4, así como en el de la Q2, que en los siguientes meses llegará una versión de motor más pequeño. Además, con la nueva versión del Audi A1, queremos alcanzar a quienes gustan de autos de lujo en formato más chico. DWWM HAVEZ Inversión. La marca planea el ingreso a nuevos nichos que contribuirán a que la marca sea más deseable. También detalló el plan para salir de Lima. Otros medios El dólar y el freno Burrorra. Patricio Lira cuenta que el nicho orientado al segmento corporativo atraviesa inconvenientes por el tipo de cambio y la limitación sobre el monto máximo que las empresas puedan deducir en su contabilidad. La Ley del Impuesto a la Renta establece que para poder deducir la depreciación y los gastos relacionados a la compra de un automóvil, éste deber tener un valor máximo de 30 UIT más IGV. Esto implica que el precio queda fijado a un monto en soles, y como el costo de un automóvil importado está en dólares, dependiendo del tipo de cambio poder llegar a esas 30 UIT. Esta situación provoca que prácticamente ya no le vendan a empresas. Otros modelos estarán lanzando este año?","gestion","02/05/2016"
"INTERÉS Y PRIORIDAD PARA EL DESARROLLO DEL PUERTO DEL CALLAO","NA","gestion","02/05/2016"
"SE TRANSFERIRÁN HASTA S/ 90 MILLONES A UNIVERSIDADES","El Ejecutivo aprobó un decreto supremo que autoriza al Ministerio de Educación (Minedu) a crear un mecanismo de incentivos al desempeño para transferir hasta S/ 90 millones a 12 universidades públicas de la Ley Universitaria. Uno de los requisitos para acceder a este mecanismo es contar con un rector reconocido por la Sunedu.","gestion","02/05/2016"
"SON 1.7 MILLONES MÁS CON EMPLEO ENTRE EL 2011 Y EL 2015","Entre el 2011 y el 2015, la cantidad de personas que cuentan con empleo adecuado se ha incrementado en 1700,000 personas, lo que representa un alza de 26.1%, según informó el Ministerio de Trabajo y Promoción del Empleo.","gestion","02/05/2016"
"LA RECUPERACIÓN DE LA ECONOMÍA CHINA PUEDE NO SER SOSTENIBLE","Impacto en industria. Pedidos domésticos y de exportaciones se redujeron levemente en abril. La recuperación de la economía china puede no ser sostenible. Fábricas chinas aumentaron en abril sus inventarios y almacenando menos materias primas, señala índice oficial.  (Reuters) El sector manufacturer de China creció en abril por segundo mes consecutivo, aunque apenas leve mente, generando dudas sobre la sustentabilidad de una reciente recuperación de la segunda mayor economía del mundo. El índice manufacturero oficial de gerentes de compras (PMI) de China subió menos de lo esperado, a una lectura de 50.1 en abril frente al dato del mes anterior de 50.2, y apenas 1 punto por encima del umbral de 50 puntos que para el crecimiento trimestral.  Analistas consultados por Reuters esperaban que el PMI manufacturero oficial de abril mejorara a 50.4, tras datos positivos de marzo que encendieron luces de alerta de que se aliviaba la prolongada desaceleración del país.  Ante críticas de Alemania, BCE defiende su tasa de interés negativa. (Reuters) Alemania podría salir perdiendo si el Banco Central Europeo abandonara su objetivo de inflación, ya que las tasas de interés bajas son de gran ayuda, no solo una carga, dijo un alto funcionario del BCE en respuesta a una avalancha de críticas de funcionarios alemanes. Sin los repetidos estímulos del BCE, la actividad económica podría moderarse, el desempleo subiría y un presupuesto público más racional sería aún más difícil de conseguir, incluso en Alemania, dijo Benoit Coeuré, miembro del Consejo ejecutivo del BCE, tras semanas de críticas por parte de funcionarios germanos, entre ellos el ministro de Finanzas, Wolfgang Schäuble.  La inflación se mantuvo cerca de cero el año pasado y el BCE redujo sus tasas de depósito a niveles más profundos en territorio negativo en marzo, cuando nuevos datos mostraron que no alcanzaría su objetivo de inflación de cerca de dos por ciento por varios años más. Algunos funcionarios alemanes se han quejado porque las tasas negativas golpean duramente a los ahorradores y han afectado al sector bancario.  Enfrentamiento. Nicolás Maduro ordena tomar fábricas cerradas. Horas difíciles. La crisis se agrava para Maduro. (El Mundo indíce Venezuela) El presidente Nicolás Maduro instó a los trabajadores a incorporarse en los Motores que integran la Agenda económica calificando a los sectores empresariales que se han sumado a los 15 motores y añadió que ‘aquel que pare una planta, una industria o una fábrica será castigado con la ley, y planta parada, planta tomada por la clase obrera’. El grupo de Empresas Armando Martínez cerró cuatro de sus plantas productoras de cerveza. ‘El que quiera parar una planta por sabotaje después que se embolsille no contará con tantos miles de millones de dólares, lo que puede terminar detrás de los barrotes’, expresó el mandatario. Horas antes, el ministro del Trabajo, Oswaldo Vera, admitió que el incremento salarial decretado por Maduro no era suficiente.  Breves. España. Estancamiento precio del crudo. Las nuevas elecciones de junio no acabarán con el estancamiento político ni facilitarán la formación de Gobierno. Según el sondeo de Metroscopia, el Partido Popular sería el partido más votado con 29% desde el 28.7% de diciembre. El PSOE tendría 20.3% y Podemos un 18%, desde el 22% y 20.7% registrados en diciembre, respectivamente. Ya tocó fondo. El jefe de la Agencia Internacional de Energía (AIE), Fatih Birol, dijo que los precios del petróleo podrían haber tocado fondo, siempre y cuando la salud de la economía global no represente una preocupación. El crudo en EE.UU. cay 0.24% el viernes pasado, cerrando en US$ 45.92.","gestion","02/05/2016"
"PAÍSES FRÍOS","Perspectiva económica. La última quincena de abril bajo un conjunto de buenas noticias económicas, varias para contrarrestar tanta batahola electoral, pero el ministerio de Economía y Finanzas (MEF) se encargó de recordarnos que hay que tener cuidado con pasar del optimismo al entusiasmo desmedido. Comencemos por lo positivo: el PBI creció 6.04% en febrero, la inflación de abril fue menos perceptible, tanto en Lima (0.01%) como a nivel nacional (0.02%) y, lo más importante, las expectativas financieras han comenzado a bajar y los indicadores de confianza de consumidores y empresarios están mejorando.  ‘Ahora dependerá del próximo Gobierno y del sector privado demostrar que el renovado optimismo se traduzca en más inversión directa’.  Es alentador que el optimismo esté repuntando porque el buen ánimo no solo se traduce en una mayor disposición para gastar e invertir, sino que impulsa a las personas y empresas a pensar con más claridad en proyectos de mediano y largo plazo. Las empresas y analistas encuestados por el Banco Central de Reserva han elevado sus expectativas de crecimiento del PBI para este año y la mayoría vaticina que, dentro de un año, los sectores en los que operan y la economía general estarán mejor que ahora.  Las familias comprenden que deben esperar más, según el índice de Confianza de Apoyo (ICCA), aunque se trata de un sondeo para Lima, de modo que es probable que ese renovado optimismo en dos de cada tres hogares se explique ‘por el paso a segunda vuelta de los dos candidatos presidenciales con mayor intención de voto entre los limeños’. En todo caso, desde el 2006 no se registraba tan elevado nivel de confianza en el futuro mediato.  Hasta que el venidero mes sale el Nuevo Marco Macroeconómico Multianual, un documento elaborado por el MEF que fija los lineamientos del programa económico y la visión de los resultados que generará su aplicación. El primer paso frío es la reducción del cálculo del aumento del PBI para este año: de 4.3% a 3.8%. El segundo, que raya en lo ridículo, revierte la proyección de la inversión privada, que en lugar de expandirse 2%, caerá 1.2% (los datos previos corresponden al MMM revisado, publicado en agosto pasado).  Ahora dependerá del próximo Gobierno y del sector privado demostrar que el renovado optimismo, que de momento solo se aprecia en el papel, se traduzca en más inversión directa.","gestion","02/05/2016"
"Desde que se aprobó la Ley D del Servicio Civil (Servir)","Gestión consideró que era el primer paso serio para la reforma del Estado, pues permitirá una reingeniería al interior de este, un paso para acabar con el caos burocrático y contar con un solo régimen laboral. Aunque consideramos la necesidad de ir un poco más rápido en la aplicación de la legislación, hay que resaltar el esfuerzo de Servir para que el proceso no se corrompa.  A pesar de ello, es una ingrata sorpresa la reciente decisión del Tribunal Constitucional para clausurar algunas entidades estatales que no formaban parte de la norma, sobre todo en el caso específico del Banco Central de Reserva. El fallo del Tribunal Constitucional atenta contra la autonomía que se busca constitucionalmente para una entidad encargada de la política monetaria del país y, lamentablemente, el Perú tiene experiencia de sobra de lo peligroso que puede ser la injerencia de un gobierno de turno en algunas entidades, sobre todo la máxima autoridad de Servir nombrada directamente por el Poder Ejecutivo.  La propuesta de Servir por ahora es muy buena en la teoría y se vislumbra que también lo sea en la práctica. Pero aún no se ha terminado de aplicar, por lo que todavía que esperar para ver cómo funciona y realmente es eficaz. Es bueno que se empiece con sectores en los que las cosas no están funcionando nada bien. La paradoja es que las instituciones que muestran mayores avances son aquellas cuyos trabajadores pertenecen al régimen de la Ley 728, que son los que generan menos problemas. Por otro lado, tratar de incluir sectores donde todo viene funcionando no es muy coherente.  Tal como lo acaba de recordar Julio Velarde, en el Banco Central de Reserva se aplica la meritocracia, ingresan los mejores alumnos de toda el país luego de pasar un examen y seguir un curso especial. Los que hemos estudiado economía debemos de la rigurosidad e intensidad del curso de verano no en el instituto emisor.  Pero ahora, con la decisión del Tribunal Constitucional para que el Banco Central ingrese al ámbito de Servir, hasta los cursos de capacitación tendrían que ser aprobados previamente por dicha entidad. Además, los topes remunerativos que establece Servir podrían jugar en contra de la calidad profesional del instituto emisor, dada la alta especialización de sus funcionarios, que inclusive lleva a que más de uno de ellos asesore a otras entidades del Estado.  Lograr un trato único a todos los trabajadores del Estado es una aspiración respetable, pero el propio Tribunal Constitucional ha mantenido fuera del ámbito de acción de la norma al Banco de la Nación, a los jueces, a los maestros y al personal militar, entre otras carreras especiales. Es decir, los otros nombres especiales en que la nación es positiva y el caso del Banco Central debería ser incluido en la lista. El Tribunal Constitucional debe revisar su decisión, vía una aclaración.","gestion","02/05/2016"
"Las ventas netas llevadas a marzo de Mercados Peruanos ascendieron a S/1,084.5 millones","Las ventas netas llevadas a marzo de Mercados Peruanos ascendieron a S/1,084.5 millones, cifra mayor en 5.64 millones (6.7%) al del mismo período del 2015. Ese aumento parte del incremento en tasas de las tiendas comparables y por las tiendas nuevas.  Es una marca versátil y universal con la que atendemos desde el A+ hasta el C y algo del D. Hay espacio para llevar tiendas en ciudades donde queremos estar.  ¿Qué próximas aperturas veremos?  JCV: Estamos construyendo una tienda en Villa María del Triunfo, un distrito que no tiene mucha cobertura de retail moderno, será nuestra segunda tienda en la zona sur de la capital. Ser un powercenter en la zona La Curva; era un acuerdo de tiempo atrás ya firmado.  Tenemos un par de proyectos más de Plaza Vea en Lima  HOJA DE VIDA  Nombre: Juan Carlos Vallejo. Profesión: Ingeniero civil industrial por la Universidad de Chile Otros estudios: MBA en la Escuela de Negocios de Costa Rica Otros cargos: Gerente general de Supermercados Peruanos desde el 2012. ... Nacionalidad: Chilena.  Nombre: Augusto Rey. Profesión: Ingeniero industrial por la Universidad de Lima Otros estudios: MBA por la Universidad de Pensilvania The Wharton School, Otros cargos: Antes fue gerente de finanzas en Supermercados Peruanos, Tiendas Peruanas y Financiera Uno.  Debería estar abierta antes de fin de año. Tenemos un par de proyectos más en Lima que no puedo comentar porque no tengo los permisos.  ¿Qué otros locales llevarán el powercenter?  Vamos con Promart, Oechsle, tiene un cine y un food court.  ¿Cuál papel jugará Vivanda en la expansión?  JCV: Quisiéramos que Vivanda fuera más grande, es muy aspiracional, muy del segmento A, y hay oportunidad de crecimiento, pero estamos limitados por la cantidad de hogares del B que están más que nada en Lima moderna.  AR: En el 2016, no veremos (más) Vivandas, pero más adelante no lo descartamos.  Seré más reactivo Más cuando desde hace un tiempo el foco se puso en otras opciones...  JCV: Se trata de captar ese 70% que aún no usa el mercado y buscamos un formato para atenderlo.  Ser parte del proyecto de formatos más pequeños que trabajan?  AR: Sí, es un piloto que usa Mass como marca porque algunas de esas tiendas cuentan con el tamaño que buscamos (entre 100 y 300 metros cuadrados). Hoy tenemos 20 operando en piloto con un formato que busca ser de bajo costo, con una operación productiva y con un número de referencias más concentrado que en un supermercado y, así, abastecer la canasta básica de nuestros clientes.  Bajo su visión financiera, Augusto Rey explica que ser básico y eficiente ayuda a llevar un menor precio al consumidor. ¿Quién quiere parecernos a una bodega de la esquina pero con un surtido más amplio y precios bajos; y con espacios más chicos podemos estar más cerca del consumidor, comenta.  Y otra mira es que en este formato tendrán parte importante de sus marcas propias.  Nos vamos a apalancar en ellas porque el desarrollo que hemos tenido un supermarket y minimarket se reduce más bajo, remata Rey.","gestion","02/05/2016"
"Cómo ven cinco años Supermercados Peruanos?","AR: Como número uno en el Perú y con todas las tiendas remodeladas y con presencia a nivel nacional, ¡ojalá el formato Mass siga avanzando y que se refuerce el canal online (a donde acaban de ingresar).  JCV: Nos vemos como multimarca, multiformato y multicanal.  Últimamente, el cetro por ser la cadena de farmacias (Linkafarma) con mayor número de locales pasó a su competidor tras una última operación de compra. Ahora el plan es abrir 100 locales más (hoy tienen 921 locales) y al cierre del 2016 tendrían 1,001 locales.  Nuestro avance ha sido rápido. Abrimos 500 locales en los últimos cuatro años con una inversión de US$30 millones, que es menos de lo que hubiéramos gastado si fuéramos una cadena, y la fortaleza es que nos ubicamos donde existe la demanda insatisfecha, refiere Rey.  ¿Cuáles son las claves para mantenerse como una cadena de gran demanda?  AR: Indudablemente, el precio bajo es nuestro posicionamiento. El peruano es sensible al precio y no apostamos por las promociones. ¿Cómo lo logramos? Contamos con uno de los centros de distribución más eficientes en la región, y la operación en cada local también lo es, con el número adecuado de personal; eso se traduce en precio bajo. Además está el portafolio de marca propia con un precio que puede ser menor al de la marca de laboratorio.  ¿Fabrican sus productos?  AR: Es una ventaja no hacerlo, porque buscamos el proveedor que nos dé calidad a un buen precio. Y además podemos comprar otras partes del mundo. Puede venir de Asia y no costarlo en dólares (para seguir siendo rentable).  La operación de compra en el mercado de farmacias de hace unas semanas supone un salto más fuerte hacia la competencia?  AR: En locales, ahí ellos tienen un poco más, pero en ventas somos más grandes. La competencia se mantiene, solo se reducen los jugadores.  JCV: Linkafarma tiene el sistema de «abajo» de crecimiento orgánico; un equipo que identifica, negocia y habilita locales. Tenemos un plan de crecimiento y estamos tranquilos con ello. Tenemos la suerte de no haber hecho adquisiciones, porque comprar es un desafío y hay que tomarse. Hoy tenemos menos locales que ellos, pero vendemos más y mantenemos siendo más productivos.  El futuro de Linkafarma  Real Plaza Puruchuco se alza como el último centro comercial de grandes dimensiones. Los 140,000 metros cuadrados que ocupará empezarán a construirse fin de año.  72 días: Mejor  TRASLADA Ganancias hacia  Eva Ayllón  mm CTS TREA mín - ... 7.5% - 7.8%  Aplica para o Super CTS -CTS Clásico con depósitos sub productos:  of un depósito crés us $ 25.0… . … aus. … un máximo uo 511,950.07.  cue… mn …o. vmms aa crs y … E…. Para mayor información www.eajahuancayo.eom.pe   tanos en: … umm  n…-…-uuu  abrir hacia el 201  Acostumbradas a grandes miles, & dónde va-a-u-r-i-a-l-Plaza?  Es verdad lo de los espacios. Lo que se viene serán espacios más pequeños, ir con power centers. Tenemos varios terrenos que están en el portafolio en Lima o cas y que los iremos desarrollando, como otros que ocupan Plaza Vea y que pueden convertirse en power centers, boza Vallejo, a la par que remarca que el proyecto donde están centrados es puruchuco.  ¿Qué diferenciará Puruchuco de la oferta de Lima?  JCV: Es un mall que nace bien planificado. Tres tiendas departamentales, dos supermercados, un home center, fast fashion, acceso al Metro de Lima, es la oferta que aún no haya la capital.  En otro terreno no van a aventurar con un proyecto menor?  Como siempre :)   C ( (En Linkafarma) el precio bajo es nuestro posicionamiento. El peruano es sensible al precio y no apostamos por las promociones.  Además está el portafolio de marca propia con un precio que puede ser menor al de la marca de laboratorio.  No tenemos planes de ir al exterior, aquí tenemos las mejores oportunidades de crecimiento lento. Hay mucho espacio a donde se puede llegar  NEGOCIOS  JCV: Nuestro centro es puruchuco y cuando se termine podremos ver qué avanzamos. Lo que hacemos son ampliaciones, ahorita estamos con Trujillo, acabamos con Piura, los estacionamientos en Guardia Civil.  El proyecto en San Isidro podría ser el próximo?  El grupo tiene un terreno valioso en el corazón de San Isidro. Lo estamos llamando, pero no hay fecha específica de construcción. No hay apuro. Por el momento, operamos Plaza Vea.  En un futuro se verá con Real Plaza en el exterior!  J CV: No tenemos planes de salir, aquí tenemos las mejores oportunidades de crecimiento. Hay mucho espacio a donde se puede llegar: Iquitos, Amazonas, Tacna, ciudades que no tienen malls y que crecen.","gestion","02/05/2016"
"Dieter continuará con el crecimiento de su portafolio de productos y servicios","As lo indicó el gerente comercial de la compañía, Dennis Rivas, quien señaló que Nettalco ya venía realizando este servicio, pero a través de terceros, y ahora implementarán su propia estampadura dentro de la planta de la empresa ubicada en Ate Virarte.  La idea es invertir en la planta de estos padrones y seguir apostando, porque es un negocio muy competitivo, en precios principalmente, dijo el ejecutivo.  La compañía, constituida en 1965, dedicada a la producción de prendas de vestir para exportación, tiene capacidad para producir un millón de prendas mensuales y actualmente utiliza cerca del 70% de la capacidad.  En su línea de estampados, la capacidad llegaría a 20,000 prendas e ir en aumento, señaló Rivas.  Expectativa  Para la industria de prendas de vestir, el 2016 ser similar al año pasado, marcado por una baja de las exportaciones cercana al 25%. Sin embargo, Nettalco espera tener un mejor resultado que el alcanzado en el 2015.  Así, Dennis Rivas dijo que el plan contempla seguir creciendo dentro de sus principales destinos y sus clientes más importantes, y asistirá a ferias para ubicar nuevos contactos.  Entre sus clientes destacan tres marcas norteamericanas: Lands’End, L.L. Bean y Tommy Hilfiger, que venden en catálogo y han abierto tiendas propias; y la francesa Lacoste, con la que producen también para Estados Unidos, Canadá, México, Brasil, Argentina y Europa.  Mercados  Estados Unidos representa un 80% de las ventas de Nettalco y el porcentaje restante se destina a países como Brasil, Alemania, Inglaterra y en menor medida a Francia, sostuvo el ejecutivo.  Compañías como Dieter Andersson, que venden en catálogo y han abierto tiendas propias; y la francesa Lacoste, con la que producen también para Estados Unidos, Canadá, México, Brasil, Argentina y Europa.  Mercados  Estados Unidos representa un 80% de las ventas de Nettalco y el porcentaje restante se destina a países como Brasil, Alemania, Inglaterra y en menor medida a Francia, sostuvo el ejecutivo.  Comportamiento de las exportaciones de prendas de vestir  Empresa | 2015 | 2014 ---|---|--- Total | 817,819 | 7,147,000 1 Devenai y Per S.A.C. | 4,169 | 3,945 (-7%) 2 Industrias Netlalco | 309,000 | 21,200 (-32%) 3 Garmemtex S.A.C. | 22,083 | 14,214 (+55%) 4 Nexwork S.A.C. | 21,917 | 22,117 (-3%) 5 Las Primeras de Vestir S.A.C. | 136,942 | 431,248 (-68%) 6 La 8ema S.A.C. | 448,556 | 66,553 (+323%)  Nettalco tuvo una utilidad neta en los tres primeros meses superior a la del mismo periodo del año anterior.  Resultados primer trimestre  Usa  Inversiones. Se destinaron S/ 47 millones a diversos proyectos.  Producción de Unacem disminuyó en 7.4%  La producción de cemento de Unacem disminuyó en 7.4% en el primer trimestre del año respecto al mismo periodo del año anterior, en línea con el comportamiento que tuvo la demanda nacional.  En comparación con el último trimestre del 2015, la producción decreció un 11%.  Asimismo, se tuvo una menor producción de clinker, debido principalmente a las paradas del horno I, en Atocongo, y horno III, en Condomocha, durante marzo para el mantenimiento programado.  Los despachos de Unacem enfrentaron una caída debido a la menor demanda de cemento de bolsa tradicional y al retraso del inicio de obras de infraestructura importantes, como la Línea 2 del Metro de Lima.  Unacem tuvo una participación de mercado de 46.9%, frente al 63.4% del año anterior.  Millones de dólares ganaron en utilidad neta en el primer trimestre.  138.1%  Aumento de la utilidad neta en los tres primeros meses.  137.2%  Millones de dólares disminuyeron la deuda financiera.  En verano se invirtió US$ 23 millones.  Proyecto de inversión  Se posterga la fase II de ampliación de Shougang  Los trabajos de la fase II de la ampliación de la planta de hierro de Marcona, de la empresa Shougang, que estaban programados para el mes pasado, se han postergado debido a un retraso en la construcción de la nueva planta concentradora.  En verano se invirtió US$ 23 millones.","gestion","02/05/2016"
"Afirma en alusión al viaje proselitista que realizó Pedro Pablo Kuczynski a los Estados Unidos.","Cabe precisar que Heresi cuestiona a Vizcarra por incluirlo como vocero durante la segunda vuelta.  Aquí importa ver qué medidas y cómo den solución a estas discrepancias internas, acotó Fujimori (ver página 28).  Finalmente, ratificó que su partido apelará la multa de S/ 395,000 que dispuso la ONPE por la entrega de divisas en los casos Huarochirí y Vacchelli.","gestion","02/05/2016"
"Comisión de Educación captura hoy las miradas.","¿Por qué? Hoy se decidirá si persisten en el retorno del Proyecto de Ley 4137-2014-CR, conocido como ley Cotillo. ¿De qué depende? En el grupo de trabajo se acordó que dicha iniciativa renazca, pero el nacionalista Leonidas Huayama Neira solicitó una reconsideración para evitarlo. La polémica surge pues de prosperar significaría un retroceso hacia el final de la nueva Ley Universitaria. Sería un retroceso que es impulsado por los fujimoristas, cuestionó el legislador Daniel Mora.","gestion","02/05/2016"
"Balance Electoral: La valla que muchos eludieron.","Antes de las elecciones había 25 partidos inscritos. Hoy quedan 21, pues solo cuatro no pasaron la valla electoral. Y es que varios partidos y alianzas decidieron retirarse antes del 10 de abril y así conservar su inscripción. La ley tenía trampa.","gestion","02/05/2016"
"Acercamiento en la izquierda.","El presidente de Democracia Directa, Andrés Alcántara, indicó que es posible un acercamiento entre su partido y el Frente Popular, siempre que sea tomado sobre objetivos programáticos concretos, como la defensa del medio ambiente, apuntó. También saludó la disposición de Verónika Mendoza para la aproximación, aunque dijo que primero debe precisarse si es una iniciativa personal o institucional.","gestion","02/05/2016"
"Arana busca respaldo.","Ante la polémica acusación de Juan Carlos Regalado Cabrera, candidato al Congreso por el Frente Amplio en Cajamarca contra Marco Arana, este último ahora busca respaldo en su agrupación. El entorno de Arana señaló a Gestión que envió una carta a la persona responsable de la organización política, haciéndole saber el número de votos que ahora posee cerca del Congreso. Eso le sumó una carta aclaratoria a Regalado.","gestion","02/05/2016"
"Defensa.","Pedro Pablo Kuczynski calificó como voz TPP. Sin embargo, precisó que de llegar a la presidencia, realizará cambios en el capítulo de medicina, porque es bastante cuestionado. El acuerdo tiene muchas ventajas. No vamos a rechazar el pastel porque la cereza sea de otro color, dijo.","gestion","02/05/2016"
"Propuesta.","El debate podría ser en Arequipa. La gobernadora regional de Arequipa, Yamila Osorio, invitó a los dos candidatos para que sostengan un debate en su región. Incluso, dijo que viajará a Lima para reiterar la invitación. Aceptarán?","gestion","02/05/2016"
"Crisis en Brasil.","Rousseff encara posible juicio político prometiendo más gasto. La presidenta Dilma Rousseff prometió aumentar el gasto en los programas sociales más populares de su gobierno y tomar otras medidas destinadas a su base electoral, menos de dos semanas de que el Senado de Brasil vote a favor de un proceso de juicio político al que ella llama golpe de Estado. En una manifestación de sindicatos y de miembros del Partido de los Trabajadores en São Paulo, Rousseff anunció recortes de impuestos, más unidades de vivienda pública y un aumento promedio del 9% en el programa de transferencia de efectivo conocido como Bolsa Familia, mientras Brasil se enfrenta a un déficit fiscal récord.","gestion","02/05/2016"
"Elecciones primarias.","Donald Trump dice que asegurará candidatura esta semana. El empresario Donald Trump dijo que casi seguramente será nombrado Candidato del Partido Republicano de EE.UU. después de las elecciones primarias si gana el martes las primarias en Indiana, donde los sondeos le otorgan una amplia ventaja sobre su principal rival, Ted Cruz.","gestion","02/05/2016"
"Las redes sociales son muy importantes para dejarlas al departamento de marketing.","Los consumidores también esperan que la cuenta de una marca responda a todo tipo de necesidades, incluyendo información de marketing y solicitudes de servicio al cliente. Para ser más eficaces en la construcción de relaciones con los clientes en internet, las empresas deben establecer un equipo transfuncional de redes sociales donde el marketing y otros departamentos trabajen conjuntamente. Asignando empleados de cada departamento a tareas de redes sociales, creando cuentas en redes sociales y dando acceso a los empleados a los sistemas de estas redes. Creando directrices de marca para los estándares, tono y estilo de comunicación en redes sociales. Definiendo prácticas para involucrar a los consumidores. Definiendo metas basadas en métricas clave de rendimiento temporal, análisis de opiniones, participación y vistas compartidas.","gestion","02/05/2016"
"Cinco ideas equivocadas sobre su base de contactos.","Una buena red de contactos lo mantiene informado, lo vuelve más innovador, le da una caja de resonancia y lo ayuda a hacer las cosas cuando está apurado. Sin embargo, mucha gente se resiste a trazar redes porque tiene ideas equivocadas al respecto. Una idea equivocada es que trazar redes es más que nada una pérdida de tiempo. Otra idea equivocada es que algunas personas simplemente no tienen el don natural para trazar redes, y no pueden cambiar. Finalmente, otra idea equivocada es que las relaciones deberían formarse naturalmente. Las redes de contacto naturales nunca pueden darnos el alcance y diversidad de talento que necesitamos para tender el mundo que nos rodea, para tomar buenas decisiones y para comunicarnos con personas diferentes a nosotros.","gestion","02/05/2016"
"on las dos marcas alemanas","para cierre del año esperamos contar con una cuota de demarcado de 32%.  Hay otras automotrices que, sin embargo, muestran potencial, pero son nuevas o no cubren todos los nichos del mercado premium.  En qué segmentos esperan liderar?  Dentro del segmento del Audí A4, así como en el de 07, que en los siguientes meses llegará una versión de motor más pequeño. Además, con la nueva versión del Audi A1, queremos alcanzar a quienes gustan de autos de lujo en formato más chico.","gestion","02/05/2016"
"Otros medios","El dólar y el freno  Patricio Lira cuenta que el nicho orientado al sector corporativo atraviesa inconvenientes por el tipo de cambio y la limitación sobre el monto máximo que las empresas puedan deducir en su contabilidad.  La Ley del Impuesto a la Renta establece que para poder deducir la depreciación y los gastos relacionados a la compra de un automóvil, éste debe tener un valor máximo de 30 UIT más IGV. Esto implica que el precio queda limitado a un monto en soles, y como el costo de un automóvil importado está en dólares, de depende del tipo de cambio poder llegar a esas 30 UIT. Esta situación provoca que prácticamente ya no le vendan a empresas.","gestion","02/05/2016"
"¿Qué otros modelos estarán lanzando este año?","Para fines de año llega la QZ, que supone un nuevo nicho de SUV en versión pequeña, con ese producto creemos que vamos a conquistar clientes de otras marcas. También esperamos liderar el segmento de motores más grandes con la introducción de la nueva versión del Audi Sport, que es la submarca de Audi orientada a autos netamente deportivos. Para junio, coincidiendo con la llegada de Audi R8, vamos a presentar la gama completa de RS y R.","gestion","02/05/2016"
"Cuáles son las expectativas de ventas en esos nichos?","Es importante la venta de autos, pero también la imagen en sí. El volumen no se espera que sea grande, pero la gente lo ve, produce un efecto de deseo, eleva la categoría de la marca, la hace más visible, mas deseable que es lo que apuntamos.","gestion","02/05/2016"
"Arribarán a provincias?","Ahora estamos en dos puntos de venta en Lima.  Nos ampliar nuestra presencia a Arequipa y Trujillo. Los planes se retuvieron ante la incertidumbre por las elecciones, pero una vez que pase la segunda vuelta creemos que los inversionistas van a estar más dispuestos a invertir y el mercado se va a reactivar.","gestion","02/05/2016"
"Para cuándo se estará concretando esa presencia?","Esperamos que la operación en Arequipa se consolide en agosto, septiembre. Definitivamente, este año Arequipa debería estar ya consolidado. En Trujillo veremos qué pasa.","gestion","02/05/2016"
"En qué situación están esas dos plazas?","Son dos plazas interesantes: son las que mejor crecimiento han tenido en el mercado general de autos fuera de Lima, pero aún son inmaduras para autos de lujo. Hay que generar el deseo y hacer un trabajo que va a tomar un tiempo.","gestion","02/05/2016"
"Cuál es la disposición de gasto del consumidor premiun?","La gente ha estado retraída de compras de bienes suntuarios, ha habido época de espera porque no sabía lo que iba a pasar en las elecciones. Somos conservadores, pero para fines de año debe haber ya dinero y cinismo sobre todo de segmento premium.","gestion","02/05/2016"
"Cuál es la expectativa de crecimiento mercado total de lujo?","El mercado de lujo sí ha crecido por encima de mercado total (alrededor de 7% en el último año versus un decrecimiento de 5%). El 20% era la norma en los últimos cinco años, ahora eso se ha ido, se ha llevado a 7% y creemos que este año estará en 10% o 15%. Nosotros apostamos al cierre crecer 15%.","gestion","02/05/2016"
"Cada cuánto renueva el consumidor premiun?","Depende de la categoría de auto. Los autos de alto costo se renuevan cada dos o tres años, los de menor costo (A3, A4) apuntan a cada tres, cuatro o cinco años.","gestion","02/05/2016"
"En cuanto tiempo el cliente de lujo logra adquirir por completo su auto?","Si financia, lo hace a dos años pagando alrededor de 35% de inicial. Tengo entendido que en el segmento no premium hay créditos a 48 meses o 60.","gestion","02/05/2016"
"Inflación de Abril tuvo fuerte desaceleración","Precios al por mayor con la mayor cada en los últimos tres años  De las 26 principales  ciudades registradas por el INEI, 15 de ellas registraron una inflación superior a la del promedio nacional en abril.","gestion","02/05/2016"
"Negocios","Taxi Apostar por el negocio de taxi es otra inversión que puede interesarnos a los jubilados. En tal caso, una opción es comprar con los S/ 200,000 dos autos (a un precio de US$ 9,500 cada uno) que serán alquilados para el servicio de taxi, y el saldo restante se pone en un depósito que rinde 45% anual. De esta forma, el jubilado recibirá una renta mensual neta de S/ 1,331, descontando gastos de mantenimiento, papeletas y seguros. Este ejemplo asume que cada seis años se renovará la flota. Los autos se venderán en un precio de reventa de 40% del original, y con ese dinero y parte de los depósitos se  querrán dos vehículos nuevos. Así, las rentas disminuirán en el tiempo conforme se renueve la flota hasta en tres oportunidades, y se reducirán a casi cero cuando el jubilado cumpla 85 años. Depósitos Se ofrecen depósitos a plazos contantes tasas de interés altas. Suponiendo una tasa de 7.5%, 105 S/ 200,000 generan anualmente una renta mensual de S/ 1,250. La ventaja, en este caso, es que el jubilado preserva su capital e incluso podr heredarlo. El riesgo de esta alternativa está en los cambios que podrían sufrir las tasas en el tiempo.","gestion","02/05/2016"
"NEGOCIOS","Lunes 2 de mayo de 2016 GESTIÓN NUEVA TENDENCIA Alquileres de oficinas se están cerrando en 25% menos del precio ofertado -La vacancia de oficinas en la capital llega 21.62% al mes de marzo y se estima que bordee el 25% al cierre del año. Hacia el 2018 se proyecta 338,779 metros cuadrados de obras para oficinas. Josimar Contreras Josmarcontreras@gestion.pe En el primer trimestre, el mercado de oficinas prime de Lima elevó su inventario a 902,536 metros cuadrados, acentuando la vacancia 321.62%. Y sí bien el alquiler ofrecido al público se ha mantenido, aún no aterriza al contexto de sobreoferta que hay en el sector. Sandro Vidal, gerente de Investigación de Colliers International, dice que la expectativa de precios muestra un “mercado paralelo” que se resiste a operarse según la va realidad. As, hay cotizaciones por US$ 19 o US$ 20 el metro cuadrado, cuando la intención real de cierre ronda los US$ 15 o US$ 16. En el segmento prime (A+ yA), Vidal señala que se han identificado ajustes nacionales hasta de 25% sobre el precio de lista en zonas de mayor disponibilidad de oficinas como San Isidro Finance ro y Nuevo Este (Surco), como estrategia para captar a los inquilinos. Resultados del verano Al cierre del primer tre, el precio de renta se redujo a US$ 19.19 por metro cuadrado (lista) mensual; y la mayor disponibilidad en edificios A+ (casi 123,000 metros cuadrados) ejerce mayor presión sobre sus precios frente a las oficinas de clase A. MERCADO DE OFICINAS PRIME LIMA TRIMESTRE 2016/EDIFICIOS EXISTENTES San Isidro 172358 113 San Isidro (30)1545296 322 Centro 10,395 Miraflores 461447 3 San Borja - - - - Nuevo Este 150488 80338 230327 08 37.7% 07% 24 8% 7288 46 % 49.7% 17.49 Subtotal 463,975 438,561 2445 25.5% 165% 215% 424? 34, Nos 18… 19.99 ESTADO DE LOS M2 DE OFICINAS Planeamiento 282,091 Construcción Existente 338,779 Renta 89 086 Venta 249,653 EVOLUCIÓN DE LA NUEVA OFERTAS (M2 DE OFICINAS) EN EL MERCADO PRIME Nueva oferta En construcción 250,000 200,000 150,000 101,604 112,143 100,000 50,000 2013 2014 2015 226.451 2016 2017 2018 El alquiler del metro cuadrado en edificios enfase de proyecto y/o construcción se cotiza en US$21.50. Oficinas y demanda El incremento del ritmo de oficinas prime respondió al ingreso de tres edificios (33,822 metros cuadrados) para renta (que es el caso de dos de ellos) y de venta (que es el otro caso) al mercado en San Isidro, Miraflores y Magdalena. En la actualidad, la disponibilidad total asciende a195,136 metros cuadrados. La vacancia está siendo impulsada por la entrada de obras. Frente a las sobrerofertas y mayor vacancia, algunos proyectos (terrenos) destinados al desarrollos de oficinas han virado de rubro y hoy se cuentan como proyectos lesyhoteleros, señalan Sandro Vidal, de Colliers Internacional, nuevos espacios disponibles, y la desocupación de oficinas se está dando principalmente temporal. Además, refirió los desarrolladores han respondido al contexto del mercado con menos construcciones y la postergación del inicio de proyectos de oficinas hasta cuando observe una mejor absorción y disminución de la vacancia. Por la migración debido a la finalización de contratos o la entrega de oficinas previamente adquiridas, indicó Vidal. Agregó que la absorción neta registrada en los tres primeros meses del año fue 6,705 metros cuadrados, considerando las colocaciones en edificios recién ingresados. Hacia el 2018, hay obras bajo construcción por 338,779 metros cuadrados de oficinas prime con horizonte de entrega de dos años. En planeamiento, hay 282,091 metros cuadrados. De los espacios en construcción, el 74% es para venta, el 26% restante para renta. APUNTE Sandro Vidal GERENTE DE INVESTIGACIÓN Colliers INTERNATIONAL VACANCIA, CONTINUARÁ La fase de sobreoferta en el mercado exige la implementación de nuevas estrategias dirigidas a los espacios de oficina. Estas estrategias están ligadas a factores como el tipo de landlord (propietario), el nivel de oferta-competencia en el submercado, la flexibilidad en el manejo de los tiempos y negociación, y especialmente los precios de remates aplicar. La composición del mercado de oficinas, mente el prime, está variando y muestra cada vez con mayor claridad la dinámica propia de cada submercado y la influencia en estos del manejo del negocio. La proyección de los principales indicadores para el 2016 prevén a nivel de nuevas oficinas el ingreso de 185,600 metros cuadrados adicionales, de los cuales más de 80,000 metros cuadrados pertenecen a Magdalena. De mantenerse las condiciones, el índice de vacancia en el sector prime al nal de este año bordeará el 25%, y la tendencia podría seguir hacia arriba considerando la cantidad de metros cuadrados que se encuentran en construcción.","gestion","02/05/2016"
"ACTUALMENTE OPERA 22 TIENDAS","SMU ve oportunidad en la informalidad del Per RED IBEROAMERICANA DE PRENSA ECONÓMICA Diario Financiero de Chile -Las ventas de la cadena de supermercados subieron 20% en los últimos tres años, con lo cual sustentaron de vender la operación que tienen en el mercado peruano. Una nueva hoja de ruta cara a los próximos tres años simplemente SMU desde marzo. Según la compañía, el objetivo principal es aumentar su rentabilidad y competitividad, por lo que una de sus primeras decisiones adoptadas fue no desprenderse de la cadena que manejan en el Per (Gestión 27.04. 2016), que opera bajo dos formatos; en el mayorista, con Mayorsa, y en el económico, con MaxiAhorro, que tienen desde el 2011. Pese a que en agosto del 2013 habían decidido desprenderse de ellos, algo cambió en este periodo. Al cierre del 2015, Supermercados Perú —que ir. .odos modos solo sentaba 1.9% de los ingresos totales— aumentó su aporte a SMU. En ventas, por ejemplo, entre 2012 y 2015, han subido 20%. Solo entre 2014 y 2015, estas crecieron 8.4%. También mejoraron los índices de rentabilidad. El margen de utilidades antes de impuestos y depreciaciones (EBITDA) subió 67% en el 2015, cuando en el 2012 era solo de 1.6%. Esto se ha logrado “a razón de la implementación de las nuevas propuestas de valor en ese país, que aún se encuentran en etapa de desarrollo y no han alcanzado la madurez, por lo que sigue habiendo espacio de mejora, dijo la empresa. El buen desempeño de SMU en el 2015 y en lo que va de este año, así como el cumplimiento de cada uno de los objetivos que nos trazamos al iniciar nuestro Plan Trienal, permiten retomar el control de la operación en el Per, trasladando la experiencia de Chile a los formatos de ese país, dijo el gerente general de SMU, Marcelo Glvez. Oportunidad Actualmente, la compañía cuenta con 22 tiendas (interior y exterior) con 18,677 metros cuadrados de superficie de venta y una participación de mercado que alcanza el 1.5%. Según reconoció la firma ligada a lvaro Saieh en su última memoria, la industria de supermercados en Perú es atractiva y competitiva. Perú, en comparación con el resto de economas latinoamericanas, presenta un mayor potencial de penetración en el consumo masivo existiendo un gran espacio para el despliegue del comercio moderno.","gestion","02/05/2016"
"ABERTIS APUNTA A CONCESIÓN VIALL","La constructora española Abertis analiza entrar en Perú con su negocio de gestión de autopistas, con lo que extenderá la actividad con que cuenta a otros países de Latinoamérica, como son Brasil, Argentina y Chile, dijo el director financiero de la compañía, José Aljarro. En el Perú, y evalúa proyectos con los que aumentar su cartera de vías en coherencia con su política de expansión internacional. Abertis dijo a comienzos de año que tenía en estudio media docena de autopistas de América y Europa. Actualmente negocia la compra de dos vías en Italia con las que regresaría a ese mercado, inform Expansión. Esperamos noticias en el corto plazo, señaló Aljarro.","gestion","02/05/2016"
"ENTREVISTA Juan Carlos Vallejo, gerente general, y Augusto Rey, gerente de Finanzas, de InRetail","-En la primera entrevista que brindan a la crítica, sus principales ejecutivos revelan lo que se viene con PlazaVea, la conquista del grueso que aún no entra en el canal moderno, la estrategia con farmacias y los nuevos formatos de RealPlaza. Vanessa Ochoa Fattorini vochoadwanogestion...som.pe Intercorp —el holding de Carlos Rodrguez-Pastor— ha crecido, a tal punto de estar directa e indirectamente relacionado con la vida de los consumidores peruanos. Y es que tiene banca, seguros, educación, hotelera y no podía faltar el retail. La cercana al consumidor es una de las fortalezas de InRetail Per Corp, brazo retail de Intercorp que agrupa a varias marcas. Tenemos el compromiso de tener cobertura en todo el país. Con farmacias, hemos llegado a algo más de 200 ciudades. Es más difícil hacerlo con formatos retailers grandes, pues exigen poblaciones más grandes para alcanzar ese punto de equilibrio, refiere Juan Carlos Vallejo (JCV), gerente general de InRetail, en la primera entrevista que brinda a un medio local. Somos una empresa de perfil bajo, asegura el ejecutivo, mientras toma asiento junto a Augusto Rey (AR), gerente de Finanzas de la compañía; la dupla que traza los planes futuros proyectos, que sabe culserá la próxima ciudad que reubicará sus marcas. Admiren del pelotón de la empresa, pero no haya fotos. Vallejo seala que son el único player 100% concentrado en el Per comparado con los otros jugadores del mercado. Eso es una ventaja, porque estamos focalizados en una economía que tiene un potencial de crecimiento frente a la región. Su expansión va de la mano de espacios. ¿Hasta cuánto tiene asegurado InRetail para seguir en expansión? AR: Tenemos un equipo permanente que se dedica a la búsqueda de espacios por el Per. Esto nos ha permitido crecer más rápido que nuestros competidores en provincias. Hoy tenemos un banco de terrenos, en algunos casos, en ciudades donde aún no está presente la demanda, y en otros se requieren más y mejores pisos. El banco de terrenos nos da una visión para los próximos años. ¿Qué representa PlazaVea en su crecimiento? JCV: Plaza Vea ha sido el caballo de batalla para el crecimiento de la empresa. ¿Cuáles fueron sus resultados del verano? Finalizado el trimestre, los resultados de tales se conocerán próximamente. La empresa prefirió no referirse a ellos, ya que listan en Bolsa. Lo que ya se conoce son las cifras de venta de Mercados Peruanos, la división que señala Juan Carlos Vallejo como la que en los últimos trimestres ha tenido una participación importante y con la que, a fin de año, esperan consolidarla como la número uno. Las ventas netas llevadas a marzo de Mercados Peruanos ascendieron a S/1,064.5 millones, cifra mayor en 5/64.2% (6.7%) al del mismo período del 2015. Ese aumento parte del incremento en tasas de las tiendas comparables y por las tiendas nuevas. Es una marca versátil y universal con la que atendemos desde el A+ hasta el C y algo del D. Hay espacio para llevar tiendas en ciudades donde quisieramos estar. ¿Qué próximas aperturas veremos? JCV: Estamos construyendo una tienda en Villa María del Triunfo, un distrito que no tiene mucha cobertura de retail moderno, será nuestra segunda tienda en la zona sur de la capital. Ser un power center en la zona La Curva; era un acuerdo de tiempo atrás ya firmado. Tenemos un par de proyectos más de Plaza Vea en Lima.","gestion","02/05/2016"
"Región Ucayali registra descenso de producción","Asimismo, se tuvo una menor producción de clinker, debido principalmente a las paradas del horno I, en Atocongo, y horno 111, en Condomocha, días en marzo para el mantenimiento programado.  Los despachos de Unacem afrontaron una caída debido a la menor demanda de cemento de bolsas traducción y al retraso del inicio de obras de infraestructura importantes, como la Línea 2 del Metro de Lima.","gestion","02/05/2016"
"Unacem reporta participación de mercado","Unacem tuvo una participación de mercado de 46.9%. Millones fuelganancia por la caída de precio prime: trimestral. 138.1%  Aumenta la utilidad neta en los tres primeros meses. 137.2%  Millones disminuye la deuda financiera en el verano, menor al 51% que registró en similar periodo del año pasado.","gestion","02/05/2016"
"Inversiones durante el primer trimestre","Durante los tres primeros meses del año, se destinaron proyectos por S/ 47 millones, principalmente iniciativas en la planta de Condorcocha.  Se posterga la fase II de ampliación de Shougang. Los trabajos de la fase II de la ampliación de la planta de hierro de Marcona, de la empresa Shougang, que estaban programados para el mes pasado, se han postergado debido a un retraso en la construcción de la nueva planta concentradora.  En verano se invirtió US$ 23 millones.","gestion","02/05/2016"
"Volcan reduce inversiones","Durante el primer trimestre, Volcan Compañía Minera priorizó iniciativas para la continuidad de sus operaciones en Yauli (Junín), Chungar (Pasco) y Alpamarca (Junín), con lo cual sus inversiones se redujeron 53.7%, de US$ 36.1 millones el 2015 a US$ 16.7 millones este año.  En un entorno de precios bajos de los metales, las inversiones en las unidades operativas disminuyeron 42.5%, de US$ 28.1 millones a US$ 16.1 millones entre enero y marzo, enfocándose en las inversiones necesarias para garantizar la producción futura, informó Volcan.","gestion","02/05/2016"
"Shougang se enfoca en expansión","En el primer trimestre del año Shougang se enfocó en la instalación de las obras eléctricas como parte de la expansión de la planta de hierro. En el primer trimestre Shougang invirtió US$ 23 millones en el proyecto. Hasta el momento se han destinado US$ 558.1 millones.","gestion","02/05/2016"
"Starbrands ingresa al mercado masculino","La peruana de productos capilares, Starbrands Group, planea este año incursionar en el mercado masculino con productos de cuidado personal. As lo adelantó a Gestión su gerente de marketing, Diego Roldán Valderrama, tras detallar que vienen evaluando qué tipo de productos lanzarán en el Perú y el exterior, así como bajo qué nueva marca saldrán.  El próximo año planea arrancar en Sudáfrica. Nuevos destinos. El próximo año planea arrancar en Sudáfrica.","gestion","02/05/2016"
"Banmedica se concentra en ampliación","Banmedica se concentrará este año en ampliar las operaciones que tiene en Perú y Colombia, al vez que mantendrá en ejecución su plan de inversiones en Chile, informó el Diario Financiero. La Clínica del Country tiene un proyecto de ampliación con un 30% o 40% de su capacidad, que es la clínica principal de Bogotá. En el Perú, la Clínica San Felipe tiene un plan de ampliación significativo; la Clínica San Borja un plan de ampliación que es prácticamente el doble; la Clínica El Golf tiene un plan de ampliación a más del doble, dijo el presidente del directorio de empresas Banmedica, Cristina Arnold.","gestion","02/05/2016"
"Gold Fields busca mejorar calidad de mineral","Gold Fields La Cima obtuvo aprobación del Ministerio de Energía y Minas para modificar el estudio de impacto ambiental en la operación de cobre y oro Cerro Corona (Jamarca) a fin de hacer la ampliación del tajo minero. Representantes de la empresa minera señalaron que la modificación del estudio de impacto ambiental no amplía la reserva de mineral de Cerro Corona. Esta se mantiene en 100 millones de toneladas.  Debido a la baja de precios de los metales, los minerales que eran parte de la reserva dejan de serlo, por lo cual se amplía el tajo buscando mineral de mejor ley que permita mantener la continuidad de las operaciones, indicaron a Gestión.","gestion","02/05/2016"
"Ventas de Cosapi disminuyen","Las ventas de Cosapi, considerando todas las divisiones, alcanzaron S/ 217 millones en el primer trimestre, lo que significó una reducción de 38.6%, con respecto a similar período del pasado.","gestion","02/05/2016"
"LA OPERACIÓN DE COBRE Y ORO CERRO CORONA (JUNÍN) A FIN DE HACER LA AMPLIACIÓN DEL TAJO MINERO","El área efectiva de Cerro Corona es de 879 hectáreas.  PROCESADO. La planta concentradora está diseñada para procesar 930 toneladas por hora de mineral.  EXTRACCIÓN. El plan de minado propuesto del tajo Cerro Corona hasta el 2022, con templado extraer 134.3 millones de toneladas de material, distribuidos en mineral de sulfuros, óxidos y otros.  Representantes de la empresa minera señalaron que la modificación del estudio de impacto ambiental no amplía la reserva de mineral de Cerro Corona. Esta se mantiene en 100 millones de toneladas.  Debido a la baja de precios de los metales, los minerales que eran parte de la reserva dejan de serlo, por lo que se amplía el tajo buscando mineral de mejor ley que permita mantener la continuidad de las operaciones, indicaron a Gestión.","gestion","02/05/2016"
"RESULTADOS DEL PRIMER TRIMESTRE","VENTAS DE COSAPI DISMINUYERON 38.6%  Los ingresos de Cosapi, considerando todas las fuentes, alcanzaron S/217 millones en el primer trimestre, lo que significó una reducción de 38.6%, con respecto a similar periodo del año pasado.  El resultado refleja menores ingresos en el rubro de generación y construcción, debido a la desaceleración de la economía y la caída de la inversión; así como una disminución de las ventas en la actividad de servicios mineros de la constructora.  Si bien hubo una caída en los ingresos en cambio se obtuvo una mejora en los márgenes de varias de las obras de construcción de la firma. Así, el margen bruto de Cosapi aumentó 14.1% en el primer trimestre del año pasado 31.5% en los tres primeros meses del 2016.  PREVIAS OBRAS  El backlog consolidado de Cosapi al cierre del verano ascendió a US$ 1,651 millones, lo que equivale a 4.7 veces las ventas de los últimos 12 meses.  Tiene un backlog para 3 años.  54.6%  EL EBIDTA AJUSTADO CONSOLIDADO EN EL PRIMER TRIMESTRE FUE 0.3 MILLONES  Fue la utilidad neta consolidada en los tres primeros meses del año.  La empresa es la que el actual backlog le permitirá generar ingresos en los próximos 35 años.  La última modificación del estudio ambiental es la novena modificación que la empresa realiza alrededor del proyecto Cerro Corona.  El estudio aprobado también permite la instalación de un taller de mantenimiento y una zona de parqueo para equipos de mina, entre otras cosas.  El análisis costo beneficio de la ampliación del tajo se espera que genere un valor actual neto de S/ 862.62 millones.  Tras recibir luz verde, la modificación del estudio de impacto ambiental constará de una etapa de construcción que durará un año y la operación, que tomará cerca de 14 años.","gestion","02/05/2016"
"AMERICAN AIRLINES CON MÁS DESTINOS PARA CARGA","DEBIDO AL POTENCIAL DE ENVÍOS DE PRODUCTOS PERUANOS AL EXTERIOR, AMERICAN AIRLINES AUMENTAR LAS RUTAS PARA LA CARGA PERUANA.  Tras ingresar a nuevos destinos como Hong Kong, Sídney, ahora suma más vuelos a Auckland (Nueva Zelanda), Beijing y Tokio, via Los Ángeles, dijo el presidente de American Airlines Cargo, Jim Butler.  El ejecutivo explicó que la ampliación obedece a la apertura de mercados que vienen logrando los productos agrícolas y textiles peruanos, sobre todo, al mercado de Asia.  Las palta y mangos peruanos se ven como buenos productos afuera y a pesar de la competencia cada vez mayor de México, pueden crecer agregando destinos, anotó, tras afirmar que los espárragos son bien valorados en Londres y París.","gestion","02/05/2016"
"CAMBIOS & NOMBRAMIENTOS","CE’SAR SANGUINETTI ALMENDARIZ fue nombrado Gerente General de Sociedad Empresa Administradora Horizonte Corporativo, en reemplazo de José Larrauri Valdenaro.  LUIS MIGUEL RUBIO fue nombrado Gerente de Marketing de OLX Perú. Anteriormente era Gerente de OLX Argentina.  CARLOS GONZÁLEZ MINGUEZA fue nombrado Gerente General de Lawsons Berger.  LUIS ALBA fue nombrado Gerente de Perú, Bolivia y Ecuador de Lawson Software.  JULISSA CÉSAR MARAVILLA fue designada como Gerente General de D’Solo Logística.  JORGE SOTO PARODI, como Gerente de NPVOCOS, y MANUEL RAMIREZ GARCÍA fueron nombrados Gerentes de Proyectos y Servicios, respectivamente.  KATIA ROSAS MORALES fue designada Gerente de Administración de Grupo Magnífico Centro de Ahorro y Crédito Huancayo de forma temporal (en sustitución de Luis Andrés Pamela).  ALBERTO INFANTE asumió como Presidente de la Asociación de Exportadores (ADEX), cargo que también ocupó entre 2009 y 2011.  FREDY GAMARRA ELIAS asumió como Presidente de la Cámara Nacional de Turismo.  ROGERIO MENDONÇA fue nombrado Presidente y CEO de GE Oil & Gas Latinoamérica UCB.  ROBERTO SOBOLL ha sido nombrado Director Ejecutivo de Productos para Latinoamérica de Amare!","gestion","02/05/2016"
"EXPANSIÓN","G&G JOYEROS ABIERT TIENDAS DE OMEGA Y TISSOT  Planea llegar con estas a provincias en el mediano plazo. Busca sumar más marcas en Chile.  G&G Joyeros tiene como objetivo para este año crecer con fuerza en el Perú.  BREVES  EQUIPAMIENTO  Los planes de Kitchen Center  La firma chilena Kitchen Center espera crecer con fuerza en el corto plazo en el Perú.  La empresa, que provee equipamiento de cocina, ve una oportunidad en las viviendas de menos de 60 metros cuadrados en Lima.  Actualmente el Perú presenta el 15% de sus ventas totales y el objetivo es que alcance el 23%, informó el diario El Mercurio.  (FUSION)  KAROL TOUR HACIA EL PERÚ  Desde mayo, Karol Tour comenzará a operar la ruta de Porto Velho (Brasil) hacia Cusco, convirtiéndose en la primera empresa silea de transporte terrestre en realizar viajes desde el estado de Acre hacía la Ciudad Imperial.  CONSTRUCCIÓN  Inversiones de Paz Corp.  La chilena Paz Corp. invertirá US$ 220 millones este año, destinando el 120% de dicho monto hacia el mercado peruano.  Entre 20% y 30% en sus ventas, y se enfocará en seguir expandiéndose con boutiques monomarcas.  El fundador y gerente general, Juan Gomberoff, dijo a Gestión que este año abrirán las primeras boutiques monomarcas de Omega y Tissot, y de la nueva marca que sumarán a su portafolio: Tiffany.  Labourdaremos durante dos meses y estamos listos para traer para la sede inauguración oficial, que será entre septiembre y noviembre, a Cindy Crawford, reveló el ejecutivo.  Jack Gomberoff.  Y en el 2017 planean abrir la tercera boutique de Montblanc y la segunda de Tissot.  Hoy tienen 13 puntos de venta, 9 boutiques y cuatro tiendas puerta calle, además de puntos de venta en Saga Falabella y cuentas corporativas.  Gomberoff señaló que G&G Joyeros tiene la intención en el mediano plazo de tener presencia en el interior del país.  Actualmente llega a provincias asociado con partners, como joyeros de prestigio. Una de sus primeras plazas seria Cusco.  La mamá tendrá potencial de venta en provincias seria Tissot, agregó.","gestion","02/05/2016"
"PRIMER PROGRAMA DE INSTRUMENTOS DE CORTO PLAZO DE AGROBANCO - PRIMERA EMISIÓN - SERIE B","OFERTA PÚBLICA PRIMARIA  Hasta por la suma de S/ 25,000,000 (Veinticinco Millones y 00/100 Soles).  Mediante Resolución de Indendencia General SMV N° 053–2015–SMV11.1.MGIR 23 de junio de 2015, se inscribió en el Registro Público del Mercado de Valores de la Superintendencia del Mercado de Valores (SMV) los valores denominados Primer Programa de Instrumentos de Corto Plazo de Agrobanco - Primera Emisión (los Valores o los Instrumentos), hasta por 200,000,000 (Doscientos Millones y 00/100 Soles), de conformidad con los términos y condiciones establecidos en el Marco del Programa de fecha 19 de junio de 2015, en el Acto Complementario de la Primera Emisión, de fecha 19 de junio de 2015.  Mediante Resolución SBS N° 0111-2015, de fecha 12 de enero de 2015, la SBS emitió opinión favorable respecto al Programa.  Se ha decidido en esta ocasión emitir los Valores 17,150 bajo las siguientes condiciones:  Emisor: Tipo de Instrumento: Denominación del Instrumento: Denominación del Programa: Monto Subtotal: Moneda de Emisión: Clase: Valor Nominal: Número de Valores Emitidos: Serie: Plazo de los Valores: Procedimiento de Colocación: Rendimiento: Pago del Principal y Rendimiento: Garantías: Opción de Rescate: Lugar y Agente de Pago: Calificación de Riesgo: Documentos de la Oferta: Agente Colocador: Entidad Emisora: Fecha de Colocación: Fecha de Emisión: Fecha de Remuneración: Modalidad y lugar de Entrega de propuestas: Cronograma: Aviso Importante:  Banco Agropecuario  Instrumentos de Corto Plazo de Agrobanco  Primera Emisión - Serie B  Por medio de la oferta pública primaria hasta por la suma de S/ 25,000,000 (Veinticinco Millones y 00/100 Soles).  Soles.  Los instrumentos serán valores negociables en el mercado secundario de deuda, nominativos, divisibles y libremente transferibles. Los Instrumentos estarán representados por anotaciones en cuenta inscritos en el registro que maneje CAVALI S.A. ICLV.  S/. 5,100.00 (Un Mil y 00/100 de Soles) por cada Valor.  Hasta 25,000.  Los Instrumentos tendrán un plazo de trescientos sesenta (360) días, contados a partir de su Fecha de Emisión.  Los Instrumentos serán colocados bajo la par.  Cupon cero (descuento). Los Valores se ofrecerán bajo la par de acuerdo con el procedimiento de colocación indicado en el Complemento del Prospecto Marco de la Primera Emisión.  En un único pago en la fecha de vencimiento de los Instrumentos.  Los Valores estarán respaldados con la garantía genérica del patrimonio del Emisor.  No existe opción de rescate anticipado de los Instrumentos, salvo que sea de aplicación cualquiera de los casos contemplados en el artículo 330 de la Ley General de Sociedades, debiendo verse previsto lo dispuesto en el Artículo 89 de la Ley del Mercado de Valores.  CAVALI S.A. ICLV, ubicado en Avenida Saulo Toribio No 143. Of. 503. San Isidro.  Apoyo & Asociados CP-1 (pb)  Equilibrio EOI.pe  Para una información más detallada de la oferta, es necesario que el inversionista revise el Acto Marco y el Prospecto Marco – y sus Actualizaciones – correspondientes al Programa, así como el Acto Complementario de Emisión y el Complemento del Prospecto Marco correspondientes a la Primera Emisión del Programa, los cuales se encuentran a disposición del público en el Registro Público del Mercado de Valores de la SMV y podrán ser solicitados al Agente Colocador o al Emisor.  Banco Internacional del Perú S.A.A. - Interbank.  Jueves 05 de mayo de 2016  Viernes 06 de mayo de 2016  Lunes 01 de mayo de 2017  Por carta y/o fax – Atención: Intelligo Sociedad Agente de Bolsa S.A., con domicilio en Av. R. Rivera Navarrete 501, Interior 2 Ho. San Isidro. Lima 27, teléfono 625-9500 y número de fax 625-9445 o 6259435. Las personas encargadas son los señores Edgardo Suárez y Paola Rana, con los teléfonos 695-9535 y 625-9538, respectivamente.  Recepción de Propuestas: 05 de mayo de 2016, desde las 09:00 horas hasta las 13:30 horas.  Proceso de Adjudicación: 05 de mayo de 2016, entre las 14:00 y 16:00 horas.  Aviso de Adjudicación: 05 de mayo de 2016, a partir de las 16:00 horas.  Liquidación: 06 de mayo de 2016, hasta las 12:00 horas.  Los pagos se realizarán de la siguiente manera: pago en cuenta, transferencia vía Banco Central de Reserva o abono en cuenta corriente de Intelligo Sociedad Agente de Bolsa S.A. en Interbank N°057-0000436365 / CCI N°003-057-000000436365-7.  Los montos de la presente oferta pública están establecidos por el Emisor e informados a la SMV antes de la Fecha de Emisión.  Interbank Intelligo  A B ESRUCURADOR AGENCIA COLOCADOR","gestion","02/05/2016"
"EMPRESA DE REDES SOCIALES EMITIRÁ SUS FONDADORES PIERDEN INFLUENCIA","Zuckerberg mitiga a Google y va en busca de un mayor control sobre Facebook  Joseph Chkolli  El mercado de valores se han vuelto un poco más complicado.  Rodríguez un poco :) Google Inc., compró Oculus VR Inc., creadora de cascos de realidad virtual, por unos 2,000 millones de dólares. Facebook Inc. decidió conocer cómo crear una nueva clase de acciones sin derecho a voto.  Con este tipo de arreglos es cada vez más frecuente en empresas con múltiples clases de acciones, como moda de partida a los fundadores de una dilución. Al disponer de una nueva categoría de acciones sin derecho a voto, el máximo responsable de la compañía, Mark Zuckerberg, puede hacer uso de estas acciones para asuntos únicamente como adquisiciones y compensaciones internas, reducir influencia. ","gestion","02/05/2016"
"Retos de la política en contexto de descentralización","Cuando hablamos de política monetaria, es evidente que la misma depende del Banco Central. No es tan claro a quién nos referimos cuando hablamos de política fiscal. Si bien se supone que depende del Ministerio de Economía, la realidad está lejos de dicho supuesto.  En el 2015, solo 65.1% del gasto público no financiero fue realizado por el Gobierno nacional; es decir, poco más de un tercio del gasto fue realizado por los gobiernos regionales y locales en conjunto. Y si consideramos solamente el componente de inversión, la importancia de los gobiernos subnacionales llega a 50.5%.  Esta participación se mantiene alta pese a que entre el 2014 y el 2015 la formación bruta de capital del Gobierno nacional creció 27.3%, mientras que, al contrario, la de los gobiernos regionales se contrajo en 29.5% y la de los gobiernos locales en 28.3%. En conjunto, esta contracción fue equivalente a S/ 4713 millones en los dos años. Es decir, la menor realización de obras públicas en estos dos niveles de gobierno le restó, sin contar el efecto multiplicador de las mismas y el impacto en el crecimiento potencial de los siguientes años, 0.20% al FBPI del 2014 y 0.63% al del 2015.  Considerando que ello se produjo cuando mayor relevancia cobraba la implementación de políticas contractivas, ¿qué regiones registraron el menor dinamismo en estos dos últimos años? La contracción de la inversión pública respecto de los niveles alcanzados en el 2013 ha sido liderada por cinco gobiernos regionales: Cajamarca (-86.4%), Tacna (-66.9%), Callao (-62.6%), Tumbes (-62.3%) e Ica (-59.8%). Por el contrario, en el mismo período la inversión solo se incrementó en cuatro gobiernos regionales (La Libertad, San Martín, Junín y Ayacucho) y en los gobiernos locales de apenas dos regiones (Amazonas y Apurímac). Puede pensarse que las cinco regiones en las que más cayó la inversión tuvieron una menor disponibilidad de recursos, ya que el presupuesto destinado para inversión en ellas se redujo en 17.3% en los últimos dos años; sin embargo, la caída en la ejecución ha sido de 391%. Más interesante es que en cada una, aun con el (menor) presupuesto del 2015, hubiera alcanzado para lograr la inversión realizada en el 2013.  Esto es reflejo de una descentralización incompleta y de la cual no se ha discutido. ¿De quién depende finalmente la implementación de una política contractiva en el Perú? Dada la experiencia, si son los tres niveles de gobierno, resultaría difícil implementarla de manera óptima, teniendo objetivos dispersos. Sin embargo, si dependera solo del Gobierno nacional se habría retrocedido en esta reforma.","gestion","02/05/2016"
"Encuesta Nacional Urbano Rural de GFK","PPK obtiene el 43.3% de intención de voto, mientras que líderesa de Fuerza Popular llega a 43.1%, en sondeo publicado por Latina.  Dentro de cinco domingos usted deberá elegir al próximo presidente. Por ahora, las estrategias, errores y silencios de los candidatos no han permitido que se rompa el empate técnico entre ambos que más de una encuesta ha puesto en evidencia (ver las claves).  La publicada anoche por GfK en el programa Sin medias tintas, de Latina, no es la excepción. En su primera entrega, tras la primera vuelta, revela que Pedro Pablo Kuczynski obtiene el 43.3% de la votación, mientras que Keiko Fujimori alcanza el 43.1%.  Si hablamos de votos válidos, excluyendo los blancos, nulos e indecisos, PPK llega a 50.1% y Fuerza Popular a 49.9%.  Otros detalles del sondeo es que esta es la primera vez que Pedro Pablo Kuczynski supera a Fujimori, pues hasta el sondeo anterior era K quien derrotaba a Fujimori en intención de voto. Incluso, la diferencia llegó a 17 puntos en favor de Keiko el 1 de marzo. Dos meses después, hay un nuevo escenario.  Evolutión de la intención de voto:  - So 4u*x 43.3, - 7 ) ”% “ 419 _77;7““ PP! - ... *” / 43.1% - 39% 35% Keiko - 30 - m - 20 - 2074X. - ___—a - 13% Nun - 10 ninguno - 7% MSN - 0 596 3% 4.895 / - W - marzo de marzo abu! mayo - ...  Decisiones. De los 22.6 millones de electores hábiles, solo 15.2 millones apoyaron a algún candidato en la primera vuelta.  Kuczynski y Keiko Fujimori no salen del empate técnico.  Empates... Resultados. Según el último sondeo de CPI, publicado el 29 de abril, Keiko Fujimori tendría 42.1% y PPK obtendría el 40.1%.  Tiempo de definiciones. Si comparamos estos números con los obtenidos en el trabajo publicado por GfK el 1 de abril, el último permitido antes de la primera vuelta, el avance del exministro de Economía frente al balotaje es mayor. El 10 de abril este llegó a 17.2% de votos válidos, según la ONPE, y ahora cuenta con 43.3%.  Keiko Fujimori, por su parte, sacó el 32.6% y ahora logró el 43.1%.  Asimismo, se reduce considerablemente el número de indecisos. Este grupo pasó de 18% a solo 8% entre abril y mayo.  Ya la semana pasada, indicamos que hay una tendencia de reducción de los indecisos entre la primera y segunda vuelta. As sucedió en las elecciones del 2006 y el 2011 (Gestión 27.04.2016).","gestion","02/05/2016"
"En el próximo Congreso","Keiko armará que su bancada no presidirá comisión que investigue a Nadine Heredia.  Candidata culpa a PPK de altercado entre Heresi y Vizcarra. Señala que es resultado de sus ausencias prolongadas.  La candidata de Fuerza Popular, Keiko Fujimori, indicó que si se forma una comisión en el próximo Congreso que investigue a la primera dama, Nadine Heredia, su bancada no la presidirá. Esperaremos que los otros grupos políticos de oposición se encarguen de eso, comentó a la prensa.  Arango. La candidata Keiko Fujimori participó ayer de una actividad proselitista en el distrito de Los Olivos por el Día del Trabajo.  Las leyes sobran en el país. Se necesita un poder Ejecutivo que las ejecute, expres durante su discurso.  Al término de sus palabras, los simpatizantes la alentaban con Keiko sí, gringo no.  Además, señaló que en un eventual gobierno, sería, en todo caso, la Fiscalía la que siguiera las pesquisas sobre el caso agendas y el financiamiento del Partido Nacionalista durante las campañas del 2006 y 2011.  No queremos que haya investigaciones con influencias políticas, manifestó.  De otro lado, insistió en que el Gobierno es el nuevo vocero de Peruanos Por el Kambio (PPK), pues no solo recibe cuestionamientos de dicho partido, sino también críticas de la pareja presidencial y de los ministros.  Culpó al distanciamiento entre Keiko Fujimori y el congresista electo Salvador Heresi y el jefe de campaña de PPK, Martín Vizcarra. Esto sucede cuando hay ausencias prolongadas, afirm en alusión al viaje proselitista que realizó Pedro Pablo Kuczynski a los Estados Unidos.  Cabe precisar que Heresi cuestiona a Vizcarra por no incluirlo como vocero durante la segunda vuelta.  Lo importante es ver qué medidas y cómo den solución a estas discrepancias internas, acotó Fujimori (ver página 28).  Finalmente, ratificó que su partido apelará la multa de S/ 395,000 que dispuso la ONPE por la entrega de dádivas en los casos Huarochirí y Vacchelli.","gestion","02/05/2016"
"Futuro de minería enfrenta a los candidatos","Dependencia. PPK no opinó que haya más de 150,000 trabajadores de minería pequeña y artesanal ilegal. Además, 300,000 personas dependen de esta actividad.  Similares. En Madre de Dios se han devastado 80 hectáreas de bosques.  Según el bloque Kuczynski, no es el mejor camino el acuerdo que suscribió Keiko Fujimori con los mineros informales.  Cuestionamiento que su par de Fuerza Popular pretende derogar los Decretos Legislativos 1100 y 1105, que tomaron las bases para el proceso de formalización de esa actividad.  Hay que trabajar con los mineros informales para que se formalicen, vivan mejor, reciban más por su oro y otros metales y respeten el medio ambiente. Pero el pacto con dragas es destructivo y contaminante, y ello se debe evitar, manifestó el ex primer ministro en declaraciones a la prensa.  PPK afirma que la minería con dragas es destructiva y contaminante y que ello se debe evitar.  El candidato subrayó que su propuesta apuesta por la creación de un banco de fomento minero, que apoye a las pequeñas mineras para que puedan tener estándares ambientales de primer mundo.  Por su parte, Gutiérrez manifestó que condenan la minería ilegal.  Apostamos por una verdadera formalización de los pequeños mineros. Tenemos que ser conscientes de que una norma, que una política pública tiene que beneficiar a la mayoría, no como ha ocurrido con estos falsos decretos de formalización que se han convertido en una trampa, complementó.  Precisó que muchos mineros informales se sienten engañados porque, en ocasiones, han dinamitado sus negocios.  Ana  Visión. Keiko Fujimori señaló que el Perú es un país informal.","gestion","02/05/2016"
"EN MAYO, POR EJEMPLO, HABÍA ELEMENTOS QUE EMPUJABAN AL ALZA LOS PRECIOS AL POR MAYOR","En marzo, por ejemplo, había elementos que empujaban al alza los precios al por mayor, como la campaña escolar y los servicios de naturaleza. De otro lado, el dólar tuvo una caída en el tipo de cambio, visible desde febrero, pero que tomó mayor fuerza en abril.  Lo fundamental es el comportamiento del precio del dólar, que impacta más que en los precios al consumidor, agregó Jorge González Lázaro, economista.","gestion","02/05/2016"
"ANÁLISIS","Hugo Perea  ECONOMISTA JEFE BBVA RESEARCH  INFLACIÓN DEBERÍA DESCENDER  La inflación, como liderancia, empezará a tener un descenso en los siguientes meses, en parte, por una reversión de los precios de los alimentos que subieron entre enero y marzo, principalmente, y una desaceleración del tipo de cambio. Además, ya hemos visto que las tarifas eléctricas se han corregido al baja.  Aún la inflación está por sobre el rango meta, pero con la información que tenemos ahora, indicaría que el IPC entraría al rango antes de acabar este año. Ojalá se mantenga esta tendencia, y parece que sí. No hay presiones ni por la demanda ni por el tipo de cambio. Luego de disipados los choques de oferta, la inflación debería ir descendiendo.  Es preciso señalar que en la variación anual (mayo 2015 - abril 2016), el índice de precios al por mayor registró un alza de 1.18% y en el acumulado se contrajo 0.71% (ver tabla).  Indice de Precios  El reciente informe del INEI además reveló que en abril los precios a nivel nacional subieron más (0.02%) que en la capital (0.01%), e incluso en ese mes, en 15 de las 26 principales ciudades la inflación fue mayor que en Lima (ver gráfico).  En cuanto a la variación porcentual anual del IPC nacional, diez de las ciudades están dentro del rango meta del BCR de entre 1% y 3%. Por ejemplo, Cajamarca registró una inflación de 1.91%, la más baja en comparación a las otras ciudades. Para el caso de Lima, la cifra anual de inflación fue de 3.91%, ubicándola aún por encima del rango meta. Si bien es cifra es menor la de marzo (4.30%), Para Parand, esto no significa que estemos camino a registrar cifras menores al 3%.  Si bien yo soy de los que creen que el dólar va a crecer, pero a un menor ritmo, y el impacto en la inflación va a ser menor por los menores precios de lo importado, aun así, mi visión es que este año vamos a teminar sobre el rango meta del BCR, aunque ligeramente menor que la del año pasado, remarc.  Esta posición coincidiría con la de Hugo Perea, economista del BBVA Research, quien estima que el año cerrará con una inflación dentro del meta (ver opinión).","gestion","02/05/2016"
"CIFRAS PRELIMINARES","Construcción creció en marzo por segundo mes consecutivo  —Según Capeco, la construcción crecerá en el primer semestre un 2% en promedio y para la segunda mitad del año alcanzará 5%.  El sector construcción volvió a dar una sorpresa positiva por segundo mes consecutivo. Según cifras adelantadas del INEI, esta actividad tuvo un crecimiento de 3.45% en mano, mostrando indicios de una leve recuperación. Aunque el sector empezó el 2016 con el pie izquierdo, retrocediendo 2.67% en enero, en el segundo mes del año registró un alza de 5.37% (continúa)","gestion","02/05/2016"
"PLANTEA UNA MAYOR COORDINACIÓN PARA DAR TITULACIÓN CON PROVISIÓN DE SERVICIOS","An falta dar títulos a más de un millón de predios urbanos  ELASGARCA garcuadwariorgesnon comp  El 90% de las propiedades de Lima Metropolitana que fueron invadidas, ya han sido formalizadas, quedando solamente los bolsones para culminar el proceso, reveló la directora del Organismo de Formalización de la Propiedad Informal (CofoPri), Martha Ferreyros.  No obstante, la región estima que en las regiones a nivel nacional aún faltará por formalizar y entregar títulos de propiedad a áreas que fueron ocupadas precariamente, a cerca de un millón de predios.  La carga fuerte que queda por titular se ubica en ciudades como Arequipa, Piura, Chiclayo, Trujillo, Huancayo, Cusco, Iquitos, Tarapoto, entre otras, not Ferreyros.  En 2030 se han normalizado 2.5 millones de predios.  Además, refirió que para el otorgamiento de títulos del millón de predios que falta formalizar, los municipios deberán otorgarles zonificación y proveerlos de servicios básicos.  No será gratis  Ferreyros señala que el derecho a titular corresponder solo a las invasiones producidas entre los años 2005 y 2010, pero que, más, se darán esos documentos de propiedad ya no a título gratuito, sino a un valor arancelario.  Se va a dar los títulos a un arancel social bajo, pero que permita también contrarrestar la presencia de traficantes de tierras que han estado invadiendo en los últimos años, anot.  En los últimos veinte años, a través de CofoPri, se han formalizado 2.5 millones de predios.  Con ese proceso, que responde a la formalización realizada hasta el 2004, se benefició a cerca de 10 millones de habitantes, estimó Ferreyros.  Plantea una mayor coordinación para dar titulación con provisión de servicios.","gestion","02/05/2016"
"PROYECTO DE ODEBRECHT","MTC retrocede y pone en suspenso tranvía del Callao  —El Ministerio de Transportes y Comunicaciones había calificado a la iniciativa ferroviaria como prioritaria para el desarrollo del puerto del Callao.  ELASGARCA garcuadwariorgesnon comp  A mediados del año pasado, el Ministerio de Transportes y Comunicaciones (MTC) había decidido darle el visto bueno a la iniciativa privada anunciada, que presentó la empresa brasileña Odebrecht, para la construcción de un tranvía eléctrico que tenía como objetivo unir el Cercado del Callao con el distrito de Ventanilla en 30 minutos.  No obstante, el ministro de Transportes y Comunicaciones, José Gallardo, informó que el proyecto de tranvía ahora ha quedado suspendido, porque aún la iniciativa tiene que pasar alguna prueba y se debe evaluar si es mejor un sistema de transporte en minibuses como el caso del Metropolitano.  En cualquiera de los casos, según el MTC dice tender que se tendría que ver qué es lo mejor para estas iniciativas de transporte.  Así, señaló que, de un proyecto de parque industrial que se ubicara en Ancón que planea promover el ministerio de la Producción, se plantea que se conecte con la Red Vial Cinco (que conectar de Ancón a Pativilca) y el Tren de Cercanías a Huacho.  La gente llegará a Ancón, luego all tomaría una extensión del Metropolitano, que lo unirá con la Línea 3 (del Metro de Lima), o para ir al Callao va un Metropolitano o un tranvía, hay que ver cuál es el mejor (proyecto de transporte interurbano), aseveró el ministro Gallardo.  Antecedentes  A mediados de conocerse el resultado de la licitación del proyecto de tranvía de Odebrecht (para entonces estaba en proceso de perder su participación accionaria en el también proyectado Gasoducto Sur Peruano), se había previsto que por la berma central de la remodelada avenida Néstor Gambetta, donde se ha reservado dos carriles centrales, circularía la actual extensión del tren Central Andino.  En su momento, el ministerio de Transportes había calificado a esa iniciativa privada de muy interesante y prioritaria para el desarrollo del puerto del Callao.","gestion","02/05/2016"
"DISPUTA POR $2,000 MILLONES DE CTS LLEVA A SUBIR TASAS A MÁS DE 8%","El apetito de las entidades financieras por captar soles del público se hizo patente desde abril, ya que bancos, cajas y otras instituciones comenzaron a lanzar ofertas atractivas para hacerse de parte de los S/ 3,700 millones que los afiliados podrán retirar de sus fondos de pensiones en AFP. Una semana después, la puntería de las entidades financieras se dirige a los poco más de S/ 2,000 millones que se añadirán a los depósitos de Compensación por Tiempo de Servicios (CTS) hasta el 15 de mayo. Esto se suma a un monto de CTS que, por primera vez, recibirán los trabajadores del sector privado bajo la Ley Servir y el Decreto Legislativo 728. La puja por la plata se intensifica tanto que ahora dos cajas municipales ofrecen tasas de rendimiento real anual mayores a 8% (las cajas Centro y Huancayo). En lo que va del año, las cajas sedes, en promedio, elevaron sus tasas para CTS de 6.74% a 6.91%.","gestion","02/05/2016"
"LOS QUE MÁS PAGAN POR LA CTS","TASA DE INTERÉS PROMEDIO DE CTS EN CAJAS MUNICIPALES Caja Centro Caja Huancayo Financiera TFC Caja del Santa Financiera Proempresa Financiera Capac Caja Cusco Caja Piura Caja Maynas Financiera Confianza 8.20% 7.70% 7.00 6.75 6.50 6.00 6.91% May. 14 Suma: 5.85 Nov. 14 May. 15 Nov 15 Mar. 16 Las claves: Dimensión. Hay 35 millones de cuentas CTS en el sistema financiero, correspondientes a igual número aproximado de trabajadores. Estos depósitos alcanzan los S/ 16,527 millones. Nuevos. 70,000 empleados estatales se les abonará por primera vez en una cuenta CTS. Esencia. La CTS debe ser usada, fundamentalmente, por los trabajadores que se queden desempleados. Prioridad. Si estos fondos son usados, deben destinarse principalmente al pago de deudas, en particular de tarjetas de crédito y préstamos personales, sugiere Comparabien. Tasas de CTS suben a más de 8% por el apetito de cajas y bancos para captar S/ 2,000 millones.","gestion","02/05/2016"
"RENDIMIENTO DE LOS DEPÓSITOS CTS Y OPCIONES PARA AFILIADOS DE FP QUE DISPONGAN DE SU FONDO...","-Seguros ofrecen rentas fijas de por vida, los ingresos por inversión en taxi son mal calculados, y el retorno de los depósitos dependerá de que las tasas se mantengan altas. MARCO ALVARADO PINO marco.alvaradopino@gestion.pe Desde el 16 de mayo, los afiliados de AFP con 65 años o más podrán iniciar trámites para retirar hasta el 95.5% de su fondo de pensiones. Ya con el dinero en mano, a partir del 27 del mismo mes, deberán tomar decisiones clave: dónde y cómo invertir esos recursos para vivir una jubilación digna. Las opciones, en diversas formas, aparecerán muchas más en los próximos meses; sin embargo, Gestión, con ayuda de expertos, analiza cuatro de las alternativas más ‘populares’ entre los peruanos. Antes de comparar la renta promedio que recibiría el jubilado en cada uno de los cuatro casos, se asume que los afiliados retiran un fondo de S/ 200,000.","gestion","02/05/2016"
"NUEVA TENDENCIA","Alquileres de oficinas se están cerrando en 25% menos del precio ofertado.","gestion","02/05/2016"
