"headline","content","newspaper","date"
"Ponce y Roca Rey, en hombros, en la plaza de Latacunga, Ecuador.","Ponce, una oreja y luego las dos y el rabo; Andrés, dos en cada toro. Las cuatro faenas, notables; pero la segunda de Ponce, una antología de temple y dominio de los tiempos y las pausas, que le valió cortar el rabo. El peruano no se opacó y logró entusiasmar al público, cortando dos orejas.  El ganado de ayer que trocó los trofeos por una vuelta al ruedo apoteósica.  -Talavante-  El segundo tuvo un gran lado izquierdo y él tiene una notable zurda. Inició la faena por ese lado, pero, inexplicablemente, basó luego su labor en derechazos, bajando el nivel del trasteo. Al final, tras unas manoletinas, un natural inmenso confirmó la clase del toro por el izquierdo. Era toro de triunfo grande, pero, entre no aprovecharlo al máximo por su mejor lado y un pinchazo, seguido de una estocada baja, aquel triunfo se esfum.  Al quinto, el mejor de la corrida, Talavante lo empez toreando de rodillas. Continuó por derechazos y naturales –toreo fundamental de categoría por ambos lados– para rematar de rodillas, emocionando al público. De nuevo, un pinchazo antes de una estocada, redujo un triunfo de dos orejas a una.  -Adame-  Le tocó el peor lote. El tercero, alto y basto, no humilló y fue incierto. Otro lo hubiera aliado y matado pronto. Pero él, poderoso, técnico y valiente, no quiso quedarse atrás y se la jugó. Emoción y demostró por qué es la primera figura mexicana. Estocada desprendida y una merecida oreja.  En el sexto, toro con ciertas complicaciones, volvió a estar valiente y solvente, pero tras una buena labor, lo pinchó y perdió otra oreja. Una buena tarde, para el recuerdo.  El próximo domingo, el gran cierre de feria, Morante, Manzanares y Andrés Roca Rey con toros españoles de García Jiménez. Debe ser otra muy buena corrida.","elcomercio","28/11/2016"
"Emprendedora peruana","Mi siguiente meta es seguir siendo una mejor versión de mí. Ahora quiero trabajar desde diversos enfoques para que los adultos mayores dejen de ser un grupo vulnerable y se vuelvan uno potencial, dice.  Entrevista Cyntia Paytan  Emprendedora peruana Nací hace 32 años en El Tambo, distrito de Huancayo. Estudié Antropología en la Universidad Nacional del Centro del Perú y diversos diplomados. Soy cofundadora de Sonqo & Maqui, una empresa social que promueve el desarrollo sostenible.  Me enteré de que presentara a Obama solo dos días antes Renzo Giner Velázquez  Flashes, cámaras, de hecho me considero scout de corazón y la filosofía que se maneja es la de vocación de servicio.  Renzo Giner Velázquez  -Cuándo decidiste salir de Huancayo? En el 2010, cuando me invitaron a ser parte del staff de Emprende Ahora. Fue muy interesante pasar de un grupo de beneficiarios a hacer posible que más jóvenes como yo pudieran interconectarse a escala nacional. Luego estuve en Enseña Perú en el 2011 como joven líder. Mi momento, Cyntia Paytan sigue asimilando la inolvidable experiencia.  -De dónde nació ese deseo de ayudar a los más vulnerables? Yo tengo una madre superemprendedora y superenfocada en el trabajo en comunidad. Parte de su filosofía era el ayni, es decir, servir a los demás sin esperar algo a cambio porque el mundo es tan pequeño que en algún momento nos va a devolver todo eso. Además, de pequeña fui espectadora de discursos firmados Gracias, Cynthia es la frase que acompaña la rúbrica del mandatario estadounidense.  -Hubo un momento en el que me sentía agotada porque económicamente no estaba funcionando. Pero una de mis señoras, que está enfocada en el teatro, el arte y las manualidades, me llamó para decirme que tenía un cuento para mí. Este, en resumen, comparaba mis ilusiones con orugas y mariposas dejándome claro que no debo dejar de soñar. Como ellas me dijeron, lo pude sobrellevar gracias y junto a ellas.  -Y alguna vez soñaste con presentar a Obama? No como tal. Yo sueño con aportar a mi comunidad y con ello desarrollarme.  -Cómo terminaste en ese evento entonces? Todo empezó con una convocatoria abierta de YLAI (Iniciativas de Jóvenes Líderes de las Américas), uno de los programas del Departamento de Estado de EE.UU. Postulé junto a más de cuatro mil jóvenes de 36 países de Latinoamérica y el Caribe. Nos eligieron a 250, entre ellos 13 peruanos, emprendedores de diversos perfiles.  -Cuándo te enteraste de que tú lo presentaras? Solo dos días antes. Conversé con una representante de la Casa Blanca y me pidió que le contara mi historia de vida. Recién me di cuenta de la verdadera magnitud del evento un día antes, cuando nos pusimos a afinar el discurso y había que poner la parte final.  -Cómo fueron los minutos previos a salir a escena? Ya había podido practicar muchas veces. Pasé cerca de 50 minutos en el backstage y bailé cuando los músicos salieron al escenario [risas]. Fue para relajarme. Los de seguridad me preguntaban si estaba nerviosa o emocionada. No, la verdad es que estaba feliz. Sentía que Obama era mi líder por su sencillez, su humanidad, por intentar ponérsele en los zapatos de los demás. Lo conocí antes de salir al escenario y repasamos el texto. Al final él me pidió la hoja, sacó su plumín y yo pensaba que lo iba a corregir. Ahí sí estuve nerviosa. Pero al final me la devolvió y estaba firmada.","elcomercio","28/11/2016"
"La orden de retorno al pas quedara vaca de todo contenido si la fiscal no hace pronto un cambio en sus planes","s autoridades dejaron caducar las restricciones que impidan viajar al personaje principal de esta historia. Con ocasión al viaje, la defensa pidi, sugestivamente, que se delegara la vigilancia sobre la señora Heredia al consulado en Ginebra. Y la fiscal pidi su detención. En el medio exacto, el juez Concepción rechazó ambos pedidos y orden que la señora Heredia regrese en diez días. Si lo que tanto nos indignó fue que viajara, entonces lo razonable era ordenar su retorno. Y esto se ha hecho. Cualquier observador imparcial, ajeno a las particularidades emocionales de nuestra comunidad, hubiera encontrado absurdo que se ordene algo distinto.  Al final, estupendo ejercicio de equilibrio.   Pero aún falta resolver un detalle.   La orden de retorno al país quedará vacía de todo contenido si la fiscal Germán Juréz Atoche no hace pronto un cambio en sus planes. La fiscal debe demostrar ahora que la presencia de Heredia es necesaria en Lima al extremo que su vigilancia no puede ser delegada a Ginebra. Hasta ahora, la fiscal había relajado los controles sobre la señora Heredia en un aparente intento por obtener más tiempo para desarrollar la segunda parte de su investigación, que comenzó con la inclusión al procedimiento del expresidente Humala.   Explicámonos: aunque no haya una regla legal que lo determine, cada orden de prisión y cada impedimento de salida tienen un efecto innegable sobre el tiempo del que dispone un fiscal para terminar una investigación. Para decirlo en una frase: Los plazos son siempre más flexibles si nadie está en prisión. Un caso legal es también un ejercicio de manejo del tiempo. Y si necesitamos un ejemplo de lo que ocurre cuando se pierde esto de vista, observemos el caso de Gregorio Santos, liberado justo antes del juicio. Relajar las limitaciones impuestas a la señora Heredia para imponer nuevas al expresidente Humala equivalía a anunciar un cambio temporal en el foco de atención de la investigación. Además concedía a la fiscal una patente para tomarse algo más de tiempo antes de terminar las pesquisas.   Ahora, con la orden de retorno ya librada, la fiscal va a tener que recortar sus propios plazos, lanzar un nuevo rol de diligencias que vuelvan a poner la atención sobre la señora Heredia y anunciar públicamente cuándo espera estar lista para presentar acusación. Queda por resolver la cuestión de la FAO. La orden impartida el viernes 25 no implica que la señora Heredia deba renunciar a su nuevo puesto. Ser incómodo instalarse en una posición como esta y tener que viajar continuamente a Lima. Pero este es un riesgo que ella y la FAO han asumido. Falta todavía ver cómo reaccionar la FAO a una acusación cuya preparación debe ser anunciada pronto. Y falta ver cómo reacciona si la señora Heredia, tomando la posta de las reacciones impulsivas, comete el enorme error de comenzar en el cargo desacatando una orden emitida por un juzgado que apenas ha dispuesto que se presente ante las autoridades en Lima, donde reside y era investigada antes de ser contratada.   Volver la señora Heredia? No creo que nadie en su sano juicio en el exterior le ofrezca protección diplomática solo porque las autoridades que la investigan le ordenan presentarse ante ellas. Menos si se obtienen nuevas evidencias.   Pero esperemos al siguiente movimiento de esta partida.","elcomercio","28/11/2016"
"LA POLÍTICA ECONÓMICA QUE PODRÍA APLICAR EL PRÓXIMO GOBIERNO DE ESTADOS UNIDOS","Trump en helicóptero  Jürgen Schuldt  Profesor emérito de la Universidad del Pacífico  Cuando el magnate inmobiliario Donald Trump asuma la presidencia de Estados Unidos, priorizará una fenomenal expansión de la inversión pública en infraestructura por un billón de dólares para acelerar la recuperación económica en ese país –esa fue su promesa de campaña–. Aunque no sabrá cómo gastar un millón de millones, seguramente sus principales asesores, conocedores de sus peculiares gustos, le recomendarán subirse a un helicóptero para lanzar –con el apoyo de la Reserva Federal (FED) y el Departamento del Tesoro– algunos millones de billetes de 100 dólares desde los aires, los que sus compatriotas recogerán a toda prisa.  Esa idea, aparentemente absurda, fue originalmente utilizada en 1969 por Milton Friedman como una parábola, en un célebre ensayo en que usó el ‘helicopter money’ para ilustrar los principios básicos (monetaristas) relacionados con la “cantidad óptima de dinero” de una economía. Posteriormente, los economistas que utilizaron esa metáfora la reformularon como una proposición de política heterodoxa para enfrentar la deflación.   La alegoría de Friedman, reinterpretada como política monetaria-fiscal, solo comenzó a llamar la atención y contar con sustento académico cuando reapareció en una conferencia en el 2002, a cargo de un entonces director de la FED, quien fuera posteriormente su presidente y por la que se lo conoce como Ben ‘Helicopter’ Bernanke. Ese año, Japón seguía sin salir de la odiosa “trampa de la liquidez” (Keynes) y, para enfrentarla, entre otras políticas posibles, Bernanke propuso la del helicóptero-monetario, entendido como una política fiscal expansiva financiada monetariamente (es decir, opuesta a la subvencionada con deuda), “que es esencialmente equivalente al famoso lanzamiento de dinero del helicóptero”.   Se trataría, por tanto, de una reducción de impuestos o de un incremento del gasto público alimentado por un aumento permanente de la masa monetaria, haciendo galopar la “maquineta” del Banco Central, muy a gusto de un populista como Trump. Una variante, propuesta por muchos, aunque de difícil aplicación, consistiría en la entrega directa del dinero a los ciudadanos. Ah, los proponentes pensaron en el caso de Japón, en menor medida en Europa y, muy a la distancia, en Estados Unidos que podrían caer en una recesión-deflacionaria.  De aplicarse tal política, tendríamos que el aumento de la masa monetaria incrementaría las expectativas de inflación, con lo que –dadas las tasas de interés nominales cercanas a cero– las tasas de interés reales tenderían a reducirse, lo que estimularía la inversión privada. Asimismo, el gasto público impactaría positivamente en el ingreso, los empleos y el PBI; la reducción de la carga tributaria aumentaría el ingreso familiar y, con ello, el gasto del consumo privado. Y, dado que el programa es financiado con dinero y no con deuda, no aumentaría la carga tributaria a futuro.  Cómo explicar el favor que ha recibido últimamente este peliagudo esquema de financiamiento “desde el cielo”, cuando no hacía mucho se decía que era una locura? Básicamente, porque no han funcionado las políticas monetarias tradicionales, ni tampoco la última de las aplicadas, ya de corte heterodoxo, conocida como “facilitación monetaria” (o ‘quantitative easing’ en inglés), que consistió en tres paquetes desesperados de emisión estrambótica de dinero sin lograr buena parte de los resultados prometidos. Es así como se abrió la posibilidad de recurrir al dinero-helicóptero como recurso de último recurso.  Teóricamente, sería aplicable al Japón, pero no políticamente, por lo que el presidente de su Banco Central la ha rechazado públicamente hasta en tres oportunidades. En Estados Unidos, por el contrario, no sería aplicable en base a las pautas básicas del proyecto, pero políticamente sí sería imaginable con el aventurado presidente electo.  Lo que más llama la atención es que incluso los economistas más ortodoxos están comenzando a argumentar a favor del helicóptero friedmaniano transformado, tales como Mario Draghi, presidente del Banco Central Europeo, el republicano Bernanke y la actual presidenta de la FED, Janet Yellen. Así, Trump podría sentarse cómodamente en el helicóptero-monetario, aunque solo recibiría el apoyo de Yellen si se presenta un proceso depresivo-deflacionario en Estados Unidos. Pues sí, el mundo da vueltas y bastante más rápido que los rotores del helicóptero.","elcomercio","28/11/2016"
"EL LEGADO DEL EX PRESIDENTE CUBANO","Fidel Castro fue todo menos un valiente  Andrés Oppenheimer  Periodista  No es elegante criticar a alguien que acaba de morir, pero viendo los mensajes de jefes de Estado de todo el mundo exaltando la supuesta valentía del recién fallecido gobernante cubano Fidel Castro, hay que decir la verdad: Castro fue todo menos un valiente. Al contrario, fue un cobarde.  Primero, fue un cobarde porque no permitió una elección libre en 57 años, desde que asumió el poder en 1959. Solo alguien que tiene miedo de perder no se anima a medirse con otros en elecciones libres.   Segundo, Castro fue un cobarde porque nunca permitió un solo periódico independiente, o estación de radio o televisión no gubernamental. Sus críticos ni siquiera tenían acceso a los canales oficiales.   Castro daba la enorme mayoría de sus entrevistas a periodistas, modelos o figuras deportivas que le rendieran pleitesía. Y las pocas entrevistas que dio a los periodistas serios fueron monólogos, en los que él hablaba todo el tiempo. Recuerdo que a fines de la década de 1980, cuando le pedí al Premio Nobel colombiano Gabriel García Márquez que intercediera por mí para pedirle una entrevista a Castro, se rió y me dijo: “¿Para qué quieres una entrevista con Fidel? Nunca dice nada que no haya dicho en uno de sus discursos”. El temor de Castro de perder su imagen omnipresente de máximo líder era tal que había prohibido a los medios hablar sobre su vida privada. Tenía que ser retratado como un semidiós sacrificado por el bien público. Durante décadas, el nombre de su esposa y sus hijos fueron un secreto de estado.   En un viaje a Cuba a principios de la década de 1990, un periodista del diario “Juventud Rebelde” de la Juventud Comunista me dijo que había sido reprendido por su jefe por tratar de publicar una foto de Castro comiendo en una cena. El comandante nunca podía ser mostrado comiendo.   Incluso las circunstancias de la muerte de Castro pueden haber sido un montaje gubernamental: los medios oficiales cubanos dicen que murió el 25 de noviembre, que es el mismo día en que Castro y sus guerrilleros salieron del puerto mexicano de Veracruz en el yate Granma en 1955 para iniciar su insurrección armada en Cuba.   Habrán trucado la fecha de su muerte para mostrarla como un viaje heroico hacia el más allá?  Tercero, Castro fue un cobarde porque no permitió ningún partido político independiente. Según la Constitución cubana redactada por Castro, solo el Partido Comunista está permitido en la isla.   Castro usó el embargo comercial estadounidense como una excusa para prohibir partidos políticos independientes o libertad de reunión. Incluso después de que entregó la presidencia a su hermano Raúl, el régimen cubano intensificó la represión a la oposición pacífica.  Según la Comisión de Derechos Humanos y Reconciliación Nacional de Cuba, un grupo no oficial, los arrestos políticos documentados se han disparado de 6.424 en el 2013 a 9.125 en lo que va de este año.  Cuarto, Castro fue un cobarde porque nunca permitió a las instituciones financieras internacionales monitorear o verificar las alegres estadísticas económicas de su gobierno. Castro se jactaba de que Cuba redujo la pobreza y mejoró la salud y la educación, y gran parte de la prensa internacional se lo creyó sin cuestionamientos. Pero a diferencia de la mayoría de países, Castro nunca permitió que el Banco Mundial u otras instituciones internacionales creíbles realizaran estudios independientes en la isla.  Se jactaba de los avances educativos de Cuba, pero nunca permitió que Cuba participara en las pruebas del Programa de Evaluación Internacional de Estudiantes (PISA). De hecho, muchos estudios demuestran que otros países como Costa Rica hicieron más progreso social que Cuba, sin pagar el precio de ejecuciones masivas, encarcelamientos y exilios.  Quinto, Castro nunca permitió a organizaciones internacionales de derechos humanos llevar a cabo investigaciones in situ sobre los abusos contra los derechos humanos. Según el grupo de investigación Cuba Archive (cubaarchive.org), Castro fue responsable de 3.117 casos documentados de ejecuciones y 1.162 casos de ejecuciones extrajudiciales. En cualquier otro país, habría sido declarado un criminal de guerra.  Lo siento, pero no me impresiona para nada la narrativa convencional de que Castro fue un valiente revolucionario.  Los líderes valientes son aquellos que tienen el valor de competir con otros en elecciones libres.","elcomercio","28/11/2016"
"Fiscala amplía indagación contra fujimorista Ananculi","La legisladora afirm a este Diario que está confiada en que esta indagación se archive como en la Comisión de ética. Ya demostré con documentos de la Dirección Regional de Ica mis estudios. Detrás de esto están los que no aceptan su derrota en las elecciones [accesitario], manifest.  El Ministerio Público pide plazo de ocho meses y declara compleja la pesquisa. El Congreso archivó caso sin revisar todas las evidencias.  Martin hidalgo  Tres días antes de que la Comisión de ética decidiera archivar la denuncia contra la legisladora fujimorista Betty Ananculi, el Ministerio Público ya había emitido una disposición en la que formalizaba continuar la investigación preparatoria en su contra por los presuntos delitos de falsa declaración en procedimiento administrativo y falsedad genérica.  La disposición, a la que tuvo acceso El Comercio, fue dada el 11 de noviembre por la Primera Fiscalía Provincial Penal Corporativa de Ica. Este despacho declar compleja la pesquisa abierta a Ananculi, por lo que amplió el plazo indagatorio por ocho meses, es decir hasta el 2 de julio del 2017.  Tal como lo reveló este Diario, Ananculi es investigada por la fiscal desde junio tras la revelación de un oficio del Ministerio de Educación en el que se consignaba que la fujimorista solo cursó primer y segundo grado de primaria en el colegio Consuelo Años, y no primaria completa como informó en las hojas de vida que present ante el Jurado Nacional de Elecciones (JNE). Se le imputa a la investigada el hecho de que habría alterado la verdad intencionadamente al consignar que habría realizado sus estudios primarios en un mismo colegio, además de brindar datos inexactos sobre sus años de estudios y, por otro lado, declarar que tenía la calidad de egresada en el Instituto Superior Tecnológico Alas Peruanas, señala la fiscal.  La resolución indica que parte de la complejidad de la investigación radica en la presunta presentación de documentación falsa.  Entre la documentación presentada por Ananculi –la misma con la que la Comisión de ética archivó su caso–, figuran, por ejemplo, firmas distintas de una misma persona. Luego, el acta donde convalida sus estudios de segundo grado solo cuenta con las notas del segundo (11) y tercer (12) trimestre. Y pese a que el recuadro del primer trimestre aparece vacío, su promedio anual es 11.  La fiscal ha dispuesto comparecencia simple para la legisladora.","elcomercio","28/11/2016"
"El regreso de Nadine","Nadine Heredia se proclama inocente, pero sus hechos dicen lo contrario, y ha encontrado el motivo perfecto –y rentado– para evadir la justicia del país. El Estado Peruano fue el último en enterarse de los planes de la ex primera dama. Al menos esa es la versión oficial.  Es que si algo saben los diplomáticos de cualquier nacionalidad es estar bien informados. Por eso llama la atención que se hayan enterado de la contratación de Nadine en la FAO cuando los hechos estaban consumados. La diplomacia peruana merece el mayor de los respetos y Torre Tagle cuenta con los mejores profesionales en su especialidad, por eso resulta inexplicable este letargo, peor aún cuando ahora se sabe que Heredia de Humala tenía la puntera en la FAO desde que estaba en Palacio de Gobierno. Ya antes le echó el ojo a ONU Mujer, pero ahí no tuvo Felicianos que le dieran la mano. Y el Poder Judicial? De ellos no es de extrañar tanta desinformación, pero podría haberse esperado algo de suspicacia, no la tarda reacción de darle a la señora diez días de plazo para regresar a Lima y afrontar el proceso con fianza mensual incluida.  Si es inocente, regrese y afronte sus asuntos con hidalguía, y digale a sus defensores que paren la mano.  Y qué se puede decir de un organismo como la FAO que en el 2013 le otorgó un reconocimiento a Nicolás Maduro por haber logrado los objetivos del Reto del Hambre Cero? Sin comentarios.  Podríamos seguir lamentándonos y nuestra indignación no tendría ningún resultado. La señora ya está lista para ser la directora de la Oficina de Enlace de la FAO.  Sí, tiene derecho a trabajar, pero sobre todo tiene el deber de afrontar un proceso judicial. El haber pedido que se deje sin efecto este nombramiento transparente no significa ninguna injerencia, es simplemente aclarar que contratar a una ex primera dama que afronta un proceso judicial en el Perú es una burla. Sí, la FAO se ha burlado de la justicia y de nuestro país. ¿Cómo podríamos definir esta maniobra?  Los defensores de Nadine Heredia insisten en que no hay un caso sólido, que ni siquiera hay una acusación fiscal y que no tiene nada más en su contra que el odio popular. Supongamos que tengan razón, entonces, no es mejor responder cuántas veces sea necesario a la justicia?  Lamentablemente, los antecedentes de mentiras y contradicciones nos hacen dudar de Heredia de Humala, quién primero negó que las controversiales agendas con anotaciones de ingresos y egresos de dinero fueran suyas, y luego admitió la propiedad para apelar a la prueba ilícita.  Además, advirtió que fugar era de cobardes. Si lo que acaba de hacer no se llama fuga, entonces no dudamos de su pronto retorno.  Señora, si es inocente, regrese y afronte sus asuntos con hidalguía, y digale a sus defensores que paren la mano, pues lo único que hacen es insultar la inteligencia de los peruanos. Todos los ciudadanos tenemos derecho al debido proceso, pero parte de este es dar la cara y afrontar la justicia sabiéndose inocente.  Es innegable que este no es solo un asunto judicial, sino también político, por lo que resulta aún más relevante que lo afronte. No puede seguir burlándose del sistema ni de las instituciones democráticas como lo ha hecho en los últimos cinco años.","elcomercio","28/11/2016"
"Muerte civil no debe ser solo para funcionarios, dice fiscal de la Nación","Pablo Sánchez cree que alguien que paga una coima no debería entrar al Estado.  El fiscal de la Nación, Pablo Sánchez, sostuvo ayer que la llamada muerte civil que se aplica a funcionarios implicados en casos de corrupción también debe extenderse a los ciudadanos que toman parte en esas actividades delictivas para que no puedan ingresar a trabajar en el Estado.  Tras señalar que está de acuerdo con la norma aprobada por el Ejecutivo en octubre pasado, Sánchez consideró que no sólo debe estar dirigida a los funcionarios, sino también a cualquier persona. De tal manera que luego de la sentencia condenatoria por un delito de esta naturaleza, si dicho ciudadano pretende ir a la gestión pública, no pueda hacerlo, declar en comunicación con Andina.  Sánchez manifestó que una persona que cobra o paga una coima a un funcionario no debería tener posibilidad de postular a un cargo en una entidad pública luego de haber cumplido su sanción. ¿Qué calidad moral puede tener para estar en la gestión estatal?, se pregunt el titular del Ministerio Público.  Cuando un condenado cumple su pena, su delito deja de aparecer en el registro. En el Estado debe seguir apareciendo en el registro, dijo.  Sánchez pide ampliar efectos de muerte civil.","elcomercio","28/11/2016"
"Presunto caso de sicariato contra fiscal","Dos sujetos asesinaron al fiscal superior Fermín Caro Rodríguez de 55 años. El hecho se produjo alrededor de las 9 p.m., cuando el magistrado se dirigía a su domicilio ubicado en el barrio Zaragoza, en la ciudad de Moyobamba.  Según las primeras indagaciones policiales, los asesinos se trasladaban a bordo de una moto. Uno de ellos se bajó del vehículo y le disparó tres veces a Caro Rodríguez, quien se encontraba a 20 metros de su vivienda. El fiscal fue trasladado con vida al hospital Essalud de la ciudad, donde finalmente falleció.  Tras permanecer por varias horas en la morgue de Moyobamba, el cuerpo de la víctima fue entregado ayer a sus familiares. Al cierre de esta edición se desconocía con certeza el móvil del crimen, aunque la familia confirmó que el fiscal no había recibido ninguna amenaza en los últimos días.  El viernes, un día antes de ser asesinado, el fiscal Fermín Caro (a la derecha) fue visitado por el fiscal de la Nación, Pablo Sánchez. Ese día, él no denunció estar bajo amenaza.  --Casos espinosos--  Hasta hace algunos meses, Fermín Caro Rodríguez se desempeaba como presidente de la Junta de Fiscales de San Martín. En enero de este año, el fiscal asesinado –quién era ex esposo de la ex congresista aprista Tula Benites– fue denunciado por el ex fiscal Esteban Clavijo, a quien investigaba, por liderar una persecución en su contra.  Según un medio periodístico local, Clavijo –quién era fiscal en el distrito de La Banda de Shilcayo, provincia de San Martín, antes de ser sindicado de recibir una coima a inicios del 2015– responsabilizó a Caro Rodríguez de cualquier atentado que se perpetrara contra su vida. Caro Rodríguez neg todas las imputaciones.  Asimismo, diversos medios de San Martín han reportado que el fiscal asesinado estuvo involucrado en un intrincado proceso judicial con una ex pareja por la propiedad de una discoteca en Moyobamba. Trascendió que la policía investiga si el caso de Clavijo o el juicio por la discoteca están relacionados con el presunto caso de sicariato.  --Operación policial--  Un día antes de ser asesinado, Caro Rodríguez se reunió en Moyobamba con el fiscal de la Nación, Pablo Sánchez, quien había realizado una visita inopinada a la zona.  Enterado del homicidio, Sánchez informó que se había comunicado con el titular del ministerio del Interior (Mininter), Carlos Basombrio, quien se comprometió a dar las facilidades para la captura de los autores del crimen.  El fiscal de la Nación también señaló que Caro Rodríguez no le dijo que estaba siendo amenazado. Sin embargo, precisó que, por su trabajo, los fiscales se enfrentan a personas vinculadas al narcotráfico, terrorismo, bandas, sicariato.  Asimismo, el Ministerio Público anunció que la investigación sobre el homicidio del fiscal estaría a cargo del Tercer Despacho de Investigación de la Segunda Fiscalía Provincial Penal Corporativa de Moyobamba.  En tanto, la familia de Caro Rodríguez denunció que la víctima no contaba con resguardo policial. El Mininter indicó a El Comercio que el sector no registraba ninguna solicitud por parte del fiscal para recibir seguridad personal del Estado.  Asimismo, explicó que dicho beneficio –sin solicitud previa– alcanza hasta los fiscales supremos titulares, por lo que no le correspondía a Caro Rodríguez.  --Más datos--  Búsqueda de la PNP  La PNP ha iniciado una operación para dar con el paradero de los autores del crimen en Moyobamba y en varios tramos de la carretera Fernando Belaunde.  Con resguardo  Al menos diez fiscales contaban con resguardo policial en Lima a julio de este año, debido a los casos que llevan contra personas vinculadas al narcotráfico, bandas criminales, etc. En el Perú son casi el doble de fiscales los que tienen seguridad por parte del Estado.","elcomercio","28/11/2016"
"Gracias comercial del Perú ha propiciado la firma de múltiples tratados de libre comercio (TLC)","Estos acuerdos han eliminado la mayor parte de aranceles con los socios comerciales más importantes, pero a la vez han dejado en evidencia la importancia de las barreras paraarancelarias para ciertos tipos de exportaciones peruanas.  Como se sabe, las barreras paraarancelarias o no arancelarias son las medidas legales o normativas que dificultan el ingreso de un producto a determinado mercado. Estas barreras tienen diferentes formas, desde requerimientos de control de calidad como medidas sanitarias y fitosanitarias, hasta la imposición de cuotas de importación, reglas de competencia y subsidios.  Muchas veces ocurre que, a pesar de que un producto está gravado con arancel cero, el intercambio comercial no se efectúa debido a que las medidas paraarancelarias son altamente restrictivas. Además, aun cuando en los mismos TLC se consignan mecanismos para tratar estas barreras de manera puntual, la falta de recursos o interés político por alguna de las partes limita su efectividad. En el contexto de integración económica promovido en la reciente cumbre del APEC celebrada en el país, este tema cobra especial relevancia.  En el caso del Perú, es de especial interés el levantamiento efectivo de las barreras sanitarias y fitosanitarias, puesto que los productos agropecuarios ocupan el segundo lugar en importancia en la canasta exportadora. En el 2015, las exportaciones agropecuarias sumaron aproximadamente US$4.400 millones, lo que representa cerca de la tercera parte de las exportaciones del país, excluyendo a los productos mineros.  —No solo aranceles—  El Perú mantiene acuerdos comerciales con China (vigente desde el 2010) y Japón (vigente desde el 2012) en los que, por ejemplo, la palta Hass recibió un trato arancelario preferencial. Sin embargo, en los años siguientes las exportaciones de dicho producto se mantuvieron inalteradas. Esto se debió a que las entidades sanitarias de ambos países –la Administración General de Supervisión de Calidad, Inspección y Cuarentena (AQSIQ) de China y el Ministerio de Agricultura, Silvicultura y Pesca (MAFF) de Japón– restringían los envíos peruanos ante la posibilidad de que estos pudieran contener plagas.   Recién en el 2015, luego de varios años de ardua negociación entre el Senasa y la AQSIQ y el MAFF, se firmaron los protocolos fitosanitarios que establecieron los criterios que deban seguir los productores locales para lograr exportar sus productos con éxito. As, el monto de las exportaciones de palta Hass hacia ambos destinos a setiembre del 2016 ascendía a US$6,9 millones, más de 14 veces el valor total exportado entre el 2000 y el 2015. Claramente, el levantamiento de las medidas paraarancelarias impulsó las exportaciones que el tratamiento arancelario preferencial del TLC no pudo lograr por sí solo.  Actualmente, el Perú cuenta con 20 acuerdos comerciales vigentes, cuatro están por entrar en vigencia y otros cuatro se encuentran en fase de negociación. Muchos de estos acuerdos comerciales ya permiten el ingreso arancelario preferente de los principales productos agropecuarios de exportación. Sin embargo, a la fecha, solo se tienen protocolos fitosanitarios firmados para ocho productos con seis países. En el caso del cacao y la uva para Japón, por ejemplo, aún no se firma el protocolo de ingreso a pesar de que ambos productos tienen un enorme potencial en ese mercado.  En general, muchos de los procedimientos y estudios necesarios para demostrar que la calidad de los productos nacionales cumple las regulaciones particulares de cada mercado tardan años. En el caso del protocolo Per-China de la palta Hass, el proceso duró siete años, según el ex ministro de Agricultura Juan Manuel Benites. La erradicación o control de ciertas plagas, como la mosca de la fruta –que ataca frutas y hortalizas–, merece especial atención.  El potencial agropecuario de exportación es enorme. En los últimos 15 años, el valor de las exportaciones de estos productos creció a un ritmo promedio anual de 17,4%.  Actualmente, el Perú es el líder mundial en la exportación de espárragos y quinua, segundo en palta Hass, quinto en uvas y sexto en mangos. La única manera de sacar provecho pleno a los acuerdos comerciales suscritos es haciendo un esfuerzo político y técnico desde Senasa, Mincetur y Prom-Per para levantar todas las barreras –arancelarias o no– que siguen impidiendo el ingreso de los productos nacionales.","elcomercio","28/11/2016"
"El grupo San Pablo abrirá su octava clínica en Arequipa","El centro comenzará operaciones en junio del 2018 y atenderá a la macrorregión sur.  María Rosa Villalobos  En el portafolio del grupo San Pablo se encuentran varios proyectos. Entre ellos, clínicas en Arequipa, Los Olivos, La Victoria, el Callao y Tacna. El primero que vamos a empezar es el de Arequipa. Se trata de una clínica de 14 pisos que será el centro de referencia para toda la macrorregión sur, detalla Manuel Marroquín, gerente comercial de la clínica San Pablo. En enero, continúa, comenzarán su construcción y en junio del 2018 iniciarán operaciones. La inversión está por encima de los US$30 millones, detalla el ejecutivo.  Con respecto a sus siguientes pasos, Marroquín refiere que aún se encuentran revisando los demás proyectos, pero estima que el inicio del siguiente proyecto sería a finales del 2017 o a inicios del 2018. Lo más probable es que sea el de Los Olivos o La Victoria. En provincia, sería Tacna, pero vendrá después del proyecto que desarrollemos en Lima, dice.  Por otro lado, el ejecutivo indica que el grupo crece 50% por encima de lo que crece el sector –entre 6% y 8% este año–. As, este 2016 alcanzarán 13% de crecimiento y en el 2017 bordearán el 14% o 15%. Estas metas descansan, según Marroquín, en la mejora de la demanda, que se consolidó en el segundo semestre del 2016.  —Próximas mejoras—  El grupo logró una acreditación para la clínica San Pablo con la Joint Commission International (JCI), la entidad más exigente a escala mundial en términos de seguridad y atención al paciente, tras implementar mejoras por casi dos años. Hoy, la compañía busca que sus clínicas San Gabriel y Jesús del Norte también cuenten con ella. Para la San Pablo invirtimos S/5 millones. Ahora, como ya conocemos algunos procedimientos, invertiremos S/4 millones por cada clínica. Ya comenzamos la preoperación, detalla Marroquín. Además, asegura que la implementación de la certificación tomaría solo 18 meses.  —Problemas—  Cada reclamo es una oportunidad de mejora. Estamos abocados a que nuestro servicio sea el mejor, al igual que nuestra infraestructura, dijo Marroquín sobre la sanción de Indecopi a las clínicas San Pablo, San Gabriel y Jesús del Norte por malos servicios y cobros indebidos, y la multa impuesta a la clínica San Pablo por negar un seguro a un niño autista en el 2014.","elcomercio","28/11/2016"
"Entrevista Gonzalo Gálvez","El sueldo de los maestros es clave, pero no lo único por mejorar  El empresario dice que la labor del ministro de Educación, Jaime Saavedra, es perjudicada por temas políticos.  Abraham Taipé  El ex rector de la UPC y presidente ejecutivo de la cadena Futura Schools dice que la calidad de los docentes no es la adecuada y cree que debería permitirse que otros profesionales puedan ejercer la enseñanza.  —En el marco de CADE 2016, ¿qué problemas cree que afronta la educación peruana?  El primero es un reto de cobertura, hay una cobertura heterogénea en el país. Es decir, no todas las familias peruanas y sus hijos tienen acceso a una educación de mínima calidad. El segundo, hay un gran problema de informalidad en la educación privada que debe corregirse, eso incluye que debe cerrarse a los malos. Tercero, la curva de desarrollo debe acelerarse, si bien hay mejoras incrementales éstas deben ser radicales. Eso significa saltos dramáticos en temas como metodología, profesores más capacitados y mayor participación del sector privado.  —¿Cómo evalúa la labor del ministro Jaime Saavedra en esta parte de su segunda etapa?  Creo que es muy poco lo que se ha avanzado en la etapa de este nuevo gobierno con el ministro Saavedra porque ha estado en una labor más política que técnica. En la primera etapa sí hubo buenos avances, pero ahora hay una beligerancia política cuando deberíamos estar conversando sobre temas de fondo. Y me refiero a cambios en ocho o nueve puntos de la Ley Universitaria, a tener una ley de institutos con reglamento, a la ampliación de las asociaciones público-privadas y una reforma más radical en el tema de los docentes.  —Se está trabajando en la carrera magisterial, ¿qué cree que debe añadirse?  Debería haber una segunda fase. Está bien que prima la meritocracia y sea clave el aumento del sueldo de los maestros, pero hay otros temas preocupantes: la alfabetización digital de los maestros o una recomposición del perfil docente a nivel nacional y la posibilidad que otros profesionales puedan impartir clases. Hoy hay un monopolio de las licenciaturas de pedagogía de parte del Sutep.  —En los colegios de alto rendimiento (COAR), que lanzó el Minedu, sí se permite esto.  Sí. Todos sabemos que es así y también es un mal entendido de que si se permite en todos los colegios esto generará una competencia desleal para los educadores y por tanto se va a reducir la cantidad de empleos. Lo que ha sucedido es que el salario de los profesores ha ido decayendo y la percepción profesional que se tiene de los profesores en la sociedad peruana no guarda el sitial que merece. Esa debería ser una de las medidas radicales y no hay que tenerle miedo a eso.  —En su experiencia en Futura Schools, ¿cuán complicado es encontrar profesores al momento que abren un colegio?  Es complicado porque hay muchos profesores, pero la cantidad de buenos profesores es bastante limitada. Sin embargo, no es por mala voluntad de los profesores, sino porque no se ha trabajado en la actualización de sus competencias como sí se ha hecho en otras profesiones. Por ejemplo, están enfrentados a lidiar con el uso de tecnologías e información para los alumnos, pero ellos no han sido capacitados para eso. Y muchos no dominan el inglés o están preparados en competencias blandas.","elcomercio","28/11/2016"
"Pro Inversión: aceleramos las IPC?","Jos Luis Bonifaz Director de la Escuela Pública de la Universidad del Pacífico  La iniciativa privada es un mecanismo mediante el cual el sector privado identifica un problema, gasta sus recursos para preparar un proyecto que dé solución al problema identificado, y cumplir con las especificaciones que se soliciten para la presentación del mismo, para luego esperar la aprobación del sector público a los proyectos presentados. Es, entonces, una petición de gracia.  Desde el 2013 al 2015 se han presentado en Pro Inversión 238 proyectos mediante el mecanismo de iniciativa privada cofinanciada (IPC). La mayoría de ellos fue rechazada, ya sea porque no eran de interés de los sectores respectivos o por la falta de financiamiento por parte del Estado.  Al tratarse de proyectos que requieren el cofinanciamiento del Estado, la norma estableció que la formulación de los proyectos deba hacerse en el marco del Sistema Nacional de Inversión Pública (SNIP), para lo cual se tuvo que crear una nueva unidad formuladora de los estudios de preinversión en Pro Inversión. Craso error que hoy pagamos.","elcomercio","28/11/2016"
"PRO INVERSIÓN: ACCELERAMOS LAS IPC?","La iniciativa privada es un mecanismo mediante el cual el sector privado identiﬁ ca un problema, gasta sus recursos para preparar un proyecto que d solucin al problema identiﬁ cado, y cumple con las especificaciones que se soliciten para la presentación del mismo, para luego esperar la aprobación del sector público a los proyectos presentados. Es, entonces, una petición de gracia.  Desde el 2013 al 2015 se han presentado en Pro Inversión 238 proyectos mediante el mecanismo de iniciativa privada cofinanciada (IPC). La mayoría de ellos fue rechazada, ya sea porque no eran de interés de los sectores respectivos o por la falta de financiamiento por parte del Estado.  Al tratarse de proyectos que requieren el cofinanciamiento del Estado, la norma estableció que la formulación de los proyectos deba hacerse en el marco del Sistema Nacional de Inversión Pública (SNIP), para lo cual se tuvo que crear una nueva unidad formuladora de los estudios de preinversión en Pro Inversión. Craso error que hoy pagamos.  Pro Inversión sabe estructurar el proyecto como una asociación pública privada (APP) y promocionar el proyecto en el mercado para conseguir empresas interesadas pero nunca tuvo la capacidad técnica ni presupuestaria para formular adecuadamente y a tiempo los proyectos declarados de interés. A julio de este año quedaron admitidos 33 proyectos, es decir solo el 14%. All están las consecuencias: de los 33 proyectos, ninguno ha logrado superar la fase de formulación del proyecto según la normativa del SNIP y existen dos proyectos presentados en el 2013, que llevan más de tres años en formulación sin ver la luz.  El mecanismo es atractivo para atraer inversión privada, ya que el proponente de la IPC tiene la ventaja de reembolsar los gastos incurridos en caso no resulte ser el adjudicatario del proyecto. Tiene derecho a la adjudicación directa en caso de no existir terceros interesados en el proyecto y a igualar la mejor oferta en el caso alguno interesado realice una mejor oferta. Por último, tiene derecho a mantener la confidencialidad de la información hasta la declaratoria de interés. Sin embargo, esta modalidad hay que regularla adecuadamente y hacer que las propuestas presentadas por los privados conversen con los deseos del Estado y en coordinación con los planes de infraestructuras sectoriales y nacionales.  Esperamos que la reforma de Pro Inversión ataque especialmente este problema, pues es un régimen atractivo. Devolver la formulación de los proyectos a los sectores sin un programa serio de capacitación técnica no resolverá el tema. Quizá valga la pena que Pro Inversión seleccione los proyectos, los “empaque” por sector y encargue la formulación a un banco de inversión o consultor internacional de prestigio que pueda realizar estudios de calidad a gran escala. Luego el propio Pro Inversión se dedicará a lo que sabe: estructurar y promover la APP. Esto le daría velocidad y calidad a los procesos de inversión.","elcomercio","28/11/2016"
"POSITIVO (cid:31)","BID: tipo de cambio no afectara al Perú El Perú está mejor preparado para resistir shocks de tipo de cambio, ante la volatilidad del dólar que se pueda presentar en los próximos meses, señaló la representante del BID, en el país, Viviana Caro.  Radar económico Las condiciones actuales apuntan a una estabilización del yuan. Yi Gang Vicegobernador del Banco Popular de China","elcomercio","28/11/2016"
"COMERCIO EXTERIOR (cid:31)","BlackRock destaca TLC del Perú La diversidad de TLC con los que cuenta el Perú (20 en total) ponen al país en una situación positiva, en caso de que EE.UU. decida implementar una política comercial conservadora, señaló BlackRock.  29% fue el nivel de dolarización del crédito al sector privado durante el mes de octubre. Esto responde a las medidas que tomó el BCR para fomentar el otorgamiento de préstamos en moneda nacional, informó la entidad.","elcomercio","28/11/2016"
"INVESTIGACIÓN","Dejar Facebook aumentará el bienestar Una investigación desarrollada por The Happiness Research Institute concluye que dejar por solo una semana Facebook provoca que las personas se sientan más felices y menos preocupadas. Además, reduce la dificultad para concentrarse. Se analizaron a 1.095 voluntarios.","elcomercio","28/11/2016"
"TECNOLOGÍA","El Minem lanza app para agilizar su atención al público El Ministerio de Energía y Minas (Minem) ha creado una app para que el usuario consulte desde su móvil el estado de su trámite y expedientes presentados en la Oficina de Administración Documentaria. Llamada SitraDocMovil, está disponible –por ahora– solo para equipos Android.","elcomercio","28/11/2016"
"SALUD","Probarn en Sudáfrica vacuna contra el VIH Una nueva vacuna contra el VIH será probada desde el miércoles en Sudáfrica. El estudio, llamado HVTN 702, busca reclutar a 5.400 hombres y mujeres sexualmente activos de entre 18 y 35 años en 15 sitios del país africano, donde 1.000 personas se infectan de VIH al día.","elcomercio","28/11/2016"
"LA FUENTE DE LA JUVENTUD ETÉRNAA EST EN LA SANGRE JOVEN?","Desde la antigüedad el ser humano ha buscado el elixir de la vida para poder ser joven eternamente. En la actualidad, se cree que la clave está en las ciencias biológicas.  La búsqueda de la eterna juventud es una obsesión en la historia del ser humano. A razón de que una reciente investigación ha encontrado que el transfundir sangre de ratones viejos a jóvenes ocasiona signos de envejecimiento, y a que –al revés– ya se sabía que el transfundir sangre de ratones jóvenes a viejos hace que estos rejuvenezcan, hoy repasaremos esa eterna obsesión del ser humano de frenar el envejecimiento.  —La historia— China. Qin Shi Huang, fundador de la dinastía Qin y primer emperador chino, estuvo obsesionado con ser inmortal y envió a 3.000 jóvenes, encabezados por el alquimista Xu Fu, a la isla Zhifu, donde se pensaba que estaba la montaña de la inmortalidad Penglai. La delegación, encargada de traerle el elixir de la vida eterna, nunca retornó y la leyenda dice que al descubrir Japón, el grupo se quedó all. Tristemente (al igual que muchos otros emperadores que buscaban lo mismo), Qin Shi Huang muri envenenado por mercurio, luego de tomar un brebaje preparado por sus médicos, los cuales le aseguraron que ese era el elixir de la juventud. Dicen también la leyenda que, en búsqueda de la po-ción de la vida eterna, los chinos inventaron la pólvora.  India. En el hinduismo, el néctar de la inmortalidad era la amrita, creada por los dioses del bien (devas) y del mal (asuris) al batir el Océano de Leche. Los alquimistas indios, influidos por los chinos, creían que la amrita podía obtenerse también al transmutar metales ordinarios en oro, pero el desarrollo de esa práctica no llegó lejos, pues el hinduismo cree en otras rutas a la inmortalidad.  Arabia. Fueron verdaderos maestros en el arte de la alquimia y, en su afán de buscar el exeer al-hayat (elixir de la vida), descubrieron muchos reactivos químicos e inventaron el alambique, con el cual obtuvieron el aqua regia, una bebida destilada considerada un potente tónico y rejuvenecedor. Lo cierto es que el aqua regia no era más que una bebida alcohólica, y la técnica de la destilación dio origen a la industria del alcohol.  Europa. Los alquimistas europeos, además de buscar la piedra filosofal –que supuestamente podía convertir los metales en oro–, buscaron también el elixir de la vida. Paracelso fue el más famoso de los alquimistas y su obsesión fue encontrar el alkahest, sustancia que al curar todas las enfermedades podía dar la vida eterna. Recordemos que la alquimia es la precursora de la moderna ciencia de la química.  Ilustración: RAL RODRÍGUEZ Billonario capitalista y uno de los principales asesores de Donald Trump. Él está convencido de que la transfusión de sangre de personas jóvenes le va a devolver los años que el tiempo le ha quitado. A diferencia de los antiguos emperadores chinos, que en su obsesiva búsqueda de la inmortalidad se dejaban envenenar por sus médicos, Thiel y muchos como él basan su búsqueda en modernos experimentos que demuestran –por ejemplo– que la transfusión de sangre de un animal joven a un animal viejo es capaz de devolverle a este último algunos rasgos juveniles perdidos. A semejanza de los antiguos emperadores, Thiel y otros multimillonarios usan sus fortunas para financiar múltiples compañías que conducen esos experimentos.  —Parabiosis—  La parabiosis es una técnica de más de 150 años de antigüedad que consiste en unir o coser dos animales para que compartan la circulación de su sangre. Algunos experimentos han demostrado que si uno de los animales es joven, el ejemplar viejo muestra signos (generalmente medidos como la velocidad de recuperación de un trauma muscular) de rejuvenecimiento. En ratones se ha documentado mejor función cardiaca, cerebral y hasta mayor brillo del pelaje.  Debido a que es imposible realizar experimentos de parabiosis en seres humanos, pero sospechando que es a través de algunos factores sanguneos que se producen los efectos rejuvenecedores, los modernos buscadores del elixir de la vida eterna ﬁ nan estudios basados en la transfusión de sangre de jóvenes a mayores. Uno de esos experimentos, en pleno curso, está conducido por la compañía Ambrosia y transfunde sangre de personas menores de 25 años a individuos entre 35 y 80 años, cobrando 8.000 dólares a cada participante.  Se rumorea en Silicon Valley que muchos multimillonarios están ya practicando las transfusiones de sangre de gente joven sin esperar los resultados de los estudios. Obviamente, no se conoce el efecto que tienen dichas prácticas.  La Administración de Alimentos y Medicinas de EE.UU. (FDA, por sus siglas en inglés) no aprueba el uso de sangre con fines rejuvenecedores. Debido a esto, Thiel y otros inversionistas compran la sangre que necesitan para sus experimentos con parabiosis y están convencidos de que esta se convertirá en una práctica común en el futuro. El problema es que –de acuerdo con muchos observadores–, desde que esta de asesor de Trump, Thiel luce más viejo.  La FDA no aprueba el uso de sangre con fines rejuvenecedores.  —Los modernos alquimistas— Los modernos buscadores de la fuente de la eterna juventud ya no andan detrás de la piedra filosofal ni el agua regia, pero buscan el elixir de la vida en las modernas ciencias biológicas. Es sabido, por ejemplo, que una de las obsesiones de los millonarios de Silicon Valley (EE.UU.) es usar sus fortunas para explorar algunos métodos para extender sus vidas.  En ese sentido, uno de los más firmes proponentes de la búsqueda de la eterna juventud es Peter Thiel, billonario capitalista y uno de los principales asesores de Donald Trump. Él está convencido de que la transfusión de sangre de personas jóvenes le va a devolver los años que el tiempo le ha quitado. A diferencia de los antiguos emperadores chinos, que en su obsesiva búsqueda de la inmortalidad se dejaban envenenar por sus médicos, Thiel y muchos como él basan su búsqueda en modernos experimentos que demuestran –por ejemplo– que la transfusión de sangre de un animal joven a un animal viejo es capaz de devolverle a este último algunos rasgos juveniles perdidos. A semejanza de los antiguos emperadores, Thiel y otros multimillonarios usan sus fortunas para financiar múltiples compañías que conducen esos experimentos.","elcomercio","28/11/2016"
"Castro y el control sobre instituciones internacionales","la salud y la educacin, y gran parte de la prensa internacional se lo crey sin cuestionamientos. Pero a diferencia de la mayoría de países, Castro nunca permitió que el Banco Mundial u otras instituciones internacionales creíbles realizaran estudios independientes en la isla.  Se jactaba de los avances educativos de Cuba, pero nunca permitió que Cuba participara en las pruebas del Programa de Evaluación Internacional de Estudiantes (PISA). De hecho, muchos estudios demuestran que otros países como Costa Rica hicieron más progreso social que Cuba, sin pagar el precio de ejecuciones masivas, encarcelamientos y exilios.  Quinto, Castro nunca permitió a organizaciones internacionales de derechos humanos llevar a cabo investigaciones in situ sobre los abusos contra los derechos humanos. Según el grupo de investigación Cuba Archive (cubaarchive.org), Castro fue responsable de 3.117 casos documentados de ejecuciones y 1.162 casos de ejecuciones extrajudiciales. En cualquier otro país, habría sido declarado un criminal de guerra.  Lo siento, pero no me impresiona para nada la narrativa convencional de que Castro fue un valiente revolucionario.  Los líderes valientes son aquellos que tienen el valor de competir con otros en elecciones libres.","elcomercio","28/11/2016"
"Mirada de fondo: Entender antes de criticar","Si nos basamos en algunos reportajes y opiniones, este debió ser el saldo de la semana pasada: el sistema Perú Compras eliminado, el ministro Saavedra censurado, los certificados de Defensa Civil tendrían que renovarse cada dos años nuevamente, y los frivolos desatrabadores irán a la cárcel por el incendio en UVK de Larcomar.  ¿Qué pasaría si ese funcionario en la comodidad de su escritorio eligiera a dedo o malamente a cierta empresa… literalmente con un solo clic? El llamado Convenio Marco es una nueva forma de comprar que tiene el Estado para así evitar licitaciones públicas. No. Aunque queramos crear tensión, le pongamos música de fondo de película thriller, énfasis en la última frase y esperemos cinco segundos antes de decir la última palabra («CON UN SOLO... CLIC»), así no funciona.  Ni el Convenio Marco es tan nuevo ni tampoco es una forma para «así evitar» las licitaciones públicas. En sencillo: En el 2008 se creó una central de compras para el Estado, primero a cargo del OSCE y luego de Perú Compras. Este organismo hace un concurso público para elegir a los proveedores de ciertos materiales o equipos de uso común (papelera, útiles de oficina, computadoras, etc.) y celebra Convenios Marco con los proveedores ganadores. Estos ingresan a un catálogo electrónico. Todas las entidades estatales (no solo el Ministerio de Educación) que requieran esos materiales están obligadas, por regla general, a comprar a través del catálogo electrónico (sí, con un bendito clic, como si lo hicieran por Amazon, eBay o Cinepapaya) y eligiendo al mejor proveedor con base en algún factor objetivo (precio, experiencia, cantidad, etc.).  Se puede discutir si Perú Compras hace bien sus filtros, o si hubo algún acuerdo bajo la mesa para tratar de favorecer a alguien, pero si queremos asustar a la gente con esta forma de contratación, el siguiente paso debería ser eliminar las tiendas virtuales. Bienvenidos de vuelta al siglo XX, hagan su cola y pasen a la caja registradora.  Indecopi y PCM dieron carta abierta para prescindir de certificado de seguridad, hubo un marco legal que ‘permitió’ que esta tragedia ocurriera.  Nuevamente no. Aunque fuera flojear leer una resolución de 20 páginas, y quisieramos más bien crucificar a las «élites desatrabadoras», tampoco funciona así. El certificado de seguridad nunca dejó de existir ni obtenerlo dejó de ser mandatorio. Lo único que cambió fue que en el 2014, el Indecopi y la PCM reconocieron que no se tenía que renovar dicho documento cada dos años, pues de acuerdo a ley (desde el 2001, ojo), solo una norma de igual jerarquía puede limitar la vigencia temporal de autorizaciones y permisos, lo que no sucedió aquí.  Por otro lado, renovar un papelito cada dos años no garantiza nada, mucho menos cuando las municipalidades no tienen ganas o incentivos para fiscalizar, sin previo aviso, si los establecimientos mantienen sus condiciones de seguridad. Una potestad que siempre ha existido, por cierto.  Está bien, mandemos a PPK a googlear a Carlos Moreno antes de incluirlo como consejero, y a Cecilia Chacón a averiguar qué es déficit estructural si va a ser la presidenta de la Comisión de Presupuesto, pero hagamos también nuestra chamba e investiguemos un poco.  Nos quejamos de las leyes hechas al caballazo, pero somos los primeros en pedir la derogación inmediata de aquello que no entendemos, pero nos suena mal. Si no entiendes, no te quedes callado, ni dejes de acusar. Pero primero pregunta.","elcomercio","28/11/2016"
"Rincón del Autor: CADE para el rombo","Cuando se dijo que el Perú ya no era una pirámide sino un rombo social (Arellano, «Al medio hay sitio» Ed. Planeta, 2010), hubo mucha sorpresa, pero hoy la evidencia lo confirma diariamente. En el próximo CADE, con la tónica más dinámica impuesta por Alfredo Torres, el centro de los intercambios serán los planes y programas del nuevo gobierno, el primero que empieza cuando la mayoría peruana no es pobre sino una población con bienestar creciente. Sería entonces muy adecuado que los «cadeistas» no olviden considerar en sus intercambios esta nueva composición del país.  En efecto, los gobiernos de Alejandro Toledo, Alan García y, sobre todo, Ollanta Humala pusieron gran énfasis en la «base de la pirámide». Así, muchos de sus programas, como Pensión 65, estaban dirigidos a aliviar las penurias de la inmensa cantidad de pobres y necesitados existentes.  Hoy, con la transformación social, las clases del medio del rombo necesitan básicamente acciones para asegurar el bienestar y potenciar el crecimiento que ya están teniendo. Así, más que ayuda directa agradecerían que el gobierno les provea cuatro aspectos: a) seguridad, b) menores trabas, c) facilidades y d) oportunidades para seguir creciendo. Agradecerían primero que el gobierno les dé seguridad para conservar lo poco o mucho que ya tienen, y quieren tener la tranquilidad de que la delincuencia o la violencia no les harán perder el nivel de bienestar que han alcanzado con tanto esfuerzo. Verían también con agrado el que las autoridades disminuyan los trámites para la formalización de sus empresas, y que su lucha contra la informalidad no implique mayores trabas para el funcionamiento de los millones de pequeños emprendimientos privados como los suyos. Agradecerían, en tercer lugar, que se les den facilidades para crecer, por ejemplo que se construyan las carreteras necesarias para transportar sus productos y que se incentiven Internet y la telefonía accesible, que les permitan ampliar sus mercados al mundo. Y estarían muy reconocidas si en lugar de ayuda directa, que saben que es limitada, el gobierno les permitiera tener oportunidades nuevas, como el garantizarles para obtener los créditos que necesitan o capacitarles sobre nuevas técnicas productivas.  En fin, esa gran clase del medio quiere que el gobierno entienda que las últimas elecciones fueron un gran voto de confianza al sistema que, en base a su esfuerzo, le permite sacar adelante sus negocios y sus familias. Y que más que le regale cosas y se comporte como un benefactor, espera que actúe como facilitador y socio de su crecimiento. Todo ello por cierto sin dejar de apoyar a los más necesitados, para que un día también formen parte de esta mayoría.","elcomercio","28/11/2016"
"Toros: Corrida memorable en la Plaza de Acho","Se perdieron al menos seis orejas por los aceros. Para el recuerdo: Gran corrida de Juan Pedro Domecq. Ponce, inspirado y artista. Talavante, maduro y sorpresivo. Adame, valiente y entregado.  rabo en Ecuador el viernes, lo que lo ha dejado íntimamente satisfecho; esa moral se le notó ayer. Su temporada este año ha sido grandiosa y lo del viernes fue el colofón. Desde que se abrió de capote en el primero, se evidenciaron las ganas de triunfo que tenía. Lo lidió con mimo, cuidando la fuerza justa del toro. Inició el trasteo de muleta en el tercio, inteligentemente, sin forzarlo a salir a los medios hasta estar seguro de que el astado se había asentado. Solo entonces lo toreó magistralmente por naturales, intercalados con derechazos relajados y soberbios cambios de mano que encandilaron al público. La larga faena –recurrente en Ponce– dificultó la estocada y el triunfo grande quedó en una sola oreja.  Si aquella fue buena, la del cuarto, fue superior. El toro no era fácil; llevaba la cara alta. Pero Ponce lo fue sometiendo, templándolo y bajándole la mano. La raza del toro lo permitió y su fondo de bravura posibilitó un trasteo con soberbios, extensos y hondos naturales. Cambios de mano, redondos infinitos y pases por bajo, matizados con detalles que entusiasmaron al público, que, puesto en pie, lo aclam –«Torero, torero!»–. Faena de rabo? Tal vez, pero de nuevo el fallo con el estoque trocó los trofeos por una vuelta al ruedo apoteósica.  Alejandro Talavante, en el mejor año de su carrera, equilibra hondura con improvisación. Al segundo tuvo un gran lado izquierdo y él tiene una notable zurda. Inició la faena por ese lado, pero inexplicablemente basó luego su labor en derechazos, bajando el nivel del trasteo. Al final, tras unas manoletinas, un natural inmenso confirmó la clase del toro por el izquierdo. Era toro de triunfo grande, pero, entre no aprovecharlo al máximo por su mejor lado y un pinchazo, seguido de una estocada baja, aquel triunfo se esfum.  Al quinto, el mejor de la corrida, Talavante lo empez toreando de rodillas. Continuó por derechazos y naturales –toreo fundamental de categoría por ambos lados– para rematar de rodillas, entusiasmando al público. De nuevo, un pinchazo antes de una estocada, redujo un triunfo de dos orejas a una.  Joselito Adame, primera figura del toreo en México, enfrentó un incierto tercer toro de la tarde. Exponiendo mucho, mostró valentía y entrega.","elcomercio","28/11/2016"
"Bajo, los fiscales se enfrentan a personas vinculadas al narcotráfico, terrorismo, bandas, sicariato","Asimismo, el Ministerio Pblico anunció que la investigación sobre el homicidio del fiscal estará a cargo del Tercer Despacho de Investigación de la Segunda Fiscalía Provincial Penal Corporativa de Moyobamba.  En tanto, la familia de Caro Rodríguez denunció que la víctima no contaba con resguardo policial. El Mininter indicó a El Comercio que el sector no registra ninguna solicitud por parte del fiscal para recibir seguridad personal del Estado.  Asimismo, explicó que dicho beneficio –sin solicitud previa– alcanza hasta los fiscales supremos titulares, por lo que no le correspondiera a Caro Rodríguez.","elcomercio","28/11/2016"
"Gobierno y Per Rail pactan con los vecinos de Machu Picchu","Tras una jornada de más de cuatro horas de debate, el Gobierno y la empresa ferroviaria Per Rail firmaron ayer varios acuerdos con el Frente de Defensa de Machu Picchu, que desde hace 12 días realiza una huelga. Con la firma, los vecinos dieron por terminada una protesta que afectó el flujo de turistas hacia el santuario histórico. Per Rail se comprometió a asignar dos vagones en cada tren para el traslado exclusivo de los residentes del distrito de Machu Picchu. Los detalles sobre la implementación de esta medida se darán a conocer hoy.  La empresa ferroviaria añadió que instalará una boletera exclusiva para los residentes en la estación del tren. Asimismo, anunció que comprarán ocho nuevas locomotoras, dos de las cuales llegarán el próximo mes.  Con estos acuerdos, el frente de defensa espera que mejore el servicio hacia los usuarios locales. Ningún representante de la empresa Inca Rail –que también opera trenes hacia Machu Picchu– acudió a la asamblea.  Revisión: El otro reclamo del Frente de Defensa de Machu Picchu era por la construcción de un centro de interpretación en la ciudadela para los turistas. El proyecto era cuestionado porque, según el frente, iba a afectar las visitas al pueblo. Al respecto, el Ministerio de Cultura señaló que el proyecto será revisado en su totalidad y que se priorizarán las mejoras en el museo Manuel Chvez, cercano a Machu Picchu. En la firma del acta con el Gobierno, se establece que habrá un comité de seguimiento de los acuerdos.","elcomercio","28/11/2016"
"Declaran a Piura en emergencia hidríca","El Gobierno planea extender la medida a Lambayeque en los próximos días.   La Autoridad Nacional del Agua (ANA) declarará hoy en emergencia hídrica a toda la región Piura, anunció el ministro de Agricultura y Riego, José Hernández. El funcionario detalló que la medida se da debido a la falta de lluvias de los últimos meses y al cambio climático. Durante la emergencia, se espera que las autoridades locales, regionales y el Gobierno Central implementen medidas para paliar la falta de agua tanto en la agricultura como en el suministro doméstico.  Esta es la tercera declaración de este tipo en lo que va del año. En septiembre, el Ejecutivo decretó la emergencia en el Valle de Tambo (Arequipa). El viernes, se hizo lo mismo con la región Moquegua por sesenta días.  Según la ANA, el déficit hídrico afecta, por lo menos, la sierra de 19 regiones del norte y sur. Actualmente, los reservorios se encuentran, en promedio, en menos de 12% de su capacidad.  El Ministerio de Agricultura señaló que se evalúa incluir a Lambayeque en la emergencia.","elcomercio","28/11/2016"
"El Ejecutivo retoma hoy el diálogo en Saramurillo","Una comisión de alto nivel del Gobierno se instalará hoy en Saramurillo (Loreto) para retomar el diálogo con los dirigentes de comunidades indígenas. Desde septiembre, los comuneros reclaman al Ejecutivo que solucione temas relacionados con la contaminación de los bosques producto de los últimos derrames de petróleo y con la provisión de servicios médicos en la selva.  Esta nueva fase de diálogo estaba prevista en un acta de entendimiento que firmaron el 20 de noviembre los apus de Saramurillo y el Gobierno. Este acuerdo puso fin a una paralización de 75 días en la Amazonía de Loreto.  El grupo de trabajo será liderado el primer día por la ministra de Justicia y Derechos Humanos, Marisol Pérez Tello, e incluirá representantes de los ministerios de Salud, Ambiente, Vivienda, Cultura y Energía y Minas. También estarán el jefe de la Oficina Nacional de Diálogo y Sostenibilidad de la Presidencia del Consejo de Ministros, Rolando Luque, y miembros de Petro-Perú. Se prevé que las reuniones podrían tomar hasta 15 días.  Para iniciar las conversaciones, los nativos se comprometieron a entregar las instalaciones que mantenían retenidas desde hace semanas. Entre ellas estaban la Estación N°1 de Petro-Perú y algunas barcazas que transportan crudo por el río Marañón. Estas entregas debían realizarse ante representantes de la Defensora del Pueblo y del Ministerio Público. Hasta el cierre de esta edición, Petro-Perú no confirmó a El Comercio si los nativos habían cumplido con entregar estas instalaciones.","elcomercio","28/11/2016"
"No hay fecha para reconstrucción del emblemático mercado de Magdalena","El impacto de un moderno mercado seria positivo, pues en el distrito no tenemos ningn centro comercial. Randi Mussallam Gerente municipal  El proyecto busca mantener la esencia del mercado, no se perder el contacto personal con el comprador. Verónica Gómez Sánchez Gerenta de Magdalena Plaza  Cristina Fernández Aguilar  El mercado de Magdalena es un emblema del distrito. Hace 80 años comenzó a operar al aire libre, con el tiempo creció y se convirtió en el principal centro de abastos de la comunidad. Sin embargo, largas disputas internas impiden su desarrollo.  En la fachada del mercado, un cartel anuncia el proyecto para construir un moderno local comercial de cinco niveles, con sótanos para estacionamientos, dos pisos para mercado y tres para patio de comida, zona de entretenimiento y centro financiero. El proyecto, que es impulsado por un grupo de comerciantes, data de hace varios años, pero cerca de 200 no apoyan la propuesta porque antes quieren ser dueños de sus puestos.  —Dueños de nada—  En el 2001, la Municipalidad de Magdalena, hasta entonces propietaria del terreno de 8.640 m², vendió el predio a la asociación de comerciantes que operaba el mercado. Los cerca de 700 socios debían pagar US$1.500 cada uno, pero solo la mitad lo hizo. Para cumplir el contrato, la asociación de comerciantes debió pedir un préstamo e hipotecar el terreno.  En ese tiempo yo pagué, y el banco me dio un comprobante del depósito, pero el puesto nunca apareció como mi propiedad en Registros Públicos. Cómo puedo creer en lo que un grupo pretende hacer ahora?, cuenta Susana, comerciante desde hace 43 años.  En el 2008 la deuda del banco, por ese entonces de unos S/8 millones, fue comprada por la empresa Ranchogrande, que inscribió el terreno a su nombre y luego lo vendió a un tercero, Bojaví S.A.C.  Con el aval de malos dirigentes se tasó el mercado por S/8 millones. La empresa y ellos firmaron una dación en pago y Ranchogrande termin inscribiéndose como propietaria en Registros Públicos, cuenta el ex dirigente Augusto Huamán.  La asociación de comerciantes dejó de ser propietaria del mercado, y para tratar de recuperar el que alguna vez fue su terreno creó Magdalena Plaza S.A. Esta empresa, a través de medidas cautelares, impidió la inscripción de un tercero como dueño del predio.  Ranchogrande nos pedía inicialmente US$25 millones. Luego de una larga negociación logramos comprar el 100% de sus acciones por US$11 millones, con el requisito que resolviera el contrato con Bojavi, señala Verónica Gómez Sánchez, gerenta general de Magdalena Plaza S.A., quien posee el contrato de compraventa, pero acepta que tienen una nueva deuda bancaria y que a la fecha el terreno sigue a nombre de Ranchogrande.  Según Gómez Sánchez, ahora los socios esperan fusionarse con Ranchogrande para ser así los únicos dueños del predio. Sin embargo, Magdalena Plaza figurará como la propietaria.  Por ahora, el destino del mercado es incierto.  —Inseguro—  Otro problema es la inseguridad que se observa en el mercado. En mayo de este año, el municipio lo clausuró por no cumplir las condiciones básicas, ya que los pasadizos y corredores centrales son angostos, y la cantidad de puestos es mayor a la permitida.  Esta sanción llevó a sus comerciantes a mejorar los techos y el cableado eléctrico. Con esas mejoras, recién en setiembre último el mercado obtuvo su certificado de defensa civil y licencia de funcionamiento.","elcomercio","28/11/2016"
"Recaptura de Los Monos de Quepepampa avanza lentamente","PNP detuvo otra vez a 5 personas y a un nuevo sujeto que integrara la banda.  Gracias a manos de la justicia  Parte de la organización criminal  De las 29 personas que integraran la banda criminal Los Monos de Quepepampa, las cuales fueron liberadas por el ex juez de Huaral Ismael Orozco, cinco han sido recapturadas por la Policía Nacional del Perú (PNP). Además, el último sábado se detuvo en Independencia a otro sujeto que también fuera parte de la organización.  Los agentes intervino a Diyonito Elmer Meza Chauca, de 23 años, a quien le encontraron un arma y municiones cuando transitaba cerca de un grifo Primax, ubicado en la cuadra 36 de la avenida Alfredo Mendiola.  Hasta el momento, la Dirección de Investigación Criminal (Dirincri) ha confirmado la recaptura de Julio Andy Elvis Falcon Gómez, John Anbal Ayala Moreno, Antonio Segundo Prieto Torres, Jorge Luis Barba Ramos y Marcos Gaudencio Salas Trujillo. Aunque no era buscado como parte de la organización criminal, el pasado 23 de noviembre los agentes detuvieron a Luis Erick Morales Amasifuen, de 18 años. Él es hijo de Luis Hector Morales Arguedas Mono, sindicado como el cabecilla de Los Monos de Quepepampa.  John Anbal Ayala Moreno  Julio Andy Falcon Gómez  Jorge Luis Barba Ramos  Recientemente capturado  Diyonito Meza Talent  Marcos Gaudencio Salas Trujillo  Antonio Segundo Prieto Torres  Detenido  Diyonito Meza Talent registra una requisitoria por asociación ilícita e impedimento de salida por el juzgado de Huaral. Se le atribuye haber participado en el asesinato de dos personas en la pollera Rokys el pasado 23 de diciembre del 2015.  Alférez PNP  Al oficial Luis Limaco lo acribillaron el 6 de noviembre tras dispararle en el cuello y tórax.  —Asesinos de policía—  En cuanto a las investigaciones sobre el asesinato del alférez Luis Limaco Huaylupo, de 24 años, quien fue acribillado al intervenir una camioneta sospechosa en Chancay, fuentes de la policía indicaron que son cinco los responsables de la muerte del oficial: uno está detenido y los demás ya han sido identificados.","elcomercio","28/11/2016"
"Inquietud en Cuba","La vida con Trump  de vecino  El presidente electo de EE.UU. podra fcilmente revertir el acercamiento que propici Obama con el rgimen comunista.  SImon Gardner ana Isabel Martinez Reuters desde la invasin en la Ba- ahade Cochinos hasta la historica visita del presidente Barack Obama, los cubanos han sabido por generaciones que en cualquier momento en que Estados Unidos se vol- viera hacia la isla se iba a encontrar con Fidel Castro sostenindole la mirada.  La muerte del comandante se suma al temor de los cubanos a que el nuevo presidente electo, Donald Trump, dé un portazo a los embrionarios vínculos co- merciales y turísticos, desandando dos años de acercamientos entre vecinos poco amistosos.  Trump ha tenido un tono muy distinto al de Barack Obama, quien hace dos años llegó a un acuerdo con el hermano menor de Fidel, el mandatario cubano Raúl Castro, para acabar con medio siglo de hostilidades.  En la recta final de su campaña, Trump intentó ganar el voto cubano-estadounidense de Florida asegurando que sería firme en su oposición a los Castro, y prometió que, de resultar electo, cerraría la recién inaugurada embajada estadounidense en La Habana.  Ya con el triunfo en la mano, ess difícil saber cuál será el enfoque de Trump.  No se ha decidido nada, dijo ayer la asesora de Trump, Kellyanne Conway. Tomar esas deci- siones una vez que asuma.  No obstante, Reince Priebus, quien será jefe de Gabinete a partir del 20 de enero, sostuvo que Trump pedirá más libertades políticas al Gobierno Cubano y que si no las consigue, la apertura retroceder.  No va a ser una relación unidireccional de Estados Unidos hacia Cuba sin que haya medidas del gobierno de Castro, advirtió Priebus.  Tras la muerte de Fidel Castro a los 90 años, Obama se refirió a él como una persona única, mientras que Trump lo llamó un dictador brutal.  Durante sus 49 años en la presidencia, Castro cruzó recriminaciones con 10 presidentes de EE.UU., y si bien mantuvo un perfil mucho más bajo desde su retiro en el 2008, nunca dejó de advertir a los cubanos de que no deban confiar en Washington.  Su hermano menor nunca cedi demasiado frente al gobierno de Obama en términos de libera- lizar el sistema poltico de partido único.","elcomercio","28/11/2016"
"Miles huyen de Alepo ante el avance del ejército sirio","En las últimas semanas, Fillon disfrutó de un sorpresivo aumento en su popularidad por encima del favorito, el también ex primer ministro Alain Jupp.  La violencia en Alepo no se detiene. Al menos 4.200 personas tuvieron que huir ayer del este de esa ciudad siria, controlada por las facciones rebeldes, tras el arrollador avance del ejército sirio y sus fuerzas aliadas, informó el Observatorio Sirio de Derechos Humanos (OSDH), que detalló que más de 1.700 de quienes escaparon entraron en áreas controladas por el régimen.  Las fuerzas sirias arrebataron ayer a las facciones rebeldes el control de los barrios de Baidin y Bustan al Basha, así como de grandes zonas del distrito de Jabal Badro. Estas conquistas se unen a la de Masaken Hanano, lograda el sábado por las fuerzas sirias. La captura de ese distrito es el mayor éxito militar del ejército desde el inicio de la ofensiva lanzada el 15 de noviembre para recuperar la parte oriental de la ciudad, en manos de los rebeldes desde el 2012.  Gracias a sus últimos avances, las fuerzas gubernamentales están cerca de dividir en dos la zona oriental de Alepo. Ayer, el ejército combatía a los rebeldes en el barrio de Sakhur, cuya conquista permitiría al régimen de Bashar al Assad lograr ese objetivo.","elcomercio","28/11/2016"
"Fillon será el candidato de la derecha francesa","El ex primer ministro François Fillon será el candidato presidencial de la derecha francesa en las elecciones presidenciales del 2017 tras arrasar ayer en la segunda vuelta de las primarias, gracias a su enfoque ultraliberal en lo económico y conservador en lo social.  Fillon superó al también ex primer ministro Alain Jupp con una diferencia de más de 30 puntos (67% de los votos frente a 33%). El conservador, de 62 años, logró vencer pese a que al empezar la contienda electoral partió como el tercero en discordia tras Jupp y el polémico ex presidente francés Nicolas Sarkozy, a quien de manera sorpresiva sacó de la carrera en la primera vuelta.  Es una victoria construida sobre mis convicciones. Desde hace tres años recorro Francia con mis convicciones, y mi iniciativa ha sido comprendida por los franceses, dijo Fillon al comparecer ante sus seguidores.  Fillon, quien reivindica un proyecto radical, propone reformas drásticas pro libre mercado, una línea enérgica en inmigración, el Islam, y respaldo a los valores familiares tradicionales.  La izquierda es el fracaso y la extrema derecha es el hundimiento. [El presidente François] Hollande ha rebajado la función presidencial, habrá que restaurarla, dijo.  Licenciado en Derecho Público, François Fillon fue el número dos de Sarkozy durante cinco años (2007-2012), pero siempre había sido subestimado en su agrupación. El primer ministro es un colaborador, el jefe soy yo, había dicho de él en el 2007 el entonces presidente Sarkozy, quien solo lo llamaba ‘Señor Nadie’. Ayer Sarkozy felicitó su triunfo y le deseó buena suerte en el combate político que le espera.  Fillon entró en política en 1976 como asistente parlamentario de un diputado. Cuatro años después, gan su circunscripción y se convirtió, a los 27 años, en el diputado más joven de la Asamblea Nacional. Después fue reelecto varias veces en su feudo de Sarthe, una zona rural y agrícola del oeste de Francia, hasta que fue escalando posiciones dentro del partido. De 1993 al 2005 formó parte de todos los gobiernos de derecha.  Hoy su objetivo es llegar a la presidencia y su mayor rival será Marine Le Pen, líderesa de la extrema derecha que encabeza las encuestas. En tanto, el impopular Hollande aún no decide si competir en las primarias de su partido.","elcomercio","28/11/2016"
"Detienen a 11 militares en Venezuela por la muerte de 12 personas","Un total de 11 militares fueron arrestados en Venezuela por su presunta responsabilidad en la muerte de 12 personas que habían desaparecido durante una operación contra la delincuencia, informó la fiscalía.  Los cuerpos fueron encontrados entre el viernes y el sábado en zonas aledañas a la localidad de Barlovento, estado Miranda, señaló el Ministerio Público.  La investigación del caso se inició una vez que los familiares de las víctimas [...] denunciaron su desaparición. Estas personas fueron detenidas por los militares durante un operativo de seguridad, detalló el texto.  La fiscalía imputará a los efectivos por delitos contra los derechos humanos y solicitará medidas de protección para los testigos.  En rueda de prensa, el ministro del Interior y Justicia, general Néstor Reverol, condenó el suceso. Estas acciones unilaterales e individuales no representan el sentido de nuestra querida Fuerza Armada, dijo.  La Fuerza Armada expresó su categórico rechazo a los hechos y aseguró que el gobierno ya ordenó brindar todo el apoyo necesario a los familiares de las víctimas con la consecuente reparación e indemnización del Estado.  Desde julio del año pasado, cuando se pusieron en marcha las Operaciones de Liberación del Pueblo (OLP), han aumentado las denuncias de violaciones a los derechos humanos, según la fiscalía.","elcomercio","28/11/2016"
"Temer vetará amnistía para corrupción en campañas políticas","El presidente de Brasil, Michel Temer, acordó con los líderes del Congreso que se vetará una amnistía por el uso de fondos ilícitos para financiar campañas electorales, como buscaban algunos legisladores para evitar ser procesados por recibir dinero de sobornos, en un intento por apaciguar una serie de escándalos que amenazan a su gobierno.  Durante una inusual conferencia de prensa y rodeado por líderes del Senado y la Cámara de Diputados, Temer afirmó que sería imposible para el presidente de la República aprobar algo de esta naturaleza.  Varios miembros del Congreso han sido vinculados a la presunta recepción de sobornos, como parte del escándalo de corrupción de la petrolera estatal Petrobras.  Uno de los últimos casos de corrupción que afectan al mandatario lo protagoniza el influyente Geddel Vieira Lima, quien renunció el viernes como secretario del Gobierno, tras ser acusado de tráfico de influencias que apuntan al propio Temer.","elcomercio","28/11/2016"
"Exportaciones peruanas de palta a China y Japón 2000-2015","En los últimos 20 años, la política de integración comercial del Per ha propiciado la firma de múltiples tratados de libre comercio (TLC). Estos acuerdos han eliminado la mayoría de aranceles con los socios comerciales más importantes, pero a la vez han dejado en evidencia la importancia de las barreras paraarancelarias para ciertos tipos de exportaciones peruanas.  Como se sabe, las barreras paraarancelarias o no arancelarias son las medidas legales o normativas que dificultan el ingreso de un producto a determinado mercado. Estas barreras tienen diferentes formas, desde requerimientos de control de calidad como medidas sanitarias y fitosanitarias, hasta la imposición de cuotas de importación, reglas de competencia y subsidios.  Muchas veces ocurre que, a pesar de que un producto está gravado con arancel cero, el intercambio comercial no se efectúa debido a que las medidas paraarancelarias son altamente restrictivas. Además, aun cuando en los mismos TLC se consignan mecanismos para tratar estas barreras de manera puntual, la falta de recursos o interés político por alguna de las partes limita su efectividad. En el contexto de integración económica promovido en la reciente cumbre del APEC celebrada en el país, este tema cobra especial relevancia.","elcomercio","28/11/2016"
"Detención de individuos vinculados a organización criminal","Aunque no era buscado como parte de la organización criminal, el pasado 23 de noviembre los agentes detuvieron a Luis Erick Morales Amasifun, de 18 años. Él es hijo de Luis Héctor Morales Arguedas Mono, sindicado como el cabecilla de Los Monos de Quepepampa.","elcomercio","28/11/2016"
"Detenido Diyonito Meza Talento","Diyonito Meza Talento registra una requisitoria por asociación ilícita e impedimento de salida por el juzgado de Huaral. Se le atribuye haber participado en el asesinato de dos personas en la pollera Rokys el pasado 23 de diciembre del 2015.","elcomercio","28/11/2016"
"Asesinos de policía","En cuanto a las investigaciones sobre el asesinato del alférez Luis Limaco Huaylupo, de 24 años, quien fue acribillado al intervenir una camioneta sospechosa en Chancay, fuentes de la policía indicaron que son cinco los responsables de la muerte del oficial: uno está detenido y los demás ya han sido identificados. También sostienen que uno de los asesinos sería un trabajador de la Municipalidad de Aucallama y que fue detenido cuando transitaba por Chancay. Las autoridades confirmarán esa información en las próximas horas.","elcomercio","28/11/2016"
"La muerte del dictador que dividió al mundo","Numerosos obreros trabajaron ayer contra el tiempo para acondicionar la Plaza de la Revolución, donde serán expuestas las cenizas de Fidel Castro. Cuba prepara el último adiós. Funerales: La Plaza de la Revolución fue acondicionada para recibir a miles de personas entre hoy y mañana. En La Habana hay resignación ante la partida de Fidel Castro.","elcomercio","28/11/2016"
"Afán de Fidel Castro por mantener en secreto su vida privada","Oficialmente tuvo ocho hijos y no se supo mucho sobre su enfermedad. De su estado de salud, que en un inicio se declaró como secreto de Estado, solo estuvieron al tanto su mujer Dalia Soto del Valle, su hermano Raúl, los médicos y un pequeño círculo de funcionarios y amigos, como el presidente venezolano Hugo Chávez. Los cubanos casi nada supieron de la vida privada del comandante, ni siquiera que tuvo ocho hijos conocidos, y apenas se percataron de que empezó a aparecer cerca de Dalia o algún hijo en las pocas actividades públicas que tuvo tras enfermarse.","elcomercio","28/11/2016"
"Inquietud en Cuba","La vida con Trump de vecino. El presidente electo de EE.UU. podría fácilmente revertir el acercamiento que propició Obama con el régimen comunista. Desde la invasión en la Bahía de Cochinos hasta la histórica visita del presidente Barack Obama, los cubanos han sabido por generaciones que en cualquier momento en que Estados Unidos se volviera hacia la isla se iba a encontrar con Fidel Castro sosteniéndole la mirada. La muerte del comandante se suma al temor de los cubanos a que el nuevo presidente electo, Donald Trump, dé un portazo a los embrionarios vínculos comerciales y turísticos, desandando dos años de acercamientos entre vecinos poco amistosos.","elcomercio","28/11/2016"
"El director técnico, en términos de efectividad, es superior a cualquier otra de sus antecesores","Y, además, lleva 31 partidos invicto (a 8 del récord que estableció el Barça). Le falta rodaje como DT pero en su breve carrera suma ya una Champions y una Supercopa. No queda claro por qué pasa tan por debajo del radar.  Una razón, al menos en el ámbito ibérico, es que se le percibe como un hombre de Florentino Pérez, un técnico interino con respaldo popular en virtud de un legado como jugador que, digamos, tuvo la suerte de finalizar por lo grande una campaña que Benítez dej chueca. Pero esa idea, cercana, es insostenible desde una tribuna internacional.  Otra posibilidad reside en su estilo parco, que dista mucho de estar a la par de la institución que representa. El francés es lacónico tanto en las conferencias de prensa como en el banquillo. La elocuencia no es uno de sus méritos y su manera de resolver el manejo de la interna, el micromanagement, es totalmente reservado. Su gestión reduce la noticia extrafutbolística y da pocos titulares ajenos al juego lo que, irónicamente, no es necesariamente grato para ciertos sectores acostumbrados a usufructuar el escándalo.  Una tercera hipótesis es que Zidane dista de ser un innovador. No ha revolucionado la táctica ni se ha caracterizado por moldear un equipo que se caracterice por exhibir un fútbol ni especialmente artístico ni especialmente conservador. Ha tenido, sí, la virtud de potenciar rendimientos individuales y de lograr que el Real Madrid recupere un sentido de la preeminencia en España y Europa: no hay conjunto que se enfrente a los merengues con la condición de favorito. Pero no hay espectacularidad, lo que no es precisamente un defecto.  Los más ingenuos sostienen que hay poco mérito en obtener rendimiento de monstruos como Cristiano Ronaldo, Gareth Bale, James Rodríguez, Luka Modrić, Sergio Ramos y el resto de estrellas que brillan en el firmamento madridista. Pero solo con imaginar cuán complicado es armonizar esa fiesta de egos multimillonarios en un camerín –hay que recordar cuántos han fracasado en esa empresa– debería ser un contraargumento suficiente.  Zidane es un DT interesante, pero aún no ha madurado. Su equipo da la sensación de no estar siempre a plenitud, con el descargo de que la mayoría de las veces eso basta. Mientras, ha oscilado entre varios esquemas (4-3-3, 4-2-3-1 y 4-4-1-1) de acuerdo al plantel que ha tenido disponible, aunque su mejor logro es haber encontrado la posición de Isco, quien se ha convertido en una mezcla de volante creativo y segundo delantero con absoluta libertad para recorrer los tres cuartos de cancha, detrás del portugués, en una posición en la que él, claramente, puede dar algunos consejos.  Si el Real Madrid es una expresión de Zidane, lo que podríamos decir es que es que posee un sentido clásico del fútbol, donde prima el equilibrio, el balance pero también la contundencia. Falta ver si ello será suficiente ante el Barcelona el próximo sábado.","elcomercio","28/11/2016"
"Guerrero marca en el triunfo de Flamengo ante Santos","El ‘Mengao’ derrotó 2-0 al equipo de São Paulo y clasificó a la Copa Libertadores.   En Brasil reclamaban los goles de Paolo Guerrero cada fin de semana. El delantero no la pasaba bien porque no marcaba en el Brasileirão desde el 29 de octubre. Las críticas comenzaban a llegar pero el peruano hizo oídos sordos y como buen guerrero calló a todos con un golazo en el triunfo de Flamengo por 2-0 ante Santos.   La presencia de Paolo dentro del área rival gener peligro desde el inicio del partido. Como toda la temporada, el atacante nacional siempre fue un obstáculo para los centrales y ayer no fue la excepción. A los 4 minutos el peruano aprovechó un error en salida y sac un potente remate para encaminar la victoria de su equipo. Diego puso el segundo definitivo con el que Flamengo asegura su presencia en la Copa Libertadores.   —Números de Guerrero— A una fecha de terminar el torneo brasileño, Paolo Guerrero llegó a los 9 goles en el Brasileirão. Este año ha marcado en total 18 anotaciones en todas las competiciones en las que jugó con el ‘Mengao’.   El ex Corinthians sigue demostrando que es un delantero que siempre responde con goles.","elcomercio","28/11/2016"
"Una cancha donde el Barcelona no puede sonreír","Los azulgranas volvieron a enredar puntos en Anoeta e igualaron 1-1 con la Real Sociedad por la Liga.  Pedro Cano  Ante esa dualidad futbolística que existe en España donde el Real Madrid y Barcelona han acreditado sus dominios durante los últimos años, es imperdonable no cumplir con el presupuesto de puntos que se hace a inicio de cada temporada. Este empate del Barza en Anoeta 1-1 ante Real Sociedad es de esos tropezones que cobran valor al cierre de temporada. No jugó bien este Barza que parece eclipsado por la cancha de Anoeta. El Real Sociedad siempre le hace buenos partidos en su casa y ayer mereció el triunfo. Según el estadístico Mister Chip, desde el 2008 no había equipo en la Liga que le ganara la posesión del balón al Barza y que además sume puntos. Lo hizo este Real Sociedad con el 55%.  El ímpetu de la Real tuvo su premio a los 53’ con el tanto de Willian José (error de Piqué en la línea final), pero hay que recordar siempre que Lionel Messi está en el Barcelona. El argentino salvó la mala tarde con el 1-1, seis minutos después del gol local. Hay déficit de puntos en Barcelona. Puntos que solo podrá recuperar en el clásico de este sábado ante Real Madrid.","elcomercio","28/11/2016"
"Argentina gana la Davis con increíbles triunfos de Del Potro y Delbonis","Los albicelestes vencieron a Croacia y lograron el título tras 4 intentos fallidos.  El grito albiceleste se escuchó en Zagreb y calló años de mala racha. Con la intensa victoria de Juan Martín del Potro sobre Marin Čilić, después de venir de un 2-0 abajo, y el sorprendente triunfo de 3-0 de Federico Delbonis sobre Ivo Karlović, Argentina dio vuelta a la serie a Croacia y quebró la racha de cuatro finales perdidas (1981, 2006, 2008 y 2011) en la definición por la ensaladera.  Con el aliento de unos cuatro mil argentinos en el Arena Zagreb, entre ellos Diego Maradona, primero ‘Delpo’ se impuso por 3-2 al número 6 del mundo Čilić. El partido clave enfrentaba a un envalentonado Delbonis ante el gigante Karlović. Game a game, el argentino aprovechó las oportunidades de quiebre y logró el punto del campeonato tan deseado.  Lo que no lograron Vilas, Clerc y Nalbandian, lo hizo el conejo del tenis del 2016, Juan Martín del Potro, junto a Delbonis, Mayer y jugadores que participaron durante el torneo como Guido Pella, Carlos Berlocq, Renzo Olivo y Juan Mónaco.  Argentina celebró tras cuatro intentos, y se convirtió en el primer país sudamericano en conquistar la Davis.","elcomercio","28/11/2016"
"Rosberg logra primer título mundial en la F1 e iguala a su padre","El segundo lugar más celebrado fue para Nico Rosberg. El piloto alemán logró su primer título mundial de la Fórmula 1 tras ser escolta de Lewis Hamilton, ganador en el GP de Abu Dhabi.  Con ese puesto, Nico aseguró los puntos necesarios para festejar su primer campeonato, y con ello igualar la gesta de su padre Keke, coronado en 1982. Pese a que Hamilton hizo la carrera lenta para que Vettel y Verstappen pudieran superar a Rosberg, este supoportó con todo en las últimas cinco vueltas y se llevó el título. “No he disfrutado la carrera. Felizmente acab”, aseguró el ganador de 9 fechas de la F1. Lewis se impuso en 10 y se convirtió en el piloto con más victorias que no logra ser campeón.","elcomercio","28/11/2016"
"LA INVESTIGACIÓN A NADINE HEREDIA Y LA ORDEN PARA QUE REGRESE AL PAÍS","El retorno  CSAR Azabache  Abogado  La semana pasada la señora Nadine Heredia viajó a Ginebra sin anunciar fecha de retorno. Su viaje creó un clima altamente sugestivo, ambiguo al extremo y desafiante en varios aspectos. Viaj cómodamente, después de que las autoridades locales levantaran las restricciones que le impedían salir del país. El destino elegido fue Ginebra, no un lugar remoto o inaccesible. Y la razón, un contrato de trabajo con una entidad irreprochable como la FAO. Además, el viaje fue convenientemente rodeado de suficientes filtraciones para justificar cualquier sospecha y gatillar, como gatilló, un escándalo explosivo, sonoro, lleno de protestas.  Indignación comprensible, desde varios puntos de vista. Pero probablemente inapropiada. En todo caso, debimos reaccionar hace unas semanas, cuando las autoridades dejaron caducar las restricciones que impedían viajar al personaje principal de esta historia. Con ocasión al viaje, la defensa pidi, sugerentemente, que se delegara la vigilancia sobre la señora Heredia al consulado en Ginebra. Y la fiscalía pidi su detención. En el medio exacto, el juez Concepción rechazó ambos pedidos y ordenó que la señora Heredia regrese en diez días. Si lo que tanto nos indignó fue que viajara, entonces lo razonable era ordenar su retorno. Y esto se ha hecho. Cualquier observador imparcial, ajeno a las particularidades emocionales de nuestra comunidad, hubiera encontrado absurdo que se ordene algo distinto.  Al final, estupendo ejercicio de equilibrio. Pero aún falta resolver un detalle. La orden de retorno al país quedaría vacía de todo contenido si la fiscalía no hace pronto un cambio en sus planes. El fiscal Germán Juárez Atoche debe demostrar ahora que la presencia de Heredia es necesaria en Lima al extremo que su vigilancia no puede ser delegada a Ginebra. Hasta ahora, la fiscalía había relajado los controles sobre la señora Heredia en un aparente intento por obtener más tiempo para desarrollar la segunda parte de su investigación, que comenzó con la inclusión al procedimiento del expresidente Humala.","elcomercio","28/11/2016"
"UN DÍA COMO HOY HACE 100 AÑOS","Don Pedro Drinot ILUSTRACIÓN: GIOVANNI TAZZA Ayer dejó de existir en Chorrillos Pedro Tomás Drinot, eminente educador que durante cincuenta años prestó servicios a la cultura nacional. Drinot fundó el Colegio de la O, por cuyas aulas han pasado personajes relevantes en la vida nacional. Pulcro en su educación, modales y el vestir, Drinot era arquetipo de correcto caballero y profesor sin mancha. Muere a los 80 años de edad. Estuvo casado con Pascuala de Pirola, prima hermana de don Nicolás de Pirola, y uno de sus hijos, Pedro Pablo, es obispo de Huánuco.","elcomercio","28/11/2016"
"El escenario frente a la interpelación","Confianza sin excesos Sin acuerdo ● Representantes de Peruanos por el Kambio señalan que no se ha evaluado plantear una cuestión de confianza del Gabinete para evitar la salida del ministro de Educación, Jaime Saavedra. Cómo opera? Es un mecanismo de control político. Si la cuestión de confianza es planteada por el primer ministro y ésta le fuera rechazada por el Congreso se produce la crisis del Gabinete, lo que implica la renuncia inmediata de todos los ministros. Si se censura a otro Consejo de Ministros, el presidente está facultado para disolver el Parlamento. la cuestión de confianza son rumores de simpatizantes del ministro, pero nada oficial. Juan Sheput Vocero alterno de Peruanos por el Kambio la interpelación a Saavedra no tiene nada que ver con la ley Universitaria. Héctor Becerril Congresista de Fuerza Popular González aseguró también que informó al primer ministro Fernando Zavala de su relación con la abogada el lunes pasado. Lo que he cometido es un hecho de amor. Mi único delito es haberme enamorado, sostuvo. Tras la emisión de este reportaje, la presidenta del Congreso, Luz Salgado, desde su cuenta de Twitter, cuestionó al ministro de Defensa por este caso.  Un hecho de amor? Señor ministro, no puede mezclar las cosas. Por menos se ha sancionado a policías y militares, escribió.  Saavedra deberá responder sobre la demora en la organización de los Juegos Panamericanos y sobre las presuntas irregularidades en la compra de computadoras.","elcomercio","28/11/2016"
"SUELDOS DEL DESPACHO CONGRESAL*","En soles/mensual S/9.499 Asesor principal S/7.789 (2011) Asesor principal S/7.789 Segundo asesor S/4.697 (2011) Segundo asesor S/2.598 Auxiliar S/1.998 (2011) Auxiliar S/2.598 Asistente S/5.297 Técnico S/2.598 Coordinador parlamentario (*Incluye dos gratificaciones, un bono de escolaridad (un sueldo), un bono de vacaciones (un sueldo) y una asignación por alimentación de S/50 diarios.) SERVICIOS DE MENSAJERA En soles/por año S/3.600 Por despacho congresal S/600 Por Comisión de ética S/2.400 Por comisión ordinaria S/6.000 Por Parlamento Andino S/1.200 Por comisión especial S/6.000 Por Parlamento Amazónico S/900 Por comisión investigadora S/360 Por grupo parlamentario SERVICIOS DE TECNOLOGÍA Por año/por despacho 1 notebook 5 computadoras de escritorio 1 equipo multifuncional 6 teléfonos móviles 1 tableta (*Se incluyó a partir del 2016.) SEGURIDAD 2 efectivos policiales que se rotan en el resguardo Algunos congresistas renunciaron a la protección. DESARROLLO DE ACTIVIDADES Y EVENTOS En soles/por año S/6.000 POLIZA DE VIDA Y ACCIDENTES En dólares US$110.000 cobertura por muerte natural US$540.000 cobertura por muerte accidental SERVICIOS DE TELEFONÍA Por año/por despacho S/30.000 para telefonía fija US$3.600 para telefonía móvil SEMANA DE REPRESENTACIÓN En soles/por 5 días Menos de S/2.000 Reembolso para pasajes y viáticos para un asesor y un asistente o auxiliar. RENDICIÓN DE CUENTAS DE VIAJES 20% del monto entregado puede sustentarse mediante declaración jurada (*) En el 2011 era el 30%.","elcomercio","28/11/2016"
"Fiscalía amplía investigación contra fujimorista Ananculí","La acusada Betty Ananculí Gmez Congresista Fuerza Popular (Ica) La legisladora afirmó a este Diario que está confiada en que esta indagación se archive como en la Comisión de Ética. Ya demostré con documentos de la Dirección Regional de Ica mis estudios. Detrás de esto están los que no aceptan su derrota en las elecciones [accessitario], manifestó. El Ministerio Público pide plazo de ocho meses y declara compleja la pesquisa. El Congreso archivó el caso sin revisar todas las evidencias.","elcomercio","28/11/2016"
"Una de las obsesiones de los millonarios de Silicon Valley (EE.UU.) es usar sus fortunas para explorar algunos métodos para extender sus vidas.","En ese sentido, uno de los más firmes proponentes de la búsqueda de la eterna juventud es Peter Thiel.","elcomercio","28/11/2016"
"Alianza, Comerciantes Unidos y Sport Huancayo irán a la Sudamericana 2017","Alianza Lima y Sport Huancayo son los otros clasificados.  Mucho gusto... Antes del partido entre la U y San Martín, la nueva administración crema se reunió con los jugadores en el camarín del Monumental. Carlos Alberto Moreno llegó junto al gerente, César Vento.  Más resultados... La Bocana y Vallejo se despidieron de Primera ayer. Los de Sechura empataron 3-3 con Unión Comercio y los ‘poetas’ vencieron 1-0 a Aurich. UTC igual 1-1 con Ayacucho FC.  Tejada en la mira... El gerente de Sporting Cristal, Alfonso García Mir, no quiso confirmar la llegada del ‘Panita’. Incluso comentó que aún es una “opción lejana”.","elcomercio","28/11/2016"
"Diego Pizarro anot el único tanto del partido y le dio la victoria a la Academia Cantolao.","Entre Cantolao y Sport Ncach se definirá quién llega al Descentralizado.  El cuadro chalaco derrotó 1-0 a Torino, y la ‘Amenaza Verde’ 3-2 a Loreto.  Todo sigue en suspenso como la última fecha de la Segunda. Aún no hay un campeón, pero esta jornada dejó a Cantolao y Sport Ncach más cerca del ansioso ascenso. Ambos equipos ganaron y llegaron a los 53 puntos. Ahora tendrán que jugar un partido extra para definir quién estará en el Descentralizado el próximo año.","elcomercio","28/11/2016"
"Alianza empata en Huancayo y clasifica a la Sudamericana","Premio consuelo para Alianza Lima: el próximo año jugará la Copa Sudamericana. Los íntimos consiguieron un empate (1-1) de visita ante Sport Huancayo y aseguraron su presencia en el torneo internacional. Con este resultado le puso fin a una campaña irregular plagada de resultados negativos.  El cuadro local se puso adelante a través de Blas López, pero Lionard Pajoy, el jugador más regular y goleador de los blanquiazules con 17 tantos, puso la paridad. En estas últimas dos fechas, el equipo que dirige Juan Jayo jugó sin presión y logró cuatro puntos. Si Alianza hubiera jugado así, es casi seguro que estaría entre los cuatro finalistas. Pero la realidad es otra y los victorianos por décimo año consecutivo tendrán que ver cómo otro equipo alza el título nacional.","elcomercio","28/11/2016"
"El francés impasible","Con Zidane ocurre algo curioso: nadie cree que sea uno de los mejores entrenadores del mundo. Para muchos la discusión está estancada en la dicotomía Guardiola-Mourinho, hay quienes apuestan por técnicos más metódicos como Simeone, pero los más exigentes, por paladar, prefieren propuestas más vistosas como las de Conte o Klopp. (En Sudamérica los bielsistas tendrán algo que decir en esta polémica).  Es curiosa la invisibilización porque Zidane dirige al club más poderoso del planeta, es decir, reflectores no le faltan, y posee un pasado tan notorio como crack que incluso las personas ajenas al fútbol conocen el exabrupto que marcó su retiro. A todo ello se suma un dato clave: su campaña como director técnico, en términos de efectividad, es superior a cualquier otra de sus antecesores y, además, lleva 31 partidos invicto (a 8 del récord que estableció el Barça). Le falta rodaje como DT pero en su breve carrera suma ya una Champions y una Supercopa. No queda claro por qué pasa tan por debajo del radar.  Una razón, al menos en el ámbito ibérico, es que se le percibe como un hombre de Florentino Pérez, un técnico interino con respaldo popular en virtud de un legado como jugador que, digamos, tuvo la suerte de finalizar por lo grande una campaña que Benzema dej chueca. Pero esa idea, reciente, es insostenible desde una tribuna internacional.  Otra posibilidad reside en su estilo parco, que dista mucho de estar a la par de la institución que representa. El francés es lacónico tanto en las conferencias de prensa como en el banco. La elocuencia no es uno de sus méritos y su manera de resolver el manejo de la interna, el micromanagement, es totalmente reservado. Su gestión reduce la noticia extrafutbolística y da pocos titulares ajenos al juego lo que, ironía, no es necesariamente grato para ciertos sectores acostumbrados a usufructuar el escándalo.  Una tercera hipótesis es que Zidane dista de ser un innovador. No ha revolucionado la táctica moderna, sino que ha mantenido un enfoque pragmático y eficiente.","elcomercio","28/11/2016"
"Cuba: Hoy empieza una semana de funerales","Acto en la Plaza de la Revolución. Las autoridades han llamado a los cubanos a despedirse de las cenizas de Fidel Castro y a firmar un juramento de lealtad al socialismo y a las ideas del dictador.","elcomercio","28/11/2016"
"INVESTIGAN PRESUNTO CASO DE SICARIATO","Policía realiza operación en Moyobamba para dar con asesinos de fiscal superior.","elcomercio","28/11/2016"
"Editorial","Más que la salvaguarda de los fueros y los derechos del Congreso parece un regodeo en la capacidad que se tiene de poner contra las cuerdas al contendiente político [...] pero con el ingrediente perverso de que, en esta circunstancia, la guerra avisada sí puede matar gente. Editorial de El Comercio Guerra avisada / 6 de octubre del 2016  Cómo quien se prepara para escuchar un veredicto cuyo sentido ya le ha sido adelantado, el titular del Ministerio de Educación (Minedu), Jaime Saavedra, fue un privilegiado testigo durante la última semana de las declaraciones de diversos parlamentarios en relación con el pedido de interpelación en su contra.  En efecto, el vocero de la bancada de Fuerza Popular (FP), Luis Galarreta, afirm el pasado lunes que lo que le corresponde al ministro, por el bien de la educación, es dar un paso al costado, mientras ese mismo día, Mauricio Mulder de la clula parlamentaria aprista comentaba sobre Saavedra que la interpelación se la merece, y la censura también. Los días posteriores vinieron con advertencias similares como la del fujimorista Héctor Becerril en el sentido de que a FP no le temblará la mano para censurar a Saavedra, y algunas premoniciones como la de sus compañeros de la banca Rolando Reggi y Rosa Bartra ([Saavedra] va a ser interpelado y censurado).  La interpelación es, ciertamente, un proceso perfectamente constitucional. Como también lo es la censura, si acaso más del 50% de la representación parlamentaria (66 congresistas) encontrara insatisfactorias las respuestas que brindara el ministro interpelado; aunque se entiende que, por la gravedad que supone forzar al Gobierno a retirar a un miembro de su Gabinete, esta decisión debería demandar mucha prudencia así como una debida sustentación.  Las admoniciones de los congresistas que han apoyado la interpelación y el hecho de que las bancadas fujimorista y aprista cuentan con los votos suficientes para la censura hacen pensar, sin embargo, que la suerte del titular de la cartera de Educación estaría echada incluso antes de presentarse en el hemiciclo. Contribuye a esta hipótesis el tenor del pliego de preguntas que deber responder el ministro de Educación, las cuales muestran, en un extremo, la ausencia de sólidos fundamentos siquiera para la interpelación, y en el otro, una preocupante falta de preparación por parte de los parlamentarios prestos a efectuar el control político.  Se tiene, por ejemplo, la pregunta sobre los motivos por los que el Minedu compr computadoras a través del llamado Convenio Marco. Esto en atención al reportaje de Panorama sobre los S/146 millones destinados a la adquisición de equipos –utilizando este mecanismo de contratación– y que motivó una investigación fiscal que involucró a ex funcionarios del Minedu que se habrían beneficiado con la transacción. La interrogante, no obstante, presupone que el ministro podría tener responsabilidad por elegir dicha modalidad de contratación, cuando, en realidad, aquella es obligatoria por ley. Y el filtro y preselección de todos los proveedores que cualquier entidad estatal –y no solo el Minedu– pueda contratar a través del catálogo de Perú Compras, le corresponde precisamente a este último organismo público.  Además, propugnar la salida de Saavedra por la presunta actuación ilícita de un funcionario de rango intermedio, en un proceso que la Contraloría reconoce legal, y sin ningún indicio de participación o vinculación con el ministro, resulta poco razonable, por decir lo menos, y un peligroso precedente. Otras interrogantes del pliego ni siquiera son coherentes entre sí. En las preguntas 12 y 15 se indaga por la contratación de la empresa Deloitte para elaborar un segundo plan maestro de los Juegos Panamericanos, con la diferencia de que en una se estima el valor en US$8 millones y en la otra, inexplicablemente, en S/169 millones. Sin perjuicio de esta contradicción, los parlamentarios parecen no haber revisado la información pertinente, en la que se detalla que el Minedu no realiza las contrataciones vinculadas a este certamen, sino el Proyecto Especial para la Preparación y Desarrollo de los XVII Juegos Panamericanos y Sextos Juegos Parapanamericanos del 2019, el cual cuenta con autonomía técnica, económica y administrativa, según su resolución de creación.  También se consulta al ministro Saavedra a quién se le entregó los más de US$3 millones que el Comité Olímpico Peruano (COP) debía pagar como primera cuota a la Organización Deportiva Panamericana por la elección de Lima como sede, soslayando que el COP no es un organismo público sino una asociación privada, y que fue el propio Minedu el que advirtió que no se había acreditado dicho pago y demandó la devolución del dinero entregado con ese fin.  Y los ejemplos continúan, pero a estas alturas parece ser bastante evidente que las preguntas del pliego son más bien retóricas, y que las respuestas del ministro parecen interesarse a los congresistas tanto como la educación.","elcomercio","28/11/2016"
"UN DÍA COMO HOY HACE 100 AÑOS","Ayer dejó de existir en Chorrillos Pedro Tomás Drinot, eminente educador que durante cincuenta años prestó servicios a la cultura nacional. Drinot fundó el Colegio de la O, por cuyas aulas han pasado personajes relevantes en la vida nacional. Pulcro en su educación, modales y el vestir, Drinot era arquetipo de correcto caballero y profesor sin mancha. Muere a los 80 años de edad. Estuvo casado con Pascuala de Pirola, prima hermana de don Nicolás de Pirola, y uno de sus hijos, Pedro Pablo, es obispo de Huancavelica.","elcomercio","28/11/2016"
