"headline","content","newspaper","date"
"Aclaración sobre venta ilegal de tierras en Tumbes","Por medio de la presente, me presento y digo que desde el 26 de mayo del 2014 va la web de el comercio, así como también el 27 de mayo del 2014 en SBADO 31 DE MAYO DEL 2014 AVISO EL COMERCIO .A31 A32. EL COMERCIO AVISOS SBADO 31 DE MAYO DEL 2014 SBADO 31 DE MAYO DEL 2014 clubsuscriptores.pe Llame al 311-5100 y suscríbase a El Comercio.","elcomercio","31/05/2014"
"Destacada firma suiza WATCH ME & SWATCH STORE","Increíbles beneficios en Victorinox — Los abonados tienen el 15% de descuento en la línea de ropa (polos, camisas, casacas, chamarras, abrigos y pantalones) y en juegos de cuchillos, excepto los modelos forjados. Encuentre los locales en el Jockey Plaza y Larcomar.  Un accesorio de lujo — Identifíquese como suscriptor en todas las tiendas y haga efectivo el 30% de descuento. En esta promoción también participan reconocidas marcas como Lacoste, Tommy Hilfiger, entre otras. Para conocer más detalles de las ofertas visite clubsuscriptores.elcomercio.pe.","elcomercio","31/05/2014"
"Posdata VITO MIRR","Cecilia Bolocco Ex Miss Universo chilena   Para impresionar a mi pap primero estudi unos meses de Ingeniería Civil, pero luego fui valiente y me cambié a Diseño en un instituto técnico. All se me presentó la oportunidad de estar en el Miss Universo. Tras ganar ese certamen, me ofrecieron ser conductora de CNN sin ser periodista. Cuando me di cuenta de que informar noticias no era mi pasión, acepté la oferta de Telemundo para hacer un programa de entrevistas. All conocí a Anthony Quinn, Julio Iglesias.  Cuando gan Miss Universo me convertí en el Mickey Mouse de Chile PILAR NAVARRETE El Mercurio de Santiago de Chile  Dice que no le gusta que la encasillen, que se caracteriza por tomar riesgos y que por eso se ha reinventado tantas veces. Cecilia Bolocco repasa sus éxitos y fracasos y las lecciones que ha sacado de ellos, como su capacidad de negociar y asignarse valor.  Ha pasado dos horas desde que terminó su primera charla motivacional. Duró treinta minutos y en ellos habló ante 350 mujeres sobre cómo diseñar la vida según los propios sueños y cómo sobreponerse a los fracasos. Durante el seminario, Bolocco debió improvisar. Los apuntes que anotó en una libreta temprano en la mañana se quedaron en su cartera, que alguien le quitó de las manos antes de subir al escenario. Encumbrada en sus botas taco aguja de 12 centímetros domina el salón como si fuera un set de televisión. Saluda y sonríe, desde el escenario, al auditorio. Entre las sillas se multiplican las manos en alto, con cámaras y celulares, para sacarle fotos, hace su primera declaración: ¿Por qué creen que gané el Miss Universo? Yo gané porque perdí Miss Sudamérica.  Murmullos en la sala. Antes de viajar a Singapur, hicimos una parada en Cartagena de Indias y dentro de las nueve finalistas, yo no clasificé. No había llegado al Miss Universo y ya había fallado! La noche que perdí me acosté y a las 3 de la madrugada algo dentro de mí comenzó a palpitarme fuerte. Era una voz que me dijo: Cecilia, esto no es una maldición. Lo que tú estás a punto de vivir es una maravillosa y grande oportunidad. Y la verdad es que recapacité. Me enfocué en lo esencial, disfrutar cada momento y hacer de cada experiencia que sea extraordinaria. Lo único que tenía que hacer era ser la mejor versión de mí misma. En el panel le preguntan por qué decidi hacer de su nombre una marca.  Yo con el Miss Universo me convertí en el Mickey Mouse de Chile: todo el mundo quería sacarse una foto conmigo. Eso de ser tan conocida en un minuto se me hizo insopportable, pero me di cuenta de que ya no lo podía cambiar. Entonces decidí aprovecharlo y ser un producto. En televisión el producto era yo, pero no podía enfermarme, caerme, no podía fracturarme una pierna por ningún motivo. As estuve veinte años. Por lo menos hoy mi producto, lo que yo diseño, es lo que habla por mí. No tengo que ir a un set de televisión, puedo trabajar desde mi casa y estar mucho con mi hijo.   —Tanta reivindicación en su carrera no la hace foco de críticas?  No, porque yo me permito cambiar. ¿Me entiendes? Yo nunca me he quedado en el cajón, en el casillero donde me pusieron y con la etiqueta que me pusieron. Esta cosa que yo tenía aquí, en la frente, esta etiqueta que me habían puesto de Miss Universo me tenía atascada. Irme a trabajar a CNN fue un poco chutear el tablero, pero necesitaba hacerlo. No fue fácil porque me miraban como diciendo: Y esta, ¿qué hace aquí, en un mundo para los inteligentes.  —Usted dice que quiere generar una revolución interior en las mujeres, pero por qué no la gatilla compartiendo sus reconocidas habilidades, por ejemplo, para negociar?  Es que estas cosas no tienen que ver con un recetario. Lo que a mí me interesa es remover desde adentro, transmitir una energía particular y para eso uno tiene que estar en la cabeza. Hoy en un momento me fui a la cabeza para hacer más corta la charla, para sintetizar. A mí no me gusta irme a la cabeza, no me gustan los PowerPoint ni nada de esas cosas. A mí lo que me gusta de esto es cuando uno se vuela, se inspira y se va.  —Pero estas son charlas de emprendimiento. Las mujeres quieren adquirir herramientas que no tienen.  En el fondo, yo voy a algo que está más adentro. Más allá de que la gente quiera saber cómo hacerlo para emprender, lo que en el fondo busca es ser feliz. Es encontrarle sentido a la vida. Emprendimiento para mí es invertir tu tiempo en lo que amas. Por eso, lo que yo quisiera transmitir más que una receta es inspirar a la gente a que viva con pasión, con amor.  —La soledad ha sido el costo que ha debido pagar?  He estado haciendo un trabajo espiritual profundo y me ha hecho muy bien estar sola. Tal vez, en este escenario nuevo, de haber hecho un cambio de piel contundente, pueda que aparezca alguien. Hasta ahora no ha aparecido nadie en mi vida; alguien que represente para mí una maravillosa oportunidad para compartir. No es que yo necesite que alguien llegue a rellenarme espacios en mi vida, en el sentido de que me resuelva problemas, con quién voy a ir a la comida... A veces las mujeres dicen: Ay, es que cómo voy a ir sola. Se inventan en la soledad una barrera.  —No la acecha el miedo a lo que digan de usted?  El miedo es inherente al ser humano. Sabes tú lo que es haber sentido cuando partí [en su carrera] que tenía que ser las 24 horas del día perfecta? A mí no se me podía quedar un arroz, un zapato, el maquillaje. Nada. Para todo el mundo yo tenía que ser perfecta. Y dejar esa rigidez me ha tomado toda la vida. Cuando me doy cuenta de que empiezo a poner así digo: Cecilia, ya critícala! Eso me pasa muy seguido [risas]. Miedo? Yo no te puedo decir que no tengo miedo. El miedo está en uno. Y no es que uno lo venza, es una batalla constante, de todos los días. Como hago muchas cosas y nunca me siento en un espacio de confort, el miedo es algo que siempre me acecha. Está ah. Cuando aparece le digo: Hola, ya llegaste de nuevo. Pero uno se entrena.","elcomercio","31/05/2014"
"Cruzadas Jeremías Gamboa","Nuestra sociedad lucha contra ciertos lastres más tiempo y mejor que contra otros.  Fue a mitad de los años noventa. Durante la elaboración de un proyecto televisivo para un curso en la Universidad de Lima, una compañera dijo que su madre no le prestaría un mueble de su casa si en él se sentaba Gisela Valcárcel. Recuerdo claramente que su comentario me generó malestar y que terminamos discutiendo los méritos, para mí evidentes, de la figura televisiva: ninguna de mis compañeras había nacido en La Victoria ni había estudiado en una gran unidad escolar y tampoco había tenido, como ella, que trabajar desde muy joven. Gisela había sido vedette antes de obtener su primera oportunidad como conductora de televisión y con ese capital fue capaz de transformarse en un fenómeno mediático y luego en una empresaria de éxito. Si aún no era la figura respetable y socialmente respetada que ahora es, se debía a los prejuicios de quienes aún entendieran la sociedad como una estructura de castas fijas, en la que era imposible desplazarse.  Hace un par de semanas el congresista y ex ministro Carlos Bruce pasó a la historia de este país al hacer pública su orientación sexual, luego de haber sido terriblemente hostigado por liderar el proyecto de ley que propone la unión civil para las parejas homosexuales. Lo paradójico del asunto es que fue precisamente un lamentable galimatías de Gisela Valcárcel en el que se le exigía hablar con la verdad lo que terminó de animar al ex ministro a abandonar la respetable posición que ocupaba entre la opinión pública peruana como un profesional heterosexual para colocarse en la ubicación marginal del gay. Bruce abrazó la bandera de un sector estigmatizado de nuestra sociedad y de ese modo se expuso a una metralleta de rabia, odio y estupidez. Su camino ha sido inverso al que durante años ha transitado la propia Valcárcel. No deja de llamar la atención que fuera precisamente ella quien, con el mal gusto de la señal abierta, le recordara al congresista algunos de los peores insultos que recibió tras su valiente confesión pública.  Nuestra sociedad lucha contra ciertos lastres más tiempo y mejor que contra otros. Hace algunos meses, Gisela Valcárcel apareció en la tapa de una revista social que habría horrorizado a la madre de mi compañera en 1996 y que hoy, felizmente, no sorprende a nadie: mostraba con todo derecho cómo pasaría la Navidad del 2013 junto a su hija Ethel y a sus nietas. Hace un par de semanas Carlos Bruce hizo lo propio al lado de sus hijos Alex y Paul para revelar su homosexualidad e intentar despertar la conciencia de todos por el respeto a la diferencia. No lo entendieron todos. Es una pena que entre ese grupo haya figurado Gisela Valcárcel, una persona que parece no haber entendido que los prejuicios de género y los sociales beben de una misma fuente, y que tanto ella como el último invitado de su programa han librado la misma batalla contra dos rostros diferentes de la misma intolerancia.","elcomercio","31/05/2014"
"Creando zonas de mercado libre en espacios públicos emblemáticos del Centro de Lima","Ahí los agentes del mercado pueden interactuar libremente, con la tranquilidad de saber que el Estado no intentará intervenir. Que este programa sea impulsado por una alcaldesa de izquierda es sin duda un triunfo ideológico para el liberalismo peruano. Por ello, en vez de preocuparnos por lo que algunos llaman despectivamente comercio ambulatorio no autorizado, deberíamos aplaudirlo a rabiar, porque con él ha triunfado en la ciudad de Lima nuestra tan preciada libertad.","elcomercio","31/05/2014"
"Mensaje a los electos","Todos estamos cansados de las noticias desagradables, y los más agotados somos los periodistas. Nuestra obligación es informar los asuntos relevantes y hoy eso es sinónimo de corrupción e ineficacia de nuestra clase política. Estimados padrastros y madrastras de la patria, un pedido: ya no fastidien más! Sea su trabajo y su vida ejemplo de virtud, de alegría y solidaridad; conviertanse en creadores de noticias positivas y esperanzadoras. O quieren deprimirnos y volvernos locos?","elcomercio","31/05/2014"
"Nueva fase en la Política Latinoamericana","Una vez en el sillón presidencial, un político puede tomar dos caminos: ser un estadista que gobierne para todos sus conciudadanos (incluyendo a la oposición) y estar por encima de las disputas y ambiciones mezquinas, o inventarse como caudillo, salvador de la patria, enviado de los apus para perpetuarse en el poder. Si su avidez es acompañada por una sólida popularidad, la tentación al caudillismo –liderazgo personalista y autoritario, enemigo de la institucionalización partidaria– crece.  En la política latinoamericana contemporánea, sin embargo, el caudillismo ha evolucionado. En aquellos países donde la reelección presidencial inmediata (e indefinida) es posible, se consolidan los proyectos personalistas. La fragilidad institucional es aprovechada para alterar la normatividad vigente o simplemente interpretarla convenientemente, procurando otra candidatura presidencial. Morales en Bolivia, Ortega en Nicaragua y recientemente Correa en Ecuador son casos actuales del abuso del apoyo popular para cambiar las reglas de juego impuestas por sus propios gobiernos (como sucedió con Fujimori en Perú y Uribe en Colombia).  Donde la reelección inmediata no está permitida, los expresidentes dependen mucho de la fortaleza de sus partidos. Bachelet en Chile y García en el Perú pueden volver porque son liderazgos indiscutibles dentro de sus filas y porque cuentan con una organización (cuadros, estructuras) de respaldo que relativiza sus predominios personalistas. Pero qué sucede cuando el caudillo está impedido de retornar a la candidatura presidencial, ya sea porque las normas lo impiden (Uribe en Colombia, Zelaya en Honduras) o están inhabilitados por la justicia (Fujimori en Perú, Bucaram en Ecuador)?  El caudillo que rehúsa su retiro depende de, al menos, tres condiciones necesarias para mantener su vigencia política: un partido, un heredero y un programa. Primero, se ve obligado a hacer lo que siempre detesta: institucionalizar un partido. Aunque genere una organización a su imagen y semejanza (Uribe y Centro Democrático; Zelaya y Libre), requiere un mínimo de estructura con cierta vida propia (democracia interna para selección de cuadros intermedios). Segundo, debe encontrar al sucesor confiable –pareja, hijos, aclitos– que asegure lealtad y salvaguarda a su legado (Zelaya y su esposa Xiomara; Fujimori y su hija Keiko). Cuando ello no sucede, la estrategia prueba-error puede producir altos costos políticos (Juan Manuel Santos fue el candidato uribista del 2010 y es hoy el principal opositor a Uribe).  Con un partido y un heredero, el personalismo del caudillo debe evolucionar –si quiere ser exitoso– a un discurso que combine elementos programáticos. Así, en el uribismo es seguridad democrática (una posición intransigente con los acuerdos con las FARC), en el fujimorismo es mano dura y pragmatismo, y Libre, de Zelaya, presenta un discurso progresista contra el establishment hondureño. Cuando ello no sucede (Bucaram y PRE no han tenido la innovación ideológica requerida), solo le espera el olvido. Aún en ninguno de los casos este caudillo entre bambalinas ha retornado al poder (Uribe y Zelaya se estrenan como parlamentarios). Si Zuluaga (en Colombia) gana el próximo 15 de junio, estaremos ante una nueva fase de la política latinoamericana: el neocaudillismo en el gobierno.","elcomercio","31/05/2014"
"Los beneficios del arbitraje","La siguiente historia me la cont un abogado. Su cliente se reunió con un juez que iba a resolver su caso. Sin el menor empacho, el juez le pidió una cantidad por resolver favorablemente: Usted me da el dinero y en una semana lo notifico con la sentencia. La persona accedió pero estaba preocupado de desembolsar el dinero y que luego el juez no cumpliera con su promesa. Ante ello sugirió lo siguiente: ¿Qué le parece si usted notifica la sentencia y entonces yo le doy el dinero? El juez dibujó en su rostro aquella indignación generada por un insulto. ¡Por favor, señor! ¡Estamos entre caballeros!...  Lo cierto es que en el pasado ocurrió precisamente lo contrario. La justicia nació como privada y fue estatizada. El arbitraje era la forma natural de resolver controversias. Desde los primeros grupos humanos hasta los comerciantes en virtualmente toda la historia vieron en la elección por acuerdo del árbitro la mejor forma de resolver sus problemas. Solo se está planteando regresar las cosas a su origen: si tenemos un contrato, tenemos un problema privado. Y si es un problema privado, debe tener una solución privada. ¿Por qué gastar dinero de nuestros impuestos en problemas privados?  Entre los principales opositores estarán los abogados. A ro revuelto, ganancia de pescadores, y los abogados somos especialistas en aprovechar las aguas turbias. Como bien relata Bruce Benson, fueron los abogados quienes hicieron lobby en los años 20 en Estados Unidos para que aprobaran leyes que permitieran la ejecución y revisión judicial de los laudos por las cortes ordinarias y así estatizar la justicia arbitral. Antes, si no cumplías un laudo, la sanción era el ostracismo: nadie comerciaba contigo. No se necesitaban jueces.  Pero con las nuevas leyes la participación de abogados se incrementó drásticamente en el arbitraje que antes era un asunto que se resolvía solo entre comerciantes. Antes de 1920 la participación de abogados era realmente excepcional. Según la estadística, la representación con abogados frente a los tribunales arbitrales se incrementó de 36% en 1927 a 70% en 1938, a 80% en 1942 y a 91% en 1947. El golpe de gracia al arbitraje totalmente privado alejado de las cortes y los abogados lo dio la decisión judicial en el Caso Paramount, en el que se declaró como boicot, y por tanto contrario a las normas antimonopolio, un acuerdo que permitiese dejar de contratar con exhibidores de películas que se negaran a arbitrar o aceptar lo ordenado por el laudo. La sanción del ostracismo a quien no cumpla un laudo fue prohibida.  Un árbitro siempre tendrá una ventaja sobre un juez: su responsabilidad nace de la libertad de los que van a ser juzgados. Y nada nos hace más responsables que la libertad.","elcomercio","31/05/2014"
"Mirada de fondo: El populismo dolarizado de Ecuador","El deterioro institucional en Ecuador se acentúa. Siguiendo los pasos de Hugo Chávez, Daniel Ortega y Evo Morales, el presidente Rafael Correa propuso esta semana la reelección indefinida de todos los cargos de elección popular, cosa que requerirá enmendar la Constitución que él mismo promovió. También al estilo neopopulista, Correa negó en repetidas ocasiones desde que asumió su cargo en el 2007 que le interesara perpetuarse en el mando.","elcomercio","31/05/2014"
"España desarticulan en Melilla una red yihadista","España desarticuló en Melilla una red yihadista que captaba y enviaba terroristas a grupos de Al Qaeda que operan en Libia y Mali. All fueron detenidos 6 hombres, todos españoles. La red había enviado ya a 26 terroristas a grupos de Al Qaeda en Libia y Mali, 24 de ellos marroquíes y los otros dos, españoles.","elcomercio","31/05/2014"
"Corea del Sur: Muere otro buzo en el rescate del ferry","Un buzo civil muri el viernes durante la búsqueda de personas que se cree siguen atrapadas en el ferry surcoreano que se hundió en abril, lo que será la segunda muerte de un buzo en la operación que se ha prolongado durante seis semanas. El buzo tenía sangre en la cara, recibió terapia de resucitación cardiopulmonar y fue llevado en helicóptero a un hospital, donde se le declaró muerto.  El Sewol se hundió el 16 de abril con 476 personas a bordo.","elcomercio","31/05/2014"
"Mujer condenada a la horca alimenta a su bebé en la cárcel","La justicia de Sudán ejecutará a Mariam Ishaq por no renunciar al cristianismo. Daniel Wani, esposo de Mariam, junto a su recién nacida Maya. Espera mortal. De confirmarse la sentencia, Mariam sería ejecutada en dos años, cuando termine de amamantar a su bebé. Jartum [efe]. La joven de Sudán del Sur Mariam Ishaq, sentenciada a la horca por convertirse al cristianismo, lamenta tener que amamantar a su recién nacida con grilletes en las piernas y encerrada en una prisión.  En entrevista telefónica con EFE, el esposo de Mariam, Daniel Wani, aseguró que ella recibió con alegría a su bebé, pero está apenada por las condiciones en las que vino al mundo. Wani, de origen sudanés pero de nacionalidad estadounidense, celebró haber podido ver a su hija Maya, nacida el pasado miércoles entre las rejas.","elcomercio","31/05/2014"
"La empresaria que coronó el Everest hizo trampa","Beijing [efe]. La empresaria china Wang Jing, fundadora de la marca de ropa deportiva local Toreador, fue blanco de las críticas en su país al descubrirse que usó un helicóptero para ahorrarse parte del ascenso al Everest, la montaña más alta del mundo. Wang, quien había ascendido en otras dos ocasiones y quiere convertirse en una de las primeras mujeres en alcanzar la cima de los montes más altos de los seis continentes, llegó a la cumbre el 23 de mayo por la cara sur y se fotografió con una bandera de China, junto a otros dos escaladores.   La polémica lleg días después, cuando las autoridades de turismo de Nepal informaron que habían abierto una investigación por el posible uso de un helicóptero para que Wang y su equipo atravesaran la parte más peligrosa de la ruta. Muchos internautas anunciaron un boicot a su ropa.","elcomercio","31/05/2014"
"Habla, memoria","Algunos hechos sobre el Caso Ecoteva. Cuando iban saliendo a la luz, como una cadena de géisers que de pronto erupciona, todas las revelaciones sobre los misteriosos movimientos de dinero detrás del Caso Ecoteva, Alejandro Toledo apuntó hacia su suegra. As consumió lo que, a juzgar por quien presidiera la mencionada sociedad desde la que se giró el dinero y por quien figuraba en los contratos de compra de propiedades inmobiliarias que dieron lugar al escándalo, tenía pensado hacer desde un primer momento en caso de peligro. No había por qué pensar, dijo el ex presidente, que ‘si la suegra es de Toledo, entonces el dinero es de Toledo’. Y bueno, claro, tenía razón en que del hecho de que su suegra hiciera compras millonarias –una casa en Casuarinas por US$3750.000 y una oficina por US$882.000– no tenía por qué deducirse que era él quien se encontraba detrás de las mismas. La deducción vino después, aunque, es cierto, se produjo rápidamente. Tan rápidamente como empezaron a darse las contradicciones respecto a la fuente de la que su suegra habría obtenido el dinero en primer lugar: de una indemnización millonaria por el holocausto; de un marido supuestamente millonario al que había enviudado; de un préstamo de Josef Maiman, el conocido empresario israelí amigo del ex presidente Toledo; de Josef Maiman, ya no como préstamo sino directamente, pues él habría estado invirtiendo a través de la señora Fernenbug; etc. Estas falsedades puestas en evidencia, por otra parte, resultaron ser solo piezas de un dominó de mentiras que tiene una explicación difícil de encontrar, salvo, por supuesto, que la explicación sea que se estaba tratando de ocultar algo. Así, pues, resultó que el dinero provenía de una sociedad costarricense cuyos accionistas eran una empleada de limpieza y un guardia de seguridad del estudio de abogados que la constituyó. Y resultó también que no solo el señor Toledo sí había tenido que ver con la constitución de esta sociedad, sino que de hecho –según declaraciones del abogado costarricense que la constituyó– esta se dio por un encargo expreso del ex presidente (quien, por lo demás, y según consta en su récord migratorio, sí estuvo en Costa Rica por esos días). Por si esto fuera poco, apareció el corredor inmobiliario que había vendido la casa de Las Casuarinas y pudo demostrar, con mails intercambiados con la señora Karp, que tampoco era verdad que el ex presidente no había estado involucrado en la compra del mencionado inmueble. Mientras tanto, el vendedor de la oficina testificó que el ex presidente Toledo había llevado a cabo directamente las negociaciones de la compra y visitado varias veces el inmueble. Casi en paralelo se supo que esta sociedad supuestamente no relacionada con Toledo había pagado la hipoteca de su casa en Camacho y la compra de su casa en Punta Sal. Y así podríamos seguir. Llegó un momento en que el ex presidente hablaba como si se hubiese desdoblado y no hubiese sido él quien había dejado todas esas huellas en el pasado que desmentían directamente lo que hacía en el presente. Ciertamente, no daba la impresión de ser alguien consciente, en absoluto, de la máxima de Quintiliano: ‘El mentiroso ha de tener buena memoria’. Esta semana la fiscalía formalizó su acusación penal en el Caso Ecoteva. En ella, parece haber tomado la palabra al señor Toledo cuando ha dicho que el dinero y los movimientos con apariencia de lavado de activos (en las cuentas de Ecoteva entraron US$9 millones de una procedencia hasta ahora injustificada) eran de su suegra: ella es la denunciada, junto con el abogado que la ayudó en sus operaciones. Puede que esto sea parte de la estrategia legal de la fiscalía, que ha dicho que podría denunciar posteriormente al ex presidente Toledo. Le daremos, al menos por el momento, el beneficio de esa duda. Pero creemos que de cualquier forma valía la pena recordar estos hechos aunque sea solo para que no se den luego más de esas rehabilitaciones políticas de personajes de dudosa moral que, más que a nadie, acaban dañando el prestigio y la solidez de la propia democracia.","elcomercio","31/05/2014"
"Se dispuso alerta nacional para encontrar a Martín Belaúnde Lossio","Tra el empresario Martín Belaúnde Lossio y otros investigados por el Caso La Centralita, se dispuso una alerta nacional para dar con su paradero.  Según fuentes de El Comercio, ni bien se tom conocimiento del mandato judicial, la Superintendencia Nacional de Migraciones dispuso el inmediato control fronterizo y tom las medidas de precaución respectivas en todos los aeropuertos del país. Todo est controlado, tanto Migraciones como Requisitorias, en el caso de que Belaúnde Lossio pretenda fugarse del país, seal una fuente a este Diario.  Para ello, cuentan con el apoyo de la Dirección de Investigación Criminal (Dirincri) de la Policía Nacional.  La madrugada del jueves, el juez Richard Concepción dict prisión preventiva por 18 meses contra el referido empresario por el Caso La Centralita.  De acuerdo con el magistrado y la investigación fiscal, Belaúnde Lossio utiliz su empresa Ilios Producciones como fachada para una presunta organización delictiva, encargada de corromper a funcionarios pblicos y comprar las líneas editoriales de los medios de comunicación ancashinos. Este grupo estaría liderado por el detenido presidente regional de Ancash, César Ílvarez. Tiempo después, el inmueble fue llamado La Centralita.  Un informe de la Procuraduría Anticorrupción, del 5 de mayo, va en la misma línea que el Ministerio Pblico. No obstante, agrega que Belaúnde, quien fue jefe de prensa de Ollanta Humala en la campaña del 2006, habría utilizado al diario La Primera [de su propiedad] para atacar a los adversarios políticos del presidente regional de Ancash a cambio de dinero.  Las pesquisas del caso, a cargo del fiscal Laureano Ancca, sealan también que existen elementos de convicción que acreditan que la ltima campaa de reelección de Ílvarez se planiﬁc en el referido edificio, ubicado en la calle Los Pinos N 600, en la urbanización La Calleta (Chimbote). All ingresaba y de all sala material propagandístico, as como los electrodomésticos que se distribuyeron durante la campaña del 2010.","elcomercio","31/05/2014"
"Involucrados en el Caso La Centralita buscan evadir la justicia","Desde la noche del miércoles en que el juez Concepción empez a decidir quienes afrontaran la investigación bajo prisin preventiva, son 26 involucrados que están prófugos. Entre ellos, destacan Jorge Burgos Guanilo, ex asesor de prensa de Ílvarez; Rosa Olivares de la Cruz, periodista y operadora; Carlos Cristóbal Saavedra, hijo del congresista Víctor Crisólogo (Per Posible); y Florencio Román Pereyra, vicepresidente regional de Ancash.  A la mayoría de ellos se los acusa de haber incurrido en los delitos de asociación ilícita y peculado en agravio del Estado.","elcomercio","31/05/2014"
"Fiscal alista pedido para levantarles inmunidad a congresistas","El fiscal anticorrupción del Santa, Laureano Ancca Chumbe, elabora el documento con el que pedir formalmente el levantamiento de la inmunidad parlamentaria de los congresistas Heriberto Bentez y Víctor Crisologo, a ﬁn de que sean procesados por el Caso La Centralita. Ambos parlamentarios serán encausados por los presuntos delitos de peculado y asociación ilícita.  Esta diligencia se encuentra programada dentro de la Disposición Fiscal 28-2014, contenida en la carpeta N3106015500-2011, en la que el fiscal dispone requerir al juez del Tercer Juzgado de Investigación Preparatoria del Santa, Richard Concepción, la elevación del requerimiento a la Corte Suprema de Justicia, a ﬁn de que sea finalmente enviado al Congreso de la República.","elcomercio","31/05/2014"
"Fiscalía investiga si hubo colusión en la venta de terrenos en Tumbes","La venta fraudulenta de casi 36 hectáreas de terrenos eriazos en Tumbes ya es objeto de investigación penal. La Primera Fiscalía Provincial Penal Corporativa de ese departamento inici una investigación preliminar contra siete funcionarios del Gobierno Regional de Tumbes, que preside el cuestionado Gerardo Vías, y los tres compradores.  Según informó la Contraloría General de la República, la fiscalía presume que se cometió delito de colusión en agravio del Estado. En agosto del 2012, la Dirección Regional de Agricultura de Tumbes adjudicó y vendió tres lotes de terrenos eriazos, que juntos tenían una extensión de 36 hectáreas, a Eva María Ruckner de la Portilla, distrito de Canoas de Punta Sal.  Los terrenos se ubican en el distrito y sus hijos Jorge Sebastián Bernal y Benjamín Bernal. El precio total fue de S/.2.500.  Los funcionarios y los compradores habrían concertado para defraudar al Estado. Los terrenos se remataron bajo la premisa de que en ellos se desarrollara un proyecto de crianza de ganado en 4 años. Si no se cumplía, la venta quedaría anulada.  Pero en abril del 2013, la Dirección Regional de Agricultura levant estas restricciones, porque –según señalaba un informe que resultó ser fraudulent– se había implementado el proyecto.","elcomercio","31/05/2014"
"Privatización directa: Despolitizar Petro-Perú","El gobierno plantea una privatización del capital de Petro-Perú. Yo hubiera preferido una privatización directa. Sin embargo, el aporte privado puede ayudar a mejorar la gestión y excluir al Estado (y al gobierno) del manejo empresarial. Ese debería ser el objetivo.   Interesante opción: Accionariado difundido  La ley de modernización no contempla el accionariado difundido. Es una opción que abona en favor de la transparencia. Los jubilados, los fonavistas, ciudadanos particulares o los trabajadores de Petro-Perú podrían participar en alguna medida.","elcomercio","31/05/2014"
"Investigan a fiscal Parco por no haber denunciado a Toledo","Magistrada del Caso Ecoteva niega irregularidades y asegura que se la investiga porque, según procuradora Julia Prúncipe, el proceso se podía caer por no acusar al ex presidente.  La fiscal suprema de Control Interno, Nora Miraval, inici el 26 de mayo un proceso de investigación disciplinaria a la fiscal del Caso Ecoteva, Elizabeth Parco, por presuntas irregularidades en el ejercicio de sus funciones. As lo revel ayer el fiscal de la Nación, Carlos Ramos Heredia.  En su dictamen fiscal, Parco denunció por lavado de activos a Eva Fernenbug (suegra del ex presidente Alejandro Toledo) y a su ex apoderado legal David Eskenazi, y se reservó hacer la denuncia contra los demás investigados, como el propio Toledo y su esposa, Eliane Karp.  No hay ningún tipo de irregularidad en la investigación, todo est conforme a ley. Decir que me lavo las manos como lo ha hecho la procuradora es una injuria contra mi persona, afirmó Elizabeth Parco Mesa, fiscal provincial penal.","elcomercio","31/05/2014"
"As lo dijo","El porqu Es esta omisión la razón de que  ahora se investigue a Parco?, se  pregunt a Carlos Ramos. “Yo  nlo puedo decir, pero esa puede  ser una de las hipótesis”, señal. Sin embargo, El Comercio supo que aquella es la razón  de la investigación. Ramos aseguró que la investigación a Parco es un proceso  independiente del pronunciamiento que un fiscal superior  hará con respecto al contenido del dictamen sobre Ecoteva. El origen de este caso fue la  compra de una casa en Las Casuarinas por US$3’750.000 y  a oficina en la Torre Omega por US$882.400 a nombre de Eva Fernenbug. El  dinero fue transferido de la empresa Ecoteva, con cuyos  fondos también se cancelaron las hipotecas de las casas  de Toledo y Karp en Camacho y Punta Sal.","elcomercio","31/05/2014"
"La fiscal se defiende","La fiscal Parco neg cualquier irregularidad. Dijo  que la indagación que le han abierto es una represalia por  haber dicho que el peritaje contable de la Procuraduría  de Lavado de Activos era insuficiente. “Y en mérito a lo que ha dicho la procuradora [de Lavado de Activos] Julia Príncipe, ahora se cree que  ya irregularidades en la investigación y no es así”, dijo. Sostuvo que el caso no se  vá a caer por no haber denunciado aún a Toledo, como dice la procuradora Príncipe, y aseguró que por ahora  no hay pruebas contundentes contra el ex mandatario, pero cuando estas aparezcan  se podrá denunciarlo. También explicó por qué  emitió su dictamen pese a  que faltaba evaluar documentos: “No voy a tener paralizada la investigación  mientras llega la información de Israel o Suiza. Ya no  podía esperar más.","elcomercio","31/05/2014"
"Viejos conocidos. Alberto Fujimori y su asesor Vladimiro Montesinos habrían coordinado los titulares de los diarios chicha.","Montesinos y Fujimori  se volverán a ver en  el Diroes el 6 de junio Ex asesor testificar  la próxima semana en  el juicio de los diarios  chicha. Ayer lo hizo el  periodista Ángel Péz. El ex asesor presidencial Vladimiro  Montesinos ofrecer, el 6  de junio, su declaración testimonial en el juicio que se sigue  al ex presidente Alberto Fujimori por el caso de los diarios chicha. As lo dispuso la Cuarta Sala Penal Liquidadora. En esta audiencia, que se  realizará en la sede de la Diroes, en Ate, Montesinos deber aclarar  las afirmaciones efectuadas por su ex colaboradora Matilde Pinchi Pinchi. Ella ha declarado que Fujimori  sabía todo lo concerniente  al desvío de fondos públicos al desaparecido Servicio de Inteligencia Nacional para su campaña de re-reelección en el 2000. Pinchi Pinchi sostuvo además que, según le comentaba  Montesinos, él consultaba los titulares de los diarios chicha a  Alberto Fujimori por un teléfono encriptado. Fujimori hizo preguntas En la audiencia de ayer, se present el periodista del diario “La República” Ángel Péz, quien  fue atacado por las campañas de desprestigio desplegadas por los diarios chicha a fines de los noventa. Péz recordó que ello se debió a que investigó el pago de  coimas en los procesos de compra de armamento para las  Fuerzas Armadas. Durante el interrogatorio,  Fujimori se sent al costado de  su abogado, William Paco Castillo, y escribi algunas preguntas que fueron formuladas a Péz. Esto fue advertido por el colegiado, por lo que se llamó la atención al procesado.","elcomercio","31/05/2014"
"Tres de cada 10 limeños no participaron en simulacro nacional de sismo y tsunami","Cifra es la misma que la registrada el año pasado. Indeci indica que continuará con estos ejercicios y que insistirá en la sensibilización. Las cifras de participación  ciudadana no parecen moverse con relación a los simulacros y a veces retroceden,  como en el simulacro nocturno del año pasado. El Indeci  pidió a la población que se comprometa y tome en serio  estas actividades. Fernando González-Oláechea T. Aunque el sonido de sirenas y altavoces en los simulacros de  sismo y tsunami se ha vuelto más frecuente que hace unos años, la participación en estos  n no aumenta. A las 3 de la tarde de ayer, el Instituto Nacional de Defensa Civil (Indeci) realizó el primer ejercicio nacional de este tipo en lo que va del año y en Lima el 70% de la población participó. La cifra es similar a la que se calculó en el ejercicio de mayo del año pasado. Si bien la participación mejoro ligeramente respecto del 2013 (pasó del 70,58% al 72,12%), para el jefe del Indeci, Alfredo Murgueytio, aún falta concientizar a la población. “Hay que sensibilizar a la gente que no entiende la importancia  de estas actividades, hay que insistir”, dijo. Esas, paradójicamente, fueron las mismas esperanzas que guardó Murgueytio tras el simulacro de mayo del 2013, en el que pidió hacer más simulacros. El jefe del Indeci insistió en que los gobiernos locales y regionales deben comunicar sobre los riesgos de estos fenómenos naturales a sus pobladores. Murgueytio anunció que en octubre próximo se realizará un simulacro nocturno. El año pasado, el 60% de peruanos participó en este ejercicio, un 20% menos que en el 2012. Eso porque la gente no está en su trabajo o centro de estudios, sino en su casa, y no se siente obligada a participar, agregó el funcionario. En La Punta muchos adultos mayores participaron en las evacuaciones de casas durante el simulacro. Estas personas necesitaron ayuda para ir a los lugares seguros. El Indeci trabajará más de cerca con esa comuna para facilitar el escape de estas personas en caso de un tsunami. El simulacro duró diez minutos y durante ese lapso los minibuses de Pro Transporte se detuvieron en la vía. Lo mismo ocurrió con los trenes del metro de Lima, aunque por menos tiempo. En estos últimos, varios usuarios recién se enteraron en los vagones y en algunos casos, un par de días antes, por los carteles en las estaciones. En Miraflores se instaló un centro de comando en el pasaje Los Pintores (a un lado de la municipalidad), donde se pudo ver en dos monitores las imágenes de las 137 cámaras del distrito. En el ensayo de desastre participaron 120 serenos, 100 vecinos brigadistas y 20 policías del Escuadrón de Emergencia. La Municipalidad de San Isidro calculó que en su distrito unas 15.000 personas participaron del simulacro, especialmente en el centro financiero. En otros distritos, como el Cercado de Lima, se hizo énfasis en las zonas comerciales. Miguel Bellido Previsión. Aunque un 70% participó en Lima, Indeci señala que aún falta sensibilizar a la gente. Colegios también participaron El Ministerio de Educación también realizó tres simulacros ayer: por la mañana, tarde y noche. Según la institución, un 80% de los colegios participó del ejercicio. Según Aurora Zegarra, directora de Educación Comunitaria y Ambiental, se va a trabajar más en que los responsables de los colegios participen, especialmente porque no es una actividad voluntaria, sino una orden del ministerio. El Ministerio de Transportes y Comunicaciones recomendó que, ante un sismo, las comunicaciones se realicen a través de Internet, con breves mensajes de texto o mensajes de voz. En las regiones el interés no fue mayor En las distintas regiones del país la población participó mayoritariamente del simulacro organizado por Indeci. Sin embargo, el porcentaje no fue muy distinto al 70% de participación en Lima. Uno de los casos que más llamó la atención, incluso de sus autoridades, fue el de Ica, donde un 30% no se unió a los ejercicios de prevención, a pesar de que la región sufrió un gran terremoto el 2007. El secretario técnico provincial de Defensa Civil, Erín Gómez Aparcana, detalló que entre el grupo de pobladores que se resisten a participar se encuentran unos 3 mil comerciantes de los mercados Toledo, Modelo y Del Ró. Gómez también reveló que los distritos de San Juan Bautista, Ocucaje y Yauca del Rosario no han formado aún sus comités distritales de Defensa Civil. En Lambayeque, la cantidad de participantes fue menor, un 60%. El secretario técnico de Defensa Civil de la región, Carlos Balarezo, reconoció que aún falta realizar mucho trabajo para concientizar a la población. “Lo mejor de este ensayo fue la presencia de las instituciones de primera respuesta como la Fuerza Aérea, el Ejército, la Cruz Roja, policía y los médicos, entre otras”, dijo. Francisco Julca, responsable de Defensa Civil de Chiclayo, advirtió que en la ciudad existen decenas de zonas vulnerables ante la presencia de un posible fenómeno de El Niño o un movimiento sísmico. En Piura la reacción de la gente fue positiva. En el centro de la ciudad el tráfico se detuvo durante el ejercicio y en el puerto de Parachique se evacuó a los pobladores, así como a los pescadores. En Trujillo el simulacro se centr en el campus de la Universidad Nacional de Trujillo. Vulnerabilidad. En Lambayeque, el 60% de la población participó en el simulacro. En la región hay riesgo por fenómeno de El Niño.","elcomercio","31/05/2014"
"Piden reforzar seguridad en estaciones del Metropolitano tras agresión a Magaly Solier","Actriz denunció que  un sujeto se masturbó detrás de ella en un bus. Pro Transporte intenta  identificarlo con video. “Desgraciadamente, la agresión no fue comunicada ni al  chofer ni al personal del Metropolitano, por lo tanto la alerta del protocolo de seguridad no se activ”, dijo ayer Taló Fernández, gerente general de Pro Transporte, luego de que la actriz Magaly Solier denunciara que un sujeto se masturbó cerca de ella en un bus del servicio que la dej en la estación Arambur. La actriz hizo la denuncia en  el mediodía de ayer en un medio de comunicación. Luego del incidente, Solier se bajó en la mencionada estación junto a la persona a quien acusó de masturbarse cerca de ella. En un vídeo de seguridad del Metropolitano se ve que la actriz le increpa algo a un hombre y lo abofetea. Según Fernández, estas imágenes eran muy “sutiles” para que intervengan de oficio. Sin embargo, dijo que con la grabación la policía podría identificar al acusado. Solier llegó a Pro Transporte por la tarde a ver el video y luego presentó su denuncia ante la policía. Consultado sobre este caso y  todos dos en los que se registraron agresiones en las estaciones del servicio (un conductor golpeado en el paradero Las Flores y un vigilante atacado en la estación Balta), Fernández indicó que en el primer caso un policía llegó, pero el conductor no hizo la denuncia inmediatamente. En el segundo, acudieron al lugar para asistir al agente golpeado. Los especialistas en transporte Luis Quispe Candia y Alfonso Freire dijeron que la respuesta de Pro Transporte ante estos casos debe ser más rápida y coordinada con la policía. “Demoramos lo que tardamos en llegar, tenemos seis camionetas”, sostuvo al respecto Fernández. La Defensora del Pueblo enfatizó en un comunicado que Pro Transporte debe mejorar la reacción ante agresiones en el Metropolitano. “Es necesario que se adopten medidas de seguridad eficientes, así como afinar los protocolos de seguridad para atender los reclamos de las ciudadanas que se sientan afectadas”, subrayó la institución.","elcomercio","31/05/2014"
"Wolfenstein renueva los videojuegos de disparos","Wolfenstein: He New Order lleva la historia bélica a la década de los sesenta dominada por los nazis.  Juan Pablo Robles  A inicio de los 90 apareció un juego que revolucionó el género de los videojuegos de disparo en primera persona (FPS): Wolfenstein 3D. Ambientado en la Segunda Guerra Mundial, el juego narraba la historia del soldado William Joseph ‘B.J.’ Blazcowicz. Tal fue su éxito que se le considera el padre de los FPS.  Llegó al mercado Wolfenstein: The New Order (Bethesda Softworks). Ha captado la atención de la mayoría de ‘gamers’ no solo por los nuevos gráficos sino por detalles que traen de vuelta el clásico estilo del juego.  La historia del juego se inicia en 1945 con los nazis tratando de conquistar el mundo y un contraataque aéreo del Ejército de EE.UU. Las cosas no salen bien. Los alemanes cuentan con armas y máquinas de tecnología superior.  El héroe de siempre, B.J. Blazcowicz, es capturado y debe abandonar a sus compañeros. Durante su escapatoria ocurre una explosión y una esquirla lo deja en estado vegetal. Recién empieza el juego.  Blazcowicz recobra el conocimiento cuando la instalación médica en la que se encuentra es atacada por los nazis. En ese momento recuerda todo, pero ya son los 60 y el mundo está dominado por los alemanes.  El juego cuenta con una calidad gráfica bastante buena, sobre todo en los detalles de las sombras y las explosiones. Ha sido un trabajo largo con un resultado excelente.  La cantidad de armas que el jugador puede usar es extensa. Están disponibles desde las clásicas armas de 1945 hasta las existentes en este mundo, en esos años 60 que están bajo el dominio nazi.  Uno de los aspectos más importantes –por el cual recomendamos el juego– es que vuelven las normas clásicas de juego: la vida no se regenera al esconderse y es necesario encontrar medicina en los escenarios. Si el personaje está con la vida al 100% y toma medicina, su energía disminuirá de forma automática.  Calificación Wolfenstein: The New Order es un excelente FPS con historia impactante de 16 episodios. Lo recomendamos para mayores de edad.","elcomercio","31/05/2014"
"En 3 Pasos","Consejos para alargar la vida til de sus auriculares  Ahora más que nunca, los auriculares se han vuelto el accesorio indispensable para los dispositivos móviles, pero los usuarios no los cuidamos.  Hugo Prez  1 Guardelos en un estuche adecuado y enrolle el cable sin dañarlo.  Ya sea de botón (in-ear) o con vincha sobre la cabeza, es preferible guardar los auriculares en un estuche para protegerlos del polvo. Asimismo, procure enrollar el cable con cuidado para no quebrarlo. En http://goo.gl/sMU8AS puede encontrar una manera adecuada de hacerlo.  2 Limpielos periódicamente.  Lo recomendable es limpiarlos con un paño luego de cada uso. Cada cierto tiempo, puede usar un cepillo suave para una limpieza más profunda. Evite usar alcohol. Aunque algunos resisten salpicaduras y el sudor, es preferible secarlos y limpiarlos inmediatamente después de haber recibido esos líquidos.  3 Desconctelos y quitecelos cuando no los esté usando.  A veces es más cómodo dejarlos enrollados en el dispositivo, pero eso acelera su deterioro. También es común levantarnos de un lugar y darles un tirón por no habérnoslos quitado. Si no los está usando, retírelas. Tenga cuidado cuando los guarde en los cajones.","elcomercio","31/05/2014"
"Farmaco ayuda en la fertilidad de mujeres con cáncer","Chicago [AP]. Los mdicos podrían haber encontrado cómo ayudar a las jóvenes con cáncer de mama a evitar la infertilidad por la quimioterapia.  Solo basta con una inyección de goserelin en los ovarios para aumentar las posibilidades de que esa parte del cuerpo siga sana después del tratamiento e incluso aumentará la supervivencia de la paciente, según un estudio del Centro Oncológico Memorial Sloan Kettering, en Nueva York.  La quimioterapia suele causar insuficiencia prematura en los ovarios o una menopausia adelantada.  El resultado es alentador, pero no se pueden hacer comparaciones porque es posible que no todas las mujeres estudiadas estuvieran tratando de concebir, y otros factores podrían influir en esto.","elcomercio","31/05/2014"
"Ronaldo siente vergüenza por el Mundial e insta reprimir a los vándalos","El goleador histórico, miembro del comité organizador del Mundial, dice que las protestas son válidas, pero que debe frenarse la violencia.  Dejó de bombardear en la cancha, pero fuera de ella aún dispara con fuerza. Días después de declararse avergonzado por lo prometido y no cumplido para este Mundial, Ronaldo Nazario dijo que la policía debe sacar de la calle a los violentos.  Río de Janeiro [agencias]. El ex futbolista brasileño Ronaldo, miembro del comité organizador del Mundial, dijo ayer que las autoridades deben reprimir las posibles protestas violentas que surjan durante la Copa del Mundo e instó a la policía a “hacer caer las varas” sobre los vándalos.  Las huelgas y manifestaciones son habituales a menos de dos semanas del partido inaugural del 12 de junio.  “Las protestas siempre son válidas […] Pero en el momento en que aparecen vándalos encapuchados, la policía debe contenerlos”, dijo Ronaldo en un acto patrocinado por el diario “Folha”, de São Paulo. “Creo que tienen que hacer caer las varas, sacarlos de las calles”.  La seguridad es una de las principales preocupaciones del Gobierno Brasileño.  Fernando Grella, un alto cargo de seguridad del estado de São Paulo, señaló que la policía estaba reuniendo posibles casos delictivos contra un pequeño número de líderes de las protestas, que conspiraran para “cometer actos violentos, romper cosas, hacer vandalismo y atacar a la gente”.  La advertencia de Ronaldo llega días después de que dijera estar avergonzado por el fracaso de su país en terminar la infraestructura prometida.  “Como dije hace unos días, mi vergüenza es en nombre de la gente que realmente esperaba estas grandes inversiones […] reformas de aeropuertos, mobiliario urbano, todo lo que se prometió y no se cumplió”, reafirmó Ronaldo.  Estas fueron las críticas más duras vertidas por el astro brasileño sobre la planeación del Mundial.  Al mismo tiempo, la directora del comité organizador, Joana Havelange, nieta del ex presidente de la FIFA João Havelange, escribió en su cuenta de Instagram: “Lo que tenía que ser gastado y robado ya fue hecho”, en alusión a los preparativos de la magna cita.  Obras incompletas  Brasil ha gastado unos 11.500 millones de dólares en este Mundial. De ese monto, 4.000 millones se invierten en la construcción o renovación de estadios, varios de los cuales todavía están incompletos.  Los enormes gastos han sido criticados enérgicamente en Brasil y el exterior, y muchos cuestionan las prioridades en un país con un sistema escolar y hospitalario insuficiente y una economía en desaceleración.  Un magro aumento  La economía brasileña creció un escaso 0,2 % en el primer trimestre de este año, pese a la cercanía del Mundial.  Pelé, el otro gran ídolo futbolístico, también ha cuestionado los gastos para la Copa Mundial y las prioridades nacionales.  Calculó que solo se ha construido el 30% de la infraestructura aparte de los estadios.  En una entrevista que publicó ayer el periódico “O Globo”, el presidente saliente de la Corte Suprema, Joaquim Barbosa, dijo que la Copa Mundial “probablemente será mala para la imagen del país debido a que los responsables de su organización no se prepararon para un certamen de esta magnitud”.","elcomercio","31/05/2014"
"Justicia argentina obliga a declarar a vicepresidente por caso de corrupción","Tras dos años de investigación, Amado Boudou fue llamado además por un presunto tráfico de influencia.  Buenos Aires [Reuters]. El vicepresidente de Argentina, Amado Boudou, será interrogado por un juez federal como imputado en una causa en la que se investiga si participó en la compra irregular de una compañía que imprime papel moneda para el Estado.  La investigación se centra en si Boudou utilizó sus influencias para ayudar a la compañía impresora Ciccone a salir de la quiebra en el 2010, cuando era ministro de Economía, y luego la adquirió a través de un misterioso fondo de inversión llamado The Old Fund.  El juez federal Ariel Lijo, que investiga una causa que ha generado revuelo y que ha ocupado durante dos años, tres meses y tres semanas la primera plana de las publicaciones críticas de la presidenta Cristina Fernández, citó a Boudou y a otros implicados en la causa para el 15 de julio.  “Yo me voy a presentar [a declarar] porque soy inocente y quiero demostrarlo, y quiero terminar con toda esta operación mediática”, dijo Boudou a una radio local.  Lijo señaló en su resolución que Boudou habría aprovechado su condición de funcionario para, junto con otro socio, comprar Ciccone “con el fin último de contratar con el Estado Nacional la impresión de billetes”. En medio del escándalo, el Gobierno expropió en el 2012 Ciccone, ahora rebautizada como Compañía de Valores Sudamericana, por considerar de utilidad pública la confección de billetes. La oposición ha dicho que la nacionalización buscó destruir pruebas del caso.  Dirigentes opositores han pedido a Fernández que aparte a Boudou de la vicepresidencia argentina. Sin embargo, pese a la citación, la primera de este tipo para un vicepresidente en ejercicio desde el restablecimiento de la democracia en 1983, Boudou subrayó que de ninguna manera va a renunciar ni se va a apartar temporalmente de su cargo porque es “inocente” y no ha actuado al margen de la ley.","elcomercio","31/05/2014"
"La epidemia del dengue arrecia en el sur","Una fiebre se extiende en Campinas, en el sureste de Brasil, centro de entrenamiento de Portugal, la selección de Cristiano Ronaldo, y de Nigeria. Pero no es la fiebre mundialista, sino la del dengue.  El número de personas afectadas por esta enfermedad tropical en Campinas en lo que va del 2014 ya es 32.384.  “Es una epidemia récord, supera los 11.500 casos del 2007”, dijo a France Press Andrea von Zuben, coordinadora del programa de lucha contra el dengue en esta ciudad cercana a São Paulo.  El dengue se asemeja a una fuerte gripe y es raramente mortal: de todos los casos registrados, solo hubo tres muertes. Otras tres están en estudio para determinar si se debieron al ‘Aedes aegypti’, el mosquito que lo transmite.  Pero Von Zuben intent tranquilizar: “Las dos selecciones llegarán en condiciones climáticas desfavorables para los mosquitos, con temperaturas más bajas”. Señaló, además, que los sitios que frecuentarán fueron fumigados.  “Colocamos larvicidas en el aeropuerto, en los centros de entrenamiento y los hoteles; las selecciones correrán menos riesgo que la población”, remarc Von Zuben.  Hubo una comunicación bastante estrecha con los seleccionados y sus médicos. “Querían saber, estaban inquietos”, reconoci Von Zuben. También se aconsejó a los equipos mundialistas utilizar repelentes.","elcomercio","31/05/2014"
"Municipalidad de San Borja planea reducir parque","Seores Directores: Somos vecinos del Jr. Strauss, frente al cual se ubica el parque Salaverry, a la espalda de la cuadra 29 de la Av. Aviacin. El hermoso espacio verde, cuya foto adjuntamos, es uno de los ms pequeos del distrito de San Borja; sin embargo, la municipalidad, sin haber comunicado por escrito a todos los vecinos del distrito la construccin de un parqueo y minigimnasios, va a proceder de manera inmediata a la ejecucin de este proyecto. Los vecinos residentes del jrn Strauss hemos manifestado nuestra oposicin a este proyecto, ya que es un atentado contra la ecologa y la tranquilidad de la zona residencial.  Atentamente, HUGO SALAS VERA DNI 09149579","elcomercio","31/05/2014"
"Columnista de El Comercio renuncia por haber sido elegido magistrado del Tribunal Constitucional","Seores Directores: Por la presente, les informo que no puedo seguir desempendome como columnista de la   MIGUEL BELLIDO/ ARCHIVO  EN EL RECUERDO. Maana se cumple una semana del fallecimiento de nuestro director periodstico, Fritz Du Bois. El dolor por su partida no se atena y las muestras de pesar siguen llegando a nuestra redaccin.  Congreso de la Repblica Mis ms sentidas condolecncias a la familia del Grupo el comercio por el fallecimiento de Fritz Du Bois. Reciban mi muestra de solidaridad y mi reiterada condolencia. peDro spaDaro pHilipps  same por el fallecimiento del director periodstico del diario el comercio, Sr. Fritz Du Bois, y solicitamos hacerlo extensivo a los familiares y al personal periodstico y administrativo. rubn acurio riVas Gerente general  Congreso de la Repblica El motivo de este mensaje es para expresarles mis ms profundas condolecncias por el fallecimiento del economista Fritz Du Bois, quien fuera director periodstico del diario el comercio. Vicente Zeballos salinas  Congreso de la Repblica Expreso mi ms sentido pesar por el fallecimiento de Fritz Du Bois Freund, director periodstico del diario el comercio, y lo hago extensivo a toda la familia de esta casa editora. martn belaunde moreyra  Congreso de la Repblica Reciban por la presente mis ms sinceras condolecncias por el sensible fallecimiento del señor Fritz Du Bois Freund. rolando retegui flores  Municipalidad de Barranco Expreso mi profundo pesar por el sensible fallecimiento del señor Fritz Du Bois Freund. Jessica vargas gmez Alcaldesa  Municipalidad de Lince Expresamos nuestras condolecncias por el lamentable fallecimiento del señor Fritz Du Bois Freund, director periodstico del diario el comercio. martn principe laines Alcalde  Pacific Latam Manifestamos nuestras sinceras condolecncias por el repentino fallecimiento de Fritz Du Bois. En nuestra dia- ria labor, aprendimos a valorar mejor a quienes caminan con nosotros, por ello sentimos la partida de su director, a quien recordamos por su excelente trayectoria profesional y reconocida calidad como persona. ernesto pye Presidente a.i.","elcomercio","31/05/2014"
"Aclaración sobre venta ilegal de tierras en Tumbes","Por medio de la presente, me presento y digo que desde el 26 de mayo del 2014 va la web de el comercio, as como tambin el 27 de mayo del 2014 en   SBADO 31 DE MAYO DEL 2014  SBADO 31 DE MAYO DEL 2014  clubsuscriptores.pe Llame al 311-5100 y suscrbase a El Comercio.   EL COMERCIO .A31  A32. EL COMERCIO   AVISOS  SBADO 31 DE MAYO DEL 2014  SBADO 31 DE MAYO DEL 2014  Destacada firma suiza  WATCH ME & SWATCH STORE  Increbles beneficios en Victorinox — Los abonados tienen el 15% de descuento en la lnea de ropa (polos, camisas, casacas, chompas, abrigos y pantalones) y en juegos de cuchillos, a excepcin de los modelos forjados. Encuentre los locales en el Jockey Plaza y Larcomar.  Un accesorio de lujo — Identifquese como suscriptor en todas las tiendas y haga efectivo el 30% de descuento. En esta promocin tambin participan reconocidas marcas como Lacoste, Tommy Hilfiger, entre otras. Para conocer ms detalles de las ofertas visite clubsuscriptores.elcomercio.pe.  Posdata  VITO MIRR  Cecilia Bolocco Ex Miss Universo chilena","elcomercio","31/05/2014"
"Niega vínculo con César Álvarez","Seores Directores: En el informe periodstico publicado el 22 de mayo del 2014 tanto en la edicin impresa como en la web bajo el ttulo “Procurador dice que hay ms de cien sospechosos en caso n-cash”, se seala que el procurador ha indicado que, segn la declaracin de un testigo clave, mi persona era la encargada de remitir esa informacin al local de ‘La Centralita’.  Juan Carlos Barrios Valos seala quin le estaba pagando para que grabase el video referido por el procurador Christian Salas Beteta e incluso para que se presente como testigo el señor Jorge Pazos Holder, persona con la que mantengo pleitos de carcter privado.  Cabe indicar que el 23 de mayo del 2014 denunci por estos hechos tanto al señor Jorge Pazos Holder como al señor Juan Carlos Barrios Valos ante la Novena Fiscalía Penal de Lima, lo cual acredito con el cargo adjunto.  Atentamente, RODOLFO ORELLANA RENGIFO DNI 06770549","elcomercio","31/05/2014"
"Deslinda participación en falsificación de documentos de la Sunarp","Mediante la presente me dirijo a usted, con relacin al artículo publicado en el diario el comercio con fecha 25 de mayo del 2014, en la página A12, referido a la inscripción de un edificio ubicado en San Isidro, bajo el amparo de la ley 27157.   En ese artículo se me menciona como ex subgerenta de Obras Privadas de la Municipalidad de San Isidro, sin esclarecer mi participación en este hecho, pues fui sorprendida con la falsificación de mi firma en documentos que fueron utilizados para la inscripción a través de un trámite efectuado ante el Registro de Predios.  Al respecto, requiero, conforme al derecho que me asiste, que procedan a hacer la rectificación correspondiente debido a que lo señalado anteriormente no es claro y da a entender que soy parte de la farsa. Por ello, solicito que se precise que en marzo del 2010, a través del expediente 253319, se inició el procedimiento de demolición total del referido inmueble, culminando el mismo con la emisión de la resolución de demolición total 158-2010, resolución que no fue emitida por mi persona, puesto que asumí el cargo de subgerenta de Obras Privadas a partir del 1 de enero del 2011.  Atentamente, ARQ. SILVIA RIVAS DEL MAR DNI 07720455","elcomercio","31/05/2014"
"Nigeria. Pero no es la fiebre mundialista, sino la del dengue.","El número de personas afectadas por esta enfermedad tropical en Campinas en lo que va del 2014 ya es 32.384.  Es una epidemia récord, supera los 11.500 casos del 2007, dijo a France Press Andrea von Zuben, coordinadora del programa de lucha contra el dengue en esta ciudad cercana a São Paulo.  El dengue se asemeja a una fuerte gripe y es raramente mortal: de todos los casos registrados, solo hubo tres muertes. Otras tres están en estudio para determinar si se debieron al ‘Aedes aegypti’, el mosquito que lo transmite. Pero Von Zuben intent tranquilizar: Las dos selecciones llegarán en condiciones climáticas desfavorables para los mosquitos, con temperaturas más bajas. Señaló, además, que los sitios que frecuentarán fueron fumigados.  Colocamos larvicidas en el aeropuerto, en los centros de entrenamiento y los hoteles; las selecciones correrán menos riesgo que la población, remarc Von Zuben.  Hubo una comunicación bastante estrecha con los seleccionados y sus médicos. Querían saber, estaban inquietos, reconoci Von Zuben. También se aconsejó a los equipos mundialistas utilizar repelentes.","elcomercio","31/05/2014"
"Hijos de ex presidentes son protagonistas de la elección uruguaya","Montevideo [agencias]. Mañana se realizarán elecciones internas en los partidos políticos de Uruguay con miras a definir los candidatos que disputarán los comicios presidenciales del 26 de octubre. Sin embargo, los uruguayos están más interesados en el Mundial y en la recuperación de su goleador Luis Suárez.  As, en medio de un clima de desinterés de más de la mitad de los 2,6 millones de ciudadanos habilitados para ir a las urnas, el proceso para elegir al sucesor de José Mujica presenta una particularidad: dos candidatos son hijos de ex presidentes y el favorito es un ex mandatario.  En el gobernante Frente Amplio la elección interna es un mero trámite, ya que hay una diferencia de casi 60 puntos porcentuales entre el ex presidente Tabaré Vázquez y la senadora Constanza Moreira. Según el propio presidente Mujica, la elección «será más aburrida que bailar con la hermana».  En el Partido Colorado el favorito es el senador Pedro Bordaberry, hijo del ex dictador Juan María Bordaberry. Él prefiere que lo llamen simplemente Pedro. En el Partido Nacional, Jorge Larrañaga supera por 10 puntos al diputado Luis Lacalle Pou, hijo del ex mandatario Luis Alberto Lacalle (1990-1995).  AFP  ELECCIONES. Seguidores de Vázquez frente al Parlamento. Diez partidos irán a las urnas, pero la participación no es obligatoria.","elcomercio","31/05/2014"
"La historia detrás del abrazo que unió a tres religiones","Omar Abboud y el rabino Abraham Skorka reflexionan sobre su amistad con el Papa.  ANERIS CASASSÚS Desde Buenos Aires  Fue un abrazo espontáneo, de esos que se dan los amigos. Un abrazo salido del protocolo y cargado de significado. La foto del papa Francisco estrechando los brazos al rabino Abraham Skorka y al musulmán Omar Abboud frente al Muro de los Lamentos dio la vuelta al mundo en cuestión de segundos.  Era la imagen de tres amigos que cumplían un sueño en el que habían estado trabajando por muchos años en Buenos Aires: reunirse en Tierra Santa para dejar un mensaje de paz en una zona señalada por el conflicto y demostrar que la convivencia interreligiosa es posible. Lo logramos!, dijeron mientras se abrazaban y enseguida escucharon una ráfaga de clics.  Es un símbolo, uno de los tantos con los cuales deja mensajes Francisco. El abrazo fue obra de la espontaneidad porque en la guía protocolar del viaje no estaba prevista nuestra participación en el Muro de los Lamentos, cuenta Abboud desde Roma a El Comercio, a punto de subirse a un avión que lo traer de vuelta a la Argentina. Abboud había participado, en febrero, de una audiencia en la que Francisco recibió en el Vaticano a una comitiva interreligiosa de 45 argentinos que había viajado a Tierra Santa. En aquel encuentro el Papa comentó que incluiría a un judío y a un musulmán en su propio viaje, un gesto sin precedentes en una gira papal. Mirá que el musulmán sos vos, le dijo mientras se despedían. A Abboud la invitación lo tomó por sorpresa. No me esperaba semejante honor, dice.  Conoció a Francisco hace más de 12 años, cuando aún era Jorge Bergoglio, arzobispo de Buenos Aires. Se encontraron en un Te Deum, al que son invitados representantes de todos los cleros. Después el cardenal hizo una visita al Centro Islámico, y desde ese momento siguieron en contacto.  El apoyo de Bergoglio fue fundamental para que Abboud, junto a un sacerdote y un rabino, creara el Instituto de Diálogo Interreligioso de Buenos Aires, que hoy dirige. Fue el verdadero impulsor de este tema en Argentina. Abrí las puertas de la Iglesia para la participación de las minorías religiosas, asegura.  El rabino Abraham Skorka se cruzó por primera vez con Bergoglio a fines de los 90 y fue también en un Te Deum. Ese día se saludaron y bromearon sobre fútbol. Esa guía de hinchas selló el comienzo de una gran amistad. A partir de entonces empezaron a trabajar en el diálogo interreligioso, escribieron un libro juntos –Sobre el cielo y la tierra– y hasta condujeron un programa de TV durante el 2011 y 2012. Pese a la distancia, el vínculo siguió intacto cuando Bergoglio fue nombrado Papa. Se comunican por teléfono y por email y el rabino ya fue varias veces a visitarlo al Vaticano. Con aquella broma yo sentí su corazón cercano al mío. Nos convertimos en compañeros. A partir de ah empezamos a trabajar en el diálogo interreligioso, en distintos actos por la paz, y hoy en día tenemos una sólida y profunda amistad, cuenta Skorka.  Cuando empezó a organizar su viaje a Tierra Santa, el papa Francisco pensó en esos dos hombres de Buenos Aires con los que tanto había trabajado por el diálogo interreligioso. Abboud y Skorka también fueron invitados a participar de la cumbre por la paz que se celebrará el 8 de junio.  El Papa convocó a los presidentes de Israel, Shimon Peres, y de Palestina, Mahmud Abbas, a un encuentro de oración en el Vaticano. Sus amigos dicen que Francisco es el mismo de siempre, que no ha cambiado a pesar de su investidura.  Es difícil deﬁnir a Bergoglio. Es una mente brillante en muchos campos, pero por sobre todas las cosas es pastor. Elegiría la palabra coherencia. El componente ideológico sigue intacto desde su época de arzobispo. El mensaje a favor de los más humildes, los temas relacionados con pobreza o exclusión, con trata, con derechos humanos, con abrir la Iglesia – que no necesariamente significa cambiar doctrina– ahora tienen otra escala pero fueron permanentes desde que lo conozco, afirma Abboud.","elcomercio","31/05/2014"
"Crece escándalo en EE.UU. tras la muerte de 40 veteranos de guerra","Ex combatientes esperaban hasta 114 días para una cita médica en el hospital de Phoenix.  Washington [agencias]. El presidente Barack Obama aceptó la renuncia del director de la Administración de Veteranos de Guerra, Eric Shinseki, quien debió pagar el precio de un escándalo sobre la atención médica a militares estadounidenses.  Desde hace varias semanas, la situación del director del organismo encargado de los ex combatientes era cada vez más endeble por las revelaciones sobre graves anomalías en los hospitales que atienden a los veteranos, en particular en Phoenix (Arizona).  Esta semana, un informe independiente constató serios problemas en el sistema del citado hospital, donde al menos 1.700 veteranos que esperaban para una consulta de asistencia primaria no figuraban en la lista oficial electrónica.  El informe encontró, además, que frente a la media de 24 días de espera reflejada en los registros oficiales, la realidad es que esos veteranos tuvieron que esperar una media de 114 días, algo que fue ocultado mediante manipulación de historiales.  Los retrasos en la atención habrían costado la vida a 40 pacientes que aguardaban tratamiento médico.  Tras anunciar la renuncia, Obama dijo que las tardanzas y otras fallas en la atención de los ex combatientes no se limitaban a las instalaciones de Arizona, sino que eran sistemáticas y abarcaban todo el país.  Lamento de Shinseki Cuando comenz la crisis hace meses, dije que pensaba que el problema era limitado y aislado. Ya no lo pienso. Confí demasiado en algunos [colaboradores], afirm Shinseki.  No puedo explicar la falta de honestidad de ciertos dirigentes de nuestros establecimientos de salud. En 38 años en servicio, esto es una cosa que raramente encontré, agregó.  Obama nombró a uno de sus hombres de confianza, Rob Nabors, para que continuara con la auditoría.  SERVICIO A VETERANOS  PACIENTES  El sistema de salud de Asuntos de Veteranos de Estados Unidos atiende a unos 6,5 millones de personas al año.  INFRAESTRUCTURA  Cuenta con 152 hospitales, 800 clínicas para pacientes externos, 126 unidades de enfermería y 35 asilos en todo el país.  TRAYECTORIA  Eric Shinseki estaba al frente del departamento desde el 2009. Era uno de los pocos secretarios que permanecían en su cargo desde que Obama asumió el poder.  CORRUPCIÓN  Funcionarios del departamento en Phoenix al parecer alteraron documentos para que pareciera que los tiempos de espera eran menores a los reales. Algunos gerentes recibieron bonificaciones a pesar de los presuntos actos de negligencia.","elcomercio","31/05/2014"
"Según los últimos datos, las personas bautizadas en el mundo son 1.249 millones...","Según los últimos datos, las personas bautizadas en el mundo son 1.249 millones sobre un total de 7.200 millones, es decir, 17%; y, de este, casi la mitad es latinoamericano. Puede ser que el Papa, con sus iniciativas, busque abrir su Iglesia para evitar que ella se convierta en una religión regional, lo que resta universalidad al mensaje de Cristo. En todo caso, para el enriquecimiento de la razón humana, lo importante es que se discutan ampliamente los temas de fondo.","elcomercio","31/05/2014"
"Polícia investiga a dos colombianos por secuestro de ciudadano serbio","Desde hace 25 días los plagiarios no se comunican con familia de Marko Mitic. Móvil de rapto será la venganza.  La División de Investigación de Secuestros (Divisec) investiga a los colombianos José Sánchez Velásquez (29) y Carlos Dáaz Minaya (40) por estar presumiblemente involucrados en el secuestro del ciudadano serbio Marko Mitic (30), ocurrido el pasado 15 de abril.  Ambos fueron detenidos la tarde del miércoles en Ancón, cuando viajaban en un Volkswagen Jetta C7L-038. Según el Servicio de Administración Tributaria (SAT), el vehículo es de propiedad de Stephanie Valle. Ella también seria citada por la policía.  Los colombianos dicen que llegaron hace dos meses a Lima para poner un negocio, pero no sustentan esa declaración, dijo una fuente de la Divisec.  Esta dependencia policial descarta que se trate de un secuestro típico. Al parecer es por venganza, pero estamos investigando. [Mitic] Estuvo preso en el penal de Lurigancho por tráfico de drogas, dijo la fuente.  Al inicio, los secuestradores pidieron dinero por el rescate. Sin embargo, desde hace más de 25 días los plagiarios no se comunican con la familia de la víctima.  La búsqueda se ha intensificado en las últimas horas. El coronel Manuel Roncalla, jefe de la Divisec, dijo ayer a El Comercio que más personas podrían ser detenidas por este secuestro.  Asimismo, se supo que han solicitado información a la policía colombiana sobre los antecedentes de ambos detenidos.","elcomercio","31/05/2014"
"Fiscalía archiva una denuncia contra rector de la Garcilaso","La Primera Fiscalía Corporativa Especializada en Delitos de Corrupción de Funcionarios archivó la denuncia contra el rector suspendido de la Universidad Inca Garcilaso de la Vega Luis Cervantes Lin.  De acuerdo con el documento al que El Comercio accedió, a Cervantes se lo acusaba de tráfico de influencias porque había condecorado a fiscales y jueces para supuestamente «obtener ventajas en las denuncias que pesaban en su contra».  El denunciante, Lucas Lavado Mallqui –ex gerente de la universidad–, declaró que el archivo del caso demuestra el «poder de Cervantes en instituciones estatales». En la disposición se lee que el Ministerio Público no va a formalizar la denuncia ni continuar con la «investigación preparatoria porque no hay indicios suficientes».  Lavado agregó que la Fiscalía Penal 12 de Lima le abrió investigación junto a Freddy Aponte, presidente de la comisión encargada de intervenir la universidad. Esto por el presunto delito de usurpación de funciones.  «Nos han denunciado porque ingresamos al rectorado para instalar la comisión hace dos semanas», sostuvo. Ese grupo aún no puede instalarse.","elcomercio","31/05/2014"
"Directores de penales advierten sobre fallas que presentaban los bloqueadores","El jefe de la Oficina Regional Norte del INPE dijo que se le aconsejó al Ministerio del Interior no inaugurar los equipos en Trujillo y Chiclayo.  La filtración de llamadas desde el penal de El Milagro, en Trujillo, pese a los flamantes bloqueadores, no era una novedad. Según funcionarios del INPE, ya se había alertado de esta realidad al Ministerio del Interior, pero la advertencia no fue escuchada.  WILFREDO SANDOVAL  JOHNNY AURAZO  Chiclayo. El jefe de la Oficina Regional Norte del Instituto Nacional Penitenciario (INPE), Jorge Cotos Ochoa, revel ayer a El Comercio que ya se había advertido al Ministerio del Interior (Mininter) que era inoportuno inaugurar –el pasado lunes– los bloqueadores de señal celular instalados en las cárceles de Picsi (Chiclayo) y El Milagro (Trujillo) porque no funcionaban adecuadamente.  Los directores de los penales comunicaron de esta situación antes, durante y después de la ceremonia que encabezó el presidente del Consejo de Ministros, René Cornejo. Lamentablemente, la policía nunca nos hizo caso, dijo.  Cotos señaló que el anuncio de la instalación debió hacerse luego de que la empresa responsable terminara de probar y calibrar los equipos, proceso que aún no concluye porque en las cárceles de Chiclayo y Trujillo aún existen ‘focos’ a través de los cuales los internos pueden seguir haciendo llamadas.  Valoro los gestos de las instituciones por el esfuerzo que hacen para ayudar al INPE, pero este trabajo deben dejarlo en manos de los técnicos, sostuvo tras recordar que los bloqueadores de ambas cárceles son manejados por la policía.  Propuso que una empresa particular haga el monitoreo, debido a que el crimen organizado en el norte ya tocó fondo. Los equipos podrían ser objeto de manipulación, precisó.  Lo que ha encontrado el congresista Len Rivera en Trujillo no es nuevo. Esto se comunicó oportunamente y mis superiores [en Lima] hicieron lo propio a otras instancias, pero el Ministerio del Interior tenía otro tipo de análisis, mencionó.  Periodo de prueba  El Ministerio del Interior public ayer un comunicado en el que precisa que el periodo de prueba para calibrar los bloqueadores es de 30 días y que en la ceremonia de inauguración las autoridades fueron transparentes al mencionarlo.  También se informó que los primeros reportes de prueba en Chiclayo arrojaban un funcionamiento de los bloqueadores al 100% y en Trujillo, de no menos del 95%. No obstante, el jefe del INPE en el norte informó que en Picsi se ha logrado un avance de un 90 % en el bloqueo de celulares, mientras que en El Milagro no se supera el 80 %.   En el comunicado, el Mininter reporta que se está resolviendo el problema de los vecinos del penal El Milagro, ya que ellos denunciaron que tenían problemas con la señal celular.","elcomercio","31/05/2014"
"Las pinturas rupestres de Toquepala en peligro por heces de animales","Andrea Villaíz  URGE PROTECCIÓN. Las pinturas rupestres de Toquepala tienen una antigüedad de casi 10.000 años.  La Dirección Regional de Cultura de Tacna advierte que excremento de murciélagos afecta a los milenarios dibujos.  Tacna. Las cuevas y pinturas rupestres de Toquepala, ubicadas en una cueva en el distrito de Ilabaya, provincia de Jorge Basadre, en Tacna, que fueron dibujadas por el hombre hace casi 10 mil años, están en grave peligro de deterioro debido a que están expuestas a las heces de murciélagos y aves.  Ingrid Caferata, titular de la Dirección Regional de Cultura de Tacna, indicó que arqueólogos de su institución confirmaron en marzo pasado que las pinturas se encuentran en «situación de riesgo» debido a la cantidad de excremento que se pega en los muros de piedra donde están los dibujos.  Caferata, quien precisa que no cuentan con expertos en arte rupestre, realizó gestiones con la Municipalidad Provincial de Jorge Basadre para que se encargaran de elaborar un proyecto de protección y salvaguarda de las pinturas. Luego de más de un año de gestiones, el alcalde de dicha comuna respondió negativamente aduciendo la falta de presupuesto.  Al respecto, el arqueólogo Jesús Gordillo indicó que las pinturas sufren daño eléctrico, producto de los fuertes vientos en la zona. Además, lamenta la desidia de las autoridades locales que no ven el tema cultural como parte del desarrollo. No se puede argumentar falta de presupuesto, en realidad es falta de interés, señaló. Esto, en referencia a que el año pasado el distrito de Jorge Basadre recibió S/.92 millones por concepto de canon.  Gordillo resaltó la necesidad de promover que las pinturas sean consideradas como parte de un gran proyecto cultural de interés turístico. Con poco presupuesto se pueden recuperar y poner en valor estas millenarias figuras. Son las primeras pinturas rupestres que se difundieron científicamente al mundo. Además, en el 2004 fueron declaradas Patrimonio Cultural de la Nación, finalizó.","elcomercio","31/05/2014"
"Congresista pidió informe sobre equipos","El congresista de Perú Posible por La Libertad, José León, comprobó el jueves 29 que los bloqueadores de señal celular e internet inalámbrico no funcionan en el penal El Milagro de Trujillo. Ante esto, León ha solicitado un informe detallado de los equipos instalados a los ministerios de Justicia y del Interior. Necesitamos saber cuánto se ha gastado en estos equipos que, está demostrado, no funcionan correctamente. Mientras tanto, los delincuentes siguen haciendo de las suyas, expresó León.  Al cierre de esta edición, el equipo del parlamentario confirmó que citarán al Congreso a la empresa Concitrade, la que instaló estos equipos.  Sobre el comunicado del Ministerio del Interior, el parlamentario trujillano manifestó que este reconoce que los bloqueadores no funcionan. Dicen que recién funcionarán en 30 días, pero lo cierto es que ahora no bloquean las llamadas, comentó.","elcomercio","31/05/2014"
"Tenía antecedentes Detienen a hijo del alcalde del distrito ancashino","Chimbote. La Policía capturó ayer a Marco Rivero Lomparte, de 26 años, hijo del alcalde del distrito de Comandante Noel (Ancash), Marco Rivero Huerta. Junto con Rivero Lomparte fue detenido Manuel Pajuelo. Este último guardaba dos cartuchos de dinamita y tres celulares con los números de empresarios de transporte locales. El hijo del burgomaestre, quien tiene antecedentes por violencia familiar, fue sindicado por la policía como el cabecilla de una banda de extorsionadores.","elcomercio","31/05/2014"
"Lo consultó con su familia Presidente regional de Piura no irá a la reelección","Piura. El presidente regional de Piura, Javier Atkins, anunció ayer en una conferencia de prensa que no postulará a la reelección. Su decisión sorprendió a sus seguidores, pues hasta la semana pasada el mandatario regional mostraba sus intenciones de participar en las elecciones de octubre próximo. Lo he consultado con mi familia y decidí no postular. Vamos a seguir apoyando el proceso de descentralización, fue el escueto discurso que brindó Atkins.","elcomercio","31/05/2014"
"Magaly Solier dijo que ningún pasajero del bus la defendió.","De acuerdo con lo denunciado por Magaly Solier, ella fue víctima de un acto contra el pudor. La pena es de cinco a siete años de cárcel.  En cuanto a los incidentes reportados (como el conductor amenazado en el paradero Las Flores y un vigilante atacado en la estación Balta), Fernández indicó que en el primer caso un policía llegó, pero el conductor no hizo la denuncia inmediatamente. En el segundo, acudieron al lugar para asistir al agente golpeado.  Los especialistas en transporte Luis Quispe Candia y Alfonso Freire dijeron que la respuesta de Pro Transporte ante estos casos debe ser más rápida y coordinada con la policía. Demoramos lo que tardamos en llegar, tenemos seis camionetas, sostuvo al respecto Fernández.  La Defensora del Pueblo enfatizó en un comunicado que Pro Transporte debe mejorar la reacción ante agresiones en el Metropolitano. Es necesario que se adopten medidas de seguridad eficientes, así como afinar los protocolos de seguridad para atender los reclamos de las ciudadanas que se sientan afectadas, subrayó la institución.","elcomercio","31/05/2014"
"Mujer embarazada pierde a su bebé por golpiza","Susan Velásquez Mayorga perdió a su bebé a las 23 semanas de gestación, luego de ser golpeada por su expareja, Julio César Vargas Rueda, y la actual conviviente de este, Jessica Parinango Minaya. El hecho ocurrió el lunes, en Villa El Salvador. Velásquez denunció que los sujetos le colocaron bolsas en la cabeza, le pegaron y la dejaron en un basural. La víctima se recupera en el hospital María Auxiliadora.","elcomercio","31/05/2014"
"Detonan una granada en casa de una comerciante","Una granada estalló la madrugada de ayer en el frente de la casa de la comerciante Ayde Cahuas Calle, de 55 años, en la cuadra 2 del jirón Independencia, en San Martín de Porres. Según testigos, la mujer recibía constantes llamadas de extorsionadores. A pesar de que Cahuas se encontraba dentro de su vivienda, la explosión no causó daños personales, pero sí materiales. La policía investiga el caso.","elcomercio","31/05/2014"
"Desde mañana multan a los taxis que circulen con placas antiguas","Los conductores que no hicieron el cambio serán sancionados con S/.456. Los locales de trámite atenderán hasta el mediodía de hoy.  Cualquier taxi que desde mañana circule con una placa distinta a la de color blanco con franja amarilla será llevado al depósito y su propietario deberá pagar una multa de S/.456. Estas sanciones también se aplicarán a los choferes de transporte urbano, interprovincial y de mercancías cuyos vehículos no cuenten con la nueva matrícula, según sus respectivas modalidades.  Al cierre de esta edición, el Ministerio de Transportes y Comunicaciones (MTC) no confirmó si la fecha para cambiar las placas había sido prorrogada. Sin embargo, una fuente de la Asociación Automotriz del Perú (AAP) aseguró que la prórroga se haría efectiva con un decreto supremo.  La posible ampliación del plazo respondería a las demoras de la Municipalidad de Lima para entregar los certificados de operación a los taxistas, requisito para tramitar el cambio de placa. El experto en transporte Lino de La Barrera opinó que los conductores podrían iniciar acciones, incluso judiciales, contra el municipio por ese incumplimiento.  Ante la gran demanda registrada en la última semana, las oficinas del Setame, de la Sunarp y de la AAP atenderán hoy hasta el mediodía. Solo hasta el miércoles la AAP entregó 141.480 placas a taxistas de Lima y Callao. La Sunarp informó que solo ayer recibió unas 5 mil solicitudes, que serán atendidas en las próximas 72 horas. Bertha Mantilla, de la Sunarp, dijo que las constancias de haber iniciado el trámite no evitarán las multas.","elcomercio","31/05/2014"
"Investigan a dos suboficiales que integrarían red de narcotráfico","Dos policías de la Dirección de Seguridad Aeroportuaria de la PNP son investigados por formar parte de una red de tráfico ilícito de drogas.  Se trata de los suboficiales superiores Enrique Francisco Cassano Chirinos y José Richard de la Cruz Gutiérrez.   Según la oficina de Imagen de la PNP, la red de narcotráfico se descubrió el pasado martes 28 en una de las salas de embarque del aeropuerto Jorge Chávez.  Agentes de la Dirección Antidrogas de la PNP (Dirandro) intervino al portugués Marco Alexandre Pires Barboza Antunes cuando intentaba partir a Madrid con 7,2 kilos de alcaloide de cocaína en una mochila. Al ser interrogado, el extranjero aseguró que le habían entregado la droga minutos antes en los servicios higiénicos del aeropuerto. Esta confesión fue clave para llegar a la red. En las imágenes grabadas por las cámaras de seguridad se observa a los dos suboficiales ingresar a los servicios en el mismo momento que denunció el portugués.  Investigados La Inspectoría General de la PNP inició una investigación preliminar y administrativa a ambos policías. El suboficial Cassano fue arrestado en la Dirandro, mientras que la Fiscalía Antidrogas ha pedido la detención de De La Cruz.  MÁS INVESTIGADOS Utilizaban oficina Según la Fiscalía Antidrogas, los dos suboficiales escondían la droga en la oficina de Inteligencia de la Dirección de Seguridad Aeroportuaria. Jefe también fue citado El Ministerio Público citó al jefe de esa entidad, Hugo Junchayya Vera, para que responda sobre esta denuncia.","elcomercio","31/05/2014"
"Caso Fefer: Juzgado solo citará a Ariel Bracamonte como testigo","Sala que procesa a Eva Bracamonte desestimó pruebas que vincularan a su hermano Ariel en el crimen de Myriam Fefer.  Luego de ocho meses de haber recuperado su libertad, Eva Bracamonte Fefer volvió ayer a los tribunales para afrontar un nuevo juicio por la muerte de su madre, Myriam Fefer, ocurrida en agosto del 2006.   Al término de la audiencia, a cargo del Colegiado B de la Segunda Sala para Reos en Cárcel, la joven se retir entre lágrimas porque los vocales desestimaron incluir en el proceso nuevas pruebas que, según su defensa, demostrarían su inocencia.  Se trata de supuestas conversaciones entre su hermano Ariel y el amigo de este, Julio Moscol, enviadas desde sus verdaderas cuentas de correo electrónico, dijo el abogado de Eva, Pavel Alvarado. No obstante, la sala rechazó el pedido argumentando que Ariel y Moscol solo participarán en el juicio como testigos. Se está oponiendo a todo lo que puede esclarecer la verdad, solo porque las pruebas indican a otros culpables, opinó el padre de Eva, Marco Bracamonte.  Durante el juicio se realizarán 17 diligencias. La próxima audiencia se programó para el viernes 6 de junio.","elcomercio","31/05/2014"
"Grandes temas de estos días","La opinión pública está muy involucrada en la discusión de la propuesta de unión civil de parejas del mismo sexo. Hay opiniones a favor y en contra, algunas intolerantes, es verdad, pero lo importante es que por fin se discuten ideas en el país, y mejor aún, de ruptura, por encima del habitual pleito político y de personas, destructivo y de figuración personal.  Paralelamente, en el ámbito mundial, dos nuevos temas han sido planteados por el papa Francisco, ambos a bordo del avión papal y que, por sus consecuencias, deberían ser también materia de una apasionada discusión similar a aquella de la unión civil. Dijo el Papa primero, a diez mil metros de altura: ¿Quién soy yo para juzgar a los homosexuales? y rectificó con ello la larga tradición de condena a la homosexualidad, presente desde el Levítico hasta las epístolas de San Pablo y castigada por siglos con el tormento y la hoguera. Eso se apoyaba también en la lógica de San Agustín y fue aplicada cruelmente en el siglo XIII a los Caballeros Templarios (guardianes de Jerusalén) acusados, entre otras cosas, de practicar el beso diabólico entre hombres, aunque en realidad el objetivo fuera apoderarse de sus riquezas.  Ahora, durante otro vuelo, Francisco ha señalado: El celibato sacerdotal no es un dogma y puede ser discutido. Esta idea tiene consecuencias que van más allá de lo dicho, pues si los sacerdotes pueden casarse, dejarán de estar unidos de manera exclusiva con la Iglesia. Además, el matrimonio reconocería de facto la igualdad entre los cónyuges, por lo que una mujer podría también consagrar el pan y celebrar la misa y, por lo tanto, podrían ser obispas y por qué no, papisas, como lo fue subrepticiamente la papisa Juana en el año 855 tal vez bajo el nombre de Benedicto III, aunque luego fuera condenada como hereje.  La vieja norma romana establecía: Lo que dijiste con tu boca, eso es y lo dicho por el Papa tiene consecuencias irreversibles. Pero lo importante es que, por primera vez, un asunto de derechos civiles nace desde el interior de la Iglesia contrario de lo ocurrido en la historia en la que, por siglos, los avances en la materia que se gestaron y desarrollaron en la sociedad debieron imponerse a la Iglesia después de largos debates. As sucedió con el reconocimiento del matrimonio civil, con el divorcio, con la abolición de la esclavitud e inclusive con la tenencia de alma por los indígenas del Nuevo Mundo. Si ahora el Papa evita juzgar la homosexualidad, evita por consiguiente condenar la vida en común de dos personas del mismo sexo.  Para algunos, estas propuestas son la forma de tomar la iniciativa en un mundo que mayoritariamente no es católico. Según los últimos datos, las personas bautizadas en el mundo son 1.249 millones sobre un total de 7.200 millones, es decir, 17%; y, de este, casi la mitad es latinoamericano. Puede ser que el Papa, con sus iniciativas, busque abrir su Iglesia para evitar que ella se convierta en una religión regional, lo que restaría universalidad al mensaje de Cristo. En todo caso, para el enriquecimiento de la razón humana, lo importante es que se discutan ampliamente los temas de fondo.","elcomercio","31/05/2014"
"Piura. El presidente regional de Piura, Javier Atkins, anunci ayer en una conferencia de prensa que no postulará a la reelección.","Su decisión sorprendió a sus seguidores, pues hasta la semana pasada el mandatario regional mostraba sus intenciones de participar en las elecciones de octubre próximo. Lo he consultado con mi familia y decidí no postular. Vamos a seguir apoyando el proceso de descentralización, fue el escueto discurso que brind Atkins.","elcomercio","31/05/2014"
"El puente Qeswachaka llegó al Cusco","Comuneros del distrito de Quehue, provincia de Canas, llevaron ayer hasta la Ciudad Imperial para realizar una demostración del proceso de renovación anual del puente de soga conocido como Qeswachaka. La tradición fue inscrita como Patrimonio Cultural de la Humanidad por la UNESCO y este año se realizará del 5 al 8 de junio.","elcomercio","31/05/2014"
"Una cruzada para salvar la vida en las montañas","A más de 4.200 m.s.n.m., pobladores de Cusco se adaptan al cambio climático. Vivir en las montañas es un desafío diario y esa lucha se vuelve cada vez más dura cuando las personas se alejan del nivel del mar. Por eso, llegar a los picos más altos del mundo es una hazaña que es digna de reportarse. Estos macizos son los protectores del clima templado de los pisos bajos y, sobre todo, son los guardianes de las aguas perpetuas que abastecen a muchas ciudades del mundo.  La semana pasada se realizó en la ciudad de Cusco el Foro Mundial de Montañas, en el cual cientos de especialistas debatieron sobre la amenaza para este ecosistema: el cambio climático. Está demostrado que la población que vive en las montañas es una de las más pobres del mundo. Empezando porque son pocas las que acceden a servicios básicos como el agua potable. Mucha de esta población son campesinos que solo cultivan para el autoconsumo, comenta Stephen Mugabi, funcionario del Ministerio de Agua y Medio Ambiente de Uganda.  Mugabi llegó a Cusco y le llamó la atención que muchas de las prácticas tradicionales de los incas –como el uso de andenes para la agricultura– sean las claves para evitar la erosión de las montañas. Según los especialistas reunidos, las montañas son cada vez más vulnerables no solo por la erosión y degradación de las tierras de cultivo, sino también por la gran amenaza de sus cumbres: el retroceso glaciar. En el tema del deshielo hemos llegado a un punto de no retorno, asegura Jean Gabriel Duss, jefe de la Cooperación Suiza en el Perú. Para Duss, esto representa un desafío de adaptación para las poblaciones de montaña. Las reservas siguen ah, solo que ya no es hielo. Es nuestra obligación cuidarlas, sentencia.  Preparados para el cambio A los 4.200 metros sobre el nivel del mar (m.s.n.m.), Silverio Choqueneyra, un poblador de la comunidad de Pucacancha, ubicada en la provincia cusqueña de Canas, empezó a darse cuenta de que la lluvia no alcanzaba para mantener sus cultivos. Por ello, recibieron con entusiasmo la propuesta de Víctor Bustinza, del Programa de Adaptación al Cambio Climático (PACC). Este ingeniero agrónomo les enseñó a rescatar una técnica ancestral de captura de agua.  Se identificaron zonas donde se podría recolectar agua de lluvia con ayuda de pequeños diques. Estos reservorios infiltran agua en la tierra y por acción de la gravedad aparece en las partes bajas, dando suministro natural para casi 1.700 personas. Todas ellas viven ahora más preparadas.  Bustinza afirma que a futuro el desafío será evitar la migración de esta población a las ciudades, a fin de que las montañas se queden sin guardianes.  Triste panorama. En la cuenca de Huacrahuacho (Cusco) se puede apreciar cómo el cambio climático afecta a los nevados.  Mejorando la casa El Programa de Adaptación al Cambio Climático (PACC) es un proyecto de la Cooperación Suiza en alianza con el Ministerio del Ambiente. Se implementó en la cuenca del Huacrahuacho (Cusco) y en Mollebamba (Apurímac), con una inversión de dos millones de soles.  El PACC, que del 2013 al 2016 realiza la segunda fase del proyecto, también apoya a las familias beneficiarias con estimulación temprana para los menores de 5 años, cocinas mejoradas y biohuertos para garantizar el acceso de alimentos frescos.   El proyecto será administrado por las municipalidades distritales y los gobiernos regionales.","elcomercio","31/05/2014"
"Noticias que dan que hablar","Miraflores. Un puente mellizo, con dos carriles, permitirá agilizar el tránsito en el puente Villena de Miraflores desde agosto del 2015. El 15 de junio se convocará a concurso y los trabajos comenzarán en octubre.  Ver para creer. La Municipalidad de Lima dice que el martes 3 de junio empezará a erradicar a los ambulantes no autorizados que se instalan en las veredas del Centro Histórico de Lima para vender todo tipo de mercadería y alimentos. Se calcula que hay 4.000 comerciantes, de los cuales 1.500 contarán con permiso municipal que deben renovar cada dos años, según una reciente norma del Concejo.  Germin Falcn/enviado especial  Jóvenes son explotadas en centros nocturnos de Madre de Dios  La mayoría llegaron a Madre de Dios cuando eran menores de edad, engañadas con falsas promesas de trabajo. El jueves último, la policía allanó cuatro centros nocturnos del poblado conocido como 107, ubicado en la vía Interoceánica, y halló a 67 mujeres, de entre 18 y 25 años, que ejercían la prostitución.   Esos precarios locales eran frecuentados por los mineros ilegales de la zona. Una decena de personas fueron denunciadas por el delito de trata.  Hugo Prez  Enrique Castro-Mendivil  La frase  Fritz Du Bois fue un profesional que ha mantenido una línea definida e independiente [...]. Es una lamentable pérdida. Era una persona que aún podía dar mucho por el país. Ollanta Humala Presidente del Perú A la salida de la casa de la familia del fallecido director de El Comercio, a donde concurrió para expresar personalmente sus condolencias. [26/5/14]  En prisión. El suspendido presidente regional de Ancash, César Álvarez, no solo está acusado de ser el autor intelectual del asesinato del ex consejero regional Ezequiel Nolasco, sino que a eso se suma el pedido de cárcel por el caso conocido como La Centralita, el centro desde donde se planeaban las acciones de su red delictiva.  Danzak Mayor. El danzante de tijeras Froilán Ramos Tito, Chuspicha, en pleno ejercicio de su arte en el corazón del valle de Sonqoncco, Andahuaylas (Ayacucho). El Museo de la Nación se sumó a la iniciativa para declarar esa área como zona intangible del país y exhibe una colección de trajes de luces empleados en la tradicional danza.","elcomercio","31/05/2014"
"Mirada de fondo","El populismo dolarizado de Ecuador - ian vsquez - Instituto Cato E l deterioro institucional  in Ecuador se acenta. Siguiendo los pasos de Hugo Chvez, Daniel Ortega y Evo Morales, el presidente Rafael Correa propuso esta semana la reelección indefinida de todos los cargos de elección popular, cosa que requerirá enmendar la Constitución que él mismo promovió. También al estilo neopopulista, Correa negó en repetidas ocasiones desde que asumió su cargo en el 2007 que le interesara perpetuarse en el mando. La reelección indefinida es una mala idea en una democracia y lo es aún más en un sistema político que pretende serla. El no limitar los períodos de los políticos solo les confiere más poder. Y para quedarse en el poder, sirven cada vez más a los intereses de grupos de presión, erosionando así las instituciones y las libertades de los ciudadanos comunes y corrientes. Desde hace mucho Ecuador se ha destacado por su defectuosa democracia, algo que Correa no ha mejorado. Al contrario, solo basta revisar su récord –caracterizado por un liderazgo irrespetuoso con la ley intolerante hacia quienes piensan de manera diferente– para ver cómo ha deteriorado la democracia. Vale recordar que la “revolución ciudadana” empez con un atropello a las instituciones. A dos meses de que Correa llegara al poder, se destituyó de manera ilegal a la oposición en el Congreso. Cuando poco después el independiente Tribunal Constitucional (TC) restituyó a los diputados, el presidente orden a la policía nacional permitir el ingreso de una turba violenta de sus seguidores al TC. La nueva mayoría de Correa en el Congreso, resultado de la destitución ilegal, entonces removió a los miembros del TC. Es así que se pudo hacer un referéndum (también ilegal) a favor de una asamblea constitucional que luego disolvió el Congreso. Desde entonces, Correa se ha dedicado a acosar y vilipendiar a sus adversarios políticos y a quienes discrepan con él, mientras que se ha beneficiado de la bonanza petrolera. Sus ataques a la prensa han producido el exilio o despido de periodistas prominentes, la autocensura y la toma por parte del gobierno de canales de televisión. Ha enjuiciado a medios por sumas millonarias, amenazas que son creíbles, ya que las cortes ya no son independientes. El presidente también ha disparado el gasto público. Este aumento de un 25% del PIB en el 2007 a un 44% en el 2013. La pobreza ha caído de 37% en el 2007 a 26% hoy y el crecimiento ha promediado alrededor del 4,5%, logros no despreciables. Pero en su libro, “Revolución ciudadana: Tanto… para tan poco”, el economista ecuatoriano Pablo Lucio Paredes cuestiona el récord. Entre el 2007 y el 2012, el precio promedio del petróleo fue más del doble que lo que fue entre el 2001 y el 2006; asimismo, los ingresos del Estado durante ese período reciente llegaron a US$63 mil millones, más del doble de lo que obtuvo en el periodo anterior. ¿Qué se ha hecho con esa bonanza? El crecimiento anual promedio 4,8% del 2000 al 2006, un poco más alto que durante la era de Correa. Además, la pobreza ya venía bajando antes de Correa y ha mantenido la misma tendencia. Lo que distingue al populismo de Correa de los otros en la región es que el país ha estado dolarizado desde el 2000, cosa que ha dado estabilidad y un empuje a la economía ecuatoriana. A la misma vez le ha atado parcialmente las manos a Correa, ya que no puede imprimir dinero. No es así en Venezuela o Argentina, por ejemplo, donde la inflación es de alrededor de 60% y de más de 30%, respectivamente. En cambio, en Ecuador fue de solo 2,7% en el 2013. Se puede progresar con una bonanza petrolera y una estabilidad monetaria. Pero una vez que bajen los precios del petróleo, solo quedarará el lado feo de la revolución –especialmente si se mantiene Correa en el poder–.","elcomercio","31/05/2014"
"Rincón del autor","Impresentables BETO ORTIZ Periodista i Es usted un impresentable! As le dijo el coleguita Augusto Thorndike al juez Malzon Urbina en marzo y, este mes, la congresista Lourdes Alcorta hizo lo mismo con su homólogo Omar Chehade. En agosto del año pasado, don Hugo Guerrero, periodista de esta casa, se había preguntado: “¿Cómo es posible que tengamos un presidente del Congreso que es, literalmente, impresentable?” –refiriéndose a la designación del señor Freddy Otrola en tan encumbrado cargo. “Me han dicho impresentable. Ya, se los concedo, lo soy. Y?” –nos interpeló, un año atrás, el desafiante revocador Marco Tulio Gutiérrez –“¿Qué tiene que ver eso? Nosotros podemos ser impresentables! Acaso la gente va a votar por nosotros?”. Siempre me pareció que la dichosa palabra tenía un tufo clasista y discriminatorio. Que la usara alguna señora de alto copete para referirse a alguien que no está “a su altura”. A alguien que, de ninguna manera, podría ser presentado en sociedad: Ah, hija! Impresentable! O alguna niña bien para ningunear a un pretendiente pobreton que no se atrevería a presentarle a su familia. Pero resulta que, según la Real Academia Española, la palabra impresentable significa: “Que no es digno de presentarse o de ser presentado” y tiene sinónimos tales como indigno, indecoroso, inaceptable, vil, desastroso, ruin, sucio, desharrapado. Eso quiere decir que la impresentabilidad es tanto moral como física. Se puede ser impresentable por dentro y también por fuera. Sabiduría “Como te ven, te tratan” –decían las abuelas. Pero también decían que “no hay que juzgar un libro por su cubierta.” Y ambas cosas son verdad. Llámenme prejuicioso pero yo siempre desconfío de los políticos con mal aliento, de los políticos con caspa y seborrea, de los políticos con las solapas del terno lustroso y los zapatos sin lustrar, de los políticos que te saludan obligándote a estrechar una mano fofa y mojada como un estropajo. No podré votar por ese señor que va a trabajar al Congreso todo mantecoso, siempre con la misma casaca plástica de buzo encima de alguna camisetita pringosa. Detesto tener que contar esto pero hay políticos hasta con pezuña y sobaquilla. Pero la mugre de afuera, aunque ofensiva, siempre será menos repugnante que la de adentro. Los impresentables entonces, son, en realidad, aquellos que aprecian lo despreciable. Aquellos que, sin sonrojarse siquiera, enarbolan banderas que son estropajos, ideas con caspa y seborrea, principios con mal aliento, valores con pezuña y sobaquilla. Sabrán perdonar tanta metáfora antihigiénica pero es que hay políticos que –francamente– cuando opinan, se tiran pedos en la cara de la gente. Todos esos que incitan al odio y al miedo, que utilizan a los niños como escudos humanos para justificar absolutamente cualquier imbécilidad. Todos esos que azuzan en la gente las pulsiones más primitivas: el patriotismo, la prepotencia, el machismo, la intolerancia, la pacatería. Dice el Premio Príncipe de Asturias 2014 –nuestro querido Quino– que el presente es impresentable. Y vaya que en este Perú lo es cada vez más. ¿Cuál de nuestros políticos es su favorito en este rubro? Tengo varios nombres en la punta de la lengua. A ver, presentenme a un impresentable.","elcomercio","31/05/2014"
"El Habla Culta","- martha hildebrandt - Sangre de grado. Esta curiosa expresión sustantiva designa la savia que sale del tronco de un árbol llamado drago, nombre que a su vez es variante de dragón, animal mitológico. Para lograr la estimada sangre de drago, se hacen incisiones oblicuas en su corteza y se recibe en un depósito la resina que sale. Este líquido se emplea en la medicina tradicional de los pueblos amazónicos para detener el flujo de la sangre de una herida leve, hacer gargaras, etc.","elcomercio","31/05/2014"
"Un día como hoy de...","1914 Del Pacífico al Atlántico El ferrocarril que une después de dos horas de viaje Panam con Colón adolece de múltiples deficiencias. Se tiene que escuchar el vocero de centenares de norteamericanos, que todo lo invaden, que todo lo dominan, que todo lo quieren. La atmósfera se carga con el olor de los cigarrillos y del sudor de esas gentes robustas, en mangas de camisa. Hombres de raza negra, uniformados, recorren el tren vendiendo refrescos, chocolates y postales. El paisaje es tropical, agreste, monótono, aunque bello. Pero lo que impresiona extraordinariamente es el canal, esa monumental obra ya lista para inaugurarse.","elcomercio","31/05/2014"
"Linda Lecca pelea hoy por el ttulo mundial de la AMB","NA","elcomercio","31/05/2014"
"Per pierde 3-0 ante Inglaterra","NA","elcomercio","31/05/2014"
"Lucas Natalie Vrtiz acapara las miradas en la televisin","La bella modelo habla de Pequeos gigantes 2 y Esto es guerra.","elcomercio","31/05/2014"
"Corrupcin en Ancash. Cerco policial para detener al operador de Cesar lvarez","Alerta nacional para capturar a Martin Belaunde Lossio. Desde mañana solo circularn taxis con placas nuevas. Hoy vence el plazo para el cambio de registro. Multa por no cumplir disposicin es de S/.456.","elcomercio","31/05/2014"
"Caso La Centralita","Belaunde Lossio cre una empresa de fachada que se convirti en el centro de planeacin y ejecucin de las acciones que realizaba la mafia de la regin ancash. Control fronterizo Funcionarios de Migraciones informaron que se ha activado el sistema de bsqueda en las fronteras del pas para evitar la fuga. Ms acusados Desde que se dictaron los mandatos de detencin, son 26 los prfugos por delitos de asociacin ilcita y peculado, vinculados a la red de lvarez.","elcomercio","31/05/2014"
"Entrevista Cecilia Bolocco Ex Miss Universo","NA","elcomercio","31/05/2014"
"Tema del da DA MUNDIAL SIN TABACO Yo me convert en un producto en Chile","Posdata.","elcomercio","31/05/2014"
"Historia de un Abrazo Tres amigos: el judo, el musulmn y el Papa","NA","elcomercio","31/05/2014"
"Reportaje La fuerza de voluntad los hizo dejar de fumar 40 cigarrillos diarios","Casi medio milln de peruanos son adictos al tabaco. En el Da Mundial sin Tabaco, le presentamos historias con las que quiz pueda identificarse. Casos en que una experiencia crucial marc el punto de quiebre entre una vida anclada al vicio y otra llena de salud. Eduardo Caverzo Ren Zubietta Pacco La prctica mdica seala que un adicto al tabaco puede fumar diariamente entre seis y 60 cigarrillos (tres cajetillas). Que puede hacerlo, incluso, en lugares prohibidos o escapndose en sus horas de trabajo. Casi medio milln de peruanos estn en esa condicin y necesitan tratamiento, lo confirma el Ministerio de Salud (Minsa). Si se siente identificado, tome en cuenta lo siguiente. Un estudio en el que particip la Universidad Cayetano Heredia revela que 44 personas mueren al da en el Per por abusar del tabaco. Otro informe del Minsa refiere que por cada cigarro fumado una persona pierde 6 minutos de vida y, a lo largo del tiempo, de 10 a 15 aos. Las consecuencias van desde los dientes amarillos y el mal aliento hasta el cncer, y el de pulmn es el ms recurrente. Sin embargo, aunque la mayora de casos de adiccin necesita orientacin clnica, especialistas coinciden en que hay eventos, impresiones o shocks tan fuertes que llevan a una persona a dejar de fumar. Un incentivo de vida Mario Barreto Schrader es uno de esos casos. A los 38 aos vivi dos shocks emotivos: el primero en mayo del 2009, durante los exmenes mdicos antes de su matrimonio. En aquel entonces vio las radiografas de sus pulmones daados y el mdico le dijo que, si seguia fumando, en 15 aos tendra que usar un baln de oxgeno, pues su capacidad pulmonar era deficiente. Dos semanas despus, cuando se enter de que iba a ser pap, sinti el segundo golpe. Me dio vergenza. Sus paps fumaban y dejaron de hacerlo voluntariamente. Walter Urteaga (25), bachiller en Psicologa, sigui su ejemplo y dej de fumar hace tres aos. Empez a los 16, en la universidad. Tener ms ocupaciones y retarse a s mismo sobre todo los fines de semana, cuando se acababa dos cajetillas hicieron que dejara atrs sus 9 aos de fumador. Algo que lo marc fue la forma como su adiccin afectaba sus relaciones interpersonales: Entraba al salon y olia fuerte. Me decan hueles a cigarro. Me daba vergenza. Vivir en un ambiente de fumadores su familia, sus amigos haca que Verica Montoya hallara en el cigarro el refugio ideal para sus momentos de estrs estudiantil. Empez a los 15 y, despus de 18 aos, sinti el desgaste. Emprec a hacer ejercicio, pero no renda. En una discoteca, quise bailar tres canciones y no pude. Ah me asust, cuenta. Otro incentivo que la ha llevado a no fumar desde hace ocho meses fue el inicio de una relacin. La voluntad como medicina dgard Amorin Kajatt, de la Liga contra el Cncer, y Milton Rojas, psiclogo de Cedro, destacan que el impacto de eventos emocionales como los antes descritos y la fuerza de voluntad pueden ser claves para que un adicto deje de fumar. Pero subrayan que los tratamientos mdicos son la mejor alternativa para superar la adiccin. La Organizacin Mundial de la Salud plantea que el Estado aumente los impuestos al tabaco para enfrentar el grave problema de la adiccin. Baja el consumo y aumenta la recaudacin explica Rosa Sandoval, asesora regional de la institucin. De ello hay evidencias en el Per y Latinoamrica. Se busca tambin dificultar el acceso a los ms jvenes, pues a ellos les afectan ms los cambios de precios que a los adultos, agrega. Celso Roltn Eduardo Caverzo Me ayud dejar los espacios sociales donde fumaba rsula Heldmayer Liza (32) lleva seis aos sin fumar. Los primeros das fueron complicados. Incluso me despert asustada y ansiosa, porque pens que haba vuelto a fumar, rememora. Eduardo Caverzo Yo cumplo mis apuestas. Es la decisin personal Don Yssa Barakat (75) confiesa que, tras dejar de fumar, compr cigarros por un tiempo solo para sentirlos en los bolsillos e invitar a sus amigos. Nadie deja de fumar cuando otro le dice. Puede el que se decide afirma. Mi cuarto apesta, el humo se impregnaba en la ropa Walter Urteaga (25) se dio cuenta de que el cigarro incomodaba a sus amigos, quienes solan pedirle que comiera caramelos de menta. Ahora cambi mi estado fsico al correr, respiro ms tranquilo, indica. Eduardo Caverzo Por consumo Tratamientos y ayuda 2200 mlls. de soles se gastan al ao en el pas para tratar problemas de salud por el tabaco, segn la Organizacin Mundial de la Salud. 2700 mlls. de soles se importan al ao en cigarrillos, pues no son producidos en el Per. Nuestro pas no est entre los mayores consumidores en la regin. Segn la OMS, la lista es encabezada por Chile, Argentina y Uruguay. Mtodos de tratamiento Entre ellos estn la hipnosis, acupuntura, laser, parches y chicles de nicotina para el sndrome de abstinencia a la nicotina. Sntomas del sndrome Algunos son nerviosismo, sudoracin, baja de presin, estrs y ligero temblor en las manos. Lugares de apoyo Cedro cuenta con telfonos de consejera: 445-6665 o 447-5837. Infosalud, del Ministerio de Salud, brinda atencin en psicologa y salud integral. Llame a esta institucin: 0800-10828. Si sienten que ya no lo soportan, no lo hagan Vernica Montoya (35) poda fumar hasta 3 cajetillas en una reunin. La adiccin le pas factura tras 18 aos, con fuertes dolores de pulmones y cabeza. Me molestaba que dijeran deja de fumar, fumar es malo, evoca.","elcomercio","31/05/2014"
"Migraciones dispone alerta en todo el pas para detener a Belaunde Lossio","Segn la fiscal, el empresario cre una compaa de fachada para La Centralita, una organizacin que corrompa a funcionarios. La madrugada del jueves, el Poder Judicial dict prisin preventiva contra Martn Belaunde Lossio por el Caso La Centralita. Desde entonces, se ha establecido un control estricto en todas las fronteras del pas. Junto a l hay otros 25 prfugos. Horas despus de que el juez Richard Concepcin, a cargo del Tercer Juzgado de Investigacin Preparatoria de la Corte Superior de Justicia del Santa, ordenara la prisin preventiva contra el empresario Martn Belaunde Lossio y otros investigados por el Caso La Centralita, se dispuso una alerta nacional para dar con su paradero. Segn fuentes de El Comercio, ni bien se tom conocimiento del mandato judicial, la Superintendencia Nacional de Migraciones dispuso el inmediato control fronterizo y tom las medidas de precaucin respectivas en todos los aeropuertos del pas. Todo est controlado, tanto Migraciones como Requisitorias, en el caso de que Belaunde Lossio pretenda fugarse del pas, seal una fuente a este Diario. Para ello, cuentan con el apoyo de la Direccin de Investigacin Criminal (Dirincri) de la Polica Nacional. La madrugada del jueves, el juez Richard Concepcin dict prisin preventiva por 18 meses contra el referido empresario por el Caso La Centralita. De acuerdo con el magistrado y la investigacin fiscal, Belaunde Lossio utiliz su empresa Ilios Producciones como fachada para una presunta organizacin delictiva, encargada de corromper a funcionarios pblicos y comprar las lneas editoriales de los medios de comunicacin ancashinos. Este grupo estara liderado por el detenido presidente regional de ncash, Csar lvarez. Tiempo despus, el inmueble fue llamado La Centralita.","elcomercio","31/05/2014"
