"headline","content","newspaper","date"
"La trampa de los otros nos atrapa","cuando creemos entender fácilmente a clientes claramente distintos. En periodo de crisis los pobres buscan lo más barato o la gente ahora está gastando mucho menos que antes son frases que decimos sin tener más certeza que la que nos dan nuestros estereotipos y prejuicios. Solo comprendemos que son errados cuando vemos a nuestros clientes comprándole mejor calidad a otro que realmente los conoce.  Pero la más difícil de superar es la  trampa de todos. Esa en la que caemos cuando creemos que la manera correcta de actuar es seguir la corriente de la mayoría (por ejemplo, disminuir hoy las inversiones en publicidad o parar el desarrollo de productos). Y es peor cuando tenemos dudas, pero no nos atrevemos a desafiar la opinión generalizada, aun sabiendo que los grandes avances los hacen quienes piensan diferente, como Colón, Galileo o el inversionista Warren Buffett.  En fin, en situaciones inestables los gerentes podemos decidir de dos maneras. Una, basándonos exclusivamente en nuestra experiencia e intuición, pues para eso somos jefes, punto. La otra, asumiendo realísticamente que podemos equivocarnos y, ante una duda razonable, profundizando en el análisis de la situación. Nota. Si algún lector cree que este artículo se aplica solo a los gerentes, haga el ejercicio de analizar su vida personal o su vida política y verá que all con frecuencia también caemos en una de estas cinco trampas.","elcomercio","04/05/2015"
"Aceptar que eres diferente es una cuestión de valientes","  Yo creo que los derechos cuando son derechos tienen que darse independientemente si es que la sociedad está preparada o no.  Se ha empezado a hablar más de que existen personas con diferente orientación sexual que conviven en tu propia casa.  Ana es una de las más acérrimas activistas a favor del hoy archivado proyecto por la unión civil. Sin embargo, menciona que aún hay mucho trecho por recorrer. Confía en que el 2016 este sea un tema trascendental en la agenda de los principales candidatos.  La última Marcha por la Igualdad (que Ana ayudó a coordinar y organizar) logró reunir a más de 35.000 personas en la plaza San Martín para reclamar por los derechos de las personas LGBT. Llor mucho con el archivo, pero nos cuenta que eso solo le ha dado más fuerzas.  — Sientes que en el Perú estamos preparados para la unión civil?  Yo creo que los derechos cuando son derechos tienen que darse independientemente si es que la sociedad está preparada o no. Es más una decisión política. Cuando se aprobó el derecho al voto de la mujer seguramente la sociedad an no estaba preparada.  — ¿Cuál crees que es la causa de tanto rechazo?  El rechazo ha venido ligado con un alto grado de desinformación. Conforme la gente más va entendiendo, la aprobación aumenta. Y eso simplemente se debe a que vivimos en una sociedad conservadora donde las creencias religiosas pesan por encima de las cosas justas o las cosas de derecho. Hay mucho rechazo porque se cree de manera errónea que con la aprobación de la unión civil vamos a vivir en una sociedad inmoral. Hay casos incluso de gente que cree que reconocer los derechos LGBT es disminuir sus propios derechos.  — ¿Y crees que está cambiando?  Sí. Y eso es también porque se ha conscientizado. Se ha empezado a hablar más de que existen personas con diferente orientación sexual que conviven en tu propia casa, en tu propia escuela. Se han visibilizado mucho más.  — Si pudieras escoger tu sexualidad qué escogerías?  Yo siento que no la escogí. Nosotros no podemos elegir la orientación sexual. Yo soy mujer y lesbiana. Hubiera preferido no serlo porque me ha llevado a muchos problemas. Y que se complican muchísimo más cuando vives en una sociedad que te discrimina, la cual te hace sentir que lo que tú eres está mal, que es pecado o el peor delito. Situaciones donde el odio pesa más. En donde te pueden comparar con pedófilos, drogadictos o cualquier clase de personas. Yo hubiera preferido ser heterosexual? Sí, porque es más fácil. Ser lesbiana en el Perú es muy difícil. Y no me imagino cómo debe ser en la sierra o la selva en donde quizás el nivel de desarrollo de la información es más precario y escaso.  —¿Cómo crees que sería una sociedad en donde la homosexualidad sea algo común?  Primero no necesitaríamos etiquetarnos en personas LGBT o heterosexuales. Una chica estaría con una chica y nadie voltearía a mirar extrañado. Aquí eso no sucede. Hay personas que tienen una relación homosexual y que nunca lo van a aceptar en público. Hay otras que se han sentido diferentes pero que por temor al rechazo de la sociedad no han querido explorar: el típico homosexual reprimido. Hay incluso casos de personas homosexuales que son homofóbicas, y esto es porque no se aceptan a sí mismas. Son diferentes casos que lo único que te reflejan es que la sociedad sí influye. Todo depende de aceptarse. Por eso yo digo que aceptar que eres diferente es una cuestión de valientes.  —¿Y si tu hijo fuera LGBT?  Yo sería feliz. Y trataría de apoyarlo para que quizá él no tenga que pasar por todo lo que yo pas.  —¿Qué te dice la gente cuando les cuentas que eres lesbiana?  Para mí fue duro porque tengo 26 años y recién lo dije abiertamente el año pasado. Antes lo sabían mis mejores amigos, pero no lo había enfrentado con mi familia o en mi trabajo porque creía que era una cuestión de mi vida privada. Cuando empecé a hacer activismo por los derechos LGBT es que entiendo lo importante que es que las personas empiecen a visibilizarse, porque eso permite que los demás que están en contra vean que somos seres humanos comunes y corrientes como ellos y que podemos y debemos tener los mismos derechos. A mí me costó demasiado porque yo era muy conservadora, y sobre todo en mi familia, que es superreligiosa. Y ver a mi mam que es una evangélica bautista priorizar su amor de madre y respetarnos mutuamente fue muy grato. Yo puedo decir que aceptar que soy lesbiana me ha hecho ser una persona más feliz, más coherente y más transparente con las cosas que hago.  —¿Y la unión solidaria?  Nosotros consideramos que el reconocimiento no puede ser solamente patrimonial, hay que ir más allá.  —¿Cómo se financia el Colectivo Unión Civil?  Muchos han dicho que somos el lobby gay millonario. Eso me da mucha risa porque nosotros nos financiamos con venta de merchandising y con donaciones muy pequeñas, la máxima de 4.000 soles. Y el punch de gente de las redes sociales.","elcomercio","04/05/2015"
"Metrosexual","Por su etimología, la palabra metrosexual remite, pues, inmediatamente, al útero o matriz. Tardamente, en la última edición de su Diccionario, publicada en octubre del 2014, la Academia incluye el término metrosexual, y lo define así: Dicho de un hombre, especialmente heterosexual: Que se preocupa de su apariencia y dedica mucho tiempo y dinero a sus cuidados físicos.  Dicese metrosexual del hombre que se acicala y engalana y está muy pendiente de su arreglo y apariencia: tanto como suelen estarlo las mujeres. No es afeminado ni homosexual encubierto, es decir, oculto o inmanifiesto; tampoco es gay (el gay es el homosexual descubierto, el que ha publicado su homosexualidad, el que no la oculta).  Etimológicamente, el prefijo metro-, de la palabra metrosexual, tiene procedencia griega. Viene, en efecto, del griego meta, que significa útero, matriz; y meta se deriva de meter, que en griego quiere decir madre.  De suerte que metrosexual, desde el punto de vista etimológico, designa la sexualidad uterina, la sexualidad de la mujer.  Cuando uno dice metrópoli, uno se refiere a la ciudad matriz o matricial, a la ciudad principal. De la misma manera, cuando uno dice metrosexual, uno se refiere a la sexualidad matriz o matricial, a la sexualidad uterina o femenina.  Por su etimología, la palabra metrosexual remite, pues, inmediatamente, al útero o matriz.  El neologismo metrosexual apareció por primera vez en letras de molde en 1994, en un artículo de Mark Simpson publicado en el diario inglés The Independent.   No solamente hay metrosexuales en la bohemia o en el mundo de la farándula; no, los hay también en el deporte, en el fútbol concretamente. Y no es un fenómeno reciente. La revista Domingo, de La República, en la edición del 29 de febrero del 2004, incluye un informe al respecto.   En una época de indefinición sexual como la nuestra, con una despolarización creciente de los sexos y un aumento notable de las formas intermedias de expresión sexual, la metrosexualidad es una manifestación más de la intersexualidad que hoy impera.  Lo raro no es que la metrosexualidad se haya manifestado. No, eso era lo esperable y lo inevitable. Lo raro habría sido que la metrosexualidad no se hubiese manifestado. Su inmanifestación habría equivalido a una detención o a un principio de reversión de las formas intermedias de expresión sexual. Pero esa no ha sido la ocurrencia. Lo que ha ocurrido, el hecho concreto, es que la metrosexualidad está con nosotros y ha venido para quedarse.","elcomercio","04/05/2015"
"Astre medioambiental, como los antimineros quisieran hacernos creer, la explotación minera ha incrementado la productividad de Porcón.","Dejar de lado la minería como un motor fundamental del crecimiento de las próximas décadas es un suicidio para nuestras aspiraciones de dejar el subdesarrollo. Por ejemplo, un año de producción de Conga es equivalente a 300 años de producción agropecuaria en los distritos que, supuestamente, serían afectados por su puesta en marcha. No conozco aritmética alguna que permita justificar que Conga, y proyectos similares, sigan paralizados.  Claro está, el ‘impasse’ alrededor de la minería es político. Y, aunque la solución será también política, es esencial que los ciudadanos seamos conscientes del barco que estamos dejando zarpar cuando no desarrollamos nuestras minas.  Recordemos, además, que lo que hoy es recurso no necesariamente lo será mañana. El salitre de Tarapacá, por el que tanta sangre se derramó, no vale hoy más que la arena del desierto en que se encuentra. Ejemplos similares abundan como en el caso del guano o el del caucho. Y si la historia nos enseña algo, es solo cuestión de tiempo hasta que el progreso técnico convierta nuestras minas de cobre en museos naturales.  Crecer sin minería es resignarnos a seguir siendo pobres por mucho tiempo más. No lo permitamos.","elcomercio","04/05/2015"
"Desaceleración o Reactivación?","El reto está planteado  Ral FERRERO  Jurista  La desaceleración de la economía peruana nos preocupa a todos, ya que cada mes comprobamos que las predicciones de los entes oficiales o entidades gremiales se ven confrontadas con las cifras de la realidad que resultan menores a las previstas por quienes de buena fe habían anunciado pronósticos mayores.  Y es explicable que ello sea así, pues todos queremos que la economía mejore y para que ello ocurra los primeros que deben salir a hacer anuncios positivos, sin faltar a la verdad, son los altos funcionarios del gobierno para levantar el ánimo de los empresarios y agentes que contribuyen a generar opinión, debido a que la economía es una ciencia social en la cual interviene de modo importante el factor psicológico.  En esa difícil tarea se encuentra, por ejemplo, un ministro de Economía, ya que por un lado debe ser exacto en sus cifras y evaluación sobre la situación económica del país, y por otro debe preocuparse de ver cómo transmite la información que posee para no inquietar a la población cuando las noticias no son del todo auspiciosas, pero tampoco malas, y se quiere mantener una tendencia de opinión que favorezca las inversiones.  Para conocer con precisión cuál es la realidad económica de un país, se utilizan indicadores sobre el crecimiento porcentual del PBI, pero siempre resulta complejo hacer estimaciones hacia el futuro, puesto que se deben formular supuestos que no necesariamente resultarán ser exactos, pues los datos de la realidad pueden terminar siendo distintos de los previstos, ya sea porque las situaciones cambian, o debido a que no se tuvieron en cuenta factores imposibles de prever, como pueden ser las influencias externas o hechos de la naturaleza imposibles de conocerse con anticipación (la presencia del fenómeno de El Niño para un determinado año, por ejemplo).  Sugerencia  Para que la economía mejore, los altos funcionarios deben salir a hacer anuncios positivos, sin faltar a la verdad.  Empero, es más fácil detectar las tendencias como consecuencia de hechos económicos extraídos de la realidad y que influyen sobre el crecimiento del PBI, como es el caso actual de la baja del precio de las materias primas (commodities), que nos afecta como país productor y exportador de ellas, sobre todo el de los minerales, que tienen un peso gravitante en el resultado de las cifras que se toman en cuenta para determinar el crecimiento de nuestra economía.  Y comoquiera que los precios internacionales de las materias primas, como son los minerales, tienen ciclos más o menos conocidos, si revisamos los períodos anteriores, no resulta tan difícil prever que se mantendrán bajos también por un tiempo más.  Nadie puede ser llevado a engaño hoy sobre cuál es la tendencia del crecimiento de nuestra economía para el presente año, que se sabe no ser el de pocos años atrás, que se situaba en el 7% del PBI, en gran parte gracias al viento internacional a favor que soplaba favoreciendo nuestro crecimiento. Hoy la situación es a la inversa, desde China hasta Europa, pasando por América Latina, donde solamente se salvan unos pocos, que sí están mejorando.  El reto está planteado. Esto debe llevar a nuestro gobierno a tomar medidas urgentes para revertir una situación que exige ejecución de obras públicas, inversión en infraestructura, concretar las APP, gasto público efectivamente ejecutado y no solamente presupuestado (incluyendo los gobiernos subnacionales), y orden que garantice la seguridad que requiere la inversión privada en sectores en los cuales la agitación social perjudica al capital productivo, tal como ocurre actualmente con la minería donde existen importantes proyectos de inversión detenidos.  Es discutible la propuesta del Ejecutivo que pretende suspender temporalmente las deducciones sobre gratificaciones y CTS, por cuanto ello afectará Essalud y las pensiones de los trabajadores.","elcomercio","04/05/2015"
"PBI, Dios con Pie de Barro","Richard Webb  Director del Instituto del Perú de la USMP  El concepto más respetado de la economía es el PBI que mide el valor económico de todo lo que se produce en un país. Esa medida de tamaño nos ubica internacionalmente, y nos informa mensualmente qué tanto estamos progresando. Comúnmente decimos que el PBI es la torta económica y que antecede cualquier debate sobre cómo repartirla. Sin PBI no hay nada que repartir.  Hoy, el débil crecimiento del PBI se ha vuelto el punto de partida para casi todo comentario sobre la economía y la política. Hasta las variaciones en puntos decimales de ese dato son materia de opiniones y debates. Lástima entonces que las estadísticas que seguimos y comentamos con tanta atención no son lo que creemos.  Primero, una cuarta parte de lo incluido en el PBI es inversión, que no es comida servida en la mesa sino una expectativa, gasto que esperamos nos permitirá contar con más en años futuros. Sin embargo, por el momento ese gasto es meramente preparatorio y está en la categoría de la harina que compra el panadero o el cuero del zapatero. Además de su calidad puramente expectativa, no hay forma de precisar el valor económico futuro cuando la inversión rinda sus frutos, ni cuándo exactamente podremos disponer de esa mayor riqueza.  En la inversión, es normal errar en los pronósticos de rentabilidad, por los errores de gestión del mismo inversionista –como en los restaurantes que no pegan– y por los giros inesperados de la economía nacional y mundial. En el Perú se recuerdan las infortunadas inversiones realizadas por el gobierno militar de Juan Velasco que, no obstante, fueron registradas como parte del aumento en el PBI de esos años. Igualmente, hoy se descubre que no toda la mentada inversión de la China es productiva, como los departamentos de lujo construidos que están quedando sin compradores. En todo el mundo, la baja de los precios reducirá el rendimiento de las recientes inversiones petroleras y mineras, pero el valor registrado de esas inversiones seguirá engrosando las estadísticas del PBI. Ante la imposibilidad de pronosticar la rentabilidad de la inversión, cuando el técnico estadístico calcula el PBI recurre a la estratagema de registrar no el verdadero aporte futuro de valor económico, sino su costo actual, dato que no refleja una realidad de bienestar potencial.  Segundo, otra parte sustancial del PBI consiste en los servicios del Estado, que, por ser mayormente gratuitos, no tienen una valuación de mercado. Nuevamente, el técnico estadístico recurre al costo para representar su valor, tratése de la educación, salud pública, seguridad, regulación del transporte, registro de identidad y múltiples otros servicios que provee el Estado. Para ilustrar lo que significa esa metodología, el gobierno del presidente Alejandro Toledo decidió duplicar el sueldo promedio de los maestros de las escuelas públicas. Como resultado, se registró un aumento en el PBI del gobierno, parte del ‘boom’ peruano de esos años. Pero se duplicó también la cantidad o calidad de la educación pública?  Tercero, el PBI no registra mejoras en la torta económica que, crecientemente, nos llegan gratis o casi gratis por el progreso tecnológico. Por ejemplo, en las áreas del cómputo, la comunicación, la salud y la educación. El bienestar y el valor económico que representan el celular para los hogares más pobres exceden largamente su costo. Un sueño de hace veinte años, casi imposible por el costo, era adquirir una Enciclopedia Britannica. Hoy, el Wikipedia es gratis, contiene el equivalente de 1.700 tomos contra la docena de la Britannica, y su calidad ha sido certificada como la mejor. All descubro diversa información sobre cualquiera de los 1.834 distritos del Perú. La Britannica no mencionaba a ninguno.  Cuarto, el PBI no registra pérdidas de valor económico que no se encuentran valorizadas por el mercado. Un caso saltante es el deterioro del medio ambiente. Otro es el enorme costo y la pérdida de calidad de vida producida por la mala gestión pública del transporte.","elcomercio","04/05/2015"
"Las cinco trampas","Rolando ARELLANO C.  Presidente de Arellano Marketing y profesor de Centrum Católica  El marketing dice que para tener éxito se debe conocer muy bien el mercado, para darle productos y servicios que se ajusten a sus características. Sin embargo, con mucha frecuencia, y más en momentos de incertidumbre económica como la actual, hay un divorcio entre lo que creemos los gerentes y lo que ocurre realmente, pues pensamos que nuestra experiencia es suficiente para entender lo que el mercado necesita. As caemos en una de las cinco trampas siguientes: la del tiempo, la del espacio, la del yo, la de los otros y la de todos.  La trampa del tiempo hace que los gerentes tomemos decisiones basándonos en nuestro pasado. Si mi marca de champú se vendió muy bien siendo siempre la más cara de la categoría, ¿por qué hoy cambiar mis precios?, decimos. No notamos que hoy hay muchas más marcas compitiendo, que la gente busca más calidad o que simplemente las expectativas de gasto han cambiado porque la gente tiene otras prioridades. El tiempo cambió, pero algunos gerentes no cambiamos con él.  Muy parecida es la trampa del espacio, pues muchos creemos que lo que nos ocurrió en un lugar se repetirá en el otro. Si me fue bien aquí en Chile o en España decimos, por ejemplo, en algunas multinacionales, debería irme igual en el Perú. O, si en Lima hoy bajan las ventas, lo mismo debería pasar en Chiclayo o Arequipa. Todo ello sin entender simplemente que Madrid no es Lima, y que el norte y el sur del Perú marchan a velocidades distintas.  Caemos en la trampa del yo cuando sentimos que lo que nos pasa a nosotros es generalizable a todos. Eso pasa cuando los gerentes pensamos, erróneamente, que si nosotros vendemos menos, a todas las empresas les pasa igual. Si analizáramos bien a todos nuestros competidores, no únicamente los formales por cierto, veríamos por ejemplo que algunos están creciendo bastante más que nosotros.  La trampa de los otros nos atrapa cuando creemos entender fácilmente a clientes claramente distintos. En periodo de crisis los pobres buscan lo más barato o la gente ahora está gastando mucho menos que antes son frases que decimos sin tener más certeza que la que nos dan nuestros estereotipos y prejuicios. Solo comprendemos que son erróneos cuando vemos a nuestros clientes comprándole mejor calidad a otro que realmente los conoce.  Pero la más difícil de superar es la trampa de todos. Esa en la que caemos cuando creemos que la manera correcta de actuar es seguir la corriente de la mayoría (por ejemplo, disminuir hoy las inversiones en publicidad o parar el desarrollo de productos). Y es peor cuando tenemos dudas, pero no nos atrevemos a desafiar la opinión generalizada, aún sabiendo que los grandes avances los hacen quienes piensan diferente, como Colón, Galileo o el inversionista Warren Buffett.","elcomercio","04/05/2015"
"Los haitianos serán llevados a Tumbes y luego deportados.","NA","elcomercio","04/05/2015"
"Disturbios en Tel Aviv tras manifestación contra racismo y discriminación","Los disturbios estallaron en la plaza Rabin, en el centro de Tel Aviv, luego de que los manifestantes intentaran tomar la alcaldía de la ciudad. Hubo numerosos detenidos.  Ni negros ni blancos... todos somos seres humanos, claman etíopes judíos.  Miles de judíos de origen éthope marcharon contra el racismo y la discriminación luego de que se divulgara un video sobre violencia policial.  Al menos 46 policías y siete manifestantes fueron heridos ayer en Tel Aviv en los incidentes posteriores a la multitudinaria marcha convocada por israelíes de origen éthope para denunciar la brutalidad policial, el racismo y la discriminación.  Tel Aviv [agencias]. La divulgación de un video de brutalidad policial prendió la mecha. El 26 de abril, una grabación subida a Internet mostraba a dos agentes policiales blancos arrestando de manera violenta a un emigrante éthope de raza negra en la ciudad de Holón.  La víctima, soldado del Ejército y que iba de uniforme cuando la policía cerró una calle por un objeto sospechoso, fue brutalmente golpeado sin que mediara razón aparente más que haber preguntado a qué se debía el retén.  Posteriormente, la prensa israelí informó que en la ciudad de Beer Sheva varios agentes golpearon a un joven de origen éthope, mientras intentaban detenerlo por considerarlo un inmigrante indocumentado.  Los hechos que se reflejan en el video no están a la altura de los valores de la policía, dijo entonces un portavoz policial, que aseguró que los dos agentes fueron separados.  Sin embargo, la comunidad éthope, de las más pobres de Israel, lo ha interpretado como la gota que colma el vaso, y desde entonces ha salido a las calles.  Los portavoces de la protesta han dicho que quieren expresar su descontento por el racismo y la discriminación de las que son objeto por parte de las autoridades y la población del país.  Discriminación  Los ciudadanos judíos de origen éthope aseguran que son discriminados en el trabajo y en la vida cotidiana.  captura de video  Video explosivo. Danas Pekad, un soldado negro de origen éthope, fue brutalmente golpeado por dos policías el 26 de abril.  Las razones de la protesta  El jueves pasado marcharon en Jerusalén, en una violenta manifestación que recorrió las principales calles de la ciudad y que acabó con 15 heridos: doce manifestantes y tres agentes.  Pero ayer la situación se salió de control en Tel Aviv: una marcha terminó en una verdadera batalla campal en la que hubo 46 policías, siete manifestantes heridos y un número indeterminado de detenidos.  La policía lanzó granadas aturdidoras, gases lacrimógenos y arrojó agua para impedir que algunos manifestantes tomaran la Alcaldía de Tel Aviv.  En la manifestación se habían congregado 10.000 personas según la prensa, aunque la policía estimó en 3.000 la concurrencia.  Ni negros ni blancos... todos somos seres humanos, gritaban los manifestantes.  Muchos israelíes de otros orígenes participaron en la marcha con consignas como un policía violento debe ir a prisión y pedimos igualdad de derechos.  Siendo negro, tengo que protestar hoy, dijo a la AFP Eddie Makonen, un ciudadano de 34 años.  Nunca he sido víctima de la violencia policial pero esto es algo dirigido contra mi comunidad, explicó Makonen, quien llegó al país a los 3 años.  Tras el inicio de la protesta, el primer ministro, Benjamin Netanyahu, informó que hoy se reunirá con Danas Pekad, el soldado víctima del ataque, y con representantes de la comunidad éthope.","elcomercio","04/05/2015"
"Tiroteo en concurso de caricaturas sobre Mahoma deja dos muertos","Sucedi en las afueras de un centro cultural de Texas. Los abatidos son los atacantes, que hirieron a un policía.  Garland [AP]. La policía abatió a dos hombres armados que anoche abrieron fuego contra un oficial de seguridad, durante un provocador concurso de caricaturas sobre el profeta Mahoma, informaron las autoridades de un suburbio de Dallas, Texas.  El ayuntamiento de Garland indicó a través de un comunicado publicado en su página de Facebook que los dos hombres llegaron al centro Curtis Culwell y empezaron a disparar contra el oficial.  Los agentes del Departamento de Policía de Garland se enfrentaron con los agresores, que murieron a tiros, de acuerdo con el comunicado.  La policía emprendió la búsqueda de explosivos en los vehículos estacionados en el lugar.  Un agente de las fuerzas especiales subió al escenario hacia el final del concurso y dijo a los asistentes que una balacera se había desatado.  Aproximadamente 75 asistentes al concurso fueron llevados a otra sala.  Johnny Roby, de Oklahoma City, participaba en el concurso. Dijo a la AP que estaba fuera del edificio cuando escuchó aproximadamente 20 disparos.  La Iniciativa Estadounidense por la Defensa de las Libertades, con sede en Nueva York, realizaba el concurso, que otorgara 10.000 dólares a la mejor caricatura sobre el profeta Mahoma.  Tales caricaturas son consideradas un insulto para muchos seguidores del Islam y han detonado violencia en varias partes del mundo. Según la corriente principal de la tradición islámica, cualquier representación física del profeta Mahoma –aunque sea respetuosa– es considerada blasfemia.","elcomercio","04/05/2015"
"Los británicos aún no tienen favorito en las elecciones","El primer ministro David Cameron busca este jueves renovar su mandato.  Idafé Martín Pérez Desde Bruselas  Los británicos acuden este jueves a las urnas para decidir si dan otro mandato a los conservadores del primer ministro David Cameron o una oportunidad a los laboristas de Ed Miliband. Las últimas encuestas concuerdan en que el resultado será muy apretado y que el ganador no tendrá mayoría absoluta, lo que abrirá un escenario de coaliciones o de un gobierno en minoría con apoyos parlamentarios.  En ese papel tendrá mucho que decir el nacionalista escocés SNP, que podría llevarse todos los diputados de Escocia y ser pieza clave para las coaliciones. Los laboristas –la izquierda británica– niegan que vayan a pactar con el SNP y este asegura que no gobernar con los conservadores, la bestia negra de Escocia desde los tiempos de Margaret Thatcher.  La subida de los nacionalistas escoceses no tiene precedentes. Tras perder el referéndum por la independencia en septiembre, el SNP cambió de liderazgo. Nicola Sturgeon, que reemplazó a Alex Salmond, criticó las promesas incumplidas que David Cameron hizo a Escocia, con lo que empezó a crecer hasta casi monopolizar el mapa político escocés, tradicionalmente laborista. En el 2010, los laboristas consiguieron 41 diputados en Escocia, pero ahora podrían quedarse con menos de 10.  Complicado sistema  Los británicos votan en 650 circunscripciones y quien gana cada una se lleva el diputado, aunque no alcance la mayoría de votos. En las zonas rurales hay una fuerte presencia de los conservadores, mientras el voto laborista es más urbano.  La mayoría absoluta se consigue con 326 diputados. Los sondeos dan unos 280 diputados tanto a conservadores como a laboristas, unos 50 a los nacionalistas escoceses, poco más de 15 a los liberales y cifras menores a los eurofóbos de UKIP, los nacionalistas galeses, los unionistas norirlandeses y los ecologistas.  El UKIP es el gran perjudicado del sistema electoral. Podría ser el tercer partido con entre el 10% y el 15% de los votos, pero ese porcentaje solo le dar cuatro o cinco diputados.  Según una encuesta de la BBC, los conservadores tienen el 34% de apoyo y los laboristas el 33%. Con ese posible resultado, conservadores y liberales no sumarían mayoría para seguir gobernando, pero los laboristas sí podrían gobernar en minoría si contaran con el apoyo parlamentario de los nacionalistas escoceses. En este escenario, probablemente el viernes los británicos despierten sin saber quién los gobernar.  Las elecciones pueden marcar el futuro del Reino Unido, más allá de un cambio de partido en el Gobierno. Los conservadores de David Cameron prometen que si ganan, organizarán en el 2017 un referéndum sobre la permanencia en la Unión Europea. Esa propuesta, que rechazan los laboristas, la hizo Cameron por la presión de los eurofóbos del UKIP.  Cameron asegura que seguir con el ajuste fiscal que, aunque ha conseguido rebajar el desempleo, ha generado un aumento de la desigualdad. Los laboristas prometen consolidar las cuentas públicas, pero revertir los ajustes más duros en políticas sociales.","elcomercio","04/05/2015"
"Editorial","Al fondo hay sitio El gobierno aún está a tiempo de implementar medidas para ayudar a reactivar la economía. a la administración nacionalista le  quedan 13 meses al frente del Estado. En el aspecto político, el gobierno de Ollanta Humala necesita demostrar fiabilidad en sus actos para que el país tenga la seguridad de que todos ellos están encaminados a la preservación de la democracia y sus instituciones, y transparencia para evitar sísmos internos que vuelvan a poner en jaque a buena parte del nuevo Gabinete. En el aspecto económico, como ha mencionado este Diario en anteriores editoriales, el oxígeno político del que goza la actual administración para ensayar reformas estructurales es limitado. Por un lado, el apoyo del que dispone en el Legislativo es débil. Esta situación se evidenció tras la apurada promulgación del decreto de urgencia para elevar el límite máximo del déficit fiscal ante la demora del Congreso, y la dilación –an vigente– en la aprobación de los proyectos de ley enviados por el Ejecutivo en noviembre para agilizar los proyectos de infraestructura y las licencias ambientales. Por otro lado, el capital político y la capacidad de movilización que le resta al gobierno del señor Humala pueden ser insuficientes para ensayar los cambios de fondo necesarios para reactivar los motores de la economía. Después de todo, si la tibia modificación del régimen laboral que suponía la llamada ley ‘pulpín’ fue rechazada por el populismo de las fuerzas políticas, difícilmente se puede esperar que medidas más trascendentales sean implementadas. Todo ello no quiere decir que el margen de acción sea nulo y que lo mejor que puede hacer el gobierno es mantener la economía en piloto automático hasta julio del próximo año. El último paquete reactivador propuesto por el MEF, la semana anterior, es una muestra de que aún quedan batallas pendientes. Sugerencias Mejorar el ambiente de negocios y dar mayor estabilidad a la inversión privada debería ser una prioridad. Destacan aquí las rebajas de los aranceles de la franja de precios al azúcar, maíz y leche, medida por la que este Diario se había manifestado a favor. Como se recuerda, las familias peruanas han pagado un sobrecosto equivalente a S/.4.000 millones al año para adquirir diversos productos que van desde pollos y carnes hasta chocolates y galletas. Por su parte, la exoneración de descuentos de las gratificaciones de julio y diciembre y la flexibilidad en la disposición de la CTS son medidas efectivas para poner más dinero en los bolsillos de la gente. No obstante, pese a cumplir parcialmente con su objetivo, las exoneraciones son un recurso que juega en contra de la predictibilidad en el financiamiento del sistema de salud pública (no se paga por Essalud) y de fondos de pensiones (no se aporta a la AFP). Si se desea poner más recursos a las familias, existen otras medidas que el gobierno podría considerar y para las cuales tampoco se necesita de gran capital político. Una es ocuparse de trasladar la caída en el precio de los combustibles a los consumidores. Si bien su precio ha caído S/.6 en promedio en los últimos ocho meses, aún queda margen para reducir lo que pagan los consumidores, dado la caída en el valor internacional del crudo de más de 50% en el último año. Otra alternativa es subir el umbral a partir del cual las personas empiezan a pagar Impuesto a la Renta. A la fecha, ingresos anuales inferiores a siete UIT (S/.26.950) no están afectos a ese tributo. Estimados económicos apuntan a que el umbral bien podría subirse a ocho o nueve UIT sin afectar demasiado la recaudación. Hasta aquí, solo medidas orientadas a impulsar el consumo privado. Desde el lado de la inversión pública el gobierno bien podría, por ejemplo, acelerar la inversión en infraestructura educativa agrupando varios colegios con necesidades urgentes para realizar concesiones que bien podrían ser de hasta US$1.000 millones cada una. Otra alternativa es potenciar el mecanismo de obras por impuestos, sobre todo en gobiernos subnacionales. Finalmente, mejorar el ambiente de negocios y dar mayor estabilidad a la inversión privada debería ser, hoy más que nunca, una prioridad que, más que capital político, necesita voluntad política. En fin, los caminos a seguir para no dejar a la economía languidecer son múltiples. El MEF hace bien en demostrar que aún tiene interés y vigor para emprender algunos proyectos que están a su alcance. La mala noticia es que estas medidas posiblemente no serán suficientes; la buena noticia es que, con algo de creatividad y voluntad, aún quedan varias iniciativas factibles por implementar.","elcomercio","04/05/2015"
"Humor Profano","- Mario Molina - Un día como hoy de... Pelea entre lobos Singular curiosidad ha causado el duelo a chaveta entre dos delincuentes: Cipriano Moreno Tirifilo y Emilio Willmant. Tirifilo era el amo de las calles de Abajo del Puente, matón y miembro de la policía secreta. Willmant todavía no tenía una historia tan perversa como su adversario pero destacaba por su arrojo. Al parecer un problema ocurrido en un lenocinio fue la causa de su rivalidad. Finalmente decidieron batirse en El Monte, en la extremidad inferior de la avenida del Tajamar. El duelo fue terrible y en un momento Tirifilo resbaló en un riel del ferrocarril a Ancón, lo cual fue aprovechado por Willmant, quien le clavó la puya mortal. Willmant resultó con muchos cortes pero sobrevivió. nota: el tabano seguirá publicándose en la versión digital del diario los lunes, miércoles y viernes.","elcomercio","04/05/2015"
"Rutas Natales del Narcotráfico","Mares de cocaína Los perdedores de los frustrados proyectos de extracción Ilustración: Víctor Aguilera - Carmen McEvoy - Historiadora Director de la Maestría en Economía de la Universidad del Pacífico - Juan Mendez - las estructuras de las organizaciones criminales y la manera cómo el narcotráfico se ha superpuesto a una infraestructura comercial formal es el tema central de “Mares de cocaína” de Ana Lilia Prez. La “Armada Invencible” del presente milenio está compuesta por “capitanes de mar y tierra” mexicanos que operan en asociación con las mafias locales de todo el planeta. Teniendo como templete una cartografía marítima del crimen organizado, Prez le sigue el paso a las rutas de esos miles de barcos e incluso submarinos cargados de toneladas de droga producida en Bolivia, Colombia y el Perú. De lectura obligatoria para todo aquel que está interesado en salvaguardar a los estados que están ya infiltrados en sus más altos niveles, “Mares de cocaína” se centra en la toma de los puertos y los mares a escala planetaria. La ausencia de controles de seguridad, la corrupción política y la impunidad están permitiendo que los piratas del siglo XXI cuenten con narcopuertos, como el de Calabria, e incluso se apoyen en estados fallidos en África. Desde esas plataformas han empezado un proceso de control territorial mundializado cuyo modelo se remonta a su experiencia en México. El control, a sangre y fuego, de municipios, villas, pueblos, puertos incluso estados, como Jalisco, que hace unos días vivió su “viernes negro” a manos del cártel Jalisco-Nueva Generación, es evidente. Las 80 mil muertes y los 22 mil desaparecidos atribuibles a la guerra contra el narco mexicano del 2008 al 2013 entran en el rango numérico de una conflagración civil. Y aunque la ausencia de bandos discernibles, batallas formales desmienten –según Héctor Aguilar Camín– la noción clásica de una guerra civil, la intensidad de la violencia, la regularidad de los enfrentamientos y, sobre todo, la cantidad de las bajas impiden mirar la violencia mexicana solo como una epidemia criminal que ha fracturado un territorio basado en una multiplicidad de acuerdos. La guerra de las bandas muta cuando aparece un brazo armado formado por militares venidos de cuerpos especiales del Ejército: los Zetas. Estos consolidan la lucha a muerte por el dominio territorial de rutas hacia los pasos fronterizos más rentables. Unas “máquinas disciplinadas de matar”, los Zetas son la organización criminal que inicia la captura de los gobiernos locales. Para Prez, son los Zetas, el otro grupo es el Cartel de Sinaloa, quienes han iniciado la captura de territorio a escala mundial. La nueva economía global, “privatizada, desregulada, liberalizada”, produce nuevas fronteras y nuevas formas de piratería, ilegalidad, contrabando, movimientos migratorios masivos y operaciones inescrupulosas en sus márgenes. La devastación ambiental, la privatización de bienes públicos, la fuga de capitales, la evasión tributaria y el recurso sistemático del soborno configuran –según Fernando Escalante– una economía del saqueo de la cual el narcotráfico es un subproducto. En ese esquema, que obviamente tiene sus claroscuros, muchos gobiernos funcionan como concesionarios y no como defensores del Estado y sus instituciones. La frivolidad, salvo honrosas excepciones, con la que se discute el Caso Oropeza distrae del grave problema que enfrentamos. Ello, además, impide el análisis de las causas profundas de un asalto mafioso (observe el caso del puerto del Callao), cuyas consecuencias son imprevisibles para la República del Perú.","elcomercio","04/05/2015"
"El Potencial Geológico del Perú","Es uno de los mayores del mundo. Es comparable al de Australia, Chile y Canad. Sin embargo, las exportaciones mineras peruanas son la mitad de las de Chile y la tercera parte de las de Australia y Canad. ¿Por qué? Por el legado estatista del gobierno de Juan Velasco. En efecto, no hubo inversiones importantes en el sector minero hasta la década de 1990. Además, por la creciente campaña antiminería de los últimos años. Los promotores de esta campaña tienen varias victorias en su haber, Conga y Michiquillay entre las más notables, y pronto agregarán un nuevo laurel: Tambo Grande. Los perdedores de la antiminería somos todos los peruanos que tenemos que resignarnos a menores inversiones, menos empleo y menor capacidad de proveer bienes públicos por la reducción en los ingresos del Estado. Ya son más de 12 mil millones de dólares en inversiones perdidas del 2011 al 2014 sin contar el efecto desalentador sobre el clima de negocios que genera. Sin duda, el bajón en la inversión minera ya nos ha costado en términos de crecimiento. Peor aún, las victorias antiminerías le costarán al Perú entre 1,5 a 2 puntos del PBI en la siguiente década. Mucho de la oposición a la minería se centra en los supuestos severos daños al medio ambiente que esta ocasiona, usando ejemplos de décadas atrás cuando no había estándares ecológicos en ninguna parte del mundo. Pero no se dice que la minería peruana de hoy está sujeta a una de las legislaciones más rigurosas de cuidado del medio ambiente. Tampoco se menciona los numerosos ejemplos de complementariedad virtuosa entre la minería y otras actividades económicas. Para muestra un botón: el acelerado desarrollo de la hacienda Porcón en Cajamarca, vecina a la mina Yanacocha. Los comuneros de Porcón destacan por su producción de lácteos, artesanías, recursos forestales, y la provisión de servicios turísticos. Y las truchas en las piscigranjas de Porcón, que nadan en aguas provenientes de la mina, son testimonio de la ausencia de contaminación del recurso hídrico. Así, lejos de causar un desastre medioambiental, como los antiminería quisieran hacernos creer, la explotación minera ha incrementado la productividad de Porcón. Dejar de lado la minería como un motor fundamental del crecimiento de las próximas décadas es un suicidio para nuestras aspiraciones de dejar el subdesarrollo. Por ejemplo, un año de producción de Conga es equivalente a 300 años de producción agropecuaria en los distritos que, supuestamente, serían afectados por su puesta en marcha. No conozco aritmética alguna que permita justificar que Conga, y proyectos similares, sigan paralizados. Claro está, el ‘impasse’ alrededor de la minería es político. Y, aunque la solución será también política, es esencial que los ciudadanos seamos conscientes del barco que estamos dejando zarpar cuando no desarrollamos nuestras minas. Recordemos, además, que lo que hoy es recurso no necesariamente lo será mañana. El salitre de Tarapacá, por el que tanta sangre se derramó, no vale hoy más que la arena del desierto en que se encuentra. Ejemplos similares abundan como en el caso del guano o el del caucho. Y si la historia nos enseña algo, es solo cuestión de tiempo hasta que el progreso técnico convierta nuestras minas de cobre en museos naturales. Crecer sin minería es resignarnos a seguir","elcomercio","04/05/2015"
"Ara fijar las condiciones de las conversaciones y poner fin al conflicto por el rechazo de un sector de la población al proyecto minero Ta Mara.","Enviarn mil policas mas Ayer, al cumplirse 42 días de protestas, el comando de la PNP dispuso restablecer el orden en Cocachacra y Den Valdivia. El Director General de la Policía, general Jorge Flores Goycochea, adelantó que se sumarán 1.000 agentes más a los 2.000 desplazados a la zona. Tenemos la disposición de que el costo social sea cero, aunque ello represente un alto costo para la Policía, dijo. Durante el día, al intentar tomar el control, la acción policial produjo por lo menos cuatro enfrentamientos con la población y los denominados ‘espartanos’, quienes atacaron a los agentes con hondas y huaracas. sIn costo social tenemos la disposición  de que el costo social  sea cero, declar el  general PNP Jorge Flores  Goycochea. En la madrugada del domingo, los policías se desplazaron en tanquetas y camiones del Ejército e ingresaron desde el anexo de Chucarapi (en Cochacra) hasta el distrito de Den Valdivia limpiando a su paso las vas que permanecían bloqueadas desde el 23 de marzo. Otro contingente ingresó desde Mejía y retiró troncos y piedras que permanecían en la carretera. Luego del primer enfrentamiento, los agentes retrocedieron hasta Chucarapi, lo que provocó que los manifestantes intentaran retomar el control en Den Valdivia. Los choques se prolongaron hasta el anochecer. Se reportó que dos personas fueron detenidas. En Cochacra los manifestantes se concentraron al mediodía en el sector denominado San Francisco y desde all intentaron realizar una movilización hacia la comisaría, pero un contingente policial los repelió. Los pobladores se trasladaron luego hacia Den Valdivia. Al cierre de esta edición, los enfrentamientos en la zona habían dejado quince policías y dos manifestantes heridos. Uno de los pobladores es Richard Chai Calcina, de 23 años, quien sufrió una herida en el pie derecho que sus familiares atribuyeron a una bala. Entre los agentes heridos se identificó al alférez Benito Flores, comisario de La Curva (Valle de Tambo). Dos efectivos fueron conducidos al hospital de la Policía en Arequipa, según indicó Walter Vera, director de la Red de Salud de Islay.","elcomercio","04/05/2015"
"Ministro del interior: Estado de emergencia es una posibilidad","Consultado sobre una posible declaración de estado de emergencia, el ministro del Interior, José Luis Pérez Guadalupe, contestó que es una posibilidad, pero que actualmente están trabajando sin ella. En todo momento hemos tratado de evitar el costo social, ayer en la tarde comenzamos la limpieza de las carreteras bloqueadas. En la madrugada han entrado más de 1.000 efectivos y hemos tomado todo lo que es Cochacra, sostuvo el ministro. Pérez Guadalupe informó que ha conversado con la Fiscalía y el Poder Judicial para trabajar de manera coordinada para buscar la pacificación, el orden interno y el diálogo en la provincia de Islay. El titular del Interior explicó que están trabajando para estructurar un empadronamiento de las casas afectadas durante las protestas, muchas de ellas atacadas por los manifestantes, porque no se sumaron a las protestas. Por su parte, el presidente del Frente de Defensa del Valle de Tambo y uno de los principales promotores del paro, Pepe Julio Gutiérrez, advirtió que el conflicto que permanece restringido a la provincia de Islay se extendería a toda la región Arequipa. Gutiérrez agregó que hoy los dirigentes de los trabajadores y pobladores de asentamientos humanos decretarían un paro regional para respaldar sus protestas.","elcomercio","04/05/2015"
"Planeta Océano: Piden poner a raya pesca de mantarrayas","Según organización Planeta Océano, el Perú incumple los acuerdos internacionales que establecen la protección de esta especie. Tumbes. La captura de una mantarraya (Manta birostris) registrada el pasado 18 de marzo en la caleta La Cruz sorprendió a los peruanos. Muchos consideraron que se trataba de un caso insólito por los más de 1.000 kilos de peso y el colosal tamaño –8 metros de largo– del animal. La captura rápidamente llamó la atención y la noticia se difundió en las redes sociales del mundo. Sin embargo, la pesca de la mantarraya, accidental según algunos pescadores involucrados, no sería un hecho aislado. Una investigación realizada por la organización Planeta Océano permitió determinar que entre el 2012 y el 2013, solo en Tumbes hubo siete extracciones de ejemplares similares. Ello ocurrió pese a que las mantarrayas aparecen como especie vulnerable en la clasificación de la Unión Internacional para la Conservación de la Naturaleza (UICN). Un factor agravante, detalla Planeta Océano, fue que tres de las mantarrayas pescadas estaban preñadas. Una tragedia para esta especie, pues las hembras solo pueden tener crías cada dos o siete años. La mantarraya es inofensiva para los humanos. Su carne se comercializa a bajo costo, pues se ignora que vale más viva que muerta. En varios países hay toda una industria turística apoyada en ellas, explica la bióloga Kerstin Forsberg, directora de Planeta Océano, quien solicitó que se prohiba la pesca y comercialización de esta carne. Sin control Según la especialista, la falta de fiscalización del Ministerio de la Producción (Produce) en los desembarcaderos artesanales permite que los pescadores vendan carne de mantarraya sin problemas. Es conocido que la ofrecen como si se tratase de raya [más pequeñas]. El kilo no cuesta más de S/.1, agregó Forsberg. Para Michael Epstein, de la escuela de buceo Spondylus, el incumplimiento de los convenios internacionales de conservación y ambiente agrava la situación de la especie. Matar una mantarraya es tan grave como asesinar a un delfín o a un oso panda, afirma Epstein. El ecologista asevera que a la fecha subsiste una migración de la especie desde Ecuador, país donde sí se promueve su conservación. En vez de aprovechar la oportunidad para desarrollar el ecoturismo, en el Perú hacemos de la pesca ilegal una amenaza contra ellas, dijo.","elcomercio","04/05/2015"
"Comunidades exigen que la Sierra del Divisor sea parque nacional","Localidades indígenas requieren saneamiento físico para aprovechar sus recursos naturales. el comercio .A15 dante Piaggio manejo para trabajar con árboles maderables. Solo esperamos que el territorio est saneado. En otro sector, también en los alrededores de la Sierra del Divisor, se ubica la comunidad Nueva Saposoa, habitada por indígenas shipibos. La situación de ellos es aún más apremiante –explica Marta Cairuna, su líder– porque sus tierras de cultivo actuales se inundan cada año. Queremos sembrar en altura, pero no podemos hacer chácara si no hay parque nacional. No hay territorio definido, explica en su lengua materna. a la espera. Se calcula que 3 mil pobladores de comunidades nativas y campesinas habitan los alrededores de la Sierra del divisor. margen derecha del río Ucayali. Como informó el sábado este Diario, el Consejo de Vice Ministros se reuniría esta semana para discutir el expediente que declara parque nacional a la Sierra del Divisor. Esta vasta región boscosa, rica en biodiversidad, fue convertida en zona reservada en el 2006 y desde entonces espera su categorización. Al mismo tiempo, es amenazada por la presencia de madereros y mineros ilegales. Víctor Vargas, presidente de la comunidad Encanto Suni, agrega: Ya tenemos planes de Por qué un Parque Nacional? Mérito natural En esta región no hay cómo proteger a la población si no es con un parque nacional. La Sierra del Divisor lo merece, explica el abogado conservacionista César Ipenza. Otros beneficios Lelis Rivera, antropólogo y director ejecutivo del Centro para el Desarrollo Indígena Amazónico (CEDIA), afirma que la creación del parque nacional promover la conservación participativa como valor agregado, y lograr el esperado saneamiento de las comunidades. Loreto. De las 46 comunidades campesinas y nativas establecidas en los alrededores de la zona reservada Sierra del Divisor, entre el límite regional con Ucayali, nueve colindan con el área protegida. Por ello, sus habitantes exigen que esta área sea declarada parque nacional. Nosotros no podemos tener titulación si antes no se hace zonificación, pero el Ejecutivo no toma la decisión de crear el parque nacional, lamenta Guillermo Alvarado, presidente de la comunidad nativa Canchahuaya, de población predominantemente shipiba y ubicada en la margen derecha del río Ucayali.","elcomercio","04/05/2015"
"Hoy se conocerán detalles autoridades llegan a comunidad de Shipetiari tras muerte de comunero","Madre de Dios. Autoridades nacionales y regionales llegaron a la comunidad de Shipetiari en la provincia del Manu, región Madre de Dios, para indagar sobre el escenario de la muerte del joven comunero Leonardo Pérez Peña (20 años) por tiro de flecha. Según primeras versiones, esta habría sido provocada por un ataque de indígenas aislados mashco piros. La muerte se produjo el 1 de mayo a las 8 de la mañana. Víctima. Indígenas aislados habrían matado al nativo. Por encima de lo Permitible Altos niveles de mercurio en la población Madre de Dios. En promedio ocho de cada diez personas en la región presentan niveles de mercurio por encima de los permisibles, según un estudio de Carnegie Institution for Science. Las comunidades indígenas están tres veces más afectadas en zonas urbanas y cinco veces por encima del nivel máximo permitido, dijo Luis Fernández, uno de los investigadores.","elcomercio","04/05/2015"
"Campo de batalla. Miles de judíos de origen éthope marcharon contra el racismo y la discriminación","Ni negros ni blancos... todos somos seres humanos, claman etopes judos Miles de judíos de origen éthope marcharon contra el racismo y la discriminación luego de que se divulgara un video sobre violencia policial. Al menos 46 policías y siete manifestantes fueron heridos ayer en Tel Aviv en los incidentes posteriores a la multitudinaria marcha convocada por israelíes de origen éthope para denunciar la brutalidad policial, el racismo y la discriminación. Tel Aviv [agencias]. La divulgación de un video de brutalidad policial prendió la mecha. El 26 de abril, una grabación subida a Internet mostraba a dos agentes policiales blancos arrestando de manera violenta a un emigrante éthope de raza negra en la ciudad de Holón. La víctima, soldado del Ejército y que iba de uniforme cuando la policía cerró una calle por un objeto sospechoso, fue brutalmente golpeado sin que mediara razón aparente más que haber preguntado a qué se debía el reten.","elcomercio","04/05/2015"
"El mercado de la nostalgia","Los anticuarios son guardianes de la memoria ajena y conocedores como pocos de la condición humana de acumular y coleccionar. Ellos, como en muchos casos se reconocen, son un vehículo para que las personas construyan su identidad a partir de recuerdos en una ciudad con una frágil memoria.  Cada objeto es un mundo perdido, dice José Melgar, antropólogo y anticuario. Para él, la nostalgia del comprador de antigüedades está marcada por el valor simbólico del objeto. Es ese valor en el que radica la naturaleza cautivante de la antigüedad –continúa José–: contienen parte de una historia que ya culminó, que puede ser general o sumamente íntima.  En una cultura en la que la posesión ha sido llevada a la categoría de paradigma, los anticuarios venden no aquello que tienen entre manos, sino todo lo que esos objetos simbolizan. Sus piezas son lo que son y lo que representan; son vendedores del triunfo sobre el tiempo.  Ese mundo, esa historia, cobran vida con un nuevo dueño. Yo vivo de cosas de muertos, dice Jorge Bustamante, sobre esas historias concluidas que buscan un nuevo inicio. Bustamante es uno de los dueños de Vernisagge Arte, una tienda de antigüedades en San Isidro.  José entró en este negocio hace siete años, como muchos otros anticuarios, vendiendo cosas que tenía para subsistir.  El valor del símbolo. José Melgar, mimetizado entre sus antigüedades, sabe que su negocio consiste en vender objetos por lo que son y por la historia que representan.  Cuando niño, José empezó a coleccionar libros antiguos con grabados. El efecto sensorial que suponía pasar sus uñas por esos grabados le impedían ver uno y no llevarlo. Cuando empezó a vender sus cosas, también empezó a comprar otras. Ahora tiene una pequeña tienda en Lince desde la que habla de la identidad. Las antigüedades muchas veces son elementos de la identidad de las personas, al tener estos objetos están fortaleciendo su identidad. Estos objetos representan algo que ya forma parte de ellos, dice.  A dos pasos tiene un equipo Sony de 1991 que compró en un remate. Se oyen los acordes del primer tema del disco Yield de Pearl Jam, una banda de su adolescencia. En el frenético mundo del rock, un grupo con 25 años de trayectoria es una antigüedad. Si las antigüedades pueden reforzar la identidad desde la memoria, también pueden hacerlo a partir del estilo. Jorge Bustamante es firme al decirlo. Sostiene que ese mercado de la nostalgia es también un mercado de la personalidad. Un mueble del siglo XIX puede ser como la música o la ropa que uno usa y que lo define o a través de la cual busca definirse. No tener para ser, tener porque soy. Compro cosas que yo tendría. Algo no es bueno solo por ser antiguo, agrega Bustamante.  El lugar donde un anticuario obtiene sus preciosas cosas es su secreto mejor guardado. Aunque a veces dan ciertas pistas. Las casas antiguas o Tacora, en las primeras cuadras de la avenida Aviación, se siente cachinero, anticuario y coleccionista. Se inici juntando estampillas a los 10 años.  Gusto. Las antigüedades también son una forma de marcar estilo.  Raul Pérez  El lugar donde un anticuario obtiene sus cosas es su secreto mejor guardado. Las casas antiguas o Tacora, en las primeras cuadras de la Av. Aviación, son dos referencias usuales.  Las antigüedades muchas veces son elementos de la identidad de las personas, al tener estos objetos están fortaleciendo su identidad.  Raúl Mendoza es otra referencia común. No son pocos los dueños de otros anticuarios de la ciudad que pasan por los puestos de Mendoza en la cuadra nueve del jirón Caman en el Cercado de Lima.  La ciudad está hecha de memoria. Sin ella no se puede idear a futuro, ha dicho el urbanista Washington Fajardo, especialista en patrimonio. Lima no parece un lugar que tenga especial interés en su memoria más reciente.  Es justamente la memoria la que se vuelve fundamental a la hora de hablar de antigüedades, sostiene Raúl. Quienes compran suelen adquirir aquello que recuerdan, porque buscan materializar esa evocación.  Él tiene de todo. Un dibujo de Szyszlo firmado. Botellas antiguas de Coca-Cola. Un florero de un país que ya no existe. Fotos de principios del siglo pasado de Ayacucho y Cuzco, entre otras ciudades.  Soy cachinero, anticuario, coleccionista, dice como resumen suyo. Y coleccionista comprende que es ser un perseguidor. El mercado de la nostalgia y del estilo, también es de la obsesión.  Otro dueño de anticuario que lo visita es Enrique Baiogorría, especialista en juguetes, en especial de robots japoneses de mediados de siglo XX. Los colecciona, los cuida, los repara, los vende. Y al venderlos, abandona una parte de sí mismo. Ese es el gran drama del anticuario: siempre tiene que desprenderse de aquello que quiere. Una lección de vida, diría alguien solemne.","elcomercio","04/05/2015"
"Un solo serenazgo municipal para Lima?","De la reciente relanzamiento del Serenazgo Metropolitano no busca sustituir a los 43 serenazgos que hoy tiene la capital por uno nuevo; solo aspira integrar los esfuerzos de los existentes para que sus servicios de vigilancia y patrullaje sean más eficientes en la prevención del crimen. La idea de contar con un servicio integrado de serenazgos tiene 11 años. As lo propuso en el 2004 una ordenanza municipal de Lima.  Desde entonces, es poco lo avanzado, aunque hubo dos iniciativas importantes: la breve integración del serenazgo del Cercado y sus vecinos, iniciada en el 2009 y abandonada en el 2011, y la adoptada por los distritos de San Isidro, San Borja, Surco, Surquillo, Barranco y Miraflores a partir del 2012, vigente hasta la fecha. Abdul Miranda fue protagonista de ambas iniciativas, primero como jefe del serenazgo de Lima durante la anterior gestión del alcalde Castaeda y, posteriormente, como gerente de seguridad ciudadana de Barranco. Miranda, actual gerente de seguridad ciudadana de Lima Metropolitana, encabeza la iniciativa de retomar el gran objetivo de integrar los serenazgos en la capital.  Ya han sido dos las reuniones convocadas por él para discutir, con los gerentes de seguridad ciudadana de los distritos de Lima, cómo hacer realidad esta aspiración. Los temas en agenda incluyen la cooperación de los serenazgos en zonas limítrofes, la suma de recursos para apoyar intervenciones en un distrito a pedido de su alcalde y la progresiva integración de sus sistemas de comunicaciones.  También está en agenda la creación de un registro único de serenos para que las municipalidades conozcan en tiempo real sus historias laborales y de vida, para evitar, así, contratar a quienes no cuenten con una trayectoria adecuada. Otra preocupación es dotarse de patrones mínimos para la formación de los serenos y de especificaciones comunes para sus uniformes.  Ojalá que Lima mantenga el liderazgo y las municipalidades distritales la acompañen en este cometido. Es positivo que haya acuerdo sobre la necesidad de integrar esfuerzos y de cómo hacerlo. Habrá que ver si hay la voluntad política para actuar en consecuencia.  El gobierno central podría fortalecer esta iniciativa con acciones que hagan realidad la disposición constitucional que establece la cooperación de la PNP con las municipalidades en seguridad ciudadana. Tres medidas son prioritarias.  Primero, la incorporación gratuita de policías a los centros de control municipal y a todos los vehículos del serenazgo las 24 horas del día. Segundo, el nombramiento de una autoridad policial única en cada distrito, responsable de administrar todos los recursos para el patrullaje y la vigilancia actualmente dispersos en diferentes unidades policiales. Tercero, la implementación de planes de patrullaje distrital que integren todos los recursos policiales y municipales, bajo la conducción operativa de la autoridad policial distrital, en coordinación con el gerente de seguridad ciudadana.  Integrar esfuerzos Hacia un Serenazgo Metropolitano – La Ordenanza 638, del 21 de junio del 2004, creó un servicio interdistrital, intercomunicado e informatizado, constituido por los serenazgos del Cercado y de los distritos de Lima. Hacerlo realidad 11 años después es urgente y requiere constancia y determinación.  Apoyo del Gobierno Cooperación policial con las municipalidades – El gobierno central debe apoyar los esfuerzos de las comunas de Lima para fortalecer la vigilancia y el patrullaje, integrando a esta iniciativa los recursos humanos y logísticos con que cuenta la Policía Nacional. ¿Lo har?","elcomercio","04/05/2015"
"Gobierno solo dialogará si se levantan las acciones de protesta en Islay","Enfrentamientos dejan 15 policías y 2 agricultores heridos. Comando de la PNP anuncia que se sumarán 1.000 policías más en la zona.  Los alcaldes del Valle de Tambo y la provincia de Islay invocaron a que la Defensora del Pueblo medie ante la PCM, a fin de poder retomar las conversaciones y dar fin al conflicto por oposición al proyecto Ta Mara, que hoy cumple 43 días.  Carlos Zanabria  Próvocadores. Un grupo de manifestantes permaneció a la espalda de la comisaría de Cocachacra para retar a la Policía, luego que los agentes tuvieron que replegarse.  Arequipa. El pedido para retomar el diálogo por parte de los alcaldes de Islay tuvo efecto. El ministro de Agricultura y Riego, Juan Manuel Benites, anunció que se reanudarán las conversaciones, pero con la condición de que se depensen las medidas de protesta en esa provincia arequipea, que hasta el momento han dejado 15 policías y dos comuneros heridos.  Esta condición no es negociable, se lee del comunicado enviado por el Minagri.  Horas antes, en una carta dirigida a Rolando Luque, adjunto de la Defensora del Pueblo para la Prevención de Conflictos Sociales, los alcaldes del Valle de Tambo y la provincia de Islay invocaron su mediación ante la Presidencia del Consejo de Ministros para fijar las condiciones de las conversaciones y poner fin al conflicto por el rechazo de un sector de la población al proyecto minero Ta Mara.  Enviarán mil policías más Ayer, al cumplirse 42 días de protestas, el comando de la PNP dispuso restablecer el orden en Cocachacra y Den Valdivia. El Director General de la Policía, general Jorge Flores Goycoechea, adelantó que se sumarán 1.000 agentes más a los 2.000 desplazados a la zona.  Tenemos la disposición de que el costo social sea cero, aunque ello represente un alto costo para la Policía, dijo.  Durante el día, al intentar tomar el control, la acción policial produjo por lo menos cuatro enfrentamientos con la población y los denominados espartanos, quienes atacaron a los agentes con hondas y huaracas.  Sin costo social Tenemos la disposición de que el costo social sea cero, declaró el general PNP Jorge Flores Goycoechea.","elcomercio","04/05/2015"
"Ecta que el inmueble que figuraba como casa de Gerald Oropeza era oficina de Facundo Chinguel.","Según el Poder Judicial, Oropeza y otros siete sujetos enviaban droga hacia Europa. Oropeza era acopiador.  Marco Riveros, abogado de Oropeza, presenta un habeas corpus para anular la orden de detención.  Fuente: archivo el comercio  VoZ policial. Isaac Alvarado, jefe de la Divincri de Piura, cree que para un requerido es fácil escapar a Ecuador por la falta de control.  Logró salir del Perú antes del 20 de abril, fecha en que el Poder Judicial dictó su orden de captura y detención preventiva.  Inmueble allanado  La policía ingresó al inmueble en el que supuestamente estuvo Oropeza el viernes último, con la orden del Juzgado Superior Nacional contra el Crimen Organizado, luego de haber detectado movimientos inusuales en la vivienda. Vimos vehículos de última generación, comida en Tupperware, medicinas, porque todos sabemos que [Oropeza] está herido, contó Alvarado.  Sin embargo, la dueña del inmueble, Justa López Paz, denunció que la policía cometió excesos en el allanamiento y negó tener algún vínculo familiar con el prófugo. Marco Riveros, abogado de Oropeza, también respaldó esta versión.","elcomercio","04/05/2015"
"Piden más inteligencia, antes que mano dura","El ministro de Justicia, Gustavo Adrianzén, anunció el sábado último que su sector está elaborando un proyecto para endurecer las penas contra el sicariato y la delincuencia. Esto, en razón de los asesinatos por encargo ocurridos en las últimas semanas en Lima y el Callao. Algunos de estos crímenes, como el de Antonio Saucedo Mendoza, en un taxi en San Isidro, están vinculados con la red de narcotráfico que habría integrado Gerald Oropeza.  El ministro precisó que buscar no solo aumentar los años de cárcel para quienes cometan estos delitos, sino que plantear poner agravantes de hasta un 50% a las penas dependiendo de las circunstancias en las que ocurrió cada caso. Indicó que pedirá facultades al Congreso para legislar en esta materia.  Más inteligencia  Esta medida no tendrá mayor efecto y no logrará revertir la presencia del sicariato en el país, según especialistas consultados por El Comercio.  Los expertos aseguran que el Estado debe priorizar una política de inteligencia, a manera de prevención, antes de aumentar las penas por estos delitos.  Desde 1991 hemos tenido crecimiento de las penas y no ha habido un efecto disuasivo. El sicariato es un delito que va unido a otro tipo de ilícitos como, por ejemplo, el narcotráfico, la extorsión, etc., dice César Báez, experto en seguridad del IDL.  Para el ex director de la PNP Gustavo Carrín, la corrupción que existe en instituciones como la policía y el Poder Judicial es la que alienta el aumento de este tipo de delitos. Carrín recuerda que las leyes severas ya existen, pero no son realmente aplicadas.","elcomercio","04/05/2015"
"Municipio del Rímac pide apoyo a Interior para evitar invasiones","Riesgo. Parte alta de Villa Fatima (cerro San Cristobal) es peligrosa.  Invasores que se instalan en las partes altas de los asentamientos humanos están en peligro constante en caso de sismo, dice alcalde.  El alcalde del Rímac, Enrique Pesanilla, solicit apoyo policial para desalojar a decenas de invasores que día a día continúan instalando de manera ilegal precarias viviendas en las partes altas de los asentamientos humanos del distrito, como Flor de Amancaes, Cerro Palomares, Horacio Zevallos y Villa Fatima, entre otros.  Pesanilla explicó que los invasores viven en peligro constante porque se han ubicado en un área de 95.000 m², adyacentes a esos poblados y considerada zona de alto riesgo en caso de un sismo de gran magnitud.  El alcalde señaló que este problema es motivado por traficantes de terrenos. Informó que en los últimos años se han construido 140 muros en 27 asentamientos humanos. Sin embargo – comentó –, los usurpadores excavan detrás de esos muros para ganar terreno en los cerros e instalan precarias viviendas con palos y plástico, consumando la posesión ilegal del terreno.  Consideró necesario realizar acciones conjuntas con otros estamentos del Estado para erradicar esos predios ubicados en zonas consideradas de protección y tratamiento paisajístico.  Los terrenos ocupados son del Estado. Por eso he pedido al ministro del Interior, José Luis Pérez Guadalupe, apoyo para terminar con las invasiones, dijo Pesanilla.","elcomercio","04/05/2015"
"Penal Castro Castro: Agentes del INPE serán separados de institución","Luego de que el programa Domingo al día difundiera imágenes en las que se ve a internos del penal Castro Castro (San Juan de Lurigancho) haciendo llamadas y hasta recargando sus celulares, el director del INPE, Julio Magno, dijo que separarán de la institución a los malos agentes que apoyaron a los internos para esos fines. Asuntos Internos investigará el tema, señaló Magno e indicó que los internos serán sancionados.","elcomercio","04/05/2015"
"Latina: Alejandro se recupera y pide justicia","Qué bueno es despertar y saber que hay tanta gente que te quiere, que te apoya [...] Gracias a todos los que se tomaron el tiempo de escribirme!, es parte del mensaje que publicó en su Facebook Alejandro Ballón, quien fue atropellado por Mateo Silva Martínez, en el Boulevard de Asia. A un mes y medio de ocurrido el accidente, Ballón pide justicia a través de su cuenta en dicha red social. Silva Martínez está preso en el penal de Cañete.","elcomercio","04/05/2015"
"Fuerte oleaje socava base del tercer carril de la Costa Verde","En la playa La Pampilla, en Miraflores, el mar erosiona un sector de los cimientos de la obra vial. Emape evaluará hoy los daños y no descarta cerrar un tramo de la vía.  El oleaje anómalo que afectó al litoral desde el último viernes ha causado estragos en varios sectores de la Costa Verde. El más notable es el forado que se ha formado en la playa La Pampilla, en Miraflores, casi debajo del tercer carril de la vía, construido en marzo pasado.  As lo observó ayer El Comercio en un recorrido. La zona perjudicada se encuentra a escasos metros del sitio en el que la Municipalidad de Lima colocó, sin autorización de la Marina de Guerra, rocas para proteger dicho carril. Allí el mar seguía ganando espacio a la tierra y minando cada vez más la base de la pista.  Para el arquitecto Miguel Ángel Torres, experto en infraestructura vial, lo que está pasando en la Costa Verde es una muestra de la debilidad de los estudios con los que se planifica la ampliación de la autopista.  Parece que cuando se hicieron los estudios no se contempló que pudieran suceder estos eventos. No se critica que se haya hecho un tercer carril, que puede ser necesario, sino la forma apresurada en que se construyó. Ahora, cada vez que haya marejadas tendremos una situación similar. Se nota que hubo ausencia de expertos en oceanografía en la obra. Esta infraestructura está en riesgo, explicó Torres a este Diario.  Agregó que otra muestra de la improvisación de la comuna fue colocar un enrocado sin mayor criterio técnico ni autorización de la Marina de Guerra, institución que había anunciado a El Comercio que el tercer carril sufriría daños por el fuerte oleaje.  Según fuentes de la Empresa Municipal Administradora de Peajes de Lima (Emape), hoy se evaluarán los daños en el tramo de la vía que está frente a la playa La Pampilla. Indicaron que no se descarta el cierre parcial del tercer carril si encuentran que hay riesgo para los conductores.  Las fuentes agregaron que la empresa municipal no puede intervenir para reforzar la base dañada ni retirar el enrocado porque –aseguraron– que la Marina no contesta sus comunicaciones.  El alcalde de Lima, Luis Castañeda Lossio, cuestionó ayer que la Dirección General de Capitanías y Guardacostas (Dicapi) haya evitado que se siguiera arrojando más rocas como acción defensiva antes de la llegada del oleaje. Quisieron que fracasara esto, sostuvo el alcalde en el programa Sin Medias Tintas de Latina. Este Diario intent infructuosamente conseguir el descargo de la Marina de Guerra.  El burgomaestre limeño afirmó que entre febrero y abril representantes de la municipalidad se reunieron con el presidente de la Federación Deportiva Nacional de Tabla, Carlos Neuhaus, para informarle sobre la obra en La Pampilla. Indicó que acordaron hacer un malecón all.  Fuentes de la federación de tabla indicaron hace unos días a El Comercio que no hubo acuerdo alguno.","elcomercio","04/05/2015"
"El mercado de la nostalgia","Los anticuarios son guardianes de la memoria ajena y conocedores como pocos de la condición humana de acumular y coleccionar. Ellos, como en muchos casos se reconocen, son un vehículo para que las personas construyan su identidad a partir de recuerdos en una ciudad con una frágil memoria.  Giancarlo Shibayama  Fernando González-Olaechea  Cada objeto es un mundo perdido, dice José Melgar, antropólogo y anticuario. Para él, la nostalgia del comprador de antigüedades está marcada por el valor simbólico del objeto. Es ese valor en el que radica la naturaleza cautivante de la antigüedad –continúa José–: contiene parte de una historia que ya concluyó, que puede ser general o sumamente íntima.  En una cultura en la que la posesión ha sido llevada a la categoría de paradigma, los anticuarios venden no aquello que tienen entre manos, sino todo lo que esos objetos simbolizan. Sus piezas son lo que son y lo que representan; son vendedores del triunfo sobre el tiempo.","elcomercio","04/05/2015"
"La OCMA dilata recomendación para destituir a ex titular de corte del Callao","Se sugiere sancionar a juez Daniel Peirano, quien excluyó a presunto narcotraficante vinculado a Oropeza de proceso de lavado de activos.  La Unidad de Investigación de la OCMA sugirió hace nueve meses destituir al juez Daniel Peirano por pedirle dinero a un litigante del Callao. Sin embargo, la presidenta del órgano de control, Ana María Aranda, aún no toma una decisión.  El 1 de julio del año pasado, la Unidad de Investigación y Anticorrupción de la Oficina de Control de la Magistratura (OCMA) concluyó la investigación contra Daniel Peirano Sánchez, presidente de la Corte del Callao en el período 2011-2012, planteando su destitución por supuestamente haber pedido dinero a un procesado.  El documento fue enviado a la jefa de la OCMA, la magistrada suprema Ana María Aranda, quien en última instancia debe decidir si hace suya la recomendación de sanción o archiva la denuncia. Sin embargo, han pasado nueve meses y hasta el momento Aranda no define la suerte de Peirano. Por el contrario, su silencio afecta la actuación del Consejo Nacional de la Magistratura. El CNM convocó a Peirano en enero del 2012 para definir su ratificación como magistrado del Poder Judicial, pero aún no puede tomar una decisión porque sus integrantes esperan el pronunciamiento de la OCMA.","elcomercio","04/05/2015"
"El Apra pide apoyo a la fiscalía para depurar su padrón de afiliados","Más de 280 mil personas participaron ayer de las elecciones internas del Partido de Haya de La Torre en el país.  El Partido Aprista, que ayer celebr sus elecciones internas, pidi al Ministerio Público apoyo en la depuración de sus más de 220 mil afiliados a fin de evitar que aparezcan casos similares al de Gerald Oropeza, ex militante aprista vinculado a una mafia de narcotraficantes.  Omar Quesada, secretario general institucional del partido, dijo en comunicación con este Diario: Le hemos enviado nuestro padrón de afiliados [a la fiscalía], que son públicos, para que puedan colaborar con nosotros en saber quiénes tienen problemas con la justicia.  El dirigente refirió que esta información, enviada al Ministerio Público, fue enviada también al Jurado Nacional de Elecciones (JNE) hace diez días.  Ellos cuentan con los instrumentos necesarios para hacerlo. Esperamos que en la próxima semana nos puedan responder, indic el aprista.","elcomercio","04/05/2015"
"Resulta inaudito cómo el Gobierno es incapaz de saborear sus propios éxitos","No habiendo pasado ni una semana desde que Pedro Cateriano obtuvo el respaldo del Congreso con 73 votos a favor, se abre otro flanco deslizando la posibilidad de que se hiciera una cuestión de confianza el pedido de facultades para legislar en materia económica y de seguridad ciudadana, y con ello no se descartara el cierre del Congreso.  Fue Fredy Otrola quien, en un arranque de sinceridad, sostuvo que si bien el cierre del Parlamento –en caso se nieguen las facultades-- es un escenario que no se descarta, aunque no es lo deseable, dej entrever otra posibilidad que resulta aún más grave: Lo que sí motivaría tomar esa medida, en mi opinión, es que se sigan, sin justificación alguna, tumbando gabinetes como el de Ana Jara.  Otrola no es nuevo en política, ni mucho menos un desconocido en el Partido Nacionalista. Ha sido presidente del Congreso y ministro en dos carteras distintas, por lo tanto no habla a título personal. No debe ser una idea que se le haya ocurrido de la nada, sino algo recogido en alguna conversación de alto nivel.","elcomercio","04/05/2015"
"Marine Le Pen se vuelve a enfrentar a su padre","Pars [reuters]. La lideresa del ultraderechista Frente Nacional, Marine Le Pen, dijo ayer que no quiere que su padre, Jean-Marie Le Pen, hable más en nombre del partido, que fue fundado por él. Asimismo, acus a su padre de actuar con maldad hacia ella. Tengo la sensación de que no puede soportar que el Frente Nacional siga existiendo sin él al mando. Lo lamento, afirm Marine Le Pen a los periodistas.","elcomercio","04/05/2015"
"Nigerianas liberadas narran el horror de su cautiverio en manos de Boko Haram","Los terroristas de Boko Haram mataron a los niños mayores y a los hombres frente a sus familias antes de llevarse a las mujeres y los niños más pequeños a la selva, donde muchos murieron de hambre y enfermedades. Son los trágicos recuerdos que desgranaban ayer algunos de los cientos de cautivos liberados por el ejército de Nigeria, que fueron trasladados a un centro estatal de refugiados tras escapar de las manos de los islamistas, que los tenían retenidos en la selva nororiental de Sambisa. Después de varios días viajando por carretera en todoterrenos, cientos de personas fueron puestas al cuidado de las autoridades en un campamento de refugiados de la ciudad oriental de Yola, donde fueron alimentados y atendidos de sus heridas. All pudieron hablar por primera vez con los periodistas, en un caso que ha vuelto a concitar la atención internacional. No nos dejaban movernos, dijo una de las mujeres, identificada como Asabe Umaru. Si necesitabas ir al baño, te seguían. Nos tenían en un lugar, en estado de esclavitud. Damos gracias a Dios por estar vivas y al ejército de Nigeria por salvar nuestras vidas, manifest Umaru. Un total de 275 mujeres y niños, algunos de los cuales tenían las cabezas y brazos vendados, llegaron el sábado por la noche al campamento. Desde el martes han sido liberadas cerca de 700 personas secuestradas del bastión selvático de Boko Haram. El último grupo de 234 mujeres y niños fue puesto en libertad el viernes. Cuando vimos a los soldados, levantamos las manos para pedir ayuda. Boko Haram nos estaba vigilando y nos apedrearon para que los siguiéramos a otro escondite, pero nos negamos porque estábamos seguras de que los soldados nos rescatarían, cont Umaru, de 24 años y madre de dos hijos, a Reuters. Los prisioneros sufrieron una constante malnutrición y enfermedades, agregó. Todos los días veíamos morir a alguno de nosotros y esperábamos nuestro turno. Otra de las liberadas, Cecilia Abel, dijo que su esposo y su hijo mayor fueron asesinados frente a ella y luego la milicia la obligó a internarse en la selva junto a sus ocho hijos restantes. Apenas comió durante dos semanas, hasta la llegada de los militares. Nos alimentaban solo con maíz seco al mediodía, que no era bueno para el consumo humano, recordó. Muchos de los que fueron capturados murieron en la selva de Sambisa. Incluso después de nuestro rescate fallecieron diez personas de camino hasta aquí. Los liberados fueron alimentados con pan y tazas de té cuando llegaron al campamento. El doctor Mohamed Aminu Sulaiman indicó a Reuters que 19 personas fueron hospitalizadas para recibir una atención especial. Más de 2.000 secuestrados Amnistía Internacional calcula que los subversivos, que intentan imponer el dominio islámico en África occidental, han secuestrado a más de 2.000 mujeres y niñas desde el inicio del 2014. Muchas fueron usadas como cocineras, esclavas sexuales y escudos humanos. Entre los prisioneros liberados hasta el momento no parece estar ninguna de las más de 200 alumnas secuestradas en la localidad de Chibok en abril del 2014, un incidente que atrajo la atención global a un conflicto que dura ya seis años. Umaru refirió que su grupo nunca entró en contacto con las niñas perdidas de Chibok. El ejército de Nigeria, junto a las fuerzas de las vecinas Chad, Camerún y Niger, ha recuperado varias zonas controladas por Boko Haram en los dos últimos meses. Boko Haram quiere crear un Estado islámico en el norte de Nigeria y desde el 2009 ha matado a al menos 14.000 personas. Unos 1,5 millones de personas están desplazadas por la violencia. Además, el grupo terrorista ha jurado lealtad a los yihadistas del Estado Islámico, que actúa en Irak y Siria.","elcomercio","04/05/2015"
"Envejecimiento prematuro permitirá explorar la fuente de la eterna juventud","Desde que el hombre se dio cuenta de que la muerte es inevitable, su fantasía creó el sueño de la inmortalidad. La proto-ciencia y la ciencia han ayudado a alimentar ese deseo. Pero ahora, un reciente estudio abre una nueva ruta para entender y manipular el proceso del envejecimiento. Envejecimiento prematuro permitiría explorar la fuente de la eterna juventud. La semana pasada se publicó un interesante estudio en el que se abre toda una nueva avenida de investigación en el proceso del envejecimiento humano, una visión que no solamente agrega una nueva teoría del deterioro celular, sino que también permite especular con la idea de que ese fenómeno puede ser manipulado. Investigadores del Instituto Salk en California (EE.UU.) y de la Academia China de Ciencias han encontrado que los cambios en la composición química de ciertos ‘paquetes’ de ADN, que se encuentran dentro del núcleo de la célula, tienen mucho que ver con el proceso del envejecimiento. Pero más importante, han demostrado que la manipulación de esos ‘paquetes’, ha hecho que una célula normal envejezca más rápido. De esta manera, se abre la posibilidad de que el fenómeno contrario, es decir, el frenar o revertir la vejez, pueda ser también una realidad. Es importante primero entender que, desde el punto de vista de su función, el ADN que se encuentra dentro del núcleo de la célula no presenta el mismo nivel de actividad. Mientras que ciertos ‘paquetes’ de ADN (eucromatina) están ‘en plena actividad’, hay otros ‘paquetes’ (heterocromatina) que están ‘en reposo’. El síndrome de Werner Este es un raro desorden genético en el cual un niño crece normalmente hasta que alcanza la pubertad. En ese momento de su desarrollo, el sistema de envejecimiento celular del niño ‘se acelera’ y todo su cuerpo empieza a envejecer a un paso más rápido. Muy pronto la piel se arruga, aparece la calvicie y los órganos muestran signos de disminución de su función, apareciendo también diferentes tipos de cáncer, todos relacionados al envejecimiento prematuro. Finalmente, la persona muere joven, pero con un deterioro acelerado de sus órganos. Sabiendo que los pacientes con el síndrome de Werner envejecen prematuramente porque carecen de una proteína celular llamada WRN, la cual regula el proceso de envejecimiento celular a través de su respectivo gen WRN, los investigadores norteamericanos y chinos usaron este mal como modelo de envejecimiento humano. Algunas de las preguntas que trataron de responderse los investigadores fueron: ¿A qué nivel de la célula actúa la proteína WRN? ¿Cómo actúa? ¿Ser posible ‘fabricar’ células deficientes en proteína WRN y por tanto hacer que una célula normal envejezca? Pues eso es lo que hicieron precisamente los científicos norteamericanos y chinos. Utilizando técnicas de edición génica en esas células, los investigadores descubrieron que la región del núcleo más afectada por la ausencia de la proteína WRN era la heterocromatina, o parte del ADN que está en reposo, y dentro de esta área celular se encuentran las histonas, sustancias que pueden cambiar nuestros cromosomas en respuesta a los efectos del medio ambiente, tales como sustancias químicas, productos del tabaco, mala alimentación, etc. En resumen, esta investigación ha demostrado que el proceso de envejecimiento celular radica en la arquitectura del ADN en reposo o heterocromatina, y que la ausencia de la proteína WRN provoca cambios en la estructura de esos cromosomas, similares a los causados por el medio ambiente. Esto ratifica la teoría de la epigenética, que dice que el medio ambiente es capaz de producir cambios genéticos y puede causar diversas enfermedades. Esta teoría se agrega a otras dos que consideran que el envejecimiento celular es consecuencia de mutaciones genéticas, y a la de las telomerásas o extremos de las moléculas de ADN que se piensa que ‘se van gastando’ a medida que envejecemos. Pero la aplicación práctica de esta investigación radica en que, a través de experimentos más complicados, los investigadores fueron capaces de producir células que envejecen muy rápidamente, manipulando la presencia o ausencia de proteínas que actuaban sobre la heterocromatina.","elcomercio","04/05/2015"
"No Unido, ms all de un cambio de partido en el Gobierno","Los conservadores de David Cameron prometen que si ganan, organizarán en el 2017 un referéndum sobre la permanencia en la Unión Europea. Esa propuesta, que rechazan los laboristas, la hizo Cameron por la presión de los eurofóbos del UKIP.  Cameron asegura que seguirá con el ajuste fiscal que, aunque ha conseguido rebajar el desempleo, ha generado un aumento de la desigualdad. Los laboristas prometen consolidar las cuentas públicas, pero revertir los ajustes más duros en políticas sociales.","elcomercio","04/05/2015"
"Perfiles","David Cameron Cargo: Primer ministro Edad: 48 años  Por la reelección Gran admirador del neoliberalismo de Margaret Thatcher, Cameron busca este 7 de mayo la reelección. Durante la campaña electoral, ha recurrido a políticas de Thatcher, como ayudas para la compra de viviendas, y ha defendido a capa y espada su plan económico de recorte del gasto público.  Nacido en Londres el 9 de octubre de 1966, Cameron procede de una familia aristocrática. Estudi Filosofía, Política y Economía en el Brasenose College de la Universidad de Oxford. Se cas en 1996 con Samantha Sheffield, también aristócrata, con la que tiene tres hijos.  Ed Miliband Cargo: Líder del Partido Laborista Edad: 45 años  Cambio de imagen Miliband naci en Londres en una familia de emigrantes judíos polacos de clase media, reputados intelectuales de izquierda. Al igual que Cameron, es licenciado en Filosofía, Política y Economía por la Universidad de Oxford. En el 2010, asumió el liderazgo del Partido Laborista. Luego de pasar casi toda su carrera política a la sombra de su hermano, ha conseguido en esta campaña ganarse más admiradores, dejando incluso atrás su comparación con Wallace, el famoso personaje de grandes dientes y algo torpe de la serie de animación Wallace y Gromit. Convive con su pareja y tiene dos hijos.","elcomercio","04/05/2015"
"Crónica","Ocho días después del sismo en Nepal, equipos de rescate encontraron a un anciano bajo los escombros de su casa.  Sobreviviente a los 101 años Funcho Tamang se salvó de entre los escombros en la aldea de Kerabari, en el distrito de Sindhupalchowk. El tercero había quedado sepultado por un deslizamiento de tierra.  Sharan Mahat. Reuters  Tragedia Más de 300.000 viviendas quedaron parcial o totalmente destruidas en todo el país, informó el Ministerio del Interior. En muchas áreas, comunidades o pueblos enteros se vieron reducidos a escombros.  Más de 130.000 funcionarios de la policía y soldados están movilizados para asistir en las tareas humanitarias.  Los servicios básicos fueron restaurados ayer en Katmandú, la capital nepalesa, tras una semana de réplicas continuas.  Unas 900.000 personas han abandonado Katmandú desde el terremoto, lo que supone un 20% de la población total de la capital.  Volvió a nacer. Funcho Tamang solo tiene heridas leves y se encuentra estable. Él ya sobrevivió al terremoto de 1934.  Tiene heridas en el tobillo izquierdo y en una mano. Su estado es estable, informó el oficial de policía Arun Kumar Singh. El longevo superviviente –que casi no puede hablar– fue trasladado a Nuwakot, a unos 80 kilómetros al noroeste de Katmandú. Su familia lo acompaña, añadi.  A sus 101 años, el anciano es sobreviviente de otro terremoto: el de 8 grados que sacudi Nepal en 1934 y que dejó más de 8.500 muertos. Hasta el momento no se ha podido recabar testimonios del anciano.  Tamang estaba sepultado bajo los escombros de su casa de barro en la aldea de Kimtang, en el distrito de Nuwakot. Fue rescatado por un equipo compuesto por policías nepaleses y socorristas japoneses, y luego trasladado en helicóptero a un hospital.  Pero lo de Tamang no fue el único milagro. Solo pocas horas antes de que fuera rescatado, se conoció que otras tres personas –dos mujeres y un hombre– habían sobrevivido al terremoto. Soldados y policías sacaron a dos de los tres supervivientes de entre los escombros.  Hay pueblos a los que todavía no hemos podido llegar, pero sabemos que todas las casas han sido destruidas, dijo. Las réplicas son constantes y estimamos que el balance humano definitivo será mucho más alto.  Reparto de ayuda En tanto, aviones y personal militar de Estados Unidos estaban listos para empezar a entregar ayuda a las zonas afectadas en las afueras de Katmandú, dijo una portavoz de los marines estadounidenses, que llegaron ayer a Nepal, un día después de lo esperado.  El representante residente de las Naciones Unidas, Jamie McGoldrick, advirtió que el Gobierno de Nepal necesita flexibilizar sus restricciones aduaneras normales, en una crítica a la acumulación de víveres en el aeropuerto de la capital, única puerta de entrada internacional de Nepal.  El director del aeropuerto de Katmandú anunció que se había prohibido el aterrizaje de los aviones más grandes por temor a que la pista estuviera dañada y no pudiera soportar el peso. No autorizaremos el aterrizaje en el aeropuerto de Katmandú de todo avión que supere las 196 toneladas, explic Prasad Shrestha a la agencia AFP.","elcomercio","04/05/2015"
"Se levanta el toque de queda en Baltimore","Baltimore [AFP]. Las autoridades de Baltimore ordenaron ayer la suspensión inmediata del toque de queda declarado en esta ciudad estadounidense, luego de los violentos disturbios derivados tras la muerte de un joven negro bajo custodia policial.  Con efecto inmediato, he rescindido mi orden instituyendo el toque de queda en toda la ciudad, escribió en Twitter la alcaldesa de Baltimore, Stephanie Rawlings-Blake.  Poco después el gobernador de Maryland, Larry Hogan, anunció el comienzo del retiro de unos 3.000 efectivos de la Guardia Nacional que fueron desplegados para reforzar la seguridad en la ciudad portuaria. Desde el martes, el toque de queda regía en Baltimore desde las 10:00 p.m. hasta las 5:00 a.m., un día después de que las protestas desembocaran en caos, enfrentamientos y saqueos de tiendas.  Las protestas se tornaron violentas tras el funeral de Freddie Gray, de 25 años, quien muri el 19 de abril tras sufrir lesiones graves en la cervical durante su traslado en un vehículo policial.","elcomercio","04/05/2015"
"Chile-Bolivia: ¿Qué se discutirá hoy en la corte de La Haya?","Esta es una semana decisiva para la demanda presentada en el 2013 por el país altiplánico.  Bruselas [EFE]. La Corte Internacional de Justicia de La Haya (CIJ) inicia hoy una semana de alegatos orales en el litigio que enfrenta a Chile y Bolivia por el acceso de este último país al Pacífico, que se centrará en si este tribunal tiene competencia para pronunciarse sobre el caso.  Bolivia, luego de años de negociaciones con Chile sin lograr una salida al Pacífico a través de una cesión territorial soberana, decidi en abril del 2013 llevar el caso a la CIJ, a la que pidi que declare que Santiago tiene la obligación de negociar un acceso soberano completo al océano.  Litigio internacional  El argumento boliviano Bolivia sostiene que la pérdida de su litoral fue producto de una invasión de tropas de Chile, que declaró la guerra mucho tiempo después de haber ocupado la costa boliviana.  Las pérdidas En la Guerra del Pacífico, Bolivia perdi frente a Chile 400 km de costa y 120.000 km² de territorio.  Para este año Se espera que la corte decida si es competente para ver el caso antes de fin de año.  Mensaje. Evo Morales ha pedido a los bolivianos izar banderas azules, símbolo de la reivindicación marítima de Bolivia.  Chile present en julio del 2014 una objeción preliminar sobre la jurisdicción de la CIJ, es decir, una invitación a que este tribunal se declare incompetente para pronunciarse sobre el asunto, que será la cuestión sobre la que se centren las audiencias de esta semana.  La CIJ, con sede en La Haya, escuchar hoy en el primer turno de intervención a Chile, que intentará probar su argumento de que este alto tribunal no tiene competencia para decidir sobre este caso.  La delegación chilena defenderá que las relaciones entre ambos países ya quedaron establecidas por el Tratado de 1904, que puso fin a la Guerra del Pacífico.  La corte no debería entrar a conocer de un tema de fondo como le ha planteado Bolivia, sino que debería dejar que los países sigan su curso bajo las reglas de la diplomacia normal, aseguraron fuentes oficiales chilenas que también subrayaron que su país, no obstante, respeta la corte y colabora con ella.  El miércoles será Bolivia el que tenga la oportunidad de exponer sus argumentos.  Según este país, la CIJ es plenamente competente para resolver el caso en virtud del llamado Pacto de Bogotá, que creó esta corte en abril de 1948, y que ambos países reconocen.  Bolivia sostiene, además, que su petición al tribunal internacional es independiente del Tratado de 1904, y alega que Chile se comprometió posteriormente, a lo largo de los años y de distintos acuerdos, prácticas diplomáticas y declaraciones públicas, a negociar un acceso soberano al mar, según los documentos remitidos a la corte de La Haya.","elcomercio","04/05/2015"
"Alemania: Merkel: No olvidaremos los horrores de la guerra","Dachau [Reuters]. Los alemanes no olvidarán nunca los inmensos horrores causados por los nazis en los campos de concentración durante la Segunda Guerra Mundial, afirmó ayer la canciller Angela Merkel, en la ceremonia de conmemoración por los 70 años de la liberación del campo de Dachau, cerca de Múnich. Merkel habló ante 120 sobrevivientes de 20 naciones y seis soldados estadounidenses que ayudaron a liberar el lugar.  Discurso. Merkel recordó los 70 años de la liberación de Dachau.","elcomercio","04/05/2015"
"Uruguay: EE.UU. ayudará a ex presos de Guantánamo","Montevideo [AP]. Estados Unidos está comprometido en colaborar con el Estado uruguayo para ayudar a la integración social de los refugiados de Guantánamo en el largo plazo. Nuestra meta en común es hacer que el reasentamiento de los ex presos sea un éxito de largo plazo, declaró el encargado de negocios de la embajada de EE.UU. en Montevideo, Brad Freden.  Cifra: 10 millones de dólares debe la naviera danesa Maersk a una empresa petrolera iraní. Teherán aún retiene un carguero de propiedad de Maersk.","elcomercio","04/05/2015"
"Francia: Marine Le Pen se vuelve a enfrentar a su padre","París [Reuters]. La líder del ultraderechista Frente Nacional, Marine Le Pen, dijo ayer que no quiere que su padre, Jean-Marie Le Pen, hable más en nombre del partido, que fue fundado por él. Asimismo, acus a su padre de actuar con malicia hacia ella. Tengo la sensación de que no puede soportar que el Frente Nacional siga existiendo sin él al mando. Lo lamento, afirmó Marine Le Pen a los periodistas.  Marine Le Pen es la líder del ultraderechista Frente Nacional.","elcomercio","04/05/2015"
"Nigerianas liberadas narran el horror de su cautiverio en manos de Boko Haram","Todos los días veíamos morir a alguno de nosotros  Nigerianas liberadas narran el horror de su cautiverio en manos de Boko Haram.  REUTERS  Los terroristas de Boko Haram mataron a los niños mayores y a los hombres frente a sus familias antes de llevarse a las mujeres y los niños más pequeños a la selva, donde muchos murieron de hambre y enfermedades.  Son los trágicos recuerdos que desgranaban ayer algunos de los cientos de cautivos liberados por el ejército de Nigeria, que fueron trasladados a un centro estatal de refugiados tras escapar de las manos de los islamistas, que los tenían retenidos en la selva norteña de Sambisa.","elcomercio","04/05/2015"
"Disparándose a los pies","Resulta inaudito cómo el Gobierno es incapaz de saborear sus propios éxitos. No habiendo pasado ni una semana desde que Pedro Cateriano obtuvo el respaldo del Congreso con 73 votos a favor, se abre otro flanco deslizando la posibilidad de que se hiciera una cuestión de confianza el pedido de facultades para legislar en materia económica y de seguridad ciudadana, y con ello no se descartará el cierre del Congreso.  Fue Fredy Otrola quien, en un arranque de sinceridad, sostuvo que si bien el cierre del Parlamento –en caso se nieguen las facultades-- es un escenario que no se descarta, aunque no es lo deseable, dejó entrever otra posibilidad que resulta aún más grave: Lo que sí motivaría tomar esa medida, en mi opinión, es que se sigan, sin justificación alguna, tumbando gabinetes como el de Ana Jara.  Otrola no es nuevo en política, ni mucho menos un desconocido en el Partido Nacionalista. Ha sido presidente del Congreso y ministro en dos carteras distintas, por lo tanto no habla a título personal. No debe ser una idea que se le haya ocurrido de la nada, sino algo recogido en alguna conversación de alto nivel.  Ya el lunes la oposición advirtió que intentar amarrar el voto de confianza a la investidura era una trampa y así lo han venido repitiendo, es decir, no entrarán al juego de la confianza, bajo la amenaza del cierre del Congreso. Si bien el presidente se apuró en afirmar que prefiere no especular con esta posibilidad, afirmaciones como las de Otrola, y el tibio deslinde del mandatario, son preocupantes pues dejarían entrever ese doble discurso que petardea la acción del primer ministro.  Vale la pena recordar en este contexto, que cuando Humala nombr a Cateriano, este se apresuró en dejar en claro sus convicciones: Debemos respetar escrupulosamente la Constitución, es decir, el presidente Humala tiene que cumplir con su mandato presidencial. Para ello fue elegido, de acuerdo con lo que establece la Constitución. Por lo tanto, también que los congresistas cumplan con su período legislativo.  Esperamos que el primer ministro pueda desactivar estas minas sembradas por el nacionalismo, tal como lo hizo el lunes en el Parlamento, cuando el congresista Santiago Gastañadu puso en peligro la investidura al Gabinete al plantear ligar la aprobación de facultades legislativas al voto de confianza.  Más allá de que las declaraciones de Otrola resulten siendo al final una anécdota o un disparate más a los que ya nos tiene acostumbrados el nacionalismo, es la miopía política de quienes deben acompañar al Ejecutivo en el logro de sus objetivos lo que resulta peligrosa. Si ya era difícil conseguir los votos para la delegación de facultades, después de este chantaje resulta poco más que imposible.  Como se ve, el reto del primer ministro no solo es dialogar y alcanzar consensos con las fuerzas de oposición –que ya le dieron su confianza–, parece que el trabajo más arduo lo tiene al interior del partido de gobierno, que no hace más que dispararse a los pies y complicarle la vida.","elcomercio","04/05/2015"
"Voceros resolverán quién reemplazar a Lay en Ética","El congresista Humberto Lay (Unión Regional) renunciará formalmente hoy a la presidencia de la Comisión de Ética Parlamentaria. A partir de su decisión, se abre un compás de espera hasta resolver quién será el nuevo titular del grupo hasta julio del 2016.  Los voceros de las nueve bancadas decidirán, sea en la Junta de Portavoces o en el Consejo Directivo, quién será el congresista que asumirá la difícil tarea de investigar y proponer sanciones a legisladores denunciados ante la comisión.  La elección del reemplazo de Lay puede prolongarse dos semanas. Entretanto, Daniel Mora (Perú Posible) asumirá temporalmente la presidencia del grupo. Está previsto que la comisión vuelva a sesionar el lunes 11 para resolver los pedidos de reconsideración de Lay y Mesas Guevara (Acción Popular-Frente Amplio) para que se investigue a los fujimoristas denunciados por viajar a actividades de su partido con pasajes pagados por el Congreso.  Para que la solicitud proceda se necesita que cinco de los siete legisladores miembros del grupo voten a favor. Pero como Lay no estará en la sesión por su dimisión, y el parlamentario fujimorista Juan Deza Dios ratific ayer a El Comercio que no participará en la votación (es uno de los acusados), se requerirá el voto unánime de los otros cinco integrantes de la comisión.  Cabe recordar que en el pleno están pendientes de debate cinco informes de ética que recomiendan sancionar a igual número de parlamentarios. Los mismos serían vistos el jueves 14.","elcomercio","04/05/2015"
"Pedido de Facultades: Legislar en economía y en seguridad","Cateriano adelantó el lunes en el Congreso la necesidad de que el Ejecutivo pueda legislar para destrabar las inversiones que se encuentran demoradas por complejos trámites administrativos y afrontar con mayor severidad el espionaje interno y la inseguridad ciudadana.  La oposición votará en contra de facultades. Diferentes voceros de la oposición como Martha Chávez, Juan Carlos Eguren y Javier Velásquez, han adelantado que votarán en contra del pedido de facultades, pues –entre otros motivos–, estas se dan a un gobierno entrante, y no a uno que está de salida.","elcomercio","04/05/2015"
"Segundo grupo de fonavistas podría cobrar desde el jueves","El pago al segundo grupo de aportantes al Fondo Nacional de Vivienda (Fonavi) comenzará el próximo jueves 7.   La comisión ad hoc encargada del proceso de devolución de aportes al Fonavi aprobó ayer el padrón del segundo grupo. La resolución se publicó en la edición de las Normas Legales de El Peruano. Según el documento, son 41.590 los beneficiarios. Para comenzar el pago se ha dispuesto la transferencia de 60’152.300 al Banco de la Nación. La lista de beneficiarios podrá consultarse desde hoy en www.fonavi-st.gob.pe y www.fonavi-st.pe.  El representante del Ministerio de Economía y Finanzas ante la comisión ad hoc, Edgar Ortiz, indicó que se adelantó la fecha de pago, programada en un principio para julio, para cumplir con la sentencia del Tribunal Constitucional lo antes posible. Cabe recordar que una resolución del TC ordenó el pago a los fonavistas.  Ortiz recordó que la primera lista de fonavistas, a los que se les devolvieron sus aportes en enero pasado, era de 103.011 personas. Con este [segundo] grupo tenemos 41.590. La idea es que a julio sumemos más de 200 mil personas, manifestó.","elcomercio","04/05/2015"
"La frontera con Ecuador es la probable ruta de fuga del prófugo Gerald Oropeza","La policía pensó que el presunto narcotraficante se refugió en una vivienda en Sullana, cerca de la frontera. Se solicitó a la Interpol su búsqueda en países fronterizos.  Los agentes de la Divincri de Piura sospechan que Oropeza aprovechó el poco control policial que hay en la zona fronteriza para escapar del país. Propietarios de la vivienda allanada en Piura niegan tener vínculos con el investigado por narcotráfico.  Pese a ser uno de los hombres más buscados por la policía, Gerald Oropeza López puede esquivar todos los controles de seguridad y estar hoy refugiado en Ecuador. Esa es una de las hipótesis más fuertes que hoy baraja la policía, a cargo de la investigación iniciada hace un mes, luego del ataque a la camioneta Porsche. Según creen, Oropeza estuvo escondido primero en Piura.  La policía pensó que Oropeza se escondió en una vivienda ubicada en la localidad de Mallaritos, en Sullana, Piura. La zona se ubica apenas a media hora de la frontera con Ecuador. Para el jefe de la Divincri de Piura, Isaac Alvarado, escapar por la frontera hacia Ecuador no es complicado por los escasos controles migratorios que hay en la zona. Para cualquier persona que se encuentre requisitoriada es fácil salir hacia ese país. La Panamericana es una ruta para salir a Ecuador y tenemos otras zonas como Suyo, Ayabaca, donde no hay control migratorio, dijo el coronel.  Precisamente, las salidas hacia Ecuador y Bolivia son las zonas más utilizadas por los narcotraficantes y los requisitoriados. Situación opuesta a la que se observa en el límite con Chile.  Estrategia legal. La policía aseguró que ha coordinado con la Interpol para acelerar la búsqueda de Oropeza en los países fronterizos. Si el presunto narcotraficante es capturado fuera del país por la Interpol, las autoridades de ese lugar deberán decidir si este es expulsado o extraditado al Perú.  Según el abogado penalista Eduardo Herrera, la expulsión de Oropeza no procedería si él logró salir del Perú antes del 20 de abril, fecha en que el Poder Judicial dictó su orden de captura y detención preliminar.","elcomercio","04/05/2015"
"NA","Americanos y chinos usaron este modelo como modelo de envejecimiento humano. Recordemos que cada proteína celular es un producto de la actividad de un determinado gen o unidad genética del cromosoma.  Algunas de las preguntas que trataron de responder los investigadores fueron: ¿A qué nivel de la célula actúa la proteína WRN? ¿Cómo actúa? ¿Sería posible fabricar células deficientes en proteína WRN y, por tanto, hacer que una célula normal envejezca? Pues eso es lo que hicieron precisamente los científicos esos cromosomas, similares a los causados por el medio ambiente.  Esto ratifica la teoría de la epigenética, que dice que el medio ambiente es capaz de producir cambios genéticos y puede causar diversas enfermedades.  Esta teoría se agrega a otras dos que consideran que el envejecimiento celular es consecuencia de mutaciones genéticas, y a la de las telomerasas o extremos de las moléculas de ADN que se piensa que se van gastando a medida que envejecemos.  Pero la aplicación práctica de esta investigación radica en que, a través de experimentos más complicados, los investigadores fueron capaces de producir células que envejecen muy rápidamente, manipulando la presencia o ausencia de proteínas que actuaban sobre la heterocromatina.  Dicen ellos que estos experimentos abren las puertas para que en el futuro se puedan producir medicamentos que afecten la producción de sustancias que afecten las histonas, con lo que teóricamente se podría manipular el envejecimiento celular y hacer exactamente lo contrario a lo que ocurre naturalmente en el síndrome de Werner que, como dijimos antes, se caracteriza porque las células se envejecen muy rápidamente y sin control.  Mientras estas investigaciones den frutos, estimado lector, y mientras esperamos una pildora contra el envejecimiento, recuerde lo que delineamos en nuestro primer libro La Salud Hecha Fácil: Consejos vitales de cómo llegar a viejo lo más joven posible: un envejecimiento adecuado puede conseguirse con una alimentación saludable, actividad física diaria, respetar las horas de sueño, reconocer y manejar el estrés, evitar la exposición al humo del tabaco, cultivar la salud mental y espiritual, así como tener la buena costumbre de visitar al médico regularmente para hacerse una revisión periódica y usar racionalmente los productos que nos brinda la vida moderna.  Así que, mientras no se tengan más avances sobre esta nueva investigación antienvejecimiento, el sueño de vivir como Dorian Gray va a tener que seguir esperando.","elcomercio","04/05/2015"
"Impresionante auge de la tauromaquia popular en Lima Metropolitana","No solo en provincias. También en Lima hay plazas populares −como la de Villa María del Triunfo− en las que se dan decenas de corridas de toros al año. Quien crea que los toros en Lima solo se celebran en la Plaza de Acho, se equivoca por completo.  El viernes 1 de mayo, Juan Carlos Cubas mat en solitario una corrida de la ganadera de San Pedro en la plaza Torokuna, montada –casi de forma permanente− en el colegio José Carlos Mariátegui, en San Gabriel, en las alturas –sobre los cerros− de Villa María del Triunfo.  No puede haber zona más populosa en el suroeste de Lima que el cono sur de la ciudad. Un millón trescientos mil personas viven all, distribuidas –casi en partes iguales− entre los tres distritos: San Juan de Miraflores, Villa María del Triunfo y Villa El Salvador. El eje central del cono sur lo marca la Avenida Pachacútec −prolongación de Tomás Marsano− que empieza en la Panamericana Sur y concluye en la zona arqueológica de Pachacamac. Tras San Juan de Miraflores, por la vertiente norte de los cerros, se asciende desde la Avenida Pachacútec hacia Villa María del Triunfo. La zona alta de dichos cerros –cuya otra vertiente baja hacia el elegante barrio de Las Casuarinas, en Surco− se llama San Gabriel y all, en un enorme terreno que comparten un colegio y un complejo deportivo, rodeado de una zona muy popular, está instalada la plaza de toros.  Chumpi, Ayacucho, en Lima Las tradiciones y la cultura de las provincias del Perú forman parte del continuo mestizaje de nuestro país. Los inmigrantes, al ir llegando e integrándose en Lima, van conformando ese variado crisol cultural que es la capital. La corrida del viernes pasado fue organizada por los pobladores de Chumpi en Lima, junto a la Asociación de Peñas Taurinas del Sur (Apetasur), de fecunda actividad a lo largo de los últimos años. Chumpi, uno de los distritos ayacuchanos de Parinacochas, reconstruir el campanario de su iglesia con los beneficios de la corrida.  Cubas en solitario La plaza Torokuna se llenó por completo. Márquez popular y típicamente peruano, pero muy taurino. Se lidiaron cuatro toros de San Pedro, bien presentados en general, aunque disparates: los dos primeros bajos, cortos de manos y muy bien hechos; los dos últimos, altos de agujas y más bastos. El primero y el segundo tuvieron mucha clase, aunque poca fuerza; el tercero metió la cara, a pesar de sus hechuras y tuvo una embestida que había que someter, pero con mucha transmisión; el que cerró la tarde, sin ser malo, fue el menos bueno de la corrida.  Juan Carlos Cubas logró instrumentar buenos naturales al primero, pero la faena perdi intensidad al cambiar de mano y torear por la derecha al culminar su labor. Al segundo –toro de dos orejas− lo aprovech parcialmente y luego lo pinchó. Con el tercero estuvo muy bien; expuso, lo entendió y logró someterlo; le cortó una merecida oreja. Al cuarto, el menos lucido, pudo haberle cortado una oreja, la que finalmente un banderillero cortó por su cuenta, en actitud que un matador de toros como Cubas no necesita.  Tarde entretenida y de la que todo el mundo salió hablando de toros y comentando el buen juego de los de San Pedro. El próximo 7 de junio, en la misma plaza, actuarán el mexicano Uriel Moreno ‘El Zapata’, mano a mano, con Alfonso de Lima. Ser otra corrida muy interesante, organizada por los residentes de Incuyo, Ayacucho, en Lima.","elcomercio","04/05/2015"
"LA FRANJA DE PRECIOS ENCARCE SEVEROS PRODUCTOS EN PERJUICIO DE MILLONES DE CONSUMIDORES","Editorial de El Comercio Los cuatro fantásticos (del proteccionismo) / 30 de marzo del 2015  Al fondo hay sitio  El gobierno aún está a tiempo de implementar medidas para ayudar a reactivar la economía.  a la administración nacionalista le quedan 13 meses al frente del Estado. En el aspecto político, el gobierno de Ollanta Humala necesita demostrar fiabilidad en sus actos para que el país tenga la seguridad de que todos ellos están encaminados a la preservación de la democracia y sus instituciones, y transparencia para evitar sismos internos que vuelvan a poner en jaque a buena parte del nuevo Gabinete.  En el aspecto económico, como ha mencionado este Diario en anteriores editoriales, el oxígeno político del que goza la actual administración para ensayar reformas estructurales es limitado. Por un lado, el apoyo del que dispone en el Legislativo es débil. Esta situación se evidenció tras la apurada promulgación del decreto de urgencia para elevar el límite máximo del déficit fiscal ante la demora del Congreso, y la dilación –aún vigente– en la aprobación de los proyectos de ley enviados por el Ejecutivo en noviembre para agilizar los proyectos de infraestructura y las licencias ambientales.  Por otro lado, el capital político y la capacidad de movilización que le resta al gobierno del señor Humala...","elcomercio","04/05/2015"
"Luces","Homenaje: todo esto es Sebastián Salazar Bondy En coloquio se trat sobre el novelista, dramaturgo, poeta, ensayista y crítico.","elcomercio","04/05/2015"
"Crtica literaria","La invisible narrativa peruana","elcomercio","04/05/2015"
"Deportetotal","El conteo del siglo: Floyd fue más efectivo que Manny Mayweather conect el 34% de sus golpes. Pacquiao apenas el 19%.","elcomercio","04/05/2015"
"Paro contra Tía María. Intervención en el epicentro de una protesta que lleva 43 días","Más de tres mil policías patrullan provincia de Islay. Heridos. Al cierre de esta edición, 15 agentes y dos civiles sufrieron lesiones durante el desbloqueo de las vías hacia Arequipa. Acciones. El ministro del Interior anuncia que se investigará la presencia de gente que usa huaracas para atacar a la policía. Solicitud. Cuatro alcaldes de provincia arequipeña envían carta a defensora para que media en el diálogo con el Ejecutivo.","elcomercio","04/05/2015"
"Dos hombres armados son abatidos en Texas","Al servicio del país Tema del día Hay más de 150 conflictos sociales en desarrollo en el Perú. – La Defensora del Pueblo indica que alrededor del 74% se debe a casos socioambientales. – Problemas limítrofes y rechazo a las autoridades locales son otras causas de enfrentamientos.","elcomercio","04/05/2015"
"Frontera norte: probable ruta de la fuga de Gerald Oropeza","Interpol ha sido notificada para que ubique a implicado en acopio de drogas.","elcomercio","04/05/2015"
"Superviviente de 101 años. Tras 8 días del terremoto en Nepal, hallan a anciano entre los escombros","Casteadas y el Oleaje. Alcalde culpa a la Marina por los daños que sufrió la playa La Pampilla.","elcomercio","04/05/2015"
"Un trago amargo: el café en su hora difícil","Tras el golpe de la plaga de la roya, se deben renovar al menos 280 mil de 425 mil hectáreas del cultivo.","elcomercio","04/05/2015"
"Franquicias: migran otras tres marcas peruanas","La panka, El Escondite del gordo y carnal se expanden en la región.","elcomercio","04/05/2015"
"Tiroteo por Mahoma","Dos hombres fueron abatidos anoche, luego de que abrieran fuego contra un centro comunal en el que se llevaba a cabo un concurso de caricaturas sobre Mahoma, cerca de Dallas, en Texas (EE.UU.). Un policía resultó herido. Expertos en bombas registraron el auto en el que se desplazaban para verificar que no hubiera explosivos. El hecho hizo recordar el ataque contra la revista satírica francesa Charlie Hebdo en enero.","elcomercio","04/05/2015"
"Judíos etíopes protestan contra el racismo","La indignación de Baltimore ahora se vive en Tel Aviv. Hay al menos 46 policías y siete manifestantes heridos.","elcomercio","04/05/2015"
"Perú, cantera de conflictos","La mayoría de disputas entre ciudadanía y Estado tiene su origen en temas de contaminación ambiental y falta de demarcación territorial. La defensora da cuenta de más de 150 conflictos sociales en desarrollo. De ellos, 43 son considerados por la Presidencia del Consejo de Ministros como muy críticos. La desinformación agrava la violencia. El paro que acatan tres distritos de la provincia arequipeña de Islay en contra del proyecto minero Tía María cumple hoy 43 días. Entre las pérdidas que han marcado la región –desde que estalló el conflicto– se encuentran: la muerte de un manifestante, que 2.800 escolares hayan perdido sus clases, y la producción casi arruinada de 6 mil hectáreas de arroz, consecuencia del abandono de las chacras. En otro extremo, las pérdidas sociales: inseguridad, vulneración del principio de autoridad y desconfianza en una solución por la vía del diálogo. Según la Defensora del Pueblo, el caso de Tía María resume el problema que persigue al país en los últimos 10 años: crisis social por falta de previsión y de comunicación con el Estado. Estas cifras coinciden con las de la Oficina Nacional de Diálogo y Sostenibilidad de la Presidencia del Consejo de Ministros (PCM), que en el último año logró poner paños fríos a 41 discrepancias [ver infografía]. Pese a que la mayoría de conflictos tiene origen en temas socioambientales o por falta de límites oficiales, todos –según observa el sociólogo Víctor Caballero Martín, ex jefe de la Oficina de Gestión de Conflictos Sociales de la PCM– tienen la particularidad de extenderse hasta por 20 años. Tía María, por ejemplo, tiene un origen más lejano al conocido, en el 2009. Curiosamente, se desencadenó por una disputa entre las regiones de Moquegua y Arequipa por el acceso al agua, asevera Caballero. Para David Montoya Chomba, actual encargado de la citada oficina, la mayoría de discrepancias se agrava por la falta de desarrollo de los pueblos, donde se percibe como lejanas a las autoridades de Lima y se rechaza a las empresas privadas por pésimas experiencias de gestión en décadas pasadas. Luego de más de 12 años de regionalización, el resultado no es el esperado. De esto se valen los sectores radicales, que con motivaciones políticas se aprovechan de la pobreza para agitar a las comunidades, lamenta Montoya. Ello explicaría por qué en cada discurso contra los más controvertidos proyectos de inversión, los agitadores achacan a Lima desdén u olvido para con las regiones. El 96% de las funciones del Gobierno Central ya fueron transferidos a las regiones. El incumplimiento de las metas de desarrollo tiene que ver con su incapacidad para hacer obras, precisa. Para Caballero, la persistencia de las comunidades al abrazar la violencia, antes que el diálogo, respondería a su urgencia por revertir dicho olvido capitalino. Lamentablemente, este impulso los lleva a desestimar prácticas como mesas de diálogo. Para superar estos escenarios, y conseguir salidas conversadas a los conflictos, ambos especialistas sugieren acompañar las exhortaciones al diálogo con políticas institucionales que empoderen a las comunidades y den resultados en el mediano plazo. Conviene, además, hacer visible el seguimiento a los conflictos, a fin de afianzar la confianza en que los acuerdos serán cumplidos. Siguiendo la noticia Más de tres mil policías retoman el control de la provincia de Islay.","elcomercio","04/05/2015"
"Las capacidades que nos falta fortalecer","Rolando Luque M. Adjunto de la Defensora para la Prevención de Conflictos Sociales Si los conflictos sociales que se suceden con frecuencia en el Perú fueran situaciones rutinarias, estos se resolverían por las vías regulares previstas en el derecho civil.  Pero no lo son. Dada su complejidad, todos los conflictos sociales en nuestro país tienen un carácter excepcional: múltiples actores, variados problemas, demasiados intereses políticos en uno y otro bando, prácticas violentas, etc. Hacerse cargo de ellos requiere una lógica en la que las jerarquías y las rigideces propias de las administraciones públicas se relativizan para dar paso a espacios más horizontales, legitimados por la voluntad de las partes y en donde fluya la negociación.  Son tres las capacidades estatales que se ponen en juego. En primer lugar, un equipo encargado de la lectura minuciosa de las realidades locales, el cual se debe hacer responsable de elaborar una estrategia de intervención y tiene el control del conflicto. En segundo lugar, aparece un equipo especializado de las entidades competentes en la materia que se discute (ministerios, gobiernos regionales, etc.), responsable de componer fórmulas técnicas y legales que aporten a la solución y cuyos titulares expresan la voluntad política.  En último lugar, aunque no por eso menos importante, un equipo en la Policía Nacional que analizará las implicancias en la seguridad y que planechará sus incursiones entendiendo a la peculiaridad del escenario y la de sus actores. Solo después de este análisis, este grupo podrá determinar los límites en el uso de la fuerza, a fin de recuperar la tranquilidad social que quebró el conflicto. Lamentablemente, es en este aspecto donde muchas veces se cometan más errores y, de ser guardianes de la paz, la PNP pasa a ser el malo de la película y contribuye a la deslegitimización de las autoridades.  El promedio anual de conflictos sociales en el país parece no disminuir de los tres dígitos desde hace décadas. Muchos de ellos, por no decir la mayoría, incluso están por cumplir los 20 años. ¿A qué podemos atribuir tal resistencia? A una falta de coordinación entre todas las autoridades responsables, no solo para prevenir los conflictos, sino para saber reaccionar una vez que estos estallen. Si estas dos ideas no son comprendidas se hará difícil terminar con las pérdidas personales y económicas que se generan.","elcomercio","04/05/2015"
