"headline","content","newspaper","date"
"LA MUERTE DEL GENERAL QASEM SOLEIMANI","L a muerte del general Qasem Soleimani, líder de la Fuerza Quds, el grupo de élite del Cuerpo de la Guardia Revolucionaria Islámica de Irán, tras un ataque de dron de Estados Unidos el jueves es el acto de política exterior estadounidense más importante desde la invasión de Iraq en el 2003, y tendrá serias implicancias no solo para las relaciones iran-estadounidenses, sino también para la estabilidad del Medio Oriente. Soleimani no era un simple comandante militar: fue el hombre más poderoso de Irán luego del líder supremo ayatola Al Khamenei, el responsable en los últimos 20 años de las operaciones militares y de inteligencia de Irán y de incrementar la influencia chiíta iraní en numerosos países del Medio Oriente, como el Líbano, Siria, Iraq y Yemen. Su muerte es un duro golpe a las ambiciones iraníes de establecerse como poder regional, y Khamenei declar tres días de duelo nacional y anunció que su país tomará acciones vengativas contra EE.UU.","elcomercio","04/01/2020"
"UNA CANCIÓN CUATRO DÉCADAS DE HISTORIA MUNDIAL DESDE LA ÓPTICA ESTADOUNIDENSE:","En 1989 Billy Joel resumi en We Didnt Start the Fire momentos clave de la historia reciente: Harry Truman, Doris Day, China comunista, Johnny Ray, ‘South Pacific’, Walter Winchell, Joe DiMaggio; Joe McCarthy, Richard Nixon, Studebaker, la televisión, Corea del Norte, Corea del Sur, Marilyn Monroe; los Rosenberg, la bomba H, Sugar Ray, Panmunjom, Brando, ‘El Rey y Yo’, ‘El guardián en el centeno’; Eisenhower, las vacunas, Inglaterra estrena reina, Mariscal Zhukov, Prokofiev, Rockefeller, Campanella, bloque comunista (…); control natal, Ho Chi Minh, Richard Nixon vuelve, llegada a la Luna, Woodstock, Watergate, punk rock; Reagan, Palestina, terror en la aerolínea, ayatolas en Irán, rusos en Afganistán; ‘La rueda de la fortuna’, Sally Ride, heavy metal y el suicidio, deuda externa, veteranos sin hogar, SIDA, crack, Bernie Goetz, hipódromos en la orilla, ley marcial de China, guerra de las colas, no lo puedo soportar!  Ahora que se cumplen tres décadas de su lanzamiento –y cambiamos dos dígitos este año–, me pregunto si no le provoca añadirle un segundo acto:  Me pregunto si [a Billy Joel] no le provoca añadirle un segundo acto [a su canción].  Rushdie, Gorbachov, perestroika, cae el muro, terrorismo en Perú; McDonalds en Rusia, adiós Yugoslavia, guerra en el Golfo, el grunge nace en Seattle; Tarantino asoma, ‘EL rey len’, ‘Forrest Gump’, ‘Toy Story’ y lo demás; Ayrton Senna y Lady Diana, Clinton y Lewinsky, Pathfinder en Marte, nace Harry Potter; ‘Titanic’, Napster, Mariah, Whitney, Britney, genoma, ‘Los Sopranos’; Pum, pum, Columbine!, Chávez, Putin, vacas locas, sucede el 9/11!; Hussein, Bin Laden, Argentina en caos; euros, Enron, el Columbia estalla; Bush invade Iraq, se inicia Facebook, el atentado en Madrid, tsunami en el sureste asiático; terrorismo en Londres, el poder de China, Katrina en Nueva Orleans, adiós a Juan Pablo; Líbano otra vez, smartphones, Twitter, ‘¿Por qué no te callas?’; Obama, Lehman Brothers, Guardiola en Barcelona, renuncia Fidel Castro, muere Michael Jackson; partículas en Suiza, terremoto en Haití, WikiLeaks, mineros en Chile; WhatsApp, Instagram, Primavera árabe, memes, Fukushima, reguetón; rayan los youtubers, calendario Maya, Siria, Boko Haram; ‘Mad Men’, ‘Game of Thrones’, ‘Breaking Bad’, Netflix, Amazon, el bosón de Higgs, ‘Gangnam Style’! Sale Benedicto, entra Francisco, las pantallas reinan; batalla de Alepo, Kim Jong-un, Maduro, crisis en la FIFA, el vuelo malayo; ISIS, bola, Ayotzinapa, Al Qaeda y Charlie Hebdo; refugiados en balsas, el escándalo Odebrecht, Panamá Papers, Donald Trump; Reino Unido dice ‘brexit’, Cataluña quiere irse, Venezuela migra, Glovo y Rappi, las actrices y el #MeToo; Khashoggi, Bolsonaro, Notre Dame ardiendo; Chile se levanta, Greta contra el clima; fuiste Fukuyama, y esto es el principio!","elcomercio","04/01/2020"
"Justicia de L-","bano convocar a Carlos Ghosn tras una demanda de arresto de Interpol contra el exmagnate automotor, mientras continúan las investigaciones sobre su huida de Japón, donde estaba acusado de malversación financiera.","elcomercio","04/01/2020"
"Estafa diablica","Una estadounidense que afirmaba ser psíquica le robó más de 70.000 dólares a una cliente tras convencerla de que su hija de 10 años estaba poseída por un demonio, y que necesitaba el dinero para expulsar al espíritu. Ahora está acusada de obtener bienes bajo engaño.","elcomercio","04/01/2020"
"Entrevista","Sebastián EdwardS Profesor distinguido de Economía Internacional de la Universidad de California, Los Ángeles (UCLA) La versión pura del capitalismo ha llegado a su fin El economista considera que, a partir de ahora, el capitalismo será más inclusivo y amigable. Pero teme que las expectativas sobre la reforma constitucional se vieran frustradas. Luis Fernando Alegrád desde octubre en Chile se vive un estallido social que podría terminar con un cambio de la Constitución. En este contexto, Sebastián Edwards, el economista más reputado del vecino del sur, nos cuenta su análisis de las causas del conflicto y sus consecuencias. —¿Cuáles son las causas detrás del estallido en Chile? Son múltiples y los responsables son muchos: lites, políticos, empresarios, intelectuales, periodistas. Pero, lo que sin duda resalta es el tema de las pensiones, que se ha transformado en la bandera más visible de lucha. La gente lo ve como profundamente injusto. La noción es que, luego de una vida de trabajo, llega un momento en que el descanso y la pensión son un derecho. Pero, por diversas razones –la principal son las lagunas de contribuciones a lo largo de la vida laboral– las pensiones son, en general, muy bajas. La gente lo ve como un abuso, especialmente cuando se sabe que las utilidades de las AFP son cuantiosas. Pero también hay que reconocer que hay mucha confusión y desinformación, y que los opositores a un sistema privado de pensiones han montado una gran campaña de desprestigio. Al mismo tiempo, y durante años, las AFP no hicieron ningún esfuerzo por educar al público sobre cómo funcionaba, exactamente, el sistema. —¿Se dice que esta convulsión implicaría el fin del modelo neoliberal? ¿Cuál es su lectura? Es importante distinguir entre el modelo neoliberal y el capitalismo moderno. El neoliberalismo es una versión extrema del segundo. Además, es importante entender que dentro del capitalismo hay diferentes grados o estilos. El de Finlandia no es el mismo que el de Nueva Zelanda o el de Italia. En Chile ha imperado una versión relativamente pura del capitalismo, una versión donde el ámbito del mercado es sumamente amplio, y donde la mercantilización de las actividades es generalizada. Es esa pureza la que hace que el modelo reciba, a veces y en forma crítica, la etiqueta de neoliberal. Es esa versión pura la que, en mi opinión, ha llegado a su fin. La manera más clara de ver esto es que, con un alto grado de probabilidad, el sistema privado de pensiones –el sistema de AFP–, dejará de ser el principal vehículo para las jubilaciones. En mi opinión, en el futuro, Chile tendrá un sistema mixto, con un rol importante del Estado. Pero Chile seguir teniendo un sistema capitalista, donde la empresa privada será el motor de la economía y el vehículo del progreso. Ser un capitalismo menos puro, más inclusivo y amable. —¿Cómo se logra un capitalismo más inclusivo? ¿Cómo incentivar al sector privado para avanzar hacia ello? Hay que evitar los abusos, las colusiones, las trampas. Para ello hay que tener reguladores modernos y eficientes que velen porque se mantenga un sistema verdaderamente competitivo. Hay que recordar lo que ha dicho el profesor de Chicago Luigi Zingales, hay que salvar al capitalismo de los capitalistas. Ello requiere de penas severas para quienes rompan las reglas y abusen, para quienes se coludan para aprovecharse de los consumidores. Aquí no hay que redescubrir la rueda. Hay decenas de ejemplos de legislación adecuada en otros países, incluyendo en los EE.UU., desde la aprobación de la Sherman Act a fines del siglo XIX. —¿Qué actores y medidas serían clave en este capitalismo más inclusivo? Los aspectos básicos del sistema capitalista –la propiedad privada, la competencia, el uso del sistema de precios para la asignación de recursos– serán mantenidos. Algunos de ellos, incluso, serán realzados. Este será el caso de la competencia, la que se hará más limpia como producto de regulaciones más modernas y penas más severas para abusos y colusiones. Lo que cambiar será el uso del mercado como mecanismo principal para distribuir servicios sociales. Nuevamente el ejemplo más claro es el de las pensiones. Pero hay otros, como la educación, el transporte público, y la salud. Habrá un mayor rol del Estado. No descarto, por ejemplo, un sistema único y nacional de salud, como en Canadá o en el Reino Unido. —Ya se aprobó un plebiscito que podría dar pie a un cambio de la Constitución. ¿Es la única salida? ¿Qué elementos requieren ayuda? Aquí hay simbolismo y realidad. En lo simbólico, hay un rechazo masivo al hecho que la constitución actual fue aprobada durante la dictadura de Pinochet. Esta es una mancha en el alma del país, un oprobio, una aberración ética y estética. Pero, y aquí está la paradoja, la Constitución, a pesar de ser ilegítima, es bastante buena. Recibe buenas calificaciones de una serie de organismos internacionales especializados. El desafío es reemplazarla por una que sea igualmente buena, que proteja la libertad y la autonomía de los individuos, que proteja un gran logro del pueblo chileno desde el retorno a la democracia: un enorme progreso que ha llevado a muchas familias a la prosperidad. El análisis de las experiencias históricas es muy claro e indica que en ningún país el cambio de constitución ha resultado en un gran e instantáneo salto hacia adelante. Eso, simplemente, no sucede. Pero lo contrario sí ha sucedido: malas constituciones pueden generar una debacle, y colapsos económicos en el corto plazo. No hay que ir muy lejos para encontrar el ejemplo más triste en la historia moderna: Venezuela. El resumen es que la reforma constitucional está creando enormes expectativas, las que, me temo, se verán frustradas. —El viraje en el modelo implicaría un esfuerzo fiscal importante. ¿Hay espacio para eso? Más temprano que tarde Chile tendrá que hacer un esfuerzo fiscal importante, de 3% a 4% del PBI. Esto no puede ser financiado permanentemente a través de la deuda. Ser necesario aumentar los impuestos a las personas. Es un tema complejo, que requerirá de una reforma tributaria muy profunda. Este no es el momento, pero ya hay que empezar a pensar en ello, a diseñar un sistema eficiente y progresivo. Una cosa que está clara es que el IVA ya está a niveles extremadamente elevados (19%), y no podrá seguir subiendo. —En el Perú vemos a Chile como un modelo económico a seguir. ¿Qué lecciones de su experiencia deberíamos aprender? Chile y el Perú son países hermanos y similares. Aprendemos el uno del otro. Las lecciones del caso chileno son varias: la más importante es que el tema de la desigualdad es fundamental. En Chile las élites creen que mientras disminuyera la pobreza, no era importante lo que sucediera con la desigualdad. Eso resultó ser un error trágico. No solo se debe reducir la desigualdad vertical o de ingresos, sino que también la desigualdad horizontal o de trato, de asociación, de convivencia, de relaciones interpersonales. También es esencial mantener una conversación abierta, que involucre a toda la población, a todas las edades, a todas las regiones. Mantener a todos involucradas en un gran diálogo nacional. En Chile la elite se aislad y dejó de interactuar con el resto de la población; dejaron de conversar, de tener experiencias comunes, visiones compartidas. Hubo una arrogancia basada en argumentos técnicos; esto es algo que el Perú debe evitar a toda costa.","elcomercio","04/01/2020"
"Los elefantes blancos de la inversión pública","En estos días se viene discutiendo el pobre nivel de ejecución de la inversión pública durante el 2019, que bordea alrededor del 65% del presupuesto asignado. Para nadie es un secreto que este es un motor fundamental de nuestra economía y que su bajo nivel de ejecución explica parte del lento crecimiento que observamos. Sin embargo, esta es todavía una mirada macro del problema. ¿Qué significa para el bienestar de la población que una obra no se ejecute o, peor aún, que no se concluya? Esto es particularmente importante en un país que está acostumbrado a las ceremonias para poner la primera piedra de las obras, pero que no le presta suficiente atención al cierre de los proyectos. Y es que enténdamonos, dejar proyectos de infraestructura inconclusos no solo es un despropósito económico, sino que tiene consecuencias negativas directas sobre los ciudadanos. Para comprender este impacto, Antonella Bancalari, investigadora peruana del think tank inglés IFS, evaluó los efectos de obras de alcantarillado –especialmente en su etapa de construcción– en 1.400 distritos del Perú entre el 2005 y el 2015 sobre la salud infantil. Solo para entender la relevancia de estas obras, debemos recordar que hacia el 2005, cerca de la mitad de los hogares peruanos carecían de conectividad de alcantarillado, por lo que el gobierno inició muchos de esos proyectos en la siguiente década. En ese periodo (2005-2015), solo la mitad de los proyectos iniciados se completaron. Lo que es aún peor, los proyectos iniciados que fueron abandonados, en promedio, ya habían tenido un desembolso del 40% del valor del contrato. Durante ese mismo período, además, el 13% del gasto en sistemas de alcantarillado se destinó a proyectos que nunca fueron concluidos; es decir, elefantes blancos. No solo se trata de problemas relacionados con las enfermedades transmitidas por el agua y los peligros de las obras de construcción, que se vieron exacerbados por demoras o abandono. Si bien desde esa fecha ha habido mejoras en el monitoreo de las obras estatales, todavía queda mucho por hacer para mejorar la capacidad de ejecución del Estado. Hoy estamos discutiendo solo sobre el nivel de ejecución, sin siquiera abordar cuestiones como la calidad de esta inversión. Los elefantes blancos abandonados, tal y como hemos visto, tienen efectos negativos sobre el bienestar de la población más vulnerable. Mejorar esta situación es un camino urgente que, como país, debemos recorrer. La lentitud en la ejecución de estas obras fue pasmosa, incluso en los casos exitosos. Se esperaba que estos proyectos de alcantarillado tomase un año en completarse; sin embargo, los proyectos más eficientes de entre aquellos estudiados se concluyeron recién en dos años (10%) y más de la mitad tomaron más de cinco años en culminarse. Los resultados encontrados por la investigadora en la salud infantil son alarmantes: un aumento de 6% en la mortalidad de menores de 5 años en los distritos que experimentaron estas obras inconclusas de alcantarillado. El resultado está relacionado con las enfermedades transmitidas por el agua y los peligros de las obras de construcción, que se vieron exacerbados por demoras o abandono. Oswaldo Molina Director de la Maestría en Economía de la UP No estamos discutiendo cuestiones como la calidad de la inversión. Las tres normas laborales más relevantes del 2019 Destacan las leyes referidas a la prevención del acoso laboral, a la prohibición de discriminación remunerativa y a la protección de la salud de los trabajadores. Franco Balza Tassara El cierre del año 2019 en el ámbito laboral estuvo marcado por la muerte de dos jóvenes en un local de la cadena de comida rápida McDonalds. Esto puso en el tapete la importancia de legislar en materia de seguridad y salud en el trabajo.","elcomercio","04/01/2020"
"Alan García, lecciones de política","Uno de los aspectos más interesantes de las Metamemorias de Alan García Pérez (AGP) son las experiencias que él recapitula de su larga carrera política y que transmite en su libro póstumo. Son importantes viniendo de uno de los políticos más hábiles del Perú de los siglos XX y XXI, junto con Manuel Prado y Fernando Belaúnde, pero a diferencia de estos, ha dejado una síntesis escrita de lo que él considera las enseñanzas que aprendí en su agitada carrera.  La paciencia es la principal virtud de un político, y la impaciencia su peor consejera, sostiene AGP a lo largo de todo el libro, sustentándolo con ejemplos del Perú y el mundo. El presidente francés François Mitterrand, a quien conoci personalmente y considera uno de sus maestros europeos, resurgió de sus cenizas y de varios fracasos devastadores gracias a la paciencia. A otro líder político que conoci en Madrid, el argentino Juan Domingo Perón, también le atribuye esa virtud.  Uno de los errores que cometió su líder Fernando Rospigliosi, analista político, fue la impaciencia. No obstante, AGP no reconoce que él también fue víctima de la impaciencia cuando intentó vacar a Alejandro Toledo y adelantar las elecciones en el 2004. Dice que se negó a hacerlo cuando se planteó esa posibilidad, pero en verdad él impulsó la vacancia forjando una alianza con el PPC y Somos Per que arrebató al oficialismo la dirección del Congreso preparando la destitución. Lo que falló en el plan fue la participación de las masas en el fallido paro del 14 de julio. Sin embargo, eso no tuvo consecuencias para AGP porque no se llegó a proponer públicamente la vacancia, y pudo esperar y ganar nuevamente la presidencia en el 2006.  Ejemplos de la impaciencia de Haya, señala AGP, fueron su comportamiento con el gobierno de José Luis Bustamante y Rivero (1945-48) y la insurrección civil-militar que propició, en lugar de esperar hasta las elecciones de 1951. El resultado fue el golpe y la persecución contra el APRA del general Manuel Odria. También fue producto de la impaciencia su alianza con el propio Odria en 1962 y 1963 y su oposición desbocada a Belaúnde, en lugar de esperar las elecciones de 1969, lo que facilitó el golpe del general Juan Velasco en 1968.  A pesar de esas enseñanzas, AGP no reconoce que su partido cometió el mismo error al sumarse al keikismo que no tuvo la paciencia de esperar y forzó la renuncia de Pedro Pablo Kuczynski con los resultados conocidos. Su concepto del pueblo aparece también a lo largo de todo el texto y se resume en una frase de Nicolás Maquiavelo que cita varias veces: ‘’Quien construye sobre el pueblo, construye sobre barro’’. El pueblo es ingrato, voluble. La humanidad es cruel y desmemoriada. Uno de sus héroes favoritos, Danton, confió en que el pueblo lo defendería y pagó con su vida su error. Pocos o nadie ayudan al líder político que cae en desgracia.  Las masas no reconocen la justicia social si no es atacando a algún sector o arrebatando a otro algún bien, sostiene AGP. La multitud, siempre quejosa, espera milagros. En el Perú nadie agradece nada. La turba aplaude con placer los abusos.  La sociedad usa a los gobernantes para el trabajo sucio que reclama en algún momento, y luego los enjuicia por violar los derechos humanos.  AGP interpreta que se equivocó en el 2016 poniendo como eje de su campaña las obras de su último gobierno, basado en una evaluación errónea del relativo éxito electoral de Odria a principios de los sesenta. En realidad lo que el pueblo más admiraba de Odria –dice– no son sus obras sino su carácter autocrítico, como más tarde haría con Alberto Fujimori.  Perder la vida en el momento supremo equivale a alcanzar la gloria, como Leonidas en las Termópilas o Francisco Bolognesi en Arica. Nicolás de Piérola dejó pasar la gloria al no sacrificarse en Chorrillos y abandonar la ciudad a los chilenos en 1881. ‘’En mi existencia he imaginado, siempre, la muerte heroica como un paso trascendente a la gloria, normalmente negada a quienes viven mucho’’.  En 1989 el derrocado dictador panameño, refugiado en la Nunciatura, Manuel Antonio Noriega lo llamó por teléfono. AGP le recomendó: ‘’Suicídese y muera con dignidad’’.  Luis Alberto Sánchez, al final de su vida, le advirtió que sus enemigos querían hacer con él lo mismo que a Augusto B. Leguía, encarcelarlo para que muriera ignominiosamente en prisión.  Si se buscan explicaciones para su suicidio, están claramente expuestas en el libro.","elcomercio","04/01/2020"
"Una solución para el caos vehicular","Las políticas de liberalización para la importación de vehículos usados implementadas en la década de los 90 y la desregulación de la actividad del transporte público originaron un crecimiento desordenado del parque automotor peruano, con unidades obsoletas, peligrosas y contaminantes. Se privilegió la importación de vehículos usados en lugar de nuevos modelos con mejor tecnología.  Para afrontar los problemas que esas medidas generaron, como elevados índices de contaminación ambiental y accidentalidad, congestión de tráfico y vehículos obsoletos en circulación, el Estado está impulsando una serie de acciones orientadas a la modernización del parque automotor peruano.  Una de esas medidas es el chatarreo vehicular. Un mecanismo de racionalización y reducción del parque vehicular obsoleto y contaminante que consiste en la destrucción total de un vehículo automotor a cambio de un incentivo económico (bono) que otorgara el Estado con cargo al presupuesto público o a cualquier otra línea de financiamiento nacional o internacional concertada para el mejoramiento del ambiente y la reducción de la accidentalidad.  El sistema a implementar debe estar dirigido principalmente a la destrucción de vehículos destinados al servicio de transporte de personas (microbuses, minibuses y minibus), servicio del transporte de mercancías (camiones) y servicio de taxi.  Este programa consiste en que un usuario cualquiera entregue al centro de chatarreo un vehículo de más de 15 o 20 años de antigüedad, el mismo que será desarmado y destruido hasta convertirlo en chatarra. Una vez que se haya verificado tal situación, una entidad certificadora deber emitir el certificado de chatarreo correspondiente, con lo cual el usuario podrá acceder a un bono que le servirá como cuota inicial para la adquisición de una unidad nueva o incluso podría ser negociable.  Este sistema no es nuevo. Países de la Alianza del Pacífico y de la OCDE han implementado esquemas similares. Todos enfocados a renovar vehículos con una antigüedad superior a los 10 años, buscando proteger el medio ambiente. Estos programas contemplan facilidades para la obtención de créditos vehiculares y suelen ir acompañados de medidas complementarias como la regulación de la calidad de los combustibles, la emisión de gases y la calidad del aire, los límites de antigüedad para la operación de vehículos de carga, y otras.  En Chile, por ejemplo, el programa Renueva tu Micro está en ejercicio desde el 2006, y a octubre del 2018 ha renovado 4.478 micros antiguos, con una inversión superior a los 41.000 millones de pesos (US$59 millones aproximadamente), lo que da un promedio de beneficio de US$13.152 por micro. En Colombia existe el Fondo de Reposición Vehicular desde el 2002, y al 2017 ya había chatarrizado cerca de 4.000 vehículos anuales. Mientras que en Estados Unidos, el Car Allowance Rebate System (sistema de reembolso de subsidios para automóviles), conocido como Cash for Clunkers, permite intercambiar un vehículo antiguo y menos eficiente en combustible por un voucher para la compra de un vehículo más eficiente. Entre julio y agosto del 2009 se intercambiaron cerca de 700.000 automóviles.  En el Perú, uno de los objetivos prioritarios del Plan Nacional de Competitividad y Productividad es la sostenibilidad ambiental en las actividades económicas, que incluye como medida de política pública el bono de chatarreo. Así, plantea el otorgamiento de incentivos económicos y no económicos para la adquisición de vehículos nuevos que cumplan con estándares de emisiones adecuados, y que se promueva el procesamiento como chatarra de vehículos con determinada antigüedad.  En ese sentido, saludamos el reciente DU publicado por el Ejecutivo que busca establecer medidas para promover el chatarreo como mecanismo dirigido a la renovación del parque automotor, con la consiguiente reducción de emisiones de gases de efecto invernadero (GEI) y contaminantes locales que afectan la salud pública, así como también contribuir a reducir la siniestralidad en las vías públicas y la congestión vehicular.","elcomercio","04/01/2020"
"EL ATAQUE DE ESTADOS UNIDOS AL GENERAL IRANÍ QASEM SOLEIMANI","¿Una nueva guerra?  Irán sabe que no tiene el mismo poder militar y económico que EE.UU. para enfrentársele en una guerra convencional. Entonces, el camino más probable por tomar será una guerra asimétrica, en la que Irán realice ataques encubiertos –directamente o a través de terceros– a objetivos estratégicos estadounidenses, una vía de acción utilizada frecuentemente por este país: Soleimani, por ejemplo, fue designado como terrorista por EE.UU. e Israel en el 2011, luego de ser sindicado como parte de un complot para asesinar al embajador saudí en Washington. Las agresiones también se podrían dar en el ciberespacio: en el 2015, se reportó que hackers asociados a la Guardia Revolucionaria Islámica infiltraron computadoras del Departamento de Estado para robar información.  Esta estrategia asimétrica, además, tendrá importantes consecuencias para la estabilidad en la región, y, por ende, para el poderoso estadounidense. La muerte de Soleimani también impulsará los esfuerzos de Irán de fortalecer su influencia en países clave como Siria, el Líbano e Iraq. El presidente sirio Bashar al Assad es apoyado por el Gobierno Iraní justamente para limitar la intervención estadounidense en esta parte del mundo, y para tener un aliado en la región que le permita hacerle mayor frente a Arabia Saudita, su principal rival. Irán considerará su presencia en Siria aún más importante tras el ataque norteamericano, lo que podría solidificar a Al Assad, un dictador sangriento, en el poder. En el Líbano, Irán apoya a Hezbollah, un grupo terrorista cuya finalidad es la destrucción de Israel (y con el cual Soleimani tenía un vínculo cercano), desde hace tres décadas, a través de financiamiento y apoyo militar. Varios medios de comunicación han reportado que su líder, Hassan Nasrallah, ha declarado que ‘’para continuar en el camino del general Soleimani, levantaremos su bandera en todos los campos de batalla’’. Y en Iraq, es posible que la muerte del comandante incremente las agresiones contra tropas y personal estadounidense de parte de milicias chiitas leales a Irán, dificultando las operaciones norteamericanas en este país.  Finalmente, ya no quedan muchas esperanzas para el desarme nuclear iraní. Si bien Trump se retiró en el 2018 del acuerdo con Irán para eliminar su programa de enriquecimiento nuclear, varios países europeos han tratado de preservar dicho compromiso. Hoy, es difícil imaginar que seguir en pie.  El presidente Trump ha indicado que la muerte de Soleimani era necesaria ya que estaba planeando un ataque contra EE.UU. en la región, y para asegurar que ya no falten más estadounidenses a manos de Irán. La duda que queda, no obstante, es si también previó las consecuencias que tendría eliminar una figura política esencial de su rival más importante en el Medio Oriente. Es posible que sus actos hayan tenido un efecto contrario a sus intenciones. Es posible que sus actos hayan tenido un efecto contrario a sus intenciones.","elcomercio","04/01/2020"
"Mito 1","Solo necesito un antivirus para proteger mi PC Falso. En los aos pre-Internet un antivirus bastaba para defender a la PC de potenciales infecciones. Hoy no solo existen ms y peores amenazas que los virus, sino que estn en peligro otros dispositivos conectados a la red. Un antivirus sigue siendo importante, pero en el mercado hay soluciones integrales, muchas de ellas orientadas hacia dispositivos conectados a Internet. Pero recuerde: nunca use un antivirus gratuito, busque uno con licencia legal y actualcelo cada ao.","elcomercio","04/01/2020"
"Mito 2","Mi informacin no le sirve a un ciberdelincuente A los ciberdelincuentes si les interesa la informacin personal, porque usualmente guardamos datos (claves de tarjetas o números de cuentas bancarias, etc.) que pueden usarse para fraudes. Incluso, la hoja de vida del usuario podria ser atractiva al contener datos sensibles como dirección, número de teléfono, experiencia laboral, etc. Además, hay una nueva modalidad en la que los ciberdelincuentes amenazan con secuestrar los datos de una PC casera a cambio de un rescate en bitcoins.","elcomercio","04/01/2020"
"Mito 3","Mi computadora es Mac y no le afectan los virus Debido a la cantidad de usuarios de computadoras con Windows en el mundo, era lógico que durante muchos años los esfuerzos de los ciberdelincuentes estuvieran dirigidos hacia ellos. Sin embargo, las Mac también pueden ser vulnerables a ataques, pese a los esfuerzos de Apple por reforzar su seguridad. Diversos informes señalan que el número de virus para Mac aumentan cada año. Por eso es importante buscar también algún tipo de protección para estos aparatos.","elcomercio","04/01/2020"
"Peligrosa escalada entre EE.UU. e Irán","Cuatro décadas de tirantez y provocación Siete meses después del triunfo de la revolución islámica, más de 500 estudiantes que exigían la extradición del derrocado Sha de Irán tomaron como rehenes a 52 diplomáticos y empleados de la Embajada de EE.UU. en Teherán. Dos años después de que EE.UU. calificara a Irán como un Estado patrocinador del terrorismo, se revela un acuerdo secreto en el que Washington vendió armas a Teherán, contraviniendo un embargo, para ayudar a liberar a rehenes estadounidenses en el Líbano. George W. Bush incluyó a Irán, Iraq y Corea del Norte en su lista del ‘eje del mal’, que comprendía a países que apoyaban el terrorismo. EE.UU. acusó a Teherán de operar un programa secreto de armas nucleares. Al cabo de 444 días, tras fatigosas y arduas negociaciones, los rehenes fueron liberados y recibidos como héroes en Estados Unidos. Durante la larga crisis, Washington rompi relaciones diplomáticas con Teherán e impuso serias restricciones al comercio y los viajes. El buque de guerra estadounidense Vincennes derribó con un misil de crucero un avión de pasajeros iraní sobre el Golfo Pérsico y murieron las 290 personas que iban a bordo. La Casa Blanca se refirió al ataque como un lamentable error. El presidente iraní, Mahmud Ahmadinejad, felicitó al mandatario electo de EE.UU., Barack Obama, y en marzo del año siguiente éste aseguró que le gustaría hablar directamente con el pueblo y los líderes de la República Islámica de Irán. Decenas de miles de iraníes salieron a las calles en Teherán y otras ciudades en protesta contra EE.UU. por la muerte de Soleimani. El Medio Oriente otra vez al pie del abismo Guerra en ciernes? ● La eliminación del general iraní más poderoso, ordenada por Estados Unidos, eleva al máximo la tensión en la región ● Teherán clama venganza. A diez meses de las elecciones presidenciales de Estados Unidos y con un inminente juicio político en su contra en el Senado, Donald Trump, duro crítico de las intervenciones militares de su país en el Medio Oriente, tomó la decisión más temeraria de su mandato al ordenar el asesinato mediante drones del general iraní Qasem Soleimani en las afueras del aeropuerto de Bagdad (Irak). Se trata de una decisión de consecuencias imprevisibles que tiene en expectativa no solo a la convulsionada región, sino también al mundo entero. Leon Panetta, quien fue director de la CIA y secretario de Defensa durante la administración Obama, advierte que estamos más cerca de la guerra con Irán que en los últimos 40 años y eso es preocupante. Puede decirse que era incluso más poderoso que el presidente Hassan Rouhani, ya que controlaba la política iraní en el Medio Oriente y fue el responsable de ataques y asesinatos en Irak, Siria, Líbano, Yemen y hasta EE.UU. Llamarlo solo terrorista y comparar su desaparición con las de Osama Bin Laden o Abu Bakr al Baghdadi es un disparate, pues Soleimani representaba a un Estado (el más poderoso de la región junto a Arabia Saud).","elcomercio","04/01/2020"
"¿Por qué se produjo ahora el ataque y qué busca Washington con ello?","Estados Unidos asegura que el general iran había estado desarrollando activamente planes para atacar a diplomáticos estadounidenses y miembros del servicio en Irak y el resto de la región. Para el secretario de Estado, Mike Pompeo, Soleimani tramaba una acción importante e inminente contra cientos de sus compatriotas, y la muerte de un contratista estadounidense la semana pasada en un ataque con cohete contra una base en Kirkuk (Irak) demostraba que el juego había cambiado. Según David Sanger, veterano periodista de The New York Times, este ataque puede considerarse el movimiento más arriesgado de Washington desde la invasión de Irak en el 2003. Ha sido una operación sin precedentes para EE.UU., ya que el método de asesinato refleja más el modus operandi del ejército israelí. Con el ataque, EE.UU. busca restablecer una estrategia de disuasión con Irán y mostrar que no quedaran impunes los incidentes con buques petroleros en el Estrecho de Ormuz y los ataques de hace cuatro meses contra refineras sauditas.","elcomercio","04/01/2020"
"¿Cuál era la relevancia del general asesinado y qué rol cumplía?","Para los iraníes, Soleimani representaba la figura de la resistencia nacional frente a Estados Unidos. No es exagerado llamarlo el segundo hombre más poderoso del país, solo por debajo del líder supremo, el ayatola Al Jamenei, así que su muerte es comparable a la eliminación del vicepresidente de cualquier país. Puede decirse que era incluso más poderoso que el presidente Hassan Rouhani, ya que controlaba la política iraní en el Medio Oriente y fue el responsable de ataques y asesinatos en Irak, Siria, Líbano, Yemen y hasta EE.UU.","elcomercio","04/01/2020"
"¿Cuáles son las posibles represalias que puede tomar Teherán?","El ataque será contestado en el momento y lugar apropiados, ha amenazado el Consejo Supremo de Seguridad Nacional iraní. Pero más allá de la bravata, ¿cuáles son las posibles represalias? Iraq debería estar en el centro de las primeras respuestas de Teherán, aunque solo sea a través de sus milicias, aliados y simpatizantes. Iraq se convertirá en el primer campo de batalla, habrá presión sobre los militares de EE.UU. acantonados all, estima Alex Varanka, experto del Middle East Institute. Es probable que otras represalias sean a través de ciberataques contra EE.UU. y sus aliados. Sus medios de acción son sobre infraestructuras de tipo industrial, es all donde dan miedo: una intrusión en los sistemas de producción de energía estadounidense, apunta Loic Guzzo, del Clusif, agrupación de especialistas en seguridad. Acciones antiestadounidenses son también posibles en Líbano, Yemen o Siria, donde Irán es activo con sus aliados, como los hutíes yemeníes o el Hezbollah libanés. Finalmente, hay la posibilidad de que por ahora no hagan nada. Creo que los iraníes están impactados, dice Yoel Guzansky, experto de un think tank israelí.","elcomercio","04/01/2020"
"¿Qué medidas de seguridad está tomando EE.UU.?","En los últimos meses, EE.UU. ha enviado más de 14.000 soldados a la región y ayer el Pentágono dijo que desplegar hasta 3.500 efectivos adicionales – pertenecientes a una fuerza de reacción rápida que se encontraba en estado de alerta desde el ataque contra la Embajada de EE.UU. en Bagdad –, que servirán desplegados en Kuwait, una medida preventiva en respuesta al creciente nivel de amenaza. EE.UU. tiene hoy 5.200 soldados desplegados en Irak, oficialmente para asistir y entrenar su ejército y asegurar que el Estado Islámico no pueda resurgir.","elcomercio","04/01/2020"
"Cambios para el 2020","Según las normas, las universidades deben contar con documentos internos para la prevención e intervención en casos de hostigamiento sexual en la comunidad universitaria, en cuya elaboración deben considerar los lineamientos que para tal efecto emita el Ministerio de Educación.  En ese marco, el pasado 27 de noviembre el Ministerio de Educación publicó los lineamientos para la elaboración de protocolos en casos de hostigamiento sexual en las universidades. De acuerdo con las disposiciones, la denuncia por hostigamiento sexual puede ser presentada por la presunta víctima o por un tercero que conozca del hostigamiento sexual.  Los comités de intervención en caso de acoso y hostigamiento sexual dentro de las universidades están obligados a iniciar un procedimiento de oficio si una denuncia es reportada a través de las redes sociales, notas periodísticas, informes policiales u otras fuentes.   La norma especifica que en un plazo de un día hábil de recibida la queja o denuncia, el comité debe poner a disposición de la presunta víctima los canales de atención médica y psicológica con los que cuente. Si no tiene esos canales, debe instruir a la víctima sobre los diversos servicios públicos o privados de salud que pueden atender su caso. El informe médico de la supuesta agraviada debe ser incorporado al procedimiento y será considerado como medio probatorio, solo si la alumna lo autoriza.  En tres días, el comité debe otorgar medidas de protección, las cuales también pueden ser dictadas a favor de los testigos. En un plazo de hasta 15 días de recibida la queja o denuncia, el comité debe emitir un informe de precalificación que debe contener la evaluación preliminar sobre el caso, y lo debe derivar al órgano instructor.  Magno Ortega, especialista del Ministerio de Educación, precisó que de las 145 universidades que hay en el Perú, 40 informaron que contaban con protocolos para atender casos de acoso y hostigamiento sexual. El objetivo es que este año todas pongan en práctica los lineamientos aprobados.","elcomercio","04/01/2020"
"Casos destacados","- Tragedia en Puno. A tres se elevó la cifra de fallecidos tras la caída del bus de la empresa de transportes guías del Sur al río Inambari, en la provincia de Sandia, en Puno. Dos de las víctimas son mujeres de 18 y 37 años, mientras que la tercera es un menor de 16 años. El accidente ocurrió la madrugada de ayer.  - En suspenso. El Poder Judicial decidirá la próxima semana si aprueba el pedido de la defensa de Edwin Oviedo de cesar la prisión preventiva de 18 meses que se dictó en su contra. Oviedo es acusado por el presunto delito de homicidio calificado en agravio de Manuel Rimarachín y Percy Farro en el Caso Los Wachiturros de Tumbes.","elcomercio","04/01/2020"
"En Australia","El fuego afecta a millones de animales. Calcinados por las llamas o muertos por la falta de alimentos y refugio, al menos 480 millones de animales están siendo víctimas de los devastadores incendios forestales que arrasan Australia desde septiembre.","elcomercio","04/01/2020"
"Ciencias","El pingüino de Galápagos puede vivir 17 años. La expectativa de vida del pingüino de Galápagos es mayor de lo que se cree, según señala la Fundación Charles Darwin. Hallaron un ejemplar de 17 años en el archipiélago. Se pensaba que solo alcanzaban los 11 años.","elcomercio","04/01/2020"
"Tecnología","Samsung vendió 6,7 millones de móviles 5G. Durante el 2019, Samsung anunció que vendió 6,7 millones de móviles con tecnología 5G en el mundo, incluyendo las ventas de los cinco modelos compatibles. Anunció que en breve venderá una tableta con 5G.","elcomercio","04/01/2020"
"Salud G","Muchos relacionan el inicio de la temporada de playa con la necesidad del uso de protectores solares. No obstante, especialistas coinciden en que los cuidados de la piel deben mantenerse todo el año.  Una de las características de Lima es su particular cielo cubierto por una gruesa capa de nubes. Aunque esta situación tiende a cambiar hacia el verano –donde se nota mayor brillo solar y hay más días con el cielo despejado–, quienes vivimos en la capital no debemos esperar hasta los primeros meses del año para preocuparnos por el cuidado de nuestra piel.  Cada vez los casos de cáncer a la piel son más comunes, sobre todo porque el Perú es muy vulnerable a la radiación ultravioleta. Hace unos años el nivel de radiación más alto era 12. Hoy, los niveles en el Perú son superiores, y en algunas zonas del país sobrepasan peligrosamente el nivel 15, advierte en diálogo con El Comercio Rika Romero, directora nacional de la campaña Día del Lunar, que se celebra en febrero desde hace 26 años. La exposición sin protección a los rayos ultravioleta (UVA y UVB) puede originar uno de los cánceres a la piel más peligrosos: el melanoma. Puede ser mortal, dependiendo del estadio en que se detecte. La radiación la vamos acumulando con el paso del tiempo. Los tres minutos que estuviste expuesto en la calle se suman a la media hora que estuviste ayer, y a las cuatro horas haciendo cola el año pasado, y así. Esas agresiones alteran las células de la piel, sin importar que sea invierno o verano. Basta un chequeo anual para que se puedan prevenir estos casos, dice la doctora Romero.  Es importante que cada uno conozca, a través de una consulta con un dermatólogo, su fototipo: la capacidad de adaptación al sol que tiene cada persona desde que nace, que determina si una piel se broncea, y cómo y en qué grado lo hace.  Si usted tiene diagnosticado algún problema de la piel, como acné, rosacea, lupus o vitiligo, o tiene un fototipo 1 o 2 (tono de piel muy claro), es necesario que tenga una consulta para que sepa los cuidados especiales que debe tener, comenta el doctor Sergio Medrano, asesor médico de Baha Solar. No solo eso, pues las personas con pieles más oscuras pueden estar en riesgo si no han tenido precauciones durante el paso de los años. Una de las principales recomendaciones es no exponerse a la luz solar en las horas donde la radiación es mayor, es decir, entre las 10:00 a.m. y las 4:00 p.m. Si eso no es posible, siempre colocarse bajo la sombra, usar ropa con mangas largas, gorros o sombreros de ala ancha, y sobre todo usar un buen bloqueador solar en las zonas que queden expuestas al sol, recuerda el especialista. Hay que evitar la exposición directa al sol a niños menores de seis meses  El doctor Medrano indica que hay que evitar exponer directamente al sol a los niños menores de 6 meses. Entre esa edad y los 3 años deben usar todas las otras recomendaciones, más un bloqueador con factor de protección solar de 50 como mínimo. Los adultos pueden usar al menos de 30 en adelante. Pero hay que cerciorarse de que sean de calidad y que ofrezcan protección UVA y UVB.  Así como nos cepillamos los dientes y nos bañamos todos los días, debemos acostumbrarnos a usar protector solar todos los días, no solo en el verano, reflexiona la doctora Romero.","elcomercio","04/01/2020"
"Protegiendo el rgano más grande del cuerpo humano","Efectos de los rayos solares  Radiación UVA Pueden ocasionar cierto daño al ADN y facilitar el envejecimiento y desarrollo de ciertos tipos de cáncer de piel.  Radiación UVB Es la que estimula la vitamina D en el organismo, pero puede dañar el ADN y contribuir a la aparición de varios tipos de cáncer de piel.  Melanocitos Son las células responsables de la producción de melanina, la sustancia que da color a la piel. El melanoma es un tipo de cáncer que aparece en estas células.  Prevención La luz ultravioleta es más intensa entre las 10:00 a.m. y las 4:00 p.m.  Protéjase del sol bajo la sombra  Cabello  Epidermis  Dermis  Tejido subcutáneo  Use prendas de colores oscuros que cubran la mayor parte del cuerpo  Proteja sus orejas, ojos, frente, nariz y cuero cabelludo usando sombrero de ala ancha.  Use bloqueador solar con protección contra rayos UV con un factor de protección solar (SPF) de 30 o superior.  Use lentes de sol tipo envolventes con un porcentaje de absorción de rayos ultravioleta de 99%  Tejido graso  Nervio  Arteria Vena  Folículo  La regla ABCDE para detectar lunares sospechosos  Forma simétrica  Borde distinguible  Color uniforme  Tamaño estable  Evolución El tamaño, forma o color ha cambiado.  Asimetría Lunares de forma irregular o asimétrica. Al comparar una mitad con otra, se ven diferentes.  Bordes Lunares mal definidos, no es posible delimitarlos. Los bordes se ven escalonados.  Diámetro El lunar mide más de 6 mm de ancho.  Color Presencia de diferentes tonalidades que van desde negro, azul, marrón oscuro y claro hasta blanco.  Fuente: Instituto Nacional de Cancerología y Sociedad del Cáncer de México","elcomercio","04/01/2020"
"Mitología digital","Protegiendo el rgano más grande del cuerpo humano  Efectos de los rayos solares  Radiación UVA Pueden ocasionar cierto daño al ADN y facilitar el envejecimiento y desarrollo de ciertos tipos de cáncer de piel.  Radiación UVB Es la que estimula la vitamina D en el organismo, pero puede dañar el ADN y contribuir a la aparición de varios tipos de cáncer de piel.  Melanocitos Son las células responsables de la producción de melanina, la sustancia que da color a la piel. El melanoma es un tipo de cáncer que aparece en estas células.  Prevención La luz ultravioleta es más intensa entre las 10:00 a.m. y las 4:00 p.m.  Protéjase del sol bajo la sombra  Cabello  Epidermis  Dermis  Tejido subcutáneo  Use prendas de colores oscuros que cubran la mayor parte del cuerpo  Proteja sus orejas, ojos, frente, nariz y cuero cabelludo usando sombrero de ala ancha.  Use bloqueador solar con protección contra rayos UV con un factor de protección solar (SPF) de 30 o superior.  Use lentes de sol tipo envolventes con un porcentaje de absorción de rayos ultravioleta de 99%  Tejido graso  Nervio  Arteria Vena  Folículo  La regla ABCDE para detectar lunares sospechosos  Forma simétrica  Borde distinguible  Color uniforme  Tamaño estable  Evolución El tamaño, forma o color ha cambiado.  Asimetría Lunares de forma irregular o asimétrica. Al comparar una mitad con otra, se ven diferentes.  Bordes Lunares mal definidos, no es posible delimitarlos. Los bordes se ven escalonados.  Diámetro El lunar mide más de 6 mm de ancho.  Color Presencia de diferentes tonalidades que van desde negro, azul, marrón oscuro y claro hasta blanco.  Fuente: Instituto Nacional de Cancerología y Sociedad del Cáncer de México  Mito 1 Solo necesito un antivirus para proteger mi PC Falso. En los años pre-Internet un antivirus bastaba para defender a la PC de potenciales infecciones. Hoy no solo existen más y peores amenazas que los virus, sino que están en peligro otros dispositivos conectados a la red. Un antivirus sigue siendo importante, pero en el mercado hay soluciones integrales, muchas de ellas orientadas hacia dispositivos conectados a Internet. Pero recuerde: nunca use un antivirus gratuito, busque uno con licencia legal y actualícelo cada año.  Mito 2 Mi información no le sirve a un ciberdelincuente A los ciberdelincuentes sí les interesa la información personal, porque usualmente guardamos datos (claves de tarjetas o números de cuentas bancarias, etc.) que pueden usarse para fraudes. Incluso, la hoja de vida del usuario podría ser atractiva al contener datos sensibles como dirección, número de teléfono, experiencia laboral, etc. Además, hay una nueva modalidad en la que los ciberdelincuentes amenazan con secuestrar los datos de una PC casera a cambio de un rescate en bitcoins.","elcomercio","04/01/2020"
"Acciones de rescate en Caete-Yauyos","Arretera Caete-Yauyos fue elegido por tratar-se de una zona alta donde s hay acceso a la señal telefnica y de Internet. Como parte de estas acciones de rescate, el equipo especial de la polica utiliz ayer drones para rastrear la zona. Y un grupo de kayistas profesionales tambin se ha sumado a estas labores. Si bien Claudio Senz mencionó que, de acuerdo con el plan preliminar, la bsqueda se realizar hasta mañana, el plazo dependerá de los hallazgos de las prximas horas. Afirma que están abastecidos con alimentos, agua y combustible para los prximos dos das. Adems, refirió que han recibido el apoyo logstico del Instituto Nacional de Defensa Civil (Indeci). Todava no hay novedades, pero esperamos que las haya en las prximas horas. El personal se mantendrá hasta el momento que lo podamos encontrar, declar anoche Mario Casaretto, jefe departamental de los bomberos de Lima y Callao.","elcomercio","04/01/2020"
"Cadena solidaria","Las acciones de bsqueda de Giacomo Boccoleri Ms de 45 brigadistas de los bomberos llegaron ayer a la zona para buscar al joven desaparecido. Buzos de la Marina y policías se sumaron a la operación. an ambos se dieron cuenta, el joven había desaparecido. Creemos que se resbaló y se golpeó la cabeza, indic el ltimo jueves. Anbal Paredes, integrante de Unidad 4x4 de Ayuda, un grupo de voluntarios en casos de emergencia, contó que ellos reportaron la desaparición aproximadamente a las 8 p.m. y de inmediato Mario Potest, jefe departamental de la zona sur de los bomberos, envió dos unidades de rescate desde Asia y Caete, que llegaron alrededor de las 10:00 p.m. A través de su cuenta de Twitter, los voluntarios han solicitado la donación de agua, víveres y dinero para ayudar a los socorristas. Nuestra intención es apoyar logísticamente a quienes son los expertos en las maniobras y están capacitados para hacer este trabajo. Ellos necesitarán alimentos, hidratantes y combustible para los vehículos. Nosotros no estamos en condiciones de hacer nada en el campo y la idea es que ellos tengan todo disponible para que no abandonen la búsqueda, señaló Paredes.","elcomercio","04/01/2020"
"PeruRail modifica sus salidas de trenes por lluvias","Hasta el 30 de abril, las unidades partirán solo desde la estación Ollantaytambo. Debido al inicio de la temporada de lluvias, PeruRail modificó sus servicios turísticos hacia la ciudadela de Machu Picchu. En diciembre pasado, Ferrocarril Transandino S.A. (FTSA), concesionario de la vía férrea, determinó el cierre del tramo comprendido entre el kilómetro 44 y 61 de la vía que conduce a Machu Picchu como una medida de seguridad ante posibles deslizamientos. Solo se permite el paso de trenes desde y hasta Ollantaytambo hacia Machu Picchu. Por ello, el operador ferroviario dispuso cambios en las salidas de sus trenes que se ejecutarán hasta el 30 de abril, y consisten en el servicio bimodal que incluye traslado en bus para los tramos donde la vía férrea está restringida. Los buses de la empresa trasladarán a los pasajeros de los servicios Vistadome y Expedition hasta Ollantaytambo. Los pasajeros del servicio Belmond Hiram Bingham serán llevados en bus privado con embarque en la estación de Wanchaq hasta el hotel Belmond Río Sagrado (Urubamba), donde se abordará el servicio de tren hacia Machu Picchu. Más información sobre estos cambios al teléfono 084-581414. --Tren local-- Las restricciones de seguridad también aplican para las frecuencias 21 y 22 del tren local, que tampoco circulará desde San Pedro (Cusco) e Izcuchaca (Anta). Únicamente se operará en la ruta Ollantaytambo-Machu Picchu-hidroeléctrica y viceversa. De forma excepcional, FTSA permitirá el transporte de carga y el servicio de equipaje del tren local desde la estación San Pedro.","elcomercio","04/01/2020"
"El nuevo hincha de Binacional","No se preocupen, vamos a poner especial atención para que pueda tener la iluminación y no haya ningún riesgo de que pueda jugar en su casa, en Juliaca. del deseo del expresidente Alan García de organizar unos Juegos Olímpicos. Con estas palabras, el presidente Martín Vizcarra se comprometió a ayudar para que Binacional, campeón nacional del fútbol peruano, juegue la Copa Libertadores en el estadio Guillermo Briceño Rosamedina de la ciudad punea. Uno de los requisitos que exige la Conmebol para autorizar el uso de los estadios en sus competencias es que cuenten con luz artificial. El poderoso del Sur debuta el 5 de marzo ante São Paulo de Brasil, así que en las pocas semanas que faltan para ese encuentro tendrá que trabajarse a la velocidad de la luz para instalar las ocho torres con sus correspondientes luminarias. El apoyo del Gobierno Central es fundamental para que los procesos se agilicen. La inversión, que estará a cargo del Gobierno Regional de Puno, ascenderá a unos 5 millones de soles. Pero nos gustaría que estos apoyos excepcionales tanto de las autoridades nacionales como de las regionales se brinden también a temas un poco más importantes, como la seguridad ciudadana, la educación, la salud o el transporte público. Es posible, no? Tampoco olvidemos que la razón por la que Universitario y Alianza Lima aún sobreviven pese a las descomunales deudas que acumularon fue por el salvavidas que les lanzó el gobierno de Ollanta Humala al incorporarlos al régimen concursal. Y así podríamos mencionar otros ejemplos de aquí y otros países. El deporte es una manzana muy tentadora para los políticos, sobre todo para los amantes del aplauso fácil y la fotito al lado de la plaquita de rigor.","elcomercio","04/01/2020"
"Hubo 175 denuncias de acoso en universidades","Siete de cada diez centros de estudios reportaron abusos contra alumnas hasta julio del 2019. En la mayoría de casos, el hostigador era el docente. Las alumnas también denunciaron que siempre hubo casos de acoso y violencia psicológica contra alumnas y alumnos, y las autoridades, en lugar de actuar contra los profesores, empujaban a los estudiantes a desistir de llevar un proceso. La universidad cuenta con una Defensora Universitaria y tiene un protocolo para atender casos de acoso y hostigamiento. Sin embargo, según las alumnas, es muy desfasado y no cumple con todos los lineamientos. --Cambios para el 2020-- Según las normas, las universidades deben contar con documentos internos para la prevención e intervención en casos de hostigamiento sexual en la comunidad universitaria, en cuya elaboración deben considerar los lineamientos que para tal efecto emita el Ministerio de Educación. En ese marco, el pasado 27 de noviembre el Ministerio de Educación publicó los lineamientos para la elaboración de protocolos en casos de hostigamiento sexual en las universidades. De acuerdo con las disposiciones, la denuncia por hostigamiento sexual puede ser presentada por la presunta víctima o por un tercero que conozca del hostigamiento sexual.","elcomercio","04/01/2020"
"Sujeto arrastra y agrede a una mujer en Huancayo","Jimmy Porras es buscado por atacar a su presunta pareja en hospedaje de Junín. Un sujeto identificado como Jimmy Jorson Porras Camac, de 26 años, agredió salvajemente a una mujer, quién seria su pareja, en un hospedaje del distrito de Chilca, en la provincia de Huancayo, región Junín. Las cámaras de seguridad del lugar muestran a la mujer ingresando a la recepción y tratando de esconderse detrás de la administradora. Pero Porras Camac la golpea en la cara y, tras tomarla de los cabellos, la arrastra hasta la puerta. Coge una botella de cerveza e intenta agredir a la mujer, pero es detenido por la administradora. La víctima huye del lugar hacia el estacionamiento, pero es seguida por Porras Camac, quien, luego de golpearla, la derriba y arrastra nuevamente. También en el suelo, le rompe la botella en la cabeza. El Ministerio de la Mujer condenó el brutal ataque y exhortó a las autoridades a que atrapen con celeridad al agresor.","elcomercio","04/01/2020"
"Rodriguez podra ubicarse en un once ideal sin problemas","El ‘Mudo’ tiene toda la campaña 2020 para dejarnos sin palabras.  Tom la decisión de quedarme en mi casa  Carlos Lobatón seguirá en Cristal, pero en un cargo administrativo.  Después de 15 temporadas seguidas en Sporting Cristal, Carlos Lobatón decidió colgar los botines, pero no abandonar el club rimense: seguir ligado como un verdadero emblema, lo merece. A los 39 años cumplirá funciones administrativas.  Hablé con muchos equipos las últimas semanas y tomé la decisión de quedarme en mi casa el último día del año. Desde que entré en la mañana y me encontré con muchas personas, me di cuenta de que esta sigue siendo mi casa, explicó el volante.  Luego de conquistar cinco títulos con el club en donde se formó –también jugó por Boys, Estudiantes, Huracán, ‘U’ y Cienciano–, Lobatón tendrá que acostumbrarse a su nueva vida de exfutbolista.  El club confirmó que el partido de despedida de ‘Lobita’ será a mitad de año.","elcomercio","04/01/2020"
"Su etapa celeste","Años que obtuvo títulos nacionales  | AO | PJ | GA | |----|----|----| | 2005 | 18 | 2 | | 2006 | 38 | 5 | | 2007 | 39 | 5 | | 2008 | 47 | 13 | | 2009 | 44 | 8 | | 2010 | 34 | 3 | | 2011 | 25 | 2 | | 2012 | 33 | 5 | | 2013 | 38 | 9 | | 2014 | 47 | 19 | | 2015 | 35 | 16 | | 2016 | 33 | 9 | | 2017 | 31 | 2 | | 2018 | 34 | 3 | | 2019 | 35 | 4 | | TOTAL | 531 | 105 |","elcomercio","04/01/2020"
"El gran inicio del Dakar en Arabia Saud","-21-  EFE  Con Alonso como protagonista, hoy (6 a.m.) será la partida simbólica.  CHRISTIAN CRUZ VALDIVIA  Enviado especial  La autopista King Abdulaziz cruza prácticamente toda la ciudad de Jeddah, y en su camino hay un gran punto de atracción que tiene el globo terráqueo en el centro, el The Globe Roundabout. Quizás sea el símbolo de lo que es Arabia Saudí ahora, un país que decidió abrirse al mundo, como lo hace con el Dakar.  El punto de inicio del rally en Medio Oriente está en el King Abdullah Sports City, el complejo deportivo que es el centro de operaciones del rally donde se hacen las verificaciones técnicas y administrativas. Es un estadio de fútbol, donde ayer jugó y gan de visita el Al Hilal de Andr Carrillo ante el Al Fayha por los octavos de la Copa del Rey de Campeones (6-5 en penales tras el 2-2 en tiempo reglamentario), que lleva el nombre del rey que gobernaba Arabia Saudí cuando se inauguró, en el 2014.  Basta con estar en un lujoso salón del Hilton Jeddah escuchando a Fernando Alonso hablar de su primera experiencia dakariana, o pasear por la avenida Al Kumaysh, una especie de malecón que da al Mar Rojo donde los jóvenes locales pasean en bicicleta por una ciclovía acaso más grande que la pista para autos misma, para entender su apertura al mundo occidental. Este es el punto de inicio del rally, una nueva ciudad, un nuevo continente para la edición 42 de la carrera, la primera en Asia.  –El gran reto–  Entre los 14 pilotos que se presentaron a la conferencia de apertura estaban Stephane Peterhansel, ganador de Dakar; Nasser Al-Attiyah, reciente ganador de la carrera; Carlos Sainz; Laia Sanz; entre otros. Pero la gran figura fue Fernando Alonso.  El dos veces campeón de la Fórmula 1 abre una nueva sociedad con el ‘off-road’. Ya experimentado en el mundial de resistencia y en los circuitos de Daytona, ahora se abrirá paso entre las dunas.  Tras ganar dos mundiales de F1, el español Fernando Alonso busca conquistar el Dakar.  El dato  Los equipos peruanos que correrán son Carlo Vellutino, Sebastián Carvallo, Lalo Burga, César Pardo y David Chávez en motos, y Vallejo-Baronio y Kannø-Carrillo en autos.  “No tengo experiencia en el Dakar pero sí detrás del volante”, asegura y nos dice que conoce sus limitaciones. Sin embargo, estar al mando de su Toyota Gazoo Racing hace volar su imaginación.  “Quizás es el mejor equipo que hay. Con Nasser [Al Attiyah] y Giniel [De Villiers], mi aprendizaje ha sido intenso y me toca ponerlo en práctica”, nos recalca. “En la segunda semana ojalá podamos fijarnos un objetivo ambicioso”, sentencia para El Comercio.  Así como Alonso, los siete peruanos que estarán hoy (6 a.m.) en la partida simbólica también se ilusionan con el nuevo Dakar que arranca con todo horas después (11:20 p.m.).","elcomercio","04/01/2020"
"Vuelo de Libelo","Parece que hay elecciones. Nosotros no nos habíamos enterado, pero regresando de la celebración de Año Nuevo vimos unos carteles en la carretera y hemos decidido participar. Veníamos seis en el carro y a todos nos pareció una buena idea. Éramos, además, tres hombres y tres mujeres, lo que nos daba de arranque una conformación paritaria: prueba providencial de que la causa que enarboremos será justa.  Nada más llegar a Lima, nos pusimos a reclutar adherentes, porque se necesita completar una lista de 130 candidatos (las elecciones, por si acaso, son solo congresales). Entendemos que algunos de ellos tienen que ser de otras regiones del país, pero esos detalles los vamos a pulir al final.  No se vaya a creer por eso que somos unos improvisados. Sabemos, por ejemplo, que para inscribir un partido se requiere juntar un montón de firmas y que ya no estamos a tiempo para hacerlo. Pero nos han pasado el dato de que hay algunos que ya están registrados y que escuchan ofertas. Así que una comisión se está encargando de tomar contacto con ellos y explorar la posibilidad de lograr una alianza. Tendríamos, eso sí, que cambiarle de nombre a la coalición resultante, porque la renovación, nos dicen, es uno de los valores llamados a imponerse en este proceso.  El asunto, en consecuencia, ha merecido una tormenta de ideas de nuestra parte. ¿Cómo ponerle al nuevo movimiento para que cualquier compatriota se sienta tentado a apoyarlo sin importar sus preferencias ideológicas? De primera intención, el cometido parece imposible, pero no hay que desesperar. La verdad es que uno no tiene que inventar la pólvora y que los ejemplos de lo que funciona están a la vista.  Mario  Ghibellini  Periodista  Del mensaje en el empeño y suena más democrático.  La cédula de sufragio que enfrentarán los electores en unas semanas está llena de intentos fallidos de esa receta. ‘Somos’ o ‘podemos’, por ejemplo, son verbos que cumplen con el requisito de estar en primera persona plural, pero no consiguen transmitir cabalmente la noción de movimiento o esfuerzo a la que antes aludimos. ‘Vamos’ es, por cierto, una selección más afortunada.  Nosotros, sin embargo, nos rompimos la cabeza tratando de identificar un verbo que destacara aún más las ganas que hay que ponerle al impulso del país y creemos haberlo logrado. Pujemos Per es el nombre, patriótico y plural, que hemos escogido para nuestra organización y estamos seguros de que nos llevará a la victoria. Ya nos lo imaginamos escrito en letra cursiva sobre un fondo teñido de unos de esos colores eléctricos que le producen a cualquiera calambre en los ojos. El amarillo, el morado y el naranja están tomados, así que otro tendrá que ser. Algo que resalte la noción de punjanza. Y luego le añadiremos el símbolo: un instrumento de trabajo o limpieza, como la lampara o la escoba que ya otros partidos han asociado a su imagen.  Nos queda claro, no obstante, que lo realmente importante para caracterizar nuestro movimiento no son estos elementos externos, sino las definiciones doctrinarias y programáticas. Ya estuvo bueno de esos clubes de aventureros que no dicen nada definitivo durante la campaña y luego promueven cualquier cosa –y si hace falta, también lo opuesto– cuando están acomodados sobre su escaño.  Lápiz y papel, entonces, que aquí vienen nuestro plan de acción y nuestros principios inmutables.  Forjar una alternativa política para participar en las próximas elecciones no puede ser tan difícil.  –Depende–  Como consideración preliminar, debemos anotar que nosotros pensamos que las categorías de izquierda y derecha para definir a un conglomerado político están superadas. En Pujemos Per nos declaramos de centro. Claro que el centro solo es imaginable si se han ubicado primero la derecha y la izquierda. Pero ese es un problema distinto con el que lidiamos en la ya antedicha pulida final de detalles.  Por otro lado, con respecto a la disyuntiva entre obstruccionismo y colaboración con el actual gobierno, ofrecemos una perspectiva novedosa: apoyaremos todo lo bueno, pero, eso sí, criticaremos lo malo.  Iniciativas concretas? Pensamos que hace falta incrementar el empleo formal y la productividad en el país, aunque sin tocar la legislación laboral existente. Estamos convencidos de que la minería es una actividad indispensable para el crecimiento económico, pero que, para poder desarrollarse, todo proyecto debe obtener previamente la licencia social (estamos en el proceso de averiguar en qué ventanilla la otorgan). Y suscribimos, finalmente, la tesis de que el único mecanismo eficaz para erradicar la discriminación y la violencia de género es la educación.  No queremos dejar de mencionar que estamos abiertamente en contra de la corrupción, la pérdida de tiempo en los atronamientos del tráfico y los aniegos. Y en lo que se refiere a la posibilidad de sacar a las Fuerzas Armadas a la calle para reforzar la seguridad, resumiremos nuestra posición en una palabra: depende.  Postdata: después de terminar la redacción de este manifiesto, nos enteramos de que lamentablemente las inscripciones de candidatos para las elecciones del 26 de enero ya están cerradas. No importa: participaremos en las próximas, porque queremos dejar sentado que forjar una nueva alternativa política no puede ser tan difícil. Todo esfuerzo por la patria vale la pena. Pujemos, Per.  –Patriótico y plural–  Una rápida revisión de las denominaciones que ya existen nos reveló que la inclusión de la palabra ‘Per’ resultaba fundamental. Se puede optar también por expresiones relativamente equivalentes como ‘patria’ o ‘país’, pero nada como el nombre mismo de la tierra que nos vio nacer para exaltar el adormecido nacionalismo que anida en el corazón de cada votante.  De otro lado, daría la impresión de que agregarle a la fórmula un verbo que incite al movimiento o al esfuerzo es también recomendable. Y si está en la primera persona del plural, mejor.  En ese sentido, la palabra ‘avanza’ no está mal. Pero puede producir la sensación de que uno le está dando al prójimo la orden de que se ponga las pilas mientras permanece cómodamente sentado sobre su curul. ‘Avancemos’, en cambio, involucra al emisor en el esfuerzo.","elcomercio","04/01/2020"
"Alan García, lecciones de política","Uno de los aspectos más interesantes de las Metamemorias de Alan García Pérez (AGP) son las experiencias que él recapitula de su larga carrera política y que transmite en su libro póstumo. Son importantes viniendo de uno de los políticos más hábiles del Per de los siglos XX y XXI, junto con Manuel Prado y Fernando Belaunde, pero a diferencia de estos, ha dejado una síntesis escrita de lo que él considera las enseñanzas que aprendió en su agitada carrera.  La paciencia es la principal virtud de un político, y la impaciencia su peor consejera, sostiene AGP a lo largo de todo el libro, sustentándolo con ejemplos del Per y el mundo. El presidente francés François Mitterrand, a quien conoci personalmente y considera uno de sus maestros europeos, resurgió de sus cenizas y de varios fracasos devastadores gracias a la paciencia. A otro líder político que conoci en Madrid, el argentino Juan Domingo Perón, también le atribuye esa virtud.  Uno de los errores que cometió su líder Víctor Raúl Haya de la Torre, que le impidi llegar al gobierno en varias ocasiones, es la impaciencia.","elcomercio","04/01/2020"
"Partidos se quedan sin opciones viables de financiamiento","Por la poca gente que est dispuesta a aportar a una campaña, y con el financiamiento de las empresas prohibido desde el 2017, especialistas aseguran que las agrupaciones recurrirán de nuevo al ‘pitufeo’. Electorales (hoy el dinero público solo puede ser usado para capacitación, inversión y gastos de funcionamiento ordinario).  Cruces Paolo Benza Los partidos políticos se han quedado con pocas alternativas para financiar sus proyectos electorales. Las empresas privadas son consideradas fuentes prohibidas desde el 2017 y el dinero que el Estado entrega a las agrupaciones con presencia en el Congreso no puede ser usado, en ningún caso, para actividades de campaña.  Esto deja a las personas naturales como la única fuente de ingresos directos potencialmente significativa. Los ciudadanos pueden aportar hasta S/504.000 por partido y hasta S/252.000 por candidato al Parlamento. Sin embargo, el 90% no está dispuesto a donar dinero para una campaña, según la última encuesta de Ipsos para El Comercio. En la misma encuesta solo el 9% dice que está dispuesto a aportar a una campaña.  En un país en el que se odia a los partidos como el Perú, esa cifra no es rara, explica Fernando Tuesta, expresidente de la Comisión de Alto Nivel para la Reforma Política (CANRP). Se constituiría así un vacío: cómo podrán financiar sus campañas los partidos?  Esa es la incógnita. Sin aportes de empresas será difícil. Las cuotas de afiliados son nimias y los aportes reales de personas naturales casi no existen, responde José Manuel Villalobos, presidente del Instituto Peruano de Derecho Electoral. El problema es que, para ambos especialistas, la salida más probable es el ya conocido sistema de ‘pitufeo’. Este consiste en fraccionar aportes irregulares en pequeños montos a nombre de personas a las que no les pertenecen. Los partidos van a terminar buscando recursos privados, muchos al margen de la ley, dice Tuesta.  La probabilidad de que esto ocurra es mayor porque, como analizó El Comercio en diciembre, un vacío importante en las normas de financiamiento político es que permiten ingresar hasta S/1 millón por actividad proselitista.  ‘Pitufear’ mejor. Ahora tienen que identificar a los que pagan por asistir a la cena o compran la rifa, dice Villalobos. Para ello, sin embargo, asegura que la mayoría de partidos utiliza simpatizantes fidelizados.  De cara a las elecciones generales, agrega, otra opción es que se cargue parte del financiamiento a los candidatos parlamentarios. El artículo 30-A de la Ley de Organizaciones Políticas independiza la contabilidad de la campaña de cada candidato al Congreso. As, el partido se puede lavar las manos sobre cómo obtuvo fondos ese aspirante, dice.  –La opinión pública–  Según Tuesta, la salida a esta encrucijada es que el Estado también pueda financiar directamente las campañas.  Alonso Chero / archivo  FP dice que busca asegurar la vigencia del sistema democrático.  En ningún país del mundo el financiamiento se sostiene sin recursos públicos. Nosotros [en la CANRP] propusimos que el dinero del Estado pueda ser usado en campaña, asegura.  Señaló que ya se ha avanzado en recortar el gasto mediante financiamiento indirecto: los partidos ya no pueden anunciar en medios, sino solo mediante la franja electoral.  Con eso, la campaña será definitivamente más austera, coincide Villalobos. Lo que no parece haber es fuentes viables para cubrir el resto de gastos.","elcomercio","04/01/2020"
"FP pide información sobre incidencias por voto electrónico","Partido plantea que, si hay inconvenientes, no se use en las elecciones. Fuerza Popular (FP) envió un oficio al presidente del Jurado Nacional de Elecciones (JNE), Víctor Ticona, para que informe sobre incidencias en el uso del voto electrónico desde que esta modalidad de sufragio fue implementada en el Perú.  A través de un oficio remitido el 30 de diciembre por su secretario general, Luis Galarreta, el partido solicitó que se comunique sobre los resultados de las auditorías efectuadas a los sistemas de votación en los dos últimos procesos de elección popular, incluyendo, además, el que se realizará en las elecciones al Congreso del 26 de enero.  FP exigió, en caso de haberse identificado indicios de predisposición por parte del sistema de votación a emitir errores, disponer las medidas pertinentes para suspender el uso del voto electrónico en los comicios congresales de este mes.  El especialista en asuntos electorales José Manuel Villalobos indicó a El Comercio que, aunque los organismos no han brindado suficiente información sobre la confiabilidad del sistema, resulta difícil que se dé marcha atrás a tan poco tiempo de la realización de las elecciones.  Entiendo el pedido de Fuerza Popular, pero si estaban en contra, cuando tuvieron mayoría en el Congreso debieron hacer ajustes a la ley, manifestó.","elcomercio","04/01/2020"
"La apuesta de la primera presidenta del TC","Marianella Ledesma plantea mayor transparencia en casos que el Tribunal Constitucional evalúa. Transparente y con un trato igualitario en los procesos que debe resolver. Por ello, sus primeras palabras fueron para todas las mujeres de la patria, que por años esperan y luchan por igualdad de oportunidades.  Karem Barboza Quiroz  Si no creyera en la balanza, en la razón del equilibrio. Si no creyera en el delirio; si no creyera en la esperanza. La maza, del cantautor Silvio Rodríguez, sonaba como preludio al discurso que la magistrada Marianella Ledesma debía dar ayer tras jurar como presidenta del Tribunal Constitucional (TC).  La canción fue elegida personalmente por Ledesma, quien es la primera mujer en la historia del TC en ocupar su máximo cargo. A solicitud suya también se entonó una estrofa del himno nacional en quechua.  Esa melodía debe entenderse como la creencia en uno mismo y en nuestro camino, dijo Ledesma a El Comercio.  Y la magistrada, de acuerdo a su discurso, busca un Tribunal Constitucional transparente y con un trato igualitario en los procesos que debe resolver. Entre los lineamientos que pretende implementar en su gestión, Ledesma propuso la reforma del reglamento del TC para transparentar y hacer pública la deliberación de los casos, sobre todo en los de interés nacional.  Además, propuso revisar la definición de los llamados casos emblemáticos. Esto, explicó, debido a que actualmente se viene haciendo una excepción en este tipo de procesos, en función de la notoriedad de la persona involucrada.  El TC no contempla en su ley orgánica o normativa dicha acepción. Es el pleno del máximo órgano en materia constitucional el encargado de señalar, conforme van llegando los expedientes, cuáles serán casos emblemáticos y cuáles son de orden común.  Considero que ese enfoque debe ser revisado, de modo que se califique de emblemáticos a los casos en función de la materia en debate, de la trascendencia constitucional de esta y no de la persona involucrada, indicó.  En la ceremonia también juraron los magistrados Augusto Ferrero Costa, como vicepresidente del TC, y Ernesto Blume Fortini, como director del Centro de Estudios Constitucionales.","elcomercio","04/01/2020"
"Balance del siglo","En los ltimos días hemos leído variados recuentos de los acontecimientos del 2019 en nuestro país. Pero también podríamos ensayar un balance de la década que se cierra, o mejor de las dos décadas, porque el ciclo 2010-2019 es en realidad parte de uno más largo, iniciado en el 2001, que a su vez terminó (frustrada) en cierto modo con la disolución del Congreso del 30 de septiembre del 2019.  ¿Qué características tuvo el periodo 2001-2019? Se trató de un periodo marcado por un importante crecimiento económico, reducción de la pobreza y el crecimiento de una nueva clase media, aunque informal y precaria, que en parte se explica por un muy buen contexto global, pero también por la continuidad de las políticas económicas orientadas al mercado gestadas en la década anterior.  Este periodo está también signado por la extrema precariedad de los actores del sistema político y de las instituciones democráticas; la paradoja es que la debilidad y la vacuidad de los partidos permitió la continuidad de una elite tecnócrata en áreas clave del Estado, que explican tanto el éxito de esos años (basándose principalmente en estabilidad y crecimiento), como también sus limitaciones: carencia de alianzas sociales y políticas que permitieran reformas más ambiciosas, una autonomía sin suficiente transparencia y control, así como cierta lejanía por temas sociales, políticos y distributivos fuertes en la región.  Podría decirse que aquello que se inició en el 2001, bajo la promesa de una institucionalización democrática plena después de una década autoritaria, termin (frustrada) en cierto modo con la disolución del Congreso del 30 de setiembre del 2019.  Martin Tanaka Profesor principal de la PUCP e investigador del IEP  La tarea de este año sería sentar las bases de los cambios necesarios.  Estas características permitieron que el Perú navegara sin mayores variaciones por el ‘giro a la izquierda’ que recorrió la región, a pesar de que los electores optaron por alternativas de ‘izquierda’ encarnadas en García en el 2006 y Humala en el 2011, quienes finalmente mantuvieron, en general, la ortodoxia económica. Otra forma de decirlo, más en términos políticos, es que se trató de un período en el que el gran tema fue cómo enfrentar el legado dejado por el fujimorismo de la década de los noventa: expresado no solo en cómo lidiar con las continuidades y cambios necesarios, también en cómo lidiar con su herencia política directa, expresada en el liderazgo de Keiko Fujimori.  En algunos sentidos, ese orden ciertamente ha llegado a su fin: con la desaceleración económica, los escándalos de corrupción que involucran a políticos, funcionarios y empresarios, el fracaso del gobierno de Kuczynski (el técnico-político neoliberal por excelencia) y el fracaso de Fuerza Popular como proyecto, cuando menos la legitimidad de ese orden y de sus protagonistas principales está en serio cuestionamiento. Sin embargo, sería prematuro declararlo difunto: podría darse que los elementos centrales vigentes hasta ahora se mantengan, con solo un cambio de intérpretes. La tarea de este año sería sentar las bases de los cambios necesarios y evitar la larga agonía de un esquema agotado.  Lea mañana en Política a Jos Carlos Requena  El Comercio no necesariamente coincide con las opiniones de los articulistas que las firman, aunque siempre las respeta.  Hugo Curotto Crónica Magistrada jur el cargo","elcomercio","04/01/2020"
"Qué medidas de seguridad está tomando EE.UU.?","En los últimos meses, EE.UU. ha enviado más de 14.000 soldados a la región y ayer el Pentágono dijo que desplegará hasta 3.500 efectivos adicionales – pertenecientes a una fuerza de reacción rápida que se encontraba en estado de alerta desde el ataque contra la Embajada de EE.UU. en Bagdad –, que servirán desplegados en Kuwait, una medida preventiva en respuesta al creciente nivel de amenaza. EE.UU. tiene hoy 5.200 soldados desplegados en Iraq, oficialmente para asistir y entrenar su ejército y asegurar que el Estado Islámico no pueda resurgir.","elcomercio","04/01/2020"
"Irak: campo de batalla entre dos enemigos acérrimos","El país es un actor clave en la geopolítica del Medio Oriente. Tras la invasión de EE.UU. en el 2003 para derrocar a Saddam Hussein, Irán supo influir en la política iraquí. Desde la invasión estadounidense del 2003 y el derrocamiento de Saddam Hussein, y su posterior ejecución, Iraq se convirtió en un río de sangre que acabó con la vida de más de 100 mil personas, en una de las guerras más complejas que reacomodó la geopolítica del Medio Oriente. Las acciones estratégicas políticas y económicas de Irán en Iraq incluyen la influencia en figuras claves y la provisión de infraestructura básica. El mapa demográfico muestra divisiones significativas entre chiitas y sunníes en ambos países.","elcomercio","04/01/2020"
"El doble filo del poder absoluto","En el 2018, Xi Jinping vio su sola China y los que se muestran a favor de la diversidad cultural. Y resulta entonces que –pese a los miles de millones de dólares que Beijing viene invirtiendo en su programa de las rutas de la seda– en muchos lugares aún se tiene una mala imagen del gigante. El 2019 fue un año de muchas tensiones y fracasos para el presidente chino: la situación económica se degradó al mismo tiempo que se multiplicaban las protestas en Hong Kong contra el Gobierno Central. Una acusación que debe sonarle extraña a Xi, un gobernante ajeno a la crítica e incapaz de prestar oídos a los opositores.","elcomercio","04/01/2020"
"Balance del panorama económico y social de Chile","La versión pura del capitalismo ha llegado a su fin, considera el profesor distinguido de Economía Internacional de la UCLA, Sebastián Edwards. El economista cree que, a partir de ahora, el capitalismo será más inclusivo y amigable. Sin embargo, teme que las expectativas sobre la reforma constitucional se vean frustradas. Luis Fernando Alegría es desde octubre en Chile, donde se vive un estallido social que podría terminar con un cambio de la Constitución.","elcomercio","04/01/2020"
"GRUPO DE EDADES DE LOS ELECTORES EN EL EXTRANJERO","Menos  30 aos 12,8% 14,7% 18,6% 15,1%  10,7%  De 31 a  39 aos 18,9% 20,6% 18,8% 21,3%  24,6%  De 40 a  49 aos 25,6% 24,4% 23,4% 29,2%  26,6%  De 50 a  59 aos 19,2% 20,9% 24,1% 21,9%  16,6%  De 60 a  69 aos 17,3% 12,5% 11,1% 9,3%  12,5%  De 70 a  más aos 6,1% 6,9% 4,0% 3,1%  9,0%  EXTRANJERO África América Asia Europa  Oceanía   Fuente: JNE / Reniec","elcomercio","04/01/2020"
"Las candidatas","Más mujeres que hombres tienen estudios superiores.  El reporte del JNE refiere que más  candidatas mujeres registran estudios superiores que los hombres, pero una menor proporción  de ellas cursó estudios de posgrado en comparación con ellos [ver infografía].  Aunque el 40% de los candidatos en el ámbito nacional son mujeres, solo una de cada diez tiene  experiencia en cargos políticos de elección popular.   Para Violeta Bermúdez, vicepresidenta del Tribunal de Honor del Pacto ético Electoral, el porcentaje de mujeres que postulan  en este proceso “significa que todo el discurso que hubo cuando se discutió la paridad –que no hay mujeres– no es cierto”.   En su opinión, el que el 90% de ellas no tenga experiencia política “evidencia que a las mujeres se les ha limitado en la práctica  a su derecho a acceder a cargos públicos”. “Se evidencia por qué fue necesaria una cuota de promoción de la participación de las mujeres [...] Por eso hay mujeres con menos experiencia política, porque no han tenido la oportunidad de postular y luego de ser elegidas”, finaliz.","elcomercio","04/01/2020"
"Solo un partido político ha hecho pública su agenda legislativa","A semanas de las elecciones al  Congreso, casi todas las agrupaciones  que están en los primeros lugares de  intención de voto no han dado a  conocer sus propuestas.  En un período legislativo que  durar tan solo un año y medio, el tiempo resulta especialmente valioso. De ahí la importancia de que los partidos políticos que integren el  Congreso cuenten con agendas legislativas listas para ser  propuestas y debatidas. Estas, además, permiten que  elos votantes conozcan qué temas serán priorizados por  cada organización.  Sin embargo, a la fecha,  tan solo uno de los diez partidos que están entre los  diez primeros lugares en intención de voto ha publicado un programa legislativo  con sus principales ideas. Se trata del Partido Morado,  cy sus 44 propuestas están disponibles en su página de  Facebook.  Según Rodolfo Pérez, secretario general de la organización, las propuestas giran  en torno a ocho ejes de trabajo: lucha contra la corrupción, reforma del Congreso,  reforma judicial, reforma política, seguridad, equidad  de género, educación y salud  y medio ambiente.  Salvo Fuerza Popular, Vamos Perú y el Frepap, que  nosotros no respondieron nuestras llamadas, todas las organizaciones aseguraron que  tienen agendas legislativas que aún no han sido publicadas. Sin embargo, al cierre  de esta edición, este Diario comprobó que, además del Partido Morado, tres de ellos  cuentan, efectivamente, con programas de trabajo, pues nos proporcionaron los documentos: Alianza para el  Progreso (APP), el Frente Amplio (FA) y el Partido Popular Cristiano (PPC).  Daniel Carrasco, candidato y jefe de plan de gobierno  de APP, aseguró que el partido priorizará la agenda de  los pequeños empresarios, “que son los que han sido  postergados por el modelo económico”. Asimismo, indicó que el documento –que contiene 15 lineamientos–  será publicado hacia el viernes 10 de enero.  La agenda del FA, de 53  propuestas, será publicada este lunes 6 en una conferencia  de prensa, según fuentes del partido. Una de estas consiste en la “defensa del derecho  a decidir sobre sus cuerpos  por parte de las mujeres, ante embarazos no deseados”. Por último, desde el PPC  se han elaborado propuestas que incluyen el traslado  de la facultad de levantar  la inmunidad parlamentaria al Tribunal Constitucional. Según fuentes del  partido, el programa será  presentado en una conferencia de prensa el jueves 9 de este mes.  —Atomización—  Alejandro Rospigliosi, especialista en derecho parlamentario, sostiene que la falta de planes programáticos lleva a  una “atomización de ideas que genera un desorden total en el  Congreso”, pues dificulta que los integrantes de una misma  bancada logren consensos.  “No llevar un plan de trabajo demuestra improvisación y el costo va a ser que los  congresistas van a tardarse poniéndose de acuerdo en  el interior de cada bancada”, señala el abogado.  Carlos Delgado Guembes, también experto en temas  congresales, asegura que la falta de agendas partidarias  debebilta el sistema de partidos, pues los postulantes  nicamente promueven sus propuestas. “El gran error  es que los candidatos siguen promocionándose a sí mismos y no al partido”, indica.  FACEBOOK  Juzgado suspende  exclusión de candidato  Postulante del PPC  por Lima apartado  obtuvo una medida  cautelar a su favor.  ELECCIONES CONGRESALES 2020  Ricardo Vásquez Laguna  (Partido Popular Cristiano),  quien fue excluido de las elecciones al Congreso por el Jurado Electoral Especial (JEE)  de Lima Centro 1 el pasado 16 de diciembre, podría seguir  en carrera porque el Juzgado Civil Transitorio de Chorrillos  le concedió una medida cautelar que así lo dispone.  El juzgado resolvi suspender los efectos de las resoluciones del JEE y el Jurado Nacional de Elecciones  (JNE) que lo dejaron fuera  del proceso por presuntas incongruencias en su declaración jurada de hoja de vida.  La decisión abriría las  puertas a que otros candidatos excluidos tomen el  mismo camino, señaló el  abogado José Tello, del Instituto Peruano de Derecho  electoral.  —Recurso legal—  Vásquez informó a este Diario que la medida cautelar la  presentó el 26 de diciembre  por considerar que las autoridades  electorales atentaron contra sus derechos.  Además, explicó que la  resolución del juzgado busca salvaguardar su derecho  constitucional a ser elegido, en tanto está pendiente de  evauluar una acción de am- paro que también present  por su exclusión.  “Mi abogado llevará los  partes al JNE para que cumplan la decisión judicial y repongan mi derecho. […] Se  cometió un abuso contra un  gupo de candidatos fuertes  del PPC”, aseguró.  El 16 de diciembre, el JEE argumentó que el candidato  n no consignó en su declaración jurada los ingresos o rentas que generó en el 2018, a pesar de que en el rubro experiencia laboral consignó que  se desempeña como asesor  legal de la empresa SG Diseño  y Construcción S.A., desde el  2018 hasta la fecha.  En su apelación, Vásquez  señaló que, por su tipo de  contrato, la empresa solo le  pagaría por el éxito de un  caso judicial aún en proceso. Pero el JNE no le dio la razón  y ratificó su exclusión.","elcomercio","04/01/2020"
"Valós votó para declarar no aptos a 2 miembros de JNJ","Fiscal de la Nación no  aval postulaciones  de Marco Falcon y  Henry Vila.  La fiscal de la Nación, Zoraida Valós, integrante de la comisión especial que seleccionó y nombró a los miembros de la Junta Nacional de  Justicia (JNJ), tuvo un voto  in discordia con respecto a Marco Tulio Falcon y Henry Vila, elegidos miembros del  organismo.   Valós estuvo en contra  de declararlos aptos, según  los fundamentos de su voto  sobre ambos, a los que El Comercio tuvo acceso.   En el caso de Falcon, la  Magistrada señaló que su mayor discrepancia con el voto en mayoría correspondió a  la evaluación en el rubro de  solvencia e idoneidad. Indicó que en la entrevista al candidato éste no identificó ni absolvió los presuntos cuestionamientos en su contra.   Agregó que, respecto a sus  respuestas sobre los actos de  nepotismo, Falcon relativizó los criterios para la determinación de posibles casos  de conflicto de intereses.   Igualmente, la fiscal  discrepó de que a Falcon se le  diera una asignación adicional del 10% en la entrevista personal por su condición de licenciado de las Fuerzas Armadas que dice tener.   En el caso del Vila, Valós expresó su discrepancia en el rubro de solvencia  ie idoneidad. Dijo que el rechazo de un supuesto ofrecimiento económico que hizo no debe ser considerado un mérito, porque es lo que se espera de todo funcionario.   Sobre un posible conflicto de intereses por asesorar a empresas mineras, la fiscal indicó que el postulante no aclaró su paso de la actividad pública a la privada para hacer temas similares a los que cumpliera cuando era funcionario.","elcomercio","04/01/2020"
"Joven desapareció el 1 de enero mientras pescaba en Yauyos","Una búsqueda contra reloj  Esfuerzos G Un equipo de bomberos, marinos, policías y otros socorristas siguen el rastro de Giacomo  Boccoleri a lo largo del río Caete G Voluntarios piden víveres y donaciones para apoyar las labores.   TWITTER UNIDAD 4X4 DE AYUDA  Francesca García Delgado  Un numeroso equipo de socorristas integrado por el Cuerpo General de Bomberos Voluntarios del Perú (CGBVP),  la Policía Nacional, buzos de la Marina de Guerra y voluntarios de la zona intensificaron la búsqueda de Giacomo  Boccoleri, de 22 años, quien desapareció el 1 de enero mientras pescaba en las inmediaciones de Laraos, en la  provincia de Yauyos (Lima).   El brigadier mayor CBP Claudio Senz Hostos, a cargo del Grupo de Búsqueda y Rescate en Estructuras Colapsadas-USAR del CGBVP, detalló a El Comercio que ayer llegaron a la zona 45  brigadistas, entre socorristas, médicos y enfermeros. Además, tienen a su disposición dos drones y ocho camionetas de rescate. Senz dijo que trabajarán en estos días desde las 6:00 a.m. hasta las 6:00 p.m.   Además, precisó que han establecido su base de operaciones en Tinco Huantan, a unos kilómetros al sureste del área donde se produjo la desaparición del joven. El lugar ubicado aproximadamente en el kilómetro 165  de la carretera Caete-Yauyos fue elegido por tratarse de una zona alta donde sí hay acceso a la señal telefónica y de Internet.   Como parte de estas acciones de rescate, el equipo especial de la policía utilizó ayer drones para rastrear la zona. Y un grupo de kayistas profesionales también se ha sumado a estas labores.   Si bien Claudio Senz mencionó que, de acuerdo con el plan preliminar, la búsqueda se realizará hasta mañana, el plazo dependerá de los hallazgos de las próximas horas. Afirmó que están abastecidos con alimentos, agua y combustible para los próximos dos días. Adicionalmente, refirió que han recibido el apoyo logístico del Instituto Nacional de Defensa Civil (Indeci).  “Todavía no hay novedades, pero esperamos que las haya en las próximas horas. El personal se mantendrá hasta el momento que lo podamos encontrar”, declaró anoche Mario Casaretto, jefe departamental de los  bomberos de Lima y Callao.  —Cadena solidaria—  Las acciones de búsqueda de Giacomo Boccoleri  ambos se dieron cuenta, el  joven había desaparecido. Creemos que se resbaló y se golpeó la cabeza”, indicó el  luego jueves.","elcomercio","04/01/2020"
"Mejorar esta situación es un camino urgente que, como país, debemos recorrer.","La lentitud en la ejecución de estas obras fue pasmosa, incluso en los casos exitosos. Se esperaba que estos proyectos de alcantarillado tomasen un año en completarse; sin embargo, los proyectos más eficientes de entre aquellos estudiados se concluyeron recién en dos años (10%) y más de la mitad tomaron más de cinco años en culminarse. Los resultados encontrados por la investigadora en la salud infantil son alarmantes: un aumento de 6% en la mortalidad de menores de 5 años en los distritos que experimentaron estas obras inconclusas de alcantarillado.","elcomercio","04/01/2020"
"Las tres normas laborales más relevantes del 2019","Destacan las leyes referidas a la prevención del acoso laboral, a la prohibición de discriminación remunerativa y a la protección de la salud de los trabajadores.  Franco Balza Tassara  El cierre del año 2019 en el ámbito laboral estuvo marcado por la muerte de dos jóvenes en un local de la cadena de comida rápida McDonald’s. Esto puso en el tapete la importancia de legislar en materia de seguridad y salud en el trabajo.  Además, durante el año pasado se aprobaron otras normas relacionadas a salarios, vacaciones, entre otros. A modo de balance del 2019, consultamos con tres abogados laboralistas respecto a cuáles son las normas que consideran de mayor trascendencia.  Las normas referidas a la ley que prohíbe la discriminación remunerativa entre hombres y mujeres son destacadas por Germán Lora, socio del estudio Damma Legal Advisors; Adriana Tapia, gerenta del área laboral de PwC Perú; y Jorge Toyama, socio del estudio Vinatea y Toyama.  En el marco de esta ley, se aprobó el protocolo para la fiscalización de las obligaciones en materia remunerativa y la guía metodológica para la valoración objetiva de puestos de trabajo.  Los tres abogados coinciden, además, en que las normas referidas a la ley de prevención y sanción del hostigamiento sexual forman parte de uno de los tres temas más relevantes del 2019.  Las disposiciones de prevención del acoso sexual han sido un tema relevante, ya que han cambiado la cultura y las políticas de las empresas, indica Toyama.  Un tercer aspecto que destacan los abogados es el de las medidas que se han tomado para fortalecer la protección de salud y vida de los trabajadores.  Se está creando un sistema mucho más drástico para sancionar cualquier incumplimiento en materia de seguridad y salud en el trabajo, detalla Lora.  En esa línea, Tapia explica que algunas de estas medidas consisten en la reducción del plazo para la investigación de accidentes de trabajo con resultado mortal de 30 a 10 días, la posibilidad de iniciar un proceso penal (por accidentes de trabajo) sin que exista un proceso de fiscalización previo, o cerrar un local hasta 30 días por accidentes mortales.  —Retos para el 2020—  Para este año, Jorge Toyama enfatiza que se debe trabajar en la reducción de la informalidad laboral.  La informalidad sigue en 72% o 73%. La reducción de esta sigue siendo la principal reforma que no solamente requiere de leyes. Es un cambio radical, cultural, de políticas, de procesos, dice Toyama.  Por último, Lora agrega que en el primer trimestre del 2020 se estará discutiendo el aumento de la remuneración mínima vital.","elcomercio","04/01/2020"
"Precios del crudo se disparan tras mortal ataque a líder iraní","El precio del crudo Brent para entrega en marzo subió ayer 3,54% luego del ataque de Estados Unidos en Bagdad en el que perdió la vida el general Qasem Soleimani, una de las figuras militares más importantes de Irán. Con ello, el precio del barril trepó a US$68,60, el nivel más alto desde que el pasado 17 de septiembre alcanzara los US$69, en medio del ataque de rebeldes yemenitas a la mayor refinería de Arabia Saudita. El incremento en los precios del crudo se sumó a las fuertes alzas del oro, el yen y otros activos de refugio, luego del ataque de Estados Unidos al líder militar iraní.  El Pentágono confirmó que ejecutó el ataque contra Soleimani por orden del presidente Donald Trump e Irán prometió una venganza severa. Expertos advierten que el conflicto podría incrementar las tensiones en Medio Oriente y afectar directamente la producción global de petróleo.  Según la Administración de Información de Energía de EE.UU., el 21% del petróleo utilizado en el 2018 transitó por el Estrecho de Ormuz, ubicado en la costa norte de Irán. Algunos de los mayores productores de crudo se verían afectados si el estrecho no pudiera ser navegado con normalidad.  —Conflicto bélico—  Según Caillin Birch, de The Economist Intelligence Unit, los mercados temen sobre todo que pueda ocurrir un conflicto más amplio. La importancia deriva menos de la pérdida potencial de los suministros de petróleo iran [...] que del riesgo de que se pueda desencadenar un conflicto más amplio que arrastre a Iraq, Arabia Saud y a otros, declar Birch a AFP. Agregó que la muerte de Soleimani elimina la posibilidad de negociaciones entre ambos durante todo el 2020.","elcomercio","04/01/2020"
"La brasileña Natura concluye la compra de Avon","El ataque estadounidense donde murió Soleimani causó un alza del 3,54% del crudo Brent.  Tras conocerse el cierre de la compra de Avon, la firma estadounidense anunció la salida de su director general y se supo que Marques tomará las riendas.  Natura&Co, que cotiza en la Bolsa B3 de São Paulo, también prevé comenzar a comercializar acciones a través de ADR en la Bolsa de Nueva York el 6 de enero.  —Posicionamiento—  Tras esta operación (cuyo monto final no fue precisado), el grupo que ahora engloba a Avon, Natura, The Body Shop y Aesop aseguró que tendrá ingresos brutos anuales por más de US$10.000 millones, colocándose detrás de la francesa LOreal, la estadounidense P&G y la angloholandesa Unilever.","elcomercio","04/01/2020"
"Ocupará el lugar dejado por Wayne Rooney","En caso se confirme su llegada a la MLS, Orejas tendría su cuarta experiencia en un club del extranjero: antes estuvo en Villarreal B (ESP), Aalborg BK (DIN) y Monarcas (MEX).  A la liga de las oportunidades  Peruanos G Edison Flores está cerca de convertirse en nuevo refuerzo del DC United de la Major League Soccer (MLS) G El volante de la selección irá a una liga en donde nuestros jugadores relanzaron su carrera.  Edison se encuentra en negociaciones con un club de la MLS.  Carlos Gonzales Agente de Edison Flores  La MLS es tan competitiva como la mexicana, pero su infraestructura es increíble.  Raul Ruidiaz Delantero del Seattle Sounders  Kenyi Pea Andrade  Desde que jugaba en las calles de su querido Collique, en el distrito de Comas, Edison Flores se ha encargado de transformar lo imposible en milagros inesperados. Fue figura en Universitario, el equipo del cual es hincha desde pequeño, vistió la camiseta de la selección nacional, jugó un Mundial y destacó en el extranjero con la camiseta del Monarcas de México. Sin embargo, a los 25 años, el Orejas estaría cerca de cumplir el sueño americano: jugar en la Major League Soccer (MLS), una de las ligas de mayor crecimiento de los últimos años y que se ha encargado de tener, hasta hace poco, a figuras mundiales de la talla del español David Villa y del sueco Zlatan Ibrahimovic.  Diversos medios mexicanos y hasta el mismo The Washington Post informaron que el Orejas estaría a un paso de dejar el Monarcas de la Liga MX para convertirse en nuevo futbolista del DC United. Además, su representante, Carlos Gonzales, aseguró que el trato está casi cerrado. Edison Flores se encuentra en negociaciones avanzadas con un club de la MLS, por lo que en los próximos días podríamos haber novedades sobre su futuro, afirm.  El interés de los clubes de la MLS por el jugador peruano ya existe. Y no es una coincidencia que cinco nacionales que militan all tengan entre sus características la buena técnica. Además, el promedio de edad de los nuestros es de 25,7 años. Ellos los aprovechan en su momento de madurez en sus carreras y la MLS disfruta de la sangre joven y emergente.  En los últimos años, los directivos de los diversos clubes que integran la MLS han sentido una atracción especial por los futbolistas latinos que, si bien no son máximas estrellas del continente (ya que estos se siguen yendo a Europa), destacan dentro de sus ligas. Pasó en los últimos meses con los argentinos Gonzalo Pity Martínez (Atlanta United) y Cristian Pavón (Los Ángeles Galaxy). Ambos, en aquel entonces, eran las máximas estrellas de River y Boca.  —De sabor nacional—  Pero qué tan cierto es que los futbolistas peruanos han alcanzado el éxito en los últimos años en la MLS? A continuación repasamos una lista de jugadores que, así como Raúl Ruidíaz, Yordy Reyna y Alexander Callens, pasaron por dicha liga y destacaron con finales distintos: algunos se mantienen, y a otros les sirvió de trampolín para encontrar mejor destino futbolístico.  Andy Polo: el exjugador de Universitario llegó a Portland Timbers en el 2018. Ya en su primer año en la MLS consigui llegar a la final del torneo y jugar contra el Atlanta United FC. Lamentablemente no pudo conseguir el título.  Carlos Ascues: el polifuncional jugador llegó desde Alianza a Orlando City a mediados del 2018. En la última temporada acumuló 17 presentaciones y destac.  Yoshimar Yotún: después de su gran paso por el Malmö, Yoshimar fichó por el Orlando City en el 2017. All, el ex-Cristal fue figura y considerado uno de los mejores fichajes de la MLS en los últimos años. Ello le permitió llegar al Cruz Azul.  Marcelo López: el extremo izquierdo fue incorporación del San José Earthquakes en el 2019. Llegó de Cristal al ser vendido el 80% de su pase al club norteamericano. El año pasado jugó 18 partidos como lateral izquierdo.  La liga del país de las oportunidades le sigue abriendo las puertas a los futbolistas peruanos. Flores podría ser uno más que saca la visa para un sueño.","elcomercio","04/01/2020"
"La Costa Verde, la conquista del mar metro a metro","Historia y futuro del circuito de playas que naci como uno de los proyectos más ambiciosos del siglo XX en el Per.","elcomercio","04/01/2020"
"Hoy se encienden motores en Dakar","Siete corredores peruanos buscan consagrarse en territorio saudí.","elcomercio","04/01/2020"
"Se acortan los recursos de financiamiento","El 90% de peruanos no están dispuestos a aportar a campañas. Dificultades. Partidos ven reducidas sus opciones de financiamiento por la prohibición a las empresas de contribuir. Especialistas advierten que se corre el riesgo de que agrupaciones recurran al ‘pitufeo’.","elcomercio","04/01/2020"
"28% opina que aporte de empresas debe permitirse siempre que sea declarado, pero con un límite.","NA","elcomercio","04/01/2020"
"Hugo Curotto","Ledesma asumi ayer la presidencia del TC. DISOLUCIÓN DEL CONGRESO. Este lunes 6 se entrega ponencia sobre demanda competencial. Plazos. La magistrada Marianella Ledesma espera que el recurso se resuelva antes de las elecciones.","elcomercio","04/01/2020"
"Ronda el fantasma de la guerra","La muerte del general iraní más poderoso ordenada por EE.UU. eleva la tensión en la región. Miles de iraníes participan en la escalada de protestas en las calles de Teherán y de otras ciudades por la muerte de Qasem Soleimani.","elcomercio","04/01/2020"
"SEGUIRA EN CARRERA ELECTORAL POR DECISIÓN DE JUZGADO","Candidato del PPC excluido obtiene una medida cautelar. Precedente. Especialista afirma que se abre la puerta para que otros postulantes separados de comicios congresales recurran al Poder Judicial.","elcomercio","04/01/2020"
"Se reportaron 175 denuncias de acoso sexual en universidades","Abuso. Sunedu informó que en la mayoría de los casos, hasta julio del 2019, el hostigador era un docente.","elcomercio","04/01/2020"
"Obra de Wilde en la mirada crítica de Camus","Fernando Ampuero analiza el vínculo literario de estos escritores: el sufrimiento.","elcomercio","04/01/2020"
"Editorial","El Per ha esperado mucho para ver al reemplazo del CNM salir a flote. Editorial de El Comercio No más fiascos / 20 de septiembre del 2019. Llegó la Junta. La Junta Nacional de Justicia tiene la obligación de cambiarle la cara al desprestigiado sistema de justicia peruano. María Zavala Valladares. Ciertamente, la sola comunicación telefónica con una persona no significa que se comulgue con ella de alguna manera, pero dados los antecedentes del señor Hinostroza y la retahíla de conversaciones nefastas que lo han tenido como protagonista, es inevitable que este hecho ensombrezca la designación de los referidos integrantes de la Junta. Empero, con prescindencia de todo lo anterior, no deja de ser positivo que, finalmente, se haya logrado echar a andar la JNJ y resulta indiscutible que, por lo trascendental de sus funciones, quienes la componen tendrán la oportunidad de conjurar, en la cancha, cualquier duda que puedan suscitar. Esa es, en suma, la expectativa de todos los peruanos y lo que debería contribuir a cambiarle la cara a nuestro alicaído sistema de justicia. En esa línea, quizá la mayor responsabilidad que va a tener este grupo de trabajo concierne a la revisión de los nombramientos de jueces y fiscales supremos que realizó en el 2015 el CNM. En este grupo hay individuos sobre los que pesan graves cuestionamientos, como los fiscales supremos Tomás Gálvez, Víctor Rodríguez Montezuma y Luis Arce Córdova, así como los jueces supremos Ángel Romero y Martín Hurtado, todos vinculados al Caso Los Cuellos Blancos del Puerto. Asimismo, esta institución tendrá la posibilidad de enfrentar al extitular del Ministerio Público Pedro Chávarry a un proceso disciplinario, hacerlo responder por la platilla de gravísimas denuncias que se han hecho en su contra y evaluar su necesaria destitución. A lo anterior se suman las otras tareas que la JNJ debe cumplir, como la de revisar y evaluar al personal que permaneció tras la desaparición del CNM: aún hay funcionarios que continúan percibiendo sueldos pese a que el ente está desactivado. Corresponde, entonces, que la Junta haga una evaluación exhaustiva de quienes compondrán su estructura administrativa, separando la paja del trigo y procurando que opere de la manera más eficiente posible. As las cosas, solo queda esperar que la flamante JNJ esté a la altura de los cambios que esperamos ver en nuestro sistema de justicia. Tras los escándalos de la institución que la precedió, es necesario recuperar la confianza del país.","elcomercio","04/01/2020"
"Transcurridos 386 días desde que la ciudadanía aprob, a través de un referendo, el inicio del proceso para implementar la Junta Nacional de Justicia (JNJ) en reemplazo del Consejo Nacional de la Magistratura (CNM)","–cado en desgracia luego de que una serie de audios revelaran los acuerdos por debajo de la mesa que hacían algunos de sus miembros para favorecerse mutuamente–, el 30 de diciembre del 2019, la comisión especial encargada de que aquella comenzara a funcionar, presentó a los siete miembros titulares y suplentes que la conformarán a partir del 6 de enero. As, los primeros integrantes de la JNJ serán los abogados Aldo Vásquez Ros, Henry Villa Herrera, Luz Inés Telló, María Zavala Valladares, Imelda Julia Tumialán, Marco Tulio Falcon y Antonio Humberto de la Haza. Todos, como se sabe, elegidos por medio de un proceso de selección distinto al originalmente previsto, ya que este desembocó en un fracaso que terminó con ningún postulante jurando al cargo. Sin embargo, revelada la identidad de los futuros miembros de la Junta, los cuestionamientos al pasado de algunos de estos no se hicieron esperar. Uno, por ejemplo, tiene que ver con la carga política que parece envolver a algunos de los elegidos. Entre los nombrados hay dos exministros de Justicia (Vásquez durante el gobierno de Ollanta Humala y Zavala en el de Alan García), un viceministro de Derechos Humanos de la gestión humalista (Villa) y un exparlamentario por el extinto partido Perú Posible (Falcon). Y si bien queda claro que un paso por el Poder Ejecutivo o Legislativo no tiene por qué (per se) significar una mancha en el currículum de nadie, lo importante y sensible del rol que debe cumplir la JNJ quizás debió motivar que se nombrara a individuos cuya neutralidad no pudiera ser ni remotamente discutida.","elcomercio","04/01/2020"
"Cientos de simpatizantes de una milicia iraquí proiran asaltaron el martes la Embajada de Estados Unidos en Bagdad. Esta acción provocó que Washington llevara a cabo un ataque que acabó con la vida del general más poderoso de Irán: Qasem Soleimani. La escalada ha colocado al Medio Oriente a puertas de un nuevo y peligroso conflicto en la región.","NA","elcomercio","04/01/2020"
"En el Twitter","[En el 2019] tomamos decisiones importantes para superar la confrontividad política que llevamos hace ya tres años. Martín Vizcarra Presidente de la República. La ciudadana tiene el derecho de informarse y los miembros de la JNJ tenemos la obligación de dar explicaciones. Aldo Vásquez Designado miembro de la Junta Nacional de Justicia. El TC se ha desenvuelto con autonomía frente a cada uno de los poderes públicos, ajeno a toda presión mediática. Ernesto Blume Magistrado del Tribunal Constitucional. Cumpliendo plazos y metas establecidas [...] estamos dando resultados. El 2020 es un año de definiciones. José Domingo Pérez Fiscal del equipo especial del Caso Lava Jato. No entiendo por qué hay ensañamiento contra mi hija Keiko. No formulan acusación porque ni siquiera tienen los elementos necesarios de fondo. Exlegisladora Indira Huilca Expresidente Alberto Fujimori.","elcomercio","04/01/2020"
"El 90% de peruanos no están dispuestos a donar dinero a una campaña electoral","Encuesta sobre financiamiento de campañas. Qu opina de la contribución de empresas a las campañas políticas? Votación en el 2016. Debe permitirse, siempre que el aporte sea declarado, pero con un tope. NO 90% Por Keiko Fujimori Por PPK 20% 29% Por Keiko Fujimori Por PPK 20% 11% No debe permitirse la contribución de empresas, solo de personas naturales. El Estado debe ser el único que financie las campañas políticas. 26% 23% Debe permitirse sin límites, siempre que el aporte sea declarado. 13% No precisa 10%! Los aportes de personas naturales tienen un tope de S/504.000 Todo aporte mayor a S/4.200 debe ser bancarizado. Ficha técnica: Encuesta nacional urbana realizada por Ipsos Per. Número de registro: 0001-REE/JNE. Sistema de muestreo: probabilístico polietápico. Muestra: 1.004 entrevistados. Fecha de aplicación: del 11 al 13 de diciembre del 2019. Margen de error: ±2,82%. Nivel de confianza: 95%. Universo: hombres y mujeres de 18 años a más. Está dispuesto a donar dinero a una campaña política? Fuentes prohibidas según la Ley de Organizaciones Políticas: Empresas o entidades públicas S 9% No precisa 1% Confesiones religiosas Empresas privadas nacionales o extranjeras Personas jurídicas sin fines de lucro nacionales Personas jurídicas sin fines de lucro extranjeras (salvo sea para capacitación) Personas con sentencia (hasta 10 años después de cumplida) o prisión preventiva por: Delitos contra la administración pública Tráfico de drogas Minera y tala ilegal Lavado de activos Trata de personas Terrorismo Fuentes prohibidas según el Código Penal (*) Empresas o entidades del Estado Personas jurídicas sancionadas penal o administrativamente Aportes anónimos mayores a S/8.400 Personas con sentencia (hasta 10 años después de cumplida) o prisión preventiva por: Delitos contra la administración pública Tráfico de drogas Minera y tala ilegal Lavado de activos Trata de personas Terrorismo (*) Tiene pena de cárcel quien solicita, acepta, entrega o recibe. Si el aporte supera los S/210.000, puede llegar hasta los 8 años. Problema ● Por la poca gente que está dispuesta a aportar a una campaña, y con el financiamiento de las empresas prohibido desde el 2017, especialistas aseguran que las agrupaciones recurrirían de nuevo al ‘pitufeo’. electorales (hoy el dinero público solo puede ser usado para capacitación, investigación y gastos de funcionamiento ordinario). Cruces Paolo Benza.","elcomercio","04/01/2020"
"Ar mejor destino fut-bolstico.","Andy Polo: el exjugador de Universitario lleg a Portland Timbers en el 2018. Ya en su primer ao en la MLS consigui llegar a la final del torneo y jugar contra el Atlanta United FC. Lamentablemente no pudo conseguir el ttulo.  Carlos Ascues: el polifuncional jugador lleg desde Alianza a Orlando City a mediados del 2018. En la ltima temporada acumul 17 presencias y destac.  Yoshimar Yotn: despus de su gran paso por el Malm, Yoshimar fich por el Orlando City en el 2017. All, el ex-Cristal fue figura y considerado uno de los mejores fichajes de la MLS en los ltimos aos. Ello le permiti llegar al Cruz Azul.  Marcos Lpez: el extremo izquierdo fue incorporacin del San Jose Earthquakes en el 2019. Lleg de Cristal al ser vendido el 80% de su passe al club norteamericano. El ao pasado jug 18 partidos como lateral izquierdo.  La liga del pas de las oportunidades le sigue abriendo las puertas a los futbolistas peruanos. Flores podra ser uno ms que saca la visa para un sueo.","elcomercio","04/01/2020"
"Vigentes en Estados Unidos","Raul Ruidaz: Lleg en junio del 2018 como jugador franquicia del Seattle Sounders proveniente del Monarcas. Ya en su segunda temporada fue campen de la MLS. Tiene 28 tantos en 42 partidos.  Alexander Callens: En el 2017 firm por el New York City tras tener un gran paso por el Numancia de Espaa. Pero es en la MLS donde lleg a consolidarse. En el 2019 jug 25 partidos y fue titular.  Yordy Reyna: El Vancouver Whitecaps fich al atacante en enero del 2017 con un contrato por dos aos. Este 2019 tuvo su mejor rendimiento: marc 7 tantos y fue titular indiscutible.","elcomercio","04/01/2020"
"As es el DC United","Campana Regular: En la tabla general de la ltima temporada de la MLS, el DC United ocup la dcima posicin, con 50 puntos.  Equipo Grande: El club de Washington se ha proclamado cuatro veces campen de la MLS. Es el segundo ms ganador de este trofeo, detrs de Los Angeles Galaxy (5).  Entrenador: Su tcnico es el local Ben Olsen, quien como futbolista jug por la seleccin de su pas en el Mundial del 2006.","elcomercio","04/01/2020"
"Cerca... Segn TyC Sports de Argentina, el representante de Paolo Guerrero y los directivos de Boca llegaron a un acuerdo. Solo falta que el club pague el pase del 9.  Magia... Donald Milln encendi ayer la ilusin de los hinchas de la U con su presencia en la pretemporada crema en Campo Mar. El colombiano fue el ltimo en sumarse a los trabajos.  Definido... Cristal y Alianza ya tienen rivales para sus partidos de presentacin. Los celestes recibirn a Independiente del Valle el 19 de este mes y los ntimos lo harn el 22 ante Millonarios.  S y no... En Alianza, confirman la renovacin de contrato de Wilder Cartagena y las salidas de Pedro Gallese y Toms Costa. Adems, Leao Butrn anunci que este ser su ltimo ao en el arco.","nan","elcomercio","04/01/2020"
"El factor celeste","La pelota es lo ms antiguo del ftbol y sigue siendo lo ms importante, proclamaba desde su admirable erudicin deportiva don ngel Tulio Zof. El clebre entrenador rosarino discursaba: el juego carece de nacionalidad, pero hay escuelas influyentes. Tras el arribo de numerosos estrategas y jugadores desde el Ro de los caracoles al Per pareciera que el torneo nacional, este 2020, va a tener ascendencia uruguaya. No es comn que los tcnicos de los dos equipos ms populares del pas sean profesionales que en el pasado trabajaron juntos y ganaron ttulos en la misma escuadra. Es saludable esta suerte de uruguayizacin de nuestro ftbol?  Hagamos memoria: las nicas dos veces que los equipos nacionales disputaron la final de la Copa Libertadores fueron comandados por tcnicos orientales: Roberto Scarone y Sergio Markarin. En ambos planteles, el de Universitario en el 72 y el de Sporting Cristal en el 97, brillaron jugadores charras. El aguerrido Rubn Techera con los cremas y el elstico Viejo Balerio con los rimenses. De todas formas, el mayor xito de nuestros clubes, la Copa Sudamericana del 2003, tuvo el liderazgo del limeo Freddy Ternero. Esa proeza del Cienciano, sin embargo, no oculta la realidad: con timoneles extranjeros o locales a la cabeza, las estadsticas de los representantes peruanos en las copas han sido, salvo honrosas excepciones, decepcionantes. Ese es el enorme desafo que Gregorio Prez y su otra discpulo ms destacado Pablo Bengoechea enfrentarn: tratar de lavar la cara de los nuestros en el mbito continental.  El paso del tiempo no es sinnimo de obsolescencia, el Maestro scar Tabrez va a cumplir 73 aos en marzo, pero ha sabido renovarse sin renunciar a las exitosas races del ftbol oriental. Su seleccin preserva el temple y la pericia del juego areo, pero se ha modernizado en cuanto a las formas de llegar al gol. Uruguay siempre ha tenido virtuosos, pero ahora la pone ms en el piso. A los colosales Luis Su-rez y Edinson Cavani, goleadores en la lnea de Juan Schia(cid:29) no, Fernando Morena o Enzo Francescoli, se les suman, en estos tiempos, volantes con talento y capacidad de desdoblar-se como Federico Valverde, Rodrigo Bentancur, Lucas Torreira y Georgina de Arrascaeta. El proceso se sigue respetando, lo que ha mutado es la elaboracin en la forma de generar peligro.  Gregorio Prez, un lder emptico, amante del juego largo y contemporneo de Tabrez, tiene ante s la posibilidad de demostrar que todava est vigente. El problema es que la institucin que dirige hoy es sinnimo de inestabilidad. De peores tormentas ha sabido salir Prez. Goyo, como le decan de joven, form parte de aquel plantel de Defensor Sporting campeon en el 76 y l, que no tena dinero para ir a las practicas del Violeta, lo haca caminando.  El Evangelio segn Pablo, hacen llamar los bengoechestas a la prdica futbolstica que ha instalado en Alianza ese eximio ejecutor de tiros libres al que todava llaman el Profesor. Sus detractores lo acusan de no respetar el estilo tradicional de los blanquiazules y de ganar a la uruguaya. Pablo se ha defendido blandiendo como espada los ttulos histricos de la celeste y no apelando a sus muy buenos nmeros con los blanquiazules.  Esta Libertadores es su prueba de fuego. Hace mucho que los ntimos no estn a la altura de la Copa.  No es comn que los tcnicos de los equipos ms populares sean profesionales que trabajaron juntos.  El ftbol uruguayo ha evolucionado. A la tradicional fuerza, coraje, estupendo juego areo e inspiracin individual le ha agregado ahora el vrtigo de la modernidad y el juego a ras de piso. La pelota es lo ms antiguo del ftbol y sigue siendo lo ms importante, filosofaba don ngel Tulio. Si Pablo y Gregorio lo entienden as y lo trasladan con sus equipos a la cancha... bienvenido sea el candombe.","elcomercio","04/01/2020"
"El mundialista al que le estamos faltando el respeto","Si bien sus ltimas estadsticas con clubes no lo reflejan, hay cifras de Alberto Rodriguez que lo convierten en uno de los mejores zagueros peruanos.  Pedro Canelo  El exceso hace dao en muchas cosas, menos en el agradecimiento. Para algunos puede sonar exagerado, pero hay canales argentinos donde les dicen prceres a aquellos futbolistas que algun da hicieron historia con las camisetas de sus selecciones o de algn club importante. La pasin en el hinchaje en el Per a veces nos hace viajar sobre la nave del olvido cuando se trata de una gloria deportiva. Alberto Rodriguez es uno de esos mundialistas del 2018 a quien le estamos faltando el respeto en los ltimos meses. Y desde distintos frentes.  Haber alcanzado un xito con la Blanquirroja no hace inmune a los futbolistas de una critica. Sin embargo, las burlas o palos a Rodriguez por su cadena de lesiones ya sobrepasan los lmites de la crueldad y dan cuenta de una falta de empatia.  Antes de citar las estadsticas que tiene el Mudo con la seleccion, expliquemos lo que mas se ha debatido en las ltimas horas con su llegada a Alianza Lima.  Si hacemos un rpido balance de sus ltimos cinco aos con clubes, es cierto que el promedio puede alcanzar el 50% de participaciones. Cifra baja, pero a la cual se han expuesto todas las dirigencias que han decidido contar con sus servicios.  Rodrguez ha sido tendencia en redes sociales no solo por su aterrizaje en La Victoria, sino porque algunos hinchas de la U le dicen desleal y porque algunos fanicos de Alianza desconfan de su rendimiento fsico.  -Fue desleal?-   Para empezar, el defensor sabe que est en la ltima etapa de su carrera y en esa danza de ofertas ha tratado de elegir lo ms conveniente para su entorno.  La primera vez que Alberto fue criticado por su fidelidad deportiva fue cuando prefiri hace tres aos una oferta econmica de la U sobre una de Cristal (el club que lo form y que ya no tiene el imponente presupuesto de aos tras).  Es falso que Will se haya sentado en el 2019 a cobrar sin hacer el esfuerzo por jugar ftbol. En las ltimas semanas del ao pasado, Rodrguez estuvo en condiciones de jugar. Sin embargo, fue decisin de ngel Comizzo prescindir de l.  El contrato de Alberto con la U venci el ltimo 31 de diciembre y, antes de su confirma-cin en Alianza, hubo varios das de conversaciones con la gerencia deportiva crema. Al zaguero no le convenci la oferta y se sent a conversar con Gustavo Zevallos de Alianza Lima.  Rodrguez nunca firm un precontrato con la U ni tuvo un acuerdo de palabra (como ocurri en su momento con Gustavo de Luca y Johnnier Montao). No es el primer futbolista que, luego del apoyo de un club, decide buscar otro destino futbolstico. Con ese criterio, Ronaldo (que estuvo dos aos lesionado) se hubiera quedado de por vida en el Inter de Miln y no lo habramos visto en la etapa de los galcticos.  -Tendr continuidad?-   No hay nadie que, con una dosis de seriedad, pueda pronosticar si Rodrguez se lesionar. Ni siquiera un mdico deportivo podra hacerlo. Lo concreto es que Alberto est recuperado hace casi dos meses y que, antes de firmar su contrato, pas por exigentes pruebas mdicas.  Adems, los ltimos tcnicos de seleccion que han tenido a Rodrguez en sus planteles coinciden en un detalle: que el Mudo es un futbolista peculiar. De esos a los cuales no puedes exigirle al mximo en un entrenamiento, pero que cuando entra a la cancha hace la diferencia casi siempre. Y en Alianza Lima hay dos exmiembros de un comando tcnico de seleccion que tuvieron a Rodr-guez como titular: Pablo Bengoechea y scar Aguirregaray (ambos estuvieron con Sergio Markarin en el proceso para Brasil 2014).  Le estn diciendo desleal, mercenario, interesado, etc. Ya es excesivo todo eso. Hay un maltrato innecesario para un futbolista que, al margen de sus inconvenientes fsicos, pudo aprovechar su talento y construir una carrera en el extranjero que pocos defensores peruanos tienen. De los ltimos 40 aos de la Blanquirroja, Rodrguez podra ubicarse en un once ideal sin problemas.  El Mudo tiene toda la campaa 2020 para dejarnos sin palabras.","elcomercio","04/01/2020"
"Carlos Lobatn seguir en Cristal, pero en un cargo administrativo.","Despus de 15 temporadas seguidas en Sporting Cristal, Carlos Lobatn decidi colgar los botines, pero no abandonar el club rimense: seguir ligado como un verdadero emblema, lo merece. A los 39 aos cumplir funciones administrativas.  Habl con muchos equipos las ltimas semanas y tom la decisin de quedarme en mi casa el ltimo da del ao. Desde que entr en la maana y me encontr con muchas personas, me di cuenta de que esta sigue siendo mi casa, explic el volante.  Luego de conquistar cinco ttulos con el club en donde se form -tambiño jug por Boys, Estudiantes, Huaral, U y Cienciano- Lobatn tendr que acostumbrarse a su nueva vida de exfutbolista.  El club confirm que el partido de despedida de Loba ser a mitad de ao.  SU ETAPA CELESTE Aos que obtuvo ttulos nacionales  AO 2005 2006 2007 2008 2009 2010 2011 2012 2013 2014 2015 2016 2017 2018  PJ 18 38 39 47 44 34 25 33 38 47 35 33 31 34  GA 2 5 5 13 8 3 2 5 9 19 16 9 2 3  2019 TOTAL 35 531 4 105","elcomercio","04/01/2020"
"Ledesma es la primera mujer en asumir la presidencia del TC","Ledesma es la primera mujer en asumir la presidencia del TC. Es la única magistrada de los siete miembros del ente.  Que se  calicfe que de  emblemticos  los casos en  función de la  materia del  debate.  MARIANELLA LEDESMA Presidenta del TC  Además, propuso revisar  la defnicin de los llamados  casos emblemticos. Esto, explic, debido a que actualmen- te se viene haciendo  una excepcin en este tipo  de procesos, en función de  la notoriedad de la persona  involucrada.  El TC no contempla en su  ley orgnica o normativa dicha  acepcin. Es el pleno del  mximo rgano en materia  constitucional el encargado  de señalar, conforme van llegan- do los expedientes, culs sern  casos emblemticos y culs son  de orden comn.  Considero que ese en- foque debe ser revisado, de  modo que se califiquede em- blemticos a los casos en función  de la materia en debate, de la  trascendencia constitucional de  esta y no de la persoña involucra- da, indic.  En la ceremonia tambin  juraron los magistrados Augusto  Ferrero Costa, como vicepre- sidente del TC, y Ernesto Blume  Fortini, como director del Cen- tro de Estudios Constitucionales.  Blume dijo que apoya las  acciones anunciadas por la  nueva titular del TC.  Ledesma desempear  el cargo en el periodo 2020- 2021, o hasta que el Congreso  eleccione a los reemplazos de  los magistrados –entre ellos ella– con mandato vencido (en total  es seis).  —Opinin—  scar Urviola, expresidente  del TC, resalt los anuncios  de Ledesma, sobre todo respecto  a los casos emblemticos. Indic  que ahora se han  propuesto parmetros, sobre  todo por la trascendencia que  puedan tener los fallos.  Dijo que esto podra signifi- car que los casos en los que  estn implicados polticos o per- sonajes conocidos, pero cuya  materia o derecho no sea rele- vante, no [se] lo considere un ca- so prioritario.  Sobre la propuesta para  transparentar los debates del  pleno del TC, Urviola dijo que  esto debe tener una  delimitacin. Explic que es  una buena idea, pero que los ca- sos deben estar limitados a pro- escos orgnicos como los compe- tenciales y de inconstitucionali- dad. Esto porque son procesos  donde no se debaten casos de  carocter con derechos privados, dijo.","elcomercio","04/01/2020"
"Ponencia por demanda competencial se entregará este lunes 6","El magistrado del Tribunal Constitucional (TC) Carlos Ramos Nez entregará este lunes 6 su ponencia sobre la resolución de la demanda competencial que el titular de la Comisión Permanente, Pedro Olaechea, present contra la disolución del Congreso.  As lo anunció la nueva presidenta del TC, Mariana Ledesma, quien dijo esperar que la resolución de este caso se emita antes de las elecciones al Congreso, que se realizarán el 26 de enero.  Fuentes del TC informaron a El Comercio que el magistrado Ramos propondrá una resolución pensando hacia futuro.  El 30 de septiembre del 2019, el presidente Martín Vizcarra decidió disolver el Congreso tras sostener que se le había negado por segunda vez una cuestión de confianza.  El mandatario alegó que el Parlamento le negó fcticamente la confianza al rechazar su propuesta para que debata el proyecto de ley que el Ejecutivo había presentado con el objetivo de reformar la elección de los integrantes del Tribunal Constitucional.  Además de su decisión de disolver el Legislativo, el mandatario convocó a nuevas elecciones congresales.  Precisamente, las fuentes del TC informaron a este Diario que la propuesta de Ramos permitirá que continúen las elecciones previstas para fines de este mes. Además, el proyecto analizará a profundidad el esclarecimiento sobre la facultad que el Ejecutivo tiene o no tiene para postular la denegación fática.  Ramos, como se recuerda, también fue el ponente de la decisión del TC que rechazó, por mayoría, la medida cautelar que Olaechea present para suspender los efectos del decreto supremo –firmado por el presidente Vizcarra– que disolvía el Parlamento.  El pleno del TC iniciará el debate del documento el jueves 9 de este mes.  HUGO CUROTTO  Ramos propondrá un fallo pensando hacia el futuro.","elcomercio","04/01/2020"
"Los perfiles de los candidatos al Congreso","Más del 70% de los postulantes tienen estudios superiores y de posgrado. Solo una de diez candidatas cuenta con experiencia en cargos de elección popular.  ALICIA ROJAS  El perfil de los candidatos que participan en los comicios del 26 de enero tiene características que se han mantenido desde el proceso electoral del 2016, concluye el Jurado Nacional de Elecciones (JNE) en su último reporte. El organismo se basó en tres factores para este resultado: la formación académica de los postulantes, su trayectoria política y el número de sentencias declaradas.  El ente electoral identificó, por ejemplo, que el 74,5% de candidatos al Parlamento cursó estudios superiores o de posgrado, el 23,2% cuenta con secundaria completa y el 1,7% tiene solo educación primaria. Quince candidatos no registraron ningún grado académico.  Respecto al detalle del grado de instrucción que tienen los candidatos por partido, las 21 organizaciones políticas cuentan en sus filas con 28% a más de postulantes con educación superior. El Partido Morado y el Partido Popular Cristiano (PPC) son los dos grupos políticos con el mayor porcentaje de candidaturas con posgrados: 50% y 48,7%, respectivamente. Mientras que el Frente Popular Agrícola FIA del Per (Frepap) y Renacimiento Unido Nacional son los partidos con menor porcentaje de candidatos con posgrado: 6,3% y 14,1%.  En cuanto a candidaturas con sentencias civiles y penales, el JNE identificó que 229 postulantes declararon que tienen sentencias civiles (8%) y 186 (6,5%) sentencias penales. En el caso de las primeras, el 61% son de cargos familiares o deuda de alimentos; y de las penales el 15,6% están relacionadas a delitos de corrupción (peculado, cohecho y colusión) [ver en la infografía el detalle del número de sentencias por partido].  Al margen del número de sentencias declaradas, la preocupación real recae en cuántos de estos procesos por delitos se han dado en primera instancia. Milagros Campos, docente de Derecho Constitucional en la Pontificia Universidad Católica del Per (PUCP), considera que, en esos casos, hay una contingencia importante para el próximo Congreso si estos candidatos resultan elegidos.  Comenzará nuevamente el tema de si el proceso sigue, si hay que levantar la inmunidad o interpretaciones que nos han llevado a situaciones que han comprometido la propia imagen del Congreso y la credibilidad en la política. Esa es la contingencia más complicada, dijo a El Comercio.  De acuerdo con su análisis, la responsabilidad de tener mejor oferta política no recae en los partidos políticos, sino también en los electores informados. La mejor oferta de candidatos depende del partido y en ello incide también la calidad de la representación política. En un segundo nivel, depende de electores bien informados, que sepan si el candidato por el que quieren votar tiene contingencias penales o una conducta que dista de ser la adecuada, coment.  Finalmente, explicó que una de las prioridades del próximo Congreso debería ser aprobar, en segunda votación, la ley de reforma constitucional que prohíbe que sentenciados en primera instancia puedan postular.  Si esto se aprueba, funcionará para el 2021. Adicionalmente, hay que dar el espacio para que se hagan las normas legales. Estas deberían ser prioridades para el próximo Congreso, agreg.","elcomercio","04/01/2020"
