"headline","content","newspaper","date"
"La diplomacia es la oportunidad de vivir muchas vidas en una sola","La diplomacia es la oportunidad de vivir muchas vidas en una sola Gwyneth Kutz, embajadora de Canadá en Perú y Bolivia, cree firmemente en la igualdad de oportunidades para varones y mujeres. Además, revela que decidió su destino en el cargo que hoy ocupa al observar un póster en la universidad. smanv GARAY sou$nzmu 5lurevgaravdwanogesuon (om pe Gwyneth Kutz, embajadora de Canadá en el Perú, define su labor diplomática o una cuestión de comprensión, la cual le ha permitido aprehender los días del país en que vive y la manera en que sus pobladores los están enfrentando. Pero no solo le ha dado conocer las culturas ajenas, esta dinámica también le ha supuesto entender a su propia sociedad mediante la comparación con otras. ¿Cuál es la situación actual de las mujeres en la diplomacia? Ahora hay mucho apoyo a la idea de una diplomacia donde las mujeres tengan tanta representación y presencia como los varones. Cuando empecé en el servicio, no había estadísticas. Decidimos conocer las barreras para acceder a la carrera diplomática y corregirlas. ¿Qué logró desde entonces? El incremento de oportunidades lo ha hecho más fácil para las familias en las que la mujer es mítica. En Canadá, particularmente, hemos implementado hace poco una política feminista de cooperación internacional. ¿Se considera feminista? Por supuesto. Creo firmemente en la igualdad de los derechos de hombres y mujeres. En la embajada valoramos mucho la diversidad de la sociedad peruana y consideramos a las personas iguales en dignidad y derechos, más allá de su género. ¿Cómo decidi lanzarse en la vida diplomática? Vi un póster en la universidad. En él se animaba a bajar en el servicio diplomático, vivir en otros países y conocer sus culturas. Yo estudiaba Humanidades en ese momento y el examen era abierto a cualquier canadiense con un grado de universidad. Siempre deseó convertirse en embajadora? Hasta la universidad no pensé en la diplomacia como carrera. Luego de ver el póster me di cuenta de que era una oportunidad de estar no solo como turista en un país, sino conocer su gente, su historia, y poder vivir muchas vidas en una. Cada capítulo en mi vida, en un país distinto, es un nuevo comienzo. Como representante de un país, le resulta difícil separar la vida laboral de la personal? Es difícil, porque los diplomáticos tienen un tiempo limitado en un país y tratan de aprender lo máximo posible. Es un trabajo de 24 horas. Pero, si uno lo ve como parte de un todo, la vida privada y el aspecto laboral son dos caras de la misma moneda y se enriquecen mutuamente, especialmente siendo embajador. ¿Cuáles son sus pasatiempos? Me encanta practicar cabalgata en Malaga, y cuando vienen a visitarme mis hermanas vamos a cabalgar al Valle Sagrado. También me gusta observar a los caballos de paso, son una maravilla. ¿Cómo nació esa afición? Mis padres pensaron que tener caballos sería una buena manera de ocuparnos durante los fines de semana y los veranos. Una de mis hermanas aprendió a jugar polo cuando yo estaba en Argentina, pero yo no tengo tanto talento, mi carrera de polo terminó en segunda elección cuando me caí y me rompí el brazo. ¿Qué extraña más de Canadá? Mi familia y el paisaje. También el sentido del espacio de Canadá, donde hay poca población y las distancias entre ciudades son grandes. Estamos acostumbrados a eso. Por ejemplo, nos encontramos muy incómodos en los ascensores y no nos gusta conversar cuando estamos dentro de uno (risas). En Lima parece haber cada vez menos espacio... Sí, el tráfico es parte de eso. Todos los días veo esta especie de ejercicio de física mágica, donde hay cuatro conductores tratando de ocupar el mismo lugar al mismo tiempo, lo cual es imposible, pero aún así lo intentan.","gestion","04/09/2017"
"Expansión de la marca en diversos sectores","La marca creada hace dos años y medio se encuentra en Real Plaza (Salaverry, Centro Civico y Huancayo), y ha ingresado al Hotel BTH. También está en tiendas multimarca como Abstrakta (San Isidro) y Botnca (Centro Comercial El Polo).","gestion","04/09/2017"
"LAS CLAVES","Industria. Podrá exponer este año 12.7% más que en el 2016 (US$ 92.7 millones). Plazas. EE.UU. representa casi 80% de ventas de la industria. Le sigue Bolivia, Ecuador, Chile y Colombia. Demanda. Crecerá por Día de Acción de Gracias en EE.UU. y campaña navideña.","gestion","04/09/2017"
"Entrevista Sebastián Landi, gerente general en Perú de The Clorox Company","Evaluamos entrar a nuevas categorías en crecimiento que aporten rentabilidad. Empresa abrir en noviembre un centro de distribución en su planta del Callao. El mercado de leja aumenta más por mix de precios que por volumen. Mirtha Mosso LOPEZ mlngosoduamgeslxon com pe. The Clorox Company busca consolidar su crecimiento en el país, por su potencial de demanda, teniendo en cuenta de que las categorías en las que participa principalmente (lejas, limpiadores, y aditivos para ropa) cuentan con los consumos per cápita más bajos de la región. Sobre su estrategia, nos habla su gerente general en el país, Sebastián Landi. Qué impulsa el mercado peruano para The Clorox Company? A nivel de Sudamérica el país genera entre el 10% y 15% de la facturación de la compañía, ocupando el tercer lugar. Perú es uno de los países que más contribuye con el negocio, ya que en rentabilidad está por más del promedio de la región, en 20%. El país nos ofrece la oportunidad no solo de seguir consolidando nuestro liderazgo en las tres principales categorías que participamos (lejas, limpiadores y aditivos de ropa), sino de nosotros en el impulsador del desarrollo de estas, ya que su consumo per cápita es uno de los más bajo en la región. Qué expectativa de crecimiento les plantean para el próximo año? Al cierre del 2016 crecimos 5% por encima del PBI del país. Este año esperamos crecer entre un 2% y 3%, alineados con el crecimiento de la economía; y es que nos afectó lo sucedido en el norte del país a inicios del año (impacto de El Niño costero), ya que el 30% de nuestro negocio está en esa zona; así mismo, la contracción del consumo en general. Lo positivo es que en nuestras tres principales categorías continuamos liderando. Tienen mayores expectativas para el próximo año? Sí, esperamos crecer 5%, por un mejor comportamiento de la economía del país, la reactivación de proyectos, entre otros factores, que influirán en el despegue del consumo. Cómo lograrán su objetivo de crecimiento en el 2018? Nuestra estrategia tiene como pilares la innovación; así en el mes de marzo apostamos por entrar a una nueva categoría, la de aditivos para ropa en polvo, solo estábamos en líquidos. Nos está yendo bien en su lanzamiento, ya que nuestras expectativas se han visto triplicadas. Este lanzamiento nos ayudará al cierre del 2018 sumar uno o dos puntos a nuestra participación en el mercado de aditivos en general, que hoy es de 36%. Y en limpiadores, lanzamos en junio la nueva fragancia de Poett, Lovevolution, que contribuiría a llegar a tener el 65% o 66% de esta categoría. Hoy tenemos 64%. Además en leja, en el que tenemos un 64% de participación, también tendremos innovaciones. Nuevas Categorías La compañía apostará por Ingresar a nuevas categorías de productos? Si, estamos evaluando en qué categorías deberíamos participar, pero siempre deben estar asociadas con nuestro negocio. Asimismo, tienen que cumplir con todos los aspectos: ser categorías que están en crecimiento, que aporten rentabilidad a la compañía, y que sean intermedias, no masivas, donde nosotros tengamos el derecho a competir y ganar. Por el momento creemos que tenemos oportunidad para seguir robusteciendo las categorías en las que participamos actualmente. Podrían adquirir una empresa para entrar a una nueva categoría de producto? Podríamos, hoy no hay nada planificado, pero sí eventualmente eso pasa, o surge la oportunidad, va a tener que pasar por diferentes tamices (...). En 1996 cuando entramos al país, la compañía lo hizo con la compra de la marca Emperatriz, luego se fueron lanzando los demás productos. Las nuevas categorías de productos se lanzarán con otras marcas? La marca dependerá de la categoría a la que se entre, y de cada segmento. Se pueden usar las mismas marcas que ya están posicionadas en el mercado. ¿Cuándo piensan cerrar en franco estratégico? La compañía tiene muchas expectativas en el país y busca acelerar su crecimiento, por eso apuesta por abrir el próximo mes de noviembre un centro de distribución en nuestra planta en el Callao, que será uno de los más grandes en Latinoamérica. Esto nos permitirá incrementar la capacidad de almacenamiento en un 50%, y ser más eficientes en distribuir, gestionar, despachar mercadería. La inversión ascenderá alrededor de USD $9 millones.","gestion","04/09/2017"
"UNIVERSIDADES CON CALIDAD GARANTIZADA","Elevando la calidad del sistema de educación superior peruano al más alto nivel internacional. WASC es una de las más prestigiosas agencias acreditadoras a nivel global y respalda la calidad educativa y los altos índices de empleabilidad de las universidades top del mundo, entre ellas una peruana. De acuerdo a la más reciente evaluación de la prestigiosa consultora Quacquarelli Symonds (QS), realizadas sobre 20,000 centros de estudios superiores alrededor del mundo, la universidad con mayor índice de empleabilidad del planeta es Stanford University. QS es una firma independiente con sede en Londres que toma en cuenta, entre otros factores, el prestigio que otorgan las acreditaciones internacionales a estas instituciones, algo que Stanford tiene desde el año 1949, cuando recibió la acreditación de WASC Senior College and University Commission (WSCUC). En el ámbito internacional, el liderazgo del sistema de acreditación regional de los Estados Unidos es categórico. Según el Academic Ranking of World Universities 2017 de la Universidad de Shanghái Jiao Tong, de las 550 mejores universidades del mundo, 29 son de los Estados Unidos, y todas ellas comparten una acreditación regional que garantiza la alta calidad del sistema de educación superior norteamericano y también el posicionamiento de sus graduados en el mercado laboral. La UPC es la única peruana acreditada por WASC. Para determinar la calidad de una universidad, WASC toma en cuenta estos factores: La coherencia de su misión. La exigencia del modelo educativo... Altas tasas de empleabilidad. La cultura de autoevaluación y mejora continua. Reconocimiento de sus graduados en el mercado. WASC es una de las agencias acreditadoras regionales más prestigiosas, reconocida oficialmente por el Departamento de Educación de los Estados Unidos, ya que garantiza la calidad de 7 de estas 529 universidades norteamericanas que se ubican entre las mejores 50 a nivel mundial. De ellas, además de Stanford, destacan UC Berkeley y el California Institute of Technology (CALTECH), ubicados entre los 10 mejores del mundo. Además, UC Berkeley y CALTECH también se encuentran en el TOP5 de la evaluación de empleabilidad de Quacquarelli Symonds. Formación lo más con prestigio global En el Perú, la Universidad Peruana de Ciencias Aplicadas (UPC) emprendió en el 2011 el objetivo de acreditarse institucionalmente con WASC, y de esta forma ponerse al nivel de las mejores instituciones educativas del mundo, tanto a nivel académico como de inserción laboral de sus egresados. Tras evaluar en 23 criterios, WASC le otorgó en el 2016 a la UPC la acreditación. De esta forma, la UPC se convirtió en la única universidad peruana con una acreditación institucional otorgada por una agencia acreditadora oficialmente reconocida. Esta acreditación institucional representa una valiosa contribución para elevar la calidad académica del sistema de educación superior peruano. Mejores perspectivas laborales Uno de los criterios más importantes a tener en cuenta para alguien que decide seguir estudios universitarios, es acceder a múltiples oportunidades laborales al momento de egresar. De hecho, según el portal Ponte en Carrera, la elección de un buen centro de formación superior puede llegar a incrementar en un 17,3% el sueldo mensual de una persona. Pero fuera de las perspectivas que se tengan, lo cierto es que hay una real relación entre el crecimiento profesional y el lugar donde se estudió, en especial si este último ha recibido alguna acreditación. Es así, que los egresados de la UPC son valorados por las organizaciones del país, destacando a nivel nacional con los mejores sueldos del mercado en 12 carreras, según dicho portal. Entre ellas, las carreras de Administración y Marketing, Administración y Negocios Internacionales, Ingeniería Civil, Ingeniería de Software, entre otras.","gestion","04/09/2017"
"Sector Automotor","Volkswagen prevé que un tercio de sus ventas en 2018 serán SUV. Marca alemana ingresar un nuevo segmento de SUV de tres filas de asientos. As, reforzar su oferta para familias jóvenes y ejecutivos. Alistan lanzamiento de sedán económico el 2018. DIETER CRUZADO MENDOZA dxeter (mzadodxanogeshon com pe. La alemana Volkswagen lanzará globalmente 19 modelos de camionetas SUV hasta el 2020, de los cuales dos entrarán a Perú en el 2018, para crecer dentro de la categoría, señaló Javier Barreda, gerente general de Euromotors, que representa a la marca en el país. Detalló que los vehículos SUV significan alrededor de 20% de las ventas de la marca, y durante el próximo año podrían llegar a 30% o 35%. Sin considerar Argentina y Brasil, donde se fabrican vehículos para la marca, Perú ocupa el tercer puesto en tasas de automóviles para viajes largos dentro de Sudamérica. Nos superan Colombia y Chile, dijo el ejecutivo. Estrategia Barreda mencionó que Volkswagen basará su estrategia en la renovación de su folio, buscando tener productos a precios competitivos para impulsar el posicionamiento de su marca. Con el lanzamiento de la SUV Tiguan Allspace, realizado en Chile, el ejecutivo señaló que la marca ingresar a un nuevo nicho de SUV de tres filas de asientos. Apuesta por los vehículos eléctricos. Planes. Latinoamérica es uno de los mercados de mayor crecimiento para la marca alemana. Por eso su foco estará ahora dirigido a la comercialización desde el 2020 de autos eléctricos, dijeron Stackmann, miembro de la Junta Directiva de Volkswagen Pasajeros y responsable de Ventas, Marketing e Imagen de la marca.","gestion","04/09/2017"
"Cumvs ANDRADE Nueva denuncia contra fujimorista USI","Despus de que se revelara que el esposode Gladys; Andrade, Juan Alberto  Alvarez, alcalde del distrito de Chancay, ofrece sus inluencias para vender  frenos.  Según el medio, titulado Panorama, presentó denuncia. Esta vez sobre los trabajos  de Andrade. En el 2015, declaró ser ama de casa, pero al año siguiente, en su hoja de vida para candidata al Congreso, dijo que trabajó en varias empresas, incluso en el 2015. Según el medio, laboró en una proveedora del municipio desu esposo. Además, revelaron en otros lugares, donde supuestamente trabajó, no la conocen.","gestion","04/09/2017"
"Congreso Expectativa en la Comisión de Ética","La agenda de la Comisión de Ética está bastante recargada. El grupo de trabajo tiene previsto evaluar los informes de los congresistas Alberto de Belaunde, Dalmiro  Palomino, Richard Arce y Edwin Donayre. Además, ver si admiten las denuncias contra las  legisladoras BettyAnanculi y Marita Herrera.","gestion","04/09/2017"
"ALGUIEN QUED DE PIE? Vargas Llosa dispara a todos","El fujimorismo se está  degradando tanto que le puede surgir un competidor  populista de derecha aún peor, escribi en su columna en La  Tercera. Pero el escritor llevó sus  criticas más allá: el  antifujimorismo se degrada tanto por no traducirse sus reiteradas  victorias electorales en gobernanzas entusiastas, que le puede surgir un  competidor populista por la izquierda.","gestion","04/09/2017"
"Comisión de Defensa Bonificación a Policía y FF.AA.","La Comisión de  batalló hoy proyecto del  Poder Ejecutivo sobre  bonificación extraordinaria a miembros de las Fuerzas Armadas y de la Policía.  Fernando Zavala se presentó semanas atrás en el grupo e indicó que se planea  incrementar de manera  significativa las pensiones, hasta  llegar a los $8,274.7 millones anuales en el 2020.","gestion","04/09/2017"
"Clima Laboral La información de correo electrónico ayuda a que las firmas entiendan cómo trabajan los empleados","Analizando los metadatos de los calendarios y correos, podemos identificar qué partes de una organización están bajo presión y desarrollar estrategias de retención.  Utilizando ciencia de datos para predecir cómo cambian las personas en las empresas podría sonar futurista. La gestión de cambios sigue siendo una de las pocas áreas que en su mayoría siguen intactas a pesar de la revolución impulsada por los datos. Sin embargo, algunas firmas ya se están beneficiando del potencial que ofrecen estas técnicas.  Analizando los metadatos de calendarios y correos electrónicos, por ejemplo, podemos identificar quién interactúa con quién, qué partes de una organización están bajo presión y quiénes son los individuos más activos en cuanto a superar los límites de la empresa. Esa información puede ayudar a predecir la probabilidad de retener talento clave después de una adquisición y desarrollar estrategias para maximizar la retención.  Respeto a la privacidad  Lógicamente, puede haber preocupaciones sobre la privacidad respecto al análisis del calendario o los correos de un empleado, incluso en un contexto laboral. Sin embargo, podemos obtener perspectivas poderosas utilizando metadatos anonimizados, en los que se eliminan los nombres y contenido específico. Esto nos proporciona datos concretos acerca de dónde fallan los procesos en la organización. Podemos detectar con precisión dónde ocurren las fallas tan pronto como surgen y también podemos determinar con exactitud qué cambio de comportamiento se quiere para hacer funcionar un nuevo proceso, y luego monitorear las mejoras en tiempo real.  Donantes formales  Actualmente, la mayoría de los gerentes hacen su mejor esfuerzo para motivar a los empleados y comprometerlos con la empresa. No obstante, a menudo debemos esperar donantes malos antes de poder reaccionar, como pueden ser una encuesta de empleados o un encuentro cara a cara con un gerente.  Analizar la actividad en las interacciones por correo electrónico podría permitirnos intervenir mucho más rápido y averiguar qué estamos haciendo en efecto funciona. Este tipo de análisis en tiempo real de las opiniones de los empleados podría transformar la calidad de la visión y los conocimientos de los que disponen los gerentes.","gestion","04/09/2017"
"Hacer bien lo básico: la fórmula secreta de la gestión de Google","Google nos ha revelado... algunos secretos de procesos de gestión sin costo alguno. Puede que eso no resulte sorprendente; después de todo, Google ha creado muchas herramientas gratuitas para que todo el mundo las utilice, desde un motor de búsqueda hasta un sistema de correo electrónico. Es posible que las herramientas de gestión no parezcan tan distintas. Pero, de hecho, hay algo sorprendente en los detalles de las revelaciones de Google. Resulta que muchas de sus herramientas de gestión se enfocan en cosas bastante básicas, como la manera en que se llevan a cabo las reuniones, tener conversaciones y establecer metas.  Gana uno, ganan todos  ¿Por qué publicaría Google sus procesos de gestión? Veo tres motivos. Primero, la empresa no tiene nada que perder haciéndolo. Eso se debe a que, por poco sorprendentes y básicas que puedan parecer algunas de estas prácticas, son difíciles de hacer correctamente de manera constante.  Hay obstáculos difíciles de superar y hacen que sea complicada la implementación hasta de los fundamentos más básicos de gestión. Por eso no puedes simplemente copiar las prácticas de gestión de otra empresa -incluyendo las de Google- y sentarte a esperar el éxito.  La segunda razón: cuando las implementan, incluso, las prácticas sencillas de gestión pueden tener grandes beneficios. Las firmas que logran hacerlo ven un mayor impacto en el desempeño organizacional. Cualquier empresa que adopte con éxito las herramientas de gestión de Google es probable que perciba grandes ganancias.  Finalmente, publicar sus herramientas de gestión podría contribuir al crecimiento macroeconómico. Cuando las firmas crecen, la economía crece. Toda esa innovación es buena para la economía en general.","gestion","04/09/2017"
"Entrevista No me gusta la óptica de tu plan","La diplomacia es la oportunidad de vivir muchas vidas en una sola, dice Gwyneth Kutz, embajadora de Canadá en Perú y Bolivia, quien cree firmemente en la igualdad de oportunidades para varones y mujeres. Adicionalmente, revela que decidi su destino en el cargo que hoy ocupa al observar un póster en la universidad.  Kutz define su labor diplomática como una cuestión de comprensión, la cual le ha permitido aprehender los años del país en que reside y la forma en que sus pobladores los están enfrentando. Pero no solo le ha dado conocer las culturas ajenas, esta dinámica también le ha supuesto entender a su propia sociedad mediante la comparación con otras.  ¿Cuál es la situación actual de las mujeres en la diplomacia? Ahora hay mucho apoyo a la idea de una diplomacia donde las mujeres tengan tanta representación y presencia como los varones. Cuando empecé en el servicio, no había estadísticas. Decidimos conocer las barreras para acceder a la carrera diplomática y corregirlas.  ¿Qué se logró desde entonces? El incremento de oportunidades lo ha hecho más fácil para las familias en las que la mujer es matriarca. En Canadá, particularmente, hemos implementado hace poco una política feminista de cooperación internacional.","gestion","04/09/2017"
"Editorial Sin límite y sin pescado","Aunque ya pasó, El Niño costero sigue causando problemas. La escasez de limón, que lleva dos meses encareciéndose, tuvo fuerte influencia en la inflación de agosto, que cerró en 0.67% en Lima y 0.62% en las 26 principales ciudades (incluida la capital), con lo que la inflación anualizada se ubicó en 3.17% y 3.37%, respectivamente. Se trata de porcentajes atípicos, como lo han venido siendo desde marzo, debido a las alteraciones que el fenómeno climático generó en la economía.  La inflación de agosto también se vio afectada por el incremento de las tarifas de agua potable para usuarios domésticos y, en menor medida, las de electricidad residencial. También subieron los precios del gas natural para vivienda y del gas propano doméstico, con lo que el rubro que agrupa a estos servicios y productos aumentó 2% a nivel nacional.  En esta zona superó 8% al lado del rubro alimentos y bebidas no alcohólicas. La pesca cortó en choclos (1.33%) en julio su racha de mayor ponderancia y precio durante cinco meses del mes pasado. Entre tanto, los resultados positivos continuaron en materiales de construcción. No ocurrió lo mismo con los precios de maquinaria y equipo (también en Lima), que es un indicador del desempeño de la inversión privada.  Julio también presentó su avance coyuntural. La pesca cortó su racha de doce meses de resultados positivos (cayó 49.4%). Esto se debe a la regulación de la extracción de anchoveta, pues en dicho mes se cubrió la cuota fijada para la primera temporada (o sea, estaba prohibido pescar más). Esta contracción podría incidir negativamente en la producción de harina y aceite de pescado, que integra el subsector primario de la manufactura. La extracción para consumo humano directo también se redujo.  Lo que parece cambiar es la tendencia de la inversión pública, que en agosto creció 16%. Desde febrero, ha estado disminuyendo. En cambio, el consumo de cemento marcó su segundo mes de recuperación, aunque en un menor crecimiento. Lo que llama la atención es que el sector eléctrico se haya desacelerado en julio.  El MEF proyecta que el PBI de julio creció 2.1% (bastante menos que en mayo y junio). En tanto, el Minsterio de Agricultura espera que el limón comience a abaratarse a partir del último trimestre, mientras que el de Producción estima que la próxima temporada de pesca arranque en diciembre. En tanto, la confianza en la economía sigue alta, como lo demuestra el índice de Confianza que publicamos hoy en esta edición.","gestion","04/09/2017"
"Opinión JULIO LIRA SEGURA Director de Gestión","La huelga de los maestros radicales fue suspendida el sábado, pero la situación del sector continúa difícil, ya que su principal producto: el nivel de enseñanza, está lejos de tener la calidad que los educandos requieren.  Empezó en junio en el Cusco, para luego extenderse paulatinamente en el resto del país. Durante casi tres meses, el debate dominó parte de la agenda nacional y el país sufrió una serie de pronunciamientos, crisis y evaluaciones sobre la marcha de la educación. Más allá de las diferencias en los análisis, el denominador común era: hay que destinar 6% del PBI a la educación pública, aunque los huelguistas, sin ofrecer ninguna sustentación, demandaban 10% del PBI.  ¿Cómo llegamos al 6% que se fijó en julio del 2002 en el Acuerdo Nacional del 6%?, el número mágico para la educación. Durante el gobierno de Alejandro Toledo ¿Quién sabe cómo se llegó al número mágico? Poco se sabe, pero ha pasado a ser un número incuestionable, como si bastara asignar ese presupuesto para salir del hoyo en que se encuentra la enseñanza.  Es momento de debatir y definir nuevos parámetros de política económica, que no necesariamente deben sujetarse al PBI ni tan solo como un porcentaje asignado del presupuesto. Es tarea que debe exigir un sustento solvente. Después de todo, el sector educativo ni siquiera puede gastar el 100% de su presupuesto de inversiones cada año...  Hasta ahora, la discusión de la reforma educativa iniciada en el 2007 se ha abocado principalmente en las remuneraciones, que nadie duda que son bajas y es necesario que se incrementen. Pero no de la manera como aún se realiza.  Por último, en las dos últimas semanas el país fue testigo de la resistencia de los huelguistas a una evaluación, pero también de las deficiencias que tiene el sistema que lleva a cabo el Ministerio de Educación, que siendo necesario e inevitable, debe mejorarse. Es momento para que el diseño de evaluación a los docentes se modifique, pero sin que signifique su eliminación. Los partidos políticos tienen la oportunidad de mostrar a sus candidatos para esa área, salvo que no los tengan.","gestion","04/09/2017"
"Opinión Enrique Peñaranda Becerra Presidente de CAPEM","Los ciudadanos de Lima y de otros grandes centros poblados peruanos sufrimos cotidianamente las carencias e ineficiencias generadas por un movimiento urbano desordenado, producto de décadas de ocupación ilegal y de la ausencia de planificación territorial.  Como consecuencia de ello, la calidad de vida en nuestras urbes se encuentra gravemente afectada por una serie de problemas y limitaciones, entre otras, la existencia de transporte público ineficiente; el déficit del servicio de agua, desagüe y energía; insuficiencia de áreas verdes y de recreación, entre otros. Incluso, el incremento de la inseguridad ciudadana se encuentra intimamente vinculado a la falta de planificación urbana, que segregan social y espacialmente a la población, propiciando la delincuencia y marginación.  Estas limitaciones afectan también gravemente la competitividad de las actividades económicas urbanas y desalientan la inversión productiva, factores indispensables para alcanzar el desarrollo sostenible. Desgraciadamente, en nuestro país ni siquiera se mide el impacto del desorden urbano en el comportamiento del producto bruto interno, pero no es difícil presumir que ambos fenómenos tienen una relación directa y creciente.  Mejorar nuestras ciudades para alcanzar el desarrollo  Es impresionante recordar que “la ciudad es el mayor y más complejo organismo creado por el ser humano, pues ningún otro se le aproxima en complejidad e inversión; la ciudad propicia y permite el intercambio de ideas entre los seres humanos multiplicando las posibilidades de creación en los distintos campos del saber de manera directa y de forma muy dinámica”.  Esta apresurada urbanización de nuestra población exige la actualización de normas urbanas, que a su vez implica la definición previa de lineamientos homogéneos de desarrollo integral (el marco legal) para facilitar la conformación de un Sistema Urbano Nacional. La formulación e implementación de estos planes deberán ser financiadas con recursos del Ministerio de Vivienda y encargarse a expertos peruanos o extranjeros a través de concursos públicos, lo que posibilitará el empleo de instrumentos innovadores de planificación urbana.  Nuestro gremio, junto con el Colegio de Arquitectos, el Colegio de Ingenieros y la Federación de Trabajadores en Construcción Civil del Perú, ha planteado una serie de iniciativas para promover la generación de suelo urbano nuevo.  Entre ellas, la creación de una entidad pública nacional que gestione el suelo estatal con criterios de mercado, mediante la utilización de este importante recurso para impulsar el desarrollo de proyectos urbanos legales, que tengan como prioridad el aumento de oferta de vivienda social, dejando atrás el modelo actual en el cual los terrenos del Estado se destinan —por acción o por omisión— a fomentar invasiones y asentamientos urbanos informales.  Una Ley General de Desarrollo Urbano también resulta necesaria, pero su aprobación toma tiempo y será producto de una amplia discusión técnica con la participación de todos los actores involucrados en actividades urbanas. Se requiere más bien un compromiso político del más alto nivel, así como el establecimiento de acuerdos entre el Gobierno central (a través del Ministerio de Vivienda), los gobiernos regionales y locales, las empresas prestadoras de servicios y los promotores inmobiliarios para facilitar la implementación de planes y proyectos urbanos.  Queda claro que será imposible alcanzar el desarrollo sostenible que todos los peruanos merecemos, sin mejorar ostensiblemente la calidad de vida de nuestras ciudades para impulsar el bienestar social y la productividad de las actividades económicas.","gestion","04/09/2017"
"Opinión Todas las ... mm.","Recientemente, el economista Hernando de Soto dijo que para entender la razón de los problemas que afectan al país es necesario tener en cuenta que en el Perú existe un 70% de personas que no están dentro de la ley (informales).  Según el INEI, al año 2015 la población ocupada fue de 15.9 millones de personas, de las cuales el 73.2% tenía empleo informal. Asimismo, en el 2016, la población ocupada en el Perú, sin incluir la minería, que labora en la informalidad fue 80.4% del total, siendo 19.6% los que trabajaron en condiciones formales. Hay consenso en que el 35% de nuestro PBI es de origen informal.  Atención que la informalidad no solo perjudica al Estado, porque no se captan impuestos que permitan afrontar gastos de inversión y demandas sectoriales, sino también al privado, porque limita el acceso al crédito de las empresas y les genera mayores costos operativos.","gestion","04/09/2017"
"Taxi Mam SOS se suma a oferta de aplicativos de taxi","Lo atractivo del mercado de aplicaciones de taxis en el país, que este año alcanzará mover alrededor de S/ 1,000 millones (Gestión 17.08.2017), está haciendo que cada vez más entren nuevos jugadores. Uno de ellos es la peruana TaxiMam SOS, que incursionó en dicho mercado desde enero de este año apostando por un servicio de nicho.  Nuestro servicio se enfoca en el traslado de bebés, niños y ancianos, realizado exclusivamente por madres. Cada unidad cuenta con un monitor para bebés, un asiento infantil, juegos didácticos, entre otros, explicó la gerente general de la app de taxi, Maranella Chávez.  Actualmente cubren 12 distritos de Lima Metropolitana, principalmente de Lima Moderna.  Expansión  La empresa amplió extensamente su oferta de servicios, incluyendo también a los adolescentes. En cuanto a conductoras, esperan llegar a tener 60 al cierre del año, 20 más de las que tienen actualmente.  Para el 2018, sus planes son más ambiciosos, pues esperan llegar a contar con 120 conductoras.  Con respecto a la cobertura del servicio, mencionó que el próximo año llegarán a las zonas periféricas de Lima; y en el 2019 darán el salto al interior del país.  Apostaremos por llegar con el servicio a Trujillo, Chiclayo, Arequipa, Piura, mencionó.","gestion","04/09/2017"
"La parte soft en el ejecutivo de Supply Chain Management","Para que una persona sea competente en cualquier área en términos generales, necesita un 20% de conocimiento, un 30% de habilidades y un 50% de actitud. El conocimiento es la parte hard que se aprende de la universidad y con la experiencia, entonces la parte soft, un 80%, son las habilidades y la actitud, es decir, nuestra parte definen necesaria para poder cumplir.  ¿Qué es lo que se espera? Ya usted sabe qué son las funciones que debe realizar un profesional de Supply Chain Management. Mucho trabajo, supervisa gastos que representa entre el 40% y 70% del total de costos de una empresa, maximizar utilidades mejorando la productividad de los activos, incluso identificar nuevas fuentes de generación de ingresos y participará a nivel directivo y cada vez más, manejando un equipo regional o global.  Generalmente cuando buscamos profesionales del sector, el peso en importancia de las competencias clave son un 43% de habilidades soft, 14% de habilidades hard, 12% de experiencia y 31% de motivación/excelencia.  Las habilidades  Podemos dividirlas en 3 categorías: personales, interpersonales e intelectuales. Las personales son las más buscadas e incluyen un eficiente auto-manaje de tiempo y estrés, motivación, independencia, cinética al logro, responsabilidad, confianza, disciplina, capacidad de trabajar bajo presión. Un ejecutivo con estas habilidades puede tener capacidades y recibir entrenamiento con mayor facilidad para poder aprender las habilidades hard.  Las interpersonales requieren de un buen manejo de relaciones e incluyen algunas como una buena comunicación y construcción de consensos, trabajo en equipo, compromiso, motivación y solución de problemas. Estas habilidades se dan para el manejo entre las diferentes áreas de la empresa, además las nuevas tecnologías requieren que las culturas de las empresas se adapten a los cambios trabajando en equipo.  Las intelectuales se requieren para poder adquirir y usar nuevos conocimientos, entender pensamientos y aprender rápidamente. Entre las más buscadas están el pensamiento analítico, resolución de problemas, priorización de tareas y el planeamiento.  Las actitudes  Tenemos conocimientos y conocimientos, pero si no tenemos la actitud correcta ante las oportunidades positivas o negativas en la vida, nada. Tengamos pasión por derrotar los desafíos financieros de la empresa, pidamos involucrarnos en proyectos internacionales, en otras áreas operativas, en otras unidades de negocio y en otras funciones del negocio, busquemos mentores en la alta gerencia y busquemos siempre aprender. Tengamos una fuerte sensación al servicio al cliente, a resolver sus problemas rápido y a ver los reclamos como una oportunidad de mejorar, no como una crítica.  Esta actitud proactiva y las habilidades nos ayudarán a ganar una amplia experiencia en otras áreas de su empresa y lo llevará a ser el líder de los grandes cambios que posicionen a su empresa en el siguiente nivel de competitividad.","gestion","04/09/2017"
"Diageo traza plan para captar mayor segmento premium en el país","Con Johnny Walker se quiere reposicionar a la etiqueta negra, mientras que Odyssey, su whisky ultra premium, los ayuda a crecer a dos dígitos en dicho segmento.  Para Diageo, la compañía mundial de bebidas espirituosas, Perú representa el mercado más importante a nivel de América Latina al ser el de mayor participación con su marca estrella Johnny Walker. Y van por más. Javier de la Viuda, gerente general de la multinacional en Perú, comenta el plan estratégico que se han trazado para lo que queda del año y el 2018.  Tuvimos un 2016 malo, pero este año estamos yendo muy bien, vamos creciendo un 7% en volumen y, exceptuando los huaicos, podemos llegar a doble dígito, con impulsos en la campaña por el Día del Padre y julio; somos optimistas para el cierre de año, sostuvo el ejecutivo, quien añadió que en valor se mantienen flat debido a una devaluación a nivel de mercado.  Con esa perspectiva, la empresa se enfoca en tres pilares: que Johnny Walker mantenga su liderazgo; crecer en ‘premiurización’, y acercar al público con bebidas más accesibles.  Así, en el caso de Johnny Walker, con el que atacan varios segmentos de consumo (con precios desde S/ 50 a S/ 900), han visto que la gama de etiqueta roja ha mantenido su demanda, pero las que siguen se han mantenido flat. Queremos que etiqueta gravure vuelva a crecer en su liderazgo y capte más público, dijo De la Viuda, quien cree que las promociones juegan un papel importante para lograr el objetivo.  Están incrementando en 5% su presupuesto de marketing con el fin de crecer en presencia de las marcas.","gestion","04/09/2017"
"“A fin de año se puede presentar la nueva ley de petroquímica para enviarla al Congreso”","Gobierno considera que el desarrollo de la petroquímica hará más viable el proyecto del gasoducto en el sur. Actualmente, el Ministerio de Energía y Minas se encuentra revisando la legislación vigente y su reglamento respectivo para la industria petroquímica.  Uno de los megaproyectos que no se concretó fue el gasoducto del sur, que terminó inmerso en las denuncias de corrupción de Odebrecht y un contrato que finalmente se resolvió por incumplimiento del cierre financiero. Hoy, todavía no se han entregado los activos, mientras el Gobierno se prepara para lanzar una nueva licitación, pero esta vez bajo otras condiciones y sin exoneraciones de procesos que establece la legislación, revela la ministra de Energía y Minas.  La semana pasada, mencionó en el Congreso la posibilidad de una nueva norma para la petroquímica. Se contempla una nueva ley?  Alrededor del 2009 hubo varios intentos para que se instalaran hasta tres plantas petroquímicas: dos en Ica y una en Moquegua. Se tenía una ley y un reglamento, sin embargo estamos en el 2017 y no se dio ninguna inversión.  Hoy por hoy, la disponibilidad de gas que tenemos con el lote 58, que ya ha sido declarado por CNPC, da luces para decir que sí podemos tener una petroquímica ne? Pero, por ejemplo: el componente principal es el gas.  Habría una nueva ley?  Estamos revisando la legislación vigente de la petroquímica para ver si puede ser más promotor del que era. Hemos hablado este mes con varios inversionistas interesados en el tema.  Se han acercado inversionistas para desarrollar la industria petroquímica?  Sí, se han acercado inversionistas interesados.  Esta decisión de impulsar la petroquímica de alguna manera está vinculada con la nueva planificación del gasoducto del sur? Si queremos un gasoducto que sea no solamente para alimentar a dos centrales que ya están -y es su demanda natural- debemos crear mercado, más demanda. Es decir, que haya más industrias en el sur, y eso pasa por la petroquímica, que le daría mucho sentido a todo este paquete. Entonces creemos que sí está en nuestras manos poder mejorar la cin de la petroquímica y hacerla más promotora.  Es una norma necesaria?  En el 2009, teníamos un sector en desarrollo económico, pero bueno, también implica competencia con Brasil que tiene Vaca Muerta en Argentina. Incluso Mauricio Macri ha ido a Houston a vender su modelo. Entonces, tenemos que ser mucho más competitivos para viabilizar un proyecto que creo que sí nos cambiaría varias cosas en el Perú.  Qué petroquímica se plantea?  Vamos a tener dos petroquímicas: la de plástico y la de urea.  Inicialmente, ¿cuál sería el desarrollo? La petroquímica del metanol y las amoniaco y la del etano para la industria del plástico?  Me encantaría que fueran las dos, pero... depende de cómo diseñemos el modelo. Si lográramos ambas, sería un gran legado para el Perú.  Cuándo se concluye la evaluación de la norma actual?  Estimo que a fin de año se puede presentar la nueva ley de petroquímica. Estamos comenzando y diría que en diciembre podríamos tener la propuesta para enviarla al Congreso. Primero nos hemos enfocado en presentar una nueva ley orgánica de hidrocarburos en el Consejo de Ministros en este mes.  La ley de hidrocarburos saldr con la ley de petroquímica?  No, la ley orgánica de hidrocarburos va a ir primero y, una vez presentada, nos ataremos a ver la de petroquímica. Ya tenemos un grupo de trabajo que la está yendo, pero, por ahora, estamos más concentrados en la ley de hidrocarburos.  Braskem, uno de los brazos de Odebrecht, hizo un estudio para desarrollar una planta petroquímica en el sur. Lo van a usar?  No lo he visto, no me lo han presentado.  El desarrollo de la petroquímica también involucra al Ministerio de la Producción, ya que es una actividad industrial. ¿Cómo se plantea la nueva ley?  Lo que vamos a hacer es presentar un proyecto primero y luego sentarnos con el Ministerio de la Producción. Alguien tiene que comenzar a liderar el tema y nosotros queremos que exista una petroquímica, porque hace sentido para el desarme del gas y su infraestructura. Una vez que tengamos el marco legal nos sentaremos con el Ministerio de la Producción para discutirlo.  En el Gobierno anterior una discusión en este tema fue el precio. Braskem solicitaba un esquema intervencionista en la fijación del precio del gas de los productores. Ahora cuál será la filosofía?  Lo que tenemos que mirar es qué tan competitivos podemos ser. El tema del precio del gas será un tema fundamental, pero no somos de aquellos que intervienen en ese aspecto.  Si no hubiese acuerdo en el precio entre el productor y la empresa petroquímica por el gas, el Estado no intervendrá como garante, haciendo a tarifa, tal como se planteaba en el anterior Gobierno?  Tendríamos que estudiarlo. Queremos ver todo el concepto. Es fácil decir siempre que las industrias necesitan subsidio por aquello, pero después vemos que no funciona. Tenemos que ver todo el esquema; si solamente es un tema del precio del gas o qué más hay para poder atraer el interés.  En la nueva licitación del gasoducto corresponde a Promoción. Hay un comité ya constituido y es él que tiene a cargo todo el tema. Obviamente, consulta la parte técnica al Ministerio de Energía y Minas, como cualquier otro proyecto que ve Promoción.  ¿En qué situación se encuentran las reservas anunciadas sobre el lote 58?  Son reservas probadas, ya están en el libro blanco desde julio. Son dos TCF.  Cuáles son los próximos pasos de la empresa china CNPC?  Estuve reunida recién frente a ellos. Continúan en su fase de exploración, pues todavía hay reservas en calidad de probables y van a seguir explorando. Obviamente que para la explotación requieren de la infraestructura.  La petroquímica formará parte de la nueva planificación?  Es independiente. Si creamos las condiciones necesarias para que haya una petroquímica, lo que se hace es que el gasoducto sea mucho más viable, porque más una demanda asegurada. Nos encantaría que hubiera sido en paralelo, pero no se va a dar. Como Gobierno, tenemos que crear condiciones para que se dé la petroquímica en el sur y que el gasoducto sea más viable. Esa es la idea.","gestion","04/09/2017"
"Para recordar","La difícil entrega de los activos  Disputa en GSP. Desde que el Consorcio Gasoducto Sur Peruano, integrado por Odebrecht como socio mayoritario y Enagas y Graña y Montero como minoritarios, no cumplió con realizar el cierre financiero que establecía el contrato para el desarrollo del gasoducto, ha quedado pendiente la entrega de los activos del avance del proyecto. Actualmente el consorcio se encuentra en una disputa que ha llegado a Indecopi (Gestión 28.08.2017) y que se ha agravado (Gestión 29.08.2017). El Gobierno ya seleccionó a la empresa que administrará los activos, que aún no recibe.","gestion","04/09/2017"
"Perú inicia exportación de carne de cerdo a Bolivia","Dos exportadoras nacionales recibieron autorización cumpliendo con márgenes de seguridad.","gestion","04/09/2017"
"La caída de la confianza del consumidor","Mayoría de consumidores declara que economía trepa, no lentamente, sino que se ha frenado.  A nivel nacional, hubo una caída de 14 puntos en la confianza... del consumidor, pues bajó de un optimismo de 116 puntos en julio de este año a un pesimismo de 84 puntos (el menor desempeño de los últimos cuatro meses).  Hay que precisar que el límite establecido está en 100 puntos, el optimismo está en 100 puntos.  Parece haber indicios de una estrecha relación entre la actuación política y el optimismo del consumidor, cuestión que ni el Gobierno ni sus críticos parecen apreciar fácilmente, explica el analista de Opinión Pública de GfK, Sergio Ugaz.  Regiones  El desplome de la confianza se da en todo el país, pero con mayor énfasis en Lima. Aquí la caída fue de 21 puntos, ya que mientras que en julio se tenía 110 puntos, en agosto bajó hasta los 89 puntos, tasa incluso más baja que en febrero, cuando se iniciaba El Niño Costero (incluso es el menor puntaje en los últimos 12 meses).  En las demás regiones del país, la reducción fue de 11 puntos al pasar de los 92 puntos en julio a 81 puntos en el mes anterior.  Es en el norte del país donde se siente con más fuerza esta caída. Si bien ya estaba en el tramo pesimista con 93 puntos en junio, que fue su mejor tasa del año, ahora se ubica en 76 puntos. As, se convierte en la región más pesimista del Perú.  Hasta julio, la única zona del país que se mantenía en el límite del optimismo y el pesimismo, era el oriente (100 puntos en julio). Sin embargo, en agosto pasó a ser totalmente pesimista con 89 puntos.  Esta misma situación de mayor pesimismo se observa en el sur peruano, con 84 puntos y el centro con 79 puntos.","gestion","04/09/2017"
"Indicios de una estrecha relación entre la actuación política y el optimismo del consumidor","Parece haber indicios de una estrecha relación entre la actuación política y el optimismo del consumidor, cuestión que ni el Gobierno ni sus críticos parecen apreciar fácilmente, explica el analista de Opinión Pública de GfK, Sergio Ugaz.","gestion","04/09/2017"
"Importantes medidas para la huelga magisterial","3.- El Ministerio de Educación deberá convocar a los mejores alumnos secundarios de cada curso para continuar las clases de las materias que llevó el año anterior.  Con esto podríamos comenzar a tapar la profunda brecha educativa peruana que se ha ido excavando con la mitad del salario destinándola a otras cosas y evitando que patria roja pueda conquistar bibliotecas a todas las escuelas públicas del país, sin excepción.  Todos los salones deberán tener estas obras completas de José María Arguedas, César Vallejo y Mario Vargas Llosa, entre los más relevantes escritores peruanos. Además, las más importantes de Gabriel García Márquez y Jorge Luis Borges, de Latinoamérica.  Para enseñar a nuestros pobres profesores (pobreza intelectual). En estas condiciones dejaríamos el subdesarrollo?  1.- Regresar la Derrama Magisterial al Ministerio de Educación que la ministra aprista de educación se la obsequió generosamente al Sutep (Patria Roja).  2.- Destinar todos los recursos económicos certificados a los docentes que trabajan con los estudiantes hechos, ignorando a quienes se enseñorean en cin de la huelga usando la distracción del Gobierno y de la dirigencia nacional del Sutep que se entrega la mitad del salario y destina la otra mitad a la inversión en otros fines.  3.- El Ministerio de Educación deberá convocar a los mejores alumnos secundarios de cada curso para continuar las clases de las materias que llevó el año anterior borrachera pecuniaria gracias a su millonario control de la Derrama Magisterial (3 % de la planilla docente, sin rendirle cuentas a nadie, y cuyo único logro es dejarlo con los cres pos hechos a quienes se enseñorean en cin de la huelga usando la distracción del Gobierno y de la dirigencia nacional del Sutep que se entrega la mitad del salario y destina la otra mitad a la inversión en otros fines.","gestion","04/09/2017"
"Diagnóstico Económico","Per tiene paralizadas US$ 12,000 millones en minera.  Para dejarlos con los cres pos hechos a quienes se enseñorean en cin de la huelga usando la distracción del Gobierno y de la dirigencia nacional del Sutep que se entrega la mitad del salario y destina la otra mitad a la inversión en otros fines.","gestion","04/09/2017"
"Revisión de Procedimientos Sanitarios","Hasta la fecha la dirección general de salud ambiental tiene alrededor de 100,000 registros sanitarios vigentes, los cuales se reparten entre 600 grupos de alimentos.  Ya no más reglamentos? Tras la reglamentación de la leche y los que se preparan, por ejemplo el del cacao y productos afines, y jugos, Digesa pone un punto en alerta porque se pueden generar barreras para la formalización.  Reglamentar cada uno de ellos (productos de la canasta básica) incrementará las barreras para la formalización del sector alimentario en desmedro del sistema de inocuidad alimentaria, sostiene.  Digesa recordó que mediante el Decreto Legislativo No. 1290, aprobado en Hnalles del año pasado, se busca promover la inocuidad de los alimentos, mediante la implementación de sistemas preventivos de riesgo alimentario, en armonía con la producción y el comercio nacional e internacional.  De esta manera, se está fortaleciendo el control y la vigilancia sanitaria y la fiscalización posterior de los procedimientos vinculados a dichas actividades económicas.  Cabe recordar que para obtener el registro sanitario, las empresas realizan una declaración jurada de los reportes de análisis y composición de sus productos, detalla Digesa.","gestion","04/09/2017"
"Peruanos invierten a plazo de siete años en inmuebles de Estados Unidos","El 39% de las inversiones de peruanos en EE.UU. se concentra en Florida, seguida por California (16%). Transcend Investment Management prevé canalizar inversiones por US$ 65 millones.  Elizabeth García  Las familias peruanas de todos los patrimonios buscan alternativas que les permitan diversificar sus inversiones. En el contexto, está aumentando la demanda por el mercado inmobiliario estadounidense.  Hay un exceso de liquidez y el peruano quiere diversificar su cartera; y bienes raíces en EE.UU. calzan bien con lo que buscan, indicó a Gestión Jordan Kavana, CEO de Transcend Investment Management.  Ahora, los peruanos prefieren invertir en dicho mercado aun plazo de siete años, agregó.  Incluso destacó que inversionistas institucionales, como AFP, también están apuntando al mercado inmobiliario de ese país.  Estados preferidos  Los inversionistas latinoamericanos, y peruanos en particular, buscan estados del sureste estadounidense. Así, 39% de las inversiones de peruanos se concentra en Florida, 14% en Nueva Jersey y 12% en Nueva York, precisó.  Ante el crecimiento de la demanda por estas ubicaciones, la gestora de inversiones inmobiliaria, que administra US$ 500 millones en 10 países, decidió abrir, este año, una oficina en Lima.  Mercado de EE.UU.  Los inversionistas pueden obtener un retorno de aproximadamente 12% anual en esquemas como el de Transcend Investment. Este rendimiento se compone de un 6% anual correspondiente al alquiler de las viviendas, y lo restante se obtiene al momento en que convencen a un comprador de la unidad.  Perú es el país de la región que más potencial vemos para este tipo de inversiones, en el corto plazo, resaltó Daniel Valencia, gerente general para Perú de la empresa.  Además, la firma se animó por el mercado local ante la baja participación que tienen las inversiones en bienes raíces en la cartera promedio del inversionista peruano.  Buscan rendimiento de 20% pero se exponen a riesgo  Los que invierten en inmuebles están buscando un retorno entre 15% y 20%, pero se exponen al riesgo de mercado, reconoció Jordan Kavana, CEO de la firma.  Por ello, advirtió que, en años anteriores, varios peruanos sufrieron un quema al invertir en bienes races en EE.UU. sin considerar el riesgo de desarrollo del mercado.  Composición de la cartera  En EE.UU., las personas invierten entre 35% a 40% de su portafolio en bienes races; en el Perú, solo 20%, detalló Kavana.  La gestora ha identificado a un importante número de familias locales como potenciales clientes. Así, en su primer año de operaciones prevé canalizar inversiones por US$ 65 millones de clientes locales, de los cuales 30% será de individuos y familias con altos patrimonios, y el restante 20%, de inversionistas institucionales.  Plazo  US$ 5 millones es la inversión mínima para obtener la estructura legal en la que el participante es dueño de un número de inmuebles. Inversionistas con US$ 1 millón pueden entrar en un pool con otros participantes, detalló Kavana.  A diferencia de un fondo de inversión en bienes races, el modelo de negocio de Transcend se basa en otorgar a las familias una estructura legal que les permite convertirse en propietarios directos de un número de inmuebles.  La empresa se encarga de la parte operativa, es decir, comprar, administrar, alquilar y dar un retorno (renta) a las familias.  Además, bajo este modelo, las personas pueden retirar su inversión, aumentarla o reducirla antes del plazo establecido de cinco años. Así, a los tres años el inversionista tiene la opción de vender todo o una parte, o ampliar el periodo de su inversión.","gestion","04/09/2017"
"R.A.M. Industries incursiona con comidas listas para consumir","Van tras 50% de este mercado en primer año de comercialización. Volverán a atender al sector institucional. Buscan exportar línea de quinoa saborizada a Europa en el 2018.  Mirtha Tomás López  En línea con sus planes de crecimiento, R.A.M. Industries, parte del grupo peruano Carozzi, que incluye a marcas como Menorca y Forestal, apuesta por incursión en el mercado de comidas preparadas listas para consumir.  Así lo adelantó a Gestión el gerente general de la empresa, Alonso Carozzi, quien detalló que recientemente entraron al referido mercado con su marca propia Nad, dirigida a un consumidor con un estilo de vida ocupado que busca opciones saludables de alimentación.  En el lanzamiento de este producto que viene en ocho sabores, hemos invertido alrededor de US$ 80,000. Si bien actualmente lo estamos comercializando en Lima Metropolitana en autoservicios y tiendas de conveniencia, el plan es llegar a nivel nacional; para ello estamos buscando un distribuidor estratégico, señaló.  En un primer año de comercialización de Nad, esperan llegar a tener 50% de participación en el mercado de comidas preparadas listas para consumir en el país, afirmó.  Vamos a seguir creciendo durante el tiempo de comercialización de este mercado en el país. Si bien no tenemos competencia directa, lo hacemos de alguna manera con los congelados, con los productos ready to go con los que compartimos góndolas, entre otros, sostuvo.  Asimismo, la empresa espera volver a atender el próximo año al sector institucional con su línea de productos preelaborados.  Exportación  En cuanto a su línea de quinoa saborizada con insumos naturales, que hoy exportan al mercado americano, Alonso Carozzi señaló que buscarán llegar a Europa el próximo año.  Tienen planes de ampliar su actual planta. ¿Qué piensan?  En línea con los objetivos de crecimiento buscan mudarse en los próximos meses a una nueva planta de alrededor de 5,000 metros cuadrados. Hoy cuentan con una más pequeña en el Cercado de Lima.","gestion","04/09/2017"
"Entrevista Cayetana Aljovín Gazzani, ministra de Energía y Minas","A fin de año se puede presentar la nueva ley de petroquímica para enviarla al Congreso  Gobierno considera que el desarrollo de la petroquímica hará más viable el proyecto del gasoducto en el sur. Actualmente, el Ministerio de Energía y Minas se encuentra revisando la legislación vigente y su reglamento respectivo para la industria petroquímica.  Uno de los megaproyectos que no se concretó fue el gasoducto del sur, que terminó inmerso en las denuncias de corrupción de Odebrecht y un contrato que finalmente se resolvió por incumplimiento del cierre financiero. Hoy, todavía no se han entregado los activos, mientras el Gobierno se prepara para lanzar una nueva licitación, pero esta vez bajo otras condiciones y sin exoneraciones de procesos que establece la legislación, revela la ministra de Energía y Minas.  La semana pasada, mencionó en el Congreso la posibilidad de una nueva norma para la petroquímica. Se contempla una nueva ley?","gestion","04/09/2017"
"Las claves","Implementación. Según la nueva organización del ministerio de Salud, se ha implementado una dirección ejecutiva exclusiva para el control y la vigilancia de los alimentos destinados para consumo humano (Dirección de Control y Vigilancia - Decovi).  Presupuesto. El puesto de la Digesa contempla la modernización de la Dirección de Control y Vigilancia (Decovi), a fin de cumplir con vigilancia de inocuidad alimentaria establecida.  Decreto Legislativo No. 1290, aprobado en Hanles del año pasado, se busca promover la inocuidad de los alimentos, mediante la implementación de sistemas preventivos de riesgo alimentario, en armonía con la producción y el comercio nacional e internacional.  De esta manera, se está fortaleciendo el control y la vigilancia sanitaria y la fiscalización posterior de los procedimientos vinculados a dichas actividades económicas.  Cabe recordar que para obtener el registro sanitario, las empresas realizan una declaración jurada de los reportes de análisis y composición de sus productos, detalla Digesa.","gestion","04/09/2017"
"Consumo directo","Se puede triplicar envíos marinos. El Perú puede triplicar su exportación de pesca para consumo humano de US$ 1,000 millones a US$ 3,000 millones al 2021 con la implementación de medidas de promoción, señaló el presidente del Comité de Pesca y Acuicultura de la SNI, Alfonso Miranda. Este año la cifra será de US$ 1,200 millones, estima ...","gestion","04/09/2017"
"Per ante Apec","Avances sobre libre competencia. El Perú, representado por el Indecopi, expuso sus avances en materia de libre competencia ante el Foro de Cooperación Económica Asia-Pacífico (APEC), en Vietnam. Por ejemplo, se informó sobre los avances en materia de competencia a partir de la aplicación del Programa de Clemencia.","gestion","04/09/2017"
"Son 689 proveedores extranjeros aptos para vender al Estado","Un total de 689 proveedores extranjeros tienen inscripción vigente en el Registro Nacional de Proveedores (RNP) que están aptos para venderle al Estado, señaló el OSCE. Esta cifra es ligeramente superior a la registrada al año 2014, con 525 proveedores inscritos.","gestion","04/09/2017"
"Amenazas de Trump sobre su retiro del Nafta acercan a México y China","Presidente mexicano se reunirá esta semana con el presidente chino, en el marco de la cumbre de los BRICS. (Bloomberg) La reiterada amenaza de Donald Trump de abandonar el Tratado de Libre Comercio de América del Norte (Nafta) podría acercar dos de los socios de Estados Unidos de los que el mandatario más se ha quejado: México y China.  A primera vista, los dos países son más competidores naturales que aliados. Ambos prosperan gracias a la mano de obra barata y la fabricación de productos para servir a consumidores de países más ricos. Pero ambos se encuentran del mismo lado del debate sobre la globalización -opuesto al de EE.UU.-, y promueven un aumento del comercio como vía para el crecimiento.","gestion","04/09/2017"
"Tras nueva prueba nuclear","Trump amenaza a Corea del Norte con bloqueo comercial. Washington advirtió de una respuesta militar masiva si Norcorea ataca a un país aliado de Estados Unidos. Se evalúan nuevas sanciones. (Reuters) Corea del Norte lanz ayer su sexta y más potente prueba nuclear, que identificó como una bomba de hidrógeno avanzada para un misil de largo alcance, marcando una dramática escalada del enfrentamiento entre el aislado estado y Estados Unidos y sus aliados.  Washington respondió agresivamente, ya que el presidente Donald Trump se abstuvo de desechar una acción militar y amenazó con suspender el comercio con cualquier país que haga negocios con Pyongyang. La amenaza comercial de Trump, publicada en Twitter, podría ser una forma de presionar a China, el principal socio comercial de Pyongyang.","gestion","04/09/2017"
"Acusación","(EFE) La Corte Suprema de Justicia (CSJ) de Guatemala celebrará hoy un pleno extraordinario para analizar y evaluar las solicitudes de evadir el fuero al presidente de Guatemala, Jimmy Morales, lo que podría desatar una nueva crisis. Morales fue señalado el pasado 26 de agosto por el Ministerio Público (MP) y la Comisión Internacional Contra la Impunidad en Guatemala (CICIG) haber recibido y ocultado fondos durante la campaña electoral de 2015, en la cual ganó la presidencia.","gestion","04/09/2017"
"Negociaciones","Reino Unido pagará US$ 64,822 millones por el Brexit. (EFE) La primera ministra del Reino Unido, Theresa May, prevé abonar una factura de hasta 50,000 millones de libras (US$ 64,822 millones) a la Unión Europea por los compromisos adquiridos antes de decidir abandonar el bloque comunitario, reveló The Sunday Times.  El Gobierno británico está dispuesto a pagar entre US$ 9,075 y US$ 22,041 millones a Bruselas durante tres años, a fin de terminar los pagos antes de las próximas elecciones generales británicas, previstas para 2022, según el rotativo.","gestion","04/09/2017"
"Estimación","Harvey dejará daños hasta por US$ 180,000 millones en Texas. Daños superarán los ocasionados por el huracán Katrina en Nueva Orleans, en el 2005. Trump ha pedido una ayuda inicial de US$ 7,850 millones. (Reuters) El gobernador de Texas, Greg Abbott, manifestó que los daños provocados por el huracán Harvey ascenderán a entre US$ 150,000 millones y US$ 180,000 millones, superando fenómenos climatológicos anteriores como Katrina o Sandy.","gestion","04/09/2017"
"Breves","VENEZUELA-UE. Venezuela protestará ante España, Alemania, Italia y Reino Unido tras rechazar sus declaraciones sobre la prohibición de salir del país a la esposa del opositor Leopoldo López, Lilian Tintori, quien iba a reunirse con líderes de esas naciones.  MARCHANTES CONVOCADAS. Marcahs convocadas en varias ciudades de Chile por organizaciones sociales que piden el fin del sistema privado de pensiones tuvieron una escasa participación.","gestion","04/09/2017"
"Editorial","Sin limón y sin pescado","gestion","04/09/2017"
"PROPUESTA SER PRESENTADA A FIN DE AÑO EN EL CONGRESO","Se revisa la legislación vigente para nueva ley para petroquímica a fin de impulsar gasoducto sur.","gestion","04/09/2017"
"BALANCE DEL MERCADO DE FICHAJES DE FÚTBOL 2017","1.567.2 Traspasos en miles de euros. Compras: 3353 878.8. Ventas: 755 662.4. Premier SerieA UEFA La Liga League Italia Francia España Inglaterra. FUENTE: Transfersmarkt (AFP)","gestion","04/09/2017"
"AHORA ACCIONISTAS EXIGEN RENTABILIDAD ANUAL DE AL MENOS 12% A EMPRESAS","Rendimiento que piden accionistas aumenta ligeramente. Método basado en flujos de caja es el preferido por compañías peruanas para valorizar el negocio. Ocho de cada diez lo utilizan, según EY. ROXANA TRAMONTANA. La valorización de empresas y las herramientas financieras que se utilizan para ella son básicas para la toma de decisiones sobre inversiones, financiamientos y adquisiciones. El 64% de firmas encuestadas por EY señala que el costo de capital, tope anual exigido por los accionistas a las empresas del país, está entre 12% y 18%. La consultora, en tanto, considera un promedio de 14.2% para este retorno mínimo exigido a diciembre del 2016, nivel ligeramente mayor verificado en setiembre de ese mismo año (14.1%). El accionista, por lo general, espera una mayor rentabilidad cuanto mayores el riesgo que percibe en la empresa. El 74% de las empresas dijo que calcula este indicador con el modelo CAPM (Capital Asset Pricing Model), cuyos componentes son la tasa del bono del Tesoro de EE.UU., una prima por riesgo y la tasa de riesgo país. En tanto que el 12% más encuestadas indicaron que emplea un indicador establecido por ellas mismas. ‘El modelo CAPM es el más adecuado, ya que usa variables de mercado, a diferencia del segundo caso’, manifestó a Gestión, Sergio Álvarez, socio de transacciones y finanzas corporativas de EY. Valorización. Necesaria para estimar el valor que le añade a la empresa un proyecto, sustentar financiamiento para adquirir otra compañía. Ingresos. El enfoque de ingresos es el más usado para la valorización de empresas en el país. Así, el 90% de firmas señaló que lo utiliza. ‘Es el más usado porque es el más simple y hay más formación disponible, a diferencia del enfoque de mercado’, indicó Álvarez. La preferencia por este enfoque de ingresos (flujo de caja descontado) es que permite incluir las expectativas sobre el plan de negocios, como planes de inversión, cambios en estructura de costos, en financiamiento y manejo de capital de trabajo, agregó. Dentro del enfoque de ingresos, el método de flujo de caja para la Firma es el más usado. El 82% de las empresas indicó que lo emplea. El método consiste en proyectar los ingresos de una compañía y descontarlos a una tasa que se calcula con base en la rentabilidad mínima exigida por el accionista para reflejar su valor presente, detalló el experto. Mercado. Otro enfoque para la valorización de compañías es el de mercado (el 56% de firmas consultadas no comentó). ‘Es un método que utiliza la metodología de múltiplo de cotizaciones (cuando hay información de empresas que cotizan en bolsa), y la de múltiplo de transacciones’, refirió. ‘Por ejemplo, con base en el precio de la acción de Corp, se obtiene la capitalización, es decir, el valor que el mercado le asigna a Alicorp, y con eso se construye un ratio (múltiplo de cotización)’, dijo Álvarez. El múltiplo de transacción es similar y la única diferencia es que se emplea cuando no hay información de mercado disponible, detalló. Un último enfoque para valorización de empresas es el basado en activos; aunque es el menos utilizado, ya que solo es adecuado para empresas que tienen problemas financieros y que valen por los activos de sus balances, indicó el socio de EY. En general, las empresas utilizan metodologías de valorización para determinar el valor que le añade la realización de un proyecto de inversión, sustentar un proyecto para obtener financiamiento bancario, o para pagar un precio justo por la compra de otra compañía, resumió el ejecutivo. Evolución del rendimiento mínimo exigido a empresas Estimación del costo del patrimonio de un portafolio de inversiones diversificado en el contexto del mercado peruano 16.2% 14.6% ‘’’ 14.5% 14.2% 16.1% 15.8% 16.1% 14.9% 142% 14.4% 14.1% FUENTE: EY Enfoque de valorización de empresas ¿Qué tan común es el uso de los siguientes enfoques de valorización? Enfoque de Ingresos Enfoque de mercado Enfoque basado en activos FUENTE: EY Reto. El 59% de las firmas encuestadas por EY considera que el nivel de transparencia de la Información financiera es uno de los mayores retos para la valorización. Los inversionistas internacionales se preocupan mucho por la calidad de la Información de las empresas que planean adquirir, y tal falta, al implicar mayor riesgo, ocasionalmente provoca que su valor disminuya, enfatizó Álvarez. Primas requeridas Inversionistas aplican descuento por menor liquidez de fondos Si el inversionista tiene una participación minoritaria, reduce la valorización de la firma. Algunos inversionistas disminuyen el valor estimado de una compañía que desean adquirir sobre la base de qué tan factible es cerrar la transacción (facilidad para comprar o vender) o de si les afecta adquirir una posición minoritaria, indicó el Sr. Álvarez, socio de transacciones y finanzas corporativas de EY. Así, el 67% de firmas señaló que considera en más valorizaciones un descuento por liquidez, según EY. Prima por control En tanto que el 62% de empresas aplica una prima por control, según el reporte de la consultora. ‘Si el inversionista compra menos del 50% de una empresa, disminuye el valor de lo que adquiere, ya que no puede tomar decisiones trascendentales en el negocio’, detalló Álvarez. En una situación en la que se adquiere una posición minoritaria de una empresa que cuenta con buen gobierno corporativo, no es necesario hacer el descuento por control, ya que la firma cuenta con buenos gerentes y directores, resaltó.","gestion","04/09/2017"
"PROYECTO SOLAR DE ENGIE INICIA OPERACIÓN COMERCIAL EN EL 2018","Planta de Intipampa, en Moquegua, significa una inversión de US$ 55 millones. WILFREDO HUANACUNI. Entre enero y febrero del próximo año se prevé que el proyecto fotovoltaico Intipampa (Moquegua), de Engie Energía Perú, ingrese a la etapa de operación comercial y suministre energía a la región sur. El vicepresidente comercial de la compañía, Daniel Mac, reveló que ya han invertido US$ 30 millones en el proyecto solar, y el saldo de US$ 25 millones servirá para completar su construcción hasta fin de año. El proyecto Intipampa es una iniciativa solar de 40 megavatios (MW) presupuestada en US$ 55 millones, que consiste en la instalación de 138,000 módulos solares. Potencial. Engie espanará potencial energético en el sur mediante esta demanda de mineras, distribuidoras e industrias. Daniel Mac. Mercado objetivo. En el lado comercial, Engie Perú ofrece en primer lugar de manera directa a distribuidoras eléctricas y mineras. Sin embargo, está ampliando su oferta de energía hacia el sector industrial (empresas de vidrio, textiles, papel, agropecuarias y otras) que operan hasta con 5 MW de capacidad, en calidad de clientes libres. Daniel Mac. Dinámica. Engie cuenta con un total de 53 clientes y espera alcanzar 62 para fin de año. Si bien no precisó cifras breves sobre los ingresos de la sa, Mac indicó que estos serán menores que el año pasado por la sobreoferta de energía existente en el mercado. Relevancia regional. La empresa apunta, con sus operaciones vigentes, a crear un centro de generación en el sur que logre atender a las futuras operaciones mineras, como Quellaveco, Tía María o Marcobre. Con ello, también se dejará de depender de la energía proveniente de Chilca, que llega al sur por líneas de transmisión. A la fecha, Engie cuenta con centrales eléctricas distribuidas en sus operaciones de reserva fría 110/31 (500 MW) y el nodo energético de Ilo (610 MW), ambos en Moquegua. Mac también indicó que, por cambios de la matriz energética, en noviembre se desconectará la instalación CT Ilo 1 del sistema eléctrico, que opera con diesel pesado. Por su parte, la central Ilo 2 es una planta que opera a carbón, y en la actualidad trabaja a total capacidad, para dar sostenibilidad energética al sur peruano. La empresa también tiene hidroeléctricas en Pasco (Yungay) con potencia de 134 MW, y en Nazca (Quitaracsa) con 114 MW. PRÓXIMO AÑO. Hay cincuenta consorcios que se alistan a participar en la reconstrucción en Piura.","gestion","04/09/2017"
"Mayor oferta hace que se transfieran costos al consumidor","Daniel Camacho anotó que el sector no desarrollará nuevas centrales en los próximos cuatro años. Un centro de generación en el sur podría atender futuras operaciones mineras, como Quellaveco, Tambo y Marcobre. Con ello, también se dejaría de depender de la energía proveniente de Chilca, que llega al sur por líneas de transmisión.  A la fecha, Engie cuenta con centrales eléctricas distribuidas en sus operaciones de reserva fraccional (110 MW) y el nodo energético de Ilo (610 MW), ambos en Moquegua. Camacho también indicó que, debido a cambios en la matriz energética, en noviembre se desconectará la instalación CT Ilo 1 del sistema eléctrico, que opera con disel y petróleo residual. Por su parte, la central Ilo 2 es una planta que opera a carbón, y en la actualidad trabaja a total capacidad, para dar sostenibilidad energética al sureño peruano.  La empresa también tiene hidroeléctricas en Pasco (Yungay) con potencia de 134 MW, y en Nazca (Quitaracsa) con 114 MW.","gestion","04/09/2017"
"Próximo año hay cincuenta consorcios que se alistan a participar en reconstrucción en Piura","El Gobierno Regional de Piura señaló que cincuenta consorcios de infraestructura, construcción y maquinaria pesada participarán el próximo año en trabajos de reconstrucción en la zona, para superar los daños ocasionados por El Niño Costero. Las inversiones fuertes se van a dar mediante consorcios y con participación de empresas de la región, reveló el gobernador Reynaldo Hilbck. Indicó que hasta la fecha se tienen 133 propuestas que buscan habilitar y reparar la infraestructura dañada de los ríos Chira y Piura.  Interbank, Pacasmayo, BCPSeguros y Backus tienen previsto participar bajo el esquema de obras por impuestos, con versiones que en conjunto alcanzan casi S/ 360 millones para construir pistas, pasos, colegios, agua y saneamiento en Piura, dijo Hilbck.   El gobernador regional también indicó que la agricultura de banano orgánico y mango que se cultivan en las áreas de San Lorenzo, Medio Piura y en el valle del Chira, presentan problemas de logística para llevar los productos al puerto. Sin embargo, hay actividades, como la maricultura y pesca de anchoveta y merluza, que presentan buenas condiciones en Sechura, Paita y Talara. Puso énfasis en la necesidad de cambiar la matriz energética en la región, porque Piura cuenta con reservas de gas.","gestion","04/09/2017"
"Ocho restaurantes peruanos planean arribar a Chile","Ocho nuevos restaurantes peruanos se sumarán al mercado gastronómico de Santiago a partir del segundo semestre de este año, informó el diario El Mercurio. Así, llegarán Qaray, marca del chef Mitsuharu ‘Micha’ Tsumura, que fue inaugurado en Lima. Qaray será el número uno en su local en el hotel W con Gerson Casas, su jefe de cocina. ‘Qaray significa “queso chahuaco picante” en nombres mapuches, una marca que versa sobre tres pilares: sabor peruano, técnica japonesa y producto local. Su arribo a Santiago se dice conocer este verano.’  Barra Chalaca, apuestas de Gastón Acurio, también se instalará en la capital chilena. Barra Chalaca ya se vendió como franquicia el año pasado, pero aún falta definir su ubicación, mientras que Panchita estará en Vitacura. La franquicia está a cargo del grupo Mil Saludos, que es la número 13 y que incluye a La Mar, cinco locales de Tanta y otros dos de Mama Tusan. Jerónimo, de Mario Adrianzén, es otra marca que apostará en Santiago. Su plan es abrir a fin de año. También el grupo peruano Civitan aterrizará con La Nacional en los centros comerciales Vivo Los Trapenses y Mall Plaza Dominicos. Además desarrollarán la marca Café Independencia y una sanguchería. La Panka tiene en sus planes llegar a Santiago este año como franquicia.","gestion","04/09/2017"
"Arte Express tendrá dos Urban Hall más en Centro Histórico","Acaba de adquirir dos edificios, uno en plaza Francia y otro en jirón Mir Quesada y el siguiente año iniciarán construcción. Cerró la compra de su proyecto más importante en plaza San Martín. Fernando Palazuelos, presidente general de Arte Express, señaló a Gestión que los predios adquiridos se ubican, uno en plaza Francia y otro en el jirón Mir Quesada, en el centro de Lima, aunque optó por no revelar las ubicaciones exactas, por el momento. ‘Son dos adquisiciones para dentro de un mes que ya están cerradas, donde vamos a replicar el concepto que tenemos en el Urban Hall del Edificio Wiese’, sostuvo. En el caso del edificio de plaza Francia, este ha sido adquirido a un banco, y el de jirón Mir Quesada a una compañía de seguros. Su restauración, junto a la del edificio en plaza Dos de Mayo, podría iniciar el siguiente año; todo depende del tiempo que se tomen los trámites de licencia, dijo.","gestion","04/09/2017"
"ARN ampliará planta para elevar producción de joyas","La fabricante y exportadora de joyas ARN definirá en el 2018 expansión de su planta en Chorrillos para aumentar la producción de algunas de las líneas en las que ya está trabajando al 100% de su capacidad, según su gerente general, Julio Pérez. Esta inversión también podría incluir la compra de máquinas para atender a nuevos mercados, con lo que en Cerro Ariana haría gradualmente la producción de cadenas, pulseras y anillos. ‘Estamos llegando a niveles de plena capacidad instalada en casi todas las líneas. Quizás evaluemos comprar unos terrenos ahí, acomodando nuevos ambientes e incrementando la producción entre 10% y 15%’, estimó. La planta actualmente alberga alrededor de 3,000 metros cuadrados, y la ampliación podría ser de unos 500 m² a 1,000 m², anotó.","gestion","04/09/2017"
"Entrevista Sebastián Landi, gerente general en Perú de The Clorox Company","Evaluamos entrar a nuevas categorías en crecimiento que aporten rentabilidad","gestion","04/09/2017"
"Renato Achala, miembro del Comité de Lucha de la región de Loreto, indicó que la suspensión de la huelga será hasta inicios del próximo año.","En el 2018 inician las evaluaciones de desempeño para los maestros del nivel inicial y veremos si el Gobierno cumple sus compromisos. Pliego de reclamos que pretendía alcanzar el Comité de Lucha incluye: I. Incremento al 10% del PBI del presupuesto al sector, Reforma Magisterial y su modificatoria N°30541. Rechazo a las evaluaciones de desempeño.","gestion","04/09/2017"
"Fuente: Canal N","5. Pago de la deuda social sin necesidad de cumplirla. 5. Nuevo Decreto Legislativo N°303B. aumento de dos y medio salarios para maestros contratados y auxiliares de educación, así como de salario básico profesional que corresponden a cargos jerárquicos equivalentes a los directores designados. De seis congresistas, en las instalaciones del Ministerio. Por ejemplo, los dos primeros puntos del acuerdo de julio (piso salarial y beneficios para docentes contratados) con Sutep se mantuvieron. Lo mismo sucedió con las evaluaciones de desempeño. En el decreto se acordó disponer, además, de 200 millones de soles para pagar la deuda social. Así como establecer la jubilación anticipada a partir de los 55 años de edad.","gestion","04/09/2017"
"Pedro Castillo, dirigente del Comité de Lucha de Bases Regionales, indicó que lo que se logró con las movilizaciones, además del acta entre Sutep y Minedu, fue la ‘reivindicación del maestro’. ‘Recobrar el honor del magisterio y que el problema del sector educativo está presente en la agenda del Gobierno, dijo a RPP. En tanto, señaló estar seguro de que el gremio magisterial cuenta con ‘una imagen reforzada’, tras las huelgas. Finalmente, Castillo subrayó que hoy no iniciarán las clases, pues declararon ‘duelo nacional’.","nan","gestion","04/09/2017"
"Abogado analiza el papel del fujimorismo en la huelga magisterial","Ghersi: Keiko no mide que se puede hundir junto a Kuczynski. El abogado Enrique Ghersi dio su particular opinión sobre la caída en las encuestas del presidente Pedro Pablo Kuczynski a razón de la huelga magisterial. El letrado consideró que a este gobierno le falta más decisión política para finalizar la paralización de los maestros. ‘El problema es el comportamiento político. Yo no creo que Kuczynski no se dé cuenta de ello, es un hombre con una gran experiencia política’, indica WillaxTV. Así juicio, PPK no es el único perdedor en este asunto, sino Keiko Fujimori, cuyo partido preside el Parlamento. ‘Creo que Keiko no está midiendo que se puede hundir junto a Kuczynski, ya creo que va a haber un gran problema político, una crisis sistémica a mediano plazo. La gente los va a hacer responsables a los dos’, anot. En ese sentido, adelantó que en los próximos comicios Alianza para el Progreso, de César Acuña, desplazará al fujimorismo y se convertirá en la primera fuerza política. ‘All los fujimoristas se van a atemorizar y se darán cuenta de que cometieron un error’, indic Ghersi.","gestion","04/09/2017"
"TC dice que se conocerá su sentencia el 15 de septiembre, aproximadamente","Apra y fujimorismo evalúan medidas para sancionar tránsfugas. Jorge del Castillo y Miguel Castro no cerraron la posibilidad de que sus respectivas bancadas presenten, por separado, una iniciativa legislativa para mejorar la norma en una reunión de su aprobada a inicios de día ni antes de que se conozca la sentencia oficial del TC. Las bancadas del Apra y Fuerza Popular evalúan nuevas medidas para sancionar el transfuguismo parlamentario. Esto ante la posibilidad de que se el fallo del Tribunal Constitucional, que podría derogar la ley anti-tránsfuga. Por su parte, su colega de bancada Miguel Castro no cerró la posibilidad de sentar un proyecto de ley adecuado al funcionamiento del Parlamento. ‘El proyecto debe centrar la conducta de algunos parlamentarios que buscan prebendas a través de la formación de nuevas bancadas’, anotó el fujimorista. Hay que estudiarlo Consultado por esta situación, el legislador aprista Jorge del Castillo dijo que hay que estudiar una fórmula consensuada. ‘Para sancionar el transfuguismo se podrían presentar una ley y para la creación de grupos varios se necesita una resolución legislativa’, indic. En tanto, Javier Velásquez Quesquén consideró que hay algunos excesos en la norma que se deben de corregir, como la prohibición que tienen estos legisladores de postular a la Mesa Directiva. Oscar Urviola, miembro del TC, indicó que, a más tardar, el 15 de setiembre se conocerá la sentencia. ‘Después de la votación en el pleno, que fue el 18 de agosto, se otorgan siete días hábiles para los votos singulares. Luego, se inicia una ronda de rectificaciones, derecho de cada magistrado para cambiar de opinión’, aseguró. Urviola, quien hoy culmina sus labores en el TC, explicó que para este último proceso se otorgan tres días más.","gestion","04/09/2017"
"Congresista sostiene que debe haber cambios en el Gabinete","Úrsula Letona afirma que Kuczynski está rodeado de un ‘equipo de sobones’. Legisladora de Fuerza Popular señala que Fernando Zavala debe dejar la PCM y quedarse solo en la cartera de Economía. La congresista de Fuerza Popular Úrsula Letona cuestionó el desempeño del presidente Pedro Pablo Kuczynski, así como el de su equipo ministro, al cual calificó como ‘un grupo de amigos’. ‘Está rodeado de un equipo de amigos. Este es el Gobierno del guano institucionalizado. Eso le impide percibir la realidad’, expres. En diálogo con Agenda Política consideró que el mandatario está mediado por ‘un equipo de sobones’. Sostuvo que PPK ve las cifras macro y sigue encasillado en la gran empresa, pero no sale a observar la calle. ‘Siento un presidente intermitente, hoy ausente. Creo que todavía no se ha dado cuenta de las dificultades que tenemos. Para mí fue una alerta el discurso que dio (Kuczynski) el 28 de julio, donde no hizo un mea culpa real’, añadió la legisladora. También mencionó que debe perseguirse a la ministra de Educación, Marilú Martens. Consideró que se deben hacer cambios en el Gabinete. Señaló que Patricia García (Salud), Manuel Merino (Educación) y Carlos Basombrío (Interior) deben dar un paso al costado. En el caso de García, indicó que ‘hace rato debió irse’, tras señalar que el crecimiento del dengue era un costo social. Sobre Merino, indicó que la huelga no culminó porque se haya resuelto el problema, sino que fueron los profesores los que decidieron levantar la paralización. En caso de Basombrío, indicó que no se requiere de un ‘opinologo e investigador de escritorio, sino de alguien que sepa qué hay que hacer. ‘Debe hacer algo macro y explicar su política, hasta ahora no ha podido explicar qué estamos haciendo en inteligencia civil, en la lucha contra el terrorismo’, apuntó. Sobre el Jefe del Gabinete, Fernando Zavala, señaló que ‘el que mucho abarca poco aprieta; por lo que consideró que debería dejar la PCM y quedarse solo en la cartera de Economía. Añadió que el Gabinete debe ser dirigido por alguien con más cintura política. ‘Soy testigo que (Zavala) ha querido tender puentes, pero los ha dinamitado. Peruanos por el Cambio es una bancada delicada’, anotó.","gestion","04/09/2017"
"SUNEDU tiene entre sus planes realizar ajustes a la Ley Universitaria","Así lo informó la presidenta de dicho grupo, Paloma Noceda. En esto sentido, señaló a Gestión que se ha dado a conocer una serie de masivos en torno a la tendencia Nacional de capacitación Superior Universitaria (Sunedu). ‘Hay problemas con la Sunedu, no solamente los estudiantes sino que los representantes delas universidades se quejan de que el licenciamiento no está bien dado, muchas universidades van a tener que cerrar filiales’, expresó. Al ser consultada sobre cuáles son los ajustes que se le harán a la Sunedu, Noceda mencionó una de las más importantes es sacar la Ley General del Depende. Comisión de Educación evaluar cambios en la Ley Universitaria La Comisión de Educación dijo que se recopilarán las informaciones, a fin de ver cuáles mejoras se pueden hacer y asegurar la calidad académica y que hay viabilidad para que las universidades puedan ofrecer enseñanza de calidad. ‘Sí, es una prioridad, una vez que pase esta crisis (la huelga de docentes) debemos abordar también otros temas’, añadió. Finalmente, Paloma Noceda indicó que también se impulsa la Ley General del Deporte, cuyo dictamen qued pendiente. Además, indicó que calificarán si están de acuerdo con lo que tiene programado el comité organizador de los Juegos Panamericanos Lima 2019.","gestion","04/09/2017"
"Vargas Llosa dispara a todos","Luis Vargas Llosa se mostró, nuevamente, crítico con la tarea de Fuerza Popular en el Parlamento. ‘El fujimorismo se está degradando tanto que le puede surgir un competidor populista de derecha aún peor, escribió en su columna en La Tercera.","gestion","04/09/2017"
"EL PRESIDENTE DEL CONSEJO DE MINISTROS SOBRE LA ADMINISTRACIÓN DE TIERRAS ESTATALES","“Tenemos que comenzar a poner en valor las tierras del Estado en general, y en específico las que tienen que ver con Defensa y que no son estratégicas“, dijo el presidente del Consejo de Ministros, Fernando Zavala, cuando anunció el proyecto.  Yerreo es nuestro. La SEN pedirá que estas áreas pasen a manos del Estado sin necesidad de que sean expropiados.","gestion","04/09/2017"
"LA CIFRA","95 mil inmuebles registrados en el Estado, con una superficie aproximada a (20,233.71 hectáreas), según la SBN.","gestion","04/09/2017"
"TIERRAS ERIZAS","Por otro lado, el jefe de la SBN comentó que esta institución presenta problemas para hacer uso de terrenos erizados (aquellos que no son explotados por razón de exceso de agua) los cuales –en teoría– les pertenecerían al Estado por default si no son de comunidades o un particular.","gestion","04/09/2017"
"CAMINA, HACIA EL ÉXITO","¿Sabías que tras realizar un MBA los salarios en Latinoamérica aumentan hasta un 130%?  FERIA INTERNACIONAL DE MBA Rotman, ESADE, Alberta, ESMT, The University of Sydney, ESIC, EDHEC, Desautels, MIP, HEC y muchos más.  LIMA, 7 de Septiembre REGÍSTRATE EN TopMBA.com/Lima","gestion","04/09/2017"
"MINISTERIO DE ECONOMÍA ESPERA UN CRECIMIENTO DE HASTA 20% EN SETIEMBRE","MEF: Caída de la inversión pública se puede revertir totalmente desde octubre  En el MEF aseguran que en septiembre el crecimiento de la inversión pública depender de lo que puedan ejecutar los gobiernos locales, pues tienen una meta alta respecto de lo ejecutado el mismo mes del 2016.  La inversión pública será el motor de crecimiento de la economía en lo que resta del año y en el 2018. Si bien en agosto se logró un repunte de 16%, en el acumulado del año tiene una caída de 2% respecto al mismo periodo del año anterior.  Aún así, el Ministerio de Economía y Finanzas (MEF) tiene confianza que en el segundo semestre del año se lograr un crecimiento de 19% para que la inversión pública pueda crecer a una tasa de 7,5% al cierre del 2017.  El inicio de la reversión de la caída acumulada de la inversión pública se dará recién en octubre, ya que aún existe un brecha que se tiene que equiparar.  El reto Para el MEF, el reto de septiembre es alto, ya que el monto invertido en el 2016 superó los S/ 2,265 millones en los tres niveles de gobierno. Además, se suma la inversión que se debe revertir la contracción acumulada en lo que va del 2017.  “En septiembre tendría que invertirse los S/ 2,265 del año anterior, más S/ 222 millones que quedó de la brecha del acumulado. Es decir, se debe lograr cercano a S/ 2,500 millones para llegar a cero en el acumulado”, afirmaron desde el MEF.","gestion","04/09/2017"
"OBJETIVO","Para que la Inversión pública deje de caer, en septiembre se deberá ejecutar cerca de S/ 2,500 millones. En el MEF aseguran que hacen un trabajo de seguimiento para lograrlo.","gestion","04/09/2017"
"EJECUCIÓN CRECIÓ 16% EN AGOSTO, SOSTENIDA POR EL GOBIERNO NACIONAL","La inversión pública en el país habrá comenzado a levantar cabeza en el mes de agosto, pues logró un crecimiento de 16%, la tasa más alta alcanzada durante el 2017. Así se logró un monto que supera los S/ 2,424 millones, de acuerdo con cifras del Ministerio de Economía y Finanzas (MEF).  El crecimiento de la inversión pública de agosto supera al 14% registrado en enero (que era la cifra más alta del año)...  Además, el resultado del octavo mes del año se destaca porque en agosto del año pasado, la inversión pública creció 29%. Lo que significa que no estamos frente a un efecto estadístico como resultado de cualquier normalización tras una tasa negativa.  En el octavo mes del año, la inversión del Gobierno nacional impulsó la recuperación, pues logró ejecutar proyectos por más de S/ 1,010 millones, monto que significó un crecimiento de 24% respecto del agosto del 2016.  En el caso de los gobiernos locales, la inversión pública creció en 15%, y en regiones en 5%.","gestion","04/09/2017"
"DEL SALTO DE UN MES A UN REAL CRECIMIENTO","Repunte de la inversión pública en agosto podría ayudar a mejorar las expectativas sobre la economía, aunque no sería suficiente. Se necesita ver una tendencia real de crecimiento. Es decir, que el resultado del octavo mes del año no resulte ser solo un salto aislado.  El inicio de las obras de prevención de desastres, como parte del plan de reconstrucción, en el que se tiene planeado ejecutar S/ 1,263 millones en los diez que restan del año, será fundamental para lograr este objetivo. También se debe asegurar que se logre la ejecución de los S/ 1,782 millones que se destinaron en el Decreto de Urgencia 004, para obras que ya tenían expedientes listos para recibir presupuesto.  La meta del Gobierno de que la inversión pública crezca 7.5% en el 2017, con los resultados que se tienen hasta hoy, sigue siendo optimista. Pero de lograrse, podría ser el inicio de una recuperación real de la economía.","gestion","04/09/2017"
"AVANCE SECTORIAL EN AGOSTO","Transportes y Comunicaciones impulsó ejecución de obras de los ministerios  Según el Ministerio de Transportes y Comunicaciones (MTC), inversión pública del sector se incrementó en 44% en agosto respecto al mismo mes del año pasado.  La inversión pública en el país registró su mayor crecimiento en agosto de este año (ver página 26). En este marco, el sector de Transportes y Comunicaciones realizó la mayor ejecución presupuestal en ese mes (más de S/ 670 millones).  Ello representa un crecimiento de 44% respecto al mismo mes del año anterior. Según el Ministerio de Transportes (MTC), esto se explica porque se pusieron en marcha las obras complementarias de la Línea 1 del Metro de Lima, los estudios de ingeniería de la Línea 2 del sistema de Metro de Lima, así como la construcción y mejoramiento de vías nacionales, y la adquisición de terrenos para la ampliación del aeropuerto Jorge Chávez durante el mes pasado.  OTROS SECTORES. Después de Transportes y Comunicaciones, en agosto el sector Educación registró la mayor inversión (S/ 104875.063), seguido de Vivienda, Construcción y Saneamiento (S/ 88198.243)! Agricultura (S/ 52789.249). Desarrollo e Inclusión están al final de la fila con una Inversión pública de S/ 1,780 en agosto de este año. Como se recuerda, tras los conflictos con los maestros y profesionales de la salud, para el 2018 se buscará ampliar el presupuesto para Educación y Salud.  El crecimiento de la ejecución presupuestal se debió principalmente a las mejoras hechas al transporte urbano, se invirtieron más de S/ 209 millones en obras complementarias de la Línea 1 y $/133 millones en valorizaciones de obras para la Línea 2, destacó el sector.  Asimismo, las inversiones en infraestructura vial significaron cerca de S/ 287 millones. Y, con el objetivo de modernizar el primer terminal aéreo del país, se destinaron más de S/ 41 millones a la ampliación del aeropuerto Jorge Chávez (que iniciará obras en diciembre de este año).  Según el ministerio, en el octavo mes del año se ha ejecutado un 48% adicional al monto programado para ese período. Se ha inyectado más de S/ 216 millones extras, reviniendo la caída registrada en los primeros meses del 2017, anota.  Desagregando el monto total del sector por pliegos, solo el Ministerio de Transportes y Comunicaciones ejecutó S/ 669832,391, mientras que la Autoridad Portuaria Nacional gastó S/ 183,550, según Consulta Amigable del Ministerio de Economía.  Cabe indicar que el sector ha registrado un avance de 36.3% a la fecha (al 2 de septiembre del 2017). Su presupuesto para el año es de S/ 8,822252,665 (presupuesto institucional modificado).  Además, hay que subrayar que en el proyecto de presupuesto para el 2018 se templa destinar S/ 15,111 millones a transportes y S/ 856 millones a comunicaciones.","gestion","04/09/2017"
"OPTIMISMO DEL ESTRATO SOCIOECONÓMICO A DESCENDER 20 PUNTOS","Índice de Confianza del Consumidor a nivel nacional con fuerte caída en agosto  El pesimismo se apoderó de los peruanos en el mes de agosto, tanto en Lima como en el resto de regiones, especialmente en el norte, donde la caída fue más fuerte. Los más pesimistas están en el nivel socioeconómico E.  Durante el mes de agosto, el Gobierno manifestó su optimismo por ver una recuperación de la economía en el segundo semestre, situación que difiere con las huelgas de médicos y profesores que se dieron en simultáneo, las que por ahora se encuentran suspendidas.  No les contrastan con el optimismo del Gobierno, sino también la sensación que tiene la población sobre la economía. Precisamente en agosto, el Índice de Confianza del Consumidor, medido por GfK, se desplom a niveles más bajos que los registrados en el Gobierno anterior, que no bajó de 10586 puntos en el país.  Mayoría de consumidores declaró que la economía está empeorando, no simplemente se ha frenado.  A nivel nacional, hubo una caída de 14 puntos en la confianza... del índice, ya que bajó de un optimismo de 116 puntos en julio de este año a un pesimismo de 84 puntos (el menor desempeño de los últimos cuatro meses).  Hay que precisar que el límite establecido mueve el pesimismo en 100 puntos.  Parece haber indicios de una estrecha relación entre la actuación política y el optimismo del consumidor, cuestión que ni el Gobierno ni sus críticos parecen apreciar fácilmente, explica el analista de Opinión Pública de GfK, Sergio Ugaz.  Regiones  El desplome de la confianza se da en todo el país, pero con mayor énfasis en Lima. Aquí la caída fue de 21 puntos, ya que mientras que en julio se tenía 110 puntos, en agosto bajó a 89 puntos.","gestion","04/09/2017"
"La informalidad en el Perú","Recientemente, el economista Hernando de Soto dijo que para entender la razón de los problemas que afectan al país es necesario tener en cuenta que en el Perú existe un 70% de personas que no están dentro de la ley (informales).  Según el INE, al año 2015 la población ocupada fue de 15.9 millones de personas, de las cuales el 73.2% tenía empleo informal. Igualmente, en el 2016, la población ocupada en el Perú, sin incluir la minería, que laboraba en la informalidad fue 80.4% del total, siendo 19.6% los que trabajaron en condiciones formales. Hay consenso en que el 35% de nuestro PBI es de origen informal.  Atención que la informalidad no solo perjudica al Estado, porque no se captan impuestos que permitan afrontar gastos de inversión y demandas sectoriales, sino también al privado, porque limita el crecimiento de las empresas y les genera costos, y además, no pueden acceder a la banca formal. En ese sentido, la Sunat no debería dedicarse únicamente a cobrar tributos y nada más, sino que también debe ser una institución tutora que ayude a resolver problemas. Es menester facilitar los medios o mecanismos para que más empresarios sean formales, es decir, la eliminación de costos y pagos para poder formalizarse, desde la constitución de la empresa, hasta su operación.  Finalmente, la informalidad limita el crecimiento económico de un país y perjudica su desarrollo, por lo que derrotar, al menos disminuida, ese gran reto de este gobierno y los próximos. Solo así se tendrá una sociedad más igualitaria.","gestion","04/09/2017"
"Hasta 10,000 peruanos repatriarán capitales con la amnistía tributaria","Bancos locales ya están empezando a recibir dinero de repatriación, que estaría entre US$ 2,000 y US$ 5,000 millones. Fondo mutuos, ETF, bonos, Fibras y FIRBIS serán instrumentos preferidos por capital que vuelve al país.  En medio de una gran tentativa de la banca local, algunos peruanos comenzaron a repatriar el capital que tenían fuera del país y que no había sido declarado al fisco. El Gobierno dispuso una amnistía tributaria para tasas no declaradas (en el exterior u ocultas) que estará vigente hasta el 29 de diciembre del 2017.  Los contribuyentes que se acogen a este régimen y declaren esos fondos pagarán una tasa impositiva de 10%, pero si además demuestran devolver invertida en el Perú ese dinero la tasa será de solo 7%. Según estudios de dos, a la fecha se habr amnistiado a unas 25 personas, señaló Gonzalo Resa, gerente de Banca Patrimonial de Scotiabank.  Por nuestro lado, estamos recibiendo algo de dinero que se está acogiendo a la repatriación; ya son montos interesantes, reveló Gestión. Gonzalo Cortés, gerente de Banca Privada de BBVA Continental, refirió que algunos clientes ya decidieron repatriar sus fondos, pero hay otros que están pidiendo información y analizando los pros y contras de este régimen temporal.  Extraoficialmente, el número de acogidos hasta ahora es bajo, Sin embargo, eso es normal que suceda en todos los procesos de amnistía en otros países. En los tres últimos meses habr mayor acogimiento, dijo Cortés. Mesmismo, Las semanas pasadas, Sunat precisó que habían solicitado desde acogimiento a repatriación de capitales por S/ 7 millones.  Considerando lo ocurrido en otros países, entre 7,000 y 10,000 serán los peruanos que se acogerán a la amnistía, de los cuales un porcentaje relevante repatriará su dinero, estimó Resa. En noviembre habrá más actividad, pero diciembre será el mes crítico, sobre todo las dos últimas dos semanas, avizoró.  Scotiabank prevé que estas personas declararán entre US$ 15,000 millones y US$ 20,000 millones. De ese total, entre 25% y 30% se repatriará, es decir, US$ 5,000 millones, dijo Resa. Para BBVA Continental, el monto a ser repatriado ser menor, de entre US$ 2,000 millones y US$ 3,000 millones. Cortés destacó que la amnistía también aplica para rentas no declaradas en el país. Algunos comercios que han tenido de rentas o ingresos locales y no los declararon; este régimen les permite hacerlo con iguales beneficios, resaltó.  Quienes evalúan repatriar su dinero buscan qué entidades financieras locales les garantizan confidencialidad, coincidieron en señalar ambos ejecutivos. Además, que les ofrezcan seguridad, buen servicio con asesoría, productos de inversión sustentados, resaltaron. En tal sentido, los segmentos de banca privada de ambas entidades se alistan a desplegar una oferta de productos que permita una diversificación en mercados internacionales, explicaron.","gestion","04/09/2017"
"¿Qué hizo el entonces premier Javier Velásquez Quesquén en el segundo Gobierno de Alan García?","Está gente. Este variable que tiene que tomar en cuenta el comité que está diseñando la nueva licitación.  La idea es que primero asegure el abastecimiento del gas. No vamos a ser un Gobierno que vaya a desarrollar un gasoducto, como el americano, para obtener.  Ya sabemos que tenemos gas y cuanto. También se tiene que definir en función de cuanto consumen las centrales y cuanto guardar para la petroquímica.  Por qué la empresa china CNPC quiere venderle gas al ganador de la licitación del gasoducto, si como concesionarios del lote 58 pueden disponer del mismo como mejor les parezca y a un precio libre?  Hay que crear incentivos.  La Illicitud del proyecto incluyó el ducto de líquidos, que, según sabe, es clave porque rentabiliza el proyecto. ¿La nueva licitación incluye en el diseño un ducto de líquidos?  Todo depende del diseño y el financiamiento que se requiere. A mí me gustaría que lo tuviera, pero tenemos que analizar cuanto cuesta el proyecto que vamos a licitar.","gestion","04/09/2017"
"Perú inicia exportación de carne de cerdo a Bolivia","Dos exportadoras nacionales recibieron autorización cumpliendo con márgenes de seguridad sanitaria e inocuidad exigidos con productos libres de enfermedades, no representando riesgo alguno al importador.  En los próximos días se publicarán los requisitos técnicos que permitirán la exportación de carne de cerdo a Bolivia, así como de bovinos vivos para reproducción con destino al mercado peruano, informó el Senasa.  Las exportadoras peruanas Suprema y Corporación Rico recibieron la autorización al suministrar con más del 50% de márgenes de seguridad sanitaria e inocuidad exigidos con productos libres de enfermedades, no representando riesgo alguno al importador.","gestion","04/09/2017"
"Nombramientos","- Michel Macará-Chvili fue designado como nuevo director ejecutivo del Fondo Nacional de Financiamiento de la Actividad Empresarial del Estado (Fonafe). En octubre del 2016 asumió el VIC ministerial de Pesquerías Sociales del Midis. Antes fue gerente general de Neptunia por cuatro años.  - Lorenzo Orrego fue designado como superintendente de la Superintendencia de Transporte Terrestre de Personas, Carga y Mercancías (Sutran). Fue director general de Control y Supervisión de Comunicaciones en el MTC. Además, CEO de Logrem SAC entre el 2010 y 2013.  - Ángela Grossheim fue designada en el cargo de viceministra de Energía del Ministerio de Energía y Minas (MEM). El año pasado fue nombrada como secretaria general en el MEF. Fue directora de Desarrollo de Proyectos de IC Power por dos años (desde noviembre, 2014).","gestion","04/09/2017"
"La exigencia nos hace innovar","Nos exigimos para ser la única universidad peruana acreditada por WASC, importante acreditación que compartimos con prestigiosas universidades como Stanford y UC Berkeley, que están entre las mejores del mundo.  WASC Senior College and University Commission (WSCUC) está oficialmente reconocida por el Departamento de Educación de los Estados Unidos de América.","gestion","04/09/2017"
"Precio de entradas a museos y discotecas repunta más que inflación en agosto","El grupo esparcimiento, servicios culturales y de enseñanza, uno de los que conforma el índice de precios al Consumidor (IPC) de Lima Metropolitana, tuvo una inflación de 0.09% en agosto de este año, según el informe de precios del INEI.  Sin embargo, la tasa anual (a ese mes) fue de 3.88%, lo que representó el segundo porcentaje más alto después de alimentos y bebidas (4.13%).  De hecho, se ubicó por encima de la inflación total anual a agosto (3.17%). Esto se explica porque los servicios de esparcimiento y cultura tuvieron una inflación de 0.2% en agosto y 2.81% anualizada, mientras que los precios de servicios de enseñanza crecieron 0.09% en el octavo mes y 4.55% en los últimos 12 meses.","gestion","04/09/2017"
"Actividad agropecuaria tuvo mejor resultado","Varios sectores económicos se desaceleraron en julio. Después de que en mayo y junio la economía nacional superara el 3% (se incrementó 3.39% y 3.64% respectivamente), el ministro de Economía, Fernando Zavala, proyectó que para julio el desempeño sería menor.  Así, el PBI habría crecido 2.1% en el séptimo mes del año, estimó el MEF. En este contexto, cómo se comportaron los sectores económicos?  Después de sostener, en parte, el crecimiento del PBI en los meses anteriores (en mayo incluso creció 28.4%), la pesca retrocedió 49.43% en julio de este año, según el avance coyuntural del INEI.","gestion","04/09/2017"
"Para cerrar el déficit habitacional existente","SBN plantea que terrenos del Ministerio de Defensa sean cedidos a vivienda. Parte de los terrenos del Estado se ubican en la periferia de la ciudad, dificultando su habilitación en servicios básicos, señaló el jefe de la SBN, José Luis Pariona.  Hacia el 2016, el déficit habitacional en Lima Metropolitana alcanzó las 612,464 unidades de vivienda, según HGP Group. En este contexto, y para reducir dicho margen, el jefe de la Superintendencia Nacional de Bienes Estatales (SBN), José Luis Pariona, sostuvo que el Ministerio de Defensa cuenta con 71 rondas de hectáreas que podrían emplearse para proyectos inmobiliarios.","gestion","04/09/2017"
"Además de Johnny Walker","Tienen en su portafolio va 69. Old Parr Superior. Old Pan Tribute. Grand Old Parr. Buchanans Deluxe. J&B. Black & White, Run. En este mercado compiten con sus marcas Zacapa 23. Zacapa XO y Captain Morgan. SI bien han crecido, lo hacen por debajo del mercado de whisky.  Licores. En los de crema se ubica Baylles, el cual se ha enfocado más en el  segmento femenino, y buscan reforzar su presencia. tas para el cierre de año, sostuvo el ejecutivo, quien  anotó que en valor se mantienen flat debido a una devaluación a nivel de mercado.  Con esa perspectiva, la empresa se enfoca en tres  pilares: que Johnny Walker mantenga su liderazgo;  crecer en la ‘premiumización’, y acercar al público con  bebidas más accesibles.  Así, en el caso de Johnny Walker, con el que  atacan varios segmentos de consumo (con precios desde $ 50 a $ 900), han visto que la gama de etiqueta roja ha  mantenido su demanda, pero las que siguen se han mantenido flat. Queremos que etiqueta  gravelva acercen  suliderazgo y capte más público, dijo De la Viuda, quien  derecho que las promociones  rn parte importante para  lograr ese objetivo.  Están incrementando en 5% su presupuesto de  marketing con el fin de crecer en presencia de las marcas.","gestion","04/09/2017"
"Premium","El negocio premium es  o aparte. En la línea  Johnny Walker sale Sons Odyssey, whisky que en el mercado peruano se vende a $ 4 mil, la categoría  alcanza crecimientos de  doble dígito. El desempeño del portafolio de lujo está por encima de los otros  momentos de 20% a30%,  dijo el ejecutivo.  Así, no descartan que se sigan sumando nuevos  productos. Si bien no serán nuevas marcas, ya que están casi todas en el país, se  tratará de ediciones especiales y limitadas.","gestion","04/09/2017"
"Fondos Colectivos","Pandero busca alianzas y certificados más altos para línea de inmuebles  A poco menos de un año de haber lanzado su producto destinado a la adquisición de inmuebles, ahora la  empresa de fondos colectivos Pandero, busca crecer en esa área de negocio, por lo que busca concretar  alianzas con empresas inmobiliarias, además de trabajar  apara alcanzar certificados más altos. Pandero Inmuebles  empezó con fondos de US$ 15 mil aUS$ 30 my luego pasa los de US$ 20 mil aUS$ 40 mL  Nuestros clientes pueden optar por ir por más  certificados y de esta manera tras un precio mayor de venta de inmueble, pero actualmente lo que queremos es dar mayores posibilidades, y esperamos en los meses que vienen ya tengamos la  autorización, reflexion Antez de Mayolo, gerente general de Pandero.  Dichos certificados no solo se destinan para la  adquisición de ventas sino también para viviendas y locales  comerciales, continuó el ejecutivo, y en estos meses de operación ya han colocado 700 certificados  para inmuebles.  Entre tanto, en su negocio  tradicional, el ejecutivo precisó que se vio impactado el área del norte, por el fenómeno climatológico, pero pese a ello vieron un incremento de 12% en la colocación de  certificados Tenemos un  producto con 35 marcas que vende SUV y sedanes, y 10 que acabamos de sumar es  dero Chevrolet, pero no  vemos incorporar nuevas  marcas, dijo el ejecutivo.  Así mismo, estimó que con el Motorshow que se realizará este año, se deber repuntar en ventas a nivel de sector.","gestion","04/09/2017"
"Servicios Aeroportuarios Andinos (SAASA)","La empresa Servicios  Aeroportuarios Andinos (SAASA) tiene previsto iniciar operacio- ess en el segundo semestre de este año, ofreciendo una solución integral a las  aerolíneas de carga área. SAASA, perteneciente a Andino Investment Holding fue constituida en el 2012 y el año pasado inició el  llevó de los procesos y los  manuales para terminales de servicios a la ampliacón de sus operaciones a los  aeropuertos de Cusco, Arequipa y Tacna.","gestion","04/09/2017"
"Textil San Cristobal","Textil San Cristobal, espera concluir este año el pago de  una parte de sus acreencias laborales para luego pasar a la solicitud de quiebra, dado que con el producto de  sus activos no ha podido cumplir con el pago de todas sus deudas. Ser la liquidación a cargo de SGL Consulting.","gestion","04/09/2017"
"Inversión de Entel Bolivia","Anunciada la inversión de US$ 60 millones para tender fibra óptica submarina por el Perú, Entel Bolivia aprovechará esta infraestructura no solo para mejorar el servicio de telecomunicaciones en el país altiplánico, sino también para competir en el Perú.  El ministro boliviano de Obras Públicas, Milton  Rosas, reveló que la firma  tenderá a ingresar a proveer servicios en el sur peruano.  Va a instalar oficinas, va a empezar a brindar el  cierto, tanto en Bolivia como en algún otro puesto, comentó. Será la primera inversión de Entel Bolivia en el extranjero en casi 50 años.","gestion","04/09/2017"
"IT People abre oficina","Para concretar su ingreso a América Latina, el grupo tecnológico portugués ITPeople Group tendrá oficina en el Perú, dedicada a proyectos de realidad aumentada y realidad combinada.","gestion","04/09/2017"
"Kapo, lo nuevo de Coca-Cola","El mercado de jugos muestra cada vez más dinamismo. No en vano mueve US$ 287 millones, presentados en 374,000 litros de consumo al cierre del año pasado. Coca-Cola ha visto la oportunidad de entrar con un nuevo producto: Kapo, un refresco de naranja que competirá con Cifruty con un precio similar, bajo el formato personal y de litro. Esta marca ya tiene presencia en Chile y en Brasil a través de Del Valle, una de las firmas de Coca-Cola.","gestion","04/09/2017"
"Nuevo local de Pachactec","El Instituto de Cocina Pachactec, creado por Gastón Acuario, tendrá su segundo local en Lima. Según informó gestion.pe, su próxima escuela estará en Pamplona Alta. Este año, más de 500 personas postularon al instituto de Cocina Pachactec, de las cuales solo 25 ingresaron.","gestion","04/09/2017"
"Falabella con un nuevo mall en Comas","Ala fecha, Falabella en el Perú cuenta con 517,000 metros cuadrados de superficie de centros comerciales en el país. Esto implica 14 centros comerciales entre los que se dividen 110 Pen Plaza y tres Mall Plaza. Cabe indicar que su posición se engrosará a partir del año 2019 ya que se alista un nuevo centro comercial en Comas, en el ex aeródromo de Collque, con un espacio de 120,000 metros cuadrados.","gestion","04/09/2017"
"Mancoraland evalúa construcción de marina deportiva","La inmobiliaria Mancoraland SAC evalúa la construcción y operación de una marina deportiva y club náutico en la playa Hual, en Punta Sal. La Dirección General de Capitanías y Guardacostas reveló que la empresa realizará una audiencia pública de sustentación de estudio ambiental del proyecto náutico, para la segunda quincena de este mes en Punta Sal.","gestion","04/09/2017"
"Rasson Brasas en Jockey Plaza","Rasson Brasas Gourmet se trazó un plan de expansión que lo hace salir de su primer local en Miraflores para entrar al formato en centros comerciales. La marca abrió una operación en el Jockey Plaza. Con ello, inicia un plan de expansión hacia los malls.","gestion","04/09/2017"
"Cierre de lnea de Mepsa","La firma industrial Metalúrgica Peruana (Mepsa) decidi cerrar definitivamente la línea de producción de bolas fundidas y todas las áreas que están vinculadas a dicho proceso, a cambio de potenciar la línea de producción de piezas y mantener la línea de producción de bolas laminadas. Asimismo, Mepsa comercializará sus productos mediante producción por encargo a partir del cuarto trimestre del presente año.","gestion","04/09/2017"
"Peruanos invierten en inmuebles de EE.UU.","El 39% de las inversiones de peruanos en EE.UU. se concentran en Florida, seguida por California (16%). Transcendent Investment Management prevé canalizar inversiones por US$ 65 millones. Las familias peruanas de todos los patrimonios buscan alternativas que les permitan diversificar sus inversiones. En tal contexto, está aumentando la demanda por el mercado inmobiliario estadounidense.","gestion","04/09/2017"
