"headline","content","newspaper","date"
"Renzo Ginérez Vsquez","Mañana celebraremos la edición 71 del Día del Padre en el Perú gracias a Nilo Marchand, un visionario que al enterarse de que lo celebraban en Estados Unidos decidi instaurar esta fecha en el país. Su próximo proyecto es instituir el Día del Abuelo.  La sonrisa de don Nilo hace que por momentos uno olvide que tiene 94 años. Cuenta que su padre fue expulsado de Tacna en la época de la ocupación chilena. Su padre era entonces presidente de la Corte de Justicia de Tacna y Arica.  En 1944 a usted se le ocurrió traer la celebración del Día del Padre al Perú. ¿Cómo sucedió eso?  Un amigo arquitecto, que tenía mucho dinero, me ofreció abrir una tienda de ropa. Yo ya tenía experiencia porque había trabajado con mi hermano en una tienda que se llamaba Tasara y Marchand, estaba en el Jirón de la Unión. Acepté la propuesta de mi amigo y abrimos la Casa Marchand en General La Fuente, en el Centro de Lima. Después de un tiempo el negocio de mi hermano no estuvo muy bien, por lo que decidí vender mi tienda para que él pudiera salvar la suya. Quien compró la tienda me dijo que la condición era que yo trabajara con él por un año [risas]. Un día el gerente de la tienda me envió de viaje a Miami para participar en una subasta de corbatas. Tenía que traer todo lo que pudiera gastando lo menos posible. Durante ese viaje me enteré de que en Estados Unidos celebraban el Día del Padre desde 1910. Quienes lo tenían vivo compraban corbatas azules con bolitas blancas y los que su padre ya había fallecido compraban rojas con bolitas blancas. Entonces me pregunté por qué en Lima no hacíamos eso. Tenía que traerlo a nuestro país, era una oportunidad única.","elcomercio","20/06/2015"
"Es: No le des aos a la vida, dale vida a los aos","—¿Cada cuánto tiempo se reúnen?  Antes nos reuníamos los primeros viernes de cada mes. Pero después comenzé a hacer un cálculo y vi que algunos viajaban o salían de paseo. As que lo pasamos al segundo martes de cada mes.  —¿Por qué elegiste ese día?  Porque en todo el año ningún segundo martes es feriado [risas]. Ahora nadie falta, no se cruza con ningún viaje o fin de semana largo.  —¿Cuántos miembros conforman este grupo?  Somos veinticinco. Invitamos a la gente que se quiera unir a que nos busque en el Club Tacna. Por si acaso, aviso que no tenemos estatutos ni cobramos cuotas. Lo único que deben hacer es ir a divertirse [risas].  —Gracias a usted podemos rendirle homenaje a nuestros padres cada tercer domingo de junio. ¿Qué mensaje tiene para esos padres?  El cambio de épocas ha permitido que los padres tengan más confianza con los hijos. Por ejemplo, mis hijos siempre llamaron a su mam por su apodo: ‘Pocha’. En mi época, hasta el último día me dirigía a mis padres de ‘usted’. Eso ha permitido tener más confianza, es como cambian las épocas, pero también deben cuidar que se mantenga el respeto en esos jóvenes.  —Además del Día del Abuelo, tiene otro proyecto en mente?  Me encuentro en una lucha. Estoy buscando la forma de hacerles entender a las autoridades que debemos colocar postes para izar la bandera cada domingo en las plazas públicas. Es una vergüenza que no exista eso en nuestro país. Si uno va a Nueva York, está embanderado todos los días. ¿Por qué? No sé, pero está embanderado. Si vas a Chile, ni hablar. Está embanderado. Estoy buscando qué se puede hacer.  —Tuvo algún sueño que no pudo cumplir?  Yo quería ser marino, pero cuando fui a presentar mi solicitud me dijeron que no. Como nac durante la ocupación de Tacna, mi partida de nacimiento indicaba: ‘peruano por voluntad de sus padres’. Yo era más peruano que ese señor, pero esa situación me impidió entrar.","elcomercio","20/06/2015"
"Un empate ante Colombia clasifica a Perú","Ecuador venció 2-1 a México y qued tercero en el Grupo A con 3 puntos, los mismos que tiene la selección, que mañana podría contar con Farfán.  Página 2  Lima, sábado 20 de junio de 2015  En esta edición: - Casa y más - Geniograma gigante - Luces  Neymar quedó fuera de la Copa América: fue suspendido cuatro fechas  Habría insultado al árbitro chileno Osses en el partido entre Brasil y Colombia. Página 3  www.elcomercio.pe  Edición sábado Año 176 - N° 88 997 - Precio en Lima S/. 3,00 Independencia y veracidad al servicio del país desde 1839 Director general: Francisco Mir Quesada C. Director periodístico: Fernando Berckemeyer Olaechea  Pesquisas parlamentarias. Los nexos del ex jefe de campaña del humanismo con el Estado A4  Comisión Belaunde Lossio investigará a Nadine Heredia  Por mayoría. El grupo que preside Marisol Pérez Tello aprobó incluir en sus indagaciones a la primera dama y otras 10 personas.  Más implicados. La lista incluye al detenido empresario, a su ex pareja Roxana Altuna y a Juan Carlos Rivera Ydrogo.  Respuesta vía tuiter. Esposa del mandatario critica a presidenta de la comisión y le dice que ‘en democracia hay derechos que respetar.’  Robinson Gonzales se entrega a la justicia  Ex vocal supremo es acusado por el Ministerio Público de formar parte del brazo legal de la red de Rodolfo Orellana. A6  Christian Salazar  Terminator regresa para salvarnos  Conversamos con Arnold Schwarzenegger, quien vuelve con el personaje que lo convirtió en una superestrella.  -----  El mundo después de Ataucusi  A 15 años de la muerte del líder religioso, salen a la luz rupturas y denuncias.  De la selva sus ‘cowboys’  Kenny Rogers y Willie Nelson no son nombres extraños en la selva peruana. A partir de la cultura ganadera de Oxapampa (Pasco) han surgido los ‘cowboys’, fusión, amantes de la música country estadounidense que este año participaron en el V Oxapampa Country Fest. Bandas locales y limeñas como la de Aldry Laguna y Los Forasteros (en la foto) fueron parte del evento.","elcomercio","20/06/2015"
"Conocido PBI","Que representa, según las palabras de su creador, el puente entre los valores fundamentales de la bondad, la igualdad, la humanidad y la búsqueda del crecimiento económico. Durante la Guerra Fría, su idea no cuajó, y solo a partir del nuevo milenio comenzó a ser tomada en consideración. No obstante, hay países, aparte del mismo Bután, que han dado pasos importantes en la búsqueda de un índice nacional, como Tailandia –con énfasis en el sustento ecológico–, Canadá y Corea del Sur. El Reino Unido public el año pasado una serie de estadísticas relacionadas al buen vivir y la felicidad y, ciertamente, un avance muy importante fue el Reporte Mundial de Felicidad elaborado por la ONU en 2011.  Un año después, el Happy Index Planet de la New Economics Foundation de Londres expuso un indicador referido a la percepción de sentirse bien, categorizada en una escala entre 1 y 10. Este factor, a su vez, lo combinó con la esperanza de vida de cada país, a fin de obtener un índice más completo representado por los años de felicidad promedio. El Perú se encuentra en el puesto 60 de 151 países en la lista, con un índice de 48,9 años de felicidad, correspondiendo el primer lugar a Suiza con 66,6, y el último a la República Centroafricana con 24,3.  Entre las potencias, los resultados muestran que el Reino Unido tiene 61,8, Estados Unidos 61,3, Alemania 60, Japón 58, Rusia 44,7 y China 43,1. En Latinoamérica y el Caribe, entre los 25 países considerados, nos hallamos en el lugar número 20, solo por encima de Guyana, Bolivia, República Dominicana y Haití (este último con un preocupante 32,2). Costa Rica se halla en la cima con 62,6; mientras que a nivel estrictamente sudamericano, Venezuela encabeza con 59,9 (están en crisis pero son felices), seguida de Chile con 58,5. Brasil tiene 55,5, Argentina 55, mientras que Cuba, pese a la ausencia de libertades, nos supera con 51,1.  Un punto crucial es que prácticamente no existe relación entre los años de vida feliz y el PIB de los países en cuestión, aunque sí la encontramos al compararlos con el PIB per cápita, hallándose un coeficiente de correlación de 0,75, lo que evidencia que, ciertamente, la felicidad va de la mano –aunque no en todos los casos– con los ingresos personales. Caso especial es el de China, cuyo nivel de felicidad ha disminuido, pese a que el crecimiento económico ha elevado tanto el ingreso per cápita como la esperanza de vida. Las respuestas de varios de los encuestados se refieren al hecho que el incremento de la carga laboral –causa y efecto del desarrollo– ha sido motivo de la reducción de la satisfacción al restar horas para el placer y otras acciones que generan gozo.  Es curioso, pero al término de la década dorada de crecimiento 2003-2012, el nivel de felicidad del peruano promedio era inferior al de países como Venezuela y Cuba –entre otros– que no experimentaron dicho auge. Probablemente para encontrar la respuesta debamos acudir a la filosofía. Aristóteles comentaba que la felicidad era lo mejor, lo más agradable y lo más hermoso, una cuestión que Richard Layard desarrolló ampliamente 2.300 años más tarde, sosteniendo que la autorrealización, la confianza y la interacción con nuestros semejantes son fuentes invaluables de la dicha. Naturalmente, para ello se requiere tiempo libre y, al igual que China, ello parece faltar en el Perú.  Los últimos estudios sostienen que en el país se trabaja un promedio superior a las 50 horas semanales y que, en el caso de las grandes ciudades como Lima –donde vive un tercio de la población del país–, casi el 34% trabaja más de 60 horas y un 19% más de 70 horas. Esto sin contar el tiempo que se gasta en el transporte y las labores caseras. Habría que preguntarse también si los peruanos encuentran realmente satisfacción en su trabajo, o si simplemente lo ejercen por tratarse de una ocupación rentable y no una materia que los apasione.  En todo caso, si bien deben considerarse tales aspectos y seguir algunas de las recomendaciones de Layard respecto a un mejor balance del uso de nuestro tiempo, el florecimiento de nuestra vida interior, la ayuda al prójimo y políticas sociales que beneficien a los sectores menos favorecidos de la comunidad, tampoco hay que olvidar el grado de correlación entre PIB per cápita y la felicidad. A fin de cuentas, esta descansa sobre uno de los aforismos que el estagirita le especifica a su amigo Nicmaco: Es evidente que la felicidad necesita también de los bienes externos… pues es imposible o no es fácil hacer el bien cuando no se cuenta con recursos.","elcomercio","20/06/2015"
"En qué se parecen la FIFA y el gobierno?","- Alfredo Bullard - Abogado  Amo engorda al caballo. Si le entrego a guardar el caballo a alguien distinto, tendrá incentivos para sobreexplotarlo, no lo cuidará, le robaría la comida y quizás dejaría que enferme y muriera. Y es que la propiedad tiene el mérito de que el dueño soporte los costos y beneficios generados por el bien. Por ello, tendrá incentivos a un uso racional y eficiente. Lo mismo no pasa con el que no es propietario, que trata los beneficios como propios pero los costos como ajenos. Si el dueño vende lo que es suyo se llama compraventa. Si el ajeno vende lo que no es suyo se llama corrupción.  Pero en estos días no solo el archipoderoso presidente de la FIFA y sus compinches ocupan titulares por cargos de corrupción: Alan García, Alejandro Toledo y hasta Ollanta Humala y Nadine Heredia lo acompañan. Y el presidente anterior, Alberto Fujimori, está preso, entre otras razones, por el uso ilegal de fondos públicos.  ¿En qué se parecen los dirigentes de la FIFA? La razón de la corrupción que los rodea es la misma: la falta de derechos de propiedad. Como en la FIFA, nuestros gobernantes usan los recursos de todos como si fueran propios. Se agarran los beneficios y no les importan que suban los costos a la entidad. Mientras que los de la FIFA cobran cupos por otorgar sedes mundialistas, los políticos cobran cupos por entregar licitaciones o liberar narcotraficantes.  Por supuesto que también hay corrupción en las empresas privadas, pero en ellas el propietario tiene todos los incentivos de perseguir al que le roba y crear mecanismos de control que lo protejan. En el Estado eso no existe. Esa es una de las razones por las que cuando uno privatiza el manejo es más eficiente: el propietario se encarga de su caballo.  En ese contexto, el destape de los niveles espeluznantes de corrupción en la FIFA no debería sorprender a nadie. Si en lugar de preguntar por las razones de la violencia en el fútbol hubiera preguntado hoy en un examen sobre las razones de la corrupción en la FIFA, Enrique Ghersi me habría dado una respuesta muy parecida: esa corrupción aparece por la falta de derechos de propiedad.","elcomercio","20/06/2015"
"Choque de valores","- Carlos Meléndez - Politólogo  La apatía y la decepción con la política son características notorias en la sociedad peruana. La informalidad (en sus dimensiones laboral, económica y legal) ha penetrado la sociedad de tal modo que ha roto cualquier posibilidad de ilusión entre los proyectos individuales y los sueños colectivos. El individualismo se expande en su peor versión: la promesa neoliberal también aplicó para el narco de a pie. Sin embargo, en medio de ese panorama de desmovilización, emergen iniciativas que buscan impulsar reivindicaciones ciudadanas que podrían escaparse al simplismo clasista que caracterizó la política contenciosa del siglo XX. No voy a exagerar al denominarlas una ola republicana, pero sí mencionar algunos ejemplos que ameritan un análisis.  Veamos: mujeres presionan al Legislativo a despenalizar el aborto en casos de violación, homosexuales exigen unión civil como contrato que consagre sus derechos a formar una familia, estudiantes universitarios de Arquitectura y afines salen a las calles a exigir planificación urbana para evitar mayor caos metropolitano. No se trata de masivos movimientos sociales, sino de redes de activistas dispuestos a convertir sus issues en políticas públicas. Aunque ninguno (todavía) haya alcanzado sus objetivos (lo que veo difícil en el corto plazo), han posicionado en el debate público sus reivindicaciones a pesar de la gran oposición que aún encuentran.  De hecho, diría que somos testigos de un choque de valores: los pro-elección versus los pro-vida; los liberales versus los conservadores; los institucionalistas versus los roba pero hace obra. Los primeros en estos días son minoría, prácticamente saliendo de la marginalidad; los segundos están enraizados, tanto entre la plebe como entre las élites. Son, entonces, pugnas desiguales que se escapan al clásico clasista; son pugnas postmateriales en un país del siglo pasado. ¿Cómo nivelar un poco la balanza a favor de quienes retan el establishment de los valores de una sociedad técnica, conformista y encerrada entre sus propios fantasmas coloniales?  En primer lugar, los activistas liberales –intuyo– tienen una interpretación parcial de la sociedad. El nivel de ingreso y los cambios generacionales no se comportan como manda la teoría anglosajona en estas hermosas tierras del sol. Los grupos más jóvenes pueden ser más liberales en términos de unión civil, pero son significativamente más conservadores respecto al aborto. (Parece que la cultura parroquial de barrio ha hecho lo suyo al respecto). El nivel de ingreso es más importante, en cambio, para los temas relacionados con los derechos de las mujeres que para el reconocimiento civil de la homosexualidad. Sin embargo, las élites económicas suelen ser más arbitrarias y más fieles al tú no sabes con quién estás hablando, así que por lo tanto son menos institucionalistas.  El desafío para los activistas, por lo tanto, es...","elcomercio","20/06/2015"
"Oculus Rift","Este visor de realidad virtual ha sido desarrollado por la empresa Oculus VR, que fue adquirida por Facebook el año pasado por más de US$ 2.000 millones. De Facebook. Oculus VR fue adquirida por la red social debido a su gran potencial. Acaba de anunciar sus novedades.  Lo llamativo del Oculus Rift está en su interfaz de juego, pues contar con un menú de inicio con acceso a una biblioteca de títulos y un apartado para interactuar con amigos desde la misma plataforma, sin necesidad de quitarse el dispositivo, cuyos creadores reiteraron que es ergonómico y ligero.  Según anunció Oculus VR, el visor llegará durante el primer trimestre del 2016.","elcomercio","20/06/2015"
"HoloLens","Este dispositivo ha sido desarrollado por Microsoft. Exactamente no se trata de un visor de realidad virtual, sino de realidad aumentada, pues permite al usuario crear e interactuar con hologramas.  Aún no se han dado muchos detalles sobre su funcionamiento, pero durante la Electronic Entertainment Expo (E3) –la feria más importante de videojuegos– se mostró una versión del juego Minecraft para HoloLens.  Se espera que llegue al mercado mundial el próximo año.  Lo destacante de este dispositivo es que gracias a un acuerdo Microsoft funcionará con los controles de la consola Xbox One. Sin embargo, contará con una oferta mínima de ocho juegos en su fase inicial. Pero Oculus anunció que invertirá 10 millones de dólares para acelerar el desarrollo de títulos para esta plataforma.","elcomercio","20/06/2015"
"Juego de descenso a rapel busca conquistar a los usuarios móviles","Halfbrick  Radical Rappelling está diseñado para celulares. Es muy simple, pero con la suficiente cuota de entretenimiento.  Juan Pablo Robles  Los videojuegos independientes para dispositivos móviles continúan ampliando, de manera exitosa, el mercado de jugadores casuales que buscan una forma de entretenimiento sencilla para breves momentos. El pasado 4 de junio la empresa Halfbrick Studios lanz al mercado Radical Rappelling, un juego bastante sencillo, pero con una fórmula entretenida. Promete horas de diversión tanto a los que buscan solo unos minutos de distracción como a quienes consideran que los videojuegos son parte de su vida.  Radical Rappelling es un ‘endless runner’ pero en lugar de correr en forma horizontal, tal como sucede con otras propuestas, se hace en forma vertical. Se trata de una bajada a rappel (descenso por superficies verticales) evitando ciertos obstáculos.  Desde hace 13 años no se registran en el Per casos autóctonos de sarampión. Sin embargo, el Ministerio de Salud (Minsa) ha detectado tres casos sospechosos de esa enfermedad que llegaron a nuestro país desde el extranjero.  Y por qué tanta preocupación? Porque se trata de una enfermedad que es extremadamente contagiosa. El virus viaja en las gotitas que salen de la nariz, boca o garganta de una persona con la enfermedad. Según la web Medline Plus, de los Institutos de Salud de EE.UU., si una persona tiene sarampión, el 90% de quienes entran en contacto con ella se contagiarán... a menos que estén vacunados.  Entonces, ¿tenemos por qué preocuparnos? Claro que sí. De manera muy peligrosa, este tipo de enfermedades ‘viejas’, que ya habían sido erradicadas de varios países como el nuestro, están reapareciendo. La principal razón es la negativa de los padres a vacunar a sus hijos, pues piensan que las inmunizaciones pueden causar autismo en los pequeños.  Aunque los estudios científicos no han encontrado relación entre las vacunas y el autismo, los rumores infundados han calado en una gran cantidad de padres, lo que pone en riesgo a todo el planeta.  Si estamos vacunados, estamos protegidos. A fines del año pasado, se presentó el brote más grande de la enfermedad en Disneylandia (California, EE.UU.). La enfermedad se propagó por la concentración de gente –en especial niños– que no estaba protegida.  Es obligación de los padres tener a sus hijos con todas las vacunas al día. Esto, sumado al mayor tiempo de lactancia en los recién nacidos y a una adecuada alimentación, lograr que tengamos una niñez sana.","elcomercio","20/06/2015"
"Opinión","En el Per desde hace 20 años las decisiones libres de las personas y de la sociedad en general han tenido resultados mucho más productivos e inclusivos que las acciones planeadas desde un Estado que imponga –a tropezones y a su manera– una supuesta producción e inclusión. Editorial de El Comercio El peligroso viaje en el tiempo / 5 de marzo del 2015  Editorial  Lo que nos merecemos  El nuevo frente de izquierda repite los errores de sus predecesores.  Con el eslogan Nos merecemos más, el jueves pasado el congresista por Dignidad y Democracia Sergio Tejada y el ex procurador anticorrupción Julio Arbizu solicitaron la articulación de diversas fuerzas políticas de izquierda y grupos afines, con miras a las elecciones del 2016. La convocatoria, que no descarta unirse con el Frente Amplio, incluye la participación de los regidores metropolitanos Hernán Neyra y Augusto Rey, la ex regidora Marit Bustamante, la ex presidenta de la Federación de Estudiantes de la Pontificia Universidad Católica del Per Sigrid Bazán, entre otros. Su objetivo, dicen Tejada y Arbizu, es poner en debate temas como la economía y la inseguridad que vive el país, y decirle a la ciudadana que no debe estar resignada a votar por uno de los candidatos que lideran las encuestas, sino que debe estar abierta a una alternativa de cambio.  Respecto a los planteamientos puntuales de la nueva coalición, el señor Tejada afirmó que se viene un año electoral y es fundamental discutir ciertos temas como las condiciones laborales de los trabajadores peruanos. No podemos seguir siendo el segundo país de la región con sueldos más bajos, entonces para qué sirve crecer económicamente si no se va a reflejar en los bolsillos de la gente?  No estamos seguros de dónde obtiene sus estadísticas el señor Tejada pero, según el INEI, del 2001 a la fecha, el ingreso promedio mensual proveniente del trabajo ha pasado de S/.633 a aproximadamente S/.1.200; un crecimiento de más del 85%. Más importante aún, la mayoría del crecimiento ha venido de fuera de Lima Metropolitana. Las remuneraciones laborales del resto del país se han duplicado en los últimos 13 años, y en el ámbito rural el crecimiento ha sido aun mayor.  Y no solamente los empleados ganan hoy mucho más que antes, sino que la distribución de la riqueza se ha hecho más equitativa. Como hemos mencionado en anteriores editoriales, en las últimas décadas el coeficiente de Gini, que mide la distribución del ingreso, ha venido mejorando de manera sostenida. Esto se ilustra bien señalando que el ingreso promedio del decil de hogares más pobres –el 10% de menores ingresos– ha subido en más de 80% en los últimos 10 años, en tanto que el crecimiento del ingreso de los hogares más ricos ha sido de la mitad de eso.  Por otro lado, coincidimos absolutamente con el señor Tejada en que es fundamental discutir una reforma en el mercado laboral. El temor, más bien, es que al calor de la campaña electoral se hagan las promesas del tipo populista que los frentes y coaliciones de izquierda apoyan y que terminan por incrementar la informalidad del empleo –situación que hoy afecta a más del 70% de la PEA–. Lo que el mercado laboral peruano necesita es fomentar la productividad de los trabajadores y dotar de mayor flexibilidad a la contratación y el despido. La posibilidad de reposición judicial hoy hace que la decisión de contratar a un trabajador se convierta en una obligación potencialmente permanente, lo que termina por perjudicar la creación de empleo formal. Según el Foro Económico Mundial, el Per ocupa el puesto 130 entre 144 países evaluados en términos de facilidad para contratar y despedir trabajadores –se ubica en el decil inferior del mundo–.  En este sentido, no está de más recordar que muchos de los que componen hoy el frente propuesto por Tejada y Arbizu fueron también fervorosos opositores a la llamada ley pulpo, propuesta que si bien no era una bala de plata ni la solución final al problema de la informalidad laboral entre jóvenes, sí proponía alternativas interesantes para flexibilizar y dinamizar sus oportunidades laborales.  En fin, la discusión sobre empleo y economía es bienvenida, pero los señores Tejada y Arbizu podrían empezar reconociendo los enormes avances logrados a través del modelo de libertad económica que a ellos les incomoda. Eso es, por lo menos, lo que sí merecemos.","elcomercio","20/06/2015"
"Humor Profano","- Mario Molina -  Un día COMO HOY hace 100 AÑOS  Las mujeres y la guerra europea  La lite de las mujeres intelectuales no permanece inerte ni indiferente ante la guerra europea, pues ha dado la medida de su corazón: ha amado con todas las fuerzas de su instinto y con todas las gracias tiernas de su inteligencia. Y quizás por que las mujeres han sabido permanecer mujeres en esta espantosa guerra es que contraen méritos para con la patria. Ellas habrán cubierto los recuerdos sangrientos con una dulzura infinita y más tarde se les agradecerá que hayan olvidado todas las ciencias vanas para pensar solo en el gran deber de amor para con el prójimo. Qué sencillamente, qué dignamente han amado y aman las mujeres europeas de 1915!","elcomercio","20/06/2015"
"Cómo nivelar un poco la balanza a favor de quienes retan el establishment de los valores?","En primer lugar, los activistas liberales –intuyo– tienen una interpretación parcial de la sociedad. El nivel de ingreso y los cambios generacionales no se comportan como manda la teoría anglosajona en estas hermosas tierras del sol. Los grupos más jóvenes pueden ser más liberales en términos de unión civil, pero son significativamente más conservadores respecto al aborto. (Parece que la cultura parroquial de barrio ha hecho lo suyo al respecto). El nivel de ingreso es más importante, en cambio, para los temas relacionados con los derechos de las mujeres que para el reconocimiento civil de la homosexualidad. Sin embargo, las élites económicas suelen ser más arbitrarias y más fieles al tú no sabes con quién estás hablando, así que por lo tanto son menos institucionalistas.  El desafío para los activistas, por tanto, reside en empatar sus discursos postmateriales con una realidad informal y subdesarrollada. Finalmente, el común denominador de la marginalidad (económica, social y política) contribuye a enfrentar no solo el establishment de la economía, sino también el de los valores. Quizá no haya un espacio para un outsider económico, pero paulatinamente se va abriendo margen uno de tipo valorico. De otro modo, son los políticos tradicionales como Alan García y Pedro Pablo Kuczynski quienes terminan capitalizando estos nuevos issues, según reflejan las encuestas.","elcomercio","20/06/2015"
"Ilustración: Giovanni Tazza Mirada de fondo Hay que diferir con el Papa","- Ian Vélez - Instituto Cato Estamos condenados la humanidad y el planeta a la ruina si no tomamos medidas radicales de alcance global? El papa Francisco piensa que sí. El estilo de vida actual, por ser insostenible, solo puede terminar en catástrofes, dice en su nueva encíclica sobre el cuidado al ambiente. Según el pontífice, hay que disminuir el consumo y detener el crecimiento voraz que perjudica a la ecología y en particular a los pobres del mundo.  Al emitir la encíclica, el Papa se une a una larga tradición pesimista sobre el destino del hombre. Fue hace más de 200 años –cuando alrededor de mil millones de personas habitaban el mundo– que el reverendo Malthus argumentó que las hambrunas y las enfermedades limitaran el crecimiento de la población, pues la economía no daba para más gente. Desde entonces, no han dejado de aparecer predicciones catastrofistas.  A mediados del siglo XIX, el prominente economista William Stanley Jevons acertó la imposibilidad de que el progreso continuara por mucho más tiempo debido al agotamiento del carbón. En los años 60 del siglo XX, el influyente biólogo Paul Ehrlich predijo que cientos de millones de personas morirían de hambruna en la próxima década. En los años 70, el Club de Roma publicitó su informe sobre los límites al crecimiento que predecía un agotamiento completo de los más importantes recursos naturales dentro de 30 años y una catástrofe consecuente.  Por supuesto, ni esas ni otras predicciones pesimistas se han materializado. Al contrario, la humanidad está viviendo los mejores tiempos de su historia. Las mejoras en todo el rango de indicadores de bienestar humano –expectativa de vida, acceso a agua potable, salud, mortalidad infantil, etc.– han sido impresionantes, especialmente en las últimas tres décadas en los países en desarrollo. La brecha entre los ricos y los pobres del mundo, en términos de ingreso y de estándar de vida, se está cerrando. Desde 1960 la población mundial ha aumentado de 3 mil millones de personas a 7,2 mil millones, a la vez que el ingreso per cápita promedio subió en 160%. Los precios de la mayoría de las commodities han caído –lo que indica que son relativamente más abundantes– y los del resto han aumentado a un ritmo inferior al de los ingresos.  Detrás de este progreso indiscutible humano ha estado el avance del mercado alrededor del mundo, y el crecimiento económico y desarrollo tecnológico que este trae. Pero la encíclica del Papa es justamente una crítica al libre mercado que ignora o minimiza la rapidez y escala del progreso humano. El Papa se equivoca también al acertar, como tantos que le precedieron, que nos espera la catástrofe si no implementamos un cambio fundamental que les da todavía más poder a la clase política y a las burocracias internacionales. No hay razón alguna por qué prestarle más credibilidad a este argumento actualizado que a los anteriores.  Lo novedoso es que el alarmismo de hoy se hace en el contexto del cambio climático, al que se le atribuye un sinfín de daños alrededor del mundo que serán mayores en un futuro. Pero es una cosa reconocer la realidad del calentamiento global causado por el hombre y es otra cosa proponer políticas para enfrentarlo. Y all está el debate. Lo que propone el Papa –limitar el crecimiento económico y reducir el papel del mercado– afectará a los pobres más que a nadie y reduciría los recursos e incentivos para cuidar el ambiente (son los países ricos los que mejor han podido cuidar su ecología). Felizmente, la encíclica invita a un debate honesto, cosa que el padre Robert Sirico –quién tilda buena parte del documento de imprudente– y otros en la Iglesia ya empezaron. Aprovecho para hacer una predicción no alarmista: en vez de aceptar las recomendaciones del Papa, el mundo seguir enriqueciéndose y así adaptándose con mayor facilidad al cambio climático.","elcomercio","20/06/2015"
"Posdata Salvador del Solar Ser mujer, ser negra, ser humana","Nuestra identidad es algo más complejo que un inapelable veredicto de la naturaleza.  A comienzos de junio apareció en la portada de la revista Vanity Fair una mujer hasta entonces conocida por ser un hombre llamado Bruce Jenner.  Para algunos, la imagen no muestra más que a un tipo detrás de una fachada femenina. Para Jenner, en cambio, la foto no oculta su naturaleza, sino que revela, más bien, su verdadera identidad.  ¿Quién protagoniza la foto, entonces?  Un hombre disfrazado de mujer o una mujer que emerge del cascarón de un hombre? Llameme Caitlyn, indica la leyenda en la cartulina, invitándonos a decir la palabra que romper —o activar— el hechizo. Porque, ya lo sabemos, es preciso pronunciar en voz alta un nombre para consumar un bautizo.  El pedido no es caprichoso. Es, en realidad, indispensable. Porque, aunque no reparamos con frecuencia en ello, lo único a lo que le reconocemos existencia en este mundo es a lo que designamos con un nombre. ¿Cuál resulta aplicable y atado a qué significado, he ah la cuestión; he ah, tantas veces, la batalla.  Como en el caso de Rachel Dolezal, la mujer que esta semana acaparó la atención de los medios en Estados Unidos al descubrirse que, a pesar de llevar ya algunos años presentándose y siendo reconocida como una mujer negra, naci en realidad tan blanca como Hillary Clinton.  Dolezal fue modificando su apariencia con los años y se valió de algunas mentiras para consolidar su imagen de mujer afro. Pero no ha sido ajena a la experiencia afroamericana. Creció en una familia que adoptó a cuatro niños negros que tuvo por hermanos, estudió en una universidad de alumnado predominantemente afroamericano, se casó con un hombre de color con el que tuvo un hijo, ha sido integrante y dirigente de la representativa Asociación Nacional para el Progreso de las Personas de Color y, no menos importante, dice identificarse a sí misma como una mujer negra.  ¿Es negra Rachel Dolezal? ¿Es mujer Caitlyn Jenner? Quienes rechazan esta posibilidad suelen recurrir a la naturaleza como principal argumento: ella hizo tan hombre a Jenner, como blanca a Dolezal, fin de la discusión. Y uno podría decir que tienen toda la razón —si no fuera porque estamos hablando de personas y no de minerales—.  Nuestra identidad, sin embargo, aquello que conforma todo lo que somos, es algo bastante más complejo que un inapelable veredicto de la naturaleza. ¿Qué nos hace peruanos, por ejemplo? ¿Qué nos hace del Boys o del Alianza? Católicos o ateos, conservadores o progresistas, ambientalistas o promineros? No es la madre naturaleza, sino un magma de influencias, inclinaciones, sentimientos y anhelos.  Y también decisiones. Porque, a diferencia de los animales, lo particularmente natural en los humanos es que somos, a fin de cuentas, nuestras propias creaciones. No solo somos hechos, sino que también nos hacemos.  No nos hagamos seres hostiles y cerrados, entonces. Hágamonos mejores. Hágamonos personas capaces de reconocer a una mujer negra en Rachel Dolezal y a una mujer en Caitlyn Jenner.","elcomercio","20/06/2015"
"LA INESTABILIDAD DE LA GUERRA CIVIL EN SIRIA Y LA FRAGMENTACIÓN SECTARIA EN IRAQ","La inestabilidad de la guerra civil en Siria y la fragmentación sectaria en Iraq, así como el caos en otros estados fallidos o débiles como Nigeria, Somalia o Yemen.  La guerra civil en Siria es un significativo factor que impulsa el terrorismo mundial, dice el informe del Departamento de Estado.  El número de combatientes terroristas extranjeros que viajan a Siria es el mayor de los últimos 20 años y supera al de otros conflictos que tradicionalmente han alentado el terrorismo yihadista, según el documento de Washington.","elcomercio","20/06/2015"
"PREPARANSE LOS GRECIOS ANTE UN CONTROL DE CAPITALES","Athenas [AFP]. Los griegos se preparan ante la eventualidad de un control de capitales, si fracasa la cumbre europea del lunes, tras seis años de crisis.  Las cifras son claras: familias y empresas griegas, preocupadas por las consecuencias de la llegada de Syriza al poder, retiraron 31.500 millones de euros de diciembre a abril, y el movimiento se habría acelerado desde entonces. Solo esta semana habrían partido 3.000 millones, según la prensa.  Se teme que el gobierno y sus acreedores no logren ponerse de acuerdo sobre las reformas a implementar para que estos últimos suministren a Grecia 7.200 millones de euros, con lo que podrán pagar al FMI el 30 de junio un tramo de 1.500 millones de euros.  Si Grecia no paga al FMI, incurrirá en impago, con las consecuencias imprevisibles de pánico bancario.  Las autoridades tratan de ahogar los rumores financieros alarmistas, calificados de inaceptables por el ministro de Finanzas, Yanis Varoufakis.  El ministro encargado de las negociaciones, Euclid Tsakalotos, se entrevistó con el gobernador del Banco de Grecia, Yanis Stournaras, antes de enviar un comunicado común en el que garantizan la estabilidad del sistema bancario griego, recapitalizado en el 2013, pero aún debilitado por una tasa elevada de retrasos en los reembolsos de sus clientes.","elcomercio","20/06/2015"
"MARCELO ODEBRECHT RECLAMA QUE SU EMPRESA ESTÁ EN LA LÍNEA DE FUEGO","Preso en Curitiba, en el sur de Brasil, Marcelo Odebrecht ya reclamó en varias ocasiones que su empresa está en la línea de fuego de una disputa política, y dice que las informaciones están siendo manipuladas por esos intereses.  Además de los dos ejecutivos, la policía detuvo a otros nueve ejecutivos clave en ambas constructoras, en los estados de São Paulo, Río de Janeiro, Minas Gerais y Rio Grande do Sul. Todos deben permanecer en la prisión por cinco días, que pueden ser prorrogados.  Las investigaciones cumplieron un año en marzo y están vinculadas al Caso Mensalão, que en el 2013 llevó a la prisión a algunos de los hombres más importantes del primer gobierno de Lula da Silva. Con las prisiones, la policía brasileña descubrió desvíos millonarios hacia bancos en Estados Unidos, Suiza y Mónaco, de los cuales ya fueron repatriados unos 100 millones de euros.","elcomercio","20/06/2015"
"OPINIÓN: ASSANGE, SNOWDEN Y USTED","Es bueno que EE.UU. ya no pueda espiar tan fácil, pero ¿qué pasa con Rusia y China?  Moisés Naím Economista @moisesnaim  WikiLeaks volvi a sus andanzas. Acaba de anunciar la divulgación de medio millón de mensajes y documentos secretos del Ministerio de Relaciones Exteriores de Arabia Saudita. También incluyen mensajes del Ministerio del Interior y de los servicios de inteligencia, así como a otros gobiernos. En su comunicado de prensa, WikiLeaks recuerda que esta divulgación coincide con el tercer aniversario de la reclusión de su fundador, Julian Assange, en la Embajada de Ecuador en Londres. Assange se asiló para evitar ser extraditado a Suecia, donde enfrenta un juicio por presunta violación y abuso sexual de dos mujeres (Assange rechaza la acusación).  Otro que estuvo de aniversario fue Edward Snowden, el contratista de la CIA que divulgó una montaña de información secreta de EE.UU. Hace unos días se cumplieron dos años de estas revelaciones y Snowden public un artículo en el New York Times para celebrar sus logros. Recordó que gracias a sus filtraciones se produjo un intenso debate que forzó al Gobierno Estadounidense a imponer límites al espionaje electrónico a sus ciudadanos que rutinariamente efectuaba su Agencia Nacional de Seguridad, la NSA. Desde el 2013, instituciones de toda Europa han declarado ilegales estas operaciones de espionaje y han impuesto restricciones a actividades similares en el futuro, escribió Snowden, y concluye: Somos testigos del nacimiento de una generación postterror que rechaza una visión del mundo definida por una tragedia específica. Por primera vez desde los ataques del 11-S vemos la posibilidad de que la política se aleje de la reacción y el miedo y se mueva hacia la resiliencia y la razón.  Puede ser. Y celebro que la NSA y otros espías estadounidenses ahora tengan más restricciones para leer mi correo electrónico o escuchar mis llamadas. Y que la lucha por proteger mi privacidad de las intromisiones del Gobierno de EE.UU. y de algunas democracias europeas se haya anotado algunas victorias. Pero a mí me preocupan más las amenazas cibernéticas a mi privacidad que emanan de Rusia, China y otros gobiernos autoritarios que aquellas de Washington. Por los mismos días en que Snowden public su artículo, se supo que piratas cibernéticos penetraron los sistemas de la oficina de personal del Gobierno Estadounidense y robaron información detallada de cuatro millones de empleados federales. La información robada incluye datos personales y profesionales que los funcionarios están obligados a revelar para tener acceso a la información confidencial del Gobierno. El principal sospechoso del ataque es China. Según un reportaje del Washington Post, China está construyendo una masiva base de datos con la información personal de los estadounidenses, basándose en hackear los archivos electrónicos de agencias gubernamentales y empresas aseguradoras de salud. Usa nuevas tecnologías para alcanzar un antiguo objetivo del espionaje: reclutar espías y obtener mayor información sobre su adversario.  Pero los ataques no se limitan al espionaje ni, necesariamente, tienen a un gobierno detrás. También hay muchos hackers independientes que se ganan la vida a través de la actividad criminal en Internet. As, han proliferado los robos de secretos comerciales y de identidad de personas, la extorsión por Internet («si no me pagas, publico las fotos comprometedoras que robé de tu archivo personal») o el sabotaje de infraestructura crítica. «Nuestro sistema de información es atacado varias veces al día, todos los días», me dijo el presidente de una de las principales empresas de electricidad del mundo. Y añadió: «Hoy gastamos diez veces más en protegernos de ataques cibernéticos de lo que gastábamos hace tres años. Y aún así sentimos que siempre estamos por detrás de quienes nos tienen en la mira.  Según el muy respetado informe que todos los años publica la empresa Verizon sobre ataques cibernéticos, estos crecen a gran velocidad y hay pocos sectores cuyas defensas informáticas no han sido violadas. Los más victimizados son el Gobierno, el sector de la salud (hospitales y empresas aseguradoras) y el sector financiero.  Los expertos enfatizan que si bien los ciberataques originados en China son constantes y masivos, los que provienen de Rusia no tienen nada que envidiarles en cuanto a agresividad, frecuencia y sofisticación. Y seguramente EE.UU. no se queda atrás. Pero no hay que ponerlos a todos en la misma canasta. EE.UU. es una democracia. Con todos sus defectos, all hay separación de poderes y los gobernantes no gozan de la impunidad que tienen sus homólogos en Moscú o Pekín.  Sí es importante que las democracias no espien a sus ciudadanos. Pero más importante es que las democracias tengan cómo defenderse y defender a sus ciudadanos del peligroso mundo cibernético que está emergiendo.   No es casualidad que ni en Rusia ni en China hayan aparecido los equivalentes de Assange y Snowden.","elcomercio","20/06/2015"
"ESPECIAL: CAROLINA DEL SUR, LA TIERRA DONDE SE RESPIRA TENSIÓN RACIAL","Han pasado ya 150 años desde que terminara la Guerra de Secesión estadounidense (1861-1865), pero uno de sus símbolos –la bandera de los estados confederados (los sureños esclavistas que se separaron de EE.UU. en ese lapso)– sigue vivo, ondeante y provocador en medio de la crisis racial que sacude al gigante del norte.  Esta semana la insania llegó a Carolina del Sur, donde Dylan Roof mató a nueve afroamericanos en una iglesia metodista. El joven blanco de 21 años, para quien el juez decretó ayer prisión sin fianza por los cargos de asesinato, quería empezar una guerra racial, según confesó tras perpetrar el salvaje acto.  Con veinte grupos de odio activos en este pequeño estado y con la bandera de marras flameando en edificios gubernamentales como el mismo Capitolio de Columbia (la capital), lo extraño es que un ataque de esta naturaleza no haya ocurrido antes.  Carolina del Sur no es cualquier estado, es el primero que se escindió de la Unión en la guerra civil, y hoy es un estado donde no solo ondea la bandera confederada, sino en el que las calles tienen nombres de generales confederados, los que defendieron la postura esclavista, señala el internacionalista Norberto Barreto, catedrático de la Universidad del Pacífico, en diálogo con El Comercio.  Símbolo de la discordia El debate en torno a la enseña confederada no es nuevo. A fines del año pasado, la gobernadora del estado, la republicana Nikki Haley, defendió su vigencia diciendo que era parte del patrimonio histórico y no un símbolo de odio.  En las últimas horas, la polémica ha recrudecido y miles de personas firmaron en el portal Move.org un pedido para retirar el símbolo confederado de todas las instituciones oficiales.   Quiten la bandera confederada, ya, exigi ayer un titular de The Atlantic. Es hora de acabar con este símbolo de racismo y rebeldía y de dar un paso más hacia la curación de Estados Unidos, añade.  Muchos otros tuits, sin embargo, manifiestan sin tapujos su orgullo tanto por la bandera como por su apoyo a la segregación racial.  Ayer, el Tribunal Supremo de EE.UU. prohibió el uso de esta enseña del siglo XIX en las matrículas de los autos, pero lo cierto es que Carolina del Sur sigue siendo uno de los cinco estados con una legislación que protege a esta bandera.  La llamada supremacía blanca La herida del racismo en Estados Unidos, provocada por décadas de esclavitud, no ha cerrado. Lo que dijo este chico [Roof] lo pudo haber dicho un miembro del Ku Klux Klan (KKK) hace cien años, esta idea de que los negros son depredadores raciales y una amenaza para el resto. En zonas como Carolina del Sur, donde la esclavitud estuvo más presente, el racismo se ha radicalizado por la presencia de un presidente negro [Obama], entre otras razones, dice Barreto.  Entre la veintena de los denominados grupos de odio que se mueven en dicho estado, hay dos facciones del KKK y cuatro organizaciones de nacionalistas blancos, de acuerdo con datos divulgados por la cadena estadounidense NBC.  El diario español El Mundo refiere que hace poco en el condado de Oconee sus residentes encontraron bolsas con caramelos y un folleto con el mensaje Salva tu tierra, únete al Klan. En tanto, en la página web de la supremacista Liga del Sur, que promueve la secesión y la promoción de la cultura anglo-celta, se lee este desafío: Si nos llama racistas, nuestra respuesta será: ¿y qué?.","elcomercio","20/06/2015"
"La llamada supremacía blanca","La herida del racismo en Estados Unidos, provocada por décadas de esclavitud, no ha cerrado. Lo que dijo este chico [Roof] lo pudo haber dicho un miembro del Ku Klux Klan (KKK) hace cien años, esta idea de que los negros son depredadores raciales y una amenaza para el resto. En zonas como Carolina del Sur, donde la esclavitud estuvo más presente, el racismo se ha radicalizado por la presencia de un presidente negro [Obama], entre otras razones, dice Barreto. Entre la veintena de los denominados grupos de odio que se mueven en dicho estado, hay dos facciones del KKK y cuatro organizaciones de nacionalistas blancos, de acuerdo con datos divulgados por la cadena estadounidense NBC.  El diario español El Mundo refiere que hace poco en el condado de Oconee sus residentes encontraron bolsas con caramelos y un folleto con el mensaje Salva tu tierra, nétate al Klan. En tanto, en la página web de la supremacista Liga del Sur, que promueve la secesión y la promoción de la cultura anglo-celta, se lee este desafío: Si nos llama racistas, nuestra respuesta será: ¿y qué?.  Muchos blancos supremacistas se sienten amenazados con el crecimiento de las minorías negras e hispanas y se oponen a los cambios. Uno de ellos atacó esta vez una iglesia que es un emblema de la resistencia negra y que ha sobrevivido a incendios y ataques por más de cien años, remata Barreto.","elcomercio","20/06/2015"
"Los millonarios chinos prefieren gastar sus fortunas en islas","Como si se tratara de ir al supermercado, este mes 70 millonarios emprenden un viaje al Pacífico Sur para adquirir islas.  Adrin Foncillas Desde Beijing Wendy Weimei Wu, promotora inmobiliaria, le compr recientemente a su hija una isla frente a la costa neozelandesa de más de 200 hectáreas, con sus viviendas y pistas de aterrizaje incluidas, por 5,3 millones de dólares. Se refería a su regalo como mi juguete.  Ser millonario en China no es sencillo. Ya no vale levantarse mansiones con la forma de la Casa Blanca o el Taj Mahal, coleccionar amantes, derramar millones sobre las mesas de los casinos de Macao ni enviar a los hijos a las mejores universidades europeas. No lo eres sin un pedazo de tierra en el mar.  Las islas ocupan la cúspide del boyante mercado de lujo en China. Necesitas tener aviones privados o yates antes de comprarte una isla, ha explicado en la prensa local Lin Dong en alusión a la logística. Lin, de 42 años y propietario de una compañía farmacéutica, es el pionero del sector. Compró una pequeña isla dentro de un lago en su provincia natal de Guangdong hace nueve años, y hoy cuenta con una cuarentena. También es el fundador de la Asociación China de Propietarios de Islas, con 53 miembros, apenas una décima parte de los 600 que Lin calcula que hay en el país. Muchas son compañías con planes de desarrollo turístico, pero también hay particulares que buscan asueto o una inversión inmobiliaria rentable.  Unos 70 de ellos emprenderán este mes un viaje conjunto al Pacífico Sur con el carrito de compra. En la estantería se agolpan cientos de islas en Fiji, Tuvalu o Tahit con aguas azul turquesa y arenas blancas. Las islas ahí no son caras, apenas tres millones de yuanes (menos de medio millón de dólares), razona Lin.  Una ganga si echamos un vistazo al mercado. El actor australiano Mel Gibson compr por 15 millones de dólares una isla en Fiji en el 2004, y el heterodoxo magnate inglés Richard Branson solt 100 millones por otra en las Islas Vírgenes. Pero es el auge del fenómeno en China y su alto número de clientes potenciales el que ha agitado el sector. Más de un millón de chinos tienen al menos un millón de dólares y muchos están decididos a que se note.  La Asociación China de Propietarios de Islas tiene 53 miembros, apenas una décima parte de los 600 que se calcula hay en el país.  Más de un millón de chinos tienen al menos un millón de dólares y están decididos a que se note.  La gente tiene diferentes formas de encontrar el placer. Yo prefiero estar tranquilo en la playa, leyendo un libro y escuchando música; mientras otros prefieren vivir en el yate, ha contado Lin a la prensa local, con unas fotografías donde aparece en una hamaca entre dos palmeras. Las vírgenes islas de noches estrelladas permiten escapar de la ubicua contaminación china, un lamentable recurrente entre las clases medias y la razón principal que esgrimen las altas para largarse del país.  La fortaleza del yuan y la necesidad de liquidez de muchos gobiernos golpeados por la crisis global han estimulado un negocio que también se extiende por la red. Taobao, la plataforma de venta online, subastó islas de Fiji, Grecia, Canadá y Reino Unido en marzo pasado. Solo la última qued sin comprador entre los 48 participantes. El responsable de Taobao, el sustituto en China de eBay, anunció más subastas parecidas por el éxito de la iniciativa.  La oferta en China es abundante: unas 7.300 islas de más de 500 metros cuadrados. Pero las trabas de la legislación nacional las convierten en problemáticas. Todo el suelo es de titularidad estatal, y solo a partir de una ley del 2010 se permite la venta del derecho de su uso durante medio siglo. Varias provincias aprovecharon esa ley para ofertar sus islas poco después. Pero los millonarios chinos, escaldados por algunos litigios con los gobiernos locales, prefieren gastarse sus fortunas en islas ajenas y adquirir la propiedad permanente.","elcomercio","20/06/2015"
"Polizón que viajaba desde África cae muerto en un techo de Londres","Otro logró sobrevivir el trayecto de 13 mil kilómetros y temperaturas de -50 grados.  Londres [EFE/El Comercio]. Las autoridades británicas investigan el caso de un hombre que apareció muerto en el tejado de una tienda en Richmond, al oeste de Londres, tras haber caído supuestamente de un avión procedente de Sudáfrica, informó la policía.  La nave, de la aerolínea British Airways, procedía de Johannesburgo (Sudáfrica) y se disponía a aterrizar en el aeropuerto londinense de Heathrow, tras un trayecto de 13.000 kilómetros.  Las autoridades creen que el hombre, hallado muerto ayer abril del 2014, viajaba escondido en el tren de aterrizaje de la aeronave.  En el tejado de la tienda online Notonthehighstreet.com, que aún no ha sido identificado, viajaba escondido en el tren de aterrizaje de la aeronave.  No es la primera vez Scotland Yard calificó la muerte de inexplicable, y aseguró que la investigación trata de determinar la identidad del fallecido. Otro polizón, de entre 25 a 30 años, fue encontrado inconsciente en el citado aeropuerto y está hospitalizado en estado grave, según informaron las mismas fuentes. El sujeto no sólo sobrevivi a los 13.000 kilómetros, sino también a temperaturas de -50 grados.  Por más extraño que resulte el caso, esta no es la primera vez que ocurre algo así, especialmente cerca del aeropuerto de Heathrow, ya que algunos inmigrantes han tratado de llegar al Reino Unido escondiéndose en el tren de aterrizaje de los aviones, donde el oxígeno es escaso. Por ejemplo, el Daily Mail y The Guardian recuerdan que en agosto del 2012, en un Boeing 747 se encontró el cuerpo de un hombre que también voló desde Sudáfrica. Al mes siguiente, apareció el cuerpo de José Matada, un ciudadano de Mozambique que cay desde un avión de British Airways a unas 10 millas del aeropuerto de Heathrow. Llevaba saliendo de Luanda, la capital de Angola.  Matada falleció el día en que cumple 26 años. La policía encontró una sola moneda en su bolsillo y algunos billetes de Botsuana y Angola.  El último hecho registrado sucedió en julio del 2013 cuando otro polizón fue encontrado congelado en un jet de la misma British Airways tras un vuelo procedente de Estambul.","elcomercio","20/06/2015"
"Intentan descifrar el gusto por el chile","Un científico del Centro de Investigación y Estudios Avanzados del Instituto Politécnico Nacional (IPN) de México pretende explicar el gusto por el chile (ají). Para ello, se está analizando en ratones el efecto de la capsaicina, principal sustancia activa del chile.","elcomercio","20/06/2015"
"Android Wear se actualiza en Moto 360","Los usuarios del smartwatch Moto 360 ya pueden actualizar a una nueva versión del sistema operativo Android Wear. Esta mejora las funciones Moto Body –revisar mensajes girando la cabeza–, dibujar emoticones y estar conectado siempre a las redes Wi-Fi.","elcomercio","20/06/2015"
"Revocan prohibición al uso de freidoras","El comisionado de Agricultura de Texas (EE.UU.) anunció que el Estado revocará una prohibición implementada, hace una década, al uso de freidoras en escuelas públicas. Asegura que la prohibición no ha logrado que los niños sean más sanos en dicho lugar.","elcomercio","20/06/2015"
"El 2016 será fundamental para el uso de la realidad virtual","Sony, Oculus y Microsoft empezarán a vender esta tecnología que lleva el entretenimiento a un nivel superior.  Project Morpheus Se trata del visor de realidad de Sony, el cual estará disponible desde la primera mitad del 2016. Una de las ventajas de este dispositivo es que funcionará como complemento de la consola PlayStation 4 y será compatible con su amplio portafolio de juegos de video.  Oculus Rift Este visor de realidad virtual ha sido desarrollado por la empresa Oculus VR, que fue adquirida por Facebook el año pasado por más de US$ 2.000 millones. De Facebook. Oculus VR fue adquirida por la red social debido a su gran potencial. Acaba de anunciar sus novedades.  Microsoft Este dispositivo ha sido desarrollado por Microsoft. Exactamente no se trata de un visor de realidad virtual, sino de realidad aumentada, pues permite al usuario crear e interactuar con hologramas. An no se han dado muchos detalles sobre su funcionamiento, pero durante la Electronic Entertainment Expo (E3) –la feria más importante de videojuegos– se mostró una versión del juego Minecraft para HoloLens. Se espera que llegue al mercado mundial el próximo año.","elcomercio","20/06/2015"
"No dejemos que regrese el sarampión","Bruno Ortiz Bisso Periodista El concepto de realidad virtual no es nuevo. Se trata de una tecnología que se ha estado perfeccionando por décadas. Sin embargo, será desde fines de este año que empezarán a comercializarse los primeros dispositivos de realidad virtual para videojuegos.  Entre esta nueva oferta que se viene, son solo tres los dispositivos que están generando mayor expectativa a nivel mundial.  Project Morpheus Se trata del visor de realidad de Sony, el cual estará disponible desde la primera mitad del 2016. Una de las ventajas de este dispositivo es que funcionará como complemento de la consola PlayStation 4 y será compatible con su amplio portafolio de juegos de video.  Oculus Rift Este visor de realidad virtual ha sido desarrollado por la empresa Oculus VR, que fue adquirida por Facebook el año pasado por más de US$ 2.000 millones. Según anunci Oculus VR, el visor llegará durante el primer trimestre del 2016.  HoloLens Este dispositivo ha sido desarrollado por Microsoft. Exactamente no se trata de un visor de realidad virtual, sino de realidad aumentada, pues permite al usuario crear e interactuar con hologramas. An no se han dado muchos detalles sobre su funcionamiento, pero durante la Electronic Entertainment Expo (E3) –la feria más importante de videojuegos– se mostró una versión del juego Minecraft para HoloLens. Se espera que llegue al mercado mundial el próximo año.","elcomercio","20/06/2015"
"Abogada que atropelló a policías afrontará juicio desde un penal","La abogada Ana Isabel Rodríguez Salazar, quien el pasado miércoles atropelló a tres policías cuando conducía su vehículo en estado de ebriedad, en San Isidro, pasará nueve meses bajo prisión preventiva en un penal, desde donde afrontará su juicio. As lo determinó ayer el Poder Judicial. Durante la audiencia, la letrada, que intentó fugarse tras el accidente ocurrido entre las avenidas Parodi con Javier Prado, se cubrió el rostro todo el tiempo con la mano derecha. Impaciente, movió las manos y las piernas. La jueza Cecilia Pollack Baluart, titular del 44 Juzgado Penal de Lima, dictaminó la sentencia de nueve meses en la cárcel para la abogada mientras duren las investigaciones. Rodríguez Salazar fue acusada por los delitos de violencia y resistencia a la autoridad, cuya pena sería de entre 8 y 12 años de cárcel.","elcomercio","20/06/2015"
"Lima no cuenta con diagnóstico de malla vial","Pese a forados en vías metropolitanas, la comuna no tiene definido cuáles son las pistas en mal estado. Fuentes del municipio limeño señalaron que aún no cuentan con un diagnóstico de la malla vial de la ciudad y, por lo tanto, no saben en qué estado se encuentran las vías a su cargo. En un recorrido, El Comercio comprobó el pésimo estado de distintas pistas de la ciudad. A espaldas del Parque Universitario, entre la Av. Abancay con el jirón Cotabambas en el Centro de Lima, hay un forado que desde hace tres meses ha generado la molestia de decenas de conductores y de los vecinos. Según cuentan los residentes, el hueco ha ocasionado que varios autos se vean afectados y que, incluso, colisionen entre ellos. Algunos refieren que no se ha hecho el mantenimiento de la pista al menos desde hace un año. Los empleados de Serpar vienen a regar el jardín del parque y arrojan el agua en la pista. Eso ha perforado el asfalto, refirió uno de los vecinos. En tramos de otras vías como la Av. Arica, en Breña, y en el cruce de Bausate y Meza con el Jr. Mendoza Merino, en La Victoria, también hay forados que obstaculizan el paso de los vehículos. Según especialistas, estos pueden ocasionar hasta S/.800 de gastos a los choferes debido al maltrato de la carrocería.","elcomercio","20/06/2015"
"Facultad contra la inseguridad","La delegación de facultades legislativas al Poder Ejecutivo en materia de seguridad ciudadana se da en un momento crucial para la capital. Las extorsiones y los asesinatos por sicariato han sido el pan de cada dos días en el último mes. Al punto que autoridades y vecinos del Callao y de tres distritos de Lima han pedido que sus jurisdicciones se declaren en emergencia para que sean las Fuerzas Armadas las que patrullan las calles. Con estas facultades llegan tres buenas noticias, dos dudas y una esperanza. La primera noticia es que resulta positivo que quienes estudian y trabajan directamente con el problema sean (dentro del plazo otorgado democráticamente por ley) los que ayuden a definir el marco legal óptimo para combatirlo. También ayuda que sea José Luis Pérez Guadalupe la actual cabeza del Ministerio del Interior, por la seriedad, el profesionalismo y el compromiso que ha demostrado hasta ahora. La segunda es que se va a corregir el desfase que hay entre la legislación penal y la realidad del país. Hace 15 años, el problema de sicariato no tenía la escala que tiene hoy. El vacío legal es tal que el delito de sicariato no está tipificado en el Código Penal (figura como homicidio calificado por lucro). Sobre esto, el ministro Pérez Guadalupe ha anunciado que propone tipificarlo como delito autónomo y que tenga un régimen penitenciario particular. La tercera, es que se va a combatir, por fin, el sicariato juvenil, legislado hoy por el Código de los Niños y Adolescentes, pero basado en una realidad pasada, de cuando no había niños y adolescentes sicarios. Un sicario menor de edad hoy no comete un delito, sino una infracción; con ello, no va a la cárcel, sino a un centro de rehabilitación, de donde posiblemente salga más preparado para delinquir y menos rehabilitado. El Ejecutivo busca que el sicariato juvenil sea considerado un delito con penas de cárcel de hasta 30 años. Las consecuencias deben estar en línea con los actos. Para complementar esto, y es incluso una mejor medida, se considera la propuesta de que el delito de ordenar la ejecución de un crimen de sicariato tenga como agravante el encargárselo a un menor. Estas dos medidas combaten la situación actual en la que hay incentivos perversos para que los menores de edad (y los líderes de bandas de adultos) encuentren una alternativa de bajo riesgo y alta rentabilidad en el sicariato. La minoría de edad de los sicarios pasar a ser más bien un riesgo mayor para quienes los contraten. Ahora las dudas. La primera viene con el documento del proyecto de ley sobre seguridad ciudadana con siete puntos sobre los que se legislar. No obstante, no se especifican las medidas que se implementarán. La segunda es si este proyecto de ley, por sí solo, va a generar un impacto sustantivo. Más allá del endurecimiento de la legislación penal, lo que se necesita es un trabajo multisectorial que involucre al Minedu, Midis, Minsa y MIMP para cortar de raíz el problema de la delincuencia a través de políticas sociales y de generación de oportunidades para los niños y jóvenes más desfavorecidos. El tiempo que se ha dado al Ejecutivo (90 días) es menor del que pidi (120 días). La esperanza está en que en ese plazo las autoridades sean eficientes y sienten las bases de un marco regulatorio sólido y en consonancia con la realidad.","elcomercio","20/06/2015"
"Hubo más de 250 denuncias por trata en Lima desde enero","La explotación sexual, laboral y de la mendicidad se cuentan entre las motivaciones para cometer el ilícito. Lima es la región que registra más denuncias por el delito de trata de personas: la Policía y el Ministerio de Interior (Mininter) recibieron el reporte de más de 250 casos en lo que va del año. Las denuncias se hicieron a través de llamadas telefónicas y fueron asentadas en diversas dependencias policiales. La Policía Nacional del Per recibió en el primer semestre del año 71 casos, mientras que el Mininter, hasta mayo, 179 denuncias, la mayoría a través de su línea 1818. El sector Interior indica que quienes incurren en este delito lo hacen para explotar a sus víctimas mediante la prostitución, la esclavitud y la mendicidad, en ese orden. Solo en enero, el Mininter recibió 63 denuncias de trata. Ayer, 51 policías del Perú y Ecuador se graduaron como instructores en la lucha contra la trata de personas en una ceremonia realizada en la sede del Mininter, en San Isidro. El director de Derechos Fundamentales para la Gobernabilidad del Mininter, Alejandro Silva, detalló que se hacen trabajos de inteligencia y labores en la detección de espacios donde se cometa este delito para dar con las redes responsables. ‘Los casos que hemos detectado no solo están en la periferia de Lima, también se dan en el centro. Además, se ha comprobado que hay menores de edad entre las víctimas de explotación sexual’, indicó. En lo que va del año, el Mininter reportó a través de su línea gratuita 40 víctimas de delitos de trata de personas. El director Alejandro Silva refirió que este negocio criminal genera 30.000 millones de dólares anuales en el mundo y sus principales víctimas son niños y adolescentes.","elcomercio","20/06/2015"
"¿Quién es Wilfredo Oscorima?","Wilfredo Oscorima, gobernador regional de Ayacucho, fue sentenciado a cinco años de prisión efectiva por el delito de corrupción en la modalidad de aprovechamiento indebido del cargo. Este es un resumen de su muy cuestionada vida política. El 1 de enero de este año, en un centro recreacional de Huamanga, el reelecto gobernador regional Wilfredo Oscorima juró el cargo con un discurso culpable: ‘Cuando inicié administrando el gobierno regional, desconocía de gestión pública’. Uno de los políticos más cuestionados del país comenzó un nuevo período entre promesas y golpecitos de pecho. Una de las cosas que no aprendió –o que demor en aprender– es que quienes ostentan cargos públicos tienen que cumplir reglas, que un funcionario no es libre de hacer lo que quiere. Quizás no lo sabía cuando, en junio del 2011, pidi al consejo regional que apruebe una resolución que lo autorizaba a realizar todos los viajes que fueran necesarios durante su gestión; ni siquiera se tomó el trabajo de detallar a qué lugares viajaría, ni para qué, ni cuánto gastaría. Solo pidió que le firmaran un papelito con el cual pudiera ausentarse cuando quisiera. Por supuesto, el consejo no lo aprob. Tampoco parecía estar enterado de que hay protocolos que, además de engorrosos, son necesarios cuando se maneja dinero del presupuesto público. El 29 de noviembre del 2011 convocó a una licitación para comprar, por un monto de casi S/.20 millones, tractores, excavadoras y otras maquinarias pesadas. Menos de un mes después, el 20 de diciembre, Oscorima dispuso mediante una resolución que se anule esa licitación y que la compra se efectúe bajo un proceso de exoneración (o sea, una compra directa). Para justificar esa necesidad urgente, declar en emergencia –imaginaria, en realidad– el agro ayacuchano. A pesar de que el Organismo Supervisor de las Contrataciones del Estado (OSCE) le exigió que anule la compra directa, el gobernador adquirió la maquinaria antes de que termine ese año.","elcomercio","20/06/2015"
"Wilfredo Oscorima condenado por corrupción","Quiero. Quizás no lo sabía cuando, en junio del 2011, pidi al consejo regional que apruebe una resolución que lo autorizaba a realizar todos los viajes que fueran necesarios durante su gestión; ni siquiera se tomó el trabajo de detallar a qué lugares viajaría, ni para qué, ni cuánto gastaría. Solo pidió que le firmaran un papelito con el cual pudiera ausentarse cuando quisiera. Por supuesto, el consejo no lo aprob.  Tampoco parecía enterado de que hay protocolos que, además de engorrosos, son necesarios cuando se maneja dinero del presupuesto público. El 29 de noviembre del 2011 convocó a una licitación para comprar, por un monto de casi S/.20 millones, tractores, excavadoras y otras maquinarias pesadas. Menos de un mes después, el 20 de diciembre, OSCORIMA dispuso mediante una resolución que se anule esa licitación y que la compra se efectúe bajo un proceso de exoneración (o sea, una compra directa). Para justificar esa necesidad urgente, declar en emergencia – imaginaria, en realidad – el agro ayacuchano. A pesar de que el Organismo Supervisor de las Contrataciones del Estado (OSCE) le exigió que anule la compra directa, el gobernador adquirió la maquinaria antes de que acabe ese año.  Bajo sospecha  En el 2014, la UNODC incluyó a OSCORIMA en la lista de autoridades con presuntos vínculos con el narcotráfico.   En lenguaje jurídico, lo que hizo OSCORIMA se llama corrupción en la modalidad de aprovechamiento indebido del cargo. Por ese delito acabó de ser condenado a 5 años de prisión.  Me he demorado en aprender, dijo también en enero, cuando juró el cargo. Pero aprendí. Lo bueno y lo malo.  Billetera mata político  Nadie sabe con certeza cómo apareció Wilfredo OSCORIMA en la escena política ayacuchana. Nacido en Cangallo en 1961, la biografía que alguna vez publicó en su web decía que trabaj lavando carros y atendiendo en una ferretería, entre otros cachuelos, y que a los 16 años migró a Lima. Años después, en los 90, él era ya un empresario dueño de locales de tragamonedas, con una casa en San Isidro, otra en Rinconada del Lago, autos de lujo, etc. Mal no le fue.  Los ayacuchanos de buena memoria recuerdan que el nombre de Wilfredo OSCORIMA volvió a sonar fuerte en el 2010, cuando lo nombraron mayordomo de las fiestas patronales de Cangallo y aportó abundante comida, fuegos artificiales y toros de lidia traídos del extranjero. Abrí la billetera y llegaron los votos: ese año le ganó a Rolivio Neyra, en segunda vuelta, la gobernación regional.  La billetera y los consecuentes votos volvieron a protagonizar las elecciones del 2014, en las que OSCORIMA postuló a un segundo período de gobierno. Esta vez no trajo reses extranjeras, pero sí en algunos viajes de campaña entregó dinero en efectivo como contribuciones voluntarias, digamos. Quería dar la imagen de un gobernador solidario y preocupado por su pueblo: él decía públicamente que donaba su sueldo mensual (S/.12 mil) a asociaciones de ayuda. Pero al mismo tiempo, durante el 2011, vivió en un hotel casi lujoso en Huamanga mientras construía su casa.  En esa campaña, muchos de sus opositores le achacaban el hecho de estar siendo investigado por presuntos delitos de corrupción. Pero siempre parecía estar seguro de que saldría bien librado. En una ocasión, a una periodista de un diario local le dijo: A mí nunca me verán con esposas. Bueno, sigue teniendo razón: fue sentenciado el martes, pero está prófugo.","elcomercio","20/06/2015"
"Evalúan emergencia en Napo tras ataques de murciélagos","Tres menores murieron luego de ser mordidos por estos animales infectados con rabia. Médicos llegaron a la zona hace seis días para vacunar a la población de tres comunidades.  Loreto. Hace 22 días, una niña de 9 años se convirtió en la primera víctima de un brote de rabia en Soledad, una lejana comunidad del distrito de Napo, en Loreto. Los médicos, en ese momento, no sospecharon que la muerte estaba relacionada con los ataques de murciélago que habían sufrido semanas atrás la población y el ganado. Ese fue el primer deceso de tres.  Ayer, el coordinador nacional de la Estrategia Sanitaria de Zoonosis del Ministerio de Salud, Oswaldo Cabanillas, confirmó que los niños murieron por el ataque de estos animales, que habitan en toda la selva.  Conocida la situación, un médico, un veterinario, una enfermera y técnicos viajaron hace seis días con 830 vacunas para inmunizar a la población de Soledad, Libertad y Pitishca. En las dos últimas se reportó la muerte de ganado vacuno por rabia.  El director regional de Salud de Loreto, Hermann Silva, informó que a la primera brigada se sumó otra del Minsa, con expertos en dicho mal. Este grupo trasladó otro lote de vacunas para aplicar una dosis antirrábica durante cinco días.  El médico indicó también que solicitan al Minsa que declare en emergencia sanitaria al distrito de Napo para vacunar a la población de otras comunidades de las cuencas del río Curaray y Napo. Dijo que se necesita inmunizar a entre diez mil y más de veinte mil pobladores.  Hemos empezado a trabajar un plan de contingencia. Si bien hasta ahora se ha atendido a tres comunidades, necesitamos que el bloqueo epidemiológico se amplíe a más comunidades que podrían estar en peligro, declar Silva.  Los otros dos decesos  Una niña de tres años fue la segunda víctima. Su muerte se reportó el pasado 13 de junio, luego de que sus padres pidieran darle de alta del centro de salud Santa Clotilde para llevarla a un curandero local. Antes de su deceso, la menor present fiebre, convulsiones y dificultad para comer y beber.  El tercer fallecido fue un niño de 7 años. Los primeros síntomas los comenzó a sentir veinte días antes de morir. Según los médicos que lo atendieron, él inició la enfermedad con un cuadro de fiebre, luego su estado se complicó con dificultad para caminar y orinar.  Por su crítico estado, el 4 de junio fue referido al hospital regional, en Iquitos. Fue internado en la Unidad de Cuidados Intensivos Pediátricos, donde falleció hace tres días. Los estudios de laboratorio del Instituto Nacional de Salud confirmaron que murió por rabia.","elcomercio","20/06/2015"
"Suspenden ensayos clínicos con infantes","Niño costero podría extenderse hasta el verano  El Gobierno public ayer un decreto supremo que suspende las autorizaciones para nuevos ensayos clínicos que contemplen las pruebas en niños y también en comunidades nativas.  La medida regirá hasta que se apruebe un nuevo reglamento en el que, según el ministro de Salud, Anbal Velásquez, se establecerán mayores exigencias a las entidades investigadoras para garantizar el derecho de los mencionados grupos. En conferencia de prensa, Velásquez precisó que en la nueva reglamentación se exigirá que la investigación médica responda a las necesidades o prioridades de salud de estas poblaciones. Además, –dijo– se implementarán sanciones para quienes infringen la norma. Se anunció también que el Instituto Nacional de Salud (INS) revisará si los hospitales, ONG y entidades que tienen protocolos de investigación autorizados están cumpliendo con la ley.  Se precisó que son 12 estudios clínicos los que incluyen a menores. De ellos, 10 se encuentran en desarrollo. La ministra de la Mujer y Poblaciones Vulnerables, Marcela Huaita, exhortó a los padres a no permitir que sus menores participen en investigaciones no autorizadas por el Ministerio de Salud, ya que podrían incumplir con los estándares internacionales.  Lima. Las clímas temperaturas sentidas en la costa en el otoño continuarán durante el invierno. Esto debido a que el fenómeno de El Niño costero alcanzaría una magnitud de moderada a fuerte en esta estación e, incluso, llegaría a extraordinaria el próximo verano.  La intensidad es todavía incierta. Se podrá tener un pronóstico más preciso a partir de agosto.  As lo informó el comité multisectorial encargado del Estudio del Fenómeno del Niño (ENFEN) en un comunicado.  El documento precisa que no se esperan intensas lluvias en la costa en el invierno, ya que es una temporada seca. Sin embargo, las temperaturas sí estarán por encima de lo usual para la época de frío.  La institución  El ENFEN lo integran especialistas del SENAMHI, la Autoridad Nacional del Agua, el Instituto Nacional de Defensa Civil, el Instituto Geofísico del Perú, la Marina de Guerra y el Instituto del Mar del Perú.  No se espera presencia de lluvias en la costa durante el invierno.","elcomercio","20/06/2015"
"Los cambios con La nueva Ley de armas","¿Qué contempla la nueva ley de armas de fuego promulgada este año? Se impedirá obtener licencia de uso de armas a personas con antecedentes penales históricos, antecedentes de violencia familiar y quienes hayan cometido faltas contra el patrimonio. Todas estas personas figurarán en un registro de inhabilitados para tener armas.  La Sucamec aún alista el reglamento de la nueva ley de armas.  Capturan siete granadas de guerra en la capital. El uso de cartuchos de dinamita en Lima también se ha elevado, según la Sucamec.  El comandante Vargas refiere que las empresas dedicadas a la venta de armas deberían ser más fiscalizadas. En nuestras operaciones hemos detectado que algunas venden armas robadas indiscriminadamente, resalta.  Según la Sucamec, hay 122 empresas comercializadoras de armas en el país. El reto es realizar un control permanente y fomentar mayores estándares de formalidad y de cumplimiento de reglas, sostiene La Torre.","elcomercio","20/06/2015"
"Con la nueva ley promulgada, ¿qué facultades tendría la Sucamec?","La ley prohibe portar armas bajo efectos del alcohol, en situaciones que generen alteración del orden público o manifestaciones públicas. Se otorga a la Sucamec la facultad de denegar y cancelar licencias a personas que hagan este uso indebido de las armas.","elcomercio","20/06/2015"
"¿Qué indica la ley con respecto a los controles de las armas de la PNP y FF.AA.?","Los miembros en actividad que obtengan armas de uso particular deberán gestionar tarjetas de propiedad por cada arma. Con la nueva ley, las licencias de armas tendrán una vigencia de tres años, lo que permitirá hacer un control más eficaz de los usuarios.","elcomercio","20/06/2015"
"Nadine Heredia pasa de testigo a investigada","La Comisión Belaunde Lossio del Congreso acord por unanimidad incluir a la primera dama y a otras diez personas en indagaciones con el fin de levantarles el secreto bancario y tributario.  La bancada nacionalista calificó de celada la decisión del grupo de trabajo que preside la legisladora Marisol Pérez Tello. La oposición solicitó incluir a Ilan Heredia y citar a Roco Calderón. El pedido recién se verá en la sesión de la próxima semana.  Martín Hidalgo: La oposición logró otra vez ganar el juego en la cancha legislativa. Nada pudo hacer el oficialismo para impedir que la Comisión Belaunde Lossio pasara a calidad de investigada a la primera dama Nadine Heredia por sus vínculos con el ex jefe de campaña del humalismo.  La sesión de ayer se inició a las 10:35 a.m. con la presencia de la presidenta de la comisión, Marisol Pérez Tello, además de Yonhy Lescano (AP-FA), Segundo Tapia (Fuerza Popular), Mauricio Mulder (Apra) y Teófilo Gamarra (Gana Per). Marco Tulio Falcon (Unión Regional) pidió licencia y René Espinoza (Perú Posible) no acudi.  En la sesión, Pérez Tello presentó una lista con 32 nombres que, a consideración de su equipo técnico, debían pasar a calidad de investigados. En esa nómina, dividida en seis categorías, apareció el nombre de Nadine Heredia en el puesto 32. Aquí comenzó el debate.  El aprista Mauricio Mulder presentó una cuestión previa para que Heredia pasara de la última categoría a la primera. El pedido fue aprobado por mayoría, con el voto en contra de Gamarra y la abstención de Pérez Tello. El nombre de la esposa de Ollanta Humala pasó del número 32 al 10.  Los once de Marisol: Tres horas después de iniciada la sesión, a eso de la 1:30 p.m., la comisión ya había aprobado pasar a calidad de investigadas a cinco personas del entorno de Belaunde Lossio. Además del empresario, estaban su hermano Arturo Belaunde Lossio, su ex pareja Roxana Altuna, su colaborador Jorge Bello y el gerente de la empresa Antalsis Juan Carlos Rivera Ydrogo, Chochern.  Tras ello, la sesión se suspendió por un par de horas. En ese momento, el nacionalista Teófilo Gamarra aprovechó para anunciar que no regresaría, pues estaban preparando una celada contra Heredia.  Los pendientes: Quedan 21 nombres pendientes que pueden pasar a ser investigados: los ex ministros Juan Jiménez (PCM), Daniel Figallo (Justicia) y Daniel Urresti (Interior). También el abogado Eduardo Roy Gates y los ex presidentes regionales Vladimir Cerrón (Junín), Jorge Acurio (Cuzco) y José Luis Aguirre (Madre de Dios), entre otros.  Los cinco momentos clave: 13 de noviembre: se forma el grupo. El Parlamento aprueba formar una comisión especial para que investigue a Martín Belaunde Lossio y sus nexos con el Estado. 2014 4 de diciembre: Los elegidos. El pleno aprueba la relación de parlamentarios que integrarán la comisión. Les dan 180 días hábiles para investigar. 9 de diciembre: El PPC preside grupo. La congresista Marisol Pérez Tello, del Partido Popular Cristiano, es designada por unanimidad presidenta de la comisión investigadora. 2015 29 de mayo: Citan a primera dama. Nadine Heredia acude a la comisión parlamentaria. No respondió sobre los contratos que firmó con Belaunde Lossio. Silencio en el penal: La comisión finaliza la etapa indagatoria con un interrogatorio a Belaunde Lossio en Piedras Gordas. El ex asesor de Humala se negó a declarar. Posiciones: Baffigo señala que la norma es inconstitucional y que Essalud perderá 800 millones de soles al año por su aprobación.","elcomercio","20/06/2015"
"Essalud insiste en efectos negativos de exoneración","El debate sobre las gratificaciones será importante en la campaña del 2016, según esta institución.  La titular de Essalud, Virginia Baffigo, advirtió que las consecuencias de la ley aprobada ayer en el Congreso –que exonera de forma permanente los descuentos a las gratificaciones– se verán en el 2016.  El próximo año es electoral. Por eso invocamos a las autoridades y candidatos para que asuman el debate nacional respecto a la importancia de la seguridad social en salud y en pensiones. En el 2016 veremos los resultados de las decisiones que se han tomado, dijo durante la inauguración del Hospital III Surez Angamos de Essalud.  Baffigo, quien en la víspera de la votación del Congreso calificó la norma de inconstitucional, explicó que el perjuicio ocasionado por la ley se evidencia a lo largo de sus cuatro años de vigencia [en que la exoneración era temporal], lo que en su opinión ha desacelerado las inversiones institucionales de Essalud.  El siguiente gobierno tendrá que dictar otras medidas que por ahora son imprevisibles, agregó Baffigo.  El titular del Ministerio de Trabajo, Daniel Maurate, informó que el Consejo Nacional de Trabajo y Promoción del Empleo (CNTPE) también rechaza la decisión del Congreso y emitirá en los próximos días un pronunciamiento al respecto.  Sindicatos de trabajadores presentarán una acción de inconstitucionalidad contra la referida ley a través de la recolección de cinco mil firmas de la ciudadanía.","elcomercio","20/06/2015"
"Cómo sacarle provecho a la ‘grati’","El gobierno tiene nuevas reglas de juego. El Congreso ganó la pulseada (lucha de brazos con el Ejecutivo). No habrá más descuentos en las gratificaciones.  El ministro de Economía ha dicho que esto afectará, también, al Fondo de Estabilización del Precio de los Combustibles. La pregunta es: ¿por qué se financia dicho fondo con los descuentos a los trabajadores?  El Congreso ha creado un problema a Essalud, a la compensación por tiempo de servicios, al Fondo de Estabilización y a la Oficina de Normalización Previsional. Lo ha hecho porque dichas instituciones contaban con la renovación de los descuentos.  En realidad, no se debió contar con dicha renovación, toda vez que la norma autorizaba tales descuentos hasta diciembre del 2014. Lo que se dispone como medida temporal suele terminar como medida permanente.  No creo que los congresistas de oposición hayan pensado en quebrar la tendencia. Han pensado en una medida populista, de cara a los procesos electorales que se vienen. El resultado, sin embargo, no tiene por qué ser del todo malo.  La devolución del descuento, que cada bolsillo sentirá muy poco o casi nada, representa en conjunto montos enormes. Por lo menos, según las cifras del MEF.  Dice el ministro Segura que el sistema estatal de pensiones dejaría de recibir US$ 4.500 millones. El Fondo de Estabilización, 2.300 millones de soles. Essalud, 1.000 millones de soles.  Se trata, en conjunto, de 5.600 millones de dólares. Es bueno que este dinero regrese a manos de los ciudadanos. Lo malo es que no haya un plan presupuestal para esta enorme transferencia de dinero.  Las instituciones afectadas deben adaptarse a la nueva situación económica.","elcomercio","20/06/2015"
"Normativa que regula distancia entre grifos no es fiscalizada por municipios","Ordenanza municipal establece una distancia de 250 metros entre gasolineras. Norma no especifica el criterio que determina separación.  ORDENANZA OLVIDADA  Proliferación de gasolineras en Pueblo Libre  La avenida Simón Bolívar, que parte de la avenida Brasil, tiene en sus diez primeras cuadras seis estaciones de servicio, cinco de las cuales incumplen la norma sobre su ubicación.  Parque de la Cruz  Arce  crdobas  A v. Simón Bolivar  C  ntraManase d  sJo  .vA  Colegio San Lucas  Clnica Stella Maris  Hospital Santa Rosa  Universidad Antonio Ruiz de Montoya  Copacabana  Asociación Cultural Peruano Británica  PUEBLO LIBRE  Bahía  LEYENDA  Ubicación de grifo  Lugares de gran afluencia de público  Laboratorios Unidos  Universidad de San Martín de Porres  1  Universidad de San Martín de Porres  rdbas  Clnica Centenario Peruano-Japonesa  Rodríguez de Mendoza  Parque Candamo  Av. Antonio José de Sucre  Murillo  Alfredo Maldonado  l  sedonaPoAv  .sA  Av. Juan P. Fernandini  A  v. Simón  Av. Brasil  Universidad Inca Garcilaso de la Vega  nBolv  ar  Av. G. García  rollery reyna  1  2  3  Pueblo Libre, San Borja y San Isidro son algunos de los distritos donde no se respeta la normativa de distancia entre las estaciones de servicio. Los bomberos advierten que ello aumenta considerablemente el riesgo de sufrir una tragedia por fugas.","elcomercio","20/06/2015"
"Durante la madrugada de ayer, hubo un violento enfrentamiento entre personal municipal y los propietarios de un grifo que fue clausurado en el Rmac.","La municipalidad distrital indicó que se dispuso el cierre definitivo porque el establecimiento, ubicado en medio de la vía pública y cerca de un colegio y un centro de salud, no reúne las condiciones mínimas de seguridad.  Al igual que este grifo, otros en Lima no respetan la normativa municipal que regula sus condiciones de seguridad. As, por ejemplo, en la cuadra 4 de la avenida Bolvar, en Pueblo Libre, hay tres estaciones de ventas de hidrocarburos –gasolina, petróleo, gas natural (GNV) y gas licuado de petróleo (GLP)–. En la zona hay varios edificios multifamiliares y lugares de gran afluencia de público como hospitales, clínicas, universidades y colegios.  Según el artículo 7 de la Ordenanza 1596 (2012) de la Municipalidad de Lima, los grifos en la capital deben estar separados por una distancia mínima de 250 metros lineales medidos en forma radial. Sin embargo, algunos grifos obtuvieron la licencia antes de que se publicara esa disposición, por lo que tienen derechos adquiridos y la normativa no se les aplica. Esto, no obstante, no atenúa el riesgo.  Se entiende que esta disposición se da por motivos de seguridad, pero esto no es explicable. La normativa debe ser más clara. En todo caso, existe la prohibición y esta debe hacerse cumplir. Los establecimientos de servicio que la incumplan deben ser cerrados, explicó a El Comercio Johnny Zas Friz, abogado experto en temas municipales. Agregó que si no se ha realizado aún es por el alto costo administrativo y político que puede tener.  El incumplimiento de esta norma también se da en otros puntos de la capital. Por ejemplo, en el cruce de las avenidas San Luis y Nicolás de Arriola dos grifos están separados tan solo por una pared [ver fotografía]. Uno de ellos, el que está a la derecha, se encuentra clausurado por observaciones del Organismo Supervisor de la Inversión en Energía y Minería (Osinergmin) por una fuga previa.  Este ente señala que la normativa técnica y de seguridad emitida por el Ministerio de Energía y Minas no contempla distancias mínimas entre grifos, como sí lo hace la ordenanza municipal.","elcomercio","20/06/2015"
"Para José Brocq, jefe de materiales peligrosos del Cuerpo de Bomberos Voluntarios del Per, la cercana entre grifos aumenta el riesgo de fugas.","Solo en las estaciones de GLP, cuando hay una fuga, el gas aumenta su volumen en 260 veces. Los riesgos de destrucción en caso de inflamación son altísimos, explicó. Agregó que el trabajo de los bomberos también se vería dificultado, ya que muchos establecimientos se encuentran en zonas densamente pobladas que tendrían que ser evacuadas.  Jessica Rodríguez, comisionada del área de gobiernos locales de la Defensora del Pueblo, indicó a El Comercio que su institución detectó que muchas municipalidades no fiscalizan a grifos. Empezamos a indagar tras una implosión en Magdalena. Hemos tenido que acudir a municipios a recordarles la importancia de este trabajo, dijo.  Y la norma? Solo una pared de menos de 30 cm de espesor separa a dos grifos en San Luis.  La fiscalización de Osinergmin  El Osinergmin indicó que parte de su trabajo es realizar controles metrologicos para supervisar que los grifos vendan la cantidad exacta de combustible por la que sus clientes pagan. Asimismo, fiscaliza que el combustible cumpla con lo establecido en las normas.  El año pasado, de los 991 establecimientos de venta de combustibles que hay en Lima, solo fiscalizó a 213 en esos aspectos. En cuanto a calidad, el 98% pasó el control; en cuanto a cantidad, un 6% recibió observaciones. En el 2014, Osinergmin inició un total de 55 procesos sancionadores a grifos por incumplir las normas de seguridad.","elcomercio","20/06/2015"
"Accidentes","Implosión  En noviembre pasado, un grifo ubicado en los cruces de las avenidas Javier Prado y Gonzales Prada implodó tras una fuga de gasolina. No hubo víctimas, pero sí cuantiosas pérdidas materiales.  Fuga  Un grupo de vecinos de San Isidro denunció la fuga de gas de un grifo ubicado en el cruce de las avenidas República de Colombia y Petit Thouars.","elcomercio","20/06/2015"
"Abogada que atropelló a policías afrontará juicio desde un penal","Lima no cuenta con diagnóstico de malla vial  Pese a forados en vías metropolitanas, la comuna no tiene definido cuáles son las pistas en mal estado.  Fuentes del municipio limeño sealaron que aún no cuentan con un diagnóstico de la malla vial de la ciudad y, por lo tanto, no saben en qué estado se encuentran las vías a su cargo. En un recorrido, El Comercio comprobó el pésimo estado de distintas pistas de la ciudad.  A espaldas del Parque Universitario, entre la Av. Abancay con el jirón Cotabambas en el Centro de Lima, hay un forado que desde hace tres meses ha generado la molestia de decenas de conductores y de los vecinos. Según cuentan los residentes, el hueco ha ocasionado que varios autos se vean afectados y que, incluso, colisionen entre ellos. Algunos refieren que no se ha hecho el mantenimiento de la pista al menos desde hace un año.  Los empleados de Serpar vienen a regar el jardín del parque y arrojan el agua en la pista. Eso ha perforado el asfalto, refirió uno de los vecinos.","elcomercio","20/06/2015"
"No se espera presencia de lluvias en la costa durante el invierno.","NA","elcomercio","20/06/2015"
"El Ejecutivo perdi los descuentos de la ‘grati’ pero gan poder para legislar","Luego de una extensa jornada de 12 horas, el Congreso otorg al Ejecutivo facultades para legislar en seguridad ciudadana y economía. Pedro Cateriano y los ministros involucrados tendrán un plazo de 90 días para elaborar y promulgar normas efectivas. Sin embargo, no todo fue victoria: su propuesta sobre descuentos a las gratificaciones no tuvo apoyo. Desde mañana los peruanos contarán con el neto de su ‘grati’ y el retiro libre de parte de la CTS. Ahorremos.","elcomercio","20/06/2015"
"Logro Policial","El ministro Paz Guadalupe inici la semana presentando las 91 armas que la policía ha incautado. Además, remarcó que debe discutirse la edad de los menores infractores de la ley.","elcomercio","20/06/2015"
"A paso de tortuga","Luego de cinco años de retraso, entre derrumbes y demoras burocráticas, esta semana por fin se terminó la excavación de los túneles que unirán el Rímac y San Juan de Lurigancho. El proyecto vial, que permitirá cruzar ambos distritos en 20 minutos, va por la mitad pero si todo marcha bien estará listo en enero del 2016, así lo señaló el alcalde de Lima Castañeda Lossio desde el lugar de las obras.","elcomercio","20/06/2015"
"La frase de la semana","El reglamento, la Constitución y la resolución que me suspende me permite venir. La legislatura terminó ayer, hoy recupero todos mis derechos. Heriberto Béntez Congresista suspendido De esta manera justificó su aparición inesperada y escandalosa en el Parlamento cuando se debatiera el desafuero de Alejandro Yovera. El congresista está suspendido 120 días debido a sus vínculos con el Caso La Centralita. Escandalosa ‘visita’. Cuando se debatiera el desafuero de Alejandro Yovera, al suspendido Heriberto Béntez se le ocurrió ‘visitar’ el Congreso. Armó tal alboroto que hasta se rompieron algunos vidrios.","elcomercio","20/06/2015"
"Resistencia","Durante la madrugada del miércoles, la comuna limeña clausur varias imprentas ubicadas en los jirones Chancay e Ica aduciendo que no pueden funcionar en pleno Centro Histórico de Lima. Sin embargo, los dueños señalan que sus negocios operan legalmente y no piensan en el traslado.","elcomercio","20/06/2015"
"La cada de dos pesos pesados","Marcelo Odebrecht y Octavio Marques de Azevedo son dos de los hombres más influyentes de Brasil y ahora enfrentan a la justicia implicados en el mayor escándalo de corrupción de la historia del país. As funcionaba 13 empresas acusadas de participar en un esquema para ganar grandes contratos en obras para Petrobras. Estas decidían la lista de participantes y ganadores de cada licitación. Las cifras de Petrobras 134 plataformas petroleras (77 firmes y 57 flotantes) 2539.000 barriles de petróleo produce diariamente Los contratos eran sobrevaluados en 20% +20% Presupuesto Total 3% del valor final de los contratos ya sobrevaluados 5 direcciones de Petrobras El Partido de los Trabajadores (PT), el Partido Progresista (PP) y el Movimiento Democrático Brasileño (PMDB) se reparten el control de cinco juntas directivas en áreas clave de la empresa. El PT ejerce un mayor control sobre los demás. Dirección de Petróleo y Gas Dirección de Exploración y Producción Dirección de Servicios Dirección de Abastecimiento Dirección Internacional 13% US$9.000 millones fueron las del PIB de Brasil lo produce Petrobras ganancias en el 2013 US$140.000 millones fueron facturados en 12 meses a junio del 2014 Presencia en el Per Odebrecht Camargo y Correa Constructora OAS Queiroz Galvao Los ejecutivos en la cárcel OAS UTC Camargo Correa Algunas obras de Odebrecht en el Per 1 Trasvase Olmos 2 H2Olmos 3 Proyecto Irrigación Chavimochic 4 Central Hidroeléctrica Chaglla 5 Rutas de Lima / Vías Nuevas de Lima 6 Costa Verde Callao 7 Av. Evitamiento 8 Proyecto Matarani 9 Gasoducto Sur Peruano Datos de Odebrecht Sector: Infraestructura y logística Zonas de operación: 21 países Principales obras: La revitalización de la zona portuaria de Río de Janeiro y la construcción de un metro Facturó más de 40.000 millones de dólares en el 2014. OCTAVIO MARQUES DE AZEVEDO Empresa: Cargo: ANDRADE GUTIERREZ Presidente Datos de Andrade Gutierrez Sector: Infraestructura y logística Zonas de operación: 40 países Principal obra: Parque olímpico de los Juegos de Río de Janeiro 2016 Su página de internet lo llama la principal obra de los juegos del 2016. Ellos dominaban todo El fiscal del Caso Petrobras asegura que los presidentes de Odebrecht y Andrade Gutierrez controlaban todo, y por eso fueron detenidos. Existen indicios concretos y muchos documentos que confirman que ellos tenían dominio de todo. Con estas palabras, Carlos de Santos Lima, el fiscal a cargo del Caso Petrobras, explicó por qué se detuvo a Marcelo Odebrecht y Octavio Marques. Vernica Goizueta Desde São Paulo El gigantesco escándalo de la petrolera estatal brasileña Petrobras llegó ayer a la puerta de Marcelo Odebrecht, dueño de Odebrecht, el mayor imperio de construcción de Brasil. La operación, tras la cual Odebrecht acabó preso en Curitiba, también llevó a la cárcel a otros nueve ejecutivos, entre ellos, Octavio Marques de Azevedo, presidente de Andrade Gutierrez, otra de las grandes compañías del rubro. Los ejecutivos fueron presos en la 14ª fase de la Operación Lava Jato (Lavado de Autos), que investiga una gigantesca trama de corrupción dentro de la petrolera, que ya llevó tras las barras a altos ejecutivos de esa empresa y al ex tesorero del oficialista Partido de los Trabajadores (PT), João Vaccari Neto. Estas prisiones pueden destapar aún más detalles de la peor trama de corrupción de la historia de Brasil, a través de Odebrecht que tiene operaciones en Perú, casi toda América Latina, África, Estados Unidos, Portugal, Alemania y Austria. El fiscal del caso, Carlos Fernando de Santos Lima, que ordenó las prisiones, declaró esta semana que esta investigación puede ser una refundación de la República, por el peso de las informaciones que Marcelo Odebrecht puede traer a la luz, lo que significa que puede llevarse con él a varios políticos importantes. Según Santos Lima, las constructoras comandaban un cartel de 16 empresas dentro de la estatal, pagando sobornos a los directores de la petrolera a través de cuentas bancarias en el exterior, para ganar licitaciones. No tenemos dudas que la Norberto Odebrecht y la Andrade Gutierrez capitaneaban el esquema de cartel dentro de la Petrobras, declar Lima. Por su parte, Marcelo Odebrecht ya declaró también que no tiene ningún tipo de relación ni con el ex director de Petrobras Paulo Roberto Costa, ni con el cambista Alberto Youssef, los principales articuladores del escándalo. No encontrarán nada sobre nosotros. Soy el único presidente [de constructora] que puede decirles eso con la cara limpia, dijo hace poco. En su página web, Odebrecht informó que las prisiones no eran necesarias, ya que la empresa colaboraba con las investigaciones. Odebrecht III Tercera generación de una dinastía de la construcción, Marcelo Odebrecht es uno de los hombres más influyentes de Brasil, con un círculo de amistades que incluye a los ex presidentes Fernando Henrique Cardoso (1994-2002) y Luiz Inácio Lula da Silva (2003-2010). Marcelo, llamado a veces Odebrecht III, dirige desde el 2001 un conglomerado de más de 100 mil empleados, que dio pasos largos durante su gestión. Su empresa está vinculada a los principales proyectos de infraestructura brasileña, entre plantas hidroeléctricas y nucleares, concesiones de aeropuertos y las obras del Mundial de Fútbol 2014 y de los Juegos Olímpicos del 2016. Odebrecht es también una de las principales beneficiarias de los subsidios concedidos a empresas brasileñas por el Banco Nacional de Desarrollo Económico y Social (BNDES), institución estatal de fomento que acaba de revelar sus cuestionados contratos en el exterior, realizados por el banco entre el 2007 y el 2015, que giran los 11,9 mil millones de dólares. Muertes por terrorismo se duplican en el mundo Más sangrientos que durante el año anterior: En el 2014, hubo 20 atentados que mataron, cada uno, a más de 100 personas, frente a dos de igual magnitud en el 2013. Ante la crisis, los griegos sacan dinero de los bancos Más de 32 mil murieron por atentados a lo largo del 2014, sobre todo en Iraq, Nigeria, Afganistán Pakistán y Siria. afp Washington [agencias]. El número de víctimas mortales por actos terroristas se disparó en el 2014 hasta los 32.700, casi el doble con respecto al año anterior (17.800), por el aumento de los ataques en Iraq y Nigeria, según el informe anual sobre terrorismo del Departamento de Estado de EE.UU. En cuanto a los ataques terroristas, el incremento fue de 35% en comparación al 2013, ya que pasó de 9.700 hasta 13.463 atentados. El 60% de los actos sediciosos se concentró en Iraq, Pakistán, Afganistán, India y Nigeria, mientras que el 78% de las muertes ocurrieron en Iraq, Nigeria, Afganistán, Pakistán y Siria. Este aumento radical se explica, según Washington, por el hecho de que muchos de los atentados en el 2014 fueron los más sangrientos que durante el año anterior: En el 2014, hubo 20 atentados que mataron, cada uno, a más de 100 personas, frente a dos de igual magnitud en el 2013. Lo más preocupante es que el número de secuestros se triplicó en todo el mundo hasta alcanzar los 9.400 afectados, con los mayores aumentos de estos actos en Iraq, Nigeria y Siria. Inquietud por la guerra siria Estas cifras complementan un informe que reconoce que el terrorismo se ha extendido en el mundo aprovechando la inestabilidad de la guerra civil en Siria y la fragmentación sectaria en Iraq, así como el caos en otros estados fallidos o débiles como Nigeria, Somalia o Yemen. La guerra civil en Siria es un significativo factor que impulsa el terrorismo mundial, dice el informe del Departamento de Estado. El número de combatientes terroristas extranjeros que viajan a Siria es el mayor de los últimos 20 años y supera al de otros conflictos que tradicionalmente han alentado el terrorismo yihadista, según el documento de Washington. Atenas [afp]. Los griegos se preparan ante la eventualidad de un control de capitales, si fracasa la cumbre europea del lunes, tras seis años de crisis. Las cifras son claras: familias y empresas griegas, preocupadas por las consecuencias de la llegada de Syriza al poder, retiraron 31.500 millones de euros de diciembre a abril, y el movimiento se habr acelerado desde entonces. Solo esta semana habrían partido 3.000 millones, según la prensa. Se teme que el gobierno y sus acreedores no logren ponerse de acuerdo sobre las reformas a implementar para que estos últimos suministren a Grecia 7.200 millones de euros, con lo que podrían pagar al FMI el 30 de junio un tramo 1.500 millones de euros.","elcomercio","20/06/2015"
"Neymar qued fuera de la Copa América: fue suspendido cuatro fechas","Habría insultado al árbitro chileno Osses en el partido entre Brasil y Colombia.","elcomercio","20/06/2015"
"Temas destacados","Delito en aumento Shopping de armas y granadas Mayor parte del armamento de los delincuentes alguna vez fue formal, según la Sucamec. Se compran o alquilan por llamadas o WhatsApp. Hay 1.992 presos con licencia para portar armas de fuego en el país. Según la Sucamec, el año pasado se incautaron 3.744 armas de fuego a la delincuencia. El 29% estaban registradas legalmente y el 33% tenían el número de serie borrado. Ana Briceño juan.alarcón.siguas.tenía.en.su.poder.ocho.granadas.de.guerra,25.cartuchos.de.dinamita,cinco.revólveres.y.tres.pistolas.cuando.la.polícia.lo.captur.el.pasado.jueves.11,en.San.Juan.de.Lurigancho.Era.el.segundo.en.la.organización.criminal.Los.Malditos.de.Bayvar,dedicada.a.extorsionar.a.propietarios.de.colegios.y.a.tráfico.terrenos. Alarcón era el encargado de la parte logística, proveía de armas y granadas a los menores de edad que formaban parte de la organización y ejecutaban las extorsiones, dice una fuente de inteligencia de la Dirección de Investigación Criminal. Luego de las pesquisas, la policía ha establecido, de manera preliminar, que Alarcón compraba las armas y municiones a un militar que vive en Comas y cuya identidad se desconoce. Otro extorsionador detenido con armamento en las últimas semanas fue Jhairol Torres Cceres, capturado por el atentado contra Gerald Oropeza cuando este conducía una camioneta Porsche. Al ser arrestado, Torres tenía una ametralladora abastecida de treinta municiones. Corto y largo alcance Según los estudios de la Superintendencia Nacional de Control de Servicios de Seguridad, Armas, Municiones y Explosivos de Uso Civil (Sucamec), en 2013 la policía incautó 1.970 armas a la delincuencia en el ámbito nacional. De ese total, 1.867 eran de uso civil y el 31% contaba con registro en la Sucamec, es decir, tenía procedencia legal. En el 2014, la cifra de incautaciones de armas se elevó a 3.744, de las cuales el 29% estaban registradas legalmente y el 33% tenían el número de serie borrado, como el arma incautada a Jhairol Torres. Generalmente, cuando un usuario posee un arma de manera legal y no denuncia su robo o pérdida, estaría desviando esa arma a la ilegalidad. El número de armas legales desviadas a la delincuencia aumenta si incluimos a las que tienen serie borrada, precisa Derik La Torre, superintendente de la Sucamec. A esta deducción se suma una cifra del Instituto Nacional Penitenciario: 1.992 internos tienen licencia para portar armas en el Perú. Se ha iniciado la revocación de las licencias de las personas que han delinquido, asegura La Torre. Los requisitos para portar armas son laxos: certificados de antecedentes policiales, penales y judiciales, de salud mental, tener más de 18 años, cumplir una evaluación de tiro y presentar una justificación con los motivos para poseer una. Los certificados de antecedentes solo nos cuentan la historia de una persona durante un año. Lo que hacen los delincuentes es esperar un tiempo después de haber delinquido para tener sus antecedentes limpios y tramitar su licencia, puntualiza La Torre. Además de estas facilidades, otro problema es el uso de municiones. Un delincuente con licencia para portar armas puede comprar hasta 600 municiones mensuales: la ley se lo permite. Desde el cuartel La Sucamec ha establecido, además, que es reducido el porcentaje de armas incautadas que provienen de la policía y de las Fuerzas Armadas. Silencio Este diario pidi información a las FF.AA. sobre el tráfico de armas de guerra. No hubo respuesta. Al respecto, el comandante Freddy Vargas, de la División de Investigación de Tráfico Ilicito de Armas, Municiones y Explosivos de la Dirincri, resalta que algunas armas de guerra llegan a la delincuencia por malos elementos del Ejército. Sin embargo, aclara que no disponen de un estudio sobre la ruta de las armas en poder de la delincuencia. La división policial encargada solo cuenta con treinta agentes. Lápices y chatas Cuando un delincuente como Jhairol [Torres] dice que consigui su arma en Las Malvinas, está mintiendo. No hay mercado negro, las armas se compran por llamadas o WhatsApp. A las pistolas o revólveres les llaman lápices y a las Mini Uzi, chatas. Sus costos varían, según el uso que se les haya dado. También las alquilan. Una arma tiene una larga vida útil, refiere un agente de inteligencia de la Dirincri. Hace un año, la policía adelantó, tras pesquisas de inteligencia, que las extorsiones se recrudecerían con el uso de granadas de guerra, material usado por la PNP y las FF.AA. A la granada le dicen frutita o pia y se consigue hasta por S/.150, dice el suboficial. La Torre sostiene que, pese a que la Sucamec no controla el uso de armas de guerra, como las granadas, ha concluido a través de un estudio que entre el 2013 y el 2014 se han incautado 16 granadas cada mes en el país. El 70% de este material fue decomisado por la policía en las regiones de Lima, Junín, Tumbes y La Libertad. El análisis determinó que, en promedio, cada mes se incautan siete granadas de guerra en la capital. El uso de cartuchos de dinamita en Lima también se ha elevado, según la Sucamec. El comandante Vargas refiere que las empresas dedicadas a la venta de armas deberían ser más fiscalizadas. En nuestras operaciones hemos detectado que algunas venden armas robadas indiscriminadamente, resalta. Según la Sucamec, hay 122 empresas comercializadoras de armas en el país. El reto es realizar un control permanente y fomentar mayores estándares de formalidad y de cumplimiento de reglas, sostiene La Torre.","elcomercio","20/06/2015"
"Cambios con la nueva Ley de armas","¿Qué contempla la nueva ley de armas de fuego promulgada este año? Se impedirá obtener licencia de uso de armas a personas con antecedentes penales históricos, antecedentes de violencia familiar y quienes hayan cometido faltas contra el patrimonio. Todas estas personas figurarán en un registro de inhabilitados para tener armas. La Sucamec aún alista el reglamento de la nueva ley de armas.","elcomercio","20/06/2015"
