"headline","content","newspaper","date"
"LA CONVICCIÓN Y LA LEY","CIA viene de esa convicción. Más que los procedimientos formales, el imperio de la ley surge de esta fuente consuetudinaria.  Lamentablemente, en este aspecto, ya se ha quebrado en parte la Constitución. Agrandar tal quiebre no es, sino dar muerte definitiva a lo que nos queda de Constitución.  El daño puede ser tremendo. No dejemos que suceda.","elcomercio","08/09/2019"
"OPINIÓN","LOS LÍDERES POPULISTAS  Populismos y utopías  MOISS WASSERMAN  Diario El Tiempo de Colombia, GDA  ¿Quién piensa que el populismo nos lo inventamos los latinoamericanos está equivocado? Dante ya había puesto a un populista en el primer crculo del infierno. El populismo destruyó los regímenes comunales que Roma había dejado en algunas ciudades de Italia. El caso emblemático fue el del marqués Obizzo II D’Este, que por voluntad del pueblo fue nombrado gobernador y regente perpetuo de Ferrara en 1264. La gente, indignada con todo, decidi nombrar a un noble para que pusiera los asuntos de la ciudad en orden.  Otras democracias medievales sucumbieron al populismo. Fue una corriente que convocaba a la unidad de los descontentos y construyó regímenes sectarios y excluyentes. Planteaba una única definición de ‘buen pueblo’. Quienes no estaban con el gobernante eran enemigos e indignos.  Un buen populista hasta el día de hoy es fiel a esa estrategia. Siempre define al pueblo de verdad, en contraste con aquel que no merece ese nombre. Perón decía: “Dividimos el país en dos categorías: una, la de los hombres que trabajan y la otra, la que vive de los hombres que trabajan”. Donald Trump escribió en un tuit que “el otro pueblo no significa nada”.  Los populismos son hermanos gemelos idénticos de las utopías. El historiador y filósofo polaco Leszek Kołakowski decía de la utopía “es un deseo desesperado de alcanzar la perfección absoluta; deseo que es un remanente del legado religioso en mentes laicas; para ellas, la historia siempre se describe como catastrófica [...]. Hay una discontinuidad entre el mundo como es y como será; es necesario un brinco violento para alejar el pasado y así pueda comenzar el nuevo tiempo”.  “Quien estima la democracia debe estar alerta a las señales de alarma.”  Rousseau (un utopista con el que la gente simpatiza), en su tercer discurso, afirmaba que está bien saber cómo manejar a la gente como es, pero es mucho mejor lograr que sea como “debe ser”, y para lograr eso es necesaria la más absoluta autoridad. Afirmaba que “el hombre debe ser obligado a ser libre”.  Los utopistas del Renacimiento hablaban del “milenio”, que era una época mesiánica prolongada al final de los días. Esa palabra fue adoptada por las grandes (y tristes) utopías del siglo XX. La Alemania nazi prometió un Reich de mil años para cuando se estableciera la raza pura. La otrora Unión Soviética prometió una época prolongada, sin contradicciones, cuando llegara el comunismo y el mundo lo dominara la clase obrera. Todas las utopías se han mostrado dispuestas a emplear el poder que sea necesario para forzar la llegada de la edad dorada, de un ‘hombre nuevo’.  Quien estime la democracia debe estar alerta a las señales de alarma. Oponerse a que pretendan dividirle la sociedad entre buenos y malos. Desconfiar de quienes llaman a un revolcón destructivo y súbito de toda institucionalidad. No hay que creer en quienes prometen traer el mundo perfecto. Hay que ser precavido con quien propone soluciones simples para problemas complejos.  Tomás Moro llamó a su sociedad perfecta Utopía. Utopía significa el no lugar, el lugar que no existe. No lo llamó Eutopia, que quería decir el mejor de los lugares. Los humanos deberíamos perseguir eutopías, no utopías.","elcomercio","08/09/2019"
"LA TARDE DE LOLÓ FERNÁNDEZ","El 17 de septiembre se cumplirán 23 años del fallecimiento de Lolo, por eso recordamos que el 18 de enero de 1964 –cuando Lima celebraba su aniversario 429– el club Cristal hizo algo histórico: rendirle homenaje junto con otros futbolistas destacados.  Lolo cabeceando con su par Jorge ‘Campolo’ Alcalde. La clase permanece.  Gil volada con mano alzada de Rafael Asca, gran portero del Boys y Cristal.  Mario Pacheco, Juan Quispe, Lolo, Alberto Baldovino y Víctor Pasache. Cracks de lujo.  En 1964, mientras la alcaldía de Lima rendía homenaje a Francisco Pizarro, a pocos metros, en el Rimac, futbolistas históricos jugaban un partido con un equipo de reserva de Sporting Cristal.  El aguerrido salto del ‘Cañonero’ en medio del amistoso rimense. Un momento de confraternización futbolística.  Tras el partido, Augusto Moral, dirigente de Cristal en ese momento, reconoció a los exfutbolistas, entre ellos al gran Lolo Fernández.","elcomercio","08/09/2019"
"OPINIÓN","Domingo 8 de setiembre del 2019  El Comercio abre sus páginas al intercambio de ideas y reflexiones. En este marco plural, el Diario no necesariamente coincide con las opiniones de los articulistas que las firman, aunque siempre las respeta.  Cómo mejorar la formación de quienes administran las políticas públicas  Culpen a la política pública, no a la economía  Hoy es costumbre culpar a la economía o a los economistas por muchos de los males del mundo. Los críticos sostienen que las teorías económicas son responsables de la creciente desigualdad, de la escasez de buenos empleos, de la fragilidad financiera y del bajo crecimiento. Pero si bien las críticas pueden impulsar a los economistas a mayores esfuerzos, la arremetida contra la profesión ha desviado involuntariamente la atención de una disciplina que debería asumir una porción mayor de la culpa: la política pública.  La economía y la política pública están estrechamente relacionadas, pero no son lo mismo. La economía es a la política pública lo que la física es a la ingeniería. Si bien la física es fundamental para el diseño de cohetes, Isaac Newton no fue responsable del desastre de la nave espacial Challenger.  La física, la biología y la economía, en tanto ciencias, dan respuesta a preguntas sobre la naturaleza del mundo en el que vivimos, generando lo que el historiador económico Joel Mokyr llama conocimiento proposicional. La ingeniería, la medicina y la política pública, por otro lado, responden interrogantes sobre cómo cambiar el mundo de maneras específicas, lo que conduce a lo que Mokyr califica como conocimiento prescriptivo.  Si bien las facultades de ingeniería enseñan física y las facultades de medicina enseñan biología, estas disciplinas profesionales se han desarrollado de forma bastante independiente del desarrollo de sus ciencias básicas. Las escuelas de política pública, por el contrario, no han sufrido una transformación equivalente. Muchas de ellas ni siquiera contratan a su propio personal docente, sino que utilizan a profesores de ciencias fundacionales como la economía, la psicología, la sociología o la ciencia política. La escuela de política pública de mi propia universidad, Harvard, sí cuenta con un amplio cuerpo docente propio –pero esencialmente contrata doctores recién graduados en las ciencias fundacionales y los promueve sobre la base de sus publicaciones en las principales revistas especializadas de esas ciencias, no en política pública–.  A los profesores jóvenes se les desaconseja adquirir experiencia práctica en políticas públicas antes de que alcancen la titularidad (tenure) y no es frecuente que la adquieran. Y hasta los profesores titulares tienen una interacción limitada con el mundo exterior. Para compensar esta carencia, las facultades de política pública contratan a los llamados “profesores de la práctica”, como es mi caso, que han adquirido previamente una experiencia en políticas públicas en otra parte.  Desde el punto de vista de la enseñanza, uno podría pensar que las escuelas de política pública adoptaran una estrategia similar a las facultades de medicina. Después de todo, tanto los médicos como los especialistas en política pública son llamados a resolver problemas y necesitan diagnosticar las causas respectivas. También necesitan entender el conjunto de posibles soluciones y descifrar los pros y los contras de cada una de ellas. Finalmente, tienen que saber cómo implementar la solución que proponen y evaluarla.  Sin embargo, las escuelas de política pública ofrecen solo programas de maestría de uno o dos años, y tienen un pequeño programa de doctorado con una estructura típicamente similar a la que se aplica en las ciencias. Eso se compara desfavorablemente con la manera en que las facultades de medicina capacitan a los médicos e impulsan su disciplina.  Las facultades de medicina (al menos en Estados Unidos) admiten a los alumnos después de que hayan terminado una carrera universitaria de cuatro años en la que hayan tomado un conjunto mínimo de cursos relevantes. Los estudiantes de medicina luego participan en un programa de dos años de enseñanza principalmente en aulas, seguido por dos años en los que rotan por diferentes departamentos en los llamados hospitales escuela, donde aprenden cómo se hacen las cosas en la práctica al acompañar al médico principal y a sus equipos.  Al final de los cuatro años, los médicos jóvenes reciben un diploma. Pero entonces deben empezar una residencia de tres a nueve años en un hospital escuela, donde acompañan a médicos principales, pero donde se les asignan cada vez más responsabilidades. Después de siete a trece años de estudios de posgrado, finalmente se les permite ejercer la práctica como médicos sin supervisión.  Por el contrario, las escuelas de política pública esencialmente dejan de enseñarles a los alumnos después de dos primeros años de una educación esencialmente en las aulas y no ofrecen los muchos años adicionales de formación que brindan las facultades de medicina. Sin embargo, el modelo de hospital escuela podría ser efectivo en política pública también.  Consideremos, por ejemplo, el Laboratorio de Crecimiento de la Universidad de Harvard, que fundé en el 2006 después de dos experiencias en políticas públicas sumamente enriquecedoras en El Salvador y Sudáfrica. Desde entonces, hemos trabajado en más de tres docenas de países y regiones. Se centra tanto en la investigación como en el trabajo clínico de atender “pacientes”, o gobiernos en nuestro caso. Además, reclutamos PhD recién graduados y graduados de programas de maestría. También contratamos graduados de licenciaturas como asistentes de investigación o “enfermeros”. Al abordar los problemas de nuestros “pacientes”, el laboratorio desarrolla nuevas herramientas de diagnóstico para identificar tanto la naturaleza de las restricciones que enfrentan los países como los métodos terapéuticos para superarlas. Y trabajamos junto con los gobiernos.  Los gobiernos tienden a confiar en el laboratorio, porque no tenemos un ánimo de lucro, sino más bien el simple deseo de aprender con ellos al ayudarlos a resolver sus problemas. Nuestros “residentes” permanecen con nosotros entre tres y nueve años, como en una facultad de medicina, y suelen asumir puestos de relevancia en los gobiernos de sus propios países cuando nos dejan. Nuestra recompensa es que otros adopten nuestros métodos.  Esta estructura no fue planeada: simplemente emergió. No fue promovida desde arriba, sino que simplemente se la dejó evolucionar. Sin embargo, si se abrazara la idea de estos “hospitales escuela”, podría cambiar radicalmente la manera en que la política pública se desarrolla y se enseña. Si esto llegara a ocurrir, quizás la gente deje de culpar a los economistas por cosas que nunca debieron haber estado bajo su responsabilidad.","elcomercio","08/09/2019"
"LA HISTORIA DEL PERÚ Y EL MUNDO DE LAS ÚLTIMAS DÉCADAS","Treinta años después  Carmen McEvoy  Historiadora  Este último viaje de regreso a Sewanee –donde retomé mi cátedra de historia– me trajo memorias de aquel otro que emprendí con mis dos hijos hace tres décadas. Salimos del Perú, en pos del doctorado, un 9 de agosto de 1989 cuando su aparato estatal implosionaba por enésima vez. En la década nefasta de 1980 –donde murieron miles de compatriotas en la “guerra milenaria” que Sendero Luminoso nos declar– me encañonaron en la sien para robarme, le pusieron una chaveta en el cuello a mi hijo y un comando terrorista colocó un artefacto explosivo a una cuadra del nido de mi hija. Analizando a la distancia mi experiencia, que fue la de un absoluto desamparo frente a un Estado colapsado, aquella no se compara en lo más mínimo a la de otras mujeres que perdieron a sus familiares y aún claman por sus cuerpos para enterrarlos.  A lo largo de estas tres décadas, una serie de eventos conmocionaron al mundo y al Perú desde la caída del Muro de Berlín hasta el atentado terrorista contra las Torres Gemelas, pasando por el ‘fujishock’, el escándalo de los ‘vladivideos’, la renuncia por fax de un presidente, su juicio y posterior encarcelamiento. Ese mundo, cuya bipolaridad súbitamente desapareció y cuyos líderes connotados asumieron que la globalización sería la nueva panacea, dio paso –entre otras cosas– a guerras terribles, entre ellas la ocurrida en Siria donde un gobierno cruel combatió los sueños globales de un califato terrorista igualmente cruel. La pugna sucedió con la venia o simplemente la displicencia de las grandes potencias, determinando una migración indita en la historia contemporánea. La imagen de ese bebé, ahogado en la costa de una playa turca, todavía espanta a pesar de que fuimos testigos de una seguidilla de crímenes espeluznantes, entre ellos las decapitaciones grabadas y transmitidas en tiempo real a millones de usuarios de Internet. Y mientras muchos morían huyendo, paradójicamente, de la muerte, otros lucraban como nunca antes se ha visto en la historia reciente. Ese fue el caso del conglomerado Odebrecht, cuyo sueño global fue hacerse con el dinero de todo aquel que cayera entre sus garras. No importaba si ello implicaba arrastrar a los estados, como fue el caso del peruano, a la peor crisis de gobernabilidad de la que se tenga memoria. Lo hicieron solos? Por supuesto que no. Una cohorte de cómplices, entre ellos varios presidentes con múltiples tarifas y modalidades –entre ellas las puertas giratorias– colaboraron en nuestra debacle nacional. De los desastres ambientales que marcaron esta época de “crony capitalism” y ambición desmedida, mejor ni hablar, cuando la Amazonía está ardiendo en llamas.  Porque somos hechos del mismo barro de lo imprevisible, lo no permanente y lo azaroso, hemos sido dotados de la capacidad de convivir e incluso anunciar al mundo el horror que pronto trocó en global. No fue acaso Tarata, junto a los crímenes contra poblaciones inocentes en la sierra y selva peruana, un anuncio de un terrorismo brutal y de la salvaje respuesta del oficialismo? Vivir con la adversidad y, peor aún, viendo sistemáticamente cómo se destruye el fruto del esfuerzo colectivo nos ha dotado de una resiliencia acompañada por un bagaje cultural inconmensurable. Porque el Perú de los conos dinámicos, del emprendedurismo popular y del extraordinario ‘ruraq maki’, es una prueba fehaciente de una resistencia a prueba de balas. De unas ganas de vivir que conmueven, animan e inspiran porque es la materia prima para enfrentar un mundo que, como el actual, es duro pero preado de posibilidades. Sin embargo, todo puede ser derribado sin un proyecto nacional que, entendiendo la precariedad del “nuevo desorden internacional”, dirija apropiadamente nuestras energías. Para esta apuesta debe contarse con una plataforma política moderna y fluida que sepa conectar lo local, lo nacional y lo global.","elcomercio","08/09/2019"
"LAS IRREGULARIDADES","El año pasado, Villalta, cuando estaba a cargo del caso, amplió la investigación preparatoria contra 16 involucrados, entre ellos exfuncionarios del Gobierno Regional de San Martín y exejecutivos de Odebrecht por los delitos de colusión desleal y peculado. Todos ellos eran acusados de haber favorecido a la constructora con un pago irregular de más de S/41 millones y por la aprobación de resoluciones que le permitieron a la firma brasileña exigir S/44 millones en un arbitraje. Este último caso sigue en litigio.  Al Equipo Especial El 6 de agosto, después de que el exjefe de Odebrecht Jorge Barata revelara que se le entregó US$60 mil a César Villanueva, la investigación pasó a manos del fiscal Germán Juárez Atoche, del equipo especial del Caso Lava Jato.","elcomercio","08/09/2019"
"ENTREVISTA FLOR PABLO MEDINA","Se debe alcanzar un acuerdo, hemos llegado a una situación límite Considera que la bicameralidad puede entrar en la negociación entre el Ejecutivo y el Parlamento. También afirma que la legitimidad del enfoque de género supera lo que puedan pensar algunos congresistas. El Congreso como que todo está muy dividido, están planteando situaciones distintas. La situación ahora es tensa, cada uno tiene una posición. Se debe llegar a un acuerdo, hemos llegado a una situación límite. Por ejemplo, lo primero que hace la Comisión de Educación es pedir facultades para investigar a la Sunedu, esa no es una expresión de la mejor voluntad para trabajar juntos [...]. Lo que estamos planteando como Ejecutivo, en el marco de la Constitución, es volver a darle la oportunidad a la ciudadanía de elegir a sus autoridades. Y esperamos que con la lección aprendida de lo que tenemos ahora en términos de composición del Congreso, de lo que hemos pasado como país, podamos elegir mejor.   —Por ejemplo, el Ejecutivo aceptaría ir a elecciones en el 2020 pero con bicameralidad, que permita que los actuales congresistas postulen a la Cámara de Senadores? Ese es un tema que puede aparecer en el marco de un acuerdo en el que se pueda decir «sí, adelantamos las elecciones, pero entonces vamos a negociar algunos elementos adicionales». En ese punto aún no estamos.   — No cierra esa posibilidad, entonces? No se cierra. Incluso, la propuesta de las dos cámaras fue en algún momento hecha por el propio Ejecutivo, solo que luego vino toda una distorsión de los planteamientos que obligaron a decir que mantengamos una sola cámara. Pero creo que se puede llegar a un nivel de conversación sobre ello y un acuerdo. Estamos en un momento muy tenso, de mucha crispación política y confío en que en los siguientes días, de manera madura aunque no creo que serena, podamos encontrar una salida.   —En el Congreso hay una finalidad de ponerle piedras en el camino a la Sunedu? Por lo menos pretenden distraer la concentración de la institución. El Congreso tiene facultades para investigar, pero creo que también hay que modular ante qué situaciones las pide. Si son hechos como estos, de saber cuál es la planilla de los trabajadores de la Sunedu, cuanto ganan, cuál es su perfil, los puntos que han estipulado no ameritan una comisión investigadora. Lo que amerita es citar al superintendente de la Sunedu y pedirle la información. Pedir facultades para investigar lo que hace es generar nuevamente una situación de tensión entre el Ejecutivo y el Legislativo, distrae la atención de una institución que está 100% embarcada en [concluir] el [proceso de] licenciamiento al 2019.   —La insistencia de algunos parlamentarios en fiscalizar a la Sunedu tiene motivación en la relación que estos tienen con algunas universidades que no han logrado su licenciamiento o que han recibido sanciones? Para todos es conocido que hay varios congresistas que tienen vinculación con determinadas universidades que no han sido licenciadas o que han recibido sanciones, como señalas, y los intereses se mezclan y se termina confundiéndose cuál es la finalidad del Congreso. La finalidad del Congreso no es perseguir los intereses privados de las universidades que no se han licenciado o que tienen denuncias, sino defender la calidad educativa universitaria. Espero que cuando pase a votación en el pleno, [este pedido para investigar a la Sunedu] no prospere, no amerita. Lo que va a generar [una investigación] es retraso a los cronogramas de licenciamiento.   —Un sector del Congreso, entre ellos Fuerza Popular y el Apra, tiene como objetivo tumbar a la Sunedu? La Sunedu ha ganado una credibilidad producto del trabajo técnico que viene haciendo. Si esa es la intención [tumbar a la Sunedu], no creo que prospere. Más de 80 universidades licenciadas pueden dar fe del trabajo [de esta institución]. Lo que evidencia la denegatoria de licenciamiento es que muchos jóvenes han sido estafados todo este tiempo, que han pagado a universidades que no cumplen con las condiciones básicas de calidad.   —El TC y el Poder Judicial ya han reafirmado que el enfoque de género en la educación es constitucional. La elección de Tamar Arimborgo como presidenta de la Comisión de Educación representa algún riesgo de injerencia? El miércoles me he reunido con la presidenta de la Comisión de Educación, la invité y ella accedió, lo cual es absolutamente importante. Creo que por lo menos tiene la intención de conversar. Le he planteado 14 temas de agenda legislativa y me ha dicho que los va a revisar. No hemos llegado a hablar del tema de género, pero sí le dije que la implementación en el currículo va. Hemos acordado que la discusión va a ser técnica y guardando siempre el respeto. Ya sabemos cuáles son sus apreciaciones sobre este tema. Pero la legitimidad y la legalidad del enfoque de género en el currículo supera lo que uno, dos o más congresistas puedan pensar al respecto, si les parecer adecuado o no, porque es una política pública que está por encima de las opiniones de unos cuantos.   —Fuerza Popular también ha criticado que en los textos escolares se profundice más en los excesos del Estado que en las acciones terroristas de Sendero Luminoso y el MRTA. El fujimorismo pretende reescribir la historia de los 90? El compromiso nuestro ha sido efectivamente seguir ampliando las fuentes, dando mayores opciones, pero no podemos hacer una historia al gusto de un grupo. La historia tiene varias formas de verla y para eso el Ministerio de Educación lo que hace es cogiendo fuentes oficiales y con ellas cuenta una historia que también pone sobre la mesa las diferentes posiciones de los grupos y hace una narrativa. En este caso, como es una historia tan reciente nos cuesta procesar porque muchos [de los que la cuestionan] son actores también de los propios procesos y se ven en los fragmentos, en la historia que se cuenta. Sin embargo, no podemos, nuevamente, hacer que la historia se cuente como alguien quiere contarla. El Estado tiene que contarla en función a lo que está reconocido oficialmente: hay una cantidad de sentencias del TC, hay el informe de la CVR, hay fuentes oficiales que guían el actuar del Minedu. Tampoco el Ministerio de Educación de manera antojadiza pone un experto y hace la historia del Perú de ese tiempo. Creemos que esa observación fue sustentada y levantada en la época de la interpelación hace unos meses atrás.","elcomercio","08/09/2019"
"Infraestructura: poltica en plural","Durante la semana, se ha pasado de la expectativa en torno al diálogo entre el primer mandatario Martín Vizcarra y el presidente del Congreso, Pedro Olaechea, a la constatación del poco espacio en que parecen habitarse las posibilidades de una salida consensuada al entrampe político.   Un hecho de mayor relevancia se dio la mañana del martes 3 de septiembre: el Ejecutivo presentó –entre las 84 medidas para acelerar la competitividad– su Plan Nacional de Infraestructura para la Competitividad (PNIC). No es poca cosa: es la primera vez que el país cuenta con un documento de esa naturaleza, algo maysculo si se considera que la brecha en esta materia llega a más de 363 mil millones de soles. Un paso audaz, además, considerando que el sector construcción ha estado afectado por una seria crisis reputacional.   El documento –elaborado en consulta con más de 350 actores de todos los niveles de gobierno, los sectores, las multilaterales y la academia– incluye 52 proyectos, la mayoría en proceso (25) o ejecución (24), y solo tres son «idea». La asistencia técnica y financiera de la cooperación internacional –principalmente, del Gobierno Británico, procurando repetir la exitosa experiencia de los Panamericanos Lima 2019– ha sido vital.   De concretarse las acciones en el PNIC, el país debería tener una hoja de ruta clara para que el Estado Peruano pueda incrementar la productividad y competitividad, así como obtener acceso seguro a mercados locales y globales, lo que incidiría en la mejora de la calidad de vida de la población. Sin embargo, el plan se presenta en una situación compleja debido a la coyuntura política actual.","elcomercio","08/09/2019"
"LA RESILIENCIA PERUANA ANTE LA ADVERSIDAD","Cuando la Amazona está ardiendo en llamas.  Porque somos hechos del mismo barro de lo imprevisible, lo no permanente y lo azaroso, hemos sido dotados de la capacidad de convivir e incluso anunciar al mundo el horror que pronto trocó en global. No fue acaso Tarata, junto a los crímenes contra poblaciones inocentes en la sierra y selva peruana, un anuncio de un terrorismo brutal y de la salvaje respuesta del oficialismo?  Vivir con la adversidad y, peor aún, viendo cómo sistemáticamente se destruye el fruto del esfuerzo colectivo nos ha dotado de una resiliencia acompañada por un bagaje cultural inconmensurable. Porque el Perú de los conos dinámicos, del emprendedurismo popular y del extraordinario ‘ruraq maki’, es una prueba fehaciente de una resistencia a prueba de balas. De unas ganas de vivir que conmueven, animan e inspiran porque es la materia prima para enfrentar un mundo que, como el actual, es duro pero preñado de posibilidades. Sin embargo, todo puede ser derribado sin un proyecto nacional que, entendiendo la precariedad del nuevo desorden internacional, dirija apropiadamente nuestras energías. Para esta apuesta debe contarse con una plataforma política moderna y fluida que sepa conectar lo local, lo nacional y lo global.  En mis años de estudiante en el doctorado concebí la noción de la utopía republicana como horizonte político y cultural para una etapa de violencia y desesperanza. A partir de mi investigación sobre una pareja de peruanos, Yma Sumac y Moisés Vivanco, que saltaron de Cajamarca y Ayacucho a lugares tan lejanos como Moscú y Pakistán, he regresado a esa frase Perú al pie del orbe, yo me adhiero de César Vallejo. A esa sierra de mi Perú, Perú del mundo de Wendy Sulca y de miles de compatriotas pujantes que cristalizan sus sueños valiéndose de nuestra herencia milenaria y de una tecnología imparable. Alma Guillermoprieto observa que la música de Sulca expresa la transformación cataclísmica de una cultura que, como la peruana, ha tenido siempre una infinita capacidad de reinvención. Reinvención que, de acuerdo con la última encuesta del Centro Estratégico Latinoamericano de Geopolítica, nos refiere a una peruanidad nutrida de valores como la capacidad de trabajo, la abnegación, el sacrificio y la responsabilidad, evidenciados en los últimos Panamericanos. Energía alternativa que no es representada por una clase política decadente que –como muy bien señala Rosa María Palacios– nos revienta sistemáticamente la vida. Basta ya!","elcomercio","08/09/2019"
"EL DESTINO DEL ADELANTO DE ELECCIONES","Las matemáticas del ingeniero  La mayoría del Congreso ha dado en esta última semana nuevas muestras del porqué de su desprestigio y del rechazo que inspira en la población. Eso no cambiar y tampoco parece importarles demasiado.  Es probable que conforme pasen los días las encuestas sean menos generosas con el presidente.  (otra no tanto) señalando que esto no es posible; a la vez que otro grupo, nada despreciable, sosteniendo exactamente lo opuesto. Compleja decisión para Salvador del Solar pedir la confianza en un escenario como ese. De hacerlo –y justamente porque sabemos todo de lo que este Congreso es capaz– podemos suponer que lo más probable es que busquen una manera legal de mandarla al tacho. Peor aún, si se sienten con fuerza suficiente, tratar de vacar al presidente por haberla presentado.  ¿Qué hizo que un ingeniero haya errado tanto en los cálculos? Quizás el que en política las sumas pueden restar o las multiplicaciones, dividir.","elcomercio","08/09/2019"
"DESTRUCCIÓN DE LA CONSTITUCIÓN","El presidente Vizcarra ha planteado al Congreso un proyecto de reforma constitucional para cambiar el mandato del Ejecutivo y del Legislativo. Quiere que sea de cuatro años, no de cinco, como dice la Carta. Esta propuesta debe ser discutida, pero debe ser rechazada. La propuesta pretende optimizar las relaciones entre los poderes Ejecutivo y Legislativo. Quiere permitir ir recuperando la confianza y legitimidad de la clase política (proyecto de ley 4637/2019-PE).  La Constitución no puede ser cambiada para algo tan vago y azaroso. La Constitución no pretende que las relaciones entre los poderes sean óptimas. Pretende que sean funcionales, legales y constitucionales. Ha quedado bastante claro que el gobierno ha gobernado sin ningún problema en lo que le compete. En sus iniciativas de reforma constitucional, incluso, ha sido apoyado. El Congreso ha aprobado presupuestos, ha autorizado viajes del presidente, ha otorgado facultades al Ejecutivo para que legisle, ha cooperado con varios ministros, ha aprobado iniciativas de reforma constitucional. Si el Congreso rechaza uno u otro proyecto del Ejecutivo, eso no es obstruccionismo ni crisis política. Llamarlo así es un engaño. El Tribunal Constitucional se ha manifestado sobre las reformas constitucionales. En varias de sus sentencias se ha referido a las cláusulas que dan identidad o que afectan la esencia de la Constitución. La separación de poderes es una de ellas (Const., art. 43). La irretroactividad de las leyes, otra (Const., art. 103).  No puede haber, pues, una reforma que cambie la separación de poderes o que disponga que una ley se aplique retroactivamente. El proyecto del presidente Vizcarra no se puede cumplir sin quebrar principios básicos (pétrea) del orden constitucional. En una sentencia del año 2002, el Tribunal Constitucional (TC) hablaba de los límites materiales implícitos de las reformas constitucionales. Una modificación que los alcance, decía, sencillamente implicaría la destrucción de la Constitución (par. 5, 76.ii, Exp. 014-2002-AI/TC).  El TC se refiere a los principios referidos a la dignidad del hombre, soberanía del pueblo, Estado democrático de derecho, forma republicana de gobierno y, en general, régimen político y forma de Estado.  El Estado democrático de derecho incluye, obviamente, el principio de la separación de los poderes y el principio fundamental de no aplicar una ley sobre hechos pasados y concluidos. La reforma constitucional, por supuesto, es una ley. En su voto singular, el recordado magistrado Manuel Aguirre Roca adscribe que las reformas constitucionales deben respetar la continuidad y la identidad de la Constitución.  El tiempo de los mandatos en los poderes del Estado, no corresponden, precisamente, a esa continuidad? No son, acaso, parte esencial de la identidad de la Constitución? Una Constitución con una presidencia por cuatro años, es igual que una Constitución con una presidencia de cinco?","elcomercio","08/09/2019"
"LOS LÍDERES POPULISTAS","Quien piensa que el populismo nos lo inventamos los latinoamericanos está equivocado. Dante ya había puesto a un populista en el primer círculo del infierno. El populismo destruyó los regímenes comunales que Roma había dejado en algunas ciudades de Italia. El caso emblemático fue el del marqués Obizzo II D’Este, que por voluntad del pueblo fue nombrado gobernador y regente perpetuo de Ferrara en 1264. La gente, indignada con todo, decidi nombrar a un noble para que pusiera los asuntos de la ciudad en orden.  Otras democracias medievales sucumbieron al populismo. Fue una corriente que convocaba a la unidad de los descontentos y construyó regímenes sectarios y excluyentes. Planteaba una única definición de buen pueblo. Quienes no estaban con el gobernante eran enemigos e indignos.","elcomercio","08/09/2019"
"Estado actual","En los ltimos 20 aos, el Per ha tenido una reduccin sostenida de la mortalidad infantil. Este indicador –que mide los fallecimientos en menores antes de cumplir el primer ao de vida– pas de 33 por cada mil nacidos vivos a inicios del 2000 a solo 15 el ao pasado, segn la Encuesta Demogrfica y de Salud Familiar (Endes). Esta cifra es similar al promedio de Amrica Latina, pero an es mayor que la de pases como Mxico o Chile [ver cuadro].  En tanto, la tasa de mortalidad neonatal (antes de los 28 das de nacidos) pas de 18 a 10 por cada mil nacidos en dicho perodo. Pese a que tambin tuvo un descenso, est en un nivel superior al promedio latino-americano (9,6) y no se ha reducido en los ltimos cuatro aos.  Para el exministro de Salud, Scar Ugarte, en los ltimos aos este indicador ocupa una mayor proporcin en la mortalidad infantil y es el ms difcil de reducir.  A inicios de los 90, la tasa de mortalidad neonatal representaba poco menos de la mitad de las muertes infantiles. Mientras esta ltima se redujo de 57 a 15 por mil nacidos desde esa fecha, la neonatal solo baj de 27 a 10. De los 15 casos por mil que hay al ao, 10 mueren antes del primer mes, y siete mueren solo en la primera semana. Este perodo es crtico, explica.  En lo que va del ao, ms de la mitad de muertes de este tipo se concentran en regiones como Lima, La Libertad, Cusco, Lambayeque, Loreto, Junn y Puno.","elcomercio","08/09/2019"
"Tema de fondo","Frente a este escenario, el Minsa sealala que ejecuta esfuerzos para reducir la mortalidad infantil. Entre estos figuran el aumento del presupuesto en salud materno-neonatal de S/1.604 a S/1.810 millones en el ltimo ao. La titular del sector, Zulema Toms, explic das atrs que, desde este ao, la compra de incubadoras, respiradores y otros implementos para la atencin de recin nacidos est a cargo de los gobiernos regionales. Sin embargo, estos presentan demoras por la falta de gestores en el sector.  El viceministro de Salud Pblica, Gustavo Rosell, seal a El Comercio que el ministerio actualmente brinda asistencia tcnica y acompaamiento a este nivel de gobierno. Adicionalmente, diversas evaluaciones realizadas en el sector revelan que las regiones deben fortalecer sus competencias y capacidad resolutiva.  Segn el Minsa, existen 3.500 incubadoras en los hospitales del pas. De estas, 350 requieren ser repuestas y otras 81 tienen que ser adquiridas como equipamiento nuevo. En cuanto a ventiladores, a la fecha hay 1.469 en los centros de salud, de los cuales 531 necesitan ser reemplazados.  Las Diresas tienen los recursos para la contratacin de personal especializado y la compra de instrumentos. Como ministerio buscamos la atencin inmediata de los pacientes hasta que el sistema pueda dar una respuesta integral, mejorando el primer nivel de atencin. Ningn nio deja de ser atendido porque pasa a ser asegurado por el SIS, comenta Javier Prez de Armas, profesor de Economa de la Universidad del Pacfico. Considera que el problema de la gestin pblica est centrado en la falta de recursos humanos. Seala que, por ejemplo, los funcionarios de salud en Lambayeque no invirtieron los recursos para adquirir incubadoras. El presupuesto destinado para cunas trmicas y otros elementos era de S/1084.000, pero al 6 de setiembre no se ejecut ni un sol. Es sobre todo un problema de recursos humanos. Se tiene que empezar a formar gente desde la gestin, seala.  Para Ugarte, la solucin tambin debe priorizar la prevencin, basada en los controles prenatales, as como la lactancia materna. Segn el Ministerio de Salud, los controles oportunos reducen hasta en 50% los partos prematuros. El especialista aade que los casos ms crticos de embarazos riesgosos se dan en las madres adolescentes. Las gestantes deben pasar al menos por seis controles durante el embarazo para que se pueda detectar si la madre sufre desnutricin, anemia o si el feto no crece adecuadamente. Hay que darles toda la proteccin desde su nacimiento para evitar que adquieran infecciones u otro tipo de enfermedades, recomienda.  Rosell anuncia un nuevo modelo para el cuidado de gestantes que fortalecer el primer nivel de atencin. Necesitamos identificar casa por casa a las gestantes para que no tengan complicaciones. Una vez registrada la madre, se le asignar al recin nacido un personal de salud y un agente comunitario, explica. El plan comenzar a ejecutarse en diciembre en Lima y se extender a Huancavelica, Hunuco, San Martin y Loreto.","elcomercio","08/09/2019"
"Desfase en la oferta inmobiliaria","El mercado inmobiliario funciona en trminos de oferta y demanda. Parte del problema en Lima es que existe un desfase entre lo que produce el mercado formal y lo que realmente pide el mercado. Segn datos de Capeco del 2014, mientras la mayor parte de la demanda fue para viviendas dentro de un precio menor a US$50.000, la gran mayora de viviendas que produce el mercado formal tiene un precio de venta mayor a US$50.000. En otras palabras, para muchas familias, el mercado formal de vivienda hoy en da no puede producir un producto asequible. Como muchos no pueden participar en el mercado, las nicas soluciones son el hacinamiento o la informalidad.  Es a partir de US$50.000 o debajo de los US$100.000 donde el mercado puede producir viviendas con un precio accesible para muchas personas. Segn el mismo estudio de Capeco, 32% de la demanda efectiva para viviendas est dentro de este rango. En trminos del rea construida, esto significa un departamento de 27 a 54 metros cuadrados en un distrito cntrico como Lince, o un departamento de 47 a 94 metros cuadrados en un distrito ms lejano como Ate. Cuando una familia elige dnde comprar una vivienda, el tamao es solamente un factor que influye en su decisin. Otros factores incluyen el costo y tiempo de viaje entre su hogar y su trabajo. En distritos como Lince, que tienen un alto nivel de accesibilidad hacia muchos centros laborales, es lgico que el precio por metro cuadrado de vivienda, en promedio, sea mayor que en distritos ms lejanos como Ate. Por esa misma razn, es lgico que alguien acepte un departamento ms pequeo a cambio de una reduccin en el tiempo y costo perdidos en el trfico cada da.  En trminos de planeamiento urbano, tambin tiene sentido facilitar que las personas puedan acceder a una vivienda cerca de su trabajo. Esto significar permitir una mayor densificacin en los distritos cntricos. De esta forma, se puede hacer que la ciudad sea ms eficiente y reducir la distancia de viaje de las personas hacia su trabajo.  Dado esto, es preocupante que los alcaldes de Lince y San Isidro estn revaluando los tamaos mnimos de departamentos en sus distritos. El alcalde Augusto Cceres, de San Isidro, suspendi la ordenanza 474 que ha permitido la construccin de viviendas con un tamao mnimo de 45 m2 en la zona ZEN, mientras que el alcalde Vicente Amable, de Lince, ha anunciado que est revaluando el tamao mnimo (de 45 m2 por departamento) en su distrito. En ambos casos, las autoridades pretenden que sus cambios sean el resultado de estudios tcnicos. Mas all de lo que digan estos estudios, la realidad es que si la decisin de cada distrito es aumentar los tamaos mnimos normativos de los departamentos, esto resultar en la reduccin de asequibilidad de las viviendas, empeorar la movilidad y reducir el acceso al mercado laboral a escala metropolitana.","elcomercio","08/09/2019"
"CAPTURA DE VIDEO","Uber ya sabe detectar las granjas de viajes falsos. Bandas que manipulan GPS del celular para engaar a usuarios que pagan con tarjeta siguen operando. La empresa exhorta a sus clientes a denunciarlos.  En mayo de este ao, la campaa #NoTePases de El Comercio revel que existe una organizacin dedicada a generar viajes falsos en el aplicativo Uber a travs de cuentas de choferes ficticios para poder robarles a los clientes.   Cmo actan? Manipulando el GPS del celular para simular estar cerca del punto de recojo. Por ms que el pasajero espere en su puerta, estos vehculos nunca llegan, lo que obliga al cliente a cancelar la carrera, generando ganancias al chofer por el cobro de la cancelacin. Varios usuarios reclamaron haber sido vctimas de este tipo de robos.  Pides un Uber, el supuesto chofer acepta la carrera y comienza a moverse alrededor de tu punto de recojo, da vueltas virtualmente, pero nunca llega hasta que cancelas. Cuando cancelas, harto de esperar, la app cobra una penalidad, explican expertos en temas de fraude virtual consultados por este Diario.  Aaden que estos equipos tienen instalado un falso GPS, que permite manipular la ubicacin del telfono. Estos surgieron con la moda de Pokemon Go, ya que permitan movirse virtualmente para cazar pokemones sin salir de casa.  Personas familiarizadas con este fraude, con las que este Diario habl de manera anmima, indican que en Lima operan hasta 10 centrales de viajes falsos, denominadas tambin granjas. Cada una opera hasta con 200 celulares.  Eduardo Reyes, director de Comunicacin de Seguridad de Uber Latinoamrica, convers con El Comercio y sostuvo que esta empresa ya conoce estas malas prcticas, y que un rea dedicada a temas de fraude encontr el principal defecto de estos falsos GPS: la altitud. Este tipo de sistemas que permiten simular la ubicacin del GPS tiene una debilidad: la altitud. Esta nunca cambia, como s ocurre con la ubicacin [latitud]. Eso nos permite modificar las variables y cerrarles las puertas [a estos sujetos], sostiene Reyes.   A pesar de que en Lima los cambios de altitud no son tan pronunciados como en otras ciudades, esta debilidad ya les ha permitido hallar un patrn de comportamiento de estos falsos choferes y poder cerrar sus cuentas. Tenemos mucha informacin de los dispositivos y los viajes, y nos permite crear polticas internas que hacen que, cuando detectamos estas malas prcticas, generemos procedimientos que ayuden a cerrarles las puertas.   Reyes agrega que ya se han suspendido cuentas, sin embargo, las denuncias de los clientes les ayuda a actuar. Ante cualquier incertidumbre, para Uber es crucial que el usuario nos reporte, por ejemplo, cuando el chofer no se mueve, obligando a cancelar al cliente para que el conductor cobre la cuota de cancelacin, dice.   Mayor seguridad Ya tenemos un sistema de reconocimiento facial  Hasta hace poco, Uber no aplicaba filtros rigurosos a sus choferes. El reclutamiento era virtual y tardaba 30 minutos. Ahora hay nuevos elementos de seguridad en el proceso: la necesidad de tener una fase presencial [deben asistir a un centro de conductores] y la inclusin del certificado de antecedentes policiales [antes solo se exigia antecedentes penales]. Tambin estamos en el proceso retroactivo para que los conductores que se inscribieron antes se adecen a estas normas.   Cmo constatar que quien conduce es el chofer que se registr? Ahora los postulantes tienen que venir a tomarse la foto a un centro de conductores, y Uber tambin le pide aleatoriamente tomarse un self en cualquier momento de sus operaciones para contrastar esa imagen con la que se tomaron aqu. Detrs de eso hay una tecnologa de reconocimiento facial, para validar que la persona que conduce es realmente la que tenemos en el registro.","elcomercio","08/09/2019"
"La cada del turismo","Las Bahamas contemplaban un ao record para el turismo. Entonces pas el huracn Dorian. Ahora, las perspectivas para ese sector vital de la economía son inciertas.  El turismo representa la mitad del producto bruto interno (PBI) de las Bahamas, que asciende a 5.700 millones de dólares.  En comparación, el turismo representa el 20% del PBI de Hawai y menos del 3% del PBI de todo Estados Unidos.","elcomercio","08/09/2019"
"Penosa bsqueda","La película Joker gana el León de Oro en Festival de Venecia. En el filme destaca la magistral actuación de Joaquín Phoenix como el acérrimo enemigo de Batman. La edición 76 de la Mostra de Venecia otorgó el León de Oro al filme Joker, del estadounidense Todd Phillips, con la magistral actuación de Joaquín Phoenix como el acérrimo enemigo de Batman, uno de los villanos más arriesgados del cine.  El filme, una superproducción con tono muy negro y escrita específicamente para el actor, aborda la infancia y los inicios del Guasón.  Con la voz entrecortada, el director estadounidense rindi homenaje a su estrella cuando levant el premio.  [Phoenix] es el león más feroz, valiente y de mente más abierta que conozco. Gracias por confiar en mí con tus locos talentos, dijo el realizador tras fundirse en un abrazo con el actor.  Se trata de la primera incursión de Phillips en el mundo de los superhéroes y malvados.  La Mostra se confirma como el trampolín para llegar al Oscar de las producciones estadounidenses, como ocurrió el año pasado con Roma del mexicano Alfonso Cuarón, La forma del agua de Guillermo del Toro en el 2017, y La la land en el 2016, por mencionar solo las últimas tres.","elcomercio","08/09/2019"
"Desafo contra veto de alcalde de Río","Un ‘youtuber’ brasileño distribuyó gratuitamente ayer en la Bienal del Libro de Río de Janeiro 14.000 publicaciones que abordan temáticas de homosexuales, en protesta por el intento de la alcaldesa de esa ciudad de vetar un cómic en el que un dibujo muestra a dos jóvenes besándose.","elcomercio","08/09/2019"
"Cunto vale Groenlandia?","Según el libro Comunidades Imaginadas (1991), de Benedict Anderson, el nacionalismo es una suerte de sucedáneo moderno de la religión. No en vano la historia nacional de diversos países contiene referencias afines a conceptos tales como los de pueblo elegido y tierra prometida. De esa condición derivara su extraordinaria capacidad de movilización. Si el nacionalismo es un sucedáneo de la religión, entonces la defensa del suelo patrio es lo más parecido a un valor sagrado en la política internacional. Por ello, la voluntad expresada por Donald Trump de comprar Groenlandia a Dinamarca, antes que un ofrecimiento, parecía una afrenta.  Pero la preservación a cualquier precio del suelo patrio no siempre fue percibida como un valor sagrado. Así como hasta mediados del siglo XX la adquisición por parte de los Estados de territorio por medio de la fuerza no era una práctica proscrita, tampoco lo era su adquisición por medio de la compra. Esa fue la manera en la que, por ejemplo, Estados Unidos adquirió los territorios de Alaska y Luisiana, de Rusia y Francia, respectivamente.   De hecho, la de Trump no es la primera expresión de un interés estadounidense por adquirir Groenlandia. La primera vez que ello ocurrió fue en el siglo XIX bajo la presidencia de Andrew Johnson. Según la BBC, un informe del Departamento de Estado sostenía en 1867 lo siguiente: Deberíamos comprar Islandia y Groenlandia, especialmente la segunda. Las razones son políticas y comerciales. La prueba de que tal interés persistió en el tiempo fue la oferta formal que el gobierno de Harry Truman hizo por Groenlandia en 1946, según un reciente reporte de la publicación Business Insider.  Las razones comerciales que esgrimiera el informe de 1867 para justificar el interés por Groenlandia eran su industria pesquera y las reservas de minerales que contenía. En aquel entonces esto último incluía en un lugar privilegiado sus reservas de carbón, mientras que hoy en día el énfasis está puesto en sus reservas probables de petróleo y gas.  Las razones políticas para adquirir Groenlandia tenían que ver con las similitudes que los estrategas estadounidenses encontraban entre las necesidades de seguridad del Reino Unido y las de su propio país.  La de Trump no es la primera expresión de un interés de EE.UU. por la isla.","elcomercio","08/09/2019"
"Rusia y Ucrania intercambian presos tras cinco años de guerra","Alcanzamos un acuerdo sobre el cese de la guerra y acordamos crear grupos de trabajo, revel ayer Zelenski en el aeropuerto de Boryspil.  Los dos gobiernos señalan que se trata de un primer paso para el cese del conflicto.  Rusia y Ucrania efectuaron ayer el primer canje de presos desde que estallara en el 2014 la guerra en el este ucraniano, en lo que ha sido calificado por ambos gobiernos como un primer paso hacia la normalización de las relaciones. En total 70 detenidos han sido liberados, 35 de cada parte, en una operación llevada a cabo en los aeropuertos ruso de Vnukovo y ucraniano de Boryspil, desde donde despegaron de manera simultánea dos aviones con los prisioneros intercambiados a bordo.  El cineasta ucraniano Oleg Sentsov, de 43 años, es el más notorio de los prisioneros intercambiados.  El proceso comenz a allanarse el 11 de julio en el primer diálogo telefónico entre los presidentes ruso y ucraniano, Vladimir Putin y Volodimir Zelenski, respectivamente. Pero fue necesaria otra llamada el 7 de agosto para dar un impulso al canje.  Llegamos a un acuerdo sobre la primera etapa del desbloqueo de nuestro diálogo, sobre el retorno de nuestros prisioneros, la devolución de nuestros territorios, y también...","elcomercio","08/09/2019"
"Hacia un nuevo paradigma de estabilidad de precios en el Perú","Enfrentando el fantasma de la inflación. Política monetaria: Hoy el costo de vida es 62% más alto que en el 2002, cuando se implementó el esquema. En el mundo ya se discute la adopción de un nuevo modelo.  Una canasta de consumo con S/1.000, hoy se requieren S/1.620 para adquirir la misma canasta. Si la inflación alcanzada siempre hubiera sido la meta, hoy esa canasta costaría S/1.430.  Esto revela que, cuando la inflación se desvía de la meta, hay un efecto sobre los precios al consumidor que persiste en el tiempo. Durante una presentación académica James Bullard, presidente de la FED de St. Louis, advertía que las metas de inflación tienen dos efectos perversos: permiten que se incumpla la meta y que no se haga nada para corregir algún desvío.  Por más baja que sea la inflación, mientras sea permanentemente positiva, tiene efectos de largo aliento. Pero aún más importante es que la inflación gatilla sesgos psicológicos en los agentes económicos, que pueden llevar a percepciones erradas, según Robert Shiller, ganador del Premio Nobel en Economía en el 2013.  En su blog personal, el experto en temas conductuales pone un ejemplo que se puede aplicar al caso peruano. En el 2006 se podía conseguir un departamento de 170 metros cuadrados en el corazón de Miraflores por alrededor de US$100.000. Un inmueble de esas características hoy puede costar más de US$400.000. Si olvidamos el efecto de la inflación –dice Shiller– podríamos caer en la falacia de que vivimos una época de bonanza.  Entonces, por más baja que sea la inflación, esta sigue actuando como un fantasma que hace que el costo de vida suba de forma lenta, pero persistente. Este efecto se amplifica considerando que, de los 204 meses que el Perú tiene metas de inflación, el alza de precios estuvo fuera del objetivo en 112 meses (55% del tiempo).  Evaluando alternativas: A la luz de lo anterior, adoptar metas explícitas de inflación no parece ser una forma de lograr verdadera estabilidad de precios en el mediano y largo plazo. Entonces, ¿qué camino seguir? Por ahora la discusión está a nivel académico y un esquema de metas explícitas de nivel de precios se asoma como el paradigma con más potencial para reemplazar las metas de inflación. En este esquema, el banco central se comprometería a mantener los precios en una senda preestablecida y, si en un año los precios se alejan de esa senda, al año siguiente tendría que reducirlos hasta retornar a la meta.  Existen diversas investigaciones que muestran que, al menos en teoría, las metas de precios constituyen un marco de política monetaria óptimo. Por ejemplo, Michael Woodford, especialista en teoría monetaria y profesor de la Universidad de Columbia, llega a esa conclusión en su libro Interest and Prices.  En ese sentido, Lars Svensson, profesor de la Escuela de Economía de Estocolmo, sugiere que las metas de nivel de precios podrían proporcionar una mejor guía para la política monetaria.","elcomercio","08/09/2019"
"Mayor seguridad","Hasta hace poco, Uber no aplicaba filtros rigurosos a sus choferes. El reclutamiento era virtual y tardaba 30 minutos. Ahora hay nuevos elementos de seguridad en el proceso: la necesidad de tener una fase presencial [deben asistir a un centro de conductores] y la inclusión del certificado de antecedentes policiales [antes solo se exigía antecedentes penales]. También estamos en el proceso retroactivo para que los conductores que se inscribieron antes se adecuen a estas normas.  Cómo constatar que quien conduce es el chofer que se registró? Ahora los postulantes tienen que venir a tomarse la foto a un centro de conductores, y Uber también le pide aleatoriamente tomarse un selfie en cualquier momento de sus operaciones para contrastar esa imagen con la que se tomaron aquí. Detrás de eso hay una tecnología de reconocimiento facial, para validar que la persona que conduce es realmente la que tenemos en el registro.","elcomercio","08/09/2019"
"Rector descarta construcción de oreja vial dentro de UNMSM","Se acordó con Lima que ya no se ejecutará obra que afectaba 28 mil m² de la universidad. El rector de la Universidad Nacional Mayor de San Marcos (UNMSM), Orestes Cachay, informó ayer que la oreja vial que iba a cortar el parque central de la casa de estudios ha quedado descartada. Este anuncio se dio en respuesta a la protesta de los estudiantes en contra del proyecto, realizada el último viernes. En esta manifestación se bloquearon vías con piedras y se le prendió fuego a neumáticos. La policía tuvo que acudir para restablecer el orden.   Cachay indicó que, tras una reunión con el alcalde de Lima, Jorge Muñoz, y el director ejecutivo de la Autoridad Autónoma del Tren Eléctrico, Carlos Ugaz, se acordó que la obra que afectaba 28 mil metros cuadrados de la universidad no se ejecutará. Ayer [viernes] nos hemos reunidos las tres autoridades involucradas en el cerco perimetral. La decisión que se tomó ayer es que no va la oreja, la cual afectaba a San Marcos cerca de 28 mil metros cuadrados y cortaba la circulación de nuestra universidad, dijo a RPP.   Más información  A través de un comunicado, la UNMSM informó que el próximo miércoles 11 habrá una reunión de equipos técnicos para encontrar una solución a este proyecto. A partir del 27 de septiembre se procederá a la difusión dentro de la comunidad universitaria del trazo final de la obra.  LINO CHIPANA  Se propone construir un valo debajo del puente de la Av. Venezuela.  —Alternativa—  El rector indicó que una de las alternativas para el trazo del nuevo cerco perimetral, para concluir el ‘by-pass’ ubicado en el cruce de las avenidas Venezuela y Universitaria, sería la realización de un valo debajo del puente de la Av. Venezuela. Ese proyecto afecta en menor cantidad a San Marcos. Si hay que habilitar la avenida Venezuela con tres vías, hay que hacerlo. Es una obra de la municipalidad que no afectará a la huaca ni a las facultades, agregó.   En marzo del 2008, entonces alcalde de Lima, Luis Castañeda Lossio, derribó el cerco perimetral de la Universidad San Marcos para construir un anillo vial en una parte de su campus. La acción generó la protesta de los estudiantes y la paralización de las obras hasta hoy.   Cachay también cuestionó la actitud de los jóvenes durante la reciente protesta, en la que se bloquearon las vías exteriores de la universidad. Yo creo que no todos son estudiantes; ahí han aprovechado esta oportunidad para hacer una crítica política. Yo considero que mis estudiantes son sensatos. Serán convocados para las reuniones técnicas de solución para que presenten alternativas, comentó el rector.","elcomercio","08/09/2019"
"Socios para combatir la anemia","El Ministerio de Salud es el sector que lidera las acciones en la lucha contra la anemia en el Perú. Sin embargo, diversas instituciones, asociaciones y ONG complementan dicha labor. En los trenes de la línea 1 del metro de Lima se han colocado afiches con consejos para una buena alimentación, mientras que en las agencias del Banco de la Nación se realizan periódicamente campañas de orientación sobre prevención de la anemia, alimentación saludable y buenas prácticas de higiene.   En diálogo con El Comercio, la pediatra Maril Chiang, directora ejecutiva de la ONG Prisma, resaltó el trabajo que hacen este tipo de organizaciones (Care Per, Proa, entre otras) y entidades para contribuir a la reducción de la anemia en el país. La labor que nosotros desempeñamos es complementaria a lo que hace el Minsa y los demás actores del Gobierno. Tratamos de fortalecer las instancias de articulación local, de ser una institución que ayude a agilizar los procesos. Capacitamos personal de salud, agentes comunitarios y familias, sostuvo.   —Principal dificultad—  Chiang precisó que la labor más difícil en la lucha contra la anemia es conseguir que las personas sostengan las buenas prácticas en el tiempo. Una de ellas es la lactancia materna exclusiva. Esta tiene que promoverse desde antes del embarazo, ya que el hierro [de la leche materna] es el mejor para el bebé, indicó.   REDACCION NACIONAL  El Plan Nacional para la Reducción y Control de la Anemia Materno-Infantil y la Desnutrición Crónica Infantil en el Perú: 2017-2021 contempla una serie de estrategias y acciones para contribuir a mejorar, principalmente, el estado de salud y desarrollo de niños menores de 3 años y mujeres gestantes.   Si bien el plan es liderado por el Ministerio de Salud (Minsa), este sector cuenta con socios estratégicos, a fin de complementar desde diferentes plataformas el trabajo que realiza en el país. Por ejemplo, los ministerios de Desarrollo e Inclusión Social, Agricultura, Producción, Educación, Vivienda, entre otros, trabajan articuladamente junto al sector Salud para reducir el índice de anemia y desnutrición en el país.   Estas acciones también son complementadas por diversas instituciones públicas y privadas. En los talleres de sensibilización que realiza en Lima, Sedapal incluye mensajes sobre la necesidad del agua potable y saneamiento en la lucha contra la anemia.   Las ONG complementan la lucha contra la anemia de los distintos sectores del Gobierno, principalmente en las zonas rurales del país.   Punto de vista  Comunidad y anemia: el diablo está en los detalles  MAYEN UGARTE  Coordinadora de la Unidad de Proyectos de GRAD  La preocupante situación en la que estamos respecto a la anemia requiere la participación de todos para ser superada. No es suficiente, aunque sí indispensable, que el Estado destine recursos a la atención de los casos registrados. Necesitamos evitar que se sigan produciendo las condiciones que nos han llevado a esta situación. La clave es que las familias adopten prácticas de alimentación e higiene adecuadas.   El Programa de Incentivos a la Mejora de la Gestión Municipal 2019 ha previsto S/50 millones para que más de 800 municipalidades contribuyan en los esfuerzos por combatir la anemia. Estas son la cara del Estado más cercana a los ciudadanos. Deben visitar a cada niño menor de 1 año que el centro de salud haya registrado en el programa, tres veces por mes, para verificar que recibe el suplemento de gotas, jarabe de hierro o micronutrientes entregados en el servicio de salud.   Suena bien pero, como siempre, el diablo está en los detalles. Los padrinos para saber qué niño visitar y dónde dependen de la dirección registrada en el Reniec, y según reportan las mismas municipalidades, hay un porcentaje muy importante de estos que no está actualizado. Miembros de la comunidad visitan a 15 niños cada uno y se les retribuye por eso. Cuando no encuentran a todos en las direcciones registradas, no reciben el pago completo. Por ello, muchos de ellos abandonan el programa, lo que obliga a volver a capacitar a nuevo personal o enviarlo sin la debida formación.   Si los actores no están bien preparados para guiar a las familias en las prácticas de cuidado que deben adoptar, no se puede garantizar que la anemia no regrese. La comunidad es la clave para sostener el cambio.","elcomercio","08/09/2019"
"Medico acusado de violar a nia ser procesado en libertad","Poder Judicial dictó comparecencia restringida al médico Joel Santillán Silva. El Juzgado Mixto de Tayabamba, liderado por el juez Juan Palacios Mantilla, dictó orden de comparecencia con restricciones para el médico del Minsa Gilberto Santillán Silva, de 35 años, acusado de haber abusado sexualmente de una niña de 8 años en el hospital provincial de dicha ciudad, en La Libertad.   En la audiencia realizada ayer en la sede de Natasha Alta en Trujillo, el juez precisó que el médico deberá pagar una caución de S/5 mil y deberá acudir mensualmente a las oficinas del Ministerio Público para justificar sus actividades. Además, indicó que Santillán Silva no podrá mantener comunicación por ninguna vía con los familiares ni con la menor agraviada.   El fiscal Roberto Fabín Vera Gargurevich, de la Fiscalía Provincial Mixta Corporativa de Pataz, apeló la medida. La fiscal había pedido nueve meses de prisión preventiva para el médico. Al cierre de esta edición, no se informó respecto a los fundamentos del PJ para denegar el pedido de la fiscal.   Más información  ALERTAN DEFICIENCIA La Defensora del Pueblo reveló que el especialista a cargo de la División Médico Legal de Pataz, en donde la niña de 8 años fue violada, no cumple funciones en la misma sede, sino en otra ciudad de la región.   DESDE EL 2018 Según la Defensora, esta deficiencia en la atención se evidenció desde noviembre del año pasado.   Detienen a sujeto por explotar sexualmente a menor de 14 años  Según la denuncia, Santillán Silva agredió sexualmente a la niña el pasado martes 3 de septiembre. La menor había sido conducida por su madre para que le practicaran un examen ginecológico debido a que presuntamente un joven la había ultrajado en su colegio.   En el consultorio, la mujer dej a su hija a solas con el médico a petición de él, y minutos después, la niña salió del lugar llorando y sangrando, por lo que el caso fue denunciado ante la comisaría de Tayabamba. Posteriormente, la policía capturó al médico en el mismo centro de salud.   En tanto el MIMP rechazó la presencia de un grupo de personas fuera de la sede judicial manifestando su respaldo al médico denunciado por abuso sexual. La integridad de una niña está de por medio!, publicó.   El médico deberá acudir mensualmente al Ministerio Público.","elcomercio","08/09/2019"
"Danilo Carabajal","Registran a vehículos exonerados del ‘pico y placa’  Dirección de Trata de la policía de Iquitos lo captur en el hostal de Punchana. Personal del área de Trata de Personas de la Divincri de la policía de Iquitos detuvo a Segundo Santiago Cubicaje Macuquillo, de 31 años, cuando se encontraba con una menor de 14 años en el hospedaje Miami, ubicado en el distrito de Punchana en Iquitos.   Fuentes policiales informaron que Cubicaje aceptó haber llevado a la menor para explotarla sexualmente a cambio de un pago de S/50. Los agentes encontraron los billetes en el momento de la intervención.   Él fue detenido por el presunto delito contra la libertad sexual en la modalidad de usuario-cliente. Debido a la reciente modificación que se realizó en el Código Penal para endurecer el castigo por el delito de explotación sexual, la policía también detuvo a la administradora del hospedaje, identificada como Idalia Mercedes Iglesias Curto, de 51 años, por el presunto delito de favorecimiento a la prostitución en agravio de la adolescente. Ambos fueron llevados a la sede policial.   La Municipalidad de Lima ha iniciado el registro de los vehículos que trasladan a personas con discapacidad. Estas unidades recibirán una cartilla que asegura su libre circulación para que sean exoneradas de las multas durante la aplicación del plan de restricción vehicular ‘pico y placa’. Las personas con discapacidad deberán estar inscritas en el padrón del Consejo Nacional para la Integración de la Persona con Discapacidad (Conadis). Luego, podrán realizar el registro del vehículo en la Oficina Municipal de Atención a la Persona con Discapacidad.","elcomercio","08/09/2019"
"Denuncias sobre malas gestiones presupuestales","1 La existencia de este bolsón congresal en la ley de presupuesto dejó de ser un rumor cuando el fiscal contra el crimen organizado de Chiclayo Juan Carrasco abrió investigación contra seis parlamentarios por supuestamente gestionar obras en el Parlamento. Los legisladores investigados son Héctor Becerril (Fuerza Popular), Javier Velásquez Quesquén (Apra), Clemente Flores (Peruanos por el Kambio), Marvin Palma (Contigo) y Carlos Bruce (no agrupado). Todos los legisladores han negado las imputaciones del fiscal.  En esa indagación fiscal, la empresaria Mirtha Gonzáles Yep aseguró a Cuarto poder (Canal 4) que compró materiales valorizados en más de S/74.000 para remodelar la casa de Héctor Becerril, en Trujillo, con el fin de que el congresista interviniera a favor de la empresa Constructora CRD Filial Perú. En el 2017, esta empresa obtuvo la licitación de una obra valorada en aproximadamente S/11 millones. Becerril ha negado las imputaciones.  2 En el 2018, una serie de videos y audios mostró a congresistas ofreciendo votos en contra de la vacancia de Pedro Pablo Kuczynski a cambio de obras de infraestructura en regiones. Kenji Fujimori, uno de los protagonistas, afirmó que en la Comisión de Presupuesto del Parlamento, presidida por FP, hubo una repartija de obras. Se repartieron obras por el valor de S/5 millones a cada parlamentario de Fuerza Popular con su lista de proyectos en mano, manifest.  3 Otras denuncias quedaron en el aire. En junio del 2018, por ejemplo, Panorama (Canal 5) publicó un video en el que Luisa Meneses, la entonces alcaldesa del distrito de Pacarin, Cañete, asegura que el congresista Percy Alcal (FP) realizó gestiones para poner en marcha una obra de agua potable.  Pliegos de intereses Los pliegos del anexo 5 muestran que los sectores donde se concentra el incremento de obras son Vivienda, Educación y Transportes, debido a los intereses de los legisladores por ejecutar obras en carreteras, colegios, y de agua y saneamiento.  A cambio de ello, este orden de empresa debía supervisar los trabajos, según el relato de la exalcaldesa. El legislador Alcal negó lo dicho por Meneses y afirmó que la demandaría por difamación. Dos meses después, Alcal fue nombrado presidente de Presupuesto.  4 El Congreso pasado también registra denuncias. A Martín Belaunde Lossio, ex jefe de campaña de Ollanta Humala, se le investiga por supuestamente ayudar a empresas a ganar licitaciones por S/150 millones. Entre las pesquisas en su contra, se refirió que Belaunde Lossio habría utilizado sus influencias en la bancada nacionalista para modificar la ley de presupuesto del 2013, y así incluir una partida para la construcción del polideportivo Elías Aguirre, en Chiclayo, obra que recayó en la empresa Antalsis, vinculada a él. Pese a que en su momento lo negaron, en el registro de visitas del Congreso se confirmó que se realizó, por lo menos, una reunión con Víctor Isla y otra con José Ugarte, cuando el primero era presidente del Congreso y el segundo presidía la Comisión de Presupuesto. La coordinación era más fácil debido a que todos eran oficialistas.","elcomercio","08/09/2019"
"Odebrecht habría pagado US$320 mil a Villanueva por San José de Sisa","En las planillas de la caja 2 de la constructora se registran siete entregas de dinero al ex primer ministro cuando era presidente regional de San Martín. Este monto incluye los US$60 mil que Jorge Barata reveló en agosto.  Los nuevos pagos por carretera en San Martín Los registros del Departamento de Operaciones Estructuradas de Odebrecht revelan que se realizaron pagos ilegítimos de US$785 mil para que la constructora fuera beneficiada por la carretera Cuandubamba-Zapatero-San José de Sisa.  OBRA: SISASISA CODINOME: ITALIANO CODINOME: MEU DEUS US$400.000 De acuerdo a las planillas de la constructora brasileña, el codinome Italiano recibió seis pagos entre el 19 de febrero y el 6 de octubre del 2009.  US$65.000 Según el registro de Odebrecht, se realizaron tres pagos al codinome Meu Deus entre el 9 de agosto del 2009 y el 15 de marzo del 2010.  CODINOME: CURRICULUM VITA US$320.000* Jorge Barata, exejecutivo de Odebrecht en el Perú, reveló que con este codinome se identificaba a Villanueva en las planillas de pagos ilegítimos de la constructora.  *Tipo de cambio promedio: Al 9 de noviembre del 2009 un dólar = 1,75 reales.  Fecha 19/03/09 19/03/09 23/08/09 24/08/09 26/10/09 23/11/09 15/03/10  Total Monto en reales (Brasil) 114.030 132.150 86.520 54.891 34.612 86.435 52.911 561.549*  Las bases fueron entregadas personalmente a Villanueva [por el exfuncionario del MTC] dentro de un sobre manila en el segundo piso del restaurante Real, ubicado en la Plaza de Armas de Tarapoto.  ASPIRANTE A COLABORADOR EFICAZ Detalla cómo Odebrecht se trazó como meta adjudicarse el millonario proyecto en la región San Martín a través de la captación de exfuncionarios, la elaboración de las bases y el pago de sobornos a quienes participaron en el otorgamiento de la buena pro.  La firma brasileña entregó coimas para adjudicarse el proyecto vial por S/109561.076, que representa un 9,5% por encima del valor referencial de la obra.  Por encargo de Eleuterio Antonio Martorelli [exejecutivo de Odebrecht en el Perú], en septiembre del 2008 [un exfuncionario del Ministerio de Transportes y Comunicaciones que fue captado por la constructora] se reunió con Villanueva Arvalo para hacerle entrega de las bases ya revisadas por Odebrecht-OPIC [Odebrecht Perú Ingeniería y Construcción]. Las bases fueron entregadas personalmente a Villanueva Arvalo [por el exfuncionario] dentro de un sobre de manila en el segundo piso del restaurante Real, ubicado en la Plaza de Armas de Tarapoto. Villanueva Arvalo, al ver lo abultado del sobre de manila, pensó que era dinero, [entonces] le pregunt [...] qué había dentro del sobre, a lo que este le respondió que eran las bases del proceso de licitación que iba a ser convocado. Finalizada la reunión, Villanueva Arvalo cogió el sobre y se retiró llevándose las bases elaboradas [...] por encargo de Antonio Martorelli; luego, estas mismas bases fueron publicadas en el portal del OSCE correspondiente, contó el testigo.  GRACIELA VILLANUEVA UNIDAD DE INVESTIGACIÓN El ex primer ministro y congresista César Villanueva Arvalo no solo habría recibido US$60 mil de Odebrecht como soborno por la adjudicación de la carretera Cuandubamba-Zapatero-San José de Sisa, en la región San Martín, tal como Jorge Barata reveló en la declaración que hizo al equipo especial del Caso Lava Jato de la fiscalía el 6 de agosto en Brasil. En las planillas del Departamento de Operaciones Estructuradas de la constructora, a las que accedió El Comercio, se registran siete pagos por US$320 mil en total bajo el codinome Curriculum vitae, seudónimo que la firma brasileña asignó a Villanueva cuando era presidente regional de San Martín (ocupó el cargo en dos períodos, entre el 2007 y 2010 y entre el 2011 y 2013) como consta en un acta firmada por Jorge Barata. La cifra total incluye los US$60 mil revelados por el exjefe de Odebrecht en Perú.  En los registros de la caja 2 de la firma brasileña aparecen junto al proyecto Sisa otros codinomes: Italiano con US$400 mil y Meu Deus (Mi Dios, en español) con US$65 mil.  --El colaborador-- La declaración de un aspirante a colaborador eficaz de la fiscalía, a la que accedió este Diario, detalla cómo Odebrecht se trazó como meta adjudicarse el millonario proyecto en la región San Martín a través de la captación de exfuncionarios, la elaboración de las bases y el pago de sobornos a quienes participaron en el otorgamiento de la buena pro.  El mismo colaborador declaró que al emisario de la constructora que trabajaba en el MTC se le encargó asegurar el otorgamiento de la buena pro a favor de la firma brasileña a través del pago de sobornos a los integrantes del comité, siempre y cuando Odebrecht ganara la convocatoria. Según el testigo, el acuerdo se logró en horas de la noche en el domicilio de un exgerente allegado a Villanueva.  Como consecuencia de estas coordinaciones entre los emisarios de la constructora y los representantes del Gobierno Regional de San Martín, la carretera San José de Sisa fue adjudicada a Odebrecht en octubre del 2008.  El testigo también señaló: Las bases y los términos de referencia de dicha licitación fueron elaborados personalmente [por el exgerente captado por la constructora] de acuerdo a las indicaciones de Antonio Martorelli.  El exfuncionario de Odebrecht, según narró el colaborador a la fiscalía, era quien instruía y exigía la necesidad de ajustar las bases a condiciones que solo la constructora brasileña podría cumplir, como la experiencia de montos mínimos en obras similares o la experiencia en proyectos de montos determinados que excluyeran a la mayoría de postores que no cumplan estos requisitos con las que eliminaba a la competencia.  En agosto pasado, la firma brasileña se declar culpable ante la fiscalía peruana y reconoció el pago de sobornos para adjudicarse la construcción de la carretera San José de Sisa.  César Villanueva fue presidente regional de San Martín entre el 2007 y el 2013.  --Descargos-- En diálogo con este Diario, Villanueva negó haber recibido sobornos de la empresa brasileña. No he recibido este tipo de prebenda o cosas. Uno paga una prebenda seguramente para pedir a cambio algún tipo de privilegio, algún tipo de favor, algún tipo de acción que le favorezca a la empresa. Y lo que sí podemos demostrar con hechos, con documentos, con cosas que efectivamente se puedan probar de que no ha tenido Odebrecht ningún beneficio y más bien ha sido al revés, ellos han perdido plata all. Entonces, ¿para qué pagarían plata para perder? Eso no lo entiendo, señaló.  Dijo además que uno debe tomar con cautela las declaraciones de Jorge Barata: Primero ha dicho [que me entregó] US$60 mil, ahora son US$320 mil, no me sorprendería que mañana diga [que me entregó] US$500 mil. O sea, cuando uno dice medias verdades, uno no puede saber exactamente de qué te están acusando.  Neg haber recibido documentos o bases de la licitación en un sobre de manila, tal como lo señaló un aspirante a colaborador eficaz de la fiscalía. No he recibido, ni he entregado nada a nadie, ningún documento como ese [...]. Yo supongo que toda la información que da un colaborador eficaz o lo que sea tiene que probarse. Es la primera vez que yo escucho una cosa de ese estilo, agregó. Fue enfático en señalar que sí colaborará en la investigación que realice el equipo especial sobre la obra San José de Sisa.  --La investigación del caso-- EN TARAPOTO Hasta agosto de este año, la investigación sobre las irregularidades en la licitación de la carretera Cuandubamba-Zapatero-San José de Sisa estuvo a cargo del fiscal anticorrupción de Tarapoto José Villalta Arriaga.  LAS IRREGULARIDADES El año pasado, Villalta, cuando estaba a cargo del caso, amplió la investigación preparatoria contra 16 involucrados, entre ellos exfuncionarios del Gobierno Regional de San Martín y exejecutivos de Odebrecht por los delitos de colusión desleal y peculado. Todos ellos eran acusados de haber favorecido a la constructora con un pago irregular de más de S/41 millones y por la aprobación de resoluciones que le permitieron a la firma brasileña exigir S/44 millones en un arbitraje. Este último caso sigue en litigio.  AL EQUIPO ESPECIAL El 6 de agosto, después de que el exjefe de Odebrecht Jorge Barata revelara que se le entregó US$60 mil a César Villanueva, la investigación pasó a manos del fiscal Germán Juárez Atoche, del equipo especial del Caso Lava Jato.","elcomercio","08/09/2019"
"ENTREVISTA FLOR PABLO MEDINA","Se debe alcanzar un acuerdo, hemos llegado a una situación límite  Considera que la bicameralidad puede entrar en la negociación entre el Ejecutivo y el Parlamento. También afirma que la legitimidad del enfoque de género supera lo que puedan pensar algunos congresistas.","elcomercio","08/09/2019"
"Revelan detalles del complejo proceso de reinserción a la sociedad","“Desafortunadamente, son personas que tienen su propia óptica. As como nosotros respetamos –aunque no compartimos– la decisión, esperamos que ellos también respeten a quienes seguimos apostando por la construcción de la paz por la vía política”, reclama el excombatiente.  El ETCR Héctor Ramírez, también conocido como Agua Bonita, está situado en el corazón de la región caqueteña, un lugar montañoso de abundante vegetación. Los excombatientes han creado all proyectos productivos como plantaciones de pía y yuca, o una piscifactora.  “Instituciones como la Jurisdicción Especial para la Paz o la Agencia para la Reincorporación y Normalización pueden dar cuenta de que el 90% de los exguerrilleros siguen con sus hojas de ruta hacia la reincorporación. El 40% lo estamos haciendo en torno a espacios territoriales como este”, remarca Montes.","elcomercio","08/09/2019"
"Luciano Marín, alias Ivan Márquez, anuncia retorno a las armas","Los colombianos se despertaron el pasado 29 de agosto con una noticia que recordaba a otras épocas. Luciano Marín, alias ‘Ivan Márquez’, otrora número dos de la disuelta guerrilla de las FARC, anunciaba su vuelta a las armas a través de un video.  Lo hizo acompañado por otros tres importantes ex altos mandos del grupo insurgente y quince personas más fuertemente armadas.  La noticia supone un desafío para el proceso de paz y empodera a los sectores contrarios al acuerdo que se firmó en noviembre del 2016.  Diseminados por la geografía colombiana están los Espacios Territoriales de Capacitación y Reincorporación (ETCR), donde miles de excombatientes se preparan para su vuelta a la sociedad civil. All también impactó la noticia.  “No compartimos esa decisión. Todos construimos de manera colectiva el acuerdo y pudimos participar en la décima conferencia de las FARC, donde se abrió el debate sobre si estábamos en disposición o no de avanzar en la construcción del acuerdo y la transformación de la guerrilla en un partido político legal”, apunta el exguerrillero Federico Montes, uno de los coordinadores del ETCR Héctor Ramírez, en Caquetá, que está entre los departamentos más golpeados por el conflicto armado a lo largo de más de 50 años.","elcomercio","08/09/2019"
"Huracán Dorian causa devastación en Bahamas","En tanto, cientos de personas siguen desaparecidas en Bahamas como consecuencia del paso de Dorian, que ha dejado al menos 43 muertos en el archipiélago, cifra que las autoridades temen que aumente “significativamente”.  Más de 260 habitantes de las islas Abacos, las más golpeadas en Bahamas, llegaron a la capital Nassau tras un viaje de siete horas en un ferry.  Diane Forbes, que no ha tenido noticias de sus dos hijos desde el martes, esperaba encontrarlos entre unos 200 evacuados que se refugiaban en un gimnasio la noche del viernes en Nassau, que se salvó de la furia del huracán.  El primer ministro Hubert Minnis precisó que 35 de los fallecidos murieron en las islas Abacos y otros ocho en Gran Bahama tras la abatida de la monstruosa tormenta, entonces de la máxima categoría 5.  “Es catastrofico y devastador”, dijo Minnis en un escueto comunicado.  Dorian, uno de los huracanes más prolongados de la historia, dej ayer el territorio estadounidense en su dirección hacia Canad tras diez días de recorrido en los que también causó daños en los estados de Florida, Carolina del Sur y Carolina del Norte.  Menos de un 10% de los huracanes, desde que se registran, se han mantenido activos tanto tiempo.  La mayor destrucción ocurrió en las islas Abacos, donde continúan las tareas de evacuación.  Se temen entre cinco y nueve huracanes más.  El devastador Dorian es uno de tantos de la temporada en el Atlántico.  Mientras las autoridades, los socorristas y la población de las islas Bahamas continúan la penosa labor de rescate de las víctimas tras el devastador paso del huracán Dorian, se confirma que habrá que estar preparado para más fenómenos como ese.  Esta temporada en el Atlántico se prevén de diez a diecisiete tormentas tropicales con nombre, es decir, con vientos superiores a 63 kilómetros por hora, y de ellas cinco a nueve huracanes, con vientos de 120 km/h, según la Administración Nacional de Océanos y Atmosfera de Estados Unidos (NOAA, por sus siglas en inglés).  Se trata de una temporada con un 45 % de probabilidades de una actividad “por encima de lo normal”, que es de doce tormentas con nombre, de las cuales seis se convierten en huracanes, incluidos tres importantes.  En lo que va de la actual temporada de huracanes, que comenzó en julio y que puede alargarse hasta noviembre, se han registrado también las tormentas tropicales Chantal, Andrea, Erin, Fernand y Barry, que se convirtió en huracán en julio poco antes de tocar tierra en Luisiana (EE.UU.), donde dej cuantiosos daños materiales, pero ninguna víctima mortal directa.","elcomercio","08/09/2019"
"Película Joker gana León de Oro en Festival de Venecia","La película “Joker” gana el León de Oro en Festival de Venecia.  En el filme destaca la magistral actuación de Joaquín Phoenix como el acérrimo enemigo de Batman. La edición 76 de la Mostra de Venecia otorgó el León de Oro al filme “Joker”, del estadounidense Todd Phillips, con la magistral actuación de Joaquín Phoenix como el acérrimo enemigo de Batman, uno de los villanos más arriesgados del cine.  El filme, una superproducción con tono muy negro y escrita específicamente para el actor, aborda la infancia y los inicios del Guasón.","elcomercio","08/09/2019"
"Congreso incluye proyectos por más de S/2 mil millones","En los últimos 3 años, el Legislativo introdujo en la ley de presupuesto proyectos de obras que suman más de S/2 mil millones. Fiscalía investiga a 6 parlamentarios por gestionar obras en la Comisión de Presupuesto.  Una revisión realizada por este diario muestra que el Parlamento introdujo más de 900 proyectos de obras, valorizadas en más de S/2 mil millones, en las leyes de presupuesto de los últimos tres años. Estos montos representan menos del 1% del presupuesto anual.  El jueves, el primer ministro Salvador del Solar y el ministro de Economía, Carlos Oliva, comenzaron la ronda de sustentación del proyecto de presupuesto del Ejecutivo para el 2020. El Congreso tiene 90 días para revisarlo y proponer modificaciones. Entre los anexos del proyecto destaca el número 5, en el que se incluyen las obras directamente financiadas por el Estado.  La Constitución actual establece que los congresistas no tienen iniciativa para crear ni aumentar gastos públicos, excepto en su propio presupuesto. Sin embargo, se han encontrado formas de sortear esta restricción mediante leyes declarativas o modificaciones a la ley de presupuesto.","elcomercio","08/09/2019"
"No es un caso aislado el de Chiclayo, se da a nivel nacional","El fiscal investiga a seis parlamentarios que habrían gestionado obras con el exalcalde David Cornejo. Según el fiscal, esto ocurre a nivel nacional y no solo en Chiclayo. La hipótesis es que, aunque el Congreso no maneja dinero, en la Comisión de Presupuesto deciden quién recibe las obras introducidas en el texto final.  Se describe un proceso en tres fases: primero, la gestión en ministerios para considerar la obra en el presupuesto; segundo, la introducción de la obra en la Comisión de Presupuesto; y tercero, un acuerdo implícito donde el congresista recibe una compensación económica. Normalmente, se habla de un 10% del total de la obra destinado a tales fines.  Las pruebas incluyen testimonios, documentos, correos electrónicos y conversaciones de WhatsApp. La investigación continúa mientras la Fiscalía decide si procede a pedir el levantamiento de inmunidad de los investigados o formular una acusación constitucional.","elcomercio","08/09/2019"
"Plan Nacional de Infraestructura para la Competitividad","Un hecho de mayor relevancia se dio la mañana del martes 3 de septiembre: el Ejecutivo presentó –entre las 84 medidas para acelerar la competitividad– su Plan Nacional de Infraestructura para la Competitividad (PNIC). No es poca cosa: es la primera vez que el país cuenta con un documento de esa naturaleza, algo mayúsculo si se considera que la brecha en esta materia llega a más de 363 mil millones de soles. Un paso audaz, además, concreto.  De concretarse las acciones en el PNIC, el país debería tener una hoja de ruta clara para que el Estado Peruano pueda incrementar la productividad y competitividad, así como obtener acceso seguro a mercados locales y globales, lo que incidiría en la mejora de la calidad de vida de la población. Sin embargo, el plan se presenta en una situación compleja.  Un buen punto de partida que acorta las brechas que separaban al Perú de sus aliados en la Alianza del Pacífico. Así, la celebrada solidez macroeconómica se unirá a un esfuerzo conjunto que deje al país un legado tangible.  Para las autoridades públicas elegidas y designadas, debería ser un llamado de atención para pasar de la singularidad y estridencia de la política –donde las emociones dominan hoy la escena– a poner el término en plural y agregarle una razón de ser: pensar en las políticas públicas, que deberían ser el centro de su interés. ¿Estarán, finalmente, a la altura?  La propuesta de Vizcarra deja a Carlos Oliva algo descolocado.","elcomercio","08/09/2019"
"Protagonistas de la campaña del 2016","Las figuras más importantes de la candidatura de PPK han tomado caminos totalmente distintos.  Alfonso Grados Fue gerente de la campaña. Ha vuelto al grupo Intercorp como director de asuntos corporativos.  Gilbert Violeta Fue vicepresidente de PPK. Es presidente del partido ahora llamado Contigo, y vocero de su bancada.  SUSANA DE LA PUENTE Allegada a PPK. Tuvo un rol central en la campaña. Fue cesada como embajadora en el Reino Unido en el 2018. Ahora vive fuera del país.  PEDRO PABLO KUCZYNSKI Fue el candidato a la presidencia. Renunció y hoy cumple arresto domiciliario, investigado por lavado de activos.  MERCEDES ARAOZ Fue la candidata a segunda vicepresidenta. Es la única vicepresidenta, pero se ha distanciado de Vizcarra.  Los protagonistas de la campaña del 2016 Las figuras más importantes de la candidatura de PPK han tomado caminos totalmente distintos.  ALFONSO GRADOS Fue gerente de la campaña. Ha vuelto al grupo Intercorp como director de asuntos corporativos.  GILBERT VIOLETA Fue vicepresidente de PPK. Es presidente del partido ahora llamado Contigo, y vocero de su bancada.  Por debajo La casa de la calle Barcelona hoy se alquila a US$6,5 el m², US$1,7 por debajo del promedio para vivienda en la zona, según el portal Urbania. La corredora encargada de alquilarlo, Arribas Propiedades, la ofrece como oficina. En ese rubro, está US$6,9 por debajo del mercado. Pero el valor total del alquiler, dados sus 920 m², no es despreciable: US$6.000 mensuales.  El destino de los exinquilinos de la casa de calle Barcelona El otrora banco del partido que gan las elecciones en el 2016 se alquila hoy a US$6,5 el m². Quienes decidieron all la campaña de PPK no están más al lado del gobierno. ¿Qué pasó con ellos?","elcomercio","08/09/2019"
"Mortalidad neonatal","Diez de cada mil neonatos fallecen cada año en el país, según la Endes. El Minsa señala entre las principales causas los nacimientos prematuros y anuncia un plan de seguimiento personalizado a las gestantes.  Alessandro Currarino Jorge Falen  39% de las muertes de recién nacidos se produce durante la primera semana de vida, según el Minsa.  79 millones de soles han sido transferidos este año a las regiones para la adquisición de mobiliario, equipos y aparatos médicos.  De 15 casos por 1.000 muertes neonatales al año, 7 se producen durante la primera semana de vida, afirma Scar Ugarte, exministro de Salud.  Ningún niño deja de ser atendido porque pasa a ser asegurado por el Seguro integral de salud, indica Gustavo Rosemberg, viceministro de Salud Pública del Minsa.  Los fallecimientos de recién nacidos reportados en los últimos días evidencian una realidad adversa que se vive en los principales hospitales del país. Según cifras del Ministerio de Salud (Minsa), en lo que va del año han muerto 1.817 recién nacidos. De estos, 1.291 fueron prematuros, es decir, con un período de gestación menor a las 37 semanas.  Esta condición es uno de los principales factores que originan las muertes neonatales (antes de los 28 días de vida). Según el Centro Nacional de Epidemiología, Prevención y Control de Enfermedades del ministerio, representa el 71% de las muertes de este rubro en lo que va del año, y el 31% de las principales causas de muerte, por encima de las infecciones o malformaciones congénitas.  La prematuridad se refleja en el bajo peso al nacer. Los episodios más críticos se presentan cuando los bebés nacen con menos de 3 kilos. Los niños que la padecen tienen mayor riesgo de sufrir complicaciones en su salud durante las primeras semanas de vida, debido a que sus órganos no están completamente desarrollados.  Estado actual En los últimos 20 años, el Perú ha tenido una reducción sostenida de la mortalidad infantil. Este indicador –que mide los fallecimientos en menores antes de cumplir el primer año de vida– pasó de 33 por cada mil nacidos vivos a inicios del 2000 a solo 15 el año pasado, según la Encuesta Demográfica y de Salud Familiar (Endes). Esta cifra es similar al promedio de América Latina, pero aún es mayor que la de países como México o Chile.  En tanto, la tasa de mortalidad neonatal (antes de los 28 días de nacidos) pasó de 18 a 10 por cada mil nacidos en dicho periodo. Pese a que también tuvo un descenso, está en un nivel superior al promedio latinoamericano (9,6) y no se ha reducido en los últimos cuatro años.  Para el exministro de Salud, Scar Ugarte, en los últimos años este indicador ocupa una mayor proporción en la mortalidad infantil y es el más difícil de reducir.  A inicios de los 90, la tasa de mortalidad neonatal representaba poco menos de la mitad de las muertes infantiles. Mientras esta última se redujo significativamente, la tasa de mortalidad neonatal ha disminuido a un ritmo mucho más lento.","elcomercio","08/09/2019"
"INTERÉS Y PRECIOS","En ese sentido, Lars Svensson, profesor de la Escuela de Economía  LUIS FERNANDO ALEGRA  UNIDAD DE ANÁLISIS ECONÓMICO  En la historia económica reciente del Perú hay un hito que divide a la población en dos. Quienes vivieron antes de 1990 y quienes nacieron después. Para el primer grupo, la palabra inflación es como un fantasma: al haber experimentado en carne propia el incremento exponencial en los precios – sobre todo en la década de los 80 –, esa palabra genera temor y suena a un grave problema macroeconómico. Sin embargo, para el segundo grupo dicho término incluso pasa desapercibido, pues desde hace 23 años el Perú registra inflación de un solo dígito.  El control de la inflación es tarea del Banco Central de Reserva (BCR). Su mandato constitucional es preservar la estabilidad de precios y, en ese sentido, hace 17 años la autoridad adoptó un paradigma particular para lograr su objetivo.  En septiembre del 2002, el BCR implementó el esquema de metas explícitas de inflación. Desde ese momento, se comprometió a mantener la inflación en una meta de 2,5% anual, con un margen de maniobra entre 1,5% y 3,5%. A partir del 2007, el BCR puso una meta aún más ambiciosa: una inflación de 2%, que puede oscilar entre 1% y 3%.  Con estas decisiones, la autoridad monetaria peruana se puso una valla tan exigente como la de muchos países avanzados: Canadá, Japón, Corea del Sur, Suecia, el Reino Unido y Estados Unidos, por ejemplo, manejan el mismo rango meta que el BCR. Incluso el esquema se implementó antes que en grandes potencias: como referencia, la Reserva Federal (FED) de EE.UU. apenas estableció metas de inflación en el 2012.","elcomercio","08/09/2019"
"FRASES","Una meta de inflación promueve la estabilidad, pero puede tener el efecto opuesto en la estabilidad de nuestro juicio.  ROBERT SHILLER Premio Nobel de Economía 2013  Las metas de inflación permiten errores [de política monetaria] y que no se haga algo para corregirlos.  JAMES BULLARD Presidente de la FED de St. Louis  De Estocolmo, concluye en un artículo académico que las metas de precios llevan a tasas de inflación más estables, manteniendo el poder de la política monetaria para estabilizar el crecimiento económico.  James Bullard reveló que, dentro de la FED, se ha considerado como una alternativa, pero requeriría cuidadosa preparación y debate si llegara a implementarse. Otros países, en particular aquellos que tienen tasas de interés cercanas a cero y problemas para cumplir sus metas de inflación, también estudian esta alternativa. Siendo el Perú un país vanguardista en materia de política monetaria, evaluaría un cambio de paradigma?","elcomercio","08/09/2019"
"COORGANIZADORES","Además de donar alimentos, el programa Bueno por Dentro es amigable con el medio ambiente.  la naturaleza de su rubro para donar productos en buen estado, pero que por procedimientos internos deben sacarse de las góndolas de las tiendas con anticipación a su vencimiento. Antes del 2015, la empresa desechara estos productos. Sin embargo, el 5 de noviembre de ese año nació el programa Bx (Bueno por Dentro), una iniciativa que, junto con el Banco de Alimentos y tres de sus tiendas, beneficia a siete organizaciones sociales y más de 3000 personas en situación vulnerable. Este proyecto fue reconocido con el premio Creatividad Empresarial, liderado por la UPC, en la categoría Compromiso con la Sociedad.  Supermercados Peruanos (Plaza Vea) decidió aprovechar la naturaleza de su rubro para donar productos en buen estado, pero que por procedimientos internos deben sacarse de las góndolas de las tiendas con anticipación a su vencimiento. Antes del 2015, la empresa desechara estos productos. Sin embargo, el 5 de noviembre de ese año nació el programa Bx (Bueno por Dentro), una iniciativa que, junto con el Banco de Alimentos y tres de sus tiendas, beneficia a siete organizaciones sociales y más de 3000 personas en situación vulnerable. Este proyecto fue reconocido con el premio Creatividad Empresarial, liderado por la UPC, en la categoría Compromiso con la Sociedad.","elcomercio","08/09/2019"
"FIJA NUEVE OBJETIVOS PRIORITARIOS","Ley de presupuesto público 2020 fue presentada  El Ejecutivo presentó la ley de presupuesto público 2020 ante el Congreso de la República. Este prioriza los sectores Salud y Educación. Además, busca reforzar la lucha contra la violencia a la mujer y la seguridad ciudadana.  Maricel Garvan Orellana  El 20,5% de la población del país en el 2018 se encontraba en estado de pobreza, según el Instituto Nacional de Estadística e Informática. Dicho indicador supone que estas personas tienen un gasto per cápita inferior a la línea de pobreza, equivalente monetario de una canasta básica de consumo de bienes y servicios.  Supermercados Peruanos (Plaza Vea) decidi aprovechar la naturaleza de su rubro para donar productos en buen estado, pero que por procedimientos internos deben sacarse de las góndolas de las tiendas con anticipación a su vencimiento. Antes del 2015, la empresa desechara estos productos. Sin embargo, el 5 de noviembre de ese año nació el programa Bx (Bueno por Dentro), una iniciativa que, junto con el Banco de Alimentos y tres de sus tiendas, beneficia a siete organizaciones sociales y más de 3000 personas en situación vulnerable. Este proyecto fue reconocido con el premio Creatividad Empresarial, liderado por la UPC, en la categoría Compromiso con la Sociedad.","elcomercio","08/09/2019"
"PLAN DE INFRAESTRUCTURA","El 95% de obras estarán listas en el 2025  El presidente de la República, Martín Vizcarra, aseguró que 49 de los 52 proyectos incluidos en el mencionado plan serán entregados en el 2025. Añadió que la inversión de dichas obras asciende a S/99.196 millones.","elcomercio","08/09/2019"
"PROYECTO CHAVIMOCHIC","Aún no culmina negociación con concesionaria  Ever Cadenillas, vicegobernador regional de La Libertad, aseguró que la firma de la adenda para terminar las obras del proyecto de irrigación Chavimochic dependerá de que la contralora, el MEF y el gobierno regional estén de acuerdo. El gobernador de La Libertad participará en una reunión en la PCM el miércoles.","elcomercio","08/09/2019"
"DUENOS DEL JOCKEY PLAZA","Anuncian la compra del centro comercial Boulevard de Asia  Mediante un hecho de importancia publicado en la Superintendencia del Mercado de Valores, la compañía dueña del Jockey Plaza anunció la compra del 100% de las acciones de Inversiones Castelar, propietaria del centro comercial Boulevard de Asia. El monto de la transacción no será revelado.","elcomercio","08/09/2019"
"UNIVERSITARIO ES LÍDER DEL TORNEO CON 25 PUNTOS, SEGUIDO POR CRISTAL (22)","Alex Melgarjeo  Las futbolistas peruanas iniciaron una campaña en busca de la igualdad en el fútbol, como Steffani Otiniano y ese gesto tras su gol ante Cristal. El viernes 13 de setiembre habrá un banderazo.  Un clásico para ser vistas  Fútbol femenino ● El duelo U-Alianza de esta mañana (11 a.m.) en Campo Mar se jugará a puertas cerradas, pese a que las futbolistas reclaman tener público ● Además, hay un atractivo adicional: dos gemelas se enfrentan.  —Quieren ser vistas—  Quisiéramos que nuestra familia esté en la tribuna viviendo el clásico con nosotras, añoran las hermanas Canales. Un anhelo que no sólo tienen ellas, sino todas las futbolistas peruanas. El U-Alianza se jugará a puertas cerradas, como tantos partidos del Campeonato Nacional de Fútbol Femenino. Un problema que viene de años y no encuentra una solución. Lamentablemente, no tenemos una regulación en lo que es el reglamento del torneo que contenga algún tipo de sanción al club que juegue sin público, dijo Guillermo Echevarra, jefe de Desarrollo de la FPF.  Partidos a puertas cerradas, campos en mal estado, poca difusión. Todos los atropellos terminaron por cansar a las futbolistas, quienes desde hace una semana vienen reclamando ser tratadas como las deportistas que son. Respeto y valor es lo que exigen.  Con el hashtag #QueremosSerVistas, el fútbol femenino se ha puesto en pie de lucha.","elcomercio","08/09/2019"
"Xiomara (Alianza Lima) es lateral, mientras que Xioczana (Universitario de Deportes) juega como extremo.","Pelota, gracias al padre de ambas. Alex Canales era de esos peloteros que se ganaron el respeto en el barrio con el fútbol. Y las llevaba a cada campeonato que iba.  Xioczana fue la primera en atreverse a jugar, a pesar de las crticas. Cuando salía a jugar con su hermana, a ella le gustaba atacar, encarar y driblar. Entonces, lo único que le quedaba a Xiomara era elegir un puesto en defensa. De lo contrario, no funcionaría el juego. Cuando empezaron a compartir equipos, las dos se hicieron dueñas de la banda derecha. Eran imparables. Pero ahora están separadas. Hace poco se enfrentaron en el primer clásico. El encuentro termin empatado, pero en el duelo que tuvieron ambas salió ganando la de Alianza Lima. Ella conoce todos mis movimientos y se aprovechó de eso para detenerme. Para el segundo tiempo le pedí al técnico que me cambiara de banda. No podía pasarla, cuenta Xioczana.  Hoy, la casa volverá a estar dividida. De un lado los de camiseta crema; del otro, los blanquiazules. Eso sí, y al igual que ocurre con las hermanas, la rivalidad termina cuando el árbitro toca el pitazo final.","elcomercio","08/09/2019"
"El mayor intento de engaño en el fútbol","Los actos antideportivos realizados son de una gravedad fuera de lo común, declar Pablo Porta Bussoms, abogado catalán y presidente de la Comisión de Disciplina de la FIFA. Era el 8 de diciembre de 1989 en Roma.  Partido nunca concluyó. Desde ese minuto 69 en adelante, se desató un huracán de acusaciones, denuncias, pericias, comunicados.  ¿Es el hecho más grave en la historia de la FIFA? –le preguntó un periodista.  Es lo más grave en la historia del fútbol, que es más antiguo que la FIFA –respondió Porta.  JORGE BARRAZA Periodista  El césped del Maracan fue escenario y testigo de la farsa de la bengala en 1989, montada por el arquero chileno Roberto Rojas en un crucial partido de Eliminatoria. El 3 de septiembre de 1989, Brasil y Chile jugaban el partido final del Grupo 3 de la Eliminatoria. Estaban igualados en cinco puntos. Con empatar le bastaba al local para clasificar a Italia 90, pues tenía mejor diferencia de gol. Chile necesitaba una victoria. Con Brasil 1-0 arriba en el marcador por gol de Careca, Chile se retir del campo en el minuto 69, alegando que su guardameta, el Cóndor Rojas, había sido gravemente herido por una bengala encendida al campo de juego, arrojada desde la parcialidad brasileña. El partido nunca concluyó.  Como era lógico suponer, la prensa internacional especuló con la pérdida del partido por parte de Brasil y su eliminación del Mundial. La magia brasileña por primera vez fuera de la Copa!  Veinte días antes del incidente del Maracan, se disputó el cotejo de ida en Santiago. La Verdeamarelha se encontró ante un clima belicoso, absolutamente irrespirable. Los libros Historias secretas del fútbol chileno II y El caso Rojas, un engaño mundial, así como los medios en general del país de Neruda adjudican al técnico Orlando Aravena, con sus picantes declaraciones y la desbordada arenga a sus jugadores, haber creado esa atmósfera violenta para ganar como fuera.  El público se mostraba muy alterado. Las Eliminatorias son una guerra sin muertos, suele sentenciar un amigo. Ese partido, sin embargo, dej uno. Explotó Expedito Teixeira, padre del entonces presidente de la Confederación Brasileña de Fútbol, Ricardo Teixeira, asistió al Estadio Nacional como espectador y sufrió un infarto en la butaca a razón del clima hostil. Expedito nunca se recuperó y muri trece días después en la clínica Santa María de Santiago.  Para el desquite, Brasil no quería correr riesgos de posibles sanciones por algún incidente, sabía que apenas un empate lo llevaba a la Copa del Mundo. Dispuso de un operativo de seguridad jamás igualado: 1.667 policías militares, 200 policías civiles y 500 soldados. Fue el 3 de septiembre de 1989, estuvimos presentes como enviados de la revista El Gráfico. Fue una fiesta deportiva pacífica, truncada al minuto 69 por quien era hasta ese instante la gran figura del partido: el arquero chileno Roberto Rojas. El portero vio caer detrás suyo una bengala de luces, totalmente inofensiva, ya que no explotaba, solo se iba extinguiendo en 40 o 50 segundos, y se desplom aparatosamente sobre ella hasta parecer fulminado. Se alcanzó a ver a Rojas ensangrentado por una herida en la frente. El después fue surrealista. En Chile, apenas suspendido el partido, el pueblo salió a las calles, estaba enardecido por lo que creía una emboscada y una actitud criminal de la torcida y de las autoridades brasileñas.  Todo indicaba que la FIFA castigaría a Brasil sacándolo del Mundial y que iría Chile. Pero una foto de Ricardo Alfieri, ex El Gráfico, fue determinante: mostraba la bengala caída en el césped detrás de Rojas y este aún parado, siguiendo el juego. Pasaron los días, empezaron las sospechas y algunos indicios de que se habría autoinfligido la herida. Incluso la FIFA, por falta de pruebas de la agresión, sancionó a Chile: partido perdido y algunas penas leves. Hasta que el arquero, a punto de explotar por la culpa, le vendió la confesión al diario La Tercera por 40.000 dólares y el detalle de toda la trama, que salió en dos entregas bajo el título Soy culpable. Contaba cómo se había provocado él mismo el corte con una Gillette escondida en el guante.  La FIFA inició una nueva investigación, Chile no solo fue declarado perdedor, sino también suspendido para el Mundial siguiente (1994) y Rojas penado de por vida. Nunca volvió a jugar. Acaban de cumplirse 30 años.","elcomercio","08/09/2019"
"Cristiano Ronaldo anota y se acerca a récord goleador de selecciones","Portugal derrotó 4-2 de visita a Serbia por la clasificación a la Eurocopa 2020. CR7 llegó a los 89 tantos con los lusos y acecha el registro del iraní Ali Daei a nivel de selecciones.  En Portugal, el gol tiene un solo significado: Cristiano Ronaldo. El atacante de la Juventus marc un gol en la victoria como visitante (4-2) ante Serbia, por la fase de clasificación a la Eurocopa 2020 y llegó a los 89 tantos con la camiseta lusa en 159 partidos disputados. De esta manera, CR7 sigue sumando con miras al récord del iraní Ali Daei, máximo goleador a nivel de selecciones en la historia con 109 tantos. Ferenc Puskás llegó a 84 tantos defendiendo a Hungría, y es quien cierra hasta el momento este podio.","elcomercio","08/09/2019"
"Perú ya está en octavos del Mundial de Voley Sub 18","La Blanca nunca es tan alta para estas chicas cuando tienen la blanquirroja en el pecho. La selección peruana de voley Sub 18 venció ayer 3-0 a Turquía y aseguró su paso a los octavos de final del Mundial de Voley de la categoría que se disputa en Egipto.  El equipo dirigido por Natalia Málaga superó 25-18; 25-16; 25-16 a las europeas, con 13 puntos de la atacante Thaisa McLeod, con lo que alcanzó su segunda victoria en el certamen, suficiente para inscribirse en la próxima etapa.","elcomercio","08/09/2019"
"El quechua en el mundo digital","Lengua originaria conquista los diccionarios tecnológicos y apps para aprender idiomas.","elcomercio","08/09/2019"
"Stefano Tosso en la piel de Javier Heraud","Este 26 de setiembre se estrena la película sobre la vida del poeta.","elcomercio","08/09/2019"
"Pagos ilícitos serán por la carretera San José de Sisa","Odebrecht habría pagado US$320 mil a César Villanueva. Registros. En planillas de la caja 2 de la constructora figuran siete entregas de dinero para Curriculum vitae, codinome del ex primer ministro. Descargo. El congresista neg haber recibido sobornos y aseguró que colaborará con la investigación del equipo especial del Caso Lava Jato. También se refirió a la actual crisis política.","elcomercio","08/09/2019"
"Flor Pablo Medina, Ministra de Educación","La Sunedu ha ganado credibilidad por el trabajo que viene haciendo. Postura. No cree que pedido de investigar a entidad prospere.","elcomercio","08/09/2019"
"Congreso incluyó obras por más de S/2 mil millones en la ley de presupuesto","Modificaciones. Se trata de más de 900 proyectos adicionales a los planteados por el Poder Ejecutivo en los últimos tres años.","elcomercio","08/09/2019"
"Inflación","El costo de vida es 62% más caro que en el 2002. Impacto. Esquema del BCR influye en alza de precios.","elcomercio","08/09/2019"
"Andreescu hace historia","La tenista canadiense de 19 años venció con autoridad a Serena Williams en la final del US Open. La joven le gan por 6-3 y 7-5 a la multicampeona y ahora es la número 5 del mundo. Se convirtió en la primera jugadora en conquistar el US Open en su primera participación en el cuadro principal.","elcomercio","08/09/2019"
"Editorial","Las cifras de avance de la inversión pública en lo que va del año son profundamente preocupantes. Editorial de El Comercio Lo mínimo indispensable / 9 de junio del 2019 Tomándose su tiempo. Apenas el mes pasado, por ejemplo, se anunció que nueve de los 16 proyectos que contemplaba adjudicar Pro Inversión este año habían sido retirados de su cartera. De los siete restantes, el único concesionado a la fecha son las plantas de tratamiento de aguas residuales (PTAR) del lago Titicaca. No hay justificación para el lento ritmo de avance de la ejecución de la inversión pública año a año. El impacto de esta falta de ejecución es doble. Por un lado, la carencia de equipamiento médico, de caminos asfaltados o de líneas de transmisión eléctrica reduce la calidad de vida de las personas y la competitividad de las empresas locales. Por otro lado, el movimiento económico que genera la construcción de grandes proyectos de inversión pública es tradicionalmente un impulso adicional en economías con crecimiento débil. Respecto de esto último, vale notar que, según el Indicador Mensual Económico de El Comercio (Imeco), el PBI del Per cerraría el 2019 con una expansión de apenas 2,4%. Así, a pesar del crecimiento por encima del 3% que se espera para julio, las proyecciones anuales del Ministerio de Economía y Finanzas (MEF) parecen demasiado ambiciosas. ¿Qué se puede hacer para empezar a revertir esta situación? En el corto plazo, el presupuesto público del 2020, recientemente presentado, puede ser ocasión para reasignar partidas y mejorar el control del gasto. En el mediano plazo, los instrumentos delineados en el reciente Plan Nacional de Competitividad y Productividad, además del Plan Nacional de Infraestructura, pueden ser útiles. Destaca, por ejemplo, el uso potencial de los PMO, sistema que demostró su utilidad y eficacia durante los Juegos Panamericanos y Parapanamericanos. Sin embargo, nada de esto se puede lograr sin un mínimo de coordinación y voluntad política para poner el pie en el acelerador. El Per, decámoslo, no es más un país pobre bajo estándares internacionales, pero en vista de la aún enorme lista de necesidades y apremios, lo contrario ya ronda la irresponsabilidad y la negligencia. En un país pobre sería una necedad exigirle al Gobierno un gasto significativo en grandes obras de infraestructura o de servicios públicos. Cuando el dinero escasea, es comprensible que la inversión pública permanezca rezagada. Pero el Per ya no es un país pobre bajo estándares internacionales y, de hecho, al ritmo del crecimiento económico, el presupuesto público para inversiones se ha multiplicado por ocho en los últimos 20 años. Si el Estado no logra gastar hoy en las carreteras, puentes, hospitales o redes de agua que hacen falta, no es tanto porque le faltan recursos –que bien pudo haber sido el motivo principal en décadas pasadas–, sino porque no parece contar con la capacidad de gestión para lograrlo. Según el informe de esta semana de la Unidad de Análisis Económico de El Comercio, en los últimos cinco años se devolvieron más de S/22.320 millones anuales al Tesoro Público, dinero suficiente para cerrar tres cuartos de la brecha en infraestructura de agua o construir diez proyectos equivalentes al aeropuerto de Chinchero, cada año. Para este año, entrado ya septiembre, del presupuesto para inversiones se ha ejecutado recién un tercio. Si bien los gobiernos subnacionales podrán argumentar que, siendo este su primer año de gestión, sus tasas de ejecución no son especialmente bajas comparadas con otros períodos similares, la misma excusa no aplica para el gobierno nacional: a la fecha, ha ejecutado apenas 36% del presupuesto de inversión pública, con varios ministerios que no llegan o bordean el 30%. La historia que capturó la atención de los últimos días ejemplificando la inoperancia en gestión de compras e inversión pública fue la ausencia de incubadoras en diversos centros de salud, pero lo cierto es que se trata de un problema estructural que afecta a todo el aparato estatal. Al servicio del país desde 1839.","elcomercio","08/09/2019"
"Renzo Salazar","Del Solar acudi al Congreso por adelanto de elecciones. El primer ministro Salvador Del Solar asistió a la Comisión de Constitución para explicar el proyecto de adelanto de elecciones al 2020. Horas antes, Fiscalización aprob investigar el mensaje a la nación, las encuestadoras, los casos Conirsa y Chinchero, y volver a citar al hermano del mandatario. Pleno del Parlamento suspendió a legisladores. El pleno del Congreso debatió cuatro informes ﬁnales de la Comisión de Ética. En base a ello, suspendió a Yesenia Ponce (PPK) por 60 días, mientras que a Moisés Mamani (FP), Daniel Salaverry (UR) y Roberto Vieira (Cambio 21), por 120 días. Daniel Salaverry intentará postular a la presidencia. El extitular del Congreso Daniel Salaverry confirm a El Comercio que busca postular a la presidencia de la República en las próximas elecciones. Agregó que esta candidatura podría darse a través del partido Restauración Nacional, que pasará a llamarse Per Firme. Sala deja al voto apelación ﬁscal sobre Kuczynski. El Poder Judicial dejó al voto el recurso presentado por el fiscal José Domingo Pérez contra la decisión de un juez que rechazó la prisión preventiva para Pedro Pablo Kuczynski por el Caso Odebrecht. El expresidente fue internado en una clínica local.","elcomercio","08/09/2019"
"En el Twitter","Cita en Palacio. Martín Vizcarra se reunió con Pedro Olaechea. El mandatario Martín Vizcarra recibió en Palacio de Gobierno al titular del Legislativo, Pedro Olaechea. El principal punto de la agenda fue el proyecto de adelanto de elecciones al 2020. Días atrás, la Encuesta del Poder de Semana económica ubicó a Vizcarra como la persona más poderosa del país. El lunes la bancada Unidos por la República nos reuniremos con Vizcarra. Necesitamos gobernabilidad y reformas políticas conexas al adelanto de elecciones, dijo la congresista Patricia Donayre. La Clula Parlamentaria Aprista respalda el diálogo. Los intereses del país están primero. La democracia y gobernabilidad nos exigen responsabilidad y consenso, afirmó Luciana Len. Congreso obstructor? Falso. Todo es pura campaña de desacreditación contra el Congreso de parte de sectores destructivos de la democracia, declaró Mario Mantilla. El diálogo debe ir más allá de la salida política de adelanto de elecciones. Hay temas urgentes que merecen atención, opinó Marisa Glave.","elcomercio","08/09/2019"
"Un día como hoy","Hace 100 años. Casas de préstamo. Ilustración: Giovanni Tazza. El aumento del volumen de las operaciones de las casas de préstamo de Lima indica que la situación económica de gran parte de la población es cada vez más aflictiva y muchos tienen que recurrir al empeño de joyas u otros objetos para poder subsistir. Todos sabemos que los intereses que cobran las casas de préstamo son muy altos e incluso usurarios. El ideal sería que la municipalidad creara un Monte de Piedad donde las personas necesitadas pudieran pignorar objetos con intereses razonables e incluso menores a los usuales.","elcomercio","08/09/2019"
"Política","El bolsón legislativo. Domingo 8 de setiembre del 2019. La diferencia entre el proyecto del Ejecutivo y lo aprobado por el Congreso. Tres legisladores de Fuerza Popular presidieron la comisión que aprobó las leyes de presupuesto de los años 2017, 2018 y 2019. En total, se introdujeron 974 proyectos de obras. Monto total para proyectos de obras incluidos por el Congreso. Número de proyectos incluidos por el Legislativo. Las cinco regiones donde se incluyeron más proyectos de obras. Distribución por pliegos: los tres sectores donde se incluyeron más proyectos de obras. 2017 Cecilia Chacón KK 2018 Karina Beteta KK S/675’379.040 S/839’299.001 253 Obras incluidas Suma del valor de las obras incluidas 27 39 21 17 19 S/90’282.126 S/88’689.383 S/63’965.944 S/59’336.158 S/57’386.944 Obras incluidas Suma del valor de las obras incluidas 125 87 14 S/300’647.216 S/280’414.861 S/51’753.716 Regin Cajamarca Lima San Martín Hunuco La Libertad Pliego Ministerio de Vivienda Ministerio de Educación Ministerio de Transporte 302 Obras incluidas Suma del valor de las obras incluidas 34 52 26 22 12 S/103’855.864 S/101’245.430 S/80’892.107 S/63’243.758 S/47’190.469 Obras incluidas Suma del valor de las obras incluidas 173 76 37 S/450’057.402 S/214’127.488 S/139’701.887 Regin Cajamarca Lima Hunuco La Libertad Ayacucho Pliego Ministerio de Vivienda Ministerio de Educación Ministerio de Transporte Congreso incluyó proyectos por más de S/2 mil millones. Anexo 5 G En los últimos 3 años, el Legislativo introdujo en la ley de presupuesto proyectos de obras que suman más de S/2 mil millones G Fiscala investiga a 6 parlamentarios por gestionar obras en la Comisión de Presupuesto. Martin Hidalgo UNIDAD DE ANÁLISIS POLÍTICO. En el debate sobre los miles de millones de soles de la ley de presupuesto, suelen pasar desapercibidos los cambios introducidos por el Congreso, ya sea en la Comisión de Presupuesto o en el pleno mismo. Una revisión realizada por este Diario a esas modificaciones muestra que el Parlamento introdujo más de 900 proyectos de obras, valorizadas en más de S/2 mil millones, en las leyes de presupuesto de los últimos tres años. A simple vista, estos montos pasan desapercibidos, pues representan menos del 1% del presupuesto anual. El jueves, el primer ministro Salvador del Solar y el ministro de Economía, Carlos Oliva, comenzaron la ronda de sustentación del proyecto de presupuesto del Ejecutivo para el 2020. El Congreso tiene 90 días para revisarlo y proponer modificaciones. Entre los anexos del proyecto destaca el número 5, en el que se incluyen las obras directamente financiadas por el Estado.","elcomercio","08/09/2019"
"Ante Ecuador en Nueva Jersey, la selección peruana realiza su primera práctica en Los Ángeles","con miras al duelo de este martes ante Brasil, reeditando la última final de la Copa América.  Las instalaciones del Banc of California Stadium fueron el centro de trabajo del plantel, que empezó con estiramientos.","elcomercio","08/09/2019"
"Perú ya está en octavos del Mundial de Voleibol Sub 18","La Bicolor superó 3-0 a Turquía y aseguró su pase en certamen que se disputa en Egipto.  La red nunca es tan alta para estas chicas cuando tienen la blanquirroja en el pecho. La selección peruana de voleibol Sub 18 venció ayer 3-0 a Turquía y aseguró su pase a los octavos de final del Mundial de Voleibol de la categoría que se disputa en Egipto.  El equipo dirigido por Natalia Málaga superó 25-18; 25-16; 25-16 a las europeas, con 13 puntos de la atacante Thaisa McLeod, con lo que alcanzó su segunda victoria en el certamen, suficiente para inscribir su nombre en la siguiente ronda. Ganarle a una selección que está cuarta en el ranking mundial nos motiva mucho para lo que viene, sabemos que Japón es un rival fuerte pero nosotros saldremos a jugar con mucha concentración y corazón, manifestó McLeod.  Con siete puntos (tres por cada victoria ante Congo y Turquía y uno por la derrota de 3-2 ante Bulgaria), Perú es líder del Grupo D y hoy cierra esta fase enfrentando a Japón (5:30 a.m.).  El resultado de hoy y los del cierre de la fase de grupos mañana no le quitarán la clasificación a Perú, ya que avanzan los cuatro primeros y Congo solo puede llegar a sumar 3. Lo que sí necesita Perú es sumar para evitar ser cuarto del grupo, y con ello no se mediría ante el líder del grupo C en los octavos de final, que en estos momentos es Rusia.  En el lejano Egipto, Perú está haciendo su camino mundial, y se esperan más triunfos.","elcomercio","08/09/2019"
"Andreescu hace historia con 19 años de edad","La canadiense venció a Serena Williams en el US Open y logró su primer Grand Slam.  Trece años atrás, ni en sus sueños más optimistas Bianca Andreescu hubiera fantaseado con lo que sucedió ayer. En ese entonces, la tenista canadiense era una niña indecisa que, a pesar de que practicaba distintos deportes, no fue flechada ni por la gimnasia ni el fútbol, tampoco por la natación. Ni siquiera lo pudo imaginar hace doce meses, cuando estaba por debajo del puesto 150 del ranking de la WTA. Con el público en su contra, la jovencita de 19 años logró lo que hasta las más experimentadas del circuito femenino anhelan: le ganó con autoridad por 6-3 y 7-5 la final del US Open a la multicampeona Serena Williams. De paso, se convirtió en la primera jugadora que gana el título del US Open en su primera participación en el cuadro principal, y en su primera final de Grand Slam. Desde mañana, la nacida en Mississauga será la número cinco del mundo.  He trabajado muy duro. Intenté prepararme lo mejor que pude y no enfocarme en quién iba a ser mi rival. Estoy muy orgullosa de cómo lo he manejado todo, dijo la canadiense, quien apenas terminó el partido emocionó a todos al correr hacia las tribunas para abrazarse con su entrenador y sus padres.  Cuando Andreescu parecía ya tener la victoria en el bolsillo, cometió varios errores que provocaron la reacción de Williams, y sobre todo del público neoyorquino del Arthur Ashe. La joven tenista llegó a contar con 4 juegos de ventaja en el segundo set. Perdi un punto de campeonato, pero pudo mantener el temple y decretar su victoria en el tie break.  Andreescu también marcó un antecedente importante en su país: se consagró como la primera mujer canadiense en conquistar un trofeo de Grand Slam.  Bianca ha jugado un partido increíble. Estoy muy orgullosa de ti y feliz por ti, fue la frase con la que se despidió Serena, mientras mascullaba la bronca de haber perdido la sexta final de las ocho últimas que disputó en un Major.   Desde marzo del 2018 que regresó al circuito luego de ser madre, a Serena todavía le es esquivo ganar el Grand Slam número 24, con el que igualaría a Margaret Court. Ese récord se mantiene vigente desde 1975.  Con el público neoyorquino del Arthur Ashe en contra, Bianca se impuso a Williams en una hora y 40 minutos.","elcomercio","08/09/2019"
"Khabib retiene su título mundial","Con una llave de sumisión para decretar su victoria, Khabib Nurmagomedov tuvo su regreso triunfal en la UFC. El ruso sometió al estadounidense Dustin Poirier con un rear-naked choke en el tercer round para defender su título ligero de la división.  Khabib, además, mantiene un invicto en 28 peleas.","elcomercio","08/09/2019"
"Leclerc apunta a otra victoria en Italia","El monaguesco Charles Leclerc parte hoy desde la pole en el GP de Italia (8:10 a.m. / Fox Action Premium). El piloto de Ferrari busca su segunda victoria consecutiva, tras su triunfo la semana pasada en Bélgica. Segundo parte Hamilton y tercero Bottas, ambos de Mercedes.","elcomercio","08/09/2019"
"Final masculina (3 p.m.) Nadal va por la gloria ante Medvedev","Sin Roger Federer ni Novak Djokovic al frente, Rafael Nadal tiene una posibilidad inmejorable de ganar hoy (3 p.m./ESPN) su cuarto título de US Open. Para ello, el español tendrá que vencer en la final al ruso Daniil Medvedev, que desde mañana será el número cuatro del mundo.  Rafa, que disputará su vigésimo séptima final de un Grand Slam, puede sumar su Major número 19 y así situarse a uno del récord de 20 ganados que tiene Federer. Sin embargo, al frente Medvedev llega como una grata sorpresa que puede seguir dando golpes.","elcomercio","08/09/2019"
