"headline","content","newspaper","date"
"LA RESPONSABILIDAD DE LA CIUDADANA EN LA CRISIS POLÍTICA Y EL GRAN NIVEL DE CORRUPCIÓN ACTUAL","¿Qué hemos hecho para merecer esto?  Yo también, ejem, con Odebrecht  Javier Daz-Albertini  Sociólogo y profesor de la Universidad de Lima  El otro día, mientras sufría viendo una ocurrencia más de la Comisión de Constitución del Congreso, empezó a sonar en mi cabeza una canción popular de fines de los años 80 del grupo Pet Shop Boys. What have I done to deserve this? es el lamento de dos jóvenes atrapados en una relación tóxica de la que no pueden escapar. Me preguntaba, entonces, qué hemos hecho para merecer a políticos de escaso mérito parlamentario pero de amplia desfachatez cuando se trata de pisotear la legalidad y las instituciones para impulsar sus agendas personales o partidarias? Tengo la impresión de que –al igual que en la canción– sufrimos de relaciones dañinas de codependencia que ingenuamente pensamos serán superadas en las próximas elecciones. Y sin embargo, cuando estas ocurren, volvemos a repetir los errores que –con el tiempo– se magnifican con efectos aún más nocivos para nuestro sistema político.  Reflexionando sobre el asunto, enumeraba en mi mente todas las cosas que hemos hecho mal y que han permitido que llegáramos a esta situación. Desde hace varias décadas votamos por desconocidos, sin experiencia política, que llamamos outsiders porque ingenuamente los consideramos impolutos. Por alguna extraña razón, creemos que la política es lo único corrupto y que cualquier persona ajena a ella ya es digna de ser elegida. Como no nos llegan a convencer los candidatos, entonces hacemos un cálculo sobre cuál será, potencialmente, el menos malo. No importa que sea corrupto; tapamos nuestras narices y sentenciamos que roba, pero hace obra. Y después nos lamentamos de tanto improvisado y aprovechado.  Además, actuamos convencidos de que el país prospera a pesar de la política. Como he señalado varias veces en esta columna, esta apreciación ideológica intenta remarcar la robustez del mercado en comparación con las debilidades e ineficiencias de la institucionalidad democrática. Este discurso es peligroso pues alimenta los populismos –sean estos de derecha o de izquierda– que tildan a la democracia como ineficaz y corrupta (y, por ende, dispensable).  Aunque, pensándolo bien, si queremos salir de la escabrosa situación política en la que nos encontramos, es preciso cambiar la dirección de la pregunta y plantearnos, más bien, qué no hemos hecho que nos haya llevado a merecer esto? Por una cuestión de brevedad y espacio me gustaría responder puntualizando en cuatro aspectos.  Primero: no hemos sido capaces de legitimar normas básicas de convivencia democrática. Como resultado de esto, priman dos tipos de comportamientos con respecto a lo público: el éxodo (evasión) o la privatización (apropiación excluyente). Resulta, entonces, difícil exigirles a nuestros políticos que sean respetuosos y dialogantes cuando diariamente contribuimos a que la calle o cualquier lugar de encuentro ciudadano sea una jungla.  Segundo: no hemos querido ponerle el pare a la corrupción cotidiana. Somos ciudadanos cómplices de un sistema podrido en el que todos los días –con total naturalidad– se coimea a un policía, a un inspector, a un fiscal o a un juez. De seguro me dirán, no todos sobornamos. Pero sí callamos y otorgamos.  Tercero: no le hemos dado la debida atención a la educación como un bien público que crea ciudadanos informados, éticos, críticos e innovadores. Por el contrario, hemos permitido que la educación sea transformada en una mercancía cuya calidad depende de la capacidad adquisitiva, desvirtuando el carácter de equidad y justicia social que esta tiene en las sociedades democráticas.  Cuarto: no hemos podido dar forma organizativa a las acciones ciudadanas que buscan construir una sociedad republicana. Se ha ganado la calle varias veces y ello ha impedido graves injusticias, es verdad, pero el poder continúa en manos de los que corrompen o traicionan a la democracia.  Lo más triste es que quizás sea cierto lo que señala el sociólogo Danilo Martuccelli en una reciente publicación: nuestros Gobierno y Congreso sí son representativos de nuestra actual sociedad, es decir, son una mezcla de informalidad, achicamiento y achuchamiento. De ahí la urgencia para que los ciudadanos demos nuevas formas a una sociedad que se encuentra –en palabras de Martuccelli– desformada. En este sentido, él recomienda una coproducción ciudadana que en lo legal construya la república; en lo normativo, la convivencia ciudadana, y en lo cultural, una ética igualitaria.","elcomercio","18/09/2019"
"American Factory","American Factory, la última película que está dando que hablar en la prensa económica, es el documental estrenado hace unas semanas en Netflix. El filme, coproducido por Barack y Michelle Obama, cuenta la historia del cierre de una planta de General Motors (GM) en un pequeño pueblo de Ohio y su posterior reapertura como subsidiaria de la empresa china Fuyao Glass, uno de los mayores fabricantes de vidrios para automóviles en el mundo.  Al principio, las cosas van muy bien. Los antiguos trabajadores de la planta la estaban pasando mal y su reapertura trae alegría y esperanza a la comunidad. Pero los choques no tardan en aparecer. Los estadounidenses resienten las maneras de los chinos y los estándares de salud y seguridad distan de ser los de antes. Los accidentes ocurren con tanta frecuencia que el tema comienza a aparecer en los medios.  La película también nos muestra las condiciones bajo las que Fuyao opera en China. Vemos que los obreros, además de estar sujetos a una disciplina militar (se forman, toman distancia, miran al frente y gritan su número en la cuadrilla), trabajan en turnos de 12 horas diarias con solo dos días de descanso al mes (!). Y en ocasiones lo hacen bajo estándares de seguridad mucho menores que los de Estados Unidos. Una escena, por ejemplo, muestra a un grupo de empleados separando vidrio roto sin usar lentes protectores ni guantes a prueba de cortes.  Para la gerencia, por otro lado, los empleados estadounidenses, que no trabajan los fines de semana ni se les puede obligar a trabajar horas extras, son poco productivos. Son lentos y tienen los dedos gordos, dice el dueño de la empresa. Y cuando tratamos de manejarlos, nos amenazan con formar un sindicato.  A mí, esta película me inspira algunas reflexiones. La primera, sobre la competitividad de la industria china y cuánto de ella está basada en la imposición de condiciones laborales que serían ilegales en muchas partes del mundo (se imaginarían trabajar 12 horas al día seis o siete días a la semana?). La segunda, sobre el implícito rol del Partido Comunista chino en esta historia. Todos los trabajadores de la matriz forman parte de un sindicato afiliado al partido que claramente no está all para defenderlos sino para mantenerlos a raya a través de sus vínculos con el Estado. De hecho, el presidente del sindicato y secretario del comité del Partido Comunista es nada menos que el cuñado del dueño de la empresa. ¿Quién va a ser el valiente que se queje de las largas horas de trabajo? Resulta revelador que el filme muestre los grandes esfuerzos que hace la gerencia por evitar la formación de un sindicato en la planta estadounidense. All sí sería una fuente de preocupación.  La última reflexión es sobre el empleo industrial y cómo los obreros que no han logrado reconvertirse son los grandes perdedores de la globalización. Al inicio de la película, una de las afectadas por el cierre de la planta dice que desde entonces había tenido que luchar por volver a la clase media. Otra, que en Fuyao gana menos de la mitad de lo que ganaba en GM.  American Factory no es un documental inspirador o emocionante, pero sí uno de los más interesantes que he visto últimamente.","elcomercio","18/09/2019"
"NA","No es una confesión, no se emocionen. Es una formulación genérica, sentido de mea culpa común. Todos, ejem, tenemos alguna culpa respecto a la gran corrupción. Y a la vez estamos aptos para denunciarla. Pero insisto en que los peruanos tenemos que deplorar, haciéndonos tun tun en el pecho, la normalidad con la que dejamos pasar la más sofisticada perversión de las asociaciones públicas-privadas (APP) en nuestra historia.  La derecha santificó cada requisito de una perversión que se volvi modelo: desmanteló el rol planificador del Estado para recibir cualquier iniciativa privada, hizo licitaciones imprecisas que llevaron a adendas y arbitrajes ad hoc, planteó APP donde convenía obra pública, y viceversa, usó los organismos multilaterales como una de las formas de evitar el control, mitigó los megaproyectos sobre la infraestructura menuda.  La derecha santificó cada requisito de una perversión que se volvi modelo.  La izquierda no radical, la moderna, hizo lo mismo cuando llegó al poder central (esto de lo que hablamos llega a su apoteosis con Lula, no?) y al local (Goyo Santos y Villarán, por ejemplo). Buscó diferenciarse solo en el color de la obra, ya sea verde ecológico o multicromatismo inclusivo. Recuerdo a Susana Villarán, en una entrevista que me dio antes de destaparse su vínculo con Lava Jato, jactarse de que en su gestión se invirtieron más millones que en la de Castañeda.  La otra izquierda, la radical maximalista, la emprende contra el capitalismo sin apoyar urgentes reformas. Por eso, en el Congreso, pudiendo hacer tanto en defensa de ciudadanos y consumidores, postulan una Asamblea Constituyente con debates bizantinos para refundar todo en el papel. Apuesto que si se debatiera una nueva Constitución, esta izquierda plantearía que nos consagramos al sumak kawsay o buen vivir no extractivista.  De alguien tiene que salir, esté o no en el centro, el plan para enderezar las APP y todo lo corrompido alrededor. El castigo ayuda bastante y hemos hecho grandes progresos al tener a peces gordos procesados. Hay implicados de derecha e izquierda, y de cuatro gobiernos; componiendo una pluralidad que niveliza la lucha contra la corrupción y minimiza la coartada de la persecución. Miren cómo en EE.UU. el juez Thomas Hixson ni siquiera discute el argumento persecutorio de la defensa toledista. A la justicia peruana se la respeta.  Sin embargo, sigue habiendo un desbalance procesal cuando se compara la situación de los políticos y funcionarios con la de los empresarios y actores de la sociedad civil que apalearon las perversiones. Nos falta avanzar penal, administrativamente y moralmente en ese juicio.","elcomercio","18/09/2019"
"LA CIENCIA NO SABE NADA PORQUE SE CONTRADICE SIEMPRE","Esos malos entendidos son lo que quiero aclarar en esta obra.  — También mencionas mucho la importancia del pensamiento crítico y conocer el método científico... Son cuestiones básicas, sobre todo el pensamiento crítico. Este debería estar instaurado en los colegios. Pero si no se puede convertir en una materia, por lo menos los maestros deberían incentivarlo. ¿Cómo? Por ejemplo, poniendo al final de la clase uno de estos videos de conspiraciones o de misterio, para que los escolares analicen bien los hechos de la manera más objetiva. Hoy, cuando analizamos algo, tendemos a decir lo primero que nos llega a la cabeza. Por eso hay tanto terraplanista: encuentran fenómenos que no entienden y lo explican con su lógica, basados en la ignorancia. Esa lógica los lleva por unas respuestas que no son comprobables, pero si estas personas las creen es porque las entienden. Es bastante complejo tener un pensamiento crítico, porque estamos en una sociedad que no lo fomenta. Estamos siendo bombardeados con mucha información que nadie nos enseña a manejar, expuestos a ella a todo momento y por eso hay tanta gente creyéndose cualquier cosa.  — Dices que los científicos no han sabido explicarle a la gente cuál es su trabajo y qué tan relevante es para la vida diaria… No es un tema solo de falta de educación científica, sino de la divulgación. No hay gran espacio para la ciencia en los medios masivos. En nuestra región no hay revistas especializadas en ciencia. Necesitamos hacer que la ciencia sea más popular. Estamos fallando en llevar la ciencia a la gente y hacerla más entendible. Si bien hoy los adultos mayores son más influyentes, sobre todo en temas de política y que se comparten por redes sociales, los más jóvenes se influyen por lo que ven en YouTube. Ellos ya no consumen medios tradicionales. Hay una responsabilidad grande por brindar siempre la información correcta.","elcomercio","18/09/2019"
"ESTUDIO SOBRE SOBRONOS EN EMPRESAS DEL PERÚ Y AMÉRICA LATINA","La percepción de la corrupción Resultados G Los requerimientos de dinero de funcionarios es la principal causa de soborno G El 99% de ejecutivos cree que hay corrupción en el país.  La corrupción es uno de los principales problemas de nuestro país y de muchos otros en América Latina. En los últimos años, se han conocido diversos casos de sobornos en los que se han visto involucrados empresarios, políticos y hasta expresidentes. De acuerdo con el “Primer estudio sobre sobornos en empresas de Perú y América Latina”, presentado por la Universidad del Pacífico (UP), la principal causa que fomenta los sobornos en el entorno de negocios con el sector público son los requerimientos de dinero que hacen los funcionarios de forma directa o indirecta.  Un segundo motivo son los trámites y procedimientos engorrosos, seguidos por la posibilidad de perder negocios y la ineficiencia del sector público para ejercer sus funciones.  Al respecto, María Matilde Schwalb, directora del Centro de Liderazgo, Ética y Responsabilidad Social de la UP, afirmó que los funcionarios suelen pedir un soborno o contribución para realizar lo que debería ser su tarea.   “Se tiene que pagar por un trámite determinado, pero hay un pago adicional abiertamente requerido. Y en el caso del Perú, este reconocimiento de los encuestados es mayor que en la región”, añadió.  También se presentan casos de corrupción en el entorno de negocios del sector privado. El principal motivo que los ejecutivos mencionan para dar o recibir sobornos, según el estudio, es: “Si no pago, pierdo negocios”. En segundo lugar, señalan: “La competencia paga sobornos”, y como tercera causa “el cumplimiento de ventas internas”.  — Otros resultados —  El estudio revela también que el 99% de los ejecutivos en el Perú perciben que hay corrupción en el país. No obstante, en cantidad considerable, solo el 82% señala que hay sobornos en su sector y el 18% restante considera lo contrario. Este resultado es similar al de otras naciones como Argentina, donde el 97% cree que hay corrupción en el país y el 63% en su sector, o Colombia, donde esas cifras son 97% y 86%, respectivamente.  Asimismo, los encuestados señalaron que construcción es el ámbito más propenso al soborno (57,9%). Precisamente, este sector se ha visto involucrado en diversos casos de corrupción en nuestro país en los últimos años. Le siguen administración pública y defensa, planes de seguridad social de afiliación obligatoria (16,9%) y explotación de minas y canteras (13,3%).  Los sobrecostos son otro resultado interesante. Para adjudicarse un contrato, los ejecutivos sostuvieron que hay que pagar secretamente un adicional que, en promedio, asciende a 17,8% para el Perú. Se trata de una cifra menor que el promedio de la región, de 26,2%.  En cuanto a las iniciativas de las empresas para combatir el soborno, los ejecutivos señalaron que en su mayoría (66,7%) no han recibido información al respecto. Solo el 19% dijo que ha recibido alguna comunicación formal, el 14,8% que ha realizado capacitaciones y el 13,6% que ha enviado comunicaciones sobre el estatuto a sus empleados y partes contratadas.","elcomercio","18/09/2019"
"QUERGO CERRAR MI EMPRESA","Análisis Legal MICHELLE Barclay Socia de CMS Grau  En un contexto en el que la economía está en proceso de enfriamiento, es natural que los accionistas o dueños de empresas evalúen si continúan o no con sus negocios. Algunos decidirán “pasar la ola” realizando ciertos ajustes, y otros prefieren extinguir su compañía.  Para cerrar una empresa, se requiere transitar previamente por un proceso de liquidación. Nuestra legislación establece la posibilidad de realizar una liquidación societaria o una liquidación concursal. La elección es de los dueños del negocio. Son ellos quienes deben definir cuál es el camino más conveniente.  En cualquier proceso de liquidación se nombrará a un liquidador con la finalidad de identificar y vender los bienes con los cuales se pagarán las deudas de la compañía. El remanente, de existir, se entregará a los accionistas. Con el balance en cero, se iniciará el proceso de extinción.  Si los bienes no alcanzaran para pagar todas las deudas, será necesario realizar un paso adicional: el liquidador deberá enviar el expediente al juez para que declare la quiebra judicial y emita certificados de incobrabilidad a los acreedores que no fueron pagados. Luego de esto, recién se podrá extinguir la compañía en el registro público.  La liquidación societaria se rige por lo dispuesto en la Ley General de Sociedades. Se presume que la empresa se encuentra en capacidad de pagar todas sus deudas. Sin embargo, en la práctica, varias compañías se someten a este régimen incluso cuando sus bienes son insuficientes para pagar al total de acreedores. Esta modalidad es más flexible que la liquidación concursal. La junta de accionistas permanece como el máximo órgano de toma de decisiones y es quien designa al liquidador. Sin embargo, este régimen no cuenta con reglas que impidan acciones contra los activos de la empresa.  Por su parte, la liquidación concursal es regulada por la Ley General del Sistema Concursal. Este régimen especial es aplicable a empresas que se encuentran en una situación de crisis patrimonial o financiera. El Indecopi, a través de la Comisión de Procedimientos Concursales, es la autoridad a cargo de tramitar el proceso.  Esta comisión tiene diversas funciones, entre ellas, reconocer los créditos de los acreedores. Los titulares de créditos reconocidos conforman la junta de acreedores, que es el máximo órgano para la toma de decisiones, sustituyendo a la junta de accionistas. En la liquidación concursal, la ley establece que desde que se inicia formalmente el proceso, los acreedores no podrán cobrar sus créditos sino hasta que se apruebe un plan de pagos y, en este caso, los activos sí son protegidos de embargos y ejecuciones.  Un proceso no es mejor que el otro. Todo depende de las circunstancias, implicancias y “actores” involucrados. Si quiere cerrar su empresa, la mejor decisión será la que se adopte con adecuada información y un buen análisis.","elcomercio","18/09/2019"
"MINISTERIOS BUSCAN REGULAR MERCADO DE CIGARRILLOS ELECTRÓNICOS","A raíz de las graves lesiones a los pulmones reportadas en las últimas semanas en Estados Unidos y otros países por el uso de cigarrillos electrónicos, los ministerios de Economía y Finanzas (MEF) y de Salud (Minsa) informaron a El Comercio que tienen previsto tomar acciones para evitar casos similares en nuestro país.  El mercado de cigarrillos electrónicos en el Perú no está regulado. Este tipo de cigarrillos no paga Impuesto Selectivo al Consumo (ISC) como lo hacen los cigarrillos comunes o los productos calentados de tabaco.  Al respecto, el MEF planea presentar un proyecto de ley para gravar los cigarrillos electrónicos. Para ello, se ha reunido con entidades como la Organización Panamericana de la Salud y la American Cancer Society. Los precios de estos cigarrillos varían entre S/80 y S/400, según el modelo o si se adquiere un kit de inicio o un kit intermedio, por ejemplo. Se puede comprar, además, la nicotina líquida de diversos sabores o una gran variedad de accesorios.  “Este proyecto se estaría presentando en los próximos meses”, detalló el MEF a este Diario.  Alejandro Saco, director de Promoción de la Salud del Minsa, explicó que existe un principio de ‘precautoriedad’ establecido en el Tratado Marco Internacional sobre Tabaco – ratificado por el Perú –, el cual señala que los países deben tener todas las medidas necesarias para evitar los daños que produce el consumo de los cigarrillos electrónicos.  Por ello, el Minsa elabora una propuesta que buscará, en principio, la prohibición total del ingreso de estos productos.","elcomercio","18/09/2019"
"Muertes y pobreza","En medio de las pugnas entre iranes y saudes, el pueblo yemen es el que sigue pagando las consecuencias. La ONU ya ha dicho que la guerra civil en Yemen es el peor desastre humanitario actual, con casi 400 mil niños menores de 5 años en estado de malnutrición, además de 2,2 millones de desplazados y más de 22 millones de personas –de los 28 millones que viven el país– con necesidad urgente de ayuda.  Las cifras de muertos en estos más de cuatro años de guerra aún no son conclusivas, pero estudios independientes señalan que 91.600 personas han muerto a razón del conflicto, según el informe realizado por la ONG estadounidense ACLED, especializada en conflictos armados. Esto además de las denuncias de violaciones de los derechos humanos que ya califican como crímenes de guerra.","elcomercio","18/09/2019"
"España tendrá nuevas elecciones debido al fracaso de los diálogos","Los comicios del 10 de noviembre serán el cuarto proceso electoral en 4 años. España se encamina a unas nuevas elecciones, las cuartas en cuatro años, después de que el jefe de Gobierno saliente, el socialista Pedro Sánchez, no consiguiera los apoyos necesarios para mantenerse en el poder.  El país se ve abocado a una repetición electoral el 10 de noviembre, reconoci Sánchez luego de una infructuosa ronda de consultas del rey Felipe VI con los diferentes representantes políticos. Ha sido imposible cumplir con el mandato electoral de los españoles del 28 de abril. Lo intenté por todos los medios, pero nos lo hicieron imposible, reconoci un apesadumbrado Sánchez.  Dos fuerzas políticas conservadoras y una fuerza de izquierdas han preferido bloquear la formación del gobierno que las urnas reclamaron. Les pediremos a los españoles que lo digan aún más claro el próximo 10 de noviembre, añadió queriendo mostrar optimismo.  - Presidente sin alianzas - En el poder desde junio del 2018, el líder del Partido Socialista Obrero Español (PSOE) gan los comicios de abril, pero necesitaba alianzas en el Congreso, donde su partido solo obtuvo 123 diputados de 350, muy lejos de la mayoría absoluta (176).  No hay un candidato con los apoyos necesarios para que el Congreso de los Diputados le otorgue su confianza, señaló la Casa Real.  Es por ello que Felipe VI no formula una propuesta de candidato a la Presidencia del Gobierno, añadió.  El bloqueo llevó a la disolución del Parlamento el 23 de septiembre.  Los líderes de los cuatro principales EL QUIEBRE DEL 2015  Hasta el 2015 el escenario político español estaba dominado por la alternancia entre el PSOE y el conservador PP. El bipartidismo se vio sacudido por la irrupción de la izquierda radical de Podemos y el centro-liberal Ciudadanos en aquel año.  Por los resultados de abril, Sánchez era el único candidato con opciones de éxito, aunque en julio perdió dos votaciones en el Congreso para su investidura al no conseguir cerrar un pacto de coalición con Podemos.","elcomercio","18/09/2019"
"Bachelet niega que haya recibido fondos de OAS","Extitular de empresa brasileña dijo que aportó a campaña de expresidenta chilena. Michelle Bachelet, actual jefa de derechos humanos de la ONU, negó que haya recibido dinero de la constructora OAS para su campaña presidencial en Chile en el 2013 como declaró un empresario brasileño investigado en el escándalo Lava Jato. En ese entonces, el monto equivalía a US$150.000.  Según reportes de prensa, el expresidente de OAS Leo Pinheiro dijo a los fiscales como parte de un acuerdo de declaración compensada que su firma dio los fondos a la campaña de Bachelet a sugerencia del exmandatario brasileño Lula da Silva, quien cumple una condena de 12 años de prisión.  Mi verdad es la misma de siempre, yo no he tenido nunca vínculos con OAS ni con ninguna otra empresa, dijo ayer a la cadena chilena TVN Bachelet, quien gobern Chile entre el 2006 y el 2010 y nuevamente entre el 2014 y el 2018.  Cristiano Zanin Martins, abogado de Lula, dijo a la agencia Reuters que su cliente no recomend esos pagos y que las nuevas acusaciones son parte de una estrategia de persecución política de la fiscalía contra el exgobernante.  El lunes, el diario Folha de São Paulo publicó que OAS pagó dinero a la campaña de Bachelet para asegurarse de continuar involucrada en un contrato para construir un puente en el sur de Chile.  El fiscal general chileno, Jorge Abbott, dijo que esperará la confirmación formal de los reclamos de Pinheiro antes de tomar cualquier medida. Confirmó que el empresario había declinado cooperar con los fiscales chilenos.","elcomercio","18/09/2019"
"Chavismo libera al vicepresidente del Parlamento","El vicepresidente del Parlamento venezolano, Edgar Zambrano, fue excarcelado ayer en cumplimiento de un acuerdo entre el régimen de Nicolás Maduro y un sector de la oposición.  Empieza el proceso de liberación de presos políticos, celebramos la del colega diputado Edgar Zambrano, tuiteó el legislador Timoteo Zambrano.  Zambrano, junto a otros nueve diputados de la opositora Asamblea Nacional, fue acusado de participar en el fallido levantamiento militar del 30 de abril liderado por el mandatario interino Juan Guaidó y estaba en prisión desde mayo.  Anteayer, el chavismo y un grupo de partidos opositores minoritarios presentaron una mesa de diálogo que contempla la renovación de autoridades electorales y la liberación de presos políticos.","elcomercio","18/09/2019"
"Memorias peligrosas","EE.UU. demandó ayer a Edward Snowden por haber publicado su libro de memorias sin someterlo a una revisión de las agencias de inteligencia estadounidenses para las que trabaj, un paso con el que busca confiscar todos los ingresos procedentes de la venta de la obra.","elcomercio","18/09/2019"
"Lamentable impunidad","De los 300 defensores de la Amazona brasileña asesinados en la última década, solo 14 casos acabaron ante un tribunal, revel Human Rights Watch en el informe Las mafias del bosque tropical, difundido ayer, solo una semana después del último crimen.","elcomercio","18/09/2019"
"Salidas vigiladas","Iaki Urdangarin, esposo de una de las hermanas del rey Felipe VI y en prisión por un caso de corrupción, podrá salir de la cárcel dos días a la semana para llevar a cabo una labor de voluntariado, según le permitió un juzgado de vigilancia penitenciaria.","elcomercio","18/09/2019"
"Descubrimiento","Una nueva salamandra es el anfibio más grande del mundo. Un grupo de científicos de la Sociedad Zoológica de Londres (ZSL), usando el ADN de 17 especímenes preservados en museos, identificó una nueva especie de salamandra gigante china como el anfibio más grande del mundo, según la revista Nature Ecology and Evolution.","elcomercio","18/09/2019"
"Investigación","Hallan partículas de carbono negro en embarazadas. Científicos belgas encontraron partículas de carbono negro en el lado fetal de la placenta de mujeres que estuvieron expuestas a la contaminación del aire durante el embarazo. No saben si las partículas pueden llegar hasta el feto. El estudio se publicó en Nature Communications.","elcomercio","18/09/2019"
"Ahora en Portugal","Retiran productos vacunos de menú en otra universidad. Los comedores de la Universidad de Coimbra van a eliminar del menú todo rastro de carne de vaca por su elevada contribución al cambio climático, una catástrofe ambiental anunciada que el centro se prepara para combatir. La medida impactará a más de 23.000 estudiantes.","elcomercio","18/09/2019"
"Entrevista ALDO BARTRA","Necesitamos que la ciencia sea mucho más popular  El popular youtuber de ciencias presenta un libro para no caer en la trampa de las noticias falsas.  Bruno Ortiz Bisso  La divulgación de la ciencia sigue siendo muy importante para el comunicador y divulgador científico Aldo Bartra. Durante su estancia en la lejana Nueva Zelanda, creó varios canales de YouTube, entre ellos El Robot de Platón, que ya cuenta con más de 1,6 millones de suscriptores. Bartra regres al país con su primer libro La guía del internauta, que fue presentado con mucho éxito en la pasada edición de la Feria Internacional del Libro de Lima. Antes de partir a buscar nuevos horizontes, conversó con El Comercio sobre la importancia de la tecnología para desmontar la gran cantidad de noticias falsas y desinformación a la que estamos expuestos todos los días.  — ¿Cómo nace la idea de escribir este libro? Antes de comenzar con mi canal de YouTube, me gusta mucho informarme sobre ciencia. Cuando llegué a Nueva Zelanda, que era donde vivía, tuve que dejar todas mis revistas, así que mi atención sobre el contenido de ciencias se dirigió a los videos de YouTube. Entonces, descubrí que mucha gente usaba ese formato para hacer divulgación de manera muy amena, no como lo que solemos ver en muchos documentales. Pero cuando buscaba contenido en español, no había. En nuestro idioma solo encontraba canales de conspiraciones y de misterio, que lo que menos hacen es informar. Veía que distribuían información falsa y no había quien los desmintiera. Así que me metí a YouTube a dar la parte rigurosa de la información. Empecé a hacer videos y la gente empezó a confiar en mí. Entonces, cuando salía algún video de conspiración nuevo o algún canal grande exageraba para asustar a la audiencia, recibía muchas preguntas sobre si esa información era verdadera. Me ocurrió hacer el video La guía del internauta: qué no creer en la red, y ahí dirijo a todos los que tengan dudas, porque no puedo hacer videos desmintiendo todas las noticias falsas, ya que no me alcanzaría la vida. Pero sí desmiento alguna información puntual, sobre todo si es muy importante. Pero como las preguntas continuaban, decidí escribir el libro.  — ¿Qué hallaremos en él? Es lo que digo en el video que te menciono, pero de una manera más detallada, más extendida, con más ejemplos. All explico que el tema de la verificación de fuentes –si son confiables o no– no es el único primordial. Muchas de las noticias que veía en Nueva Zelanda eran reales, pero estaban mal interpretadas. Eso genera desconfianza y con este libro busco que la gente confíe en la ciencia y que entienda cuál es el trabajo de la ciencia.  — El libro está escrito como si fuera un capítulo ampliado de tu canal, además tiene varios elementos interactivos y un diseño muy atractivo... El objetivo es atraer a la mayor cantidad de gente. Hoy todos quieren hablar de ciencia, pero no todos manejan de forma adecuada esa información. Por ejemplo, sale una noticia sobre un gran descubrimiento, pero al día siguiente se desmiente. Entonces, la gente dice: la ciencia no sabe nada porque se contradice siempre. Esos malos entendidos son lo que quiero aclarar en esta obra.  — También mencionas mucho la importancia del pensamiento crítico y conocer el método científico... Son cuestiones básicas, sobre todo el pensamiento crítico. Este debería estar instaurado en los colegios. Pero si no se puede convertir en una materia, por lo menos los maestros deberían incentivarlo. ¿Cómo? Por ejemplo, poniendo al final de la clase uno de estos videos de conspiraciones o de misterio, para que los escolares analicen bien los hechos de la manera más objetiva. Hoy, cuando analizamos algo, tendemos a decir lo primero que nos llega a la cabeza. Por eso hay tanto terraplanista: encuentran fenómenos que no entienden y lo explican con su lógica, basados en la ignorancia. Esa lógica los lleva por unas respuestas que no son comprobables, pero si estas personas las creen es porque las entienden. Es bastante complejo tener un pensamiento crítico, porque estamos en una sociedad que no lo fomenta. Estamos siendo bombardeados con mucha información que nadie nos enseña a manejar, expuestos a ella a todo momento y por eso hay tanta gente creyéndose cualquier cosa.","elcomercio","18/09/2019"
"Inesperado... El volante de Cristal Carlos Lobatón confiesa en una entrevista a radio Ovación que la salida del técnico Claudio Vivas los tomó por sorpresa.","Le deseo todo lo mejor a él y a su cuerpo técnico, coment.","elcomercio","18/09/2019"
"Esta noche podría ser la más importante para Internacional de Porto Alegre en la temporada 2019.","El club necesita una victoria por más de dos goles de diferencia ante Atlético Paranaense, para llevarse el título de la Copa Brasil. Paolo Guerrero será titular en la definición de este torneo (7:30 p.m.), que premia con casi 15 millones de dólares al ganador.  El 9 peruano solo necesita un tanto más para coronarse como goleador de la competencia y, así, ser el primer extranjero que se impone de manera solitaria en la tabla de anotadores de la Copa Brasil.  Para Paolo siempre hay una oportunidad de hacer más historia.","elcomercio","18/09/2019"
"Fino... Andrés Carrillo marc un gol y dio una asistencia en la victoria 3-1 del Al Hilal sobre el Al Ittihad.","El elenco de la ‘Culebra’ clasificó de esta manera a las semifinales de la Champions League asiática.","elcomercio","18/09/2019"
"Roger Federer realizará una gira por Sudamérica en noviembre.","El tenista estará en Chile, Argentina y Colombia. Vuelve luego de siete años.  El rumor surgió hace unos meses, pero ayer el propio Roger Federer lo hizo oficial desde Ginebra, donde se prepara para competir en la Laver Cup (desde este viernes): volver a Sudamérica en una gira que incluye a Chile, Argentina y Colombia, además de México.  El tenista suizo, considerado por muchos el mejor de la historia, regresará al sur del continente americano después de siete años. En el 2012, hizo algo similar en Argentina, Colombia y Brasil. An no hay fecha exacta, pero se prevé que sea para la semana siguiente del Masters de Londres, que termina el 17 de noviembre. Por lo pronto, el número 3 del mundo no dudó en elogiar al hincha sudamericano. All conocí a uno de los públicos más increíbles. Por eso me gustaría experimentarlo de nuevo, señal.  Además, Federer confirmó que tendrá un mano a mano con el argentino Juan Martín del Potro en Buenos Aires el 20 de noviembre, a quien lo catalogó de leyenda.  El tandilense devolvió el saludo y validó lo dicho por el suizo: Voy a volver a jugar en Argentina y con uno de los mejores tenistas de la historia, mi amigo Roger.  Como se recuerda, ambos se enfrentaron en la final del US Open del 2009, que terminó con victoria del argentino luego de un largo partido de cinco sets. Ahora volverán a vivir la experiencia, pero en una gran exhibición.","elcomercio","18/09/2019"
"Tensión en el Golfo Pérsico","Estados Unidos, Irán y Arabia Saudí  Andrew J. Bacevich  Historiador  En 1987, un avión de combate iraquí atacó una fragata de la Marina estadounidense, la Stark, que patrullaba en el Golfo Pérsico. Al aceptar la explicación de Saddam Hussein de que el ataque, que mató a 37 marineros, había sido un accidente, los funcionarios estadounidenses utilizaron de inmediato el episodio, que llegó en el apogeo de la guerra Irán-Irak, para aumentar la presión sobre Teherán. El incidente impulsó lo que se convirtió en una breve guerra naval entre Estados Unidos e Irán.  La semana pasada, alguien atacó dos refinerías de petróleo en Arabia Saudí. Las autoridades estadounidenses se han apurado a culpar a Irán y la posibilidad de una confrontación violenta entre los dos países está creciendo nuevamente. Antes de tomar una decisión sobre si apretar el gatillo, el presidente Donald Trump haría bien en reflexionar sobre el episodio de 1987 y su legado.  En aquel entonces, Estados Unidos se había involucrado en la muy sangrienta y aparentemente interminable guerra Irán-Irak, que Hussein había instigado en 1980 al invadir Irán. A medida que la guerra se convirtió en un brutal punto muerto, el entonces presidente Ronald Reagan y sus asesores se convencieron de que ayudar a Irak era de interés para los Estados Unidos. Irán era el enemigo, por lo que Irak se convirtió en el amigo de Estados Unidos.  Después del episodio del Stark, las fuerzas navales estadounidenses e iraníes en el golfo comenzaron a competir en una pugna desigual que culminó en abril de 1988 con la destrucción virtual de la armada iraní.  Sin embargo, Estados Unidos obtuvo poco de esta victoria. El principal beneficiario fue Hussein, quien no perdi tiempo en pagarle a Washington invadiendo y anexando Kuwait poco después de que su guerra con Irán se detuviera. Así, el amigo de Estados Unidos se convirtió en el enemigo.  Salman en cortejar al presidente Trump y a los miembros de su familia.  La convicción, aparentemente generalizada en los círculos políticos estadounidenses, de que en el Golfo Pérsico (y en otros lugares) Estados Unidos está obligado a tomar partido ha sido una fuente de conductas cuestionables. Sin duda, la creciente rivalidad entre Arabia Saudí e Irán plantea el peligro de desestabilizar aún más el golfo. Pero Estados Unidos no tiene la obligación de suscribir la locura de un lado u otro.  Apoyar a Irak en su guerra temeraria con Irán en la década de 1980 demostró ser estratégicamente miope. Producido muchos más problemas de los que resolvió, y puso en marcha una serie de guerras costosas que han producido beneficios insignificantes. Apoyar hoy a Arabia Saudí en su guerra equivocada en Yemen no es menos miope.  El poder concede elección, y Estados Unidos debería ejercerlo. Podemos comenzar a hacerlo reconociendo que la locura de Arabia Saudí no tiene por qué ser problema suyo.  –Glosado, traducido y editado– The New York Times  Desde entonces, una serie de administraciones han consentido la fantasía de que la aplicación directa o indirecta del poder militar puede restaurar de alguna manera la estabilidad del golfo.  De hecho, solo ha ocurrido lo contrario. La inestabilidad se ha vuelto crónica, con la relación entre la política militar y los intereses estadounidenses reales en la región siendo cada vez más difíciles de discernir.  En el 2019, esta tendencia bien establecida para la intervención armada hace que Estados Unidos se vea nuevamente envuelto en un conflicto de poder, esta vez en una guerra civil que viene devastando Yemen desde el 2015. Arabia Saudí apoya a uno de los dos lados de este conflicto sangriento e interminable, mientras que Irán hace lo propio con el otro.  Bajo el mando de Barack Obama y ahora el presidente Trump, Estados Unidos se unió a Arabia Saudí, brindando un apoyo comparable al que la Administración Reagan le dio a Sadam Husein en la década de 1980. Pero las fuerzas sauditas asistidas por los estadounidenses no han mostrado más competencia hoy que las fuerzas iraquíes asistidas por los estadounidenses en aquel entonces. Así, la guerra en Yemen se prolonga.  Los intereses estadounidenses concretos en este conflicto, que ya ha cobrado unas 70.000 vidas y que enfrenta a otras 18 millones ante la posibilidad de morir de hambre, son insignificantes. Una vez más, como en la década de 1980, la demonización de Irán ha contribuido a una política desacertada.  No estoy sugiriendo que Washington apoya al bando equivocado en Yemen. Lo que sugiero es que ninguna de las partes merece apoyo. Irán bien podría calificar como el enemigo de Estados Unidos. Pero Arabia Saudí no es un amigo, independientemente de cuántos miles de millones gaste comprando armamento fabricado en Estados Unidos y cuanto esfuerzo invierte el príncipe heredero Mohammed bin Salman en cortejar al presidente Trump y a los miembros de su familia.  Estados Unidos no tiene la obligación de suscribir la locura de un lado u otro.","elcomercio","18/09/2019"
"A propósito de la serie Unbelievable","Violaciones inconcebibles  Daniela Meneses  Periodista y abogada  En el 2008, Marie Adler, entonces de 18 años, fue violada por un hombre que entró a su casa en la madrugada. En los días siguientes, los policías y las personas más cercanas a ella comenzaron a sospechar que Marie había inventado la historia. Presionada, la joven terminó retirando su denuncia y fue acusada por hacer una falsa declaración. En el 2011, dos detectives mujeres le seguían el rastro a un hombre que violaba a sus víctimas de una manera muy similar a la denunciada por Marie. La historia puede verse hoy en la recién estrenada serie Inconcebible (Unbelievable) y leerse en el libro de no ficción A False Report, escrito por los periodistas T. Christian Miller y Ken Armstrong.  Tanto la serie como el libro atacan una terrible idea que sigue estando presente, de forma consciente o no, en la mente de demasiadas personas: que hay maneras correctas de reaccionar frente a una violación sexual; una especie de checklist que las víctimas tienen que cumplir para poder calificarse como tales. Y una manera en la que se ataca esta concepción es permitiéndonos ver de cerca cómo dos personas que querían mucho a Marie, y que habían servido en distintos momentos como sus madres de acogida, caen precisamente en este error. Es, de hecho, una de ellas, Peggy, quien desencadena los eventos que se ven en la serie cuando le cuenta a la policía que no tenía un buen presentimiento sobre la veracidad de la acusación.  Para Peggy, relatan Armstrong y Miller en el libro, la voz de Marie al contarle por teléfono que había sido violada no parecía sincera, su posterior recuento de los hechos fue emocionalmente desapegado, y algunos detalles eran poco creíbles. Según Shannon, la otra madre de acogida, Marie le contó que había sido violada con un tono sin emoción, como si me contara que estaba preparándose un sandwich. Tampoco podía entender que Marie quisiera comprar sábanas idénticas a las que la policía se había llevado. Para Peggy y Shannon tampoco tenía sentido que Marie contara su violación a muchas personas, y no la tratara como algo privado.  En contraposición a este escrutinio de las acciones de Marie, aparecen los detectives encargados de los delitos relacionados. El caso de Doris –quien reportó su violación de una forma bastante seca y directa– fue investigado por un detective que había aprendido gracias a su trabajo en la unidad de crímenes sexuales que no existía una forma correcta en la que las víctimas respondieran. Otra detective no ve importancia en que, otra de las víctimas, Amber, llamara a su novio antes que a la policía. La detective sabía que [las mujeres que habían sido violadas] podían reaccionar al crimen de todas las maneras posibles. Podían estar histéricas. O introvertidas. Podían decírselo a un amigo, o a nadie. Podían llamar a la policía inmediatamente, o podrían esperar una semana. Un mes. O incluso años.  Entender la diversidad de las reacciones de las víctimas no solo es importante durante el proceso policial y judicial, sino también para el proceso interno de estas. En Violación: De Lucrecia a #MeToo, la periodista alemana Mithu Sanyal critica la idea de que para las víctimas de violación solo habría un modo de actuar aceptable: el colapso total. Sanyal no quiere decir que esa no sea una reacción válida, sino que no es la única aceptable. Y que debemos dejar de imponérnosla a las víctimas: Quizás ya no esperemos que las víctimas [...] lloren y pasen el resto de su vida en conventos, pero todavía tienen que probar con todo su ser que lo que les ha pasado fue una violación y no un crimen menos grave. Sanyal ha visto de cerca la importancia de no imponer sentimientos a las personas: en una de sus charlas, una mujer le dijo que por mucho tiempo ella misma dudó que hubiera sido violada, no porque no pasara, sino porque no creía mostrar los síntomas adecuados.  Realmente vale la pena ver la serie y leer el libro. Y vale la pena hacerlo tratando de reconocer también en qué errores caemos nosotros. Por ejemplo, como Peggy y Shannon, yo también me sentí extrañada al ver la aparente facilidad con la que Marie contaba su violación a un grupo de chicos. Ahora, sin embargo, entiendo que mi mirada partía de ideas equivocadas. Y también por qué, para Marie, era tan importante contar su historia. La respuesta está en el libro.","elcomercio","18/09/2019"
"Mircoles 18 de setiembre del 2019","Estudiantes toman campus de San Marcos y se enfrentan a policas  Un grupo de alumnos estn en contra de ceder terreno de la casa de estudios  para culminar el proyecto vial iniciado en la gestin de Luis Castaeda.  JuaN PoNce  Hasta el cierre de esta edicin, un buen grupo de estudiantes permanecan atrincherados dentro de la universidad.  DaniEl BEDoya  Un grupo de estudiantes tom anoche el campus de la  Universidad Nacional Mayor de San Marcos (UNM-SM). La medida extrema se enmarca en las protestas  contra la culminacin de un ‘by-pass’ en la interseccin de  alas avenidas Universitaria y Venezuela. Este proyecto vial  hara perder una porcin de terreno a la casa de estudios. Desde casi las 7 p.m., los estudiantes encadenaron  las puertas y se atrincheraron tras pancartas, maderas, carpetas y diferentes objetos que fueron apilando para bloquear el acceso. Los alumnos que permanecan en el campus y que no participaban en las protestas se fueron retirando en orden.  A las 8:45 p.m., un grupo de estudiantes se mobiliz por las calles aledaas a la universidad. Ellos eran vigilados por un contingente policial. Sin embargo, la marcha dej de ser pacifica cuando un grupo de universitarios empez a arrojar piedras y objetos a los custodios, quienes respondieron con gases lacrimogenos.  Una fuente de esta casa de estudios señal a El Comercio que se trata de la primera toma de la universidad en lo que va del ao.  En un comunicado, la universidad calific anoche de inexplicable la toma del campus. Adems, pidi a los alumnos que entreguen las instalaciones sin violencia.  La semana pasada tambin hubo protestas y enfrentamientos en la universidad.  La calma se instaur el fin de semana, durante el examen de admisin, y las clases se reanudaron el lunes. Pero la paz se volvi a romper anoche.  –Sobre el dilogo—  Los estudiantes tambin acusaron al rector de San Marcos, Orestes Cachay, de no querer dialogar con ellos. En un comunicado, la Federacin Universitaria de San Marcos (FUSM) indic que la autoridad los haba convocado a una cita para ayer a las 2 p.m. Sin embargo, esta reunion no se llev a cabo.  Aadieron que el ltimo lunes, el rectorado convoc al Consejo Universitario y, sin representacin estudiantil, supuestamente se ha impuesto, a punta de votos y correlacin, el acuerdo de vender sin ms el terreno de San Marcos. Cmo se dialoga con los estudiantes cuando el rector sigue tomando decisiones arbitrariamente?, seal el colectivo estudiantil en su cuenta de Facebook.  Este conflicto estall en el 2008, durante la protesta de estudiantes contra la obra vial que desde ese entonces mantiene a esta casa de estudios sin muro perimetrico. La Polica Nacional uso la fuerza para recuperar el orden, un escenario que se ha repetido hasta el da de hoy.  El diseno original, planteados durante la segunda gestion de Luis Castaeda en la Municipalidad de Lima, inclua la construccin de una oreja vial que reduca parte del terreno de la universidad. Este proyecto qued paralizado.  En agosto de este ao, el rector indic que San Marcos recibio el pedido de la gestion del alcalde Jorge Muoz de ya no ceder 28.000 m2 de su terreno, sino 9.500 m2. Si llegamos a un acuerdo con el alcalde, le quedara la labor de hacer la convocatoria de la obra, que est valorizada en S/6 millones y que seria ejecutada por la municipalidad, sostuvo el rector. Esto ya no implica la construccin de la criticada oreja vial.","elcomercio","18/09/2019"
"ReSpueStaS","Fuentes del rectorado de la UNMSM indicaron anoche que Orestes Cachay ofreceria hoy una conferencia de prensa en la casa del Cercado de Lima.  El ministro del Interior, Carlos Morn, dijo ayer en el Congreso de la Republica que la Polica Nacional ha cumplido su deber sin cometer abusos durante las manifestaciones en San Marcos. Desde el interior de la universidad han lanzado pirotcnicos, dijo.  Yo tuve una  reunin con el  rector orestes  cachay, ahora lo  que vamos a tener  son reuniones con  los estudiantes  para poder buscar  soluciones. Jorge Muoz Wells Alcalde de Lima  [declaraciones de la  semana pasada].  Definitivamente,  lo ocurrido en San  Marcos es una  vergenza. Un ‘by- pass’ no puede ser  ms importante  que la educacin  pblica del pas. Federacin de  Estudiantes de la  Pontificia Universidad  Catlica (Fepuc)","elcomercio","18/09/2019"
"Detienen en Tumbes a otro sospechoso de crmenes en SMP","Sujeto de  nacionalidad  venezolana buscaba  fugar hacia Ecuador.  Agentes de la Polica Nacional detuvieron en Tumbes a Abraham Alberto Perozo Borjas (28), de nacionalidad venezolana, quien presumiblemente estara implicado en el asesinato y descuartizamiento de su compatriota Rubn Matamoros Delgado (24) y del peruano Jafet Torrico Jara (22), en San Martn de Porres.  El sujeto fue intervenido  en el distrito de Aguas Verdes  (Tumbes) cuando buscaba salir del pas por la frontera con Ecuador. Segn la polica, iba en un automvil hacia Huaquillas (Ecuador).  El detenido fue trasladado  a la comisara de Aguas Verdes, donde se procedi a su identificacion. Luego lo llevaron al complejo policial Teniente Jorge Taype Tarazona, en la ciudad de Tumbes. Perozo Borjas es el tercer ciudadano venezolano detenido por el horrendo crimen cometido el domingo 8 de setiembre en Lima norte. Los otros son Alexander Salazar Y Vernica Andreina Montoya Araujo, presuntamente implicada en una mafia de prostitucion clandestina. A esta joven se le dict prision preventiva con fines de extradicion a su pas por otro caso de homicidio.  Montoya registraba una  orden de captura internacional solicitada por su pas, por el presunto asesinato de una mujer.  Por el momento, la polica sospecha que los asesinatos en Lima norte guardan relacion con pugnas entre mafias de meretricio ilegal o narcotrfico.","elcomercio","18/09/2019"
"Elidio Espinoza: Es una sentencia aberrante","Exalcalde de Trujillo rechaz condena por secuestro y homicidio. Abogados buscarn que se ratifique absolucin dictada en el 2016.  johnny AurAzo  Visiblemente molesto, el coronel PNP (en retiro) Elidio Espinoza Quispe se present ayer en Trujillo ante los medios de comunicacion y critic duro la sentencia a 30 aos de prisin suspendida que le fue impuesta.  Es una sentencia totalmen- te aberrante. No la aceptamos fue lo primero que dijo el tambin exalcalde de Trujillo.  Nos sentimos indignados, vejados y maltratados, por lo que recurriremos a las instancias nacionales e internacionales que correspondan. La institucin policial se ve humillada por sentencias como esta, coment.  El lunes, Espinoza Quispe y otros siete policas fueron sentenciados por los delitos de secuestro agravado y homicidio calificado en agravo de cuatro presuntos delincuentes.  De acuerdo con la Primera Sala Penal de Apelaciones de La Libertad, estos fueron ejecutados extrajudicialmente la noche del sbado 27 de octubre del 2007.  No compartimos tal sentencia. La justicia es objetiva, no subjetiva, y ah estn las pruebas, y las evidencias que dicen que si hubo enfrentamiento. No nos sentimos ni secuestradores ni homicidas, o es que ustedes –por los periodistas– creen que estn hablando con un secuestrador y homicida? Los homicidas y los secuestradores se esconden. Mis otros colegas y yo damos la cara, dijo el oficial en retiro.  –Anuncian medidas–  Espinoza Quispe estuvo acompaado por su hijo Carlos –quien horas antes dijo que su padre puso el pecho por la ciudad cuando fue jefe policial– y los dos abogados de los otros siete policas sentenciados.  Andr Garcia Leon, uno de los abogados, indic que en los prximos das presentarn un recurso de casacin con la finalidad de anular la sentencia y confirmar el fallo que, en octubre del 2016, absolvi a los condenados por tercera vez desde el 2008, ao en que se abri el caso.  Tenemos un plazo de diez das hbiles a partir de la notificacin de la sentencia para presentar el recurso de casacin. Esto permitir que la Sala Penal Suprema de Lima determine que la sentencia dada en Trujillo vulner la garantia de presuncion de inocencia, pues el razonamiento del colegiado ha sido subjetivo para una sentencia condenatoria. Lo que queremos es que la sentencia dictada en octubre del 2016, en Trujillo, sea confirmada por la Corte Suprema, explic Garcia.  Ayer, un da despus de la lectura de sentencia, Elidio Espinoza se present ante la prensa de Trujillo.","elcomercio","18/09/2019"
"An deben definir plazo para la demolicin de hotel en Cusco","Fecha para derribar  edificio del Sheraton  se conocer en al  menos 15 das.  La Comisin de Juristas de Cusco y la Direccin Desconcentrada de Cultura (DDC) de la region estn a la espera de que el Poder Judicial establezca el plazo para la demolicin del hotel Sheraton, ubicado en la cuadra 6 de la calle Saphy, en Cusco.  La citada comisin entabl en enero del 2016 un proceso de amparo para exigir la demolicin del inmueble de 10 pisos y la restitucin de cinco filas de andenes prehispanicos que resultaron seriamente afectados durante su construccin. El juez dirimente Wilber Bustamante vot decisivamente a favor de esta medida el ltimo viernes.  Asimismo, este lunes, da en que las partes fueron notificadas sobre el fallo, empes a correr el plazo de 10 das hbiles para que la Comisin de Juristas de Cusco entable algun recurso de agravio constitucional respecto a dos solicitudes que no fueron admitidas.  Consultada por El Comercio, Tika Luizar, representante de dicha asociacin, dijo que acordaron no apelar el fallo, ya que el pedido principal, de demolicin del hotel, fue aprobado.  10 das hbiles se han dispuesto  para que la Comisin de  Juristas de Cusco presente  algun recurso de agravio  constitucional.","elcomercio","18/09/2019"
"Ubicar al imputado dentro de la organización","Según Carrin, antes solo se tenía como requisito la mera alegación de que el imputado perteneciera a una organización criminal para fortalecer el pedido de prisión preventiva, pero ahora, la Corte Suprema ordena que se debe ser específico.  Se debe ver el caso concreto o las dificultades que se presentan en la investigación, es lo determinante para fijar el plazo, Csar San Martín, Juez supremo.  Le han elevado la valla a la fiscalía [...] ahora debe probar qué conducta ha desplegado esta persona dentro de la organización, Andy Carrin, Abogado Penalista.","elcomercio","18/09/2019"
"Obstaculización probada","Para considerar que existe obstaculización, el Poder Judicial señala que el imputado debe tener una auténtica capacidad para acceder por sí o a través de terceros a las fuentes de investigación o de prueba o para influir sobre otros imputados o testigos.  Al respecto, Carrin sostuvo que ahora se debe probar que dichos elementos perturbadores deben ser desplegados directamente por la persona a imponer la prisión preventiva.  Record, por ejemplo, que en el caso de Keiko Fujimori se le atribuye un peligro o perturbación probatoria por ser la líderesa de un partido político. Pero lo que ahora indica la Corte Suprema es que el peligro debe ser concreto y fundado. Esto implica que se tiene que establecer la conexión real [del imputado] con los terceros que puedan influir u obstruir en la investigación.","elcomercio","18/09/2019"
"Plazos máximos","El Poder Judicial hace una atención sobre el plazo máximo de 36 meses de prisión preventiva –cuestionado por la Comisión Interamericana de Derechos Humanos– indicando que debe analizarse en cada caso concreto, tener en cuenta su complejidad, comportamiento de las personas con los hechos imputados y las vinculaciones de los imputados entre sí y que podrían poner en riesgo las fuentes de prueba.  Cuando se trata de plazos máximos –en especial de 36 meses– han de merecer una justificación especial y revisión continua, periódica y precisa, se indica.","elcomercio","18/09/2019"
"Juez rechaza imponer medidas restrictivas a Molinelli","Exviceministra afrontará proceso por Chinchero con comparecencia simple.  El juez unipersonal para casos de corrupción de funcionarios Manuel Chuyo rechazó el pedido de la fiscalía para imponer una medida de comparecencia restringida a la exviceministra de Transportes Fiorella Molinelli y otros investigados por presuntas irregularidades en la adenda del contrato del aeropuerto internacional de Chinchero (Cusco).  La fiscal anticorrupción Zoila Suárez Chirinos había solicitado comparecencia restringida para la actual presidenta de EsSalud y otros funcionarios que participaron en la suscripción de la adenda 1 con el consorcio Kuntur Wasi, que ganó la licitación del proyecto.  El pedido consistía en que los investigados no pudieran ausentarse de la localidad en que residan, pagaran una caución de S/100 mil para asegurar su presencia en la investigación, entre otras medidas.  La investigación se vincula a un presunto delito de colusión agravada.  Sin embargo, tras analizar los argumentos fiscales y los de los abogados de los investigados, el juez Chuyo consideró que no había elementos para afirmar que podría existir peligro de fuga de alguno de los imputados en este proceso u otro.  Los investigados han proporcionado información sobre la carencia de antecedentes penales, investigaciones archivadas; el Ministerio Público no calificó la información proporcionada por las defensas técnicas, dijo.  Sobre el peligro de obstaculización, el juez remarcó que no hay análisis que permita afirmar la existencia de este presupuesto.  Camilo Clavijo, abogado de Molinelli, sostuvo que no existe ningún peligro de obstaculización. No hay ningún tipo de obstrucción que ella [Molinelli] pueda hacer a la investigación. Toda la documentación, de hecho, está en las manos del Ministerio Público, advirtió.  Afirmó que su patrocinada afrontará la investigación con comparecencia simple. Aquí nunca hubo un acto de entorpecer a la justicia y vamos a continuar en esta misma situación, comentó el abogado.","elcomercio","18/09/2019"
"Encuesta El Comercio - Ipsos","El plan pico y placa orientado a autos particulares cumplirá este domingo dos meses de aplicación. En este tiempo la Municipalidad de Lima (MML) registró, a través del Servicio de Administración Tributaria de Lima (SAT), más de 54 mil papeletas y, a decir de la entidad, ha logrado reducir el tráfico. Pero cómo ven los limeños la aplicación de este plan?  La reciente encuesta de El Comercio-Ipsos, aplicada entre el 11 y 13 de septiembre, señala que el 81% de limeños ha escuchado hablar de la medida de ordenamiento vehicular. De este grupo, el 56% aprueba la implementación del plan. Sin embargo, la aprobación de la medida de ordenamiento alcanza distintas cifras según el nivel socioeconómico. Su pico más alto lo logra en el nivel B, con 64% de aprobación, y el más bajo, 21%, en el nivel E.  Gustavo Guerra García, expresidente de Pro Transporte, opina que la aprobación al plan es alta, pues beneficia a la mayoría. Las avenidas en donde se ha implementado son utilizadas por más personas que las vías alternas que se sobrecargan. Las ganancias de tiempo, tanto, benefician a más personas que las que se perjudican. El pico y placa de Lima, además, por ser una intervención quirúrgica no generará el efecto de inducir a la compra de un segundo vehículo, indica.  El alcalde de Lima, Jorge Muñoz, considera que el respaldo de la población es una muestra más de que el plan está dando resultados. El plan continuará, es una de varias medidas que se irán implementando, manifestó a este Diario.  No obstante, Guerra García señaló que el relativo éxito no debe implicar que se dejen de ejecutar otras medidas para resolver la congestión. Las principales son la inversión en semaforización en las principales 3.000 intersecciones, la implementación de la reforma del transporte urbano y la racionalización del taxi, dijo.","elcomercio","18/09/2019"
"Aprobación al alcalde Jorge Muñoz","La aprobación al alcalde de Lima, Jorge Muñoz, sufrió un leve descenso en la reciente encuesta realizada por El Comercio-Ipsos. La gestión del burgomaestre alcanzó una aceptación de 58%, mientras que su desaprobación llegó al 33% (en agosto era de 31%).  Según el informe, la cifra de aprobación descendió un punto porcentual con respecto a la registrada el mes anterior, cuando fue de 59%, una de las más altas reportadas en el año.  Sin embargo, la aprobación al alcalde varía según el nivel socioeconómico. En el nivel A, llega hasta el 72%, y va descendiendo hasta llegar al 42% en el nivel E. La aceptación a la gestión de Muñoz también presenta una variación según el rango de edad. En el sector más joven (de 18 a 24 años), la aprobación es de 64%, y llega hasta el 54% en el rango de edad de 40 a más años.  Muñoz precisó que las encuestas son fotografías del momento que no marcan el proceder de su gestión. Lo que marca [mi gestión] es el programa de trabajo. Sin perjuicio de eso, agradezco a los ciudadanos que confían en mí y que me dan su respaldo, declaró a este Diario tras conocer los resultados.","elcomercio","18/09/2019"
"Estudiantes toman campus de San Marcos y se enfrentan a policías","Un grupo de alumnos están en contra de ceder terreno de la casa de estudios para culminar el proyecto vial iniciado en la gestión de Luis Castañeda. Hasta el cierre de esta edición, un buen grupo de estudiantes permanecían atrincherados dentro de la universidad.","elcomercio","18/09/2019"
"Claudia Cagnina, la sueca-peruana que juega en Suiza","Un castellano diﬃcil de entender. Porque ella tampoco habla nuestro idioma a la perfección, pero eso no impide que desde el lugar donde se encuentra trate de saber un poco más de nosotros: Aquí [en Suiza] tengo una camiseta de Paolo Guerrero. Sigo mucho a la selección.  Más datos  El Lugano es su primer club fuera de EE.UU. Llegó en julio de este año.  En la temporada pasada, Andrea Torrison (nacida en Suecia, pero de madre peruana) fue inscrita en la Champions, aunque no jugó.  Claudia cumplió su sueño de jugar por la selección peruana el año pasado, cuando formó parte de la delegación que viajó a la Copa América Femenina organizada en Chile. En dicha Copa, Cagnina jugó cuatro partidos en una posición que no era la suya: en su club era 10, en la selección 6. Pero se adaptó. Al igual que lo hizo con el idioma. El entusiasmo y orgullo de defender los colores patrios de su madre la ayudaron a superar todas las barreras.  Claudia moría de ganas por estar presente en los Juegos Panamericanos Lima 2019. Pero no pudo. Luego de hacer un microciclo a fines de diciembre, la llamaron para los de mayo. Sin embargo, por esas fechas tenía exámenes finales y llegaba su graduación en la universidad. Así que no volvió a ser convocada.","elcomercio","18/09/2019"
"Apoya la lucha","Está a miles de kilómetros de distancia, pero eso no significa que no est al tanto de lo que ocurre con el fútbol femenino en nuestro país. Claudia, desde Suiza, se sumó a la campaña #QueremosSerVistas con la que las futbolistas peruanas exigen igualdad en el deporte. Cuando estaba en la selección había ciertas cosas que el equipo femenil no podía usar porque estaba reservado para los chicos de la Sub 17, que es una categoría menor. Por eso creo que la lucha de las chicas es muy buena, era tiempo de hacerse notar y respetar. Esperemos que se logren los objetivos, dijo.","elcomercio","18/09/2019"
"Claudia Cagnina no naci en el Perú","Tiene ciertos problemas con el castellano. Sus dolores futbolísticos son internacionales. Nunca jugó por un equipo peruano. Pero ella se siente una más de nosotros.","elcomercio","18/09/2019"
"El drama del hombre que vivía para el gol","Gabriel Omar Batistuta (Reconquista, 1 de febrero de 1969) ha vuelto a nacer en un hospital suizo. Ah, con la misma precisión de la mejor relojería del mundo, los médicos han reconstruido su tobillo izquierdo con una prótesis. El exgoleador argentino espera liberarse de la marca más terrible que ha sufrido en su vida: los insoportables dolores que le impiden caminar. Si la operación y la recuperación de tres meses logran extirpar las dolencias, el ‘Bati’ ofrecerá su tobillo derecho para completar la restauración total.  El drama solo se entiende a través de las palabras del propio ‘Bati’. Es verdad que le pedí al doctor que me cortara las piernas porque no podía caminar, confes hace unos años. Dejé el fútbol y de un día para otro no podía caminar más. No al mes, a los dos días no podía caminar. Me oriné en la cama teniendo el baño a tres metros porque no me quería levantar, añadió.  Diecisiete años de carrera le generaron lesiones irreversibles. Su obsesión por jugar, y anotar goles, lo llevó a infiltrarse cada fin de semana para aliviar molestias de tantos golpes que sufriera. Ese exagerado profesionalismo derivó en que se quedara sin cartílagos en las articulaciones de ambos tobillos. Ello es lo que produce el contacto entre los huesos y una explosión de dolor peor que cualquier patada artera de un defensa rival.  La fatalidad del ‘Bati’ siempre fue un tema vigente en su país. Y se entiende porque si en Argentina la leyenda del ‘10’ nació con Maradona, con él se instauró la del ‘9’. Con un olfato goleador único –en el área el balón siempre lo encontraba bien posicionado– y una potencia física increíble, el ‘Rey Leon’ optaba por la definición segura antes que adornarse con sutilezas. Los misiles que salían de sus botines o de su cabeza eran imposibles de detener. Los 356 goles en 632 partidos demuestran la eficiencia y pulcritud de su método, un estilo incontestable que incluso hasta hace poco ostentaba el récord goleador con la Albiceleste: 54 conquistas en 78 presentaciones. Ese registro fue superado por Messi (68 tantos en 136 juegos). Me jodi bastante. Era un honor. Vas dando vueltas por el mundo y dices: ‘Yo soy el máximo goleador de la selección argentina’. La ventaja que tengo es que vengo después de un extraterrestre, cont el ‘Bati’.  Gabriel Omar jugó tres mundiales (EE.UU. 94, Francia 98 y Corea-Japón 2002), obtuvo dos Copas América (Chile 1991 y Ecuador 1993) y una Copa Confederaciones (1992), además supo romper redes con Newell’s (1998), River (1989-90), Boca (1990-91), Fiorentina (1991-2000), Roma (2000-02), Inter (2002-03) y Al-Arabi (2003-05). En Italia también lo adoran. All ganó una Copa de Italia, una Supercopa, una Serie B y fue ‘capocannoniere’ con la Fiore, también un Scudetto y una Supercopa con la Roma. En el país de la bota, su botín siempre tuvo plomo.  Tras su retiro dorado en Qatar en el 2005, se refugió en su hogar en Reconquista, Santa Fe, ahí donde no existen recuerdos de su exitosa trayectoria. No hay camisetas, tampoco trofeos ni fotos. Quizás porque al ‘Bati’ esas reminiscencias le generan dolores reales en su lastimada humanidad. Pero jamás podrá evitar que esa rapsodia de goles quede marcada en la vida de los muchos que alguna vez soñamos en los 90 con ser el modesto Batistuta, ese delantero infalible.  El cineasta italiano Pablo Benedetti también lo inmortalizó en la gran pantalla a través del documental ‘El número nueve’. En él relata la vida del artillero que ofrendó sus dos tobillos en su obsesivo afán por marcar goles. Nosotros quedaremos agradecidos eternamente por tremenda inmolación.","elcomercio","18/09/2019"
"Guerrero llega a la hora decisiva en la Copa Brasil","Delantero peruano buscar revancha ante el Paranáense.","elcomercio","18/09/2019"
"Alianza Lima insistirá por la renovación de Quevedo","El delantero tendría una oferta del fútbol alemán y podría irse como jugador libre.  Hace un mes se reunieron Renzo Ratto, administrador de Alianza, y Willy Quevedo (padre de Kevin). La agenda estuvo marcada para llegar a un acuerdo en el corto plazo y así definir el futuro deportivo del atacante. Aquella conversación duró varios minutos y no hubo acuerdo para la renovación de contrato. Kevin Quevedo quiere ganarlo todo, pero hoy está bastante lejos de La Victoria.  Ya van casi once meses desde que la directiva de Alianza ha intentado convencer a Quevedo para que pueda extender su vínculo con el cuadro blanquiazul. La oferta es aumentar un 30% su actual salario y firmar por tres temporadas.  El entorno de Quevedo está pidiendo un aumento de más del 100%. La diferencia es abismal, pero aún esperamos llegar a un acuerdo, nos coment Gustavo Zevallos, gerente íntimo.  –¿Opción en Alemania?  Si bien ha circulado información acerca de que las negociaciones han terminado, en Alianza Lima aún se busca la opción de un último encuentro y convencer al atacante de firmar hasta el 2022.  En las últimas semanas, el entorno de Quevedo ha recibido asesora de un agente de jugadores de mucha experiencia internacional. Carlos Delgado, representante de Claudio Pizarro y Yoshimar Yotún, habría hecho una oferta para llevar a Kevin al fútbol alemán, donde Delgado tiene buenos contactos. La posición de los blanciazules es encontrar una sociedad con los Quevedo y así encaminar su traspaso a un club del exterior.  Sin contrato renovado, Kevin podría irse a otra liga sin dejar una ganancia económica a los victorianos. En los próximos días (habría un nuevo plazo para esta semana) se terminará esta historia que se ha alargado más de la cuenta para ambas partes.  El agradecimiento por haber tenido la vitrina de un club grande en la liga local es el último argumento que Alianza usará para renovar el vínculo con Kevin. Sin embargo, la paciencia de la administración blanquiazul está cerca de llegar al límite. A Quevedo le llegó la hora de comunicar cual es su última palabra. Tendrá que hacerlo con la misma inteligencia con la cual decidi anotarle a Cantolao con una chalaca. Aún este caso no está cerrado.  Promesa… El nuevo administrador de la ‘U’, Raúl Legua, acusó a su antecesor de querer desestabilizar al club con acusaciones infundadas. Además, aseguró que en una reunión con Ángel Comizzo, el técnico prometió el título.  Presente… Luis Advíncula fue titular en el empate del Rayo Vallecano 1-1 con el Málaga por la Segunda División del fútbol español. El equipo del peruano se ubica sexto en la tabla.  Inesperado… El volante de Cristal Carlos Lobatón confesó en una entrevista a radio Ovación que la salida del técnico Claudio Vivas los tomó por sorpresa. Le deseo todo lo mejor a él y a su cuerpo técnico, comentó.","elcomercio","18/09/2019"
"Inter de Porto Alegre busca el título de la Copa Brasil","Esta noche podría ser la más importante para Inter de Porto Alegre en la temporada 2019. El club necesita una victoria por más de dos goles de diferencia ante Atlético Paranaense, para llevarse el título de la Copa Brasil.  Paolo Guerrero será titular en la definición de este torneo (7:30 p.m.), que premia con casi 15 millones de dólares al ganador.  El ‘9’ peruano solo necesita un tanto más para coronarse como goleador de la competencia y, así, ser el primer extranjero que se impone de manera solitaria en la tabla de anotadores de la Copa Brasil.  Para Paolo siempre hay una oportunidad de hacer más historia.","elcomercio","18/09/2019"
"Roger Federer realizará una gira por Sudamérica en noviembre","El tenista estará en Chile, Argentina y Colombia. Vuelve luego de siete años.","elcomercio","18/09/2019"
"Fecha para derribar edificio del Sheraton se conocerá en al menos 15 días","La Comisión de Juristas de Cusco y la Dirección Desconcentrada de Cultura (DDC) de la región están a la espera de que el Poder Judicial establezca el plazo para la demolición del hotel Sheraton, ubicado en la cuadra 6 de la calle Saphy, en Cusco.  La citada comisión entabló en enero del 2016 un proceso de amparo para exigir la demolición del inmueble de 10 pisos y la restitución de cinco filas de andenes prehispánicos que resultaron seriamente afectados durante su construcción. El juez dirimente Wilber Bustamante vot decisivamente a favor de esta medida el último viernes.  Asimismo, este lunes, día en que las partes fueron notificadas sobre el fallo, empezó a correr el plazo de 10 días hábiles para que la Comisión de Juristas de Cusco entable algún recurso de agravo constitucional respecto a dos solicitudes que no fueron admitidas.  Consultada por El Comercio, T’ika Luizar, representante de dicha asociación, dijo que acordaron no apelar el fallo, ya que el pedido principal, de demolición del hotel, fue aprobado.  Diez días hábiles se han dispuesto para que la Comisión de Juristas de Cusco presente algún recurso de agravio constitucional.  Agregó que terminado ese plazo, empezará el trámite de ejecución de la sentencia. Primero tiene que retornar el expediente a primera instancia, donde pediremos por escrito la demolición. Luego, el Poder Judicial dará un plazo de entre 3 y 5 días al Ministerio de Cultura y a los codemandados para iniciar también el trámite, explicó. Es decir, en al menos 15 días se podrá conocer la fecha de la demolición del hotel.  El fallo de Bustamante ordena además a la DDC de Cusco realizar un estudio y armar un expediente que detalle el nivel de afectación de los andenes y la posibilidad de su restitución total.","elcomercio","18/09/2019"
"Paro contra Tara Mara se diluye en Arequipa pero continúa en Islay","Zenaida Condori  Manifestaciones tuvieron poco apoyo durante marchas por la Ciudad Blanca.  El paro regional contra el proyecto minero Tara Mara no tuvo la acogida esperada. Pese a que algunos dirigentes gremiales de Tacna, Moquegua, Puno y Cusco habían confirmado su participación, al final no acataron la medida.  Ayer, los manifestantes marcharon hacia el centro de la ciudad.  Las manifestaciones se concentraron solo en la ciudad de Arequipa y en la provincia de Islay. Los moradores del valle marcharon desde el centro de la ciudad hasta la Av. de las Convenciones, donde la policía les impidi el paso.  El martes, se concentraron en la plaza España y luego se movilizaron por la ciudad. Antes de llegar a la Plaza de Armas, un grupo de construcción civil se sumó, pero juntos no pasaron de 500 personas.  El coordinador del Valle de Tambo, Miguel Meza, indicó que, pese a la poca convocatoria, ellos continuarán con su lucha en dicha zona.","elcomercio","18/09/2019"
"Solo se permiten edificaciones de dos pisos en el Centro del Cusco","Ocho años de prisión para minero ilegal  El Juzgado Penal Colegiado Permanente de Coronel Portillo condenó a ocho años de cárcel efectiva a Roy Junior Grandez Surez por el delito de minería ilegal agravada.  Grandez permanecía detenido desde el 4 de julio del 2018 y cumplirá su condena hasta julio del 2023. Además, tendrá que pagar una reparación civil de S/3.000 a favor del Estado. El minero ilegal fue intervenido en una fuente de agua del sector Plátano Islas del río Pachitea, ubicado en el distrito de Yuyapichis, provincia de Puerto Inca, en la región Huánuco.  Fue detenido en momentos en que utilizaba una draga y otros instrumentos usados en la minería ilegal para extraer oro. No contaba con ninguna autorización para realizar esta extracción.  La ley establece, para esos casos, sentencias de entre cuatro y ocho años de prisión efectiva.","elcomercio","18/09/2019"
"Falta presupuesto para eliminar la violencia infantil","Ejecutivo destina para protección de niños y adolescentes menos del 1% del fondo multisectorial designado para esta población.  Lourdes Fernández Calvo  En el Perú, seis de cada diez niños y adolescentes han sido golpeados en sus propios hogares. El 70% ha sufrido insultos, humillaciones, apodos hirientes, amenazas y burlas. Las cifras pueden ser aún peores: 20.500 menores de edad fueron víctimas de abuso sexual y actos contra el pudor en los últimos tres años.  La violencia no cesa ni en la escuela. En los últimos seis años, más de 16 mil niños denunciaron que sufrieron violencia física en el colegio. Más de cuatro mil afirman que fueron víctimas de abuso sexual.  Tenemos que empezar a indignarnos con la violencia contra los niños, niñas y adolescentes, opinó la ministra de Educación, Flor Pablo Medina, durante el evento denominado Inclusión del Perú en la Alianza Global para Combatir la Violencia hacia la Niñez y Adolescencia. El Estado Peruano forma parte de esta alianza desde el 2018.  En esta reunión, liderada por el MIMP, el Minedu y UNICEF, participaron las ministras de ambos sectores, así como funcionarios y especialistas vinculados a la niñez y adolescencia. El objetivo de la cita es elaborar una hoja de ruta que guíe el plan de acción para eliminar la violencia contra los niños y adolescentes 2020-2030.  Tanto las autoridades como los expertos coincidieron en un punto: falta presupuesto para ejecutar acciones destinadas a prevenir la violencia contra menores.  Ahora solo el 1% del presupuesto de niños y adolescentes se va para la protección, pero antes el presupuesto era mucho menor, aseguró la ministra de la Mujer, Gloria Montenegro.  Según el Plan Nacional de Acción por la Infancia y la Adolescencia 2012-2021, hasta junio de este año, solo se destinaron más de S/348 millones para la protección de los menores. Esto equivale al 0,8% del presupuesto multisectorial destinado para esta población.  Ana de Mendoza, representante de UNICEF en el Perú, destacó otro problema importante: el uso de violencia como práctica de crianza heredada por generaciones. Tenemos que acelerar el cambio cultural. El MIMP y el Minedu están haciendo esfuerzos, pero se necesita más, precisó.  Para lograr ese cambio, dijo, es necesario implementar el enfoque de género en la educación.","elcomercio","18/09/2019"
"César Álvarez recibe nueva condena por corrupción","El Juzgado Anticorrupción del Santa dictó cuatro años de prisión y el pago de una reparación de S/200 mil contra César Álvarez, exgobernador regional de Ancash, por el delito de colusión simple.  Según el juez Joseph Arequipeño, Álvarez se coludió con un representante de la empresa SISA para la elaboración del perfil técnico del Proyecto Especial Chinecas.  Álvarez ha sido anteriormente condenado a ocho años de cárcel por el delito de colusión agravada en el caso de la carretera Chacas-San Luis. Según la fiscalía, la empresa Odebrecht pagó una coima cercana a US$2,4 millones para ser favorecida con este proyecto.  El exgobernador también recibió dos años de prisión por el delito de malversación de fondos por irregularidades en obras públicas de la ciudad de Chimbote durante su gestión.  Marilo Zapata / archivo  César Álvarez está en prisión desde mayo del 2014.","elcomercio","18/09/2019"
"Yemen, la cruel guerra olvidada","Intereses geopolíticos ● Desde el 2015, el país árabe está inmerso en una disputa entre Irán y Arabia Saudita que ha dejado más de 91 mil muertos.  Gisella López Lenci  Al sur de la península árabe se ubica Yemen, un país de 28 millones de habitantes y que, en tamaño, es la mitad del Perú, pero que desde el 2015 sufre una cruenta guerra civil que ya ha matado a más de 91 mil personas. La guerra en Yemen, que no ha recibido la atención de otros conflictos, se ha convertido en un terreno de disputa geopolítica entre los dos grandes rivales del Medio Oriente: Arabia Saudita e Irán.  Cómo se inició este baño de sangre y por qué? Retrocedamos en el tiempo ocho años. La Primavera árabe del 2011 que despegó en Túnez causó la caída de longevos gobiernos autoritarios en Egipto y Libia, y fue el disparador de la guerra en Siria, pero también tuvo sus consecuencias en Yemen, donde gobernaba desde hacía 33 años Ali Abdullah Saleh.  Las protestas en el país provocaron en el 2012 la salida del mandatario, y en su lugar quedó el vicepresidente, Abd Rabbo Mansur Hadi.  Los hutíes, un grupo rebelde que profesa el Islam chiita y que se había enfrentado durante años a Saleh, aprovechó la debilidad del nuevo mandatario y se alzó contra su gobierno, acusándolo de corrupción. El movimiento fue apoyado, además, por millones de yemeníes que se habían desilusionado de la transición, pues muchas de las reivindicaciones sociales habían quedado al margen.  Así, a inicios del 2015, los hutíes lograron tomar Saná, la capital del país, y forzaron al presidente Hadi a exiliarse en Arabia Saudita. Esto generó que una pugna política interna se convirtiera en un conflicto regional.  Los sauditas y otros ocho países árabes se unieron en una coalición con el objetivo de derrotar a los hutíes y reinstaurar en el cargo a Hadi. Todo esto bajo el apoyo de EE.UU., Reino Unido y Francia.  ¿Cuál es el trasfondo? Derrotar a los hutíes implica derrotar a Irán, la gran potencia regional archienemiga de Arabia Saudita y que apoya a los rebeldes, que además son chiitas. Los sauditas, y la mayoría de países árabes, profesan el Islam suní.  Ni los sauditas ni los iraníes utilizan su territorio para enfrentarse, pero sí lo hacen en Yemen, uno de los países más pobres del mundo árabe y cuya crisis humanitaria es desgarradora.  Sin embargo, lo ocurrido con el ataque a las dos instalaciones petroleras sauditas el sábado pasado significa una escalada muy seria del conflicto. Según la inteligencia estadounidense, los hutíes no tienen la tecnología para bombardear con drones tan precisos las plantas de crudo, que además provocaron a inicios de semana la reducción de un 50% de la producción de petróleo del reino, el principal exportador del mundo. Aunque Irán ha negado cualquier involucramiento en la guerra de Yemen, tampoco deja de señalar que los hutíes tienen derecho a defender su país.  La remoción de escombros debido a los bombardeos aéreos con drones se ha convertido en parte de la rutina de miles de yemeníes. La guerra ha dejado a 22 millones de personas en condiciones precarias.  La guerra en Yemen  Zona en conflicto  ZONA EN CONFLICTO  Zona controlada por hutíes*  Presencia de tropas de la coalición**  Presencia naval de la coalición**  Zonas en disputa  Presencia alta de Al Qaeda  ARABIA SAUDITA  OMAN  MAR ROJO  SANÁ  Al Hudaydah  Khawkha  Taiz  Mokha  Sharurah  YEMEN  Safer  Balhaf  Adén  Golfo de Adén  100 km  (*) respaldados por Irán  (**) coalición liderada por Arabia Saudita  Sunitas  Chiitas  2.000   yemeníes, la mayoría niños, murieron en el 2017 por un brote de cólera debido a la destrucción de los sistemas de alcantarillado.","elcomercio","18/09/2019"
"España tendrá nuevas elecciones debido al fracaso de los diálogos","Los comicios del 10 de noviembre serán el cuarto proceso electoral en 4 años.  España se encamina a unas nuevas elecciones, las cuartas en cuatro años, después de que el jefe de Gobierno saliente, el socialista Pedro Sánchez, no consiguiera los apoyos necesarios para mantenerse en el poder.  El país se ve abocado a ","elcomercio","18/09/2019"
"415 casos de neumonitis asociados al uso de cigarrillos electrónicos se presentaron en EE.UU.","Según los Centros para el Control y la Prevención de Enfermedades. Minsa, explicó que existe un principio de precautoriedad establecido en el Tratado Marco Internacional sobre Tabaco – ratificado por el Perú –, el cual señala que los países deben tener todas las medidas necesarias para evitar los daños que produce el consumo de los cigarrillos electrónicos. Por ello, el Minsa elabora una propuesta que buscara, en principio, la prohibición total del ingreso de estos productos.","elcomercio","18/09/2019"
"Comisión de Cultura aprueba prórroga de ley del libro","La Comisión de Cultura del Congreso aprobó el proyecto de ley para prorrogar la ley del libro por diez años, manteniendo vigentes beneficios tributarios como el reintegro tributario o la exoneración del IGV. El próximo 12 de octubre vencerán los beneficios tributarios de la norma. La Comisión de Economía aún no ha emitido un dictamen al respecto (el cual podría buscar modificar lo aprobado hoy en Cultura). Y el Ministerio de Economía y Finanzas (MEF) ha sustentado ante el Congreso la necesidad de eliminar el reintegro y el crédito tributario para las editoriales, y solo mantener la exoneración del IGV a la venta y a la importación, por tres años más –y solo para las editoriales pequeñas–. Solo dos empresas se beneficiaron con el 80% del reintegro tributario. Nos parece que este beneficio está altamente concentrado y no debería renovarse, indicó Miriam Yepes, directora de Inteligencia Económica y Optimización Tributaria del MEF. En respuesta, la Cámara Peruana del Libro afirmó hace unos días que el MEF sustenta su oposición a la nueva ley del libro con información errada. De acuerdo con la Sunat, las exoneraciones y otros beneficios tributarios sumaron entre el 2008 y el 2018 alrededor de S/119 mil millones que el Estado dejó de recaudar.","elcomercio","18/09/2019"
"Petro-Perú y petroleras buscan reflotar oleoducto","Renegociación de regalías con los operadores se baraja como opción. Juan Saldarriaga. Petro-Perú inici reuniones con las comunidades y empresas petroleras de la selva norte a fin de encontrar una solución a las continuas paralizaciones del Oleoducto Norperuano, cuyo bajo volumen de transporte y mantenimiento exige a la estatal gastos anuales cercanos a US$20 millones. Lo que estamos haciendo es el papel de articulador entre la industria petrolera y el oleoducto, del cual somos operadores logísticos. Necesitamos promover la industria petrolera en la selva, señaló Carlos Barrantes, gerente general de Petro-Perú. Explicó que, para ello, han sostenido varias reuniones con Geopark (lote 64), Perenco (lote 67), Frontera Energy (lote 192), Petrotal (lote 95) y Pluspetrol (lote 8), empresas que transportan (o podrían transportar) su producción por el oleoducto. La idea es que estas petroleras tengan las condiciones económicas y sociales que les permitan producir más, lo cual implica que Per-Petro y las comunidades están de acuerdo, explicó a El Comercio en Perumin. Eso significará que Per-Petro acepte renegociar regalías con los operadores petroleros, como ha propuesto Carlos Gonzales, gerente de Enerconsult. Lo cual permitiría que incrementen reservas y su producción.","elcomercio","18/09/2019"
"Magistral y Pukaqaqa se suman a la lista de minas por construirse","Los proyectos tendrán una inversión conjunta de US$1.186 millones. La minera brasileña Nexa Resources (otrora Votorantim) ve muy riesgoso construir dos proyectos mineros al mismo tiempo. Por esta razón, espera concluir el desarrollo de su proyecto Aripuan, en Brasil, para poder dedicarse por entero a sus iniciativas en el Perú. Si todo va como planeamos, terminaremos de construir Aripuan a fines del 2020. Inmediatamente iniciaremos un nuevo proyecto, que puede ser Magistral (ncash) o Pukapaka (Huancavelica), ambos de cobre, señaló en PeruMin 2019 Tito Martins, CEO de Nexa. Detalló que Magistral podría ser el primero en construirse debido a los compromisos sociales que la empresa ya tiene con la comunidad de Conchucos y las autoridades regionales. Luego de ello vendrá la construcción de Pukapaka, proyecto que se encuentra en un nivel muy positivo de avance, detalló Martins. Según cifras del Ministerio de Energía y Minas (Minem), ambos proyectos demandarán una inversión conjunta de US$1.186 millones: US$480 millones para Magistral y US$706 millones para Pukapaka. De acuerdo con Martins, el inicio de construcción de Magistral tendría lugar en 2021, coincidiendo con la puesta en producción de Aripuan, proyecto de zinc brasilo que demandará una inversión de US$392 millones. 2023 será el año en el que la minera brasilera Nexa Resources prevé iniciar producción en Magistral, según el CEO de la empresa.","elcomercio","18/09/2019"
"Las emociones de la primera peruana en jugar la Champions","Me sentí orgullosa de ser la primera peruana en jugar una Champions League Femenina. En la televisión me llamaron pionera. No lo podía creer, así comienza a narrar su historia Claudia Nicole Cagnina Berenguel. Del último jueves a la fecha, ha sido protagonista de las noticias deportivas más importantes de nuestro país, luego de debutar en el torneo de clubes más importante con el Football Femminile Lugano 1976 de Suiza. En medio de la lucha de las futbolistas que exigen ser vistas con igualdad, Claudia, sin saberlo y por un momento, puso al fútbol femenino peruano por encima del masculino. Si ella no hubiera ingresado a los 55 minutos en la derrota 7-1 ante el poderoso Manchester City por los dieciseisavos de final (el miércoles 25 jugarán la vuelta en Inglaterra), lo más probable es que estuviéramos escribiendo que después de varios años el Perú no iba a tener ningún compatriota compitiendo en las primeras instancias de la Liga de Campeones. Así que Cagnina se encargó de poner la bandera rojiblanca en las estadísticas del torneo. La volante logró lo que no pudo Andrea Torrison –nacida en Suecia, pero de madre peruana– la temporada pasada, cuando fue inscrita en la Champions pero no jugó ni un minuto.","elcomercio","18/09/2019"
"La coyuntura actual muestra","una confrontación en torno al proyecto de adelanto de elecciones generales, incertidumbre sobre el futuro de la propuesta y lejana de un eventual proceso. Mientras tanto, cada actor político desempeña su rol desde su propia esquina.  En ese contexto, la última encuesta de El Comercio elaborada por Ipsos Perú da cuenta de que el primer ministro Salvador del Solar desplaz este mes a Keiko Fujimori, líderesa de Fuerza Popular, en cuanto a simpatías políticas.  Del Solar pasó de 6% en agosto a 8% en septiembre. Deja el cuarto lugar y se ubica ahora en el segundo.  En esta posición se encontraba en agosto Fujimori, quien bajó de 10% a 7% en un mes, pasando ahora al tercer lugar.  El jefe del Gabinete Ministerial supera también a Julio Guzmán, líder del Partido Morado. Este obtuvo 8% en agosto y registra 7% en septiembre.  A estos resultados les precedieron distintos hechos. El último jueves 12, la jueza suprema Susana Castaeda Otsu emiti su resolución dirimente respecto al recurso de casación presentado por la defensa legal de Fujimori Higuchi y determinó que la orden de prisión preventiva que se le dict se reduzca de 36 a 18 meses.  Keiko Fujimori –quien permanece internada en una clínica debido a problemas coronarios– está ahora a la espera de que el Tribunal Constitucional (TC) evalúe este 25 de septiembre el habeas corpus con el que busca su libertad. El recurso constitucional fue presentado por su hermana Sachie Fujimori.  Como jefe del Gabinete Ministerial y vocero del Gobierno, Salvador del Solar defiende el proyecto de reforma constitucional para el adelanto de elecciones generales al 2020. A la espera de que el Congreso culmine el debate sobre el tema y emita una votación en el pleno, varios congresistas de Fuerza Popular ya han adelantado su oposición a la iniciativa.","elcomercio","18/09/2019"
"Signo de los tiempos","El politólogo Jorge Aránguiz señala que las cifras sobre simpatías políticas son naturales en un contexto tan dependiente de la popularidad estacional, más que constante. En esa línea, sostuvo que son resultados referenciales y relacionados a los vaivenes de las últimas semanas.  Es un signo de cómo andan las cosas en este minuto en el país, donde la política es mucho de popularidad, es bastante volátil. Es una mezcla de los que alguna vez se posicionaron y otros que llegan, explica el también investigador del Instituto de Estudios Peruanos (IEP).  En esa línea, Alfredo Torres, presidente ejecutivo de Ipsos Perú, menciona la coyuntura y refiere que en la medida en que Salvador del Solar se presente como exponente del adelanto de elecciones y que la ciudadanía respalde la propuesta, lo verán con mejores ojos. Ello considerando también que, como revel ayer este Diario, la mayoría percibe una actitud obstruccionista en el Congreso frente a la propuesta.  Y como el partido mayoritario es Fuerza Popular, le atribuyen a Keiko Fujimori el liderazgo de esa posición. Quiz eso también la está golpeando, pero son variaciones muy menores, explica Torres.  Aránguiz precisa que si bien los resultados no responden a una pregunta sobre intención de voto, uno de los aspectos importantes de cara a la definición de candidaturas es que el personaje tenga la cualidad de ser reconocido por la opinión pública.  El camino para ser candidato es largo, está muy abierto [...] Tampoco es que haya un consenso muy claro, es visibilidad más que otra cosa, dice sobre las cifras presentadas.  Bajo la misma posición, Torres pone de ejemplo a George Forsyth, quien sigue encabezando las simpatías políticas. Si hubiese alguna pregunta de intención de voto, algunos pensarían que no, porque es muy joven o algún otro motivo. Y al revés, hay políticos que pueden tener un grado de simpatía que, al momento en el que decidan lanzarse a alguna elección, podrían incrementar, sentencia.","elcomercio","18/09/2019"
"Prez interrogará a Montesinos por caso de Keiko Fujimori","El fiscal del equipo especial preguntará al exasesor presidencial por los vínculos con Vicente Silva Checa. La diligencia será el martes 24.  Si no es delito de lavado que lo diga el TC. Para que se dicte prisión preventiva, debe haber delito. José Domingo Pérez  Fiscal del equipo Lava Jato  El próximo 24 de setiembre, desde las 10 de la mañana, el fiscal José Domingo Pérez tendrá al frente al exasesor presidencial Vladimiro Montesinos Torres.  Según pudo conocer El Comercio, el fiscal del equipo especial del Caso Lava Jato ha programado un interrogatorio al ex brazo derecho de Alberto Fujimori, que tendrá lugar en los ambientes destinados para diligencias judiciales de la Base Naval del Callao, donde permanece recluido Montesinos.  Pérez Gómez espera obtener respuestas que detallem la vinculación de Vladimiro Montesinos con Vicente Silva Checa, investigado por integrar la presunta red criminal que habría ocultado dinero ilícito para las campañas electorales de Keiko Fujimori.  Silva Checa estuvo en prisión por haber recibido US$2 millones en efectivo de Vladimiro Montesinos por la compra de la línea editorial de Cable Canal de Noticias en 1999. As lo registró uno de los vladivideos.  Silva Checa cumplió 29 meses en prisión y 11 años de arresto domiciliario, al ser sentenciado tras un juicio oral.  Hoy es sindicado por la Fiscalía como el asesor en las sombras de Keiko Fujimori. A Silva Checa se lo señala como uno de los asesores legales de la cúpula de la organización criminal.  El fiscal Pérez también le preguntará a Montesinos por el celular que fue encontrado en su celda pocos días antes de la segunda vuelta electoral del 2016, que Keiko Fujimori disputó con Pedro Pablo Kuczynski en junio de ese año.  Silva Checa no cumple ninguna medida coercitiva, ni restricción de ningún tipo. La Segunda Sala de Apelaciones Nacional declar fundado el recurso que interpuso la defensa para revocar la prisión preventiva en su contra.  Carlos García Asenjo, abogado de Silva Checa, indicó que le llama la atención que Pérez haya programado la diligencia con el exasesor presidencial porque esa relación que mi cliente tuvo con Montesinos hace muchos años está totalmente desvinculada con el caso actual que se está investigando y que está circunscrito a las campañas del 2011 y 2016.  —Pronunciamiento—  Mediante una disposición emitida el pasado 12 de septiembre, el fiscal Pérez rechazó el pedido de Pier Figari para adecuar el caso a la ley de financiamiento ilegal de partidos.  En declaraciones a este Diario, el fiscal señaló que debe ser el Poder Judicial o el Tribunal Constitucional los que determinen si el caso de Keiko Fujimori debe seguir siendo investigado como delito de lavado de activos.  Que se establezca para saber cuál es el campo de acción de la fiscalía. Sigo creyendo que es delito de lavado de activos, expresó. Pérez añadió que el TC podría opinar mediante el habeas corpus interpuesto para la liberación de Keiko Fujimori. Si no es delito de lavado que lo diga el TC. Para que se dicte la prisión preventiva, debe haber delito, afirmó.","elcomercio","18/09/2019"
"Del ‘vladivideo’ al ‘codinome’","Algunos parlamentarios vienen repitiendo el siguiente argumento: Las coimas de Lava Jato se dieron en obras públicas del Gobierno Central. Lo que nos muestran es la corrupción del Poder Ejecutivo. Entonces, ¿por qué usar este caso para criticarnos y defender el adelanto de elecciones? ¿Qué tenemos que ver nosotros? No se justifica utilizar los escándalos para golpearnos y defender el adelanto de elecciones. Los corruptos están en el Ejecutivo.  Vamos por partes. La corrupción de Odebrecht sí es una cachetada para la Presidencia y el Poder Ejecutivo, un golpe demolidor en la legitimidad de los gobernantes posttransición. Y más si tenemos en cuenta de dónde veníamos. La gran lección de la transición del 2000 debió ser la necesidad de vacunarnos contra la corrupción desde el Poder Ejecutivo. En vez de ello, apenas unos meses después se volvió a robar. Políticos ladrones, empresas coimeras. Diferencias en el estilo y el grado de concentración del poder, pero también fuertes continuidades.","elcomercio","18/09/2019"
"Claudia Cagnina, la primera mujer en sacar cara por el Perú en la Champions","NA","elcomercio","18/09/2019"
"Luis Peirano vuelve a las tablas con la obra Patrón Leal tras más de 25 años","NA","elcomercio","18/09/2019"
"Jorge Muñoz registra 58% de aprobación","El 56% que conoce ‘pico y placa’ apoya la restricción vial. Beneficio. Respaldo alcanza el 64% en el nivel socioeconómico B. Según el alcalde de Lima, se confirma que el sistema está dando resultados. Medida. El 83% de limeños pide que vehículos pesados solo circulen en la noche y madrugada. Autoridad edilicia señala que debe existir un equilibrio.","elcomercio","18/09/2019"
"Ser en la Base Naval","El fiscal Pérez interrogará a Montesinos el próximo martes. Diligencia. Le preguntará por sus vínculos con Vicente Silva Checa, investigado por aportes a campañas electorales de Keiko Fujimori.","elcomercio","18/09/2019"
"Ter Stegen salva al Barça","El inicio de la fase de grupos de la Liga de Campeones trajo un empate sin goles en el Dortmund vs. Barcelona. El arquero alemán ataj un penal y disparos difíciles. A los 55’, Marc-André Ter Stegen tapó el disparo desde los doce pasos a su compatriota Marco Reus. En otros encuentros, el campeón vigente Liverpool cay 2-0 en su visita al Napoli, mientras que Ajax superó 3-0 al Lille. Hoy el PSG recibe al Real Madrid y el Atlético de Madrid a la Juventus (2 p.m.).","elcomercio","18/09/2019"
"Editorial","La investigación en torno a los sobornos de empresas brasileñas avanza sin guiar sus decisiones a partir de afinidades políticas. Editorial de El Comercio El incendio Lava Jato / 21 de julio del 2019. Ambiciones de un preso. Alta señalada. E l lunes, el medio brasileño Folha de São Paulo reveló que el expresidente de la constructora OAS Leo Pinheiro –hasta hace poco en prisión por su participación en el entramado de corrupción de Lava Jato– declar ante las autoridades de su país que entregó más de 101 millones de pesos chilenos (US$143.000 al cambio de hoy) para la campaña del 2013 de la expresidenta de Chile Michelle Bachelet, actual alta comisionada para los Derechos Humanos de la ONU. La publicación cuenta que Pinheiro temía que el cambio de gobierno en el país sureño en el 2014 (cuando Bachelet volvió al poder) pusiera en riesgo un contrato que la compañía tenía para construir un puente. Según el empresario, la conexión con Chile se habría establecido a través del hoy preso expresidente Luiz Inácio Lula da Silva –cercano a Bachelet–, que habría contactado al exmandatario chileno Ricardo Lagos (este ya negó la imputación) y el pago se habría hecho mediante un contrato ficticio por presuntos servicios que nunca se realizaron con la empresa Martinelli & Asociados, perteneciente a uno de los recaudadores de la primera campaña de Bachelet. Aunque Chile ha sido uno de los pocos países de la región en los que el Caso Lava Jato no ha remecido con fuerza a la clase política, el tema no es del todo nuevo. En el 2017, por ejemplo, ya se sabía que OAS había pagado 60 millones de pesos chilenos a la empresa Martinelli & Asociados por supuestos estudios. Es cierto que la señora Bachelet es inocente hasta que la justicia de su país determine lo contrario. Sin embargo, desde ya su caso permite remarcar algunas lecciones. Una de ellas, que la corrupción de Lava Jato –como sabemos los peruanos– no discriminó por simpatías políticas y entreg dinero tanto a candidaturas y gobiernos de derecha como de izquierda. Por ello, las sentencias de quienes quieren asociar su florecimiento con determinadas condiciones inherentes al ‘modelo’ peruano y con una tendencia ideológica en particular no solo son embusteras, sino también puro y duro maniqueísmo.","elcomercio","18/09/2019"
"Como informó este Diario ayer, la defensa del etnocacerista Antauro Humala, sobre el que pesan 19 años de prisión –entre otras cosas– por su participación en el homicidio de cuatro policías durante el levantamiento que dirigi en Andahuaylas en el 2005, se encuentra entregada a obtener su libertad condicional con aún cinco años pendientes de condena. El viernes pasado, el pedido fue hecho oficialmente al INPE y tendrá que ser resuelto por un organismo técnico que evaluar el expediente y definirá si el condenado cumple los requisitos de ley para acceder a dicho beneficio.","Según se conoce, la ambición del señor Humala sería quedar en libertad para poder postular a la presidencia con el Frente Patriótico Peruano, movimiento que fundó desde el penal Virgen de la Merced. No obstante, el exmilitar puede encontrar ciertos baches en su camino. En lo que respecta a su liberación, independientemente de cómo se juzgue su conducta en prisión, Humala parece toparse con un obstáculo insuperable en la Ley 30963, que modificó el artículo 50 del Código de Ejecución Penal, y que prohíbe de manera meridiana la libertad condicional cuando quien la reclama haya sido encarcelado por rebelión y secuestro. Ambos crímenes cometidos por el presidiario que nos ocupa. En lo que concierne a sus ambiciones electorales, por otro lado, los problemas para el señor Humala no solo están en la prohibición legal que existe en nuestro país para la postulación de quienes hayan sido condenados por delitos dolosos (como, en efecto, ocurrió con él), sino que, en caso de que el hoy recluido lograse, de alguna manera, participar en una contienda electoral, la memoria reciente de los peruanos debería ser su principal adversario en las urnas. A fin de cuentas, la asonada que dirigió en el 2005 no solo terminó con la vida de cuatro valerosos policías, sino que, además, fue un intento por poner de rodillas el sistema democrático que tanto nos ha (y nos ha) costado construir. Credenciales poco auspiciosas para quien pretende liderar un país.","elcomercio","18/09/2019"
"Exfuncionarios y Empresarios Prófugos de la Justicia","FLIX MORENO EDWIN DONAYRE CARLOS BURGOS Exgobernador del Callao Excongresista / general Exalcalde de San Juan de Lurigancho Condena: 5 años de cárcel* Delito: colusión Caso: Fundo Oquendo Tiempo prófugo: 8 meses Recompensa: S/150.000 EP en retiro Condena: 5 años de cárcel Delito: peculado Caso: ‘Gasolinazo’ Tiempo prófugo: 4 meses y medio Recompensa: S/100.000 GONZALO MONTEVERDE Empresario Orden judicial: 36 meses de prisión preventiva Delito: lavado de activos Caso: Odebrecht (Offshores) Tiempo prófugo: 6 meses Recompensa: S/100.000 Lurigancho Condena: 16 años de cárcel Delito: enriquecimiento ilícito y lavado de activos Caso: Desbalance patrimonial Tiempo prófugo: 2 años y 6 meses Recompensa: S/100.000 GUSTAVO SALAZAR MARIELLA HUERTA Empresario Orden judicial: 18 meses de prisión preventiva Delito: lavado de activos Exfuncionaria Orden judicial: 18 meses de prisión preventiva Delitos: cohecho, colusión y lavado de activos Caso: Odebrecht (Va Evitamiento del Cusco) Tiempo prófugo: 2 años y 4 meses Recompensa: S/20.000 Caso: Odebrecht (Metro de Lima) Tiempo prófuga: 2 años y 8 meses Recompensa: S/20.000 OTRA VEZ ANDRÉS * Además tiene dos órdenes de prisión preventiva por los casos Odebrecht y spa del Pentagonito.","elcomercio","18/09/2019"
"Habla culta","MARTHA Hildebrandt Moroco Este sustantivo masculino, probablemente vinculado con moro ‘persona de origen musulmán’, no se registra en la última edición del Diccionario de la Academia (2014) ni tampoco en el oficial Diccionario de americanismos (2010). Parece exclusivo de nuestra lengua coloquial el uso de moroco con el sentido de ‘soldado inexperto’ (Diccionario de peruanismos, APL, 2016). Véase un ejemplo de la página web del diario Correo en referencia a un fallecido agente policial: ‘Había soñado toda la vida con ser policía y por eso en su niñez le decían moroco’ (11/9/2018).","elcomercio","18/09/2019"
"Encuesta Esta El Comercio - Ipsos","En un contexto de confrontación cuestión de simpatas. Reubicación ● El primer ministro Salvador del Solar desplaza en simpatas políticas a Keiko Fujimori, líderesa de Fuerza Popular ● George Forsyth, alcalde de La Victoria, sigue al frente. ren zubieta pacco Encuesta Esta El Comercio - Ipsos La coyuntura actual muestra una confrontación en torno al proyecto de adelanto de elecciones generales, incertidumbre sobre el futuro de la propuesta y lejana de un eventual proceso. Mientras tanto, cada actor político desempeña su rol desde su propia esquina. En ese contexto, la última encuesta de El Comercio elaborada por Ipsos Perú da cuenta de que el primer ministro Salvador del Solar desplaz este mes a Keiko Fujimori, líderesa de Fuerza Popular, en cuanto a simpatas políticas. Del Solar pasó de 6% en agosto a 8% en septiembre. Deja el cuarto lugar y se ubica ahora en el segundo. En esta posición se encontraba en agosto Fujimori, quien bajó de 10% a 7% en un mes, pasando ahora al tercer lugar. El jefe del Gabinete Ministerial supera también a Julio Guzmán, líder del Partido Morado. Este obtuvo 8% en agosto y registra 7% en septiembre. A estos resultados les precedieron distintos hechos. El último jueves 12, la jueza suprema Susana Castaeda Otsu emiti su resolución diferencial respecto al recurso de casación presentado por la defensa legal de Fujimori Higuchi y determinó que la orden de prisión preventiva que se le dict se redujera de 36 a 18 meses.","elcomercio","18/09/2019"
