"headline","content","newspaper","date"
"Ocho aos despus de las elecciones del 2011...","Ocho aos despus de las elecciones del 2011, obligados por las circunstancias, gran parte de la lite empresarial ha declarado ante la fiscalía aportes no consignados en los reportes de los partidos a la ONPE que no pasaron por el circuito financiero. El caso más sonado, por tratarse de la mayor donación, es el que involucra al más alto funcionario de Credicorp con aportes a la campaña presidencial de Fuerza Popular que alcanzó la cifra de US$3650.000. Si a esta cantidad se le suma los aportes recién declarados de otros empresarios, la cifra crece a US$5650.000. Es decir, más de S/19 millones, lo que constituyó el principal origen del financiamiento de la campaña de Keiko Fujimori en el 2011. No estaba alejada, entonces, aquella afirmación que señalaba que la candidata de Fuerza Popular representaba los intereses de los empresarios y que estos se sentían representados por ella.  El gran problema es que estas donaciones de campaña se hicieron violando la ley, bajo un manto de oscuridad, en donde la mentira y la complicidad se establecieron como conductas dignas de ser replicadas y defendidas. La mayoría de empresarios financiaron las campañas fraccionando las entregas y utilizando a terceros o no bancarizando la donación, entregando en efectivo, como clara conducta reprochable. Se burlaban, así, los filtros del sistema financiero al realizarlo de manera clandestina, en efectivo, y en maletines entregados en la mano a la líder de Fuerza Popular.  El argumento para quebrar todas las normas de financiamiento ha sido el temor al triunfo de Ollanta Humala y la implantación de un modelo chavista. Un argumento débil, puesto que cuando sucedieron los hechos, el candidato del Partido Nacionalista aparecía rezagado en la intención de voto. Por otro lado, en el gobierno de Humala, Credicorp y el empresariado en su conjunto siguieron haciendo negocios sin problemas. Por el lado de la líder de Fuerza Popular, la supuesta confidencialidad y reserva sobre la forma en la que se desarrollaron las donaciones, negadas por la defensa del señor Dionisio Romero, no hacen sino justificar mecanismos al margen de la ley. Esta reacción ha estado acompañada por quienes, a coro, señalaban que lo ocurrido era simplemente una falta administrativa o, en su defecto, una falta ética.  Las normas sobre financiamiento evidentemente han cambiado. Hasta el 2003, no existía en el Perú ninguna restricción para aportar a las campañas electorales. La diferencia entre a quienes apoyaban los empresarios y a quienes no, era enorme, como se vió en las elecciones de 1990 entre las candidaturas de Mario Vargas Llosa y Alberto Fujimori, aún cuando esto no determinase el triunfo electoral. Con la Ley de Partidos Políticos, el marco de las elecciones del 2006, 2011 y 2016 permitía solamente que personas naturales o jurídicas –en este caso, empresas– aportaran no más de 60 UIT, lo que para el 2011 era no más de S/216 mil. La norma fue reformada en el 2017 y es la que se aplicó para las elecciones regionales y municipales del 2018, y se aplicará para el 2020, incrementando el límite a 120 UIT, aunque ya solo para personas naturales, mas no para empresas. Como se ve, los aportes eran largamente superiores a los límites permitidos. Eso lo sabían los empresarios y los candidatos que los recibían. Se suscitaba, pues, una relación de complicidad para violar la ley. Que en ese momento la sanción solo era administrativa y recayese solo en el partido y no en el donante, no exime de una responsabilidad en la clara violación de la norma, un engaño al organismo electoral y una mentira al electorado al cual se le recalcaba que todo estaba en orden y transparente. Defender el libre mercado obliga a defender la ley por sobre todo.","elcomercio","28/11/2019"
"LA VERDAD QUE REVELAN LOS DEEPFAKES","La verdad que revelan los ‘deepfakes’  Denisse Albornoz  Directora de investigación en Hiperderecho  En mayo del 2019, circuló en Internet un video manipulado de la política estadounidense, Nancy Pelosi, en el que aparecía dando declaraciones en aparente estado de ebriedad. El video fue reconocido como falso por diversos medios, pero se volvi viral tras ser compartido por el presidente de Estados Unidos, Donald Trump, en Twitter. A pesar de que Pelosi es una de las mujeres más poderosas del mundo, el video continuó siendo usado para desacreditarla.  Un año atrás, en la India, la periodista independiente Rana Ayyub también fue el blanco de un video manipulado, esta vez de un ‘deepfake’. A partir de sus declaraciones desafiando al Partido Popular Indio, crearon un falso video pornográfico con su rostro y lo circularon en redes sociales. El video era sumamente realista y fue compartido más de 45.000 veces incluso por políticos de alto perfil. La vida de Ayyub no volvió a ser la misma. Ahora sufre de ansiedad y ataques de pánico, y debe lidiar constantemente con comentarios misóginos, solicitudes sexuales y amenazas de muerte.  Dicen que una imagen vale más que mil palabras, pero los videos manipulados y los ‘deepfakes’ nos demuestran que eso ya no es el caso. Una aplicación de ‘deepfakes’ puede, gracias a nuevas técnicas de inteligencia artificial, recrear las expresiones faciales y tonos de voz de cualquier persona usando fotos o archivos de audio que ya existen en Internet. En otras palabras, con esta tecnología podemos hacer que alguien parezca decir o hacer algo que realmente no dijo o hizo.  El artista digital Hao Lin nos anticipa que los ‘deepfakes’ serán perfectos y virtualmente indetectables en solo unos años, y esto ha despertado tanta emoción como pánico. Están quienes dicen que solo se trata de un recurso artístico mientras otros advierten sobre su poder para difundir desinformación. Sin embargo, se habla poco sobre cómo los ‘deepfakes’ son el arma perfecta para ejercer violencia de género digital, creando nuevos riesgos para las mujeres y sobre todo para las que ocupan internet para ejercer sus carreras en periodismo, entretenimiento y política.  Aunque cualquier persona podría aparecer en un ‘deepfake’, la sociedad no trata a todos por igual. Mark Zuckerberg, Barack Obama y Vladimir Putin también han protagonizado montajes; sin embargo, ninguno de ellos ha visto daños a su reputación o a su imagen. Mientras tanto, los de Pelosi y Ayyub han sido usados de manera masiva y efectiva para silenciar sus opiniones. Los ‘deepfakes’ creados sobre ellas ilustran tres tipos de violencia digital que afectan de manera desproporcionada a mujeres que usan tecnología: el robo de identidad, el acoso y la difusión de imágenes íntimas sin consentimiento. Las últimas dos, además de ser delitos en el Perú, pueden dañar psicológicamente a una mujer al largo plazo y hasta poner en riesgo su vida.  Es importante recalcar que un ‘deepfake’ solo es efectivo para ejercer violencia de género si está respaldado por un público que no es crítico sobre la información que difunde y que no procura la integridad, libertad y seguridad de las mujeres en todos los espacios. En otras palabras, una sociedad machista, como la peruana –donde aún se comparten imágenes íntimas de mujeres por WhatsApp sin su consentimiento o donde algunos creen que si nos violan es porque nuestras faldas son muy cortas– es una sociedad mucho más susceptible a ser manipulada por esta tecnología.  ¿Cómo reaccionaremos en el Perú cuando nos enfrentemos a un ‘deepfake’? ¿Qué haremos en las próximas elecciones si nos llega el video de una candidata aparentemente desnuda? Nos preguntaremos si es verdadero o falso? Lo condenaremos o lo denunciaremos? Y, tal vez, lo más importante: lo compartiremos? Si los ‘deepfakes’ llegan al Perú importará poco si son veraces o no, porque en su falsedad revelarán una verdad más profunda: cómo este país trata a las mujeres.","elcomercio","28/11/2019"
"CUATRO LECCIONES DEL ‘IMPEACHMENT’","Juicio Político contra Trump  Cuatro lecciones del ‘impeachment’  Susan E. Rice  Exconsejera de Seguridad Nacional de Estados Unidos  Después de dos semanas de testimonios convincentes en la investigación de juicio político de la Cámara de Representantes, destacan cuatro conclusiones.  Primero, ahora hay un abrumador testimonio y evidencia que afirma la revelación preocupante contenida en el resumen del presidente Trump de su llamada del 25 de julio al nuevo presidente electo de Ucrania, Volodymyr Zelensky. Trump retuvo de Ucrania una importante reunión de la Oficina Oval y casi US$400 millones en asistencia militar urgente para obligar a Zelensky a abrir, o al menos anunciar, dos investigaciones: una que tratara de exonerar a Rusia e implicar deshonestamente a Ucrania en la interferencia en las elecciones del 2016, y otra para acusar al exvicepresidente Joe Biden con cargos de falsa corrupción en relación con su trabajo en Ucrania durante la administración de Obama.  Algunos aliados del presidente han insistido en que esto no es gran cosa porque EE.UU. aprovecha habitualmente las reuniones para obtener concesiones de gobiernos extranjeros. Sin embargo, no reconocen que su poder político se usa adecuadamente solo para avanzar en los objetivos de la política estadounidense, no para atender los intereses personales de ninguna persona, incluido el presidente.  En segundo lugar, estas audiencias han demostrado el calibre y el carácter de nuestros oficiales de política exterior, funcionarios y personal militar uniformado. El intelecto, la integridad, el desinterés y el sentido del deber mostrados por cada uno de los funcionarios que testificaron, incluso frente a ataques personales duros y esfuerzos de intimidación de testigos orquestados por el presidente, son extraordinarios.  Tercero, ahora es bastante evidente que la mayoría de los republicanos en el Congreso han abandonado toda apariencia de servir al interés nacional. Desde atacar a la prensa hasta difamar testigos y negarse a participar en las responsabilidades de supervisión del Congreso, el Partido Republicano ha sacrificado sus principios para preservar su poder político, a expensas de nuestro país.  Y por último, como Fiona Hill testificó hábilmente el jueves, el principal beneficiario de nuestra disfunción y divisiones internas es el presidente de Rusia, Vladimir Putin. Los republicanos en el Congreso están lanzando teorías de conspiración patrocinadas por Rusia que menosprecian a Ucrania y oscurecen la interferencia rusa en nuestra democracia.  Putin busca desmantelar la democracia y destruir la posición de EE.UU. como líder mundial. La única pregunta es si le permitiremos tener éxito.","elcomercio","28/11/2019"
"Truccin en las zonas afectadas por El Niño costero?","Desde octubre del 2017 a la fecha se han transferido en total casi S/10.800 millones. De este monto, se ejecutaron S/4.931 millones, que corresponden a obras terminadas o en proceso. Actualmente hay más de 1.800 obras terminadas, 2.000 en ejecución y 600 en proceso.  — La ARCC ha designado a cuatro directores en menos de tres años de existencia. ¿Cuáles han sido las fallas? Como país no habíamos tenido la experiencia de una reconstrucción. En ese contexto, vas cambiando, viendo cómo mejorar. Se ha removido a autoridades, pero conservamos el Plan Integral de la Reconstrucción con Cambios (PIRC) que marca el eje de la institución.  — ¿Cuál será la estrategia que aplicará en su gestión para acelerar los proyectos? La ARCC tendrá una unidad ejecutora. Aplicaremos el esquema puesto en marcha para los Juegos Panamericanos Lima 2019 en los grandes proyectos de prevención, como son las soluciones integrales. Suscribiremos convenios de Gobierno a Gobierno con nueve países para el tratamiento de 17 cuencas, cinco quebradas y 17 drenajes pluviales. En un segundo paquete incluiremos 76 colegios y 21 hospitales. Todas son obras que le corresponden al Gobierno Central [ministerios].  Moreno señala que entidad trabajará con gobiernos regionales y municipios para acelerar las obras.","elcomercio","28/11/2019"
"Presentan buses para nuevo superexpreso del Metropolitano","— ¿Qué gobiernos participarán en el proceso? Canadá, Estados Unidos, Reino Unido, Australia, Alemania, Austria, Nueva Zelanda, Suecia y Holanda. Son países que están entre los 20 primeros lugares de transparencia e integridad a nivel global. Aparte de la transferencia de conocimientos técnicos, garantizan una gestión transparente. No solo se encargarán de construirlas, también del equipamiento y la operación.  — ¿Cuál será el plan para los gobiernos locales, que tienen el 45% de la inversión, reportan demoras en los avances, así como casos de corrupción? Está relacionado con la forma como trabajas. Te puedes ‘contagiar’ de ejemplos positivos y mostrar resultados. No se trata de personas, sino de trabajar en equipo. En los Panamericanos empezamos a buscar resultados y eso cambió a funcionarios que solo querían trabajar lo mínimo indispensable. Lo mismo pasa en el plano de la transparencia y la integridad.  — ¿Continuarán con la apertura de oficinas descentralizadas iniciada por la gestión anterior? La descentralización no consiste solo en abrir una oficina, sino en trabajar con los equipos, empoderarlos y dotarlos técnicamente. Ese es el lado más difícil. Queremos dinamizar la forma en cómo nos dirigimos a todas las regiones. Implementaremos equipos que brinden asistencia técnica de manera itinerante.","elcomercio","28/11/2019"
"Perfil","Nombre  Amalia Moreno Vizcardo  Profesión  Abogada. Máster en Derecho de la Contratación Pública.  Experiencia  Consultora en contratación pública de la Dirección General de Economía, Competencia y Productividad del MEF. Secretaria ejecutiva de los Juegos Panamericanos Lima 2019.","elcomercio","28/11/2019"
"Vecinos piden más información sobre obras en valo Gutierrez","Según municipio de Miraflores, no se cambiar la geometría vial ni se crear zona peatonal sin antes hacer talleres con la ciudadana.  Claudia Sovero  Ante el anuncio de la Municipalidad de Miraflores de ejecutar un proyecto para cambiar la geometría vial del valo Gutierrez y crear una zona peatonal entre las avenidas Comandante Espinar y Santa Cruz, los vecinos indicaron que requieren más información al respecto.   El último martes, el gerente de Desarrollo Urbano de Miraflores, Carlos Ramirez, señaló a El Comercio que el presidente vecinal de la zona 6, Carlos Bedoya, se encontraba pendiente de los avances de la obra. No obstante, este último aclaró ayer a este Diario que esto no es verdad y que los vecinos esperan recibir más detalles del municipio antes de que el proyecto sea implementado. Esperamos que los talleres informativos [sobre la obra] se realicen cuanto antes, sostuvo.  Asimismo, aclaró que ellos no se oponen a las mejoras, pero que no tienen una comunicación fluida con el municipio. Por esta razón, no pueden trasladar sus inquietudes sobre el posible impacto vial de los trabajos, la carga turística que ya existe en la zona y la necesidad de vigilancia en obras de esta magnitud.  — Abiertos al diálogo —  Ramirez informó ayer que el municipio no ejecutará ninguna obra sin antes hacer los talleres informativos con los vecinos de la zona 6. Esto es fundamental con el fin de que sepan si este proyecto responde a sus necesidades, precisó.   El funcionario explicó que los talleres se llevarán a cabo a inicios del próximo año, debido a que ahora no cuentan con capacidad operativa. Además, detalló que la empresa Los Portales ya dispone de un estudio vial del proyecto, el cual ha resultado favorable. A cambio de que esta financie las obras, cuyo costo sería de entre S/8 y S/10 millones, se le ampliaría la concesión de la playa de estacionamiento que tiene bajo el valo.","elcomercio","28/11/2019"
"Caída de minibús en Cusco deja 7 muertos","Según la Sutrán, la unidad iba al doble de la velocidad permitida en la zona.  Un minibús de la empresa Power cayó ayer a un barranco en la zona conocida como Calvario, en la localidad de Huacarpay, en Cusco. El accidente causó la muerte de siete pasajeros y más de 30 quedaron heridos.   El gerente general de la Superintendencia de Transporte Terrestre de Personas, Carga y Mercancas (Sutrán), Jorge Belmonte, informó que el bus iba a excesiva velocidad. Según el registro del GPS, hasta minutos antes del accidente iba a 81 km/h. En esa zona el límite máximo de velocidad permitido es de 35 km/h, dijo Belmonte.  La unidad partió de un paradero formal y cuenta con los permisos para ofrecer el servicio de transporte, pero durante el camino recogió más personas. Los pasajeros nos comentaron que a su salida del terminal eran nueve personas. Sin embargo, el bus embarcó más pasajeros en ruta, entre ellos menores de edad. Luego del accidente, hemos podido advertir que eran 44 pasajeros, dijo Belmonte.","elcomercio","28/11/2019"
"Sicarios asesinan a dos personas en Chepn","Dos personas fueron asesinadas de varios disparos en los exteriores de una vivienda ubicada en el distrito de Chepn, en La Libertad.","elcomercio","28/11/2019"
"mera Sala Penal de Apelaciones declara fundada la apelación","mera Sala Penal de Apelaciones declar fundada la  apelacin presentada por las defensas de nueve árbitros implicados en el Caso Odebrecht, y revoc las órdenes de prisión preventiva dictadas contra ellos el 4 de noviembre. La medida contra ocho de estos abogados –acusados de favorecer a la constructora brasileña en laudos arbitrales con el Estado– fue cambiada por comparecencia restringida e impedimento de salida del país.  Fernando Cantuarias Salvarely, Humberto Abanto Verstegeui, Marcos Espinoza Rimachi y Alfredo Zapata Velasco recuperarán su libertad luego de pagar S/100 mil impuestos como caución. La orden de captura nacional e internacional contra Mario Castillo Freyre, Ramiro Rivera Reyes y Franz Kundmller Caminiti también se anulará luego de que efecten el mismo depósito. Pese a que la resolución considera que hay graves elementos en el caso de Alejandro Álvarez Pedroza, el Poder Judicial varió la prisión preventiva por detención domiciliaria en consideración a su avanzada edad.  El viernes pasado, el Poder Judicial había ordenado la liberación de Daniel Linares Prado, pero quedaba pendiente la medida restrictiva que se dictara en su contra. Los investigados tendrán prohibida la comunicación con sus coimputados.  La sala sostiene que, si bien el monto cobrado por Cantuarias y Kundmller por su participación en los arbitrajes era superior a lo que establece la tabla de honorarios del Centro de Arbitraje de la Cámara de Comercio de Lima, cuando se instaló el tribunal arbitral del proceso que tuvieron a cargo no hicieron ninguna referencia a dicho cuadro. Por ello, los honorarios se fijaron de acuerdo con las cuotas del proceso y la complejidad del caso. Los mismos argumentos se utilizaron en el caso de Alfredo Zapata.  Sobre las supuestas reuniones con Horacio Cnépa, los representantes del Ministerio de Transportes y Comunicaciones y de Odebrecht en un restaurante, la resolución señala que ese tipo de reuniones entre juristas y partes son lícitas. Por ello, señalan que los elementos de convicción no son suficientes para sustentar la prisión preventiva. En el caso de Humberto Abanto y Ramiro Rivera Reyes, la sala considera que existen reveladores elementos de convicción respecto a presuntas irregularidades en el arbitraje de la carretera Interoceánica Norte en el que participaron. Pero falta esclarecer si parte del soborno que Odebrecht habría entregado a su colega Alejandro Álvarez Pedroza, a través de un funcionario del MTC, llegó a sus manos.  Considera que tampoco hay elementos suficientes para sostener que las variaciones en las pretensiones económicas de los imputados Castillo Freyre y Espinoza Rimachi encubran el pago de sobornos.","elcomercio","28/11/2019"
"La situación de los abogados investigados","El Poder Judicial varió el estatus de los imputados en el caso que lleva el fiscal Germán Juárez Atoche.  Medida Prisión preventiva 18 meses  Modalidad de pago Comparecencia restringida e impedimento de salida  Detención domiciliaria 18 meses  Efectivo  Sobreprecio en honorarios  Servicios por recibos por honorarios  Se revocó orden de prisión preventiva  Situación  Fiscala lo acusa de recibir...  Monto convertido a US$  Fernando Cantuarias Salvarely  Humberto Abanto Verstegeui  Mario Castillo Freyre  Ramiro Rivera Reyes  Franz Kundmller Caminiti  Marcos Espinoza Rimachi  Alfredo Zapata Velasco  Daniel Linares Prado  Alejandro Álvarez Pedroza  Se declaró infundada la apelación  Randol Campos Flores  Luis Pardo Narvez  Richard Martin Tirado  Weyden García Rojas  Luis Pebe Romero  Emilio Cassina Rivas  Emilio David Cassina Ramón  Comparecencia restringida  FUENTE: RESOLUCIÓN JUDICIAL/ELABORACIÓN PROPIA","elcomercio","28/11/2019"
"Hallan US$71 mil en despacho de fiscal","Durante el allanamiento del despacho del fiscal superior Alberto Rossel Alvaredo, en Independencia, los representantes del Ministerio Público y agentes de la Diviac encontraron US$71.160 y S/24.100. An no se ha podido determinar el origen del dinero.  La orden de allanamiento fue autorizada por el juez supremo de investigación preparatoria Hugo Nez, quien además dispuso la detención preliminar por siete días de Rossel, César Villanueva, el fiscal Ronald Chafloque y el empresario José María Santisteban. Ellos pasaron ayer por el proceso de control de identidad ante el magistrado.  Por otro lado, la fiscal de la Nación, Zoraida Valcárcel Rivera, separ ayer del Ministerio Público al fiscal Chafloque. Además, apartó al fiscal Alexander Taboada del equipo especial, por lo que regresará a su plaza de origen.","elcomercio","28/11/2019"
"La investigación que origin el seguimiento a César Villanueva","Una indagación por narcotráfico y corrupción en Lima norte derivó en una pesquisa al ex jefe del Gabinete por tráfico de influencias. Una indagación por narcotráfico y corrupción en Lima norte derivó en una pesquisa al ex jefe del Gabinete por tráfico de influencias. Investigación a un grupo de abogados y asistentes judiciales que coordinaba la emisión de resoluciones para favorecer a procesados por narcotráfico. Esto sucedía en la dependencia judicial de Lima norte, en Independencia, donde también se ubica la sede del Ministerio Público. Al caso se le denominó Los Camaradas.  Según fuentes de El Comercio, entre las interceptaciones telefónicas legales, hubo una comunicación, del 18 de julio de este año, en la que intervino el fiscal superior Alberto Rossel Alvaredo, de la Tercera Fiscalía Superior Penal de Lima Norte. Como la fiscal Céspedes no tenía competencia para investigar a un magistrado superior como Rossel, decidi elevar un informe al fiscal supremo de delitos de corrupción de funcionarios, Jess Fernández Alarcón.  Así, el 18 de agosto el fiscal Fernández abrió una investigación a Rossel que se denominó Lima Norte. Entre sus primeras disposiciones, solicit a la División de Investigación de Delitos de Alta Complejidad (Diviac) de la Policía Nacional que realizaran un seguimiento a Rossel. Asimismo, Fernández logró que el Poder Judicial autorizara el levantamiento del secreto de las comunicaciones de Rossel y otros investigados por el caso.  Uno de los principales hechos que llamaron la atención a los agentes de la Diviac, por las interceptaciones, fue el interés de Rossel en obtener documentos de la Contraloría sobre la construcción de la carretera San José de Sisa. En julio, este diario informó sobre la investigación que la Fiscalía Anticorrupción de Tarapoto realizaba por la adjudicación de la vía a Odebrecht durante la gestión de César Villanueva como presidente regional de San Martín. En agosto, esta indagación fue asumida por el equipo especial Lava Jato.  Las fuentes de este diario indicaron que mientras se realizaban las interceptaciones telefónicas a Rossel, este empezó a hacer coordinaciones telefónicas y a reunirse con el empresario José María Santisteban, amigo de Villanueva, quien hablaba de un señor. En ese momento, entre agosto y septiembre, aún no se identificaba a Villanueva.  —Las reuniones—  Pero el 3 de octubre, pasadas las 7 p.m., Rossel y Santisteban llegaron a la vivienda de Villanueva en Magdalena. De acuerdo a las fuentes, esta reunión, que duró más de cinco horas, se dio minutos después de que El Comercio informara que el ex ejecutivo de Odebrecht Eleuberto Martorelli ratificó al equipo especial que la empresa entregó dinero a Villanueva para adjudicarse la construcción de la carretera San José de Sisa. Según la investigación, Rossel realizaba una defensa legal ficticia de Villanueva.  Además, fuentes de la fiscalía informaron a este Diario que las coordinaciones de Villanueva se intensificaron los primeros días de octubre. El 30 de septiembre, el presidente Martín Vizcarra decidi disolver el Congreso. En octubre, los agentes de la Diviac registraron diferentes reuniones. Por ejemplo, el 11 de ese mes Rossel, el fiscal Ronald Chafloque –también detenido por la investigación– y el fiscal adjunto Alexander Taboada, en ese momento parte del despacho del equipo especial que investigaba el Caso San José de Sisa, se encontraron en un café del Centro de Lima.  Dos días después, el 13 de octubre, Rossel, Santisteban y Chafloque estuvieron en la vivienda de Villanueva. Al día siguiente, Rossel, Santisteban y Villanueva se reunieron otra vez, pero en público, cerca de la clínica Internacional del Cercado de Lima.  En las semanas posteriores, el seguimiento a los implicados continuó hasta que el último martes Villanueva, Rossel y Santisteban fueron detenidos en un restaurante de Los Olivos.","elcomercio","28/11/2019"
"Temporáneo empieza fiesta en EE.UU.","Dos fuertes tormentas invernales amenazan los millones de desplazamientos previstos para celebrar hoy el tradicional Día de Acción de Gracias en EE.UU., especialmente en la costa oeste, donde vientos huracanados y fuertes lluvias afectarán California. Los más perjudicados son los viajeros que intentan llegar a sus destinos en uno de los días más congestionados del año en carreteras y aeropuertos.","elcomercio","28/11/2019"
"Colombianos volvieron a llenar las calles contra Duque","Los colombianos descontentos con la respuesta del presidente Iván Duque tras casi una semana de ruidosas protestas que han tocado diversos temas volvieron a salir a las calles ayer para continuar con la oleada de agitación y protagonizar un nuevo paro. Las movilizaciones que sacuden Colombia muestran una variedad inusualmente amplia de quejas, aunque con un lema similar: la oposición a un gobierno que muchos creen que solo vela por los más privilegiados.  Nos sentimos totalmente desprotegidos, le dijo Lucy Rosales, pensionista bogotana de 60 años, a la agencia AP. No sentimos que tenemos un vocero que nos represente. Son muchas las cosas que se dejaron acumular por tanto tiempo.  Varios miles de personas ondearon la bandera de la nación mientras marchaban por las calles de la capital en medio de música, bailes y expresiones artísticas, mientras que activistas indígenas bloquearon una parte de una carretera principal en el sudoeste del país.  A diferencia de marchas previas que desbordaron en ataques a autobuses y enfrentamientos de manifestantes con la policía, en esta ocasión las autoridades reportaron que las movilizaciones en Bogotá y otras ciudades fueron pacíficas.  Los manifestantes se oponen a planes económicos como un aumento en la edad para acceder a las pensiones y un recorte del salario mínimo para los jóvenes, que Duque niega estar impulsando. También protestan por lo que consideran la falta de acción del gobierno para detener la corrupción y el asesinato de cientos de activistas de derechos humanos.  —Diálogo sin resultado— La marcha y la huelga nacional de ayer surgieron un día después de que el intento de Duque para frenar el malestar reuniéndose con el Comité Nacional del Paro, el grupo que coordina las protestas, resultara infructuoso.  Los sindicatos exigen una negociación exclusiva y rechazan ser parte de un gran diálogo nacional con empresarios y los gremios. Los organizadores de la protesta también rechazan una propuesta de reforma fiscal del gobierno que se debate en el Congreso, que contempla un recorte de impuestos a las empresas.","elcomercio","28/11/2019"
"Evo Morales dice que la Interpol lo persigue","Fue el segundo paro nacional en menos de siete días en protesta por planes económicos. El expresidente de Bolivia Evo Morales dijo ayer desde su exilio en México que la Interpol habría emitido una notificación azul en su contra por delitos que considera inexistentes. Morales señal en rueda de prensa que es señalado por una decena de delitos, entre ellos el de alzamiento armado y financiamiento del terrorismo. Según los códigos de la Interpol, las notificaciones azules sirven para recopilar información adicional sobre la identidad de una persona, ubicación o actividades en relación con un delito. Solo son públicas las rojas, las de captura.  El gobierno interino de Jeanine Áñez acus formalmente el pasado viernes a Morales de delitos como terrorismo y sedición, basado en pruebas tales como un video en el que se le atribuye una voz que incita a realizar bloqueos a ciudades bolivianas.","elcomercio","28/11/2019"
"Prueban una vacuna contra la malaria de baja eficacia","En Malawi y en otros dos países africanos ya se prueba Mosquirix, una vacuna contra la malaria. Sin embargo, su eficacia y su durabilidad son mediocres: cuatro dosis ofrecen solo un 30% de protección contra la malaria grave durante no más de tres años, indica el portal Science.","elcomercio","28/11/2019"
"Nueva Zelanda abre banco de esperma de portadores del VIH","El primer banco de esperma en recibir y proporcionar semen de pacientes con el VIH abrió sus puertas en Nueva Zelanda. La iniciativa busca mostrar que el virus no puede transmitirse mediante la reproducción cuando el portador está recibiendo el tratamiento adecuado.","elcomercio","28/11/2019"
"La polémica camioneta eléctrica de Elon Musk","Tecnología G Tesla presentó una pick-up con un particular diseño que dividió el gusto del público. Aunque el vehículo recién se entregará en un par de años, ya hay unos 200.000 pedidos de compra. Tan solo dos días tras la presentación, Musk afirmó que los pedidos ya sumaban 146.000, de los cuales el 42% eran de la versión con dos motores eléctricos, un 41% con tres y el restante 17% con un único motor. Para reservar una Cybertruck, solo se necesita un depósito reembolsable de 100 dólares.  Durante la presentación, y para seguir demostrando la resistencia de la Cybertruck, Musk afirmó que sus ventanas son capaces de resistir una bala de calibre de 9 mm. Sin embargo, una de ellas –la del lado del conductor– se hizo añicos cuando el director de diseño de Tesla, Franz von Holzhausen, lanzó una pieza de lota de metal del tamaño de una de softball para demostrar la fortaleza del cristal, que Musk llamó cristal de metal transparente.  El golpe fue quizás un poco demasiado fuerte, bromear Musk. Lanzamos llaves inglesas, lanzamos todo tipo de cosas, incluso lanzamos un lavadero, y no se rompi. Por alguna razón un poco rara se rompi esta noche, no sé el porqué, comentó, visiblemente incómodo.  Luego de la presentación, el CEO de Tesla compartió en redes sociales videos de las sesiones de práctica y en las que los vidrios resistían sin ningún problema el impacto de las bolas de acero.  Sin embargo, a través de diversas agencias de noticias, se supo que este incidente no preocupó a Wall Street, sino el aspecto del vehículo. Para muchos, tiene un diseño ultrafuturista. Para otros, es la mala ejecución de un diseño innovador. Su nombre es Cybertruck y es la primera camioneta eléctrica tipo pick-up con la que Tesla, el fabricante de automóviles de gama alta, pretende entrar a uno de los mercados más lucrativos de Estados Unidos.  El CEO de la compañía, Elon Musk, fue el encargado de la presentación. Aseguró que la estética de la camioneta está inspirada en la película de ciencia ficción Blade Runner. Recién empezará a ser producida en el 2021 y su precio base es de US$39.900.  Aquí hay varias claves: Musk afirmó que la Cybertruck está construida con acero inoxidable, lo que la hace realmente resistente. Como se trata de un vehículo eléctrico (como todos los que produce Tesla), el tema del peso no es crucial porque no afecta las emisiones. El diseño lo vuelve más aerodinámico, justamente para hacer más eficiente el consumo de las baterías.","elcomercio","28/11/2019"
"Ayer se inauguró CADE 2019","Análisis inicial Caf Taip La jornada inicial se enfocó en la ética empresarial y estuvo marcada por los recientes hechos políticos que comprometen al sector.  Sentimiento del hashtag #CADE2019 Explicación del sentimiento 22% Positivo 38% Neutral 40% Negativo  Tuiteros de personalidades con más RT 1 @jdealthaus JAIME DE ALTHAUS Integridad Exposición de Luis Estrada sobre corrupción.  @migueluccelli MIGUEL UCCELLI Integridad Aprobación del mensaje de Elena Conterno.  ELENA CONTERNO Presidenta de IPAE 337 menciones en Twitter Temas y hashtags asociados  CADE Transparencia Presidenta  Políticos más nombrados Carmen Omonte Excongresista 29 Marisa Glave Excongresista 11 Indira Huilca Excongresista 4  Empresarios más nombrados Juan Carlos Eichholz Socio fundador de CLA Consulting 91 Elena Conterno Presidenta de IPAE 75 Guillermo Lasso Presidente de Fundación Ecuador Libre 53  El CADEsta más influyente Las marcas más nombradas @valiabarak VALIA BARAK Comunicadora 357.854 seguidores Tuits propios 16 RT generados 38 Respuestas a tuits 24 Likes 117  1 2 3 @IPAEPERU 236 CADE y Elena Conterno, presidenta de IPAE @camaradelima 25 Presencia de la presidenta de la Cámara de Lima, Yolanda Torriani @CONFIEP 20 Coyuntura política  Fuente: Caf Taip  En el corte de la cinta inaugural de la Conferencia Anual de Empresarios de este año, estuvo el gobernador de Ica, Javier Gallegos.  Un llamado a la transparencia Empresariado hizo hincapié en la necesidad de fortalecer la institucionalidad e impulsar las reformas políticas.","elcomercio","28/11/2019"
"Gerente General de la Superintendencia de Transporte Terrestre Informa sobre Accidente","El gerente general de la Superintendencia de Transporte Terrestre de Personas, Carga y Mercancías (Suntrans), Jorge Belmonte, informó que el bus iba a excesiva velocidad. Según el registro del GPS, hasta minutos antes del accidente iba a 81 km/h. En esa zona el límite máximo de velocidad permitido es de 35 km/h, dijo Belmonte.  La unidad partió de un paradero formal y cuenta con los permisos para ofrecer el servicio de transporte, pero durante el camino recogió más personas. Los pasajeros nos comentaron que a su salida del terminal eran nueve personas. Sin embargo, el bus embarcó más pasajeros en ruta, entre ellos menores de edad. Luego del accidente, hemos podido advertir que eran 44 pasajeros, dijo Belmonte.  El comandante PNP Fidel Gazániga, de la Unidad de Protección de Carreteras, informó que en el bus viajaba un grupo de escolares de Puno. Precisamente en esta región, un bus de la misma empresa choc dos atrás contra un camión en la vía hacia Arequipa. Murieron una persona y 18 quedaron heridas.","elcomercio","28/11/2019"
"Sicarios Asesinan a Dos Personas en Chepén","Dos personas fueron asesinadas de varios disparos en los exteriores de una vivienda ubicada en el distrito de Chepén, en La Libertad.   Un equipo de la Fiscalía intervino la Municipalidad Provincial del Santa, en Chimbote (Ancash), para recabar información sobre presuntos hechos irregulares en el cobro de papeletas. El fiscal Alejandro Galloso explicó que se iniciará una investigación preliminar por el presunto delito de peculado contra quienes resulten responsables. Habrá cambiado el monto de las papeletas de tránsito a favor de terceros mediante una cuenta de usuario de un extrabajador.   El monto que habría perdido la comuna provincial en recaudación por estos actos irregulares sería de un millón de soles.  La noche del martes, dos sicarios llegaron al lugar en una motocicleta y dispararon a quemarropa contra sus víctimas, que conversaban afuera de la casa. Una tercera persona resultó herida de bala.  Los fallecidos son Jimmy David Gallardo Santillán (31) y Wilmer Huamán Castaeda (24). El hermano de este, Nilson Huamán Castaeda (21), recibió un disparo en el glúteo y fue derivado a un hospital.  En lo que va del año, se han registrado al menos 15 homicidios en Chepén, según la Policía.","elcomercio","28/11/2019"
"Entrevista: Crisis Interminable en Chile","El peor camino es darle todo a quienes sienten ira. Milagros Asto Sánchez entrevista a Carlos Peña González, Rector de la Universidad Diego Portales, quien considera que las protestas en Chile obedecen más a un movimiento generacional que ideológico y son producto de la modernización.  — Dice que las protestas son un movimiento más generacional que ideológico y es contrario a las voces que lo llaman un estallido social. ¿Cómo lo define? La expresión estallido social no tiene ningún sentido sociológico ni preciso. Es una expresión pintoresca para describir un movimiento de malestar. Yo diría que estamos asistiendo en Chile a una cuestión multifactorial, pero uno de cuyos componentes principales, e insisto en esto, es una cuestión generacional. Estamos viendo a una generación que padece cierta anomia, falta de normas, que es propia de una sociedad que se ha modernizado muy rápidamente y que ha generado un proceso de individuación muy fuerte.  — Según usted, ver el acuerdo para reformar la Constitución como la salida a la crisis es un simplismo. ¿Por qué? Hay quienes piensan que asistimos a una crisis del modelo de desarrollo que Chile ha tenido en las últimas tres décadas. Para ellos, el acuerdo constitucional es un primer paso. Creo, sin embargo, que las protestas y el malestar generalizado son producto de la misma modernización de Chile, que ha sido muy explosiva, muy rápida. Es una expresión de la modernización, más que un rechazo a ella, y creo que la respuesta es una solución de más largo plazo, lo que supone diagnosticar bien los problemas y que poco a poco la propia política vaya haciéndose cargo de ellos.  Después de seis semanas de protestas, en Chile impera la certeza de que el país ya no es el mismo. Si uno tuviera que describir con una sola imagen el cambio que Chile ha experimentado tendría que decir que el oasis en la región [del que habl Sebastián Piñera hace unos meses] se ha convertido en un desierto encendido, apunta el politólogo Carlos Peña, quien visit Lima por invitación de la Fundación Konrad Adenauer. Para él, el factor generacional es uno de los principales componentes del movimiento de descontento en el país, que está lejos de terminar.  — Se esperaba que las protestas y manifestaciones alcanzaran esta magnitud? Creo que a nadie le sorprendió demasiado. Antes del 18 de octubre –cuando estallaron las protestas–, ya se veían algunos signos de una especie de rebeldía juvenil, muy generacional. Lo sorprendente fue que esto sirviera de catalizador a un malestar generalizado de amplios sectores de la población.  — ¿Qué podría aplacar entonces la ira en las calles? Bueno, hay que esperar que la ira pase. El peor camino es darle todo a quienes sienten ira para que dejen de tenerla. El presidente Piñera fue elegido hace apenas 18 meses con amplísima mayoría, echar todo esto por la borda a propósito de la ira de las calles no es el camino correcto.  Carlos Peña ofreció en Lima una conferencia sobre las implicancias de la crisis de Chile en la región.  Perfil: Fecha de nacimiento: 8/6/1959 Profesión: Abogado y magíster en Sociología Trayectoria: Es rector de la Universidad Diego Portales (Santiago de Chile) desde el 2007. También es catedrático y columnista del diario El Mercurio.  — ¿Cómo ve hoy a Piñera y qué le queda por hacer? El gran problema de Piñera es que, como consecuencia de los hechos, ha debido abandonar su programa de gobierno, sustituyéndolo con una serie de acuerdos sociales alcanzados por el conjunto de las fuerzas políticas. Este es un primer problema, un mandatario cuyas ideas ya no aspiran a ser realidad. Y el segundo problema es que el poder en Chile se ha trasladado claramente del presidente al Congreso.  — Las lesiones oculares y la represión abrieron un debate sobre hasta qué punto debe actuar la policía... Nada de eso es justificable. Una fuerza policial que no es capaz de contener las manifestaciones o producir orden respetando los derechos humanos es una fuerza policial fallida, inadecuada para un Estado democrático.  — ¿Qué puede aprender la región de la crisis en Chile? Lo principal es que la política sigue siendo vital para el bienestar de los países. Se puede tener modernización, bienestar material, pero la política es finalmente la que produce cohesión social, la que es capaz de escuchar las expectativas de las personas y, sobre todo, procesar el conflicto que es inevitable en la vida social de manera pacífica.  — ¿Qué papel tiene la educación en las protestas? La generación que hoy tiene entre 18 y 24 años en Chile es la generación más educada en toda nuestra historia. Nunca en Chile ese segmento etario había sido tan ilustrado. Entonces nos preguntamos, ¿por qué el sector más ilustrado está tan descontento? Bueno, es precisamente porque es el más ilustrado, tiene más expectativas, es más crítico, es más individualizado y se siente más frustrado.","elcomercio","28/11/2019"
"AMLO Responde a Trump: No al Intervencionismo","El presidente de México, Andrés Manuel López Obrador, pidió a Estados Unidos cooperación sí, intervencionismo no después de que el mandatario Donald Trump anunciara su intención de clasificar a los carteles del narcotráfico que operan en México como organizaciones terroristas. Durante su conferencia de prensa matutina, el mandatario fue interrogado repetidamente sobre el tema, pero AMLO rechazó entrar en confrontación: En mi caso no quiero polemizar este día ni mañana, solo decir cooperación sí, intervencionismo no.  Aunque el presidente no quiso profundizar en el tema, el canciller Marcelo Ebrard anunció más tarde que ya estaba en contacto con el Gobierno de EE.UU. y que se defendería la soberanía de México. Ya en comunicación con el Gobierno de EE.UU. Haremos diplomacia de unidad nacional para defender soberanía y las decisiones propias. Saldrá adelante, escribió en Twitter.  El anuncio de Trump se dio unas semanas después de que nueve miembros de una familia mormona estadounidense establecida en el norte de México murieran al ser emboscados. Autoridades mexicanas dijeron que podrían haber sido confundidos por grupos criminales que disputan el control de la región.  — Implicancias — Según la ley estadounidense, una vez que un grupo es designado organización terrorista, es ilegal que las personas dentro de EE.UU. les brinden apoyo. Además, sus miembros no pueden ingresar al país y pueden ser deportados, y las instituciones financieras deben bloquear su dinero.  De acuerdo con la Ley contra el Terrorismo, el presidente de Estados Unidos puede usar la fuerza militar para interrumpir, desmantelar y destruir la infraestructura utilizada por una organización terrorista, incluidas las instalaciones de entrenamiento en el extranjero y los refugios seguros.","elcomercio","28/11/2019"
"Colombianos Volvieron a Llenar las Calles Contra Duque","Fue el segundo paro nacional en menos de siete días en protesta por planes económicos. Los colombianos descontentos con la respuesta del presidente Iván Duque tras casi una semana de ruidosas protestas que han tocado diversos temas volvieron a salir a las calles ayer para continuar con la oleada de agitación y protagonizar un nuevo paro.  Las movilizaciones que sacuden Colombia muestran una variedad inusualmente amplia de quejas, aunque con un lema similar: la oposición a un gobierno que muchos creen que solo vela por los más privilegiados.","elcomercio","28/11/2019"
"Evo Morales Dice Que la Interpol Lo Persigue","Fue el segundo paro nacional en menos de siete días en protesta por planes económicos. Los colombianos descontentos con la respuesta del presidente Iván Duque tras casi una semana de ruidosas protestas que han tocado diversos temas volvieron a salir a las calles ayer para continuar con la oleada de agitación y protagonizar un nuevo paro.  Las movilizaciones que sacuden Colombia muestran una variedad inusualmente amplia de quejas, aunque con un lema similar: la oposición a un gobierno que muchos creen que solo vela por los más privilegiados.","elcomercio","28/11/2019"
"Montenegro se opone a que miembros del Congreso disuelto participen en comicios","Declaraciones que brindó Montenegro a diversos medios de comunicación, en donde se mostró en contra de que los integrantes del Congreso disuelto volvieran a participar en los comicios del próximo año.  Tenemos que tener muy claro que el Perú le ha dicho a este Congreso basta! no los queremos. Ese Congreso fue desactivado constitucionalmente y, por tanto, no puede ni el 2020 ni el 2021 estar...  EDICTOS Y LEGALES  jueves 28 de noviembre del 2019  Aviso  -11-   -12-   Política  jueves 28 de noviembre del 2019  Costa genera polémica en la Permanente  Participó en sesión pese a que solicitó licencia para postular en las elecciones del 2020. Tuvo que retirarse ante protesta de colegas.  Gino Costa, quien ha solicitado licencia a la Comisión Permanente para poder ser candidato al Congreso por el Partido Morado en las elecciones del 26 de enero del 2020, se presentó ayer en la sesión de ese grupo de trabajo. Esta situación provocó la protesta de varios de sus miembros, que exigieron su retiro.  El incidente se suscitó cuando se debatía la propuesta para que Pedro Olaechea, presidente de la Comisión Permanente, sea el encargado de elaborar un informe sobre el decreto de urgencia que aprueba el presupuesto público del 2020.  En ese debate se registró el voto de Costa, acto que fue cuestionado por sus colegas.  Yo estoy de licencia a partir de hoy [ayer], de manera que he solicitado mi incorporación al grupo en calidad de observador. [...] No sé por qué se ha registrado mi votación [...] Quisiera que se haga esa corrección, señaló Costa.  Karina Beteta, representante de Fuerza Popular, sostuvo que si Gino Costa estaba de licencia, no debería permanecer en la sesión porque no existe la figura de congresista observador.  Lourdes Alcorta, también de Fuerza Popular, le exigió que se fuera.  Antes de retirarse, Costa explicó que pidi licencia porque así lo determinó el Jurado Electoral Especial Lima Centro 1. Agregó que solo buscaba seguir trabajando y participar como observador.  Su candidatura al Congreso fue declarada improcedente por el JEE de Lima Centro y está pendiente el pronunciamiento del Jurado Nacional de Elecciones (JNE) sobre la apelación que él presentó contra esa decisión.","elcomercio","28/11/2019"
"Fiscal apelará archivo de instrucción a Chávarry","La fiscal suprema adjunta Bersabeth Revilla indicó ayer que apelará la decisión del juez supremo Hugo Nez Julca, quien dispuso que se archive la instrucción seguida al exfiscal de la Nación Pedro Chávarry por haber retirado, el 31 de diciembre del 2018, a los fiscales Rafael Vela y José Domingo Pérez del equipo especial Lava Jato.  Lo único que puedo decirle es que apelaré la decisión del juez supremo, indicó Revilla en breve comunicación con El Comercio.  Nez Julca, del Juzgado de Investigación Preparatoria de la Corte Suprema, concluyó que los hechos imputados a Chávarry no se subsumen en el supuesto delito de encubrimiento real.  Además, indicó que la remoción de Vela y Pérez del equipo especial no implicaba la desaparición de las pruebas a favor de integrantes de Fuerza Popular, entre ellos Keiko Fujimori, que son investigados por presunto lavado de activos.  Julio Rodríguez, abogado de Chávarry, dijo a este Diario que la resolución reconoce que su patrocinado tenía la prerrogativa para dejar sin efecto las designaciones de fiscales del equipo especial Lava Jato.","elcomercio","28/11/2019"
"Amalia Moreno: Llevaremos el modelo de los Panamericanos a la reconstrucción","¿Cuánto se ha avanzado en las obras de la reconstrucción en las zonas afectadas por El Niño costero? Desde octubre del 2017 a la fecha se han transferido en total casi S/10.800 millones. De este monto, se ejecutaron S/4.931 millones, que corresponden a obras terminadas o en proceso. Actualmente hay más de 1.800 obras terminadas, 2.000 en ejecución y 600 en proceso.  ¿La ARCC ha designado a cuatro directores en menos de tres años de existencia? ¿Cuáles han sido las fallas? Como país no habíamos tenido la experiencia de una reconstrucción. En ese contexto, vamos cambiando, viendo cómo mejorar. Se ha removido a autoridades, pero conservamos el Plan Integral de la Reconstrucción con Cambios (PIRC) que marca el eje de la institución.  ¿Cuál será la estrategia que aplicaré en mi gestión para acelerar los proyectos? La ARCC tendrá una unidad ejecutora. Aplicaremos el esquema puesto en marcha para los Juegos Panamericanos Lima 2019 en los grandes proyectos de prevención, como son las soluciones integrales. Suscribiremos convenios de Gobierno a Gobierno con nueve países para el tratamiento de 17 cuencas, cinco quebradas y 17 drenajes pluviales. En un segundo paquete incluiremos 76 colegios y 21 hospitales. Todas son obras que le corresponden al Gobierno Central [ministerios].","elcomercio","28/11/2019"
"Messi es Maradona todos los días","Champions ● En otro recital de Lionel Messi, Barcelona superó 3-1 al Borussia Dortmund ● El ‘10’ argentino cumplió su partido 700 en el club catalán.  Según Kenyi Peña Andrade, Decano Santiago Segurola opina que Lionel Messi no puede ser comparado con Diego Armando Maradona. Para el periodista español, Lionel cumple el papel de Diego no solo en un mundial de fútbol, sino también todos los días. Lo que hizo Messi ayer ante el Borussia Dortmund puede ser descrito de esa manera. Aunque hay una definición mejor y es del argentino Juan Pablo Varsky. Lo mostrado por la ‘Pulga’ es la rutina de lo extraordinario.  Un gol y dos asistencias para el 3-1 ante el cuadro alemán. Si Lionel Messi está bien, el Barcelona solo puede recibir buenas noticias. El Borussia aparecía como un rival que podría presentar oposición en defensa, sin embargo, el argentino estuvo inspirado y eficaz.  Cuando el partido empezaba a enredarse, apareció Messi con un pase certero a un ‘9’ que difícilmente falla en esa posición frente al arco rival. Luis Suárez anot el 1-0 e hizo más distendido el manejo del encuentro (29 minutos).  El partido de Leo no hay mucho que decir. Ha sido increíble. No es solo lo que hace, sino cuándo lo hace. Cuando nos estamos jugando la clasificación es cuando aparece Leo, dijo el técnico.","elcomercio","28/11/2019"
"La final de la Copa, el camino por seguir en la Liga 1","EL JUEGO DEL ENGAÑO  Julio Vizcarra, Periodista  El Y dale alegría, alegría a mi corazón en la voz de Fito Paez sigue sonando en Lima, con la imagen de un Monumental en todo su esplendor y con el fútbol como ese espectáculo que une, con el que la gente llora, salta, se emociona.   La primera final única de la Copa Libertadores fue un sueño hecho realidad, al más puro estilo de Champions, que nos devolvió una fiesta que hemos perdido en el país. ¿Qué lindo sería tener más partidos como estos? ¡Se imaginen!  Por estas semanas, vivimos días de definiciones, los cuales comenzaron con el vibrante Flamengo 2 - River Plate 1. Fue un duelo para el recuerdo, que se vio en más de 180 países, con dos equipos dispuestos a ir siempre hacia adelante e hinchadas maravillosas, que también jugaron teniendo el ‘fair play’ como insignia.   En solo once días, se logró mostrar la capacidad que tenemos –cuando queremos– para ser un anfitrión a la altura de un evento continental. Con las cámaras de Fox, ESPN, BBC y demás cadenas internacionales, el Perú tomó el rol principal y fue el actor estelar que no se intimida frente a los flashes. Para resaltar el gran trabajo de la Federación Peruana de Fútbol, del Gobierno, de las municipalidades correspondientes, de la policía y Conmebol.   Si se pudo con un evento que unió países, en tiempo récord, en un día cargado de eventos, ¿por qué no podemos aspirar a tener un desenlace del campeonato Descentralizado digno de un país que supo organizar la indita e histórica final única de Copa Libertadores?  Las semifinales entre Alianza Lima y Sporting Cristal, así como los duelos por el título frente a Binacional, deberían poner en práctica lo aprendido en la Copa. Ese es el siguiente paso para dar.   Después de lo que sucedió el pasado sábado en el Monumental de Ate, la ilusión por albergar un certamen de envergadura es grande. Sin embargo, poco se escucha de mejorar el producto local, que empeora con el paso de los años.   La definición de la Copa Libertadores nos hizo soñar con estadios llenos, pintados por los colores de los equipos protagonistas, con amigos y familias enteras en las tribunas, sin temor al peligro, entregados a la fiesta que es el fútbol. Y qué importantes fueron los jugadores e hinchas. Ver al River de Marcelo Gallardo quedarse hasta el final, con sus medallas de segundos colgadas, nos explica por qué este equipo convive con el triunfo. O ver cómo argentinos y brasileños llegaron al escenario de Ate en el mismo bus, cantando, alentando, en paz, nos hace recuperar la esperanza de entender que esto es una fiesta en la que todos jugamos.   Ya demostramos nuestro nivel hacia el mundo, ahora toca pensar más en nosotros mismos.","elcomercio","28/11/2019"
"Navarro tuvo contacto con dirigencia de Universitario","Ha sido dos días de mucho movimiento en Universitario de Deportes. Si los rincones del Monumental fueron agitados el último fin de semana por los hinchas de Flamengo y River Plate, lo que ha sucedido entre ayer y hoy fue otro sismo al momento de enrumbar el futuro del cuadro crema. Al cierre de esta edición, Ángel Comizzo no había llegado a un acuerdo económico con los de Ate y muy rápido comenz el trabajo para buscar un reemplazo que inicie la pretemporada después de Navidad.  Fueron más de dos reuniones las que tuvo Comizzo con la administración de Raúl Legua y con el gerente deportivo, Jean Ferrari. Era urgente preparar la pretemporada porque en la segunda quincena de enero comienza la fase previa de la Copa Libertadores y no hay tiempo para descansos prolongados.   Lo primero en el plan era definir la renovación del entrenador argentino. Eso no pudo encaminarse por temas económicos. Anoche, la ‘U’ hizo el último intento por mantener a Comizzo en el cargo, pero eso no pudo concretarse.  ¿Quién viene a Universitario de Deportes? Han desfilado muchos nombres en las últimas horas. Uno de ellos es el de Franco Navarro, exentrenador de UTC.  La administración de los Legua ya tuvo una primera conversación informal con Franco. Además, el extécnico de Alianza Lima y Sporting Cristal tiene una excelente relación con Ferrari. Trabajaron juntos en León de Huánuco y Melgar de Arequipa.   Franco Navarro dirigi hasta hace dos meses al UTC de Cajamarca. All trabajó durante 3 temporadas.  **MS OPCIONES**  Daniel Ahmed  El actual jefe de la Unidad Técnica de Menores de la FPF aún no ha sido contactado. En caso eso ocurra, pedirá fortalecer un proyecto con menores.  Marcelo Grioni  Acaba de ascender con Cienciano y ha renovado con el club cusqueño. Sin embargo, su cláusula de rescisión no tiene costo.  Pablo Peirano  El técnico de Mannucci dejó una buena impresión en el repunte futbolístico del cuadro trujillano.  Incluso la primera experiencia de Ferrari como gerente deportivo, en la Universidad César Vallejo, fue con Navarro como técnico.  Lo único que complicaría ese acercamiento es el contacto que ha hecho UTC para que Franco regrese al cargo de entrenador para el próximo año. De momento, su única propuesta formal está en Cajamarca. Pero el interés de la ‘U’ está confirmado.  Hace dos meses entrevistamos a Jean Ferrari cuando asumió el cargo en la ‘U’ y esto fue lo que nos respondió sobre Navarro:  Franco es un entrenador que ha demostrado en innumerables ocasiones su capacidad. El tema de la valoración no solo es con él, también con Juan Reynoso, con Chemo del Solar, con el ‘Chino’ Rivera. Ya todos han demostrado y a veces no están en el radar para dirigir algunos equipos o la misma selección.","elcomercio","28/11/2019"
"Interés de Boca Juniors por Paolo Guerrero ya es oficial","El interés de Boca Juniors por Paolo Guerrero ya es oficial. Ayer, el director deportivo del club xeneize, Nicolás Burdisso, viajó hasta Porto Alegre para presentar una oferta formal al Internacional por el atacante peruano. Según Fox Sports Argentina, la cláusula de rescisión del delantero peruano es de 4,5 millones de dólares.   Burdisso habría aprovechado su viaje para convencer también a Guerrero, quien ayer anot en la derrota Internacional de Porto Alegre frente al Goiás (2-1), por la fecha 35 del Brasileirao en el estadio Beira-Río.  El cuadro xeneize quiere a Paolo para la próxima temporada.","elcomercio","28/11/2019"
"Gonzales estará en pelea estelar de Combate Américas en EE.UU.","El peleador peruano de MMA enfrentará al mexicano Gutierrez el 13 de diciembre.  El peruano Marlon Gonzales protagonizará el viernes 13 de diciembre la pelea estelar del evento de artes marciales mixtas (MMA) Combate Américas: América del Norte vs. Sudamérica, que se celebrará en California, Estados Unidos.  Deriko7 Gonzales, de 27 años, enfrentará al mexicano Horacio Punisher Gutiérrez, de 29 años, en un combate pactado en peso pluma (65,7 kg).  Fuentes de El Comercio informaron que el ganador de esta pelea enfrentaría por el cinturón de la división al campeón argentino Bruno Cannetti el próximo año.  El atleta peruano, del equipo Sarria Inka Fighters de Miguel Sarria, llega a este duelo después de haber derrotado por decisión dividida en mayo pasado al chileno Pablo Villaseca, en el primer evento de Combate Américas (CA) en Lima.  Esto no llegará a los tres rounds. Será una pelea muy buena entre dos strikers y el público será el gran beneficiado. Vamos a sacar chispas para que el mundo vea que los latinos somos buenos!, dijo Gonzales.  En tanto, Punisher –finalista del TUF Latinoamérica 2 de UFC, en el que fue derrotado por el peruano Enrique Barzola– suma dos victorias consecutivas en CA: en mayo del 2018 por decisión sobre Chris Villa y en septiembre de este año por nocaut sobre Chase Gibson.  De ganar el duelo, Gonzales puede tentar el título.","elcomercio","28/11/2019"
"Per conquista Sudamericano de bádminton","En Guayaquil, el bádminton peruano demostró su gran nivel al ganar el Sudamericano Juvenil y Absoluto en la categoría mayores por equipos. En una disputada final, el equipo nacional superó por 3-2 a Brasil.  Perú se impuso en los duelos de dobles mixtos con Diego Mini y Dnika Nishimura; en singles damas gracias a Daniela Macas y en dobles damas con la dupla Macas-Nishimura.  En el dobles mixto la victoria fue de 21-18 y 21-17 frente al equipo de Matheus Voigt y Mariana Pedrol. En singles, Daniela venció por 21-13 y 21-10 a Jeisiane Carvalho, mientras que en el dobles damas el triunfo fue por 21-7 y 21-14 ante Pedrol y Bianca Oliveira.","elcomercio","28/11/2019"
"Exposición de Luis Estrada sobre corrupción.","En el corte de la cinta inaugural de la Conferencia Anual de Empresarios de este año, estuvo el gobernador de Ica, Javier Gallegos.  Un llamado a la transparencia  Empresariado hizo hincapié en la necesidad de fortalecer la institucionalidad e impulsar las reformas políticas.  Durante su exposición en CADE 2019, Elena Conterno, presidenta de IPAE, compartió que en muchas ocasiones, el empresariado no ha tenido a todos los peruanos y la ética al centro de sus decisiones. En ese sentido, se hicieron llamados a la reflexión sobre la necesidad de fortalecer la institucionalidad del país. Esto, en un contexto en el que diversas compañías acuden a la fiscalía para dar cuenta de aportes a campañas políticas.  Hoy nos toca abrir CADE en un escenario complejo. [...] Los hechos conocidos recientemente no dañan solo a una empresa, sino al sector empresarial en su conjunto, señaló Conterno, tras considerar lamentable la falta de transparencia de ciertas empresas en el financiamiento de partidos políticos de distinta tendencia y rechazar ese accionar.  Luis Estrada, presidente de CADE 2019, consideró urgente la consolidación de las reformas políticas, así como la necesidad de una mayor transparencia en las futuras campañas electorales. Los aportes de campaña deben ser transparentes, formales. Necesitamos crear filtros para el acceso y control de organismos públicos y privados, remarcó.  A su vez, hizo un llamado general de atención a los ejecutivos. Basta de llamar empresarios a piratas y negociantes. Inventemos otras denominaciones a quienes están al margen de la ley; para aquellos que al hacer empresa solo buscan hacer dinero, sentenció.","elcomercio","28/11/2019"
"Telefónica separa su operación regional","Nuestras operaciones en Hispanoamérica eran hasta hace unos años el motor de crecimiento de la compañía. Sin embargo, las condiciones particulares en estos mercados han impactado en la evolución de nuestros negocios, mermando su contribución en los últimos años por distintos motivos, señaló el presidente de la firma española, José María Álvarez-Pallete.  La mencionada unidad es un spin-off operativo con el que la empresa inicia una revisión estratégica de su portafolio en la región para modular su exposición y crear las condiciones para maximizar su valor vía crecimiento, consolidación y posibles operaciones corporativas. Así mismo, contará con un equipo de gestión específico y diferencial al resto del grupo, cuyo objetivo será la atracción de inversionistas y la generación de potenciales sinergias.  La fórmula tradicional se ha agotado, tenemos que buscar una forma de reforzar las operaciones que tenemos en Latinoamérica [...] Tenemos que ser dueños de nuestro propio destino, agregó Álvarez-Pallete.  Para Carlos Huamán, director de DN Consultores, el anuncio de Telefónica es un cambio radical, casi un terremoto. Se trata, añadió, de un reconocimiento al nuevo valor del negocio ligado a la cuarta revolución industrial, que no está vinculado a la infraestructura, sino al software que monta sobre ella, incluidos la inteligencia artificial, el cloud computing e Internet of Things (IoT).  Asimismo, explicó que Telefónica ha tenido que rediseñar el negocio por completo, dejando de tener al minuto de llamada como centro para crear nuevas formas de rentabilidad.  No se trata de un anuncio de venta oficial. Es un reacomodo de activos para, paso a paso, definir qué acción ejecutar. Pueden buscar socios. O venderlo todo. Lo que sí es seguro es que va a haber un adelgazamiento operativo y reducción de posiciones duplicadas en cada país. No es una venta en estricto, pero sí implica mirar la operación como una inversión para ver cuánto valor financiero me va a generar y decidir según eso, sostuvo el especialista.  Descartan venta Filial peruana  El anuncio de Telefónica abre la puerta nuevamente a los rumores sobre la venta de algunas filiales en la región, entre ellas la peruana, que arrastra tres trimestres de pérdidas en lo que va del 2019.  No obstante, la compañía precisó –mediante un comunicado– que en el caso del Perú las decisiones corporativas anunciadas están en línea con el plan estratégico definido para recuperar la rentabilidad y sostenibilidad de la operación en el país.  Se mantiene el foco en continuar trabajando bajo las tres palancas de crecimiento: i) mejorar la experiencia del cliente, ii) fortalecer la apuesta por la convergencia y iii) acelerar la transformación a través de un plan de eficiencias y un cambio cultural en la forma de hacer las cosas, dice el comunicado.  Sunat cobra S/218 millones a Telefónica del Per  Empresa afirma que la decisión tendrá un grave impacto en el cierre de brechas.  La Sunat anunció que cobró S/218 millones a la empresa Telefónica del Per por una deuda en litigio desde hace más de una década (uno de los procesos del Caso Satélites), respecto de la cual la Corte Suprema dio la razón a la entidad estatal. Según la firma, se contrató a un operador satelital no domiciliado en el Perú para retransmitir señales a 36.000 km de la Tierra (fuera del territorio peruano).  En su debido momento, la Sunat y el Tribunal Fiscal –con información del Ministerio de Transportes y Comunicaciones– concluyeron que este tipo de servicio de capacidad satelital se presta fuera del territorio nacional y por lo tanto no había imposición tributaria en el Perú, explicó Telefónica del Per en un comunicado. El pago del servicio se realizó sin efectuar la retención del impuesto, pero la Corte Suprema le dio la razón a la Sunat que afirmó que estas sí se debieron efectuar.  La falta de reglas claras afectará el cierre de brecha de conectividad y encarecerá la conectividad para aquellos peruanos que no cuentan con acceso a las telecomunicaciones, agregó Telefónica.","elcomercio","28/11/2019"
"Viviendas sociales impulsan el rubro inmobiliario","La Cámara Peruana de la Construcción (Capeco) informó que el rubro inmobiliario, de importante influencia en el sector construcción en el último año, fue impulsado principalmente por el segmento de vivienda social en Lima Metropolitana.  Así, entre julio del 2018 y el mismo mes del 2019, se registró la venta de 18.055 viviendas en la capital, lo que representó un incremento de 15,6% interanual, de acuerdo con el 24° estudio El mercado de edificaciones urbanas en Lima Metropolitana, realizado por el gremio.  Del total de las unidades vendidas, el 54% fue de tipo social (9.669 unidades). De ellas, además, el 95% corresponde al proyecto Mivivienda. El director ejecutivo de Capeco, Guido Valdivia, destacó el desempeño del mencionado segmento.","elcomercio","28/11/2019"
"Gonzales puede tentar el título","Ha ganado el peruano en su carrera profesional. Ha ganado 15 peleas, además, tiene 4 peleas perdidas, 2 empates y un no contest (NC). Del 2018 por decisión sobre Chris Vila y en septiembre de este año por nocaut sobre Chase Gibson.  —Copa en Lima— Este Diario supo que la pelea entre Gonzales y Gutierrez se acordó originalmente para el 20 de diciembre en Lima, fecha en la que confirmaron nuestras fuentes– se llevará a cabo la Copa Combate.  Esta copa –un Grand Prix (GP) de ocho competidores– será en peso ligero (70 kg).  En Guayaquil, el badminton peruano demostró su gran nivel al ganar el Sudamericano Juvenil y Absoluto en la categoría mayores por equipos. En una disputadísima final, el equipo nacional superó por 3-2 a Brasil.","elcomercio","28/11/2019"
"Nueva Constitución, remedio falso","Es común en Latinoamérica hablar de la década de los años ochenta como la década perdida. En efecto, durante aquellos años casi toda la región experimentó estancamiento económico, desempleo, inflación descontrolada y enorme aumento en el nivel de pobreza. Lo que vivió el Perú durante esa década fue aún más severo, ya que su economía no solo se estancó, sino que sufrió un grave retroceso: el producto per cápita cay en 23%. Peor aún, terminada la década pasarían otros 16 años, hasta el 2005, para que el producto per cápita peruano regresara al mismo nivel que tenía un cuarto de siglo antes.  Son muchas las causas detrás de este desastre, pero de seguro encontraremos las más importantes detrás de las estructuras económicas y sociales vigentes en buena parte del siglo pasado. El régimen militar instaurado tras el golpe de 1968 se propuso atacar esos problemas estructurales y liquidar el subdesarrollo y la dependencia. Pero sabemos que, lejos de enrumbar al país hacia el progreso, ese régimen instauró políticas estatistas, proteccionistas, centralistas y autoritarias que enraizaron el estancamiento. En los 11 años de gobierno militar, el ingreso per cápita creció a una tasa anual promedio de 0,06% (ver BCRP Memoria, 2018) y, contrario a lo proclamado por el gobierno, la pobreza aumentó y la distribución del ingreso se hizo más desigual.  Pero quizás el legado más nocivo del gobierno militar y sus condicionantes fue la Constitución de 1979, porque, más allá de declarar nobles aspiraciones y buenas intenciones, mantuvo el esquema económico estatista. Tampoco puso cuidado alguno en garantizar la estabilidad económica, la prudencia fiscal, ni la preservación del valor de la moneda. Es fácil entender cómo bajo su vigencia el voluntarismo de un joven Alan García terminara llevando al país a su peor crisis económica y a la hiperinflación.  Vemos que en nuestra región la inmadurez política y una no pequeña carga ideológica han enraizado la falsa creencia de que los problemas económicos y sociales se resuelven con una nueva Constitución. Hoy esos impulsos han tomado renovada fuerza, y se centran especialmente en el ataque al régimen económico de la Constitución actual. Ese es el cambio que se reclama con más vehemencia. Es fácil descubrir que los proponentes de tal cambio adhieren a la ideología de la izquierda arcaica o premoderna que ha sobrevivido en Latinoamérica. Manifiestan un odio visceral a la libertad individual, a la iniciativa privada, así como su desdén por las fórmulas que sustentan la estabilidad económica. Afortunadamente, la amarga experiencia de la hiperinflación de fines de los ochenta ha ocasionado que la estabilidad económica tenga un apoyo ciudadano masivo. Recordemos, por ejemplo, cómo la popularidad del presidente García se desplom en su tercer año de gobierno, en gran medida debido a que la tasa de inflación en el 2008 se triplic.  La comparación del desempeño económico y social bajo las constituciones de 1979 y 1993 no deja lugar a dudas. Mientras rigió la primera, la economía se contrajo en 8% (-30% per cápita). Durante la vigencia de la actual Constitución, el promedio anual de crecimiento alcanzó el 4,9%. Y las cifras de crecimiento en los 10 países más grandes de Latinoamérica muestran al Perú pasando del último al primer lugar. Ello ha sido producto de aumentos espectaculares en productividad, niveles de inversión sin precedentes, y mayores y más diversificadas exportaciones. Todo ello con un nivel de estabilidad de precios envidiable: la inflación promedio en los últimos 20 años ha sido 2,8% por año, la más baja en toda la región.  Más importante, no obstante, es el progreso social alcanzado dentro del marco de la actual Constitución. La pobreza cay del 58,7% de la población al actual 20,5% y, a diferencia de la experiencia de otros países que experimentaron altas tasas de crecimiento, el Perú ha crecido disminuyendo la desigualdad. El ingreso del 10% más pobre ha crecido 58,7% en los últimos 15 años frente a un crecimiento del 9% en el ingreso del 10% más rico. Junto a ello se ha consolidado una clase media que supera al 40% de la población.  Dicho esto, hay que reconocer que, si bien el régimen económico de la Constitución de 1993 ha producido resultados espectaculares en la esfera económica y social, también ha mantenido serios problemas institucionales que hoy retrasan gravemente el progreso. Peor aún, en el ámbito político, las reformas introducidas recientemente han agravado esta situación (no reelección, no Senado, no renovación parlamentaria por tercios), mientras que los intentos de reforma del sistema de justicia terminaron simplemente en cambios cosméticos.  La comparación del desempeño económico y social bajo las constituciones de 1979 y 1993 no deja lugar a dudas.","elcomercio","28/11/2019"
"Cómo los países enfrentan las crisis","Las reglas de oro de una guerra advierten que no se puede pelear con éxito en tres frentes al mismo tiempo.  Los países latinoamericanos, con los politraumatismos que adolecen en estos tiempos, están prácticamente obligados a contradecir esta regla de oro, añadiendo, para remate, un cuarto frente de pelea.  Con menos dictaduras que antes pero con autoritarismos aún arraigados en la cultura política; con más democracias que antes pero con casi todas ellas incipientes y erráticas; y con los males de pobreza, salud y educación arrastrados en estadísticas de poca credibilidad, los países de este lado del mundo no tienen otra opción que pelear su guerra contra el subdesarrollo en más de los tres frentes clásicos: 1) por mejores gobiernos, 2) por mejores instituciones políticas y judiciales y 3) por mejores servicios sociales.  De ahí que se haya puesto tan de moda el clamor por reformas aquí y all. La pregunta es si las sabremos hacer bien, después de todas las que hemos hecho mal.  Hay, en efecto, un cuarto frente clave de pelea, en el que si no se vence se perder en los otros tres. Es el frente de los controles de daño del Estado, que ningún gobierno quiere asumir y fortalecer de verdad. Cuanto menos controles de daño válidos tiene un Estado, más desatiende un gobierno su rendición de cuentas y más aumenta su tentación autoritaria y sus mecanismos de corrupción e impunidad.  Esta es la trampa en la que viven los países latinoamericanos, a los que no les basta la libre y democrática elección de sus mandatarios, porque estos y todo lo que hacen acaban mal; a los que no les basta coexistir bajo reglas de juego constitucionales y políticas civilizadas, porque estas no se cumplen o se cumplen mal; a los que no les basta exhibir crecimientos económicos del Primer Mundo, del 1% y el 2%, donde muchas cosas ya están resueltas, como las infraestructuras y los servicios sociales, sino perseguir crecimientos económicos sobre el 4% y el 5%, que permitan una distribución social capaz de sacarlos del hoyo de la pobreza, el desempleo, el analfabetismo y la desnutrición crónica.  ¿Cuáles son esos controles de daño que no pueden faltarle a un Estado democrático? En primer lugar, los controles de daño constitucionales, de modo que, con el ejemplo de lo ocurrido en el Perú, las fuerzas armadas, por más subordinadas que estén al Poder Ejecutivo, no puedan ser utilizadas contra otro poder del Estado, como el Legislativo. En segundo lugar, los controles de daño institucionales, capaces de impedir y castigar el abuso y el desequilibrio del poder, cuando las estructuras gubernamentales, legislativas y judiciales atentan contra las libertades y derechos humanos y civiles. En tercer lugar, los controles de daño sociales, que hagan posible que los servicios básicos como la seguridad, la educación y la salud sean administrados con el más alto grado de eficiencia, evitando que el populismo, la demagogia y la corrupción distorsionen, manipulen y degraden sus mejores metas y objetivos.  Si queremos, pues, mejores gobiernos, mejores instituciones políticas y judiciales, y mejores servicios sociales, el Estado no puede carecer de controles de daño reales y efectivos, previos y contingentes. All reside buena parte de su razón de ser, de su fuerza y de su respuesta a las exigentes expectativas ciudadanas.  Siendo una característica frecuente y común en los países latinoamericanos los pobres resultados de gestión pública, los gobiernos tienen que modernizar y empoderar sus sistemas de control. Y mucho más sus sistemas de control de daños. Las contraloras de la región tienen que ser cartas de confianza de que los servicios sociales básicos, desde la salud hasta la seguridad, pasando por la educación y el transporte, no sean una estafa.  Los controles de daño en un hospital o en una clínica salvan muchas vidas. Los controles de daño en un Estado salvan también muchas vidas, además de derechos, beneficios y dignidades.","elcomercio","28/11/2019"
"No existe filántropa","Nadie en una campaña electoral entrega o aporta dinero a cambio de nada. Aquí y en todas partes, salvo que se trate de un entorno muy cercano al candidato, las campañas electorales producen una dinámica de intercambio entre los donantes y los receptores. Pero en esta relación no existe filántropa, lo que existen son intereses. No está mal que esto se produzca, sino que esta relación sea pública y transparente. Lamentablemente, esto no ha sucedido.  Ocho años después de las elecciones del 2011, obligados por las circunstancias, gran parte de la lite empresarial ha declarado ante la Fiscalía aportes no consignados en los reportes de los partidos a la ONPE que no pasaron por el circuito financiero. El caso más sonado, por tratarse de la mayor donación, es el que involucra al más alto funcionario de Credicorp con aportes a la campaña presidencial de Fuerza Popular que alcanzó la cifra de US$3’650.000. Si a esta cantidad se le suma los aportes recién declarados de otros empresarios, la cifra crece a US$5’650.000. Es decir, más de S/19 millones, lo que constituyó el principal origen del financiamiento de la campaña de Keiko Fujimori en el 2011. No estaba alejada, entonces, aquella afirmación que señalaba que la candidata de Fuerza Popular representaba los intereses de los empresarios y que estos se sentían representados por ella.","elcomercio","28/11/2019"
"La hipocresa","A estas alturas del acontecer poltico nacional es difcil generar indignacin. Casi todo cae en la categora de ‘una raya mas al tigre’. Pero lo de Csar Villanueva realmente es de antologa y merece una porcion de bilis solo para l. Promotor de la vacancia de PPK –cuestionando sus vnculos laborales con Odebrecht–, aquel que se escabulla de madrugada en Paseo Colon a recolectar firmas  MARIA ALEJANDRA Campos Politloga  La semana politica an no termina, pero ya ha brindado suficientes noticias como para escribir cinco columnas de opinin. Ante la diversidad de opciones, me voy a concentrar en dos hechos que contrastan, la inauguracin de CADE y la detencin de Csar Villanueva.  —La tica—  Elena Conterno ha sido la primera voz firme dentro del empresariado que ha condenado los aportes subrepticios a las campaas electorales y ha reconocido las limitaciones del crecimiento economico y eso hay que aplaudirlo. Conterno, presidenta de IPAE, inauguro CADE Ejecutivos 2019 con este lcido discurso que me parece valioso reproducir:  ‘’Los hechos conocidos recientemente [el financiamiento no declarado a campaas politicas] lamentablemente no solo empa-a a una empresa, empa-a a todo el empresariado. Y hoy, aqu, al iniciar este CADE, quiero decir fuerte y claro que rechazamos energicamente todo acto sin transparencia y esperamos que no vuelva a suceder jams. Estos hechos nos consternan, nos deben consternar a todos. Estos hechos nos reiteran que tenemos una fragilidad institucional. Adems, nos recalcan que los beneficios que atribuimos a la economia de mercado y al sistema democratico, lamentablemente no estn llegando a todos los peruanos.  Como lideres, como empresarios, como politicos, hoy nos toca, con humildad, reconocer que en muchas ocasiones lamentablemente no hemos tenido a todos los peruanos y a la tica en el centro de nuestras decisiones. Nos toca reconocer que tenemos un trabajo pendiente muy grande para lograr oportunidades para todos los peruanos.’’  El aplausmetro del auditorio se qued a la mitad. Hubo un grupo de empresarios que reconocio la valenta y vigencia de las palabras y otro que levant una ceja y se conform con aplaudir a medias.  TC publica hoy fallo que dispone libertad de Keiko Fujimori  fujimoristas, result haber recibido –presuntamente– coimas de la constructora brasilea a cambio de otorgarles la buena pro de una carretera en San Martin.  No contento con eso y para complementar el plato con una porcion extra de mariscos, Villanueva, aquel que se paraba frente al Congreso a plantear cuestion de confianza para luchar contra la corrupcion luego de las revelaciones del Caso Cuellos Blancos, la red de corrupcion de jueces, fiscales y politicos destapada por IDL, se dedico a buscar mover influencias en el Ministerio Publico para librarse de las acusaciones de corrupcion que pesan sobre l. Un personaje francamente deleznable.  Siguiendo el ejemplo de Elena Conterno, a Martin Vizcarra le toca hacer una fuerte autocritica por haberlo tenido de mano derecha en el primer segmento de su gobierno.","elcomercio","28/11/2019"
"TC publica hoy fallo que dispone libertad de Keiko Fujimori","Keiko Fujimori, lideresa de Fuerza Popular (FP), abandonar el Penal Anexo de Mujeres de Chorrillos en las proximas horas.  Hoy, el Tribunal Constitucional (TC) publicar la resolucion que anulo la prisin preventiva que el Poder Judicial (PJ) le impuso a Fujimori Higuchi, como parte del Caso Odebrecht.  Tras ello, se concretar su excarcelacion, luego de haberse declarado fundado el recurso de hbeas corpus que se interpuso a su favor.  Segn pudo confirmar El Comercio, hasta ayer en la tarde el presidente del TC –y ponente de la resolucion que en mayoria dispuso liberar a Fujimori Higuchi–, Ernesto Blume, junto a los magistrados Jos Luis Sardon y Augusto Ferrero, ya habian cumplido con firmar el documento.  ‘’Los tres ya han firmado la ponencia [de Blume]’’, indicaron desde el TC.  Tambien alcanzo su voto singular el magistrado Carlos Ramos, quien tambien se pronuncio a favor de la excarcelacion.  La magistrada Marianella Ledesma entregara su voto hoy, junto con los de Manuel Miranda y Eloy Espinosa-Saldaa. Los tres, en minoria, votaron por que permanezca en prisin.  LOS VOTOS  A FAVOR   Ernesto Blume, Jos Luis Sardon y Augusto Ferre-ro consideraron que no se corrobor el peligro de obstruccion a la investigacion por parte de Keiko Fujimori.  A FAVOR PERO CON REPAROS  Carlos Ramos consider que, al haberse disuelto el Congreso de la Republica, la investigada no tendria el poder politico de su bancada para obstruir la investigacion.  EN CONTRA  Manuel Miranda, Marianne-la Ledesma y Eloy Espino-sa-Saldaa consideraron que la prisin preventiva se sustentaba en un peligro de obstruccion a la justicia.  Keiko Fujimori afrontar en libertad la investigacion que se le sigue por el Caso Odebrecht.  El ultimo lunes, el pleno del TC decidi someter a votacion el recurso.  Blume dijo a este Diario que la mayoria de los magistrados consider que la prisin preventiva contra Fujimori Higuchi no se fundament adecuadamente, ya que el peligro de obstruccion a la justicia no se corrobor.  —La excarcelacion—  Para que la excarcelacion de Keiko Fujimori se concrete, el TC debe notificar su resolucion a la sala superior que confirma la prisin preventiva y esta, a su vez, oficiar al juzgado de investigacion preparatoria a cargo de Richard Concepcion Carhu-ancho para que anule la medida restrictiva que dict.  Cumplido dicho tramite, el juez deber oficiar al Instituto Nacional Penitenciario (INPE) para que proceda a liberar a Fujimori Higuchi.  Giulliana Loza, abogada de la excongresista, dijo que la liberacion de su patronada ‘’depende mucho del momento en que notifiquen y oficien. Si alcanzamos tiempo [ser] manana mismo [hoy] o el viernes muy temprano’’.  Se desconoce hasta el momento si el Ministerio Publico solicitar alguna medida restrictiva menos gravosa contra Fujimori, a fin de sujetarla a la investigacion por lavado de activos y criminalidad organizada.  Las pesquisas se vinculan a la recepcion de presuntos aportes ilcitos de la empresa Odebrecht para sus campaas electorales del 2011 y 2016. Por ello, el 31 de octubre del 2018 se dicto prisin preventiva por 36 meses.  Cabe recordar que el expresidente Ollanta Humala y su esposa Nadine Heredia fueron excarcelados cuatro dias despues de que el TC declarara fundado su hbeas corpus y anulara su prisin preventiva por el Caso Odebrecht.","elcomercio","28/11/2019"
"Ferreycorp entreg US$100 mil para la campaa de Confep","Empresa dio el aporte en el 2011, segun declar su gerenta general . Mariela Garcia Figari de Fabbri, gerenta general de Ferreycorp, declar este mircoles ante el equipo especial Lava Jato que la empresa hizo un aporte a la campaa de Confep en el contexto electoral del 2011.  Segun pudo conocer El Comercio, Garcia Figari indico ante el despacho del fiscal Jos Domingo Perez que el aporte entregado a Confep fue de US$100 mil en abril del 2011. Aadi que en el 2012 Ferreycorp hizo un donativo de US$20 mil para otras actividades de Confep.  El testimonio de Mariela Garcia Figari se suma al de otros empresarios que han declarado ante la fiscal por las investigaciones a los presuntos aportes ilcitos a las campaas electorales de Keiko Fujimori.  Las empresas que efectuaron aportes a Confep fueron Volcan, grupo Trafigura, minera Buenaventura, entre otras.  Hinostroza pide al TC anular su prisin  El exjuez supremo C-ar Hinostroza solicit al Tribunal Constitucional (TC) que anule la orden de prisin preventiva que se le dict por el Caso Los Cuellos Blancos del Puerto, alegando que se han violado diversas garantas.  El procurador publico del Poder Judicial, Jhonny Tupayachi Sotomayor, pidio que se rechace el hbeas corpus del exmagistrado y record que este cruz ilegalmente la frontera y burl el mandato de detencion.  Hinostroza se encuentra en Espaa mientras se resuelve su extradicion.","elcomercio","28/11/2019"
"JEE concluye que Montenegro infrigi principio de neutralidad","El Jurado Electoral Especial (JEE) de Lima Centro 1 le impuso una medida de exhortacion etica a la ministra de la Mujer y Poblaciones Vulnerables, Gloria Montenegro, luego de determinar que cometio una ‘infraccion al principio de neutralidad’ en el contexto de las elecciones congresales del 2020.  La resolucin se da a proposito de unas declaraciones que brind Montenegro a diversos medios de comunicacion, en donde se mostro en contra de que los integrantes del Congreso disuelto volvieran a participar en los comicios del proximo ao.  ‘’Tenemos que tener muy claro que el Per le ha dicho a este Congreso ‘basta!’ no los queremos’. Ese Congreso fue desactivado constitucionalmente y, por tanto, no puede ni el 2020 ni el 2021 estar presente’,’’ dijo, por ejemplo, en una declaracion que dio el pasado 8 de noviembre.  Para los miembros del citado JEE, ‘’no se trata de declaraciones intranscendentes’’ ni solo respuestas sobre la figura de la reeleccion.  ‘’Estamos ante una abierta y directa postura que incide [de manera] desfavorable en las reglas de juego democraticas de la contienda electoral afectando a las organizaciones politicas que participan presentando a dichos precandidatos,’’ se refiere.  Segun se determina, debido su condicion de autoridad publica, cualquier declaracion contraria puede ‘’incidir o inﬂ uir generando desequilibrios en las condiciones de igualdad.’’  Le imponen medida de exhortacion etica por declaraciones sobre temas electorales. Se archiv denuncia contra el primer ministro Zeballos.  ALEXANDER VILLARROEL Z.  La resolucin se da a propósito de unas declaraciones que brind Montenegro a diversos medios de comunicación, en donde se mostró en contra de que los integrantes del Congreso disuelto volvieran a participar en los comicios del próximo año.  ‘’Tenemos que tener muy claro que el Per le ha dicho a este Congreso ‘basta!’ no los queremos’. Ese Congreso fue desactivado constitucionalmente y, por tanto, no puede ni el 2020 ni el 2021 estar presente’’, dijo, por ejemplo, en una declaración que dio el pasado 8 de noviembre.  Para los miembros del citado JEE, ‘’no se trata de declaraciones intranscendentes’’ ni solo respuestas sobre la figura de la reelección.  ‘’Estamos ante una abierta y directa postura que incide [de manera] desfavorable en las reglas de juego democráticas de la contienda electoral afectando a las organizaciones políticas que participan presentando a dichos precandidatos’’, se refiere.  Según se determina, debido su condición de autoridad pública, cualquier declaración contraria puede ‘’incidir o inﬂ uir generando desequilibrios en las condiciones de igualdad.’’  Le imponen medida de exhortación ética por declaraciones sobre temas electorales. Se archivó denuncia contra el primer ministro Zeballos.","elcomercio","28/11/2019"
"Sospechas: Fallaron a favor de Odebrecht en laudos contra el Estado","Tribunal anula la prisión preventiva de nueve árbitros. Decisión. Ocho deben pagar caución de S/100 mil y no podrán salir del país. Uno más estará en detención domiciliaria por su avanzada edad.  Más implicados. Sala penal declar infundada la apelación de otros cinco abogados. Continuarán en la cárcel 18 meses mientras se los investiga.","elcomercio","28/11/2019"
"Pesquisas sobre red de corrupción develaron tráfico de influencias","En Lima Norte. Fiscalía investigaba medidas judiciales que beneficiaban a narcos y escuchas legales llevaron al seguimiento del ex primer ministro.","elcomercio","28/11/2019"
"Editorial","El señor Villanueva fue quien impulsó el segundo pedido de vacancia para destituir a Pedro Pablo Kuczynski por sus supuestos vínculos con Odebrecht. De esta manera, su situación actual entraña un giro que solo puede ser descrito como irónico. Editorial de El Comercio Avanza Lava Jato / 8 de agosto del 2019  Un Curriculum Vitae manchado  El martes, el ex primer ministro Carlos Villanueva fue detenido de manera preliminar por siete días por supuestamente haber instigado el delito de tráfico de influencias con el objetivo de interferir en las investigaciones que se le siguen por el Caso Lava Jato. La misma suerte la corrieron el fiscal superior Alberto Rossel Alvarado, como presunto autor del crimen; el fiscal adjunto Ronald Chafloque y el empresario José Santisteban Zurita, estos últimos como cómplices primarios.  Como se sabe, la fiscalía viene indagando en los vínculos de Villanueva con el Caso Lava Jato. En concreto, a partir de las revelaciones de Jorge Barata, al extitular del Consejo de Ministros se le imputa haber recibido US$ 60 mil en sobornos de la empresa Odebrecht para asegurar la buena pro del proyecto de la carretera Cumbe-Cuéllar-San José de Sisa cuando este era presidente regional de San Martín. Incluso la constructora le asignó el codinome Curriculum Vitae en las planillas de su División de Operaciones Estructuradas, en las que además se da cuenta de que habría recibido un total de US$ 320 mil.  Según detalla la resolución del juez Hugo Nez, quien ordenó la detención del martes a pedido del fiscal supremo provisional Jesús Fernández Alarcón, Villanueva habría procurado la ayuda de Rossel Alvarado, atendiendo a su condición de fiscal superior titular, para que influyera en la referida investigación. Este, al no poder representarlo oficialmente por el cargo que ostenta, habría utilizado a su hijo Alberto Rossel Obando para que asuma la defensa y, así, a través de él, poder ejercer una defensa legal fáctica del miembro del Congreso disuelto. Desde ese rol, Rossel Alvarado habría contactado a Chafloque por el vínculo laboral que alguna vez tuvo con Alexander Taboada Guardín, quien hasta el martes formaba parte del despacho del fiscal Germán Juárez Atoche del equipo especial Lava Jato...  No cabe duda de que la sospecha de haber cometido el delito de tráfico de influencias resulta indignante por sí sola. Sin embargo, cuando el imputado es una persona como Carlos Villanueva, que cumplió un rol central en el gobierno de Martín Vizcarra, las circunstancias cobran un tono especialmente lamentable, por las causas que esta administración asumió como propias y que el político que nos ocupa defendió con ahínco durante su paso por la Presidencia del Consejo de Ministros.  Como se sabe, el presidente Martín Vizcarra, quien asumió el cargo en medio de un torbellino de revelaciones sobre casos de corrupción, ha hecho de la lucha contra esta lacra uno de los ejes principales de su gestión. Esto ha significado el apoyo del Gobierno a las decisiones del equipo especial Lava Jato y el liderazgo en la reforma del sistema de justicia tras conocerse los crímenes que se fraguaron en el otrora Consejo Nacional de la Magistratura (CNM). A propósito de todo esto, cuando era primer ministro, el señor Villanueva dijo acertadamente en mayo del 2018 que la corrupción se está robando no solo el dinero de todos los peruanos, sino, fundamentalmente, la esperanza en nuestro futuro.  Los delitos que se le imputan al detenido ex primer ministro Carlos Villanueva defraudan las causas que defendió en el Gobierno.  A la luz de los últimos acontecimientos, empero, las acciones del expresidente regional de San Martín habrían contradicho con creces su discurso y las intenciones del Ejecutivo. En primer lugar, es claro que la pretendida interferencia en el curso de las investigaciones del Caso Lava Jato habría amenazado los avances de uno de los equipos de trabajo que más ha hecho para enfrentar la corrupción en el país y que ha demostrado operar sin sesgarse por banderas políticas. Manipulaciones de este tipo podrían haber mellado la credibilidad de todo el grupo en su conjunto.  Asimismo, la idea de valerse de las influencias que uno pueda tener al interior de instituciones del Estado para hacerse de algunos beneficios se asemeja mucho a lo que hacían algunos miembros del extinto CNM para favorecer a sus hermanitos. Que el señor Villanueva haya pretendido obtener ventajas con este tipo de prácticas hace fácilmente cuestionable la convicción con la que impulsó la reforma del sistema de justicia junto con el presidente.  As las cosas, solo queda esperar que las autoridades definen la suerte de Carlos Villanueva. Mientras tanto, será inevitable que los ciudadanos recuerden aquello que el ex primer ministro pretendió representar y cuanto parece haberlos defraudado.","elcomercio","28/11/2019"
"PJ anula prisión preventiva de 9 árbitros por Caso Odebrecht","Revocación. Sala de Apelaciones considera que no hay elementos graves para sostener la carcelera de estos investigados y dispone su libertad. Otros cinco implicados permanecerán en prisión.  Jonathan Castro C.  La Primera Sala Penal de Apelaciones declar fundada la apelación presentada por las defensas de nueve árbitros implicados en el Caso Odebrecht, y revocó las órdenes de prisión preventiva dictadas contra ellos el 4 de noviembre. La medida contra ocho de estos abogados –acusados de favorecer a la constructora brasileña en laudos arbitrales con el Estado– fue cambiada por comparecencia restringida e impedimento de salida del país.  Fernando Cantuarias Salaverry, Humberto Abanto Verástegui, Marcos Espinoza Rimachi y Alfredo Zapata Velasco recuperarán su libertad luego de pagar S/100 mil impuestos como caución. La orden de captura nacional e internacional contra Mario Castillo Freyre, Ramiro Rivera Reyes y Franz Kundmüller Caminiti también se anulará luego de que efectúen el mismo depósito.  Pese a que la resolución considera que hay graves elementos en el caso de Alejandro Álvarez Pedroza, el Poder Judicial varió la prisión preventiva por detención domiciliaria en consideración a su avanzada edad.  El viernes pasado, el Poder Judicial había ordenado la liberación de Daniel Linares Prado, pero quedaba pendiente la medida restrictiva que se dictara en su contra. Los investigados tendrán prohibida la comunicación con sus coimputados.","elcomercio","28/11/2019"
"La Corte Suprema dio la razón en litigio a la Sunat.","Entre julio del 2018 y el mismo mes del 2019, se registró la venta de 18.055 viviendas en la capital.  Viviendas sociales impulsan el rubro inmobiliario  No obstante, Capeco indicó que la oferta de este tipo de unidades aún es insuficiente. Esto debido, entre otros factores, a la inseguridad jurídica.  La Cámara Peruana de la Construcción (Capeco) informó que el rubro inmobiliario, de importante influencia en el sector construcción en el último año, fue impulsado principalmente por el segmento de vivienda social en Lima Metropolitana.  Así, entre julio del 2018 y el mismo mes del 2019, se registró la venta de 18.055 viviendas en la capital, lo que representó un incremento de 15,6% interanual, de acuerdo con el 24° estudio “El mercado de edificaciones urbanas en Lima Metropolitana”, realizado por el gremio.  Del total de las unidades vendidas, el 54% fue de tipo social (9.669 unidades). De ellas, además, el 95% corresponde al proyecto Mivivienda. El director ejecutivo de Capeco, Guido Valdivia, destacó el desempeño del mencionado segmento.  De no haber sido por este resultado, no habría crecido el mercado inmobiliario ni, probablemente, el sector construcción. Esto demuestra que la política de vivienda social, por lo menos en Lima, ya tiene un efecto contracíclico, apuntó.  -Crecer más-  Valdivia agregó que si bien la cifra de las viviendas sociales (oferta y venta) bordea el 50% del mercado, ésta podría llegar al 80%, así como triplicar el número de ventas.  El ejecutivo instó al Ministerio de Vivienda y a las municipalidades a trabajar en conjunto para buscar acuerdos que permitan aumentar la oferta inmobiliaria, y especialmente, la social.  Además de lo anterior, el informe de Capeco reveló que la falta de oferta de viviendas se debe a la insuficiencia de suelo, falta de servicios públicos para el desarrollo de proyectos, trabas burocráticas e inseguridad jurídica y física.","elcomercio","28/11/2019"
"Graa y Montero evala la solicitud de información de IG4 Investimentos.","Graa y Montero (G&M) anunció que recibió de la compañía brasileña IG4 Investimentos una solicitud de información. Esto, con la finalidad de evaluar una potencial adquisición de derechos hasta por el 25% de las acciones de la compañía.  Esta potencial transacción comprenderá la compra directa de acciones representativas del 12,5% del capital social de la compañía y la adquisición de derechos políticos sobre acciones adicionales que correspondan al 12,5% del capital social de la compañía, detalló G&M en un comunicado dirigido a la Superintendencia del Mercado de Valores (SMV).  Según informó la empresa peruana, la oferta de IG4 Investimentos estaría dirigida a accionistas miembros de las familias fundadoras de la compañía y a exdirectivos de la misma, así como a todos los accionistas de la empresa, a través de una oferta pública de adquisición.  Graa y Montero indicó también en el comunicado que se encuentra evaluando la solicitud para revelar la información.","elcomercio","28/11/2019"
"‘Tool kit’ para el ahorro","Resulta importante contar con una hoja de ruta en nuestras decisiones de ahorro e inversión.  En esta temporada de pago de CTS y gratificaciones, resulta particularmente relevante tener una hoja de ruta para las decisiones de ahorro. ¿Qué aspectos debo tener en cuenta? ¿Cómo identificar las mejores entidades o gestoras en una alternativa de inversión determinada?  Un primer aspecto consiste en hacer un buen presupuesto personal o familiar (recuento de ingresos y gastos esperados). Esto nos ayudará a identificar mejor la cantidad de nuestros ahorros y su evolución en el tiempo. Además, nos permitirá agrupar excedentes en determinadas épocas del año de manera que conseguiremos mayor escala en nuestras inversiones.  Un segundo factor se centra en la adecuada definición de objetivos y tolerancia al riesgo. Preguntas como para qué deseo el dinero a invertir?, ¿cuánto adicional necesito generar y en cuánto tiempo?, ¿cuán nervioso me pongo ante la volatilidad del mercado?, ¿qué porcentaje de mi riqueza representan estos excedentes?, ¿cuán volátiles son mis ingresos? Son importantes para definir el apetito por rentabilidad y riesgo. Así, en la medida en que el objetivo sea de menor plazo y su relevancia familiar sea muy alta (digamos, la matrícula del colegio de mi hijo en dos años), es probable que me concentre en activos de bajo riesgo. De otro lado, si mis ingresos son bastante estables, mis objetivos son de mayor plazo (por ejemplo, un viaje familiar a Europa luego de mi jubilación) y mis excedentes representan una porción muy baja de mi riqueza total, es probable que prefiera tomar activos de mayor riesgo. En suma, rentabilidad y riesgo deben conversar.  Una tercera arista radica en la selección de entidades financieras o gestoras de inversión idóneas para determinados activos financieros. Así, si opto por concentrarme en depósitos a plazo, será útil revisar el portal de la SBS (www.sbs.gob.pe) para comparar las tasas pasivas promedio de las entidades financieras. Es importante recordar que no todas ellas tienen el mismo riesgo crediticio y que el fondo de seguro de depósitos cubre hasta S/100.698 (por persona por entidad). De otro lado, si decido invertir en algún fondo mutuo, vale la pena revisar primero el track record de cada fondo, compararlo con sus pares y evaluar su consistencia en el tiempo. Para ello, el portal de la SMV (www.smv.gob.pe) ofrece las rentabilidades históricas de cada fondo (últimos cinco años y en lo que va del 2019).  Un cuarto punto admite la consideración de otras alternativas de inversión aún subutilizadas dentro del espectro común del ciudadano peruano, tales como el ahorro no previsional (que brinda el acceso a un portafolio diversificado de inversiones) o las Fibra (en las que uno accede a los beneficios de la mejora del sector inmobiliario, poco correlacionado con el ciclo económico).  Resulta importante contar con una hoja de ruta en nuestras decisiones de ahorro e inversión. Un ordenamiento en estas decisiones nos permitirá tener mayor claridad sobre las alternativas de inversión más convenientes de acuerdo con nuestros objetivos personales o familiares.","elcomercio","28/11/2019"
"Banco Mundial otorga préstamo al Perú por US$85 millones","Financiamiento servirá para mejorar los servicios de justicia no penales.  El Gobierno Peruano y el Banco Mundial suscribieron un contrato de préstamo por US$85 millones para financiar el programa de mejoramiento de los servicios de justicia no penales a través de la implementación del expediente judicial electrónico.  Para esta iniciativa, el Gobierno ha estimado un presupuesto de US$158 millones.  Este programa que se ejecutará en los siguientes cinco años contará con US$73 millones adicionales que financiará el Tesoro Público, indicó María Antonieta Alva, titular de Ministerio de Economía y Finanzas (MEF).  Asimismo, explicó que esta iniciativa busca mejorar la eficiencia, el acceso a la transparencia y la satisfacción del usuario en la entrega de los servicios de justicia, mediante la adecuada implementación del expediente judicial electrónico no penal.  Alva recordó que el presupuesto público del próximo año incluye un aumento de S/986 millones para continuar avanzando en la reforma de justicia.  Este aumento beneficiará, entre otros, al Ministerio de Justicia, al Poder Judicial y a la fiscalía, detalló.  MEF  El Gobierno aportará US$73 mlls. para esta iniciativa, dijo Alva.","elcomercio","28/11/2019"
"Lionel Messi sigue acumulando marcas con la camiseta del Barcelona","Por ahora, ya suma 32 asistencias en la Champions League, está a once del galés Ryan Giggs, figura histórica del Manchester United.  Técnico azulgrana Ernesto Valverde. El consenso ayer en el Camp Nou fue que el reinado de Lionel está lejos de conocer fecha de caducidad.  Cuatro minutos después, el crack rosarino confirmó que su partido 700 con la camiseta del Barcelona iba a ser histórico. A los 33’ anot y con eso el primer tiempo cerraba con total tranquilidad para los fanáticos catalanes.  -Trilogía esperada-  Solo faltaba un detalle para que la noche sea ideal en el Camp Nou: que el tridente de ataque pudiera funcionar en Champions League.  El francés Ousmane Dembélé salió lesionado y, de pronto, llegó la oportunidad para que Antoine Griezmann se integre a esa fiesta. Quien le entregó la invitación fue el iluminado Messi con un pase de colección. Eso fue el 3-0 (Jaden Sancho descontó a los 77’ para el 3-1) y la confirmación de que aún podemos ver una mejor versión de este Barcelona, que confirma su clasificación a octavos de final como primero de su grupo.  A un mes de cerrar este 2019, lo de Lionel Messi es un mensaje de vigencia. Su inicio de temporada fue accidentado, con lesiones y con distancia de su mejor versión. Ayer la Champions League pudo encender las luces de uno de sus hijos más predilectos.  El Borussia Dortmund fue reducido a una mínima versión, a pesar de su conocida jerarquía. Ter Stegen fue exigido muy pocas veces (y cuando eso pasa también responde).  Si bien, aún los nostálgicos buscarán los videos del Barcelona de Guardiola o el de Luis Enrique, este equipo de Valverde cumple en el tema de los resultados. La deuda era el funcionamiento y eso ayer exhibió mejoras notables. Toca esperar cómo evolucionará este cuadro en el 2020, cuando lleguen las etapas más decisivas y exigentes en esta edición de la Liga de Campeones.  Este lunes será oficial la entrega del Balón de Oro 2019. Lo exhibido por Messi no lo consagra como candidato único, pero al menos silenciará a quienes puedan cuestionar que levante por sexta vez este trofeo.  Messi es Maradona todos los días  Champions ● En otro recital de Lionel Messi, Barcelona superó 3-1 al Borussia Dortmund ● El ‘10’ argentino cumplió su partido 700 en el club catalán.  Kenyi Peña Andrade  Decía Santiago Segurola que Lionel Messi no puede ser comparado con Diego Armando Maradona. Para el periodista español, Lionel cumple el papel de Diego no solo en un mundial de fútbol, sino también todos los días. Lo que hizo Messi ayer ante el Borussia Dortmund puede ser descrito de esa manera. Aunque hay una definición mejor y es del argentino Juan Pablo Varsky. Lo mostrado por la ‘Pulga’ es la rutina de lo extraordinario.  Un gol y dos asistencias para el 3-1 ante el cuadro alemán. Si Lionel Messi está bien, el Barcelona solo puede recibir noticias gratas. El Borussia aparecía como un rival que podía presentar oposición en defensa, sin embargo el argentino estuvo inspirado y eficaz.  Cuando el partido comenzaba a enredarse, apareció Messi con un pase acertado a un ‘9’ que difícilmente falla en esa posición frente al arco rival. Luis Suárez anotó el 1-0 e hizo más distendido el manejo del encuentro (29 minutos).","elcomercio","28/11/2019"
