"headline","content","newspaper","date"
"acciones de los pases latinoamericanos al asiático caerán","China es el principal socio comercial de Brasil, Chile, el Perú y Uruguay, y el segundo socio comercial más grande para varios otros países de la región.  En Chile, el Gobierno ha dicho que las exportaciones de salmón y frutas ya se han visto sustancialmente afectadas, entre otras cosas porque no hay trabajadores en varios puertos chinos para descargar los contenedores de productos chilenos.  Un reciente informe del Fondo Monetario Internacional (FMI) que pasó casi desapercibido incluyó el coronavirus entre los “riesgos significativos a la baja” para las economías latinoamericanas en el 2020. Antes del estallido de la epidemia, se proyectaba que la economía de América Latina creciera un magro 1,6% este año.  “Hay mucha incertidumbre”, me dijo Alejandro Werner, el director para América Latina del FMI, en una entrevista telefónica. “Si esto se prolonga más allá de la primera mitad del año, la recuperación económica de la región sería menor”, agregó.  Según estudios internos del FMI, los países más afectados serían los exportadores de productos básicos de América del Sur. Chile depende de las exportaciones a China para el 34% de sus exportaciones mundiales, Perú para el 28% y Brasil para el 26%.  Si el crecimiento económico de China cayera en un punto porcentual –del 6% al 5% anual– este año por el coronavirus, el producto bruto de Chile y el de Perú se reducirían entre 0,3% y 0,5% cada uno, según el FMI.  Para Brasil, la economía más grande de la región, el impacto sería algo menor, porque Brasil depende menos de las exportaciones que otros países de la zona.  Alicia Bárcena, directora ejecutiva de la Comisión Económica de las Naciones Unidas para América Latina y el Caribe, me contó que muchos exportadores latinoamericanos de productos básicos se verán afectados por este mal. “China está reduciendo sus importaciones de productos perecederos como el aceite de soya y frutas que son precisamente el tipo de productos que exportan a China los países sudamericanos”, me explicó Bárcena. Algunos especulan que puede haber un efecto positivo para América Latina si una desaceleración en el comercio mundial obliga a Estados Unidos a reducir sus tasas de interés para estimular su crecimiento. Argentina y otros países endeudados se beneficiarían, por ejemplo, porque sus pagos de deuda externa están atados a las tasas de interés estadounidenses.  Aun así, el impacto general en la región sería negativo, afirm Fausto Spotorno, jefe del Departamento de Economía de la universidad Argentina de la Empresa.  “El impacto negativo de una desaceleración del comercio mundial sería mayor que el efecto positivo de un recorte en las tasas de interés de Estados Unidos”, detalló Spotorno. Sin embargo, hay algunas razones para no ser excesivamente pesimistas. El virus puede comenzar a retroceder en abril gracias al calor cuando llegue el verano en China, según los científicos. En ese caso, el crecimiento económico de América Latina proyectado podría recuperarse en la segunda mitad del año.  Brasil está experimentando una recuperación económica gracias a sus nuevas reformas pro libre mercado. México, la segunda economía más grande de la región, podría ver un aumento en las inversiones extranjeras gracias al reciente acuerdo de libre comercio entre Estados Unidos, México y Canadá.  En resumen, la epidemia de coronavirus de China es una amenaza mucho mayor para América Latina que para Estados Unidos. Si es un problema de corta duración, será manejable. Si aún estamos hablando de este tema en junio, será un gran problema.","elcomercio","10/02/2020"
"La lucha contra los carteles de droga de México","Desmantelando el narcoestado  Giovanni Grillo  Periodista  Los fiscales federales de Brooklyn están presentando cargos por tráfico de drogas contra Genaro García Luna, un arquitecto clave de la guerra contra las drogas del expresidente de México Felipe Calderón. El caso está siendo visto por el mismo tribunal que condenó a El Chapo el año pasado. Pero de alguna manera este caso es aún más importante. Mientras que las historias de los señores de la droga alimentan un sinfín de películas, series de televisión y novelas, sus condenas no han aliviado el baño de sangre en México. Algunos activistas y académicos llevan mucho tiempo pidiendo que se persiga a los habilitadores políticos de los genocidas. Los cargos contra García Luna son consecuencia de la condena del hermano del presidente hondureño Juan Orlando Hernández por cargos de tráfico de cocaína en octubre y de varias causas contra funcionarios venezolanos. Es probable que esos esfuerzos sean más eficaces para reducir el poder de los carteles que clasificarlos como terroristas, como consideró el presidente Trump.  Bajo el liderazgo de García Luna, los mafiosos acusados confesaron en videos, describiendo cómo masacraban y mutilaban a sus víctimas, los cuales se reprodujeron en las noticias de la noche. Tenían la intención de mostrar cómo los malos estaban siendo capturados, pero las descripciones gráficas de los asesinatos en masa solo parecían aterrorizar más a la gente. Al mismo tiempo, los homicidios y desapariciones se dispararon, así como las denuncias de abusos por parte de las fuerzas de seguridad. La acusación de que un funcionario clave detrás de esa campaña trabajaba con traficantes hace que este capítulo de la historia de México parezca aún más oscuro.  El caso contra García Luna ayuda al presidente Andrés Manuel López Obrador, quien afirma estar transformando México y acabando con la pobreza y la violencia. Subraya cómo las guerras de carteles se remontan a gobiernos anteriores y silencia las críticas de los expresidentes.  Pero López Obrador está fallando en capitalizarla y en conducir efectivamente a la nación hacia la paz. Su gobierno ha prometido romper con la fallida guerra contra las drogas y acabar con la corrupción, más emblemática en los funcionarios de policía que trabajan con los narcos. Sin embargo, estas buenas intenciones no se han materializado y no está apoyando los esfuerzos de la sociedad civil de México para salir del agujero de la violencia.  López Obrador podría abrazar sus llamados e intentar unir a la sociedad mexicana contra el derramamiento de sangre. En cambio, se niega a reunirse con ellos, diciendo que no quería “hacer un show, un espectáculo”. Los mexicanos no pueden seguir viviendo bajo asedio. Y si las altas tasas de homicidio no se frenan, un político mexicano podría levantarse prometiendo una represión militar de línea más dura que la llevada a cabo por García Luna.  Romper el poder de los carteles del crimen en México puede parecer una tarea imposible. Sin embargo, muchas de las soluciones están a la vista en ambos lados de la frontera. Los Estados Unidos pueden aprovechar este nuevo impulso para perseguir a los funcionarios corruptos y sus redes de dinero, detener el flujo de armas a los gánsteres y trabajar para hacer frente al abuso de drogas que alimenta a los carteles. La administración de López Obrador puede canalizar recursos hacia los barrios pobres, donde los carteles reclutan, y cumplir su promesa de apoyar a las víctimas de la violencia para obtener justicia.","elcomercio","10/02/2020"
"Opinión","-31-  Rolando Arellano  Presidente de Arellano Consultores y profesor de Centrum Católica  Cómo va la economía peruana? La respuesta a esta pregunta siempre será engañosa, porque hay muchas economías, dependiendo de lugares, grupos sociales y estilos de vida del país. Veamos.  El lector probablemente dirá que no va muy bien, pensando en lo que ocurre en Lima. Olvida que la economía va mucho mejor en Ica y en Trujillo, con su creciente agroindustria de exportación; y peor en la sierra sur, castigada por las trabas a la inversión minera. Cada zona tiene sus variantes.  Por otro lado dirá que el costo de vida es muy alto aunque eventualmente lo comparemos con Estados Unidos que es mucho más caro que el Perú. Sabemos así que, si un menú popular en Nueva York cuesta 12 dólares y uno aquí 4, alguien que gane US$3.000 en la Gran Manzana tiene la misma calidad de vida que un limeño de US$1.000. Lo extraño es que ese mismo criterio casi no se usa para comparar Lima y provincias, y menos los distritos limeños.  De hecho en nuestras consultoras sobre estrategias de precio encontramos que el costo promedio Hay muchas de la mayoría de los productos y servicios es mucho menor en Comas, en la periferia, que en el tradicional barrio de San Isidro. As, los comensales pagan menos de la mitad que los sanisidrinos por colegios para sus hijos, comprar o alquilar vivienda, vestirse a la moda, comer o cortarse el pelo. Y por eso, aunque ganen ‘poco’, su nivel de bienestar no es proporcional a su menor ingreso. Y en el menú de 8 soles en Comas dan yapa.  Y también encontramos que los precios, base de la percepción de la situación económica, tienen connotaciones diferentes según los estilos de vida de las personas. Los formalistas (empleados dependientes y con ingresos fijos) ven por ejemplo la tasa de crédito como un precio fijo a pagar según sus ingresos actuales. Los progresistas (empresarios independientes pequeños o grandes) más bien la evalúan en función de lo que podrían producir de manera incremental con ese préstamo. Y por ello la percepción de si un interés es muy caro o muy barato es totalmente distinta. De hecho, la percepción de estabilidad económica del país depende mucho de la capacidad de las personas para adaptarse a las fluctuaciones. Un formalista se preocupará mucho porque los precios suben y su sueldo no, mientras un progresista sabe que puede (y debe) subir los precios de sus productos o servicios para adaptarse a los cambios del mercado.  Por cierto, si los políticos y empresarios hicieran este análisis en lugar de solo mirar ‘su’ economía, sus decisiones de precios y prioridades de obras serían mucho más acertadas. Porque, más que una economía de país, existen grupos que tienen recursos, necesidades y economías variadas. Que tengan una buena semana.  -32-","elcomercio","10/02/2020"
"LA NUEVA MARCHA","La Unión de Galleros del Perú y la Asociación Cultural Taurina han convocado a sus bases en todo el país para volver a marchar por el Centro de Lima el viernes 21 de febrero a las 9:00 a.m., ante el debate en el TC de la ponencia del magistrado Carlos Ramos, el martes 25 de este mes, que si bien propone declarar infundada la demanda que pretende prohibir esas manifestaciones culturales, incluye muy cuestionables disposiciones que la demanda no contemplaba.","elcomercio","10/02/2020"
"TRUMP Y UNA VICTORIA POLÍTICA EN FRECUENCIA MODULADA","El resultado del juicio político contra el presidente estadounidense Donald Trump puede ser visto desde muchos ángulos dentro y fuera de Estados Unidos. Para algunos, es el claro ejemplo de la polarización que vive el país y las diferencias irreconciliables, a estas alturas de la situación, entre republicanos y demócratas. Otros dirán que se trata de una gran victoria para Trump. Y realmente lo es.  De hecho, es la más importante y medular en su quehacer político, algo que ciertamente debería aprovechar para vigorizar aún más su campaña hacia la reelección de noviembre.  Pero en el análisis frío y alejado de cualquier vinculación partidista, la lucha por sacar a Trump de la Casa Blanca ha sido una prueba de que la institucionalidad y la independencia de poderes no atraviesan su mejor momento.  Hagamos a un lado los intentos de los demócratas por demostrar el abuso de poder del mandatario al haber intentado frenar la ayuda militar, ya aprobada por el Congreso, a Ucrania. O la destacada presentación que hizo Adam Schiff, el demócrata californiano que sazonó el juicio político como fiscal del proceso, con precisiones y comentarios que, de haberse tomado en cuenta, habrían equilibrado el trámite de rigor.  Menciono este punto debido a la ausencia del exasesor nacional de seguridad de la Casa Blanca John Bolton, el hombre de quien se dice fue el primero en conocer las intenciones que tenía Trump de congelar la asistencia a Ucrania con el ardid de la investigación contra el exvicepresidente Joe Biden y su hijo Hunter.  El testimonio de Bolton hubiese sido un elemento diferencial y de primera mano, pero rápidamente fue arrinconado por el propio mandatario (desde su cuenta de Twitter, por supuesto), acusándolo de ser un exfuncionario molesto y sediento de venganza por haber sido despedido de su cargo.  El rechazo de los republicanos a los testimonios presentados en el juicio, y la insistencia de algunos miembros que argumentaron que habían escuchado suficiente no deja ninguna duda sobre los intereses políticos en juego y la sólida unidad del Partido Republicano a la hora de salir en defensa de Trump. No hace falta mencionar a todos. Con la sola figura del líder de la mayoría en el Senado, Mitch McConnell, basta y sobra. Trump ha sido absuelto de un juicio que estuvo enmarcado desde el inicio en un caso de política exterior, pero que tuvo ramificaciones sobre el manejo de su autoridad y equilibrio como mandatario de un país polarizado hasta el tutano.  Seamos honestos: en tres años en la presidencia, Trump ha demostrado que no le interesa llevar en armonía el manejo de la política exterior y que, al mismo tiempo, ha sido capaz, como ningún otro, de resistir a los embates de sus adversarios y funcionarios de buena fe (todavía los hay), que consideran un abuso de poder varias de las decisiones que ha tomado Trump junto con su amigo y abogado personal Rudy Giuliani. Sí, el mismo Giuliani que era visto como el político más popular y respetado de Estados Unidos, de acuerdo con un sondeo publicado en noviembre del 2006 por la Universidad Quinnipiac.  Trump utilizará ahora, y hasta la saciedad, el final y la naturaleza que tomó el desarrollo del juicio político como un arma de ataque y defensa contra el candidato demócrata que asome en la disputa electoral del 2020.  Inflexible y desafiante, Trump continuará diciendo que el juicio político fue un acto circense y una patética orquestada por la lideresa de la minoría demócrata en el Senado, Nancy Pelosi. Y que las voces que se oyeron, además de las que no se dejaron escuchar, no hubieran alterado el curso final sobre su absolución.  Tomando distancia de todos los comentarios que ha hecho Trump frente a la prensa y las acusaciones que suele hacer en Twitter, el impacto de lo que fue el juicio político a su legado no irá más allá de lo que habían calculado sus adversarios.  Lo que preocupa, al final de todo, es que el peso de los testimonios en el juicio se haya ninguneado y que la voz de los principales actores que vieron el abuso de poder en la Casa Blanca, y que lo denunciaron a tiempo, no tuviesen mayor eco ni espacio de acción.  En este caso, la historia no terminará juzgando a Trump. El Partido Republicano se encargará de hacerlo.","elcomercio","10/02/2020"
"AUSENCIAS QUE MARCAN LA HISTORIA","Desde los Juicios de Nuremberg a la Corte Penal Internacional  Auschwitz y la justicia penal internacional  El 27 de enero, se conmemoraron los 75 años de la liberación del campo de concentración de Auschwitz. Los horrores ah cometidos forman ya parte de la memoria colectiva. Solo ese campo significó la muerte de más de 1 millón de personas. El horror de Auschwitz fue posible, entre otros factores, por un sistema jurídico que legalizó conductas discriminatorias contra ciertos grupos humanos. Así, la ley y el derecho, herramientas que tradicionalmente se emplean para evitar la arbitrariedad, fueron usadas precisamente para conservarla e incrementarla. Ante ello, Auschwitz no puede analizarse sino como una gran derrota del derecho.  Sin perjuicio de ello, el derecho supo volver a reinventarse como una herramienta para intentar alcanzar, al menos imperfectamente, el ideal de la justicia. Un primer ejemplo de aquello fue la decisión de los aliados de juzgar a los principales responsables ante el Tribunal Militar Internacional de Nuremberg. Posteriormente, las potencias ocupantes llevaron adelante otros juicios contra los responsables de diversos crímenes, tales como el juicio de los doctores, el juicio de los jueces, o el juicio de IG Farben (contra los directores de la empresa que había proporcionado el gas utilizado en los campos de exterminio).  Los procesos judiciales realizados con posterioridad a la Segunda Guerra Mundial no estuvieron exentos de críticas. Algunos de sus opositores objetan que los juicios correspondieron a una clásica forma de justicia del vencedor, en tanto se persigui exclusivamente a los vencidos, pero no se tomaron acciones legales por los crímenes cometidos por los soldados de las fuerzas aliadas.  Es común decir que Nuremberg y los aprendizajes ah obtenidos fueron los cimientos de la actual justicia penal internacional. La verdad es distinta. Lo cierto es que las lecciones del horror de Auschwitz no fueron puestas en práctica sino hasta casi 50 años después. Fue precisamente un nuevo fracaso de la comunidad internacional lo que gatilló la creación de dos nuevos tribunales –en 1993 y 1994–, para lidiar con los horrores en la ex Yugoslavia y en Ruanda. Dichos tribunales adoptaron los aprendizajes obtenidos en Nuremberg: juzgaron a individuos de distintos bandos, eliminando el cuestionamiento sobre la justicia del vencedor. Pero otras falencias seguían presentes: la comunidad internacional seguía reaccionando tardíamente al horror, creando tribunales con posterioridad a la ocurrencia de los hechos respecto de los cuales, había existido el compromiso de nunca más.  A partir de dicha experiencia se evidenció la necesidad de crear un tribunal de carácter permanente y universal. Fue así como en 1998 se adoptó el Estatuto de la Corte Penal Internacional (CPI), que fuera ratificado por el Perú en el 2001. A la fecha, 123 países son parte de este estatuto. Dicho número, si bien inferior a los 193 miembros de Naciones Unidas, supone un amplio alcance geográfico, que ha permitido a la corte desarrollar exámenes preliminares y abrir investigaciones. De esta manera, la CPI se ha transformado en un actor relevante en la persecución y también la prevención de crímenes internacionales, al difundir la importancia del respeto a los derechos de todos los individuos. Cuenta además con jueces de distintas nacionalidades, entre ellos la jueza peruana Luz Ibéz Carranza.  Lo anterior no significa que la corte constituya una institución perfecta. Se han formulado cuestionamientos sobre las capacidades de la fiscalía para llevar adelante investigaciones exitosas, hay quienes critican que el nfasis puesto en África constituye una forma de neocolonialismo, y han existido controversias vinculadas a la larga duración de los juicios y el significativo costo económico de ellos.  La corte parece haber aprendido las lecciones de Nuremberg, al contar con un tribunal constituido con anterioridad a los hechos, con jueces imparciales, y al mantener el respeto y la deferencia por las jurisdicciones locales. La CPI tiene un carácter complementario a la justicia nacional, lo que permite incentivar el mejoramiento de los procesos judiciales en el ámbito local y la adecuada tipificación de los delitos. El Perú, ha realizado una serie de gestiones para adecuar su legislación nacional e incorporar los crímenes establecidos en el Estatuto de Roma; proceso que sigue en curso. Este proceso de vital importancia en los países que integran el estatuto permitirá a todos los estados partes contribuir activamente a que la promesa del nunca más se haga alguna vez efectiva. Porque lo cierto es que, a 75 años de la liberación de Auschwitz, el horror que ah conoció la comunidad internacional sigue existiendo en varios rincones del mundo.","elcomercio","10/02/2020"
"EL IMPACTO ECONÓMICO DEL CORONAVIRUS","Como si las economías latinoamericanas no tuvieran suficientes problemas, ahora apareció una nueva amenaza al crecimiento económico de la región: la epidemia del coronavirus en China.  No se está hablando mucho de esto en los medios latinoamericanos, pero existe una creciente preocupación dentro de las instituciones financieras internacionales de que esta epidemia podría afectar especialmente a las economías de América Latina, porque China es el principal socio comercial de varios países de la región.  Si la economía de China se desacelera porque decenas de millones de sus ciudadanos han sido puestos en cuarentena y su consumo sigue disminuyendo, las exportaciones de los países latinoamericanos al asiático caerán. China es el principal socio comercial de Brasil, Chile, el Perú y Uruguay, y el segundo socio comercial más grande para varios otros países de la región.  En Chile, el gobierno ha dicho que las exportaciones de salmón y frutas ya se han visto sustancialmente afectadas, entre otras cosas porque no hay trabajadores en varios puertos chinos para descargar los contenedores de productos chilenos.  Un reciente informe del Fondo Monetario Internacional (FMI) que pasó casi desapercibido incluyó el coronavirus entre los ‘riesgos significativos a la baja’ para las economías latinoamericanas en el 2020. Antes del estallido de la epidemia, se proyectaba que la economía de América Latina crecería un magro 1,6% este año.  ‘Hay mucha incertidumbre’, me dijo Alejandro Werner, el director para América Latina del FMI, en una entrevista telefónica. ‘Si esto se prolonga más allá de la primera mitad del año, la recuperación económica de la región sería menor’, agreg.","elcomercio","10/02/2020"
"Engue. En lo que va del año, esta enfermedad ha cobrado 11 víctimas mortales.","Tumbes. Las principales calles y avenidas de la ciudad de Tumbes quedaron totalmente inundadas y se convirtieron en pequeños riachuelos por las fuertes precipitaciones registradas desde las 6:00 a.m. de ayer, según el Senamhi. Defensa Civil registró daños estructurales en diez viviendas.  Personal de la Diresa Huánuco recogió ayer muestras de agua en el río Higueras para su análisis.","elcomercio","10/02/2020"
"Según las investigaciones policiales realizadas en el lugar del accidente, aún no se ha establecido la cantidad de combustible que transportaba el camión-cisterna.","El vehículo pertenecería a la cadena de grifos Raúlito, que provee de combustible a la empresa que ejecuta obras en la carretera Huánuco-La Unión.  Mo, precisó que a la fecha no se ha reportado ningún caso de contaminación por ingestión de agua potable.  — Reposición —  Euber Espinoza, vocero de Sedapal Huánuco, señaló a este Diario que la reposición del servicio en los hogares está programada para el mediodía de hoy. Sin embargo, el funcionario no descartó que el corte pueda prolongarse hasta la mañana del martes 11, en caso de que la Diresa detecte la presencia de combustible en algunas muestras de agua.  Espinoza añadió que la empresa cuenta con una flota de 12 camiones-cisterna que reparten agua potable en cuatro puntos estratégicos ubicados en los distritos de Huánuco, Amarilis y Pillco Marca, donde se concentra la mayor cantidad de la población. Una vez que retorne el suministro, recomendamos a la población dejar correr el agua de 5 a 10 minutos. Hemos previsto hacer un reajuste del cobro por estos días, dijo.","elcomercio","10/02/2020"
"El letal brote originado en Wuhan","Reuters  Transentes utilizan mascarillas y bolsas de plástico al recorrer la estación de trenes de Shanghái, como medida de prevención ante el temor a un posible contagio.  El coronavirus supera en mortalidad al SARS  Evolución ● El 2019-nCoV ya ha causado la muerte de 900 personas ● El número de contagios, que parecía descender durante el fin de semana, volvió a aumentar.  Redacción Mundo  El nuevo coronavirus originado en la ciudad china de Wuhan ha ocasionado el fallecimiento de más de 900 personas, casi todas en el gigante asiático, y ya supera el balance mundial del síndrome respiratorio agudo severo (SARS), aunque la Organización Mundial de la Salud (OMS) asegura que la estabilización del número de nuevas contaminaciones es «una buena noticia».  El virus 2019-nCoV, que apareció en diciembre en un mercado de Wuhan, capital de la provincia de Hubei, suma otros 97 muertos en China continental –sin Hong Kong ni Macao–, un nuevo récord diario, anunció la Comisión Nacional de Salud.  Mientras una parte del país sigue en cuarentena, el balance de muertos en China continental es de 908, a los que se añade un fallecimiento en Hong Kong y otro en Filipinas.  Ese balance global de 910 muertes supera ahora al de la epidemia del SARS que en los años 2002 y 2003 mató a 774 en el mundo.  Virus en el mundo  Hasta la noche del domingo había 360 casos confirmados en unos 30 países y territorios, cinco más que el conteo previo.  — Avance del contagio —  Durante el fin de semana, la OMS señaló que el número de nuevos casos de contaminación diaria en China se había estancado, sin embargo el último reporte de las autoridades sanitarias marcó un nuevo aumento. En China continental, el número de casos confirmados hasta la mañana de hoy (noche del domingo en el Perú) era de 40.171, unos 3.062 nuevos diagnósticos respecto del balance anterior.  El incremento del lunes representó un cambio en la tendencia después de una importante reducción en el número de nuevos casos reportados el domingo: 2.656. La cifra mostraba un declive del 20% respecto de los 3.399 contagios que habían sido registrados el sábado. Eso fue causa de optimismo en ese momento: «El mecanismo conjunto de control de distintas regiones y las estrictas medidas de prevención y control han funcionado», señaló Mi Feng, portavoz de la Comisión Nacional de Salud.  El director del Centro de Infección e Inmunidad de la Universidad de Columbia, Ian Lipkin, dijo en una conferencia de prensa en línea que este mes debería comenzar a verse una «reducción drástica» en el ritmo de propagación de la enfermedad, si funcionan las medidas de contingencia.  La OMS, en tanto, anunció que una misión internacional de expertos, dirigida por el veterano Bruce Aylward, que ya trabajó en otras emergencias sanitarias, ha partido hacia China. Ayer también se reportaron nuevos casos en Japón, Corea del Sur, Vietnam, Malasia, Gran Bretaña y España. Horas antes, Francia ordenó el cierre de dos escuelas después de que cinco visitantes británicos se contagiaron del virus en una villa de esquí.  — En el nombre de Li —  En China, la muerte el viernes del médico Li Wenliang, que había sido acusado de divulgar rumores cuando alertó del coronavirus en diciembre, en el hospital de Wuhan donde trabajaba, conmovió a la población. La madre del oftalmólogo, convertido ahora en mártir frente a los responsables locales acusados de haber escondido la aparición de la epidemia, exigió explicaciones sobre el porqué reprendieron a su hijo.  Además, varios intelectuales publicaron al menos dos cartas abiertas, que circulan en redes sociales, donde exigen a las autoridades que «dejen de limitar la libertad de expresión.","elcomercio","10/02/2020"
"Crucero desembarca en Hong Kong tras cuarentena","AFP  El crucero World Dream, en cuarentena durante cinco días por temor a que sus pasajeros o parte de su tripulación portaran el nuevo coronavirus originado en la ciudad china de Wuhan, fue autorizado a desembarcar en Hong Kong luego de que los exámenes para detectar el virus dieran resultados negativos.  A bordo de la embarcación iban 3.600 personas. La cuarentena comenzó el miércoles, después de que se confirmara que ocho pasajeros chinos que viajaron previamente en la nave estaban infectados por el coronavirus. En ese momento, se temió el contagio de la tripulación por el contacto con esos viajeros, y que esto hubiera resultado en nuevos casos que afectaran al personal del barco y a los nuevos pasajeros.  No es el primer crucero que se topa con problemas a causa de esta epidemia. El barco británico Diamond Princess, entre cuyos ocupantes se han diagnosticado 70 portadores del coronavirus, permanece paralizado en el puerto japonés de Yokohama.  Entre los pasajeros de esta última embarcación, se encuentran nueve peruanos quienes, según informó el embajador del Perú en Japón a El Comercio, no hay reportes de que estén infectados.  Por otra parte, el MS Westerdam, que la semana pasada atracó en Hong Kong, fue rechazado en Filipinas y Japón por temor a la enfermedad, pese a no registrar ningún caso confirmado.  Más de 3 mil personas en el World Dream superaron la cuarentena.","elcomercio","10/02/2020"
"Crónica Primarias democráticas Sanders y Buttigieg se lanzan dardos","Redacción El Comercio  Votación en Nuevo Hampshire de mañana puede marcar tendencias.  Llegaron a la cima de la primera competencia en Iowa, en unas elecciones empatadas por el caos generado en torno a su resultado, que finalmente fue dejado en suspenso por el Partido Demócrata hasta que se haga un recuento definitivo.  Bernie Sanders y Pete Buttigieg llevaron ayer su lucha por la nominación presidencial demócrata a las ondas radiales mientras pugnan por ganar las primarias en el estado de Nuevo Hampshire.  El senador de Vermont de 78 años y el exalcalde de South Bend, Indiana, de 38,  Sanders, un izquierdista cuyo estado natal limita con Nuevo Hampshire, aparece liderando las intenciones de voto, según cuatro encuestas publicadas ayer. En cada una de ellas es secundado por el lugar que ocupó en Iowa, dijeron que sería mucho más difícil para su partido derrotar a Trump si Sanders gana finalmente las primarias.  Las posturas de Sanders en la extrema izquierda del espectro estadounidense, con propuestas como la extensión del programa Medicare a toda la población, han sido recibidas con entusiasmo por Trump, quien dijo la semana pasada: «Creo que es un comunista».  Buttigieg consideró que sería «mucho más difícil» para el partido ganar detrás de Sanders que detrás de un candidato más moderado, casi las mismas palabras utilizadas por Biden en el programa «This Week», de ABC.  «Creo que va a ser increíblemente más difícil» triunfar con Sanders, sostuvo el ex mano derecha de Barack Obama, aunque prometió «trabajar infernalmente para él» si Sanders obtiene la nominación.  Sanders hizo a su vez caso omiso de estas críticas según las cuales es demasiado radical para los votantes estadounidenses.  Lo que se viene  El supermartes  y Bloomberg  Después de Nuevo Hampshire, habrá primarias en Nevada el 22 de febrero y en Carolina del Sur el 29. Luego viene el Supermartes, el 3 de marzo, con elecciones en 14 estados. All aparecer, tras saltarse las cuatro primeras consultas, el magnate y exalcalde de Nueva York Michael Bloomberg.","elcomercio","10/02/2020"
"La Policía mata al presunto asesino de activista brasileña","Adriano Magalhes da Nóbrega, acusado de ser jefe de un grupo paramilitar, era buscado por el crimen de Marielle Franco.  Redacción El Comercio  El presunto jefe de una milicia paramilitar de Río de Janeiro, sospechoso de haber orquestado el asesinato de la concejal afrobrasileña Marielle Franco, muri ayer a manos de la policía en el estado de Bahía, anunciaron las autoridades locales.  Adriano Magalhes da Nóbrega, fugitivo desde hace más de un año, fue localizado por la policía en la zona rural de la ciudad de Eunápolis, dijo la Secretaría de Seguridad de este estado en un comunicado de prensa.  «En el momento de su arresto, disparó contra los oficiales y resultó herido en el tiroteo. Fue llevado a un hospital, pero muri como consecuencia de sus heridas», agregó.  Franco, quien era concejal de la ciudad de Río, fue asesinada a la edad de 39 años en marzo del 2018, cuando su automóvil fue tiroteado.  Lesbiana, nacida en una favela, militante del Partido Socialismo y Libertad (PSOL), Franco denunciaba de manera habitual las atrocidades de las milicias paramilitares que propagaban el terror en distritos de Río.  Dos sospechosos del crimen están detenidos, ambos expolicías militares: Ronnie Lessa (48), presunto francotirador; y Élcio de Queiroz (46), acusado de haber conducido el vehículo que persiguió al de Franco.  Los investigadores aún no han identificado a los que encargaron el asesinato, pero la principal sospecha recae sobre la Oficina del Crimen, una poderosa milicia paramilitar presuntamente liderada por Adriano Magalhes da Nóbrega.  Según el diario «Estado de S. Paulo», Magalhes da Nóbrega habría comunicado a sus abogados su temor de ser asesinado para «hacer justicia». ","elcomercio","10/02/2020"
"Cmo un Parlamento termina siendo elegido por solo el 40% de los votantes hbiles?","Desde el 2006, la cifra de ausentismo en las elecciones congresales ha ido en aumento, hasta alcanzar un récord histórico: el 26 de enero, más de seis millones de peruanos habilitados para votar no acudieron a las urnas, cifra que representa –aproximadamente– el 25% del padrón electoral.  Por otro lado, los votos inválidos –es decir, blancos y nulos– alcanzaron un aproximado de 19% de los votos emitidos.  Arturo Maldonado, politólogo especialista en comportamiento político y electoral, identifica algunos motivos que explicaran estas cifras. Para él, el ausentismo y los votos blancos y nulos representan, en muchos casos, una suerte de protesta. No habría que descuidar a las personas que están votando en blanco o viciado, o que se están ausentando de la elección como protesta, no solo contra los partidos políticos, sino contra el sistema de representación en general, explica.  La interrogante que surge, entonces, es de dónde nace esta protesta. Maldonado entiende que el descontento con el sistema de representación responde a un fracaso de los partidos políticos en conectar con la población. Mientras los partidos no hagan su trabajo, no vuelvan a conectar con los ciudadanos desde las bases, yo creo que esto no va a mejorar en el corto plazo. Tenemos un partido de corte teocrático [Frepap] y otro de corte autoritario [Unión por el Per] que han logrado conectar con la gente, pero no tenemos un partido democrático, de izquierda o derecha, que haya conectado con las bases. All está la base de este hastío, señala.  El politólogo Fernando Tuesta –también especialista en materia electoral– discrepa. Según él, el ausentismo responde principalmente a que, para muchos, resulta más barato pagar la multa por no votar que –por distancia o trabajo– acudir a las urnas. Explica, además, que la alta tasa de ausentismo presentada en esta elección tiene que ver con que esta se realizó en enero, mes en el que la gente suele viajar, y con que los peruanos residentes en el extranjero ya no están obligados a pagar una multa por no acudir a votar. De hecho, el porcentaje de peruanos en el extranjero que se ausentaron de las urnas en este último proceso electoral fue de 76%. En el 2016, esta cifra fue de 47%.  Para el especialista, en la mayoría de casos, los votos inválidos no responden a una manera de protestar sino a equivocaciones al momento de emitir el voto.  Para Tuesta, el hecho de que el Congreso haya sido elegido por menos del 40% del padrón electoral no significa que este no sea representativo. No se puede decir que lo que está elegido no es representativo. Lo es, es representativo porque es legal, porque es un resultado que se ha basado en las normas, como la valla electoral, afirma.  Pero, si bien el Parlamento ha sido electo dentro de las normas, Maldonado cree que la poca identificación de los peruanos con las autoridades puede dificultar que estas tomen decisiones trascendentales. Para tomar decisiones importantes, como, por ejemplo, una reforma constitucional, el Congreso tiene que tener una legitimidad alta. Si quisiera hacerlo con la conformación actual, la mitad de la población de los ciudadanos peruanos podría reclamar: Este Congreso yo no lo he elegido y no me representa, indica.  Para Maldonado, una baja representación frente al electorado hábil puede generar un círculo vicioso, pues aquellos que no se sienten representados acaban, en muchos casos, por desconectarse aún más de la política. Por lo tanto, en la próxima elección es probable que no vuelvan a ir a votar, o voten nulo o en blanco, sostiene.  Según la última encuesta de Datum, 53% de peruanos no se sienten representados en este nuevo Congreso.","elcomercio","10/02/2020"
"Odebrecht nunca pierde","Nos acaban de hacer un gol de guacha y la hinchada incondicional aplaude tremenda falla y critica a todo aquel que pretenda desnudar las fallas de una defensa que hace agua. En términos futbolísticos, esta seria la explicación de lo que pasa entre el equipo especial Lava Jato y la constructora Odebrecht, que ha presentado una demanda contra el Perú ante el Centro Internacional de Arreglo de Diferencias Relativas a Inversiones (CIADI) por el gasoducto sur.  Como no podía ser de otra manera, la justificación a esta jugada que de fair play no tiene nada, es que la demanda de 1.200 millones de dólares contra el Perú no afecta para nada el acuerdo de colaboración eficaz entre la Fiscalía y la empresa brasileña, y que esta no tiene sustento alguno.  ¿Acaso el solo hecho de que se haya interpuesto la demanda ya es una derrota para los intereses peruanos?  Este no es el razonamiento del fiscal Rafael Vela, jefe del equipo especial Lava Jato, quien en entrevista a este Diario, señaló que el acuerdo no tiene como causal de revocabilidad el hecho de demandar al Estado Peruano ante algún organismo como el CIADI. Es decir, la colaboración eficaz sigue intacta –con todos sus beneficios–, pese a que la empresa colaboradora interponga una demanda.  Sin embargo y siempre según Vela, la constructora está en su derecho de acudir a un tribunal internacional. Si Odebrecht tiene una pretensión de ese tipo [demanda], que puede ser absurda para muchos, incluso incomprensible, para nosotros está dentro de su derecho. Sí, así como lo lee: Odebrecht tiene el derecho de demandar al Perú. ¡Nos roba, corrompe funcionarios, nos paga una irrisoria reparación, los dejamos vender sus activos y además nos demanda!  Pero como Odebrecht nunca pierde, al menos no en el Perú, el pasado viernes 7 a través de un comunicado expresó su voluntad de suspender el proceso arbitral, garantizando lo más pronto posible el reinicio del proyecto por otro inversionista privado, sin costo para el Estado.  Es decir, retiró la demanda siempre y cuando el Estado retome la obra a través de una nueva licitación, de esa manera recuperan su inversión, con el resarcimiento del capital 100% privado invertido y que permitió el avance físico del 33% de la obra, que hoy en día se encuentra en manos del Estado Peruano. Y oh coincidencia!, el mismo viernes 7 de febrero Martín Vizcarra anunció que se retomará la licitación del gasoducto. Hemos encargado al Ministerio de Energía y Minas para que en el corte que se hace al proyecto, con alrededor del 30% de avance, se licite el saldo para que la población pueda tener gas natural.  A todo esto, sumemos que Odebrecht obstruye el envío de datos al Perú desde Suiza. ¿Significa eso acaso que no sabremos de nuevos codinomes que involucraran a más de un personaje con poder?  Los hechos vienen demostrando que estamos sometidos a Odebrecht y que esta por alguna razón –que más temprano que tarde sabremos– ejercerá un poder especial no solo en el equipo de fiscales, sino también en el mismo Ejecutivo, pues solo esto podría explicar que la constructora se viene saliendo con la suya en todo aquello que se propone.  Odebrecht nunca pierde.","elcomercio","10/02/2020"
"Menos cinco accidentes desde el 2018.","Según el jefe territorial del Cuerpo General de Bomberos para Lima y Callao, el comandante Mario Casaretto, los lugares donde se ha registrado la mayoría de los accidentes de este tipo son los puentes ubicados en el valle Higuereta y en la avenida Brasil.  La Municipalidad de Lima informó a este Diario que, durante el 2020, la Empresa Municipal Administradora de Peaje de Lima (Emape) tiene asignado un presupuesto de S/3’000.000 para el mantenimiento de 146 puentes, viaductos, intercambios viales y túneles bajo su administración. Por ejemplo, se realizarán trabajos en los puentes Huánuco (Rímac), Castilla (Cercado de Lima), valle Higuereta (Surco), y el que está ubicado en el cruce de las avenidas Brasil y La Marina.","elcomercio","10/02/2020"
"El desorden impera","El especialista en temas de transporte Lino de la Barrera sostuvo que no existe un orden respecto al nivel de la altura de los puentes. Por ejemplo, uno ubicado en la avenida Arequipa tiene 3,5 metros de altura. Unos metros más all hay otro de 2,8 metros y luego otro de 4,5 metros. Es decir, se van conectando, pero sin un orden. Si uno analiza el reglamento de construcción de puentes, se identifica que deberían tener una altura mínima, dijo.  El ingeniero experto en puentes Alejandro Sánchez consideró que el de Huánuco y todos los que presenten daños en sus estructuras deberían ser reparados de inmediato, para cumplir ciertas condiciones de seguridad. El daño no avisa nunca, en ese puente [Huánuco] se ve un nivel de deterioro. Tiene buena reserva de resistencia, pero no podemos esperar que esta sea permanente, pues como ha sido impactado, siempre va a haber riesgo de algún daño que genere un colapso parcial, explicó.  Sánchez señaló que usualmente en la capital la altura de estas estructuras no cumple el manual de puentes del Ministerio de Transporte y Comunicaciones (MTC). La altura mínima debería ser 5,5 metros, entonces estos no se han construido reglamentariamente o se han construido con anterioridad al 2001, ya que antes no existiera esa especificación. Se debería hacer un trabajo de bajar el nivel de la carpeta asfáltica, dijo.","elcomercio","10/02/2020"
"Centro comercial es cerrado por accidente en juego mecánico","Municipalidad de Comas tomó la medida luego de descarrilarse un vagón la noche del sábado. Mujer y su hijo se reponen de heridas sufridas.  Además de la clausura temporal, el municipio de Comas impuso una multa de S/8.600 a cada empresa involucrada.  En abril del 2019, una joven muri al caer de un juego en el parque de diversiones Mr. Joy, en un centro comercial en Trujillo.  Una mujer y su hijo resultaron heridos durante la noche del sábado cuando un juego mecánico conocido como el gusanito se descarriló y causó la caída de varias personas, en un centro comercial de la zona de la Pascana, en Comas. Ambos fueron trasladados a establecimientos de salud cercanos.  Unas horas después, el municipio procedió al cierre de todo el centro comercial, que comprende el supermercado Metro, diversas tiendas comerciales, además de los juegos de Diverticenter, que pertenece a la empresa Variedad de Negocios S.A.C.  Se ha procedido a clausurar en su integridad ese terreno, incluyendo los establecimientos internos, hasta que sean retirados todos aquellos elementos que no tienen seguridad, indicó Mery Soto, subgerenta de control municipal de Comas. Esos juegos tienen que ser retirados. Es una de las condiciones para poder levantar la clausura de [este centro comercial de la empresa] Cencosud, recalcó.  Ayer, peritos policiales inspeccionaron el lugar del accidente.  Vanessa Castaeda Salinas se encuentra en una clínica, mientras que su hijo de 5 años fue llevado al hospital Sergio Bernales, en Collique. All, el doctor Julio Silva, director del nosocomio, detalló que se le hizo una intervención quirúrgica y afortunadamente no hubo daño interno, solo un traumatismo de pared abdominal que ha sido reparado. Ambos están en recuperación.","elcomercio","10/02/2020"
"Las obras en la Costa Verde del Callao se reanudarán en 40 días","El gobernador regional del Callao, Dante Mandriotti, anunció que en 40 días se reanudará la construcción de la Costa Verde del Callao. Se espera que la consultora a cargo de la actualización del estudio definitivo del saldo de obra concluya con el documento que empezó a elaborar en enero último.  La futura vía permitirá que las personas que vienen desde Chorrillos y se dirigen al aeropuerto Jorge Chávez puedan hacerlo de manera directa por el circuito de playas. Se evitará, así, el tráfico de Lima Metropolitana.  Esperamos colocar dentro de poco la primera piedra de los más de cinco kilómetros de vía que faltan para completar la interconexión desde La Punta hasta Chorrillos en tan solo 25 minutos. Con tres carriles de ida y vuelta, y ciclovia en todo el litoral, la obra permitirá mejorar los accesos a las playas del Callao, dijo Mandriotti.  El tramo que falta concluir de la obra empieza en el girón Vir, justo en el límite entre San Miguel y el Callao, y comprende las avenidas Haya de la Torre, Arica, Bolognesi, Santa Rosa y Marco Polo.","elcomercio","10/02/2020"
"Palomas, las dueñas de la ciudad","Comen de todo y se enfrentan a pocos depredadores. Pueden causar problemas a la piel. Mara de El Carmen Iriarte  Pocos animales se interponen en el camino de las palomas domésticas, que han sabido aduearse, a pulso, de la ciudad. También conocidas como palomas de Castilla (Columba livia), estas aves se caracterizan por su gran adaptabilidad a las zonas urbanas.  Dicen en el Servicio Nacional Forestal y de Fauna Silvestre (Serfor) que son recurseras. Si no encuentran semillas o frutos –sus alimentos por naturaleza–, son capaces de rebuscar entre la basura y comer, incluso, restos de pollo a la brasa, aunque no hayan nacido como animales carnívoros.  Su tasa reproductiva es alta y salvo uno que otro gato o rata (y ardillas en San Isidro), no hay quien se coma a las palomas o a sus huevos. Jessica Gálvez-Durand, directora de Gestión Sostenible del Patrimonio de Fauna Silvestre de Serfor, explica que, si no se mantiene a raya su población, esto puede generar varias complicaciones sanitarias y ecológicas.  Al ser la paloma una especie exótica invasora, ha ido desplazando y mermando las poblaciones de otras aves. Antes había más cucúles, que sí son aves nativas. Como las palomas domésticas son más grandes y territoriales, dejan a las cucúles sin alimento, señala.  Según Gálvez-Durand, a diferencia de las aves nativas, como los gallinazos, las palomas no cumplen ningún rol. Los gallinazos son recicladores. Tienen su lugar ganado en el ecosistema. La paloma no tiene ningún rol más que como transmisor de enfermedades, dice.   Instalan bicirrieles en puentes de Magdalena  Canaletas ayudan a trasladar bicicletas hacia las playas de la Costa Verde.  La Municipalidad de Magdalena del Mar acaba de instalar un sistema para facilitar el traslado de ciclistas hacia la Costa Verde. Se trata de los bicirrieles, unas canaletas que se encuentran en los puentes peatonales de dicho distrito que llevan al circuito de playas.  Se colocaron canaletas metálicas adosadas a las gradas y están ubicadas en los extremos de las escaleras. Se pone la bicicleta en estos espacios para que se deslice y, de esa manera, sea más sencillo su desplazamiento. Ahora, las canaletas se encuentran instaladas en dos puentes peatonales de la Costa Verde, específicamente en las bajadas de Sucre y Marbella.","elcomercio","10/02/2020"
"La gloria es coreana","Parsitos, la notable cinta de Bong Joon-ho, dio el batacazo en el Oscar y se llevó cuatro estatuillas, entre ellas las de Mejor Película y Mejor Dirección. Un triunfo histórico en los premios de la Academia.","elcomercio","10/02/2020"
"Marielle Franco fue asesinada en marzo del 2018 en Río","Franco, quien era concejal de la ciudad de Río, fue asesinada a la edad de 39 años en marzo del 2018, cuando su automóvil fue tiroteado.  Lesbiana, nacida en una favela, militante del Partido Socialismo y Libertad (PSOL), Franco denunciaba de manera habitual las atrocidades de las milicias paramilitares que propagaban el terror en distritos de Río.  Dos sospechosos del crimen están detenidos, ambos expolicías militares: Ronnie Lessa (48), presunto francotirador; y Lécio de Queiroz (46), acusado de haber conducido el vehículo que persiguió al de Franco.  Los investigadores aún no han identificado a los que encargaron el asesinato, pero la principal sospecha recae sobre la Oficina del Crimen, una poderosa milicia paramilitar presuntamente liderada por Adriano Magalhães da Nóbrega.  Según el diario Estado de S. Paulo, Magalhães da Nóbrega habría comunicado a sus abogados su temor de ser asesinado para hacer desaparecer pruebas.  Excapitán de BOPE, batallón de elite de la Policía Militar, Magalhães recibió en el 2005 la medalla Tiradentes, la condecoración más alta del estado de Río, por iniciativa del exdiputado y actual senador Flávio Bolsonaro, hijo del presidente Jair Bolsonaro.","elcomercio","10/02/2020"
"Irán fracasa en su intento de poner en órbita un satélite","Irán lanz ayer un satélite al espacio con éxito, pero falló en ponerlo en órbita, en un revés para su programa espacial al que Estados Unidos acusa de encubrir el desarrollo de sus misiles.  El cohete Simorgh propulsó con éxito al satélite Zafar hacia el espacio, pero la lanzadera no alcanzó la velocidad suficiente para lograr poner al satélite en la órbita deseada, dijo Ahmad Hosseini, portavoz del Ministerio de Defensa.  El ministro de Telecomunicaciones, Mohammad Javad Azari Jahromi, admitió en Twitter que el lanzamiento había fracasado.  Con la ayuda de Dios y las mejoras que haremos para los próximos lanzamientos, esta parte de la misión también se desarrollará bien, precisó Hoseini.  Este lanzamiento, que Estados Unidos calificó de provocación, se produjo en un contexto de tensiones entre Teherán y Washington, después de que Estados Unidos se retirara de forma unilateral de un acuerdo sobre el programa nuclear iraní, en mayo del 2018, y de que reinstaurara una serie de sanciones contra la República Islámica.  -Utilización pacífica- El programa de satélites de la República Islámica preocupa a los occidentales, pero el jefe de la agencia espacial local, Morteza Barari, ha afirmado que Irán apuesta por la utilización pacífica del espacio.  El satélite lanzado pesaba 113 kilos y se preveía fuera capaz de realizar 15 vueltas completas a la Tierra por día. Debía ser colocado en órbita a 530 km de la Tierra por el lanzador Simorgh, que no logró alcanzar la velocidad necesaria para hacerlo.  Su misión principal era recolectar imágenes, en particular para estudiar y prevenir sismos, impedir catástrofes naturales y desarrollar la agricultura.  Ayer también los Guardianes de la Revolución (ejército de élite del régimen) presentaron un nuevo misil balístico de corto alcance, que sería propulsado por un reactor de nueva generación, concebido para poner satélites en órbita.","elcomercio","10/02/2020"
"Suiza aprueba en referéndum una ley contra la homofobia","El 63,1% de votantes suizos aprobó ayer en referéndum que toda discriminación basada en la orientación sexual sea sancionada de la misma forma que el racismo. Solo la discriminación por razones religiosas, raciales o contra grupos étnicos estaba explícitamente prohibida en la legislación helvética, lo que los legisladores intentaron corregir el año pasado aprobando una ley que cubre el vacío existente para la homofobia.  Sin embargo, los parlamentarios chocaron con la oposición de grupos religiosos ultraconservadores que, con el apoyo del partido de ultraderecha Unión Democrática de Centro, lograron reunir las 100.000 firmas necesarias para forzar la convocatoria de un referéndum con el que intentaban dejar sin efecto la penalización de la homofobia.  Sus argumentos eran la supuesta amenaza que suponía la legislación antidiscriminatoria a la libertad de expresión y su oposición a que la comunidad LGBTI fuese objeto de protección específica. Decían que las leyes ya previenen los insultos por orientación sexual.","elcomercio","10/02/2020"
"Desarrollan nueva técnica para analizar el suelo lunar","Un equipo de expertos, dirigidos por la investigadora Jennika Greer, creó una nueva forma de analizar el suelo de la Luna, a través de un solo grano de polvo. La técnica puede ayudar a aprender más sobre las condiciones en la superficie lunar y la formación de recursos como el agua.","elcomercio","10/02/2020"
"Alerta: El dormir poco puede afectar la salud mental de los niños","Menores que duermen menos de 7 horas tienen un mayor riesgo de presentar depresión, ansiedad, comportamiento impulsivo y bajo rendimiento cognitivo. As lo revela un estudio que recoge la revista Molecular Psychiatry. Lo recomendable es de 9 a 12 horas de sueo.","elcomercio","10/02/2020"
"Algunos mamuts tenían deficiencias genticas","Una nueva investigación que publica Genome Biology and Evolution encontró que una pequeña población de mamuts lanudos desarrolló defectos genticos que podrían haber sido fatales para la especie. Se analizó el ADN de un mamut de la isla Wrangel, ubicada en Rusia.","elcomercio","10/02/2020"
"Un atisbo a la detección gentica del cáncer","La semana pasada, la revista Nature publicó una serie de 23 artículos sobre la relación entre la genética y el cáncer, y se dieron a conocer hallazgos extraordinariamente importantes. Por ejemplo, permiten explicar que el 95% de los cánceres tiene un origen gentico y que es posible detectar mutaciones 15 años antes de que aparezca el tumor maligno, lo que da pie a que algún día se tenga una detección gentica de este mal.  Que el cáncer es una enfermedad de origen gentico, es decir, ocasionada por mutaciones en los genes, es un concepto antiguo. Al respecto, es importante aclarar que gentico y hereditario no significan lo mismo. El 95% de los cánceres tiene origen gentico, pero solo 10% a 15% es hereditario; es decir, se transmiten de padres a hijos.  Constituido por los 46 cromosomas heredados de los progenitores (23 del padre y 23 de la madre), el genoma contiene miles de genes (aproximadamente, 30.000 en el ser humano), que determinan las características fsicas (fenotipo) y las funciones celulares de la persona. Se acepta que el cáncer es consecuencia de mutaciones (congnitas o adquiridas) de esos genes.  De ah la importancia de las publicaciones científicas antes mencionadas, pues representan el estudio más grande que se ha hecho hasta ahora sobre la relación entre cáncer y gentica.  Como parte del Consorcio Internacional Pan-Cáncer para el Análisis de Genomas Completos, más de mil investigadores de 744 centros de cáncer en cuatro continentes analizaron los genomas de 2.658 muestras de 38 tipos de tumores. El objetivo del estudio fue descubrir las mutaciones genticas que podrían estar asociadas al cáncer en una persona.  El estudio consistió en comparar el genoma del tumor con el genoma de células no cancerosas de la misma persona. De esa manera, los investigadores pudieron descubrir las diferencias genticas entre células normales y cancerosas.  En total, el equipo identificó 705 mutaciones que ocurrieron repetidamente en los genomas de las células cancerosas, sugiriendo que estas son importantes para el crecimiento del tumor. En general, los autores encontraron que los genomas de las células cancerosas contienen un promedio de cuatro a cinco mutaciones, llamadas driver o conductoras, que impulsan el crecimiento tumoral. En el 5% de los casos no encontraron tales alteraciones.  Pero quizás uno de los hallazgos más importantes del estudio –y uno que ha merecido amplia difusión– es que, usando un método de análisis gentico llamado tiempo molecular, los investigadores fueron capaces de identificar mutaciones genticas 15 años antes de que un cáncer de ovario apareciera, y cinco años en el caso de un cáncer de colon, páncreas y pulmón. El estudio descartó además la hipótesis de que la llamada zona desconocida de los genes (non-coding DNA en inglés) –y que constituye el 98% de los genes– sea el lugar en que se encuentre la mayoría de los genes mutantes causantes de cáncer. El anlisis del genoma de esas regiones –hecho por primera vez en la historia– reveló que menos del 1% de genes causantes de cáncer se encuentra en esa desconocida región.  Por último, una de las contribuciones más importantes de la investigacin es que, al secuenciar tantos tumores, se observó que ha aumentado la proporcin de pacientes que tienen un origen gentico de su cáncer, de menos de 70% a 95%.  Una aplicacin práctica de los estudios publicados –incluso dentro de muchos aos– es que, conocidos esos genes drivers o conductores, puedan diseñarse medicamentos específicos para contrarrestar esas mutaciones. Por ejemplo, en la actualidad, aproximadamente el 20% de mujeres con cáncer de seno son portadoras de un gen driver o conductor llamado HER2, el cual puede ser bloqueado con un fármaco llamado trastuzumab, que brinda una gran ventaja de sobrevida. El gen HER2 se encuentra también en otros tipos de cáncer, como el de pulmón. Otra aplicación práctica –mucho más lejana que la anterior– sería usar modernos métodos de edición gentica para reemplazar las mutaciones causantes de cáncer por versiones normales de esos genes alterados.  Sabiendo que los cambios genticos preceden al desarrollo del cáncer en 5 a 15 años, sería tericamente posible implementar un programa de detección gentica de estos tumores malignos. Imagine, amable lector, que un análisis de genoma le diga a una persona que desarrollará cáncer en 15 años. Sería posible, en teoría, crear medicamentos o métodos de edición gentica que impidan el efecto negativo del gen driver o conductor.  El reto más importante para la aplicación práctica de los estudios –y que ya empezó a ser subsanado en la segunda etapa del proyecto– es la correlación entre los datos del genoma y los datos clínicos de los pacientes.","elcomercio","10/02/2020"
"Descubrimientos Genéticos en Células Cancerosas","pudieron descubrir las diferencias genéticas entre células normales y cancerosas.  En total, el equipo identificó 705 mutaciones que ocurrieron repetidamente en los genomas de las células cancerosas, sugiriendo que estas mutaciones juegan un papel crucial en el desarrollo del cáncer.  Se observó que ha aumentado la proporción de pacientes que tienen un origen genético de su cáncer, de menos de 70% a 95%.  Mucho más lejana que la anterior sería la posibilidad de usar métodos avanzados de edición genética para reemplazar las mutaciones causantes de cáncer por versiones normales de esos genes alterados.  — Detección genética del cáncer —  Sabiendo que los cambios genéticos preceden al desarrollo del cáncer en 5 a 15 años, sería teóricamente posible implementar un programa de detección genética de estos tumores malignos. Imagine, amable lector, que un análisis de genoma le diga a una persona que desarrollará cáncer en 15 años. Sería posible, en teoría, crear medicamentos o métodos de edición genética que impidan el efecto negativo del gen driver o conductor.  — Retos —  El reto más importante para la aplicación práctica de los estudios –y que ya empezó a ser subsanado en la segunda etapa del proyecto– es la correlación entre los datos del genoma y los datos clínicos de los pacientes.   En otras palabras, si bien es muy importante identificar las mutaciones genéticas que llevan al cáncer, es más importante saber a quién pertenecen esas alteraciones; es decir, saber las características clínicas de la enfermedad que sufrió la persona. Por ejemplo, determinar cómo se comportó el cáncer, si tuvo recidivas, cómo respondió al tratamiento o cuál fue el tiempo de supervivencia del paciente, son datos que permitirían ponderar la influencia de esas mutaciones.  No olvidemos que el cáncer es una enfermedad tan heterogénea que no existen dos tumores iguales. Son tan diferentes como la huella digital de una persona.","elcomercio","10/02/2020"
"Radiografía de la Minería en el Sur del Perú","Informe de El Comercio-IPE  Radiografía de la minería en el sur del Perú  PBI de Apurmac, 2014 - 2018 (en millones de S/ del 2007)  7.128 2018  Multiplicación poblacional 2,9  Economía  -25-  Resumen de principales proyectos de inversión minera en el sur del país  En operación  En proyecto  Inversión global  HUANCAVELICA  1.533 Cotabambas  2.900 Apurmac Ferrum  2.800 Los Chancas  ICA  AYACUCHO  APURMAC  CUSCO  1.860 Haquira  PUNO  O  2.200 Pampa de Pongo  Océano Pacífico  1.157 Zafranal  AREQUIPA  431 San Gabriel briellll  MOQUEGUA  De parche en parche  Prácticas de bloqueo afectan la economía local  Un bloqueo en Las Bambas pone en riesgo más de S/1 millón diarios.  Instituto Peruano de Economía (IPE)  Entre el lunes 27 de enero y el último sábado, ciudadanos de las provincias de Espinar y Chumbivilcas, en la región Cusco, bloquearon parte del corredor minero que conecta a la mina Las Bambas con el puerto de Matarani.   El cierre impidió que entraran suministros a Las Bambas y también la salida del mineral hacia el puerto para ser exportado. En esos 11 días, las operaciones y la producción de la mina se ralentizaron progresivamente. De haber persistido la situación, podrían paralizarse completamente; lo que hubiera golpeado la economía de la región Apurmac, donde se ubica el yacimiento.   Esto ya se puso en evidencia durante el 2019. El año pasado también hubo bloqueos a esta misma vía que causaron, en parte, que la economía de Apurmac se contrajera 7,6%, arrastrada por el retroceso de 14% en la producción minera.   Estas protestas tienen su origen en el 2018. Las carreteras que forman el corredor vial Apurmac-Cusco solían ser rutas departamentales; pero, a pedido de los gobiernos regionales, el Ministerio de Transportes y Comunicaciones (MTC) las reclasificó definitivamente como rutas nacionales, lo que facilitaba su mejora. Esto, según las comunidades, habría violado sus derechos a la consulta previa, a la propiedad, entre otros.   En este contexto, en diciembre del 2019 se publicó el Decreto de Urgencia (DU) 026-2019, con medidas cuyo objetivo era simplificar la transferencia de terrenos para hacer intervenciones temporales en este corredor. Dos días después, salió el DU 027-2019 en el que se precisaban mecanismos para la compra de terrenos.   Augusto Cauti, viceministro de Minas del Ministerio de Energía y Minas (Minem), manifiesta su preocupación acerca de cómo se ha tomado el último DU en las zonas de protesta. Hay un tema de mala información, porque en el DU 027-2019 se plantean pagos mayores por los terrenos e incentivos para la venta directa. Se han dado soluciones, pero o no se están considerando o se está malinformando en la zona, sostiene.   — Freno costoso —  Dada la importancia de Las Bambas en el ámbito regional, se puede estimar cuánto le cuesta a Apurmac el hecho de tener paralizado el proyecto. En solo un día, la región puede llegar a perder más de S/1 millón en regalías y ventas locales, además de casi US$6,8 millones diarios en producción minera. Estos montos se pueden estimar sobre la base de cifras reportadas por la compañía minera. En primer lugar, los gobiernos subnacionales dejarían de percibir aproximadamente S/690 mil diarios por concepto de regalías. Este monto diario es suficiente para financiar 1% del presupuesto anual para invertir en educación con el que cuentan las municipalidades de Apurmac, o más del 3% de lo que se destinaría este año al mejoramiento de la infraestructura de salud de la región.   Además, los proveedores de la zona venden unos S/255 mil al día a la mina. As, entre ingresos para el sector público y privado, se suman unos S/945 mil, a los que falta sumarles el movimiento de recursos detrás de los proveedores de la mina. Si bien las operaciones no han parado por el momento, vale la pena resaltar que se trata de la tercera empresa con mayores exportaciones del Perú.   Es importante recordar que las transferencias por regalías a Apurmac retrocedieron 25,7% el año pasado, como consecuencia de los bloqueos que impidieron la exportación de mineral. En tanto, Las Bambas terminó el 2019 con una producción de alrededor de 382 mil toneladas, cifra inferior a las 405 mil toneladas que, a inicios del año, la firma esperaba alcanzar.   — Alternativas —  Con este bloqueo del corredor minero, ya se suman tres episodios de este tipo en los últimos 12 meses. Desde diferentes frentes –públicos y privados– se reconoce hoy que, si bien se necesitan en lo inmediato soluciones como las que se están trabajando, a largo plazo el corredor vial podría requerir un cambio más profundo. Una alternativa en evaluación es la construcción de un mineroducto, de aproximadamente 206 kilómetros de extensión, que atravesaría 20 comunidades de Apurmac y Cusco. Otra opción es la construcción de un ferrocarril que transporte los minerales y, además, dinamicen el comercio en la zona de influencia.   Siendo estos proyectos, por ahora, opciones en evaluación, no se dispone de un estimado concreto de cuánto podrían costar. Sin embargo, como referencia, conviene recordar el mineroducto de Antamina: para reemplazar el transporte en camiones, se construyó un ducto de 304 kilómetros con una inversión cercana a los US$300 millones.   Mientras tanto, las protestas perfilan un panorama incierto para un monto importante de inversiones. Según cifras del Minem, entre Arequipa, Apurmac, Cusco y Moquegua, hay una cartera de 37 proyectos mineros, que incluyen exploración y construcción. Entre todos suman una inversión de alrededor de US$24.501 millones. A su vez, una mayor inversión real en estos proyectos hace, por economías de escala, más viables las alternativas de solución de largo plazo.   Por ahora, el viceministro Cauti resalta que el Gobierno está tomando acciones inmediatas. Otras soluciones tardarán más en cuajar, como el mineroducto que demandaría unos tres años. El tema es ver cómo se puede, con lo que se tiene, generar un consenso para que esto pueda caminar, afirma.   El funcionario subraya que el sector privado sigue apostando por invertir en el país: el año pasado –señala– la inversión minera superó los US$6.150 millones, un flujo 24% mayor al registrado en el 2018. Esto refleja la confianza en el Perú como país con potencial y capacidad para ponerlo en valor, agrega.","elcomercio","10/02/2020"
"Selección Peruana: Cinco Deseos de Ricardo Gareca","Esta semana regresa a Lima para armar su convocatoria  El ‘Tigre’ pide cinco deseos  Selección G El técnico de la Blanquirroja cumple hoy 62 años, mientras se cuentan los días para el inicio de las Eliminatorias G ¿Cuáles son los principales objetivos del argentino para los próximos meses?  PEDRO CANELO  Esta mañana, Ricardo Gareca podría respirar buenos aires. En la capital argentina, junto a su círculo más cercano, el ‘Tigre’ celebrará su cumpleaños número 62. Ser, sin duda, la última pausa que se tomará el entrenador de la Blanquirroja. Lo que le espera en Lima es una lista de urgencias para las próximas Eliminatorias. Aquí los cinco deseos que podría pedir al momento de soplar las velas.  1 Rescatar a Christian Cueva de la crisis deportiva.  Si bien aún no se confirma si la FIFA va a otorgarle el permiso provisional a Christian Cueva, su llegada a Pachuca de México puede significar un poco de calma en medio de tantas tormentas. Cueva ha denunciado al Santos por incumplimientos económicos. El cuadro paulista también está elaborando una defensa ante esta situación legal. De todas formas, el momento que vive ‘Aladino’ es lo que más preocupa en el comando técnico de la Bicolor.   Si esta semana no hay novedades, lo más sensato sería que Gareca prescindiera de él para la fecha doble de marzo.  2 Confirmar si podrá contar con Farfán en el debut.  Jefferson Farfán ha pasado las últimas semanas entre su recuperación física en la pretemporada de Lokomotiv en España y la promoción de la película sobre su vida. Él mismo le dijo a este Diario que iba a demorar un poco estar al cien por ciento. El cuerpo médico de la selección peruana está en constante comunicación con Mosc para conocer con detalle cómo se encuentra el ‘10’ de la Bicolor. Por ahora, Jefferson es otra de las dudas. Sin embargo, su persistencia por recuperarse y la jerarquía que le da a la selección motivan que aún no se le descarte para enfrentar a Paraguay y Brasil.  3 Encontrar el recambio en la zona de ataque.  Es la tarea que más ha costado en los dos procesos de Gareca en la selección. Quizás encontrar el ‘9’ del futuro sería uno de los mejores regalos que podría recibir Gareca en su cumpleaños 62. La buena noticia es que Paolo Guerrero, a sus 36 años, está en un estado físico que permite la ilusión de contar con él hasta el final de estas Eliminatorias. De los nombres que alguna vez aparecieron como opciones para la renovación en la delantera algunos han comenzado de manera positiva la temporada. Alexander Succar ha marcado en la ‘U’ y Beto da Silva ha vuelto al fútbol peruano para buscar continuidad.  4 Hallar variantes en la última Sub 23 de Solano.  Nadie podrá maquillar la realidad de una actuación penosa en el último Preolímpico Sub 23 en Colombia. Sin embargo, hay que aplicar un poco la cabeza fría y buscar lo positivo de este breve proceso con Nolberto Solano como técnico. Creo que de este grupo hay unos tres en condiciones de dar el salto a mayores. Por mí, que los llamen a todos, nos dijo Solano. Gareca siempre buscará ampliar el universo de convocables y por eso viajó hasta Armenia para seguir a esta Sub 23. Ojalá se cumpla la proyección de Solano.  5 Mejorar el arranque de la Eliminatoria.","elcomercio","10/02/2020"
"Resultado de las elecciones del 2020 muestra que PP es una agrupación que no ha despegado en regiones","resultado de las elec-ciones del 2020 muestra que PP es una agrupacin que no ha despegado en regiones y que no hubiera pasado la valla sin su locomotora. Podemos ha hecho una campaña bastante personalista, en el sentido de que Urresti hizo lo que suele hacer una figura presidencial: arrastrar al resto de la lista, dice Incio. Esto le da una perspectiva diferente para el próximo año a Urresti, lo ha catapultado, añade Tenorio.  Es interesante cómo se usó el voto preferencial. En Surco, el 81% de los votantes que marcaron por PP usó el voto preferencial para elegir a Urresti, afirma Incio. El peso electoral de Lima fue suficiente para que los votos por Urresti hicieran que PP superase la valla electoral. En apenas nueve regiones, PP obtiene por encima del 5% de votos válidos. Las circunscripciones electorales más fuertes y donde obtiene curules son Lambayeque, donde en el 2018 obtuvo el gobierno regional; Moquegua, Lima Provincias y Lima Metropolitana.  En la capital, de acuerdo con la data elaborada por Incio y este Diario, Podemos logró menos votos que en el 2018. El resultado es consistente distrito por distrito, excepto en Los Olivos, donde Urresti fue gerente de seguridad ciudadana [ver infografía].  El tema de seguridad es muy importante para la mayoría de peruanos y es algo que con la crecida de la percepción de inseguridad, buscan a alguien que trate de solucionar este problema, señala Incio. Puede haber un sector cínico, la corrupción la pueden considerar crónica, pero en el tema de la lucha contra la delincuencia optan por alguien que la enfrente con decisión, agrega Tenorio.  ¿Qué pudo haber influido para la alta votación de Urresti? Incio y Tenorio coinciden en señalar como factor clave su imagen de lucha contra la inseguridad ciudadana. A eso, Incio le añade su oposición al fujimorismo y al aprismo en el período pasado. Y Tenorio indica que también influyeron su pragmatismo y su capacidad como hombre de inteligencia militar.  El destino de esta bancada estará marcado por la decisión del Poder Judicial sobre el pedido de prisión preventiva contra Luna. Incio considera que Urresti podría utilizar esta oportunidad para mostrarse como un político que no tolera la corrupción y marcar el liderazgo de su bancada. También su destino rumbo al 2021.","elcomercio","10/02/2020"
"Saavedra no declar sentencia por violencia familiar","La virtual congresista de Acción Popular (AP) Minaya Saavedra, quien fue cabeza de lista en la capital, no consignó en su declaración jurada de hoja de vida que tenía una sentencia firme en su contra por violencia familiar. As lo inform ayer Cuarto poder. En el 2013, un juzgado de la Corte Superior de Justicia de Lima declaró fundada una demanda contra Saavedra y su exesposo Marko Sokol en la modalidad de maltrato psicológico en agravio de su hijo. Casi cuatro meses después, este fallo judicial se declar consentido.  Dicha información debió ser incluida por la candidata, sin embargo, su omisión y falsedad [...] debió dar lugar a su exclusión, concluyó el Jurado Electoral Especial (JEE) de Lima Centro 1. No obstante, se remarca que esto ya no es posible, pues la citada corte informó sobre este proceso el 10 de enero, cuando el plazo para exclusiones de candidatos ya había vencido.  Leandro Britto  La virtual congresista será quien presida la Junta Preparatoria. Por ello, se resolvi elevar este expediente a la fiscalía, que deber pronunciarse sobre este tema.  Saavedra indicó que no declar este fallo, pues no aparecía en la ventanilla alguna del JNE y que, al haber cumplido lo que disponía el juez –terapia psicológica– consideró que ya no constituía una sentencia. Remarcó que ella fue víctima de violencia y que increíblemente pasó de denunciante a denunciada.","elcomercio","10/02/2020"
"Jueza evalúa hoy pedido de prisión preventiva para Luis Castaeda","La jueza María Laura Camacho, del Primer Juzgado de Investigación Preparatoria Nacional, evaluará hoy el pedido de prisión preventiva por 36 meses contra el exalcalde de Lima Luis Castaeda Lossio, José Luna Gálvez y Giselle Zegarra. Los tres son investigados por presuntamente haber recibido dinero para la campaña electoral de Castaeda a cambio de favorecer a las empresas OAS y Odebrecht con licitaciones públicas. La audiencia se reanudará a partir de las 9 de la mañana, luego de que el pasado 6 de febrero fuera suspendida por la magistrada, tras un pedido de los abogados.  Milagros Salazar, fiscal del equipo especial Lava Jato, imputa a Castaeda los presuntos delitos de lavado de activos, colusión agravada y asociación ilícita para delinquir en organización criminal. Bryan Khabster, abogado de la exautoridad edilicia, se opuso a la instalación de la audiencia pasada, al indicar que recién le habían sido notificados los anexos con los fundamentos de la prisión preventiva solicitada por la fiscalía. Los abogados de Luna y Zegarra se sumaron al pedido de reprogramación.  Geraldine Cássaro  Fiscal pidi 36 meses de prisión preventiva contra Luis Castaeda. Como informó El Comercio, según el requerimiento de prisión preventiva, Castaeda habría recibido US$480 mil de OAS como aportes para su campaña a la Alcaldía de Lima. La fiscalía considera que hay peligro de reintegración de la presunta organización criminal. Luna, quien dirigió la campaña electoral de Solidaridad Nacional en el 2014, es investigado por los presuntos delitos de lavado de activos y asociación ilícita. Zegarra enfrenta pesquisas por el presunto delito de tráfico de influencias, colusión y asociación ilícita.","elcomercio","10/02/2020"
"Nava declarar sobre aportes de Odebrecht a campaña aprista","El exsecretario general de la Presidencia de la República, Luis Nava Guibert, deberá declarar hoy ante el equipo especial Lava Jato. Esta diligencia forma parte de la investigación sobre los presuntos aportes de la constructora brasileña Odebrecht a la campaña electoral del Partido Aprista en el 2006. Nava será trasladado desde su vivienda en La Molina, donde cumple arresto domiciliario, hasta la sede del equipo especial, ubicada en el Centro de Lima. La cita ha sido programada para las 9 de la mañana.  De acuerdo al testimonio de Jorge Barata, la empresa entregó US$200 mil al partido político a través de Luis Alva Castro. En febrero del 2018, el exsuperintendente de Odebrecht sostuvo ante los fiscales del equipo especial: Solo aportamos al Apra por cuenta de un pedido específico de Luis Alva Castro, una persona que conocemos de muchos años y que dijo que el partido estaba volviendo para competir y que creíamos podríamos aportar. Después de muchas discusiones fueron haciéndose los aportes en esa época. Indicó que se trató de dinero no contabilizado.  Por este caso, el Poder Judicial ordenó el impedimento de salida del país contra Alva Castro. La investigación está a cargo del fiscal José Domingo Pérez.","elcomercio","10/02/2020"
"Las estructuras más afectadas por la negligencia y el abandono","Trabajos de mantenimiento que hará Emape esta semana:  Puente Hunuco (Rmac): Puente de la Av. Brasil (cruce con Av. La Marina): Puente Castilla (valor de la plaza Unión): Av. La Marín Amazonas Av. Brasil Av. Brasil Av. Faustino Sánchez Carrión Hospital Militar Central Av. La Marín Fondo de Apoyo Funerario PNP z a Castilla Plaza Calle Oroya Argentina Av. Argentina Av. Alfonsú Ugarte Av. Emancipación Puente del valor Higuereta (Av. Benavides): Av. Avenida Av. Vía Av. Alfredo Benavides La Castellana Av. Paseo Valo Los Cabritos Av. Alfredo Benavides Av. Tarso Ambo Valo S/ Estudio de preinversión para la colocación de una nueva estructura que reemplace a la existente. La estructura se encuentra reforzada por una viga de protección. Colocación de tachas y gibas metros antes del puente. Colocación de una viga de protección. Trabajos preliminares de reparación como el cercado del lugar. Trabajos preliminares de reparación como el cercado del lugar. Evaluación de daños para determinar una solución técnica a largo plazo. STOP Sealizaciones. No hay fecha confirmada. En los próximos 15 días Apuntalamiento de la bóveda. Cada año hay unos 15 choques contra puentes en Lima y Callao. Daños ● El jefe de la División de Investigación de Accidentes de Tránsito considera que las sanciones a los conductores y empresas deben ser más rigurosas ● Emape iniciará obras de mantenimiento. Claudia Sobero D. El puente del valor Higuereta, ubicado en Santiago de Surco, lleva nueve días cerrado al público en la vía que va de Miraflores a ese distrito. Esto, a causa del impacto de un camión mezclador de concreto de la empresa Mixercon contra la estructura. El vehículo superaba la altura máxima de 3,20 metros. Antes de cruzar el puente, hay un cartel en que se indica solo autos. El año pasado, sucedió lo mismo. El jefe de la División de Investigación de Accidentes de Tránsito, el coronel PNP Olger Benavides Ponce, informó que ellos atienden, al año, un aproximado de 15 casos de vehículos que impactan contra puentes en Lima y Callao. Consideró que las sanciones a los conductores son poco rigurosas y que se debe mejorar la señalización de las medidas del puente, tarea que recae en los municipios distritales y provinciales. Precisó que, por otro lado, cada conductor debe conocer las medidas de su vehículo, para no entrar a ciertos puentes y cometer una imprudencia. En su opinión, las sanciones no solo deben asumirlas los choferes. La recomendación es que a las empresas se les pueda poner una sanción, ya que no está establecido. A aquellas que permiten que sus vehículos sobrepasen su carga o que la modifiquen sin autorización del Ministerio de Transportes y Comunicaciones [...] se les debería quitar el permiso y suspender su licencia de transporte y carga. Deben guiar las rutas de sus conductores y hasta escoltarlos, dijo Benavides. El Comercio recorrió cinco puentes con la mayor cantidad de accidentes: Castilla (valor de la plaza Unión), Hunuco (Rmac), valor Higuereta (avenida Benavides en Surco), Atocongo (Surco) y avenida Brasil (cruce con la avenida La Marina). En este último, han ocurrido al menos cinco accidentes desde el 2018. Según el jefe territorial del Cuerpo General de Bomberos para Lima y Callao, el comandante Mario Casaretto, los lugares donde se ha registrado la mayoría de los accidentes de este tipo son los puentes ubicados en el valor Higuereta y en la avenida Brasil. La Municipalidad de Lima informó a este Diario que, durante el 2020, la Empresa Municipal Administradora de Peaje de Lima (Emape) tiene asignado un presupuesto de S/3000.000 para el mantenimiento de 146 puentes, viaductos, intercambios viales y túneles bajo su administración. Por ejemplo, se realizarán trabajos en los puentes Hunuco (Rmac), Castilla (Cercado de Lima), valor Higuereta (Surco), y el que está ubicado en el cruce de las avenidas Brasil y La Marina. -Alejandro Sánchez Ingeniero experto en puentes Alejandro Sánchez Ingeniero experto en puentes La altura mínima de los puentes debería ser 5,5 metros. No se han construido bajo reglamento.","elcomercio","10/02/2020"
"El cuadro cul venci 3-2 al Betis","Con tantos de De Jong, Busquets y Lenglet, todos con pases de Lionel Messi.  Los dirigidos de Setién siguen dejando dudas en su juego, pero esta vez encontraron los tantos en el balón parado, con lo que aún se mantienen en la pelea en la Liga.  La preocupación pasa porque pasan las fechas y el Barça no mejora, y a fin de mes tienen Champions.","elcomercio","10/02/2020"
"Los sobrevivientes de la Copa Rey salieron a devolverle el honor al Real Madrid","Isco en el medio y Mendy desde la banda izquierda le entregaron fútbol al cuadro blanco, que con un 4-1 sobre Osasuna se mantiene en lo más alto de la Liga. Quinta victoria consecutiva que hace que mantenga la ventaja de tres puntos sobre el Barcelona, que ayer venció 3-2 en su visita al Real Betis. Si hubo dudas en el madridismo tras la eliminación de la Copa del Rey a manos de la Real Sociedad, estas se despejaron gracias al talento de Isco. El volante se encargó de liderar la remontada sobre el Osasuna, que abrió el marcador en el minuto 14. Fue el propio Isco, con un gran remate de volea sobre los 33’, el que puso el empate para los dirigidos por Zinedine Zidane. Es el primer tanto del volante en la presente Liga.","elcomercio","10/02/2020"
"Partidazo","En el Derby della Madonnina, el Inter remontó el 0-2 del AC Milan y terminó ganando 4-2, para ser líder de la Serie A junto a la Juventus. Ibrahimovic marc un gol y dio una asistencia para el Milan. Los ‘Nerazzurri’ remontaron con tantos de Brozovic, Vecino, De Vrij y Lukaku.","elcomercio","10/02/2020"
"Peruana Aydee Loayza Huamán gana la Maratón de Miami","Es la primera experiencia de la atleta en esta modalidad. El deporte nacional sigue en alza. La atleta Aydee Loayza dejó al Perú en lo más alto al ganar la rama femenina de la Maratón de Miami. En su primera presentación en esta modalidad, logró el registro de 2 horas, 46 minutos y 54 segundos, cinco minutos menos que la atleta que llegó en segundo lugar. Con 25 años, es especialista en carreras de trail, en montaña. Incluso participó en el 2019 en la maratón de Villa La Angostura, en la cual logró ubicarse en el puesto nueve. Loayza incursionó en esta competencia para tentar un cupo a Tokio 2020; lamentablemente, se quedó a 17 minutos de lograr la hazaña. Fue muy duro porque te exige un ritmo más fuerte y el piso me quemaba. Lo más hermoso de todo es que respondí con el 2-1 de cabeza sobre los 38’. El capitán jugó su partido de Liga número 440 con el Real, con lo que superó a Fernando Hierro (339), y es el quinto jugador blanco con más encuentros en el torneo local, aunque aún lejos de los 550 que alcanzó Raúl González. Los tantos de Lucas Vázquez y Jovic cerraron la goleada en los minutos ﬁnales.","elcomercio","10/02/2020"
"La deportista nacional cruzando la meta en las calles de Miami.","Ponencia propone se declare infundada. Ante la demanda para prohibir tauromaquia y gallos, se pretende incluir preocupantes y dudosas medidas en contra. La ponencia propone desestimar la demanda porque desde el punto de vista formal no hubo ninguna omisión ni irregularidad en la tramitación de la Ley 30407, que pudiera hacerla inconstitucional, y porque la anterior Ley 27265 de protección animal tenía una excepción similar para la tauromaquia y los gallos. Asimismo, porque como qued establecido en la sentencia 0017-2010 del TC y como es público y notorio –la realidad es incuestionable– la tauromaquia y los gallos son manifestaciones culturales reales a lo largo y ancho del Perú, a las que asisten millones de peruanos. El derecho a la cultura, a su diversidad y a la identidad cultural de los pueblos es fundamental y la Constitución lo consagra.","elcomercio","10/02/2020"
"Toreros y galleros marcharon en enero último y hace más de un año.","Se ha convocado una nueva manifestación, el viernes 21 de febrero, para recorrer las calles del Centro de Lima. El 9 de enero del año pasado, 45.000 personas se manifestaron en el Centro de Lima para mostrar su apoyo a la tauromaquia y a la gallística, y rechazar la demanda de los supuestos animalistas. Supuestos, pues de prohibirse la tauromaquia y los gallos habría que exterminar, sin más remedio, más de 80.000 reses bravas y millones de aves de pelea, pues no tendría sentido mantener animales cuyo único ﬁn es la lidia o la riña. El pasado 9 de enero, 35.000 personas volvieron a marchar por el Centro de Lima para reafirmar que tanto las corridas de toros como las peleas de gallos forman parte de la cultura de millones de peruanos y solicitar la pronta sentencia del TC. Llegaron, para esas marchas, miles de personas de todo el Perú.","elcomercio","10/02/2020"
"Dos puentes peatonales de la Costa Verde","Dos puentes peatonales de la Costa Verde, especialmente en las bajadas de Sucre y Marbella.  A propósito de las facilidades que da este municipio a los ciclistas, Magdalena está trabajando en los estudios de un proyecto para implementar su primera red ciclista de cuatro kilómetros. Este circuito estará interconectado con los distritos limítrofes de San Miguel, Pueblo Libre, Jesús María y San Isidro.  Según el municipio, las vías de la red que llevarán a esta integración ciclista con los distritos vecinos serían las calles Grau, Comandante Espinar, Arequipa y Castilla.","elcomercio","10/02/2020"
"La gloria es coreana","Parásitos, la notable cinta de Bong Joon-ho, dio el batacazo en el Oscar y se llevó cuatro estatuillas, entre ellas las de Mejor Película y Mejor Dirección. Un triunfo histórico en los premios de la Academia.","elcomercio","10/02/2020"
"La noche de Parásitos","El filme coreano fue la sorpresa de los Oscar al quedar con cuatro estatuillas, incluidas las de Mejor Película y Mejor Dirección para Bong Joon-ho. Es la primera película de habla no inglesa en ganar el galardón principal.  En la escuela estudié las películas de Martin Scorsese, así que el solo hecho de estar nominado a su lado es un honor. Bong Joon-ho, Mejor Dirección.","elcomercio","10/02/2020"
"Mejor Película Animada","Toy Story 4 se llevó el Oscar después de vencer a la favorita Klaus. Con ello, la firma Pixar continúa con su racha, aunque en esta edición las propuestas independientes dieron la hora.","elcomercio","10/02/2020"
"Hunuco: cortan servicio de agua por posible contaminación","Desde las primeras horas del sábado, decenas de familias formaban colas en las principales calles y avenidas de la ciudad de Huánuco para abastecerse de agua potable, tras el corte repentino de este servicio debido a una posible contaminación con petróleo en el río Higueras. Esta se habría producido luego del vuelco de un camión-cisterna que transportaba el combustible. El accidente ocurrió el viernes en la localidad de Mitocuchi, en el distrito de Quisqui, a pocos metros de un afluente del río Higueras. La oficina regional de Defensa Civil informó que viene ejecutando un plan de contingencia en el que participan la Diresa, la Defensora del Pueblo y el Organismo de Evaluación y Fiscalización Ambiental (OEFA).","elcomercio","10/02/2020"
"Luca de la Cruz: vida y trayectoria marcadas por la música y la pasión","NA","elcomercio","10/02/2020"
"Cinco deseos de Ricardo Gareca con la Bicolor para celebrar su cumpleaños 62","NA","elcomercio","10/02/2020"
"Unidad de Análisis Político","El Congreso fue escogido por el 40% de electores hábiles. Decisión. Unos 9,8 millones de peruanos son los que finalmente respaldaron a los representantes de 9 partidos que tendrán una bancada hasta el 2021. Balance. Más de 4 millones apoyaron a agrupaciones que no pasaron la valla electoral, 3,4 millones votaron en blanco o nulo y más de 6 millones no sufragaron.","elcomercio","10/02/2020"
"“Parásitos” conquista a Hollywood y al mundo del cine","Historia. Producción surcoreana es la primera de habla no inglesa en triunfar como Mejor Película. Honores. Bong Joon-ho gana la estatuilla a Mejor Dirección. Agradeció a Scorsese y Tarantino. El sorprendente filme asiático además se llevó los premios a Mejor Guión Original y Mejor Película Internacional. Como se prevé, también ganaron Joaquín Phoenix (Mejor Actor) y Renée Zellweger (Mejor Actriz).","elcomercio","10/02/2020"
"Editorial","Essalud está enfermo. Si bien no es un paciente terminal, su condición está lejos de ser estable y, de hecho, el mal parece ser crónico. Editorial de El Comercio. Los padecimientos de Essalud / 17 de noviembre del 2019. Las pandemias del Perú. Si el nuevo coronavirus es por ahora una realidad ajena para el sistema de salud local, el Perú tiene preocupaciones inmediatas, por ejemplo, en el dengue. Ayer, el Ejecutivo oficializ la declaración de emergencia sanitaria en zonas de Loreto, Madre de Dios y San Martín por 90 días. Según el Ministerio de Salud (Minsa), ya van más de 2.500 casos reportados, de los cuales 37 son graves. El ministerio ha informado además sobre una nueva variante de dengue en Madre de Dios, más agresiva con la población en riesgo – adultos mayores, niños menores de 5 años y personas con condiciones como hipertensión o diabetes –. ¿Qué capacidad de reacción tiene el sistema de salud para casos complejos, sobre todo en zonas remotas y de difícil acceso? Y en zonas de alta densidad urbana donde las condiciones de propagación pueden ser aún más retadoras?","elcomercio","10/02/2020"
"Premios de la Academia","El Oscar y sus récords. Mayor número de estatuillas recibidas por una mujer. Actrices con más Oscars: Edith Head (Mejor Diseño de Vestuario); Katharine Hepburn (1933, 1967, 1968 y 1981). Mayor número de premios obtenidos por un hombre: Daniel Day-Lewis (1989, 2007 y 2013); Walter Brennan (1936, 1938 y 1940). Películas con más Oscars ganados: Ben-Hur (1959); Titanic (1997); El Señor de los Anillos: El Retorno del Rey (2003). Walt Disney también es la persona que más premios ha recibido en un único año, con 4 estatuillas.","elcomercio","10/02/2020"
"Habla Culta","Martha Sansi. Este japonés se documenta en el castellano culto del Perú con el significado de nieto o nieta de japoneses, que nace fuera de Japón (Diccionario de peruanismos, APL, 2016). Vea un ejemplo de Caretas: … lo que rescata el maestro sansi (tercera generación) de su estancia en la tierra de sus ancestros es el aprendizaje de una cultura milenaria (9/2/2006). Sansi está en la misma línea de otros americanismos también documentados en el Perú como niki descendiente de japoneses que ha nacido en el extranjero y nisi descendiente de japonés de segunda generación, nacido fuera del Japón.","elcomercio","10/02/2020"
"Un día como hoy hace 100 años","Nuevo distrito limeño. Mediante decreto supremo del 2 de febrero se han convertido en distritos los cuarteles 5 y 7 de esta capital. El cuartel 5 será el Rímac y el 7 será La Victoria. Será alcalde del Rímac Juan Nicolini, y regidores, Nino Casinelli, Pedro Converso, Ángel Corvetto, José Jarpa, Augusto Nosiglia, Julio Pareja, Celso Vásquez y Vicente Vidal. Alcalde de La Victoria será Juan Carbone, y regidores, Nicanor Anaya, Saturnino Andrade, Juan Borea, Enrique Brandini, Juan Casanave, Plácido Galindo, Eduardo Mogrovejo y Wenceslao Pacora. Las nuevas autoridades son solventes vecinos.","elcomercio","10/02/2020"
"Política","La cifra más baja en las últimas dos décadas. La representación de votos en los últimos 20 años. Electores hábiles. Número de partidos. Representación frente al electorado hábil. Sin representantes G. Más de 4 millones de peruanos votaron por partidos políticos que no pasaron la valla electoral y más de 6 millones no acudieron a sufragar el pasado 26 de enero. Ariana Lira Delcore, Martin Hidalgo. Unidad de Análisis Político. Fueron nueve las organizaciones políticas que, el 26 de enero, se ganaron un espacio en el nuevo Congreso de la República: Acción Popular, Alianza para el Progreso, Fuerza Popular, Frepap, Unión por el Per, Podemos Per, Somos Per, Partido Morado y Frente Amplio. Estas, sin embargo, representan únicamente las preferencias de los peruanos que votaron por ellas. Existe, por lo tanto, una cifra que no debería pasar desapercibida. Esta incluye a todos aquellos peruanos que emitieron votos inválidos (en blanco o nulo), a los que votaron por partidos que –por no pasar la valla electoral de 5%– no obtuvieron escaños en el Congreso (más de 4 millones) y los que no fueron a votar (más de 6 millones). Todos ellos constituyen el 60,35% de electores hábiles. En otras palabras, el nuevo Congreso representa las preferencias de un 39,65% de peruanos habilitados para votar. La cifra más baja de los últimos 20 años, en los que el promedio de representación frente al electorado había sido de 58,86%. Las consecuencias de este hecho se traducen en los resultados específicos: en el 2016, Fuerza Popular fue el partido con más votos, lo que le valió un 56,15% de representación en el Legislativo. En el 2011, el humalismo fue la fuerza política que más votos alcanzó, y obtuvo el 36,15% de representación congresal. En estas elecciones, Acción Popular –el partido más votado– obtuvo 25 escaños; esto es, el 19,23% de representación en el Congreso. Esto los convierte en la agrupación política más votada que menor representación logró en las últimas dos décadas.","elcomercio","10/02/2020"
"Sol 2. Esta instancia decidi, el año pasado, darle la razón a la entidad colombiana y declar nulo el contrato en cuestión e impuso un pago menor a lo que pretendía la brasileña (US$61,6 millones, a diferencia de los US$787,5 millones que solicitaba el conglomerado brasileño). Sin embargo, la multinacional llevó en paralelo el caso a la Cámara de Comercio Internacional en París antes de que se emitiera el fallo en el tribunal arbitral de Bogotá. Con Colombia, cabe precisar, aún no se tiene un acuerdo de colaboración con las autoridades.","En el caso argentino, la demanda fue presentada ante el Tribunal de Arbitraje General de la Bolsa de Comercio de Buenos Aires por la resolución del contrato del plan de ampliación de gasoductos. En ella, se solicitaba una indemnización de más de US$50 millones. Sin embargo, una medida cautelar de la justicia común suspendió este proceso mientras se investiguen los casos de corrupción. Argentina tampoco cuenta con acuerdo de colaboración.  Mientras tanto en Brasil un ejecutivo de la compañía dijo que tienen decenas de procesos arbitrales con Petrobras y la Agencia Nacional de Energía Eléctrica (ANEEL). lunes 10 de febrero del 2020","elcomercio","10/02/2020"
"Empresa de titular del Minem prestó servicios a Odebrecht","El ministro Juan Carlos Liu Yonsen fue asesor y a la vez consultor externo de esa cartera en torno al proyecto del gasoducto. rEn Subetapacocha El Ministerio de Energía y Minas (Minem), encabezado por Juan Carlos Liu Yonsen, es un sector clave en torno al proyecto del gasoducto del sur y un actor fundamental frente a la demanda arbitral iniciada por Odebrecht contra el Estado Peruano. Incluso fue parte de las negociaciones antes de que la constructora brasileña decidiera adoptar tal medida ante el Centro Internacional de Arreglo de Diferencias Relativas a Inversiones (Ciadi).  Sin embargo, Liu Yonsen reconoci en un informe de “Panorama” que su empresa Conasac realizó consultoras para Odebrecht. “Prestamos en algunos momentos algunos servicios a Odebrecht, pero eran de naturaleza regulatoria”, coment sin dar mayores detalles.  Además, en su declaración jurada de intereses informó que del 2010 al 2014 fue asesor del ministerio. Y pese a tener tal función, fue consultor externo de esa cartera y su empresa elaboró un informe, en diciembre del 2012, para definir si el proyecto del gasoducto del sur era cofinanciado o autosostenible. “Si Pro Inversión hubiera estado seguro de que el proyecto era autosostenible y no tenía dudas, de repente hasta hubiera prescindido del informe […] Lo que de alguna manera nosotros evaluamos […] fue si los ingresos que podrían provenir de las tarifas podrían cubrir eventuales costos del sistema”, explicó.  El documento se tituló: “Proyecto mejoras a la seguridad energética del país y desarrollo del gasoducto sur peruano”. Fue presentado el 3 de enero del 2013 por el entonces titular del sector Jorge Merino Tafur al director de Pro Inversión. Merino solicitó además incorporarlo al proceso que dio origen a la licitación del gasoducto, adjudicado en el 2014 al consorcio Gasoducto Sur Peruano, que encabezó Odebrecht.   Merino es investigado en la actualidad por colusión por el equipo Lava Jato.  “Este informe fue presentado por el ministro como parte de lo que el reglamento de la ley de las APP de esa época señalaba que deba presentarse. El Ministerio de Energía y Minas de la época no podía encargar a Pro Inversión que llevara adelante este proyecto sin el informe que se denominaba en el propio reglamento: informe de evaluación”, detalló.  El ministro declaró que no conoce a Jorge Barata, exsupervisor de Odebrecht en el Perú. Sin embargo, dijo que durante su gestión se reunió con algunos funcionarios de la empresa antes de que esta decidiera presentar la demanda arbitral ante el CIADI, en que pide US$1.200 millones como indemnización.","elcomercio","10/02/2020"
"La locomotora de Podemos y los temblores internos","Partido de Daniel Urresti obtuvo baja votación en regiones, pero el voto limeño fue suficiente para pasar la valla. Analista señala que resultado coloca a exministro en una perspectiva diferente para el 2021. jonathan castro  Otros integrantes Entre los congresistas electos hay dos exmilitantes del Partido Nacionalista y dos de Alianza para el Progreso.  También figuran un exmilitante y dos excandidatos de Solidaridad Nacional, partido en el que Luna Gálvez fue secretario general.  La fiscalía ha solicitado prisión preventiva contra Luna Gálvez por 36 meses.  Esta, sin embargo, no es la primera vez que Urresti promete hacer a un lado a Luna Gálvez.  Se sentó entre Daniel Urresti y el primer ministro Vicente Zeballos. José Luna Gálvez, excongresista, fundador de Podemos Perú e investigado con un pedido de prisión preventiva en su contra por el Caso Odebrecht, inició allí una explosión en cadena que se activó una vez que dejaron Palacio de Gobierno.  El virtual congresista Daniel Urresti ha reclamado ante cámaras el liderazgo de la bancada de su partido mientras promete que no van a blindar a Luna Gálvez. “La bancada de Podemos Perú la dirijo yo, por mí han pasado la valla”, exclamó. Esta situación escaló hasta un enfrentamiento con el secretario general de la agrupación, Enrique Wong, en RPP Noticias. A través de las redes sociales, Luna ha mandado mensajes en el mismo sentido que Urresti: “Jamás permitiré que alguno de ellos emplee un solo minuto de su labor en defenderme. En este partido no existirán blindajes de ningún tipo”.  ¿Es una confrontación o una estrategia? Para el analista político Pedro Tenorio, en la primera etapa, que es la elección, Urresti y Luna se han utilizado mutuamente. “Cada uno ha tenido intereses: para el primero es alcanzar una curul, como plataforma para algo más, porque no vamos a creer que Urresti se va a jubilar en un año; y Luna ha buscado en Urresti el candidato que no tenía [para obtener bancada]”, señala. Ahora, afirma, a cada uno le conviene tirar para su lado. “Creo que fue un error de cálculo respecto a Luna Gálvez. Él [Urresti] pensó que podía manejar el partido y a la cúpula de Podemos con su actitud. De lo que no se dio cuenta es de que él también ha sido usado para que Luna Gálvez tenga una representación en el Congreso”, señala el politólogo José Incio. Para él, la bancada no necesariamente se va a mantener alineada a Urresti.  Esta, sin embargo, no es la primera vez que Urresti promete hacer a un lado a Luna Gálvez. Cuando Urresti postuló a la Alcaldía de Lima por el mismo partido, declar al diario “Correo” –sin que se lo preguntaran–: “Si a mí, el señor [José] Luna me quiere imponer gente, imponer obras, yo voy a salir a denunciarlo ante los medios. Voy a decirle hasta aquí nomás”. Luna no tenía un pedido de prisión preventiva encima, pero sí cuestionamientos por su relación con el exalcalde Luis Castañeda y con la Universidad Telesup.  La relación de Urresti y Luna sobrevivió a esa elección.  –El motor–  Urresti ha lanzado estas exclamaciones empoderado por la votación que obtuvo el 26 de enero: los resultados al cierre de esta edición muestran que 563.097 electores marcaron el número preferencial del exministro del Interior. Pero su votación era previsible?  Una semana antes de las elecciones, el partido de Luna y Urresti apenas tenía un 2,4% de votos emitidos en el simulacro de voto de El Comercio-Ipsos, el cual se convertía en un 4,2% de votos válidos, cifra insuficiente para pasar la valla electoral pero que los colocaba a la expectativa. Era la primera medición en la que salía del bloque estancado en 1% en el que estaba desde el inicio del proceso electoral.  El simulacro de votación hecho por Ipsos en la víspera de la elección elevaba sus votos válidos hasta el 7,1%, y el resultado de ONPE, al cierre de esta edición, muestra que obtuvo 8,3%. En la última semana, duplicó sus votos válidos y superó la valla electoral, lo que sorprendió a muchos. Un dato había pasado inadvertido en los últimos días de análisis: el 20 de noviembre, a dos meses de las elecciones, la primera encuesta de El Comercio-Ipsos sobre las preferencias individuales de candidatos mostraba que Daniel Urresti era el favorito. El 23% de los limeños consideraba que debía ser parte del Congreso 2020-2021; mientras a escala nacional, la cifra alcanzaba el 16%. Por debajo de él estaban otros líderes políticos como Alberto Beingolea, Martha Chávez y Renzo Reggiardo.  Si bien son elecciones con características diferentes, como ejercicio vale recordar que Urresti también había cosechado un millón de votos en los comicios para la Alcaldía de Lima del 2018. Postuló por el mismo partido, Podemos, el cual debutaba en procesos electorales. Estos votantes, si bien pudieran tener sus consideraciones, estaban dispuestos a elegir a Urresti pese a las imputaciones e investigaciones en su contra.  “No quiero creer que el limeño no crea que son importantes las denuncias, es que en este caso tienes que ya lo absolvieron, y está en apelación; es mucho más complicado de entender qué pasó”, sostiene Incio.  El resultado de las elecciones del 2020 muestra que PP es una agrupación que no ha despegado en regiones y que no habría pasado la valla sin su locomotora. “Podemos ha hecho una campaña bastante personalista, en el sentido de que Urresti hizo lo que suele hacer una figura presidencial: arrastrar al resto de la lista”, dice Incio. “Esto le da una perspectiva diferente para el próximo año a Urresti, lo ha catapultado”, añade Tenorio.  “Es interesante cómo se usó el voto preferencial. En Surco, el 81% de los votantes que marcaron por PP usó el voto preferencial para elegir a Urresti”, afirma Incio. El peso electoral de Lima fue suficiente para que los votos por Urresti hicieran que PP superase la valla electoral. En apenas nueve regiones, PP obtiene por encima del 5% de votos válidos. Las circunscripciones electorales más fuertes y donde obtiene curules son Lambayeque, donde en el 2018 obtuvo el gobierno regional; Moquegua, Lima Provincias y Lima Metropolitana.  En la capital, de acuerdo con la data elaborada por Incio y este Diario, Podemos logró menos votos que en el 2018. El resultado es consistente distrito por distrito, excepto en Los Olivos, donde Urresti fue gerente de seguridad ciudadana [ver infografía].","elcomercio","10/02/2020"
"Hallar variantes en la última Sub 23 de Solano","Nadie podr maquillar la realidad de una actuación penosa en el último Preolímpico Sub 23 en Colombia. Sin embargo, hay que aplicar un poco la cabeza fría y buscar lo positivo de este breve proceso con Nolberto Solano como técnico.  Creo que de este grupo hay unos tres en condiciones de dar el salto a mayores. Por mí, que los llamen a todos, nos dijo Solano. Gareca siempre buscará ampliar el universo de convocables y por eso viaj hasta Armenia para seguir a esta Sub 23. Ojalá se cumpla la proyección de Solano.","elcomercio","10/02/2020"
"Mejorar el arranque de la Eliminatoria pasada","La clasificación de Perú al Mundial de Rusia fue una remontada notable. Se ganaron puntos de manera consecutiva y sin perder en los últimos seis encuentros. Fue emotivo, pero también muy sufrido. Con la misma base de la anterior Eliminatoria, Gareca espera superar el arranque de hace cuatro años, en las que en cuatro fechas Perú solo sumó tres puntos (victoria ante Paraguay).  Ricardo Gareca cerrará hoy los ojos y se proyectará al escenario más feliz posible. Ese solo podría tener miles de banderas peruanas festejando en coro una victoria.  Perú ahora es un equipo consolidado. La continuidad es una ventaja. Juan Carlos Oblitas Director de la FPF","elcomercio","10/02/2020"
"Cristal sin brillo","El pago de derecho de piso para los nuevos dueños de Sporting Cristal viene siendo muy alto. A la telenovela alrededor de Carlos Lobatón se ha sumado un debut copero lamentable. Michael Succar lo resumi bien en Al Ángulo: antes los rimenses podían ganar o perder, pero nos habían acostumbrado a competir. Y ante el Barcelona de Guayaquil, lo que se vio fue renuncia. Cuando ocurre una caída estrepitosa, lo más probable es que las responsabilidades no sean individuales, sino transversales. Por lo que toca desgranar.  Primero lo táctico. Hay muchas formas de enmascarar la inferioridad futbolística. No son las soluciones más prestigiosas (el ratoneo nunca será popular), pero pueden ser efectivas cuando hay disparidad. Lo importante aquí es reconocer la posición en la que se está frente al rival para generar los recursos que produzcan balance. Gareca ha hecho de este autoconocimiento una fortaleza, a tal punto que Perú sufre más cuando es favorito que cuando va abajo en las apuestas. El problema con el equipo de Barreto es que, en Ecuador, parece haber planteado el partido desde un lugar incorrecto. Saber interpretar la realidad es una virtud esencial en un entrenador de categoría.  Lo segundo es la personalidad. Los futbolistas, ciertos futbolistas, suelen tener una reserva anímica para las noches en las que las cosas van mal. Los profesionales logran domesticar esa vergüenza deportiva para usarla hasta el límite permitido. En el Cristal de la semana pasada apenas Calcaterra mostró algo de rabia, de rebeldía. Los demás transitaban por el campo con la seguridad del burócrata al que no le importa el resultado de su gestión, pues pase lo que pase cobrar salario a fin de mes. Son varios los entrenadores que, en el Rímac, se han quejado de ello alguna vez, como Autuori.  Lo tercero: hay algo de novatada en el joven entrenador? Tal vez. Pero sin ánimo de excusarlo, incluso un técnico con el potencial de Sampaoli derrapó cuando quiso hacer lo mismo con los celestes: jugar de visita con un esquema atrevido en una serie de eliminación directa. En el verano del 2007, el América de México le marcó cinco goles. La directiva pasó por alto el traspié, pero se vio obligada a despedir al argentino cuando dejó al equipo al filo de la zona de descenso. Luego, en su biografía, el técnico hablaría de un desánimo contagioso en el camerino, lo que suma al párrafo previo.  Lo cuarto es saber si este desastre tiene solución. Lo más probable es que no a corto plazo. El partido de vuelta asemeja una pesadilla. En términos motivacionales es difícil movilizar a un equipo partido ante una causa perdida. El decoro y la dignidad ante la afición local parecen mejores movilizadores. A mediano plazo, en cambio, el trabajo es bastante más arduo y pasa por abordar los fundamentos de la crisis: ¿cuál es la relación del plantel con Barreto? ¿Cuán deteriorado está el lazo con la directiva y los nuevos dueños? El proyecto, como se dice, pasa por formar y vender o, en cambio, se busca competitividad internacional? Y si es lo último, cómo se explica la conformación del plantel y las contrataciones de esta temporada?  Un buen escenario para Sporting Cristal sería que, a mediados de año, estas preguntas tengan respuesta. Para ello es necesario que se aclaren las intenciones del proyecto de Innova Sports.","elcomercio","10/02/2020"
"As jugó","MANNUCCI ALIANZA  1 1 12 M. Heredia-7 18 A. López-5 5 S. Ramírez-5 24 G. Rizzo-5 20 K. Moreno-5 6 E. Nungaray-5 31 J. Fuentes-6 23 P. Arce-5 15 D. Guastavino-5 27 Fernández-6 7 O. Noronha-7 dt: J. Llop  6-Rivadeneyra 2 6-K. Aguilar 30 5-C. Beltrán 13 5-A. Fuentes 20 5-R. Quijada 3 5-A. Rosell 4 6-J. Ballón 21 5-C. Ascues 6 6-J. Deza 7 5-A. Gómez 12 5-A. Balboa 9 dt: P. Bengoechea  goles: A. Fuentes 47’ (ec) (MAN); Rodriguez 89’ (AL). Cambios: 13 R. Lagos (6) x Fernández 71’, 14 R. Chávez (5) x Arce 75’, 29 L. Acuy (5) x Guastavino 78’ (MAN); 8 L. Aguirre (7) x Beltrán 46’, 22 F. Rodríguez (6) x Rosell 66’, 10 J. Arro (-) x Deza 91’ (AL). Ta: Nungaray, Rizzo, López (MAN); Beltrán, Gómez (AL). Arbitro: M. Santivez - regular. Estadio: Mansiche - Trujillo.","elcomercio","10/02/2020"
"El ‘Canario’ Aguiar canta el mejor juego blanquiazul","Saber interpretar la realidad es una virtud esencial en un entrenador de categoría. Rámirez, se han quejado de ello alguna vez, como Autuori.  El ‘dream team’ parecía convertir la realidad aliancista en una pesadilla en este inicio de temporada. En el Mansiche el cuadro blanquiazul no generaba nada hasta el ingreso de Luis Aguiar.  El ‘Canario’ se hizo dueño del juego, y, como ya se conoce, le dio claridad al equipo con la diversidad de variantes que tiene. Maneja los dos perfiles, tiene pases largos para romper las defensas y toque seguro para generar espacios. Una habilitación suya terminó en tanto de Felipe Rodríguez para el 1-1 ante Carlos A. Mannucci en Trujillo.  La línea de cinco defensores puede pasar a ser historia en Alianza. Con Aguiar en el campo, el cuadro íntimo pasó a parecerse más a lo que se espera y no se qued en esa búsqueda infructuosa de los extremos, sin tener a nadie en el medio que genere, porque Ascues no tiene todas esas características y Ballón se concentra más en la marca. Un autogol de Fuentes abrió el marcador apenas empezado el segundo tiempo, pero lo empat Alianza con un zurdazo de Rodríguez. Alianza empieza a sumar, pero aún no es el equipo soñado.","elcomercio","10/02/2020"
"-Dudas celestes-","Luego de la goleada sufrida en la Copa, Cristal parecía lavarse la cara con un 3-0 sobre Cusco FC en solo 25 minutos, pero el cuadro cusqueño logró descontar dos veces sobre el final. Fue victoria rimense, pero las dudas continúan.","elcomercio","10/02/2020"
