"headline","content","newspaper","date"
"Como su único fin es político, eso puede ser interpretado como muestra de complicidad.","Lo que hizo la comisión presidida por Juan Pari es un ejemplo del pobre nivel de estas investigaciones. En el caso de las IIRSA, por ejemplo, su razonamiento es el siguiente: como las obras estaban presupuestadas en X y terminaron costando Y, las adendas que ampliaron los costos son ilegales y todos son unos corruptos. As de simple. ¿Algun análisis de la legalidad de las adendas? Ninguno. De si el presupuesto original era razonable? No. De si las obras adicionales eran necesarias? También. Convenientes, quizás? Menos. De si están sobrevaloradas? Mutis. Peor aún, nada concreto sobre quién le pagó a quién para que hiciera qué. No es eso lo que estaban investigando?  Los demás casos presentados en el informe (Olmos, Línea 1, Línea Amarilla, entre otros) han sido analizados con la misma superficialidad. Nada que no podamos conocer leyendo los periódicos. Pésimo favor le hacen a la justicia investigaciones mediocres que solo buscan el figurismo de quienes las conducen. Como cachetada de payaso, estas comisiones son puro ruido para hacer la finta de que se chambea. ¿Alguien sabe qué otra cosa hizo Juan Pari durante sus años en el Congreso? Lo dudo.  La triste realidad es que investigaciones mediocres y fáciles de refutar solo les sirven a los corruptos para decir que ya se les investigó y no se les encontró nada. As pueden hacer como los ilusionistas y hacernos creer que la nueva riqueza que ostentan (y que estamos viendo) realmente no está all.","elcomercio","11/01/2017"
"OPINIÓN","RINCÓN DEL AUTOR  Keiko, y tú Plan Perú  FERNANDO VIVAS  Periodista  Además de Odebrecht, hay un país por gobernar. Y dos fuerzas que deben entenderse. Rebobinem: Keiko se retractó tras su amargo balconazo. La censura a Saavedra le permitió robar iniciativa a PPK, pero le dejó un perfil de conservadora intransigente que pesa mucho en su mochila. De ahí vino el diálogo, que alivió a ambos, gobierno y oposición. Luego llegó el megaescándalo que nos ha hecho pasar el Año Nuevo en shock.  Odebrecht le sienta bien al fujimorismo. Le permite equiparar la cancha de las culpas históricas. Y no creo que investigar si los brasileños coimearon durante el fujimorato sea transcendental. Ese gobierno ya lleva puesto la etiqueta de corrupto. En los 90, Montesinos hizo de la corrupción un proyecto político del gobierno para asegurar su continuidad. En el nuevo milenio las cosas cambian: la corrupción es un subalterno proyecto tecnócratico con aliados políticos de turno.  Fin del ‘rewind’. Tras desbarrar en sus primeras reacciones al Caso Odebrecht, PPK se corrigió y encontró una nueva iniciativa: la presentación de los 112 decretos creados en el uso de las facultades legislativas que le otorgó el Congreso. Todo un importante acto de gobierno simplificador y modernizador.  ‘Que PPK y Zavala empiecen por agradecer las facultades otorgadas’  Ahora Keiko tiene un nuevo dilema: podar este paquete oficialista, afirmándose su poder de veto congresal sobre la solvencia técnica del gobierno; o reclamar que de ese paquete algo es suyo y en la próxima legislatura veremos cero delegación de facultades y puro Plan Per (su plan de gobierno que prometió convertir en agenda legislativa).  Ojalá que prime lo segundo en Fuerza Popular: agenda proactiva y no obstructiva. Ahora bien, para que eso pase, hace falta, del lado del gobierno, una estrategia de convencimiento en la que PPK y Fernando Zavala empiecen por agradecer las facultades otorgadas y reconozcan, si la hubo, la inclusión de sugerencias ajenas. Si el paquete es fruto de una delegación y para ella hubo un acuerdo sobre los temas y alcances de los decretos, entonces los resultados se pueden en alguna medida compartir.  Ayer estuve con un plural grupo de colegas en una reunión informativa en la que el presidente, el primer ministro y los ministros involucrados en los decretos nos absolvieron dudas. Por ejemplo, Marisol Pérez Tello me aclaró que la Comisión Presidencial de Integridad no trabajó por gusto, pues sí llegó, a última hora, a recoger algunas de sus recomendaciones en los decretos relacionados a la lucha contra la corrupción.  El paquete luce mejor cuando Zavala explica la pulida transversal que le hizo la PCM antes de publicarlo. Pero vaya que aún les hace falta una estrategia política para evitar que el Congreso se cebe en los decretos.","elcomercio","11/01/2017"
"ENTREVISTA ALBERTO MUSSO","Mis historias las escribe mi subconsciente  Renzo Giner Vélez  Piloto de carreras, ministro, abogado, escritor de novelas y compositor de canciones que llegaron a ganar la Caracola de Plata en Ancón. Todo eso ha hecho Alberto Musso, quien ahora pasa buenas horas del día preparando su cuarto libro.  Ha habido mucha suerte. Uno no imagina que de pronto va a encontrarse con una sorpresa que se convierte en una aventura o logro.  En los Caminos del Inca de 1972. Celebrábamos en Ayacucho y uno de los pilotos, amigo del director de la prueba, se tom unas copas de más. Termin convenciéndolo de golpear un ascensor, se lesionó la mano y al día siguiente me dijeron que si él no podía correr, yo tampoco. Finalmente corrió,  Toda mi vida sueñé con correr autos. Acaban de lanzar un automovilismo económico, en el que uno podía dar la vuelta al Perú. Yo pedí prestado un carro, le pinté un número y, bueno, cuidándolo un poco pude completar la carrera.  ¿Cómo conocí al presidente Fernando Belaunde? Un día viajaba a Huarmey con Jano Montoya, que era hermano de mi amigo. Conversamos y me preguntó con quién simpatizaba ahora que volvía la democracia. Le dije que con Acción Popular. Al ratito lo llamaron para invitarlo a una reunión donde estaría el presidente, me extendió la invitación y fuimos. Llevé la Ley de Libertad de Cultos, algo que había escrito en la universidad burlándome de las leyes de cuartel de Velasco. En ella los milagros se pedían con especie valorada [risas]. En el evento, Jano me presentó como el autor de esa ley, y parece que varios la leyeron porque causaba gracia en la gente. Terminamos siendo invitados por el presidente Belaunde al plenario de su partido y ahí un par de dirigentes nos invitaron a trabajar en las comisiones del plan de gobierno. Aceptamos apoyar desde el lado deportivo porque sentimos que el deporte es el yunque donde se forja la persona. Con el tiempo y tras varios vaivenes fui nombrado cabeza del IPD.  ¿Cómo llegué a ser ministro de Justicia? Cuando el ministro Arias-Schreiber renunció, el presidente me llamó y me dijo que necesitaba a alguien de su confianza para asumir la cartera hasta el 28 de julio. Quería tener certezas de que no hubiera algún tapado.  ¿Y cómo me convertí en escritor? Un año después de que ganara Alan García, a mediados de los 80, el país se frenó. Se fueron clientes importantes del bufete de abogados donde trabajaba y me vi obligado a emigrar a España para abrir una oficina all. Tras unos años mi esposa quedó embarazada de mi cuarta hija y gracias a la referencia de dos amigos terminamos viviendo en Kenia. Ya había escrito mi primer cuento En Sicayá están matando a los de Conchucos; lo había escrito cuando tuve un relajo en los controles del consciente. Es que yo nunca sé cuándo me vendrá el impetu por escribir. Cuando llegamos a Kenia pasamos mil peripecias y en medio de ellas me llegó nuevamente la inspiración. Termin escribiendo una historia de amor que ocurre en Huarmey por los años 70. No sé de dónde salió, pero ahí me di cuenta de que en mi caso mis historias las escribe mi subconsciente. Mi primer libro lo publiqué en 1992, el segundo en el 2006 y El derrotero salió el año pasado.  ¿Cuál ha sido la situación más rara de la que surgiera uno de sus textos? En el año 93, mi hija volvió al Perú para ingresar a la universidad. Nosotros lo hicimos unos meses después. Un día me llamó África para contarme que había ingresado, eran las 2:00 a.m. en Nairobi. No pude dormir, así que tome la máquina y escribí El tren de vengarse. Si la lees no tiene relación con ese momento feliz, es porque el subconsciente se mueve en otro tiempo, en otro ritmo.  ¿Está preparando un nuevo libro? Sí, se llamará El gallo de Candamo, transcurre en el Callao de 1904 durante una plaga imaginaria y enfrenta a un grupo de peruanos refinados con italianos crudos e ingeniosos. Bueno, eso es hasta ahora, mañana no sé qué se me ocurrirá.","elcomercio","11/01/2017"
"LA SENTENCIA QUE ORDENA AL RENIEC RECONOCER UN MATRIMONIO ENTRE PERSONAS DEL MISMO SEXO","Amor prohibido ILUSTRACIN: GIOVANNI TAZZA  CARLOS J.  Zelada  Jefe del Departamento Acadmico de Derecho de la Universidad del Pacfi co  L os vientos de igualdad soplan las ridas oficinas de los tribunales de justicia peruanos. Hace un par de das se public la sentencia de primera instancia en la que un ciudadano peruano exige al Reniec reconocer el matrimonio que haba celebrado en Mxico con su compaero de vida. En un prrafo que quedar para la posteridad, la magistrada etiqueta la negativa de inscripcin del Reniec como un acto altamente discriminatorio y contrario [...] a nuestra Constitucin.  El panorama no ha sido siempre alentador. Apenas siete aos atrs, un reconocido profesor local conclua en un informe que la Constitucin de 1993 no admite el matrimonio entre personas del mismo sexo, ni habilita al legislador ordinario a extender la institucin matrimonial a las parejas homosexuales. En el 2014, el Tribunal Constitucional adverta que la [introduccin] en nuestro ordenamiento jurdico del matrimonio entre personas del mismo sexo por la va de las cortes sentara un peligroso precedente de activismo judicial contrario al principio de separacin de poderes. Qu ha pasado entonces para que una jueza peruana se pronuncie a favor del matrimonio igualitario?  La historia jurdica del matrimonio igualitario busca responder a una de las ms ntimas y sensibles cuestiones humanas: a quin puedo amar? Finalizado el siglo XX (hace apenas 17 aos!), hablar de matrimonio igualitario pareca una ficcin distpica. Hoy, sin haber culminado la segunda dcada del siglo XXI, existe un corpus iuris que viene influyendo en los parlamentos y tribunales bajo el signo distintivo de la prohibicin de la discriminacin. Son 23 los pases que reconocen el matrimonio igualitario. En paralelo, otra veintena de estados ofrece formulas alternativas de reconocimiento. En una reciente investigacin realizada en la Universidad del Pacfi co identifiqu los momentos clave de esta historia. En la primera etapa (1989-2000), las primeras semillas del reconocimiento de derechos para las parejas del mismo sexo aparecen en Europa occidental. En ese mismo perodo, la Organizacin Mundial de la Salud retira la homosexualidad de su lista de enfermedades. La frmula exclusiva de reconocimiento era la unin civil (o alguna otra similar), siempre desde la va legislativa. En el segundo perodo (2001-2010), el matrimonio igualitario –a la par de las uniones civiles de la etapa anterior– comienza a irradiarfrica y el continente americano (Canad y Argentina). Las frmulas seguidas son mixtas: no solo se utiliza la va legislativa, sino tambin la jurisdiccional. La prevalencia la siguen disfrutando las frmulas no matrimoniales. El ltimo perodo (2011 hasta hoy) est marcado por un boom del matrimonio igualitario (en la regin: Brasil, Colombia, Estados Unidos, Mxico y Uruguay), as como el protagonismo de los tribunales. La estrategia de las parejas litigantes en este ltimo perodo se basa en la solicitud de derechos de corte patrimonial y asistencia mutua para exigir al Estado que justifique por qu su relacin no alcanza dicha cobertura. La reciente decisin del Poder Judicial se alimenta de este proceso. Pero no hay que entusiasmarse demasiado: el Per es todava uno de los cuatro pases en Sudamrica que no reconoce esquema alguno de proteccin para las parejas homosexuales que decidan formar una familia. Qu debera hacerse para llegar plenamente al matrimonio igualitario? Ante el fracaso inicial de la unin civil y el frreo rechazo de los sectores ms conservadores, todo parece indicar que la va judicial sera la ruta ms adecuada. En otro texto he argumentado que la imposibilidad del matrimonio para las parejas del mismo sexo en el Per responde, en realidad, a un esquema excluyente que ha normalizado el derecho a contraer matrimonio solo para las parejas heterosexuales. En otras palabras, es discriminacin.  Algunos colegas afirman que la sentencia es una audacia que va ms all de la ley. Creo que se equivocan, pues los jueces siempre deben ir por encima de la ley para encontrarse con el derecho y la justicia. Para eso estn. Como deca Julieta Lemaitre, el derecho tiene algo, una suerte de conjuro que desnuda nuestros ms profundos prejuicios. Lo contrario es mero fetichismo legal. Tengo la certeza de que esta es la primera de muchas batallas jurdicas para lograr que ese amor sea uno que s se atreva a pronunciar su nombre, uno visible. No ms un amor prohibido.","elcomercio","11/01/2017"
"LOS DECRETOS LEGISLATIVOS EMITIDOS PARA EL SECTOR SALUD","Qu pasa en Salud?  Consultor en salud pblica  Qu est pasando en el sector salud? Luego de que el gobierno pareciera empecinado en dispararse a los pies con el tema de asesores, funcionarios cuestionados y consultores ad honorem para el Seguro Integral de Salud (SIS), adems de la vuelta al trabajo del doctor Carlos Moreno y el comunicado posterior para exonerarlo de sus labores, aparecen unos decretos legislativos que son difciles de entender para los que algo conocemos del tema. Revisemos tres de los decretos publicados.  Uno de ellos es que el Instituto Nacional de Enfermedades Neoplsicas (INEN) pierde su categora de Organismo Pblico Descentralizado (OPD) para pasar a depender del Ministerio de Salud. En palabras simples, deja de ser un organismo autnomo en su manejo presupuestal y normativo y pasa a ser un hospital ms del sistema, pese a ser un instituto altamente especializado y con gran reputacin en Amrica Latina.  Que el INEN tena algunos problemas, los tena. Pero se ha manejado eficientemente al menos en el ltimo lustro. Se trata de una decisin que no entendemos. Es que acaso alguien en el nivel central tiene intencin de manejar los importantes recursos que tiene este instituto, entre otros, para la compra de medicamentos?  Recordemos que los medicamentos para combatir las enfermedades oncolgicas se encuentran entre los ms caros del mercado, pues una parte de ellos son biolgicos de ltima generacin. Asimismo, hay dinero para la compra de equipos y contratacin de profesionales de salud. Y con los antecedentes del manejo financiero del SIS o el Instituto de Gestin de Servicios de Salud (IGSS) en licitaciones, contratos a terceros o compras con carcter de urgencia de equipos e insumos, todo esto se hace aun ms preocupante.  La verdad, viendo la situacin en que se encuentran los hospitales del sector, esta no parece una medida muy apropiada o lgica para un instituto que se maneja en un estndar superior.  Otro decreto aun menos entendible es que a la Superintendencia Nacional de Salud (Susalud), que tena entre uno de sus objetivos la defensa de los derechos de los pacientes en los servicios de salud, con capacidad investigadora y sancionadora, ahora se le quita esa potestad y solo puede, ante un hecho grave, hacer una recomendacin. O sea, la institucin que debera fiscalizar que los diferentes prestadores de salud pblicos o privados brinden una atencin con calidad y calidez a los usuarios y respetando sus derechos ahora se deber poner de perfil ante los reclamos de los pacientes.  Un tercer decreto que sorprende es la desactivacin de la Escuela Nacional de Salud Pblica (Ensap), pues se trata de la entidad responsable de proponer y generar polticas en materia de recursos humanos en salud. Si bien la Ensap nunca tuvo los recursos suficientes para desarrollar a plenitud su labor, y necesitaba una evaluacin de su modelo de formacin, representaba un esfuerzo del sector para fortalecer la formacin de sus profesionales en salud pblica como alternativa ante los altos costos que representan las maestras en este campo en las universidades privadas. Algo que conoce la ministra Patricia Garca al haber sido decana de la Facultad de Salud Pblica de la Universidad Peruana Cayetano Heredia.  En resumen, se trata de una serie de decretos que, a mi entender, no contribuirn a una mejora del sistema de salud, cuando justamente lo que se necesita es que el Ministerio de Salud asuma el liderazgo y tome acciones urgentes que permitan revertir la aparente paralisia del sector en aspectos como la corrupcin a nivel institucional, los problemas de acceso y calidad de los servicios, y la mejora de la gestin.","elcomercio","11/01/2017"
"EL circo lleg a la ciudad","ENZODeﬁlippi  Profesor de la Universidad del Pacfi co  La semana pasada se instal en el Congreso la nueva Comisin Lava Jato, creada, supuestamente, para investigar la corrupcin de Odebrecht y otras constructoras brasileras en el Per. La realidad, sin embargo, es otra. El nico fn de esta comisin, como el de todas las que la precedieron, es hacer un circo midiatico que sirva a los intereses polticos de quienes la conforman.  El caso de las IIRSA, por ejemplo, en el que se sospecha de Odebrecht y otras constructoras brasileras, ha sido investigado varias veces por el Congreso. Primero, en el 2006, como parte de la comisin investigadora del gobierno de Alejandro Toledo. Luego, por una comisin ad hoc creada en el 2008. Y por tercera vez por la anterior Comisin Lava Jato, creada en el 2015 y presidida por Juan Pari.  El resultado? Ninguno. Ni una sola prueba o indicio que aporte algo a las investigaciones judiciales. Ello, por cierto, no demuestra si hubo o no corrupcin. Solo que estas comisiones no sirven para nada.  Para empezar, se limitan a revisar documentos e interrogar a los involucrados. Es decir, a duplicar, superficialmente, el trabajo de la contralora y la fiscala. Por eso no descubren nada nuevo. No hay exigencias en cuanto a la calidad de las investigaciones o el mrito probatorio de lo que encuentran. Tambin no se presume la inocencia de nadie. Como su nico fn es el poltico, eso puede ser interpretado como muestra de complicidad.  Lo que hizo la comisin presidida por Juan Pari es un ejemplo del pobrsimo nivel de estas investigaciones. En el caso de las IIRSA, por ejemplo, su raznamiento es el siguiente: como las obras estaban presupuestadas en X y terminaron costando Y, las adendas que ampliaron los costos son ilegales y todos son unos corruptos. As de simpln. Algún anlisis de la legalidad de las adendas? Ninguno. De si el presupuesto original era razonable? No. De si las obras adicionales eran necesarias? Tambin. Convenientes, quizs? Menos. De si estn sobrevaloradas? Mutis. Peor aun, nada concreto sobre qui le pag a qui para que haga qu. No es eso lo que estaban investigando?  Los dems casos presentados en el informe (Olmos, Lnea 1, Lnea Amarilla, entre otros) han sido analizados con la misma superficialidad. Nada que no podamos conocer leyendo los peridicos.  Psimo favor le hacen a la justicia investigaciones mediocres que solo buscan el figurerismo de quienes las conducen. Cual cachetada de payaso, estas comisiones son puro ruido para hacer la fintade que se chambean. Alguien sabe qu otra cosa hizo Juan Pari durante sus aos en el Congreso? Lo dudo.","elcomercio","11/01/2017"
"El HousE of cards del Caribe","Matrimonio Ortega se entroniza en Nicaragua Daniel Ortega asumi ayer su cuarto mandato. Pero esta vez con su esposa como vicepresidenta. Para muchos, Ortega comparte con su esposa las decisiones de gobierno hace una década. Pero desde ayer ello ya es oficial. l os guionistas de Netflix no lo pudieron hacer mejor que Daniel Ortega. Cuatro mandatos. Tres de ellos consecutivos de cinco años. Con la diferencia de que este último lo compartió oficialmente con quien, para muchos, ya lo hacía desde hace una década: su esposa Rosario Murillo. Ortega fue investido ayer como presidente de Nicaragua para el período 2017-2022. Y como flamante vicepresidenta, algo sin igual en ese país, su influyente cónyuge. Un House of Cards a la nicaragüense, como lo calificó un editorial de The New York Times de agosto del año pasado, al comparar el matrimonio Ortega con la ambiciosa pareja de ficción Frank y Claire Underwood, quienes, aplastando a sus rivales, llegaron a la cima del poder en EE.UU. Pero los Ortega fueron por más. Sus detractores los acusan de haber instaurado una dinastía familiar que controla el Ejército, la policía y el Congreso, además de la Corte Suprema y el Tribunal Electoral. Prueba de este poder, según la oposición, han sido sus dos reelecciones. Ortega, de 71 años y líder del partido sandinista, fue reelecto en noviembre del 2016 con el 71,5% de los votos, en unos comicios realizados sin observadores electorales internacionales y sin un partido de oposición. En junio del año pasado, el Partido Liberal Independiente fue expulsado de las elecciones vía judicial. En el 2011, Ortega gan su primera reelección, a pesar de que la Constitución lo prohibía, amparándose en un polémico fallo. Desde entonces, las acusaciones de fraude han perseguido al mandatario. La pareja que gobierna Nicaragua –un país de 6 millones de habitantes que tiene la economía más pobre después de Haití– se conoció en Costa Rica, en 1977, cuando Ortega era un guerrillero sandinista que estaba en la clandestinidad. El matrimonio tiene seis hijos en común. Pero Ortega tiene un hijo de otro compromiso y Murillo dos de otras relaciones. Ortega y Murillo se casaron en el 2006. A la flamante vicepresidenta, de 65 años, le dicen La Chayo, y es quien dirige las comunicaciones y a los ministros de Estado. Desde hace dos años es la portavoz del Gobierno Nicaragüense. La lealtad hacia su esposo es a prueba de todo. Esta se vio cuando apoyó públicamente a Ortega frente a la denuncia por abuso sexual que present su propia hija, Zoilamérica Narváez –fruto de su primer matrimonio–, en 1998. El caso, tiempo después, fue desestimado por una jueza sandinista. Ortega gobernó por primera vez Nicaragua de 1979 a 1990, luego de que la Revolución Sandinista derrocara a Anastasio Somoza y su dictadura, que duró 42 años. Paradójicamente, la última dinastía familiar que se entroniz en Nicaragua fue la de Somoza, la cual Ortega combati. Otra paradoja es la fuerte alianza que hoy tiene este ex guerrillero con el empresariado de su país. La oposición nicaragüense ha anunciado que luchará de manera civil y organizada contra estos cinco años más del matrimonio Ortega, que no aceptan como gobierno legítimo. Algo que parece importarle poco a la pareja.","elcomercio","11/01/2017"
"Mircoles 11 de enero del 2017","Maduro fustiga al Parlamento y juramenta a comando antigolpe El presidente de Venezuela amenaza con ejecutar políticas preventivas de castigo. El presidente de Venezuela, Nicolás Maduro, asegur ayer que no ha abandonado su cargo, tal y como lo decretó el lunes el Parlamento, de mayoría opositora, en una declaración que el mandatario calificó de manifiesto golpista y nulo. Aténganse a las consecuencias del llamado al golpe de Estado que la panda aprob ayer en la Asamblea Nacional, amenaz Maduro al activar y tomar juramento a un comando antigolpe. El mandatario detalló que dicho grupo se ha formado para garantizar la vigencia del orden constitucional y atender las arremetidas imperialistas, la conspiración oligárquica y ser el brazo ejecutor de las políticas preventivas [...] para que haya justicia y se castigue todos los intentos golpistas de desestabilizar a Venezuela. Más temprano, la bancada oficialista de la Asamblea Nacional acudi hasta el Tribunal Supremo de Justicia para solicitar la nulidad de la declaratoria de abandono de cargo del mandatario. —Sesión frustrada— En respuesta a las acusaciones de Maduro, el presidente de la Asamblea Nacional, el diputado Julio Borges, afirmó que lo que desea la oposición es que se cumpla la Constitución, que no se cumple hoy. La directiva del Congreso convoc para ayer una sesión especial en un hospital público de Caracas, pero la cita fue suspendida debido a que grupos prooficialistas tomaron los alrededores y generaron destrozos en un salón donde se realizaría la sesión, según denunció la oposición. En tanto, el régimen de Maduro acus al presidente de la Conferencia Episcopal venezolana, monseñor Diego Padron, de boicotear el diálogo, el cual se encuentra congelado desde diciembre del año pasado. Ortega y Murillo se casaron en el 2006. A la flamante vicepresidenta, de 65 años, le dicen La Chayo, y es quien dirige las comunicaciones y a los ministros de Estado. Desde hace dos años es la portavoz del Gobierno Nicaragüense. La lealtad hacia su esposo es a prueba de todo. Esta se vio cuando apoyó públicamente a Ortega frente a la denuncia por abuso sexual que present su propia hija, Zoilamérica Narváez –fruto de su primer matrimonio–, en 1998. El caso, tiempo después, fue desestimado por una jueza sandinista. Ortega gobernó por primera vez Nicaragua de 1979 a 1990, luego de que la Revolución Sandinista derrocara a Anastasio Somoza y su dictadura, que duró 42 años. Paradójicamente, la última dinastía familiar que se entroniz en Nicaragua fue la de Somoza, la cual Ortega combati. Otra paradoja es la fuerte alianza que hoy tiene este ex guerrillero con el empresariado de su país. La oposición nicaragüense ha anunciado que luchará de manera civil y organizada contra estos cinco años más del matrimonio Ortega, que no aceptan como gobierno legítimo. Algo que parece importarle poco a la pareja.","elcomercio","11/01/2017"
"Inversión","Logran producir artificialmente seda de araña La seda de araña –flexible, ligera y muy resistente– puede ser producida artificialmente, con aplicaciones en la medicina o la industria textil, según investigadores suecos. Se trata de una proteína de seda a partir de varias especies de araña, según se publicó en Nature Chemical Biology. El pez que puede tener la respuesta Investigación G La U. Cayetano Heredia inaugur su Laboratorio de Neurobiología del Desarrollo. G Estudiarán peces cebra para encontrar la cura a enfermedades como el Alzheimer. Juan Ponce No mide más de cinco centímetros, es originario del sudeste asiático y, al ser transparente, es uno de los más populares peces en los acuarios. Sin embargo, el pez cebra (Danio rerio) también comparte el 70% de su genoma con los humanos y, por lo menos, el 85% de los genes que causan enfermedades a las personas. Este pequeño animal será la estrella en el Laboratorio de Neurobiología para el Desarrollo que inauguró ayer la Universidad Peruana Cayetano Heredia (UPCH). La meta de esta instalación es acelerar el descubrimiento de curas potenciales, drogas y terapias para el tratamiento en enfermedades neurodegenerativas, como el Alzheimer, a partir de la investigación con peces cebra. —De alto nivel— En el Perú no existe este tipo de investigación, el de encontrar a nivel celular y molecular la razón por la que se mueren las neuronas cuando sucede una neurodegeneración, señal a El Comercio el doctor Edward Mlaga-Trillo, científico peruano experto en neurobiología y con amplia experiencia en el tema, que hace poco fue repatriado desde Europa, y dirigirá el laboratorio. Según Mlaga-Trillo, las instalaciones construidas en la UPCH ponen al Perú en igualdad de condiciones con los laboratorios de países desarrollados. Con esto queremos acabar con la desigualdad con otros países. Ya no queremos ser solo proveedores de muestras para que otros hagan los análisis, recalca el experto. Por su parte, la rectora de la UPCH, la doctora Fabiola León-Velarde, indicó que el nuevo laboratorio contribuirá a un tema dejado de lado en el Perú. Las neurociencias son un área bastante olvidada en el país, tanto en investigación como en la salud mental, recalcó. Con toda su experiencia investigando la encefalopatía espongiforme bovina (el mal de las vacas locas), llegando a descubrir la proteína prion y su relación con enfermedades como el Alzheimer, el doctor Mlaga-Trillo espera tener buenos resultados, con la ayuda del pez cebra, en el estudio de males como la esclerosis lateral amiotrófica y el Parkinson. —El mejor candidato— Además de las similitudes genticas, el pez cebra es un excelente candidato para el trabajo en el laboratorio, debido a que se desarrolla rápido, es económico, fácil de manipular y mantener.","elcomercio","11/01/2017"
"Requerimientos judiciales en investigación Odebrecht","Pero esos no son todos los requisitos: también ha solicitado la declaración indagatoria como testigos de más de 80 funcionarios y ex funcionarios. En este grupo se encuentran diez ex ministros y nueve ex gobernadores regionales.  El presidente Pedro Pablo Kuczynski está en la lista de funcionarios que deberán rendir su declaración ante el Ministerio Público si el fiscal Castro así lo considera. El mandatario figura por su condición de ex miembro del consejo directivo de Pro Inversión cuando fue ministro de Economía en el gobierno de Alejandro Toledo.  Además de estos funcionarios, la defensa del Estado ha requerido que los tres últimos presidentes –Toledo, Alan García y Ollanta Humala– acudan a prestar sus declaraciones. La exalcaldesa de Lima Susana Villarán también está incluida en el grupo de más de 80 personas que pasarían por el despacho de Castro.  Julia Príncipe, presidenta del Consejo de Defensa Jurídica del Estado, y el procurador anticorrupción Amado Enco pidieron acceder al acuerdo de la fiscal con Odebrecht. No se descarta [incluir al gobierno de Fujimori]. Aqu no se descarta nada porque cada día obtenemos más información. Julia Príncipe, Presidenta del Consejo de Defensa Jurídica del Estado.  Otro de los principales puntos que ha pedido la procuraduría es ampliar el marco temporal de la investigación para que abarque los proyectos realizados entre el 2001 y el 2016. La ampliación de la denuncia solicitada por Enco es también contra las empresas Constructora Real S.A.C., Klienfeld Services Ltd. y Balmer Holding Assets Ltd. Sus representantes legales, explicó el procurador, tendrían que ser citados para esclarecer la participación de las compañías. No podemos dar mayores detalles u otro tipo de diligencias porque no queremos poner en riesgo las estrategias de defensa que está adoptando la procuradura, precisó Enco.  Actualmente, cerca de 20 abogados de la Procuraduría Anticorrupción son parte del equipo especial que lidera Enco, encargado de investigar exclusivamente este caso.  El acuerdo  En otro momento, Enco anunció que ha requerido al Ministerio Público el acuerdo que este tiene con la empresa Odebrecht para que entreguen información y paguen un adelanto de S/30 millones por las ganancias ilícitas. Príncipe, por su lado, manifestó que se enteró de esto el mismo día en que se anunció y que la defensa del Estado tuvo que participar de la negociación. Se ha solicitado formalmente que se nos convoque a todas las reuniones, porque como procuraduría perseguimos el pago de la reparación civil, agregó.   El fiscal Hamilton Castro es quien deberá determinar si la Procuraduría Anticorrupción accede a este documento, que según la defensa del Estado por derecho les asiste.","elcomercio","11/01/2017"
"Testimonios pedidos en investigación Odebrecht","Pedro Pablo Kuczynski exministro de economía Juan Valdivia exministro de energía y Minas Luis Miguel Castilla exministro de economía Jorge Merino exministro de energía y Minas Carlos Paredes exministro de Transportes Jos Gallardo exministro de Transportes Enrique Cornejo exministro de Transportes Jos Ortiz exministro de Transportes Verónica Zavala exministra de Transportes Carlos Bruce exministro de Vivienda Jos Murgia exgobernador de la Libertad Félix Moreno actual gobernador del Callao Jorge Acurio exgobernador del Cusco René Concha exgobernador del Cusco Nery Saldarriaga exgobernadora de Lambayeque Jos Luis Milla exgobernador de Ancash Carlos Villanueva exgobernador de San Martín Robinson Rivadeneyra exgobernadora de Loreto Yehude Simón exgobernador de Lambayeque","elcomercio","11/01/2017"
"Transferencia económica para investigación","El MEF transferirá S/10 millones a la Fiscalía  El ministro de Economía, Alfredo Thorne, anunció ayer que S/10 millones serán transferidos al Ministerio Público para investigar los casos emblemáticos, como el pago de sobornos de la empresa Odebrecht en el Perú.  Este presupuesto adicional fue solicitado días atrás por el fiscal de la Nación, Pablo Sánchez. El titular del MEF consideró que esos recursos permitirán que las pesquisas fiscales por este y otros casos de corrupción se realicen de forma profesional y permitan llegar hasta el fondo de los hechos. Thorne remarcó que el Gobierno desea que las investigaciones fiscales estén garantizadas y se pueda fortalecer el sistema anticorrupción en ese ámbito.  Lo que más queremos es que se investiguen todos estos actos de corrupción para el Caso Odebrecht y todo el sistema, precisó.  En tanto, el primer ministro Fernando Zavala afirmó que el Gobierno no permitirá que Odebrecht se beneficie con las ventas de sus activos en el Perú.","elcomercio","11/01/2017"
"Entrevista a Jorge Castro","Algunos en el Frente Amplio predican más de lo que hacen  El congresista afirma que no se retractará por haber dicho que su colega Marisa Glave quizás est preocupada por Susana Villarán en el contexto del Caso Odebrecht y de que, por eso, quiso que usted apoye a Víctor Andrés García Belaunde como titular de la Comisión Lava Jato. De ninguna manera. Lo que sí har es responderle la carta, pero sin hacerla pública. Esto es un asunto interno y debió trabajarse en ese nivel. Pero retractación no habrá de ningún tipo.  Marisa Glave se comunicó con usted antes de enviarle la carta? No me llamó por ese tema ni se comunicó conmigo en ningún sentido.  Mircoles 11 de enero del 2017  Castro está de acuerdo con que las pesquisas de la Comisión Lava Jato, que él integra, abarquen el período de Alberto Fujimori.  Verónica Mendoza tuvo un papel importante en el proceso electoral, pero en los últimos tiempos ha carecido de análisis político.  Considera infraterno que un sector de su bancada haya comenzado a recolectar firmas para un partido nuevo tan pronto? Quizás algunos piensan que el resultado electoral les ha dado una gran posibilidad. En vez de estar peleando tanto, que se dediquen a recolectar firmas, que no es fácil. Les deseamos éxitos.  ¿Cuál cree que es el motivo de este divorcio? La motivación son las diferencias. No quisiera dar nombres, pero es necesario superarlas. Que de esta situación no hagan un abismo entre ambas partes.  ¿Usted ha llamado caviar al sector mendocista de su partido, no cree que el término es despectivo? No lo es. Es una forma de tipificar a un sector acomodado, lo que no es malo, que se identifica con sectores de izquierda. Pero una cosa es identificarse verbalmente y, otra, asumir el compromiso con sus sectores populares. Una cosa es mirar desde la tribuna y decir yo me he identificado contigo. Muchos pueden hacerlo, pero otra cosa es asumir el compromiso.  ¿Y cree que ese sector habla desde la tribuna? Yo creo que no todos, pero algunas personas en el frente predicen más de lo que hacen. En los sectores populares también, hay quienes hablan demasiado y contribuyen poco.  ¿Cree que Víctor Albrecht era la persona más idónea para presidir la Comisión Lava Jato? Puedo pensar que Albrecht no es la persona más adecuada, pero fue lo que se eligió por consenso. Yo no soy nadie para romper el consenso. Podría haber sido yo [el presidente], pero se me negó la posibilidad.  ¿Cómo evalúa el rol poselectoral de Verónica Mendoza? Verónica tuvo un papel importante en el proceso electoral, pero creo que en los últimos tiempos ha carecido de análisis político. Salí de manera equivocada. Pero ya se dio cuenta, se repliegó y dejó que salieran a hablar más Glave, Richard Arce. Antes ella tenía un monopolio.","elcomercio","11/01/2017"
"Investigación sobre ascensos militares durante el gobierno de Humala","En agosto del año pasado, el recién estrenado gobierno del presidente Kuczynski nombró, a través del Ministerio de Defensa, una comisión para investigar los ascensos militares durante el periodo de Ollanta Humala.  La comisión presidida por el jurista Enrique Bernales e integrada por el abogado Ángel Delgado y los oficiales retirados, Emilio Bobbio del Ejército, Jorge Kisic de la FAP y Jaime Navach de la Marina, entregó su informe el 5 de diciembre. El resultado es sumamente preocupante. Tanto que el gobierno demor un mes en hacerlo público y aún no ha anunciado, oficialmente, las medidas que tomar.  En palabras de Bernales, Humala tuvo como única fuente de poder al Ejército del Perú, por lo que privilegió con los ascensos a los oficiales de su promoción y a la de su hermano. Está demostrado, ha dicho Bernales, que Humala pautó cómo controlar desde Palacio los ascensos y los pases al retiro. All se produjo una situación sistemática de desconocimiento de derechos y de abuso del derecho. El procedimiento no respetó el orden de méritos desde el 2011. En el 2012 quemaron las actas de ascenso y borraron las computadoras.  Como resultado de esa intervención el 99% de los generales que han ascendido este nuevo año están estrechamente vinculados con los hermanos Humala Tasso.  Ollanta pertenece a la promoción que egresó de la Escuela Militar en 1984 y su hermano Antauro a la promoción que egresó en 1985. Como lo ha confirmado la comisión Bernales, a ninguno de sus compañeros les correspondía ascender a generales de división, el grado más alto y el que otorga más poder dentro del Ejército, hasta el 2019 y el 2020 respectivamente. Sin embargo, a punta de modificaciones del reglamento y de intervenciones en el escalafón, en este momento el Ejército está comandado por la gente de los Humala.  En el 2008 se modificó el reglamento de la ley de situación militar de los oficiales de las Fuerzas Armadas para ampliar el tiempo de servicio de los oficiales. Hasta ese momento los oficiales que cumplieran 35 años de servicio, debían dejar sus armas; con la modificación, el tiempo de servicio de los militares se amplió entonces de 35 a 38 años.  Naturalmente, ese mismo reglamento adecuó los años de los ascensos de cada promoción a la nueva realidad. Si se iban a quedar más años sirviendo su oportunidad de ascender se incrementaba y una promoción debía darle más chance a la otra y así sucesivamente.  En ese nuevo orden los oficiales de la promoción de Ollanta Humala debían esperar para ascender a generales de división hasta el 2017 y los de la promoción de Antauro hasta el 2018.  Pero cuando Humala llegó al poder modificó el reglamento que ya había sido modificado y volvió a ampliar el tiempo de servicio a 40 años.  Pero en lugar de extender los años para los ascensos, como se había hecho con la modificación anterior, Humala se dio maña para adelantar a su promoción y a la de su hermano.  Y lo impuso en una norma legal que hizo valer: los que debían ascender el 2019 y el 2020, de acuerdo a la última modificación, ascenderían 2016 y el 2017. Y así fue, Humala ascendió a cuatro de sus amigos de promoción a generales de división antes de irse. Y dejó todo listo para que a inicios de este año ascendiera la gente de su hermano.  Al margen de la manipulación y el manejo institucional, no olvidemos que los hermanos Humala ya han protagonizado dos asonadas militares: el locumbazo y el andahuaylazo. Ellos creen en el levantamiento y la insurrección como herramienta política. Y de hecho a uno de ellos le dio resultado, llegó a ser presidente del Perú.","elcomercio","11/01/2017"
"NUEVO LABORATORIO DE NEUROCIENCIAS EN LA UPCH","Desarrollados. «Con esto queremos acabar con la desigualdad con otros pases. Ya no queremos ser solo proveedores de muestras para que otros hagan los anlisis», recalca el experto.  Por su parte, la rectora de la UPCH, la doctora Fabiola Len-Velarde, indic que el nuevo laboratorio contribuir a un tema dejado de lado en el Per. «Las neurociencias son un rea bastante olvidada en el pas, tanto en investigacin como en la salud mental», recalc.  Con toda su experiencia investigando la encefalopata espongiforme bovina (el mal de las vacas locas), llegando a descubrir la proteina prion y su relacin con enfermedades como el Alzheimer, el doctor Mlaga-Trillo espera tener buenos resultados, con la ayuda del pez cebra, en el estudio de males como la esclerosis lateral amiotrfica y el Parkinson.  «El mejor candidato»  Adems de las similitudes genticas, el pez cebra es un excelente candidato para el trabajo en el laboratorio, debido a que se desarrolla rpido, es econmico, fcil de manipular y mantener.  «Trabajamos con los embriones, que se desarrollan fuera del agua y se pueden ver con un microscopio simple. Al ser transparentes permite la visualizacin de todas sus clulas. Y como es manipulable genticamente, podemos encender y apagar genes. Adems, reaccionan de manera similar a los humanos ante las drogas. Por todo ello son un modelo de investigacin fcil de estudiar, lo cual puede facilitar el hallazgo de potenciales medicamentos», detall.  MS DATOS  MUCHAS MS SIMILITUDES Los peces cebra y los humanos comparten neuronas sensoriales y motoras. Adems, los ganglios craneales, responsables del movimiento de los ojos y que podamos hablar, son los mismos en ambos.  ESPECIALIZADO  Aunque hay laboratorios en la regin que usan peces cebra, el de la UPCH es el nico que cuenta con un alto nivel de sofisticacin.  AMPLIA EXPERIENCIA  Edward Mlaga-Trillo es doctor por la Escuela de Medicina de la U. de Miami y del Instituto Max Planck para Biologa. Adems tuvo una larga y productiva carrera como profesor e investigador en la U. de Konstanz (Alemania).  OBJETIVO  Buscarn identificar molculas o principios activos para patentar esos procesos y comercializarlos.","elcomercio","11/01/2017"
"CHINA CIERRA DEFINITIVAMENTE LAS PUERTAS A POKMON GO","Las autoridades de ese pas tomaron la decisin por un tema de seguridad.  BEIJING [EFE]. El organismo regulador de publicaciones en China confirm que no aprobar la entrada en el pas de Pokmon Go, el popular juego para mviles de Nintendo, ya que segn las autoridades supone «una amenaza para la seguridad», inform el diario oficialista «Global Times».  «Aunque el juego ha dado un positivo ejemplo para el desarrollo de la industria, algunos incidentes mostraron que supone una amenaza para la seguridad de la informacin geogrfica, la del transporte y la personal», seal la Asociacin de Publicaciones Audiovisuales y Digitales.  El organismo chino indic que el juego ha sido evaluado por la Administracin Estatal de Prensa, Radio Cine y Televisin, el principal responsable de la censura en China. Segn una regulacin en vigor desde el 2016, debe dar aprobacin previa a todos los juegos mviles antes de ser lanzados en el pas.  REUTERS  Pokmon Go fue uno de los juegos ms descargados en el 2016.","elcomercio","11/01/2017"
"EL DESENLAZODE EL GASODUCTO SUR PERUANO","–18- Economa La carrera contra el tiempo dos en negociar su participacin. Segn fuentes de El Comercio, de ambos, solo Brookfield habra presentado documentos escritos y, adems, estara an realizando el ‘due diligence’ para presentar la oferta definitiva. “CNPC ha tenido reuniones de inters pero an no ha presentado una oferta formal”, dijo la fuente.  Este Diario se comunic con Techint, que mantiene inters en ser parte de la empresa constructora del proyecto, para averiguar el avance de sus negociaciones, pero indicaron que “lamentablemente”, no cuentan con ninguna novedad sobre el caso.  Mal augurio • A dos semanas del cierre financiero, no se ha concretado la venta de la participacin de Odebrecht en el gasoducto. • El concesionario ya se prepara para la devolucin del proyecto al Estado.  Redaccin economa  La obra de infraestructura ms cara en la historia del Per podra volver a ser licitada debido al escndalo de corrupcin que Odebrecht, su principal accionista, enfrenta mundialmente.  Segn el hito del contrato an vigente, la empresa concesionaria Gasoducto Sur Peruano (GSP) –compuesta por Odebrecht, Graa y Montero y Enags– tiene hasta el 23 de enero para que los bancos internacionales hagan efectivo el primer prstamo para la obra.  Para ello, es fundamental que Odebrecht concrete la venta del 100% de sus acciones en el proyecto.  Tras una primera caña de la negociacin con el consorcio Sempra-Techint, se conoci que el fondo canadiense Brookfield y la china CNPC estaban interesados en ser parte de la empresa constructora del proyecto, para averiguar el avance de sus negociaciones, pero indicaron que “lamentablemente”, no cuentan con ninguna novedad sobre el caso.  Mal augurio • A dos semanas del cierre financiero, no se ha concretado la venta de la participacin de Odebrecht en el gasoducto. • El concesionario ya se prepara para la devolucin del proyecto al Estado.  Redaccin economa  La obra de infraestructura ms cara en la historia del Per podra volver a ser licitada debido al escndalo de corrupcin que Odebrecht, su principal accionista, enfrenta mundialmente.  Segn el hito del contrato an vigente, la empresa concesionaria Gasoducto Sur Peruano (GSP) –compuesta por Odebrecht, Graa y Montero y Enags– tiene hasta el 23 de enero para que los bancos internacionales hagan efectivo el primer prstamo para la obra.  Para ello, es fundamental que Odebrecht concrete la venta del 100% de sus acciones en el proyecto.  Tras una primera caña de la negociacin con el consorcio Sempra-Techint, se conoci que el fondo canadiense Brookfield y la china CNPC estaban interesados en ser parte de la empresa constructora del proyecto, para averiguar el avance de sus negociaciones, pero indicaron que “lamentablemente”, no cuentan con ninguna novedad sobre el caso.  Como se ha comportado la accin de Graa y Montero?  En los ltimos meses, la accin de Graa y Montero se ha convertido en un termmetro de las incidencias y expectativas del mercado sobre el futuro del gasoducto sur peruano. La empresa peruana tiene el 20% de acciones del consorcio GSP, as como el 29% de la constructora del proyecto, Ductos del Sur.  En ese contexto, la caña de la accin de Graa y Montero desde el inicio del ao, tanto en la BVL como en la bolsa de Nueva York (ver infografa), puede interpretarse como un voto de desconfianza del mercado sobre la continuidad de la concesin de GSP.  “Vemos que los inversionistas ya estn interiorizando que el proyecto se caer”, afirma Marco Alemn, analista de inversiones de Kallpa SAB. Para esta casa de bolsa, el proyecto del gasoducto representa el 16% del valor fundamental de Graa y Montero.  “Si [Graa y Montero] solo sale del gasoducto habr una caña, pero hay un riesgo sistmico de que el Estado prohba a la empresa participar en ms licitaciones si el caso de Odebrecht los alcanza. Ese escenario sera mucho peor”, aade Alemn.  Sin embargo, tanto Kallpa como Credicorp Capital consideran que el precio de la accin est sobrecastigado.  De hecho, Credicorp Capital destac en su reporte de acciones recomendadas de enero que las perspectivas para la constructora peruana este ao seran positivas por el impulso a la infraestructura que dar el gobierno y el nivel rcord de “backlog” (cartera de proyectos) con el que arranca el ao.  Mircoles 11 de enero del 2017  “Odebrecht, si es que vende, no cobrara su participacin por el gasoducto del sur. Ese dinero pasa a ser garantia en caso haya eventos de corrupcin”. Alfredo Thorne Ministro de Economa y Finanzas  El segundo anuncio, y quiz el ms contundente, estuvo relacionado con el retiro del cobro por el GSP de los recibos de luz. “Se va a retirar, estamos presentando el proyecto de ley. Desde la campaa [presidencial] dijimos que no estbamos de acuerdo con eso. La forma como se va a compensar a las empresas, cuando el ducto no tenga suficiente volumen, es va una garantia del Ministerio de Economa y Finanzas (MEF)”, indic Thorne. Esto cambiara podra ser incluido en una nueva licitacin.  Por otro lado, el ministro asegur que el gobierno tiene un plan B frente a la posibilidad de que algun proyecto se viera afectado. As, detall que Pro Inversin cuenta con iniciativas privadas en las que se encuentran trabajando en caso sea necesario que estas reemplazen a los proyectos que se pudieran caer debido a los temas de corrupcin.  –Los detalles–  As, de cara al hito del 23 de enero, el panorama para la salida de Odebrecht y el cierre financiero del proyecto seria complejo.  En caso no se concretaran, el contrato se rescindira dado que el concesionario no habra cumplido con el hito del cierre financiero. Dada esta causa, el contrato establece que el gobierno deber devolver al consorcio el 72,5% de lo invertido hasta la fecha, suma que ascendera aproximadamente a US$1.600 millones. De ellos, US$1.000 corresponden a los aportes de los tres accionistas y US$600 mil a un crdito puente que se adquiri para avanzar con la construccin del ducto.  La liquidacin del proyecto y, por tanto, la devolucin de lo invertido, se realizara mediante un mximo de tres subastas de los bienes del proyecto.  Segn Flauvio Ausejo, economista de la Universidad del Pacfico, y Magali Lazo, asociada del estudio Muiz, el gobierno tendra dos opciones ante la resolucin del contrato: suspender de inmediato todas las actividades con la concesionaria actual, o resolver el contrato pero permitir que el concesionario siga operando el proyecto hasta que se lance una nueva licitacin.  Sobre lo segundo, actualmente el contrato no especifica quien asumira el mantenimiento mensual de la obra que, en su estado actual –paralizada desde marzo–, oscila entre los US$20 y US$30 millones. Cuando la obra est en operacin, se invierte US$100 millones mensuales, detall otra fuente.  Por otro lado, explica Lazo, la resolucin del contrato significara tambin la ejecucin de la carta de garantia del fiel cumplimiento que manejann todos los contratos de concesin, cuyo objetivo","elcomercio","11/01/2017"
"Delincuentes roban banco en Villa María del Triunfo","Delincuentes con pasamontañas, pistolas y retrocargas llegaron al Banco de la Nación, en Villa María del Triunfo, a bordo de una camioneta que habían robado una semana atrás. En cuestión de segundos redujeron al vigilante y le quitaron su revolver, para luego amenazar al resto de víctimas. Los delincuentes también se llevaron S/1.500 de un ahorrante que iba a depositar el dinero. Por la tarde, la PNP encontr el auto que tenía la placa clonada, y la propietaria pudo recuperarlo.","elcomercio","11/01/2017"
"Giancarlo Delgado Herrera, gemelo de Alexander, es liberado","Giancarlo Delgado Herrera, gemelo de Alexander, reo que el último domingo huyó del penal de Piedras Gordas, fue liberado por orden del Juzgado de Investigación Preparatoria Permanente de Ancón. La fiscalía había pedido la prisión preventiva del detenido, pero durante la audiencia se retractó. El requerimiento no cumplía con el requisito de una pena superior a cuatro años, dijo la jueza Clara Mosquera, quien ayer dictó comparecencia restringida.","elcomercio","11/01/2017"
"Fiscalía podría pedir cárcel para Rosemary Ibarra","La alférez Edith Inga fue agredida por Rosemary Ibarra. Para el penalista Roberto Miranda, Ibarra podría ser sentenciada a una pena no menor de 4 ni mayor de 8 años de cárcel. Sin embargo, el 1 de julio del 2016, la Corte Suprema acord en un plenario que solo aplicará sanciones duras en estos casos cuando la agresión cause lesiones leves o 10 días de incapacidad. Ibarra podría ir como mínimo cuatro años a prisión.","elcomercio","11/01/2017"
"Jeff Sessions niega acusaciones de racismo","El senador conservador Jeff Sessions, escogido por Donald Trump como próximo secretario de Justicia, neg ayer viejas acusaciones de racismo durante el inicio de las audiencias en el Senado de EE.UU. en torno al Gabinete del presidente electo. Sessions fue el primero del equipo de nominados por Trump en acudir al escrutinio de rigor ante sus pares. La sesión en el Capitolio estuvo desde el inicio agitada, con una multitud de manifestantes interrumpiendo la discusión a lo largo de la audiencia desde la tribuna del público en rechazo a lo que, según ellos, representa Sessions. Miembros de organizaciones de los derechos humanos y hombres disfrazados de militantes de la organización racista Ku Klux Klan (KKK), con capuchas y túnicas blancas, fueron expulsados por la policía. No a Trump, no al KKK, no a unos Estados Unidos fascistas, gritaron varios de los manifestantes. Sessions rechazó los señalamientos de no haber protegido el derecho al voto de electores negros y de tener simpatías por el KKK. Esas acusaciones son falsas, apuntó. Esa caricatura sobre mí en 1986 no era correcta, dijo, en referencia al período en el cual su nominación a juez federal colapsó por lo que tachó de un esfuerzo organizado de acusaciones de racismo. Al ser interrogado directamente sobre si acompañaría el llamado electoral del próximo mandatario de encarcelar a su rival Hillary Clinton por el uso de un servidor privado de correos electrónicos, advirtió que se pondría a un lado de cualquier investigación. Lo correcto sería recusarme de cualquier investigación que involucre a la secretaria Clinton, declaró. Este país no castiga a sus enemigos políticos, pero este país garantiza que nadie está por encima de la ley, afirmó.","elcomercio","11/01/2017"
"Polémica en torno a la designación del yerno de Trump","¿Qué rol ocupará Jared Kushner, esposo de la hija mayor del presidente electo, en el Gobierno? Será asesor especial de Donald Trump en la Casa Blanca, un puesto que no requiere confirmación del Senado. Promotor inmobiliario al igual que su suegro, Kushner fue uno de los indispensables del equipo de campaña del magnate. Desde 1967 rige en Estados Unidos una ley antinepotismo inspirada en la controvertida decisión del presidente John F. Kennedy de designar a su hermano Robert fiscal general. La norma prohíbe a un funcionario público nombrar o promover a un familiar suyo en agencias de la administración de EE.UU.. Dos puntos podrían amparar la decisión: no está claro para los expertos que la Casa Blanca pueda incluirse entre las agencias públicas. Además, el precedente del nombramiento de Hillary Clinton –cuando su marido Bill era mandatario– al frente de un grupo para la reforma sanitaria. Un tribunal rechazó la demanda presentada por presunta violación de la ley. Dijo que esta no afectaba puestos de personal de confianza.","elcomercio","11/01/2017"
"Obama insta a la unidad en su último discurso como presidente","Barack Obama, pronunció anoche su último discurso como presidente de EE.UU. frente a una multitud en Chicago, la ciudad donde dio el salto a la política, e hizo un emotivo llamado a la unión más allá de nuestras diferencias. Esta noche es mi oportunidad para decir gracias. Ustedes me hicieron un mejor hombre, manifestó desde el centro de convenciones McCormick Place. Obama –el primer presidente negro de EE.UU.– dijo que el país está ahora más fuerte que hace ocho años, cuando llegó al poder, y aunque aseguró que la sociedad había mejorado las relaciones raciales, admitió que el tema sigue siendo una fuerza divisiva entre los estadounidenses. Asimismo, prometió una transferencia pacífica del poder. Haré que la transición de gobierno para el presidente [Donald] Trump sea tan fluida como fue la del presidente Bush para mí. El magnate asumirá el cargo el 20 de enero. Obama remarcó que corresponde a todos los ciudadanos ser guardianes de la democracia. Pidi a los estadounidenses que actúen y crean en su capacidad de lograr cambios. Destacó los logros de su gestión en la economía y en la lucha contra el terrorismo, pero recaló que aún existen desafíos en materias que van desde el fortalecimiento de la democracia hasta el cambio climático.","elcomercio","11/01/2017"
"Dan pena de muerte a autor de masacre racista en iglesia","Dylann Roof, autor de la matanza de nueve feligreses afroamericanos en una iglesia metodista de Charleston (Carolina del Sur) en junio del 2015, fue sentenciado a la pena de muerte por un jurado federal. El joven de 22 años nunca dio muestras de arrepentimiento e incluso en su declaración final aseguró: Todavía siento que tenía que hacerlo. La decisión del jurado federal compuesto por 12 personas (nueve de raza negra y tres de raza blanca) fue unánime. Durante el proceso judicial, el joven confes los crímenes y reconoció que eligió atacar la iglesia de Charleston por ser una de las más firmes en la defensa de los derechos de los afroamericanos. La noche del ataque a la histórica iglesia, Roof se sent durante 45 minutos en una de las bancas con un arma semiautomática mientras los feligreses leían la Biblia, antes de comenzar a disparar contra los asistentes y matar a nueve de ellos. Roof era un hombre de odio intenso. Estas nueve personas ejemplifican una bondad mayor que su mensaje de odio, dijo el fiscal Nathan Williams en el juicio.","elcomercio","11/01/2017"
"Opportunities for promotion increased","The opportunity to ascend would increase and a promotion should give more chances to the other and so successively. In that new order, officials from Ollanta Humalas promotion had to wait until 2017 to become division generals, while those from Antauros promotion waited until 2018.  But when Humala came to power, he modified the regulation which had already been changed and extended the service time again to 40 years.  However, instead of extending the years for promotions like it was done with the previous modification, Humala gave himself more room to advance his own promotion and that of his brother.  And he printed it in a legal norm that made it effective: those who were supposed to ascend in 2019 and 2020 according to the last modification, would ascend in 2016 and 2017. And so it happened, Humala promoted four of his friends from his promotion to division generals before leaving. He also prepared everything for people from his brothers group to ascend at the beginning of this year.  Aside from manipulation and institutional meddling, we shouldnt forget that the Humala brothers have already led two military uprisings: Locumba and Andahuaylazo. They believe in uprising and insurgency as political tools. Indeed, one of them succeeded, becoming president of Peru.","elcomercio","11/01/2017"
"Zavala requests Congress not to rush judgment on decrees","The head of Cabinet, who noted that the norms are already being applied, should appear tomorrow in Parliament to explain them.  One day after acknowledging that the Executive had not sufficiently explained the 112 legislative decrees drafted, Prime Minister Fernando Zavala held a conference to discuss the norms.  Shortly before 8 AM yesterday, Zavala, accompanied by members of the Cabinet, reiterated that the Government had been diligent in drafting the decrees.  “We have been very careful in preparing these draft legislative decrees based on the Constitution and in accordance with the scope of powers given to us by Congress. For that reason, we will go there to explain on Thursday,” he commented regarding his presentation in the Legislative Powers Commission of the Legislative Power to provide details about the norms. The prime minister also referred to criticisms towards the decrees coming from Parliament.  “The legislative decrees have been published, they are now laws and are already being implemented. What Congress has is the authority to review and oversee these decrees. I would prefer that opinions not be rushed ahead,” stated the head of the Cabinet.  He defended decrees such as number 1305, under which the National Institute of Neoplasm Diseases (INEN) passes to the Ministry of Health. It’s not just an isolated legislative decree. We’ve made several changes aimed at optimizing services for citizens, including significant modifications to the Comprehensive Health Insurance due to known problems.","elcomercio","11/01/2017"
"Cucho challenges ruling against him as head of ONPE","The head of the National Office of Electoral Processes (ONPE), Mariano Cucho, presented a challenge yesterday against the decision of the full Council of the Judiciary (CNJ) that decided not to confirm him at the helm of that entity.  Cucho, who headed the ONPE during the latest elections, claimed that the CNJ did not respect due process in evaluating his case.  The leader of the agency explained that three council members evaluated his performance technically and, although they reported no deficiencies, decided not to confirm him. When they issue the final resolution, they don’t uphold those evaluation factors. That’s why due process is affected, he said in statements to RPP.  I don’t want to stay in office. What I want to say is that the team I lead has performed exceptionally. […] I’m not insisting on continuing, what bothers me is their assessment attitude, he protested.  New rules  The CNJ published the Sunday the new regulations for the contest to elect the next head of the ONPE.  --It wasn’t optimal-- The president of the CNJ, Guido Aguila, indicated that they will analyze Cucho’s challenge objectively and respecting administrative processes.  In dialogue with El Comercio, Aguila pointed out that Cucho is within his rights to challenge the decision against him. He clarified that not being confirmed does not imply a sanction.  In the case of not confirming a judge or prosecutor, we’re talking about cutting off a career. The case of the head of the ONPE is different because they are elected for a four-year term, he explained.  However, the head of the CNJ did point out that Mariano Cucho’s performance at the ONPE wasn’t optimal.  We think there could be a new election and a new person. But we’ll review his challenge and, if we find reasons to reverse course, surely we will, he added.  The CNJ scheduled for Friday the hearing where Cucho will make his case to support his request for a challenge and resolve it the same day.","elcomercio","11/01/2017"
"Sentencing on Same-Sex Marriage","I declare you equal before the law, said the judge after concluding the ceremony. On October 30, 2010, Scar Ugarteche and Fidel Aroche got married in Mexico City and sealed a relationship that began 17 years earlier. Their family and closest friends attended the wedding.  Ugarteche was born in 1949 but says he didn’t assume his sexuality until late in the 1970s, when he was 30. In 1982, he founded the Movement of Homosexuals of Lima (MHOL) to initially protect the LGBT community from police abuses, while simultaneously becoming a notable economist.  In 2005, he decided to settle in Mexico, where Aroche was born. Five years later, legislation allowing same-sex marriage was approved in Mexico City. Fidel told me: Were getting married, recounts Ugarteche. However, he still had no idea of the long judicial path he would face.  ---Legal Battle---  A year after the marriage, in 2011, Ugarteche went to the Peruvian consulate in Mexico to register his union and regularize his documentation. Six months later, according to his account, the diplomatic representation responded that they didn’t know how to proceed with his case.  He opted to grant a power of attorney to my lawyer to request registration of my marriage at the Civil Registry in Lima, but declared my request improper in March 2012, says the economist.  The National Registry of Identification and Civil Status (RENIEC) rejected his request citing Article 234 of the Civil Code—which has been in effect since 1984—as stating that marriage is the voluntary union contracted by a man and woman legally capable thereof, thus not proceeding to register the union between Ugarteche and Aroche.  Facing refusal, in December 2012, the economist initiated a lawsuit against RENIEC, which fell under the jurisdiction of the Fourth Civil Court of Lima. This court annulled a RENIEC resolution asserting that there was no legal basis for same-sex marriages in Peru.  The court considered that the Civil Code, dating back to 1984, has not adapted to social changes such as same-sex marriage.  ---Key Points of the Sentence---  Changes in Society  The court determined that the Civil Code needed to reflect societal changes, including recognizing same-sex marriages.  Rights  It specified that the verdict only verified whether constitutional rights of Scar Ugarteche, such as equality, were violated.  Discrimination  The court highlighted that RENIEC refused to register the union of Ugarteche simply because it was between homosexuals, which was highly discriminatory and contrary to our Constitution.  Secular State  It was emphasized that opposing a recognition of same-sex marriage on religious grounds isn’t feasible, as Peru is a secular state.","elcomercio","11/01/2017"
"DisCRIMINAción","El juzgado indicó que el Reniec se negó a inscribir la unión de Ugarteche porque fue celebrado entre homosexuales, lo que resulta altamente discriminatorio.  Estado LAICO Se indicó que no es factible una oposición religiosa al reconocimiento de un matrimonio homosexual, ya que el Perú es un Estado laico.  En octubre del 2013, el caso fue admitido en el Séptimo Juzgado Constitucional de Lima, a través de un proceso de amparo. En esta instancia judicial, el Reniec reiteró su argumento (que no podía registrar la unión de Ugarteche y Aroche, debido a que el Código Civil vigente no lo permite).  Dos años después, en el 2015, el juzgado constitucional notificó que emitiría sentencia sobre la demanda de Ugarteche, aunque ésta recién se dictó el 21 de diciembre del año pasado.  -Reniec apelará fallo- En su decisión en primera instancia, conocida el lunes último, la jueza Malbina Saldaña obligó al Reniec a reconocer e inscribir el matrimonio Ugarteche-Aroche. Entre sus argumentos, sostuvo que el Reniec se había negado a registrarlo por la única razón de que fue celebrado entre personas homosexuales, lo que resultaba altamente discriminatorio y contrario a nuestra Constitución.  La entidad confirmó ayer que apelará dicha sentencia, aunque aún no había sido notificada por el juzgado. Benito Portocarrero, representante del Reniec, explicó que, si bien saludaba la lucha judicial de Ugarteche, la apelación debía darse. En caso contrario, el procurador podría ser sometido a un proceso por no velar por los intereses del Estado, agregó.  -Problemas de fondo- Ugarteche dice que este fallo es una contribución suya a la lucha por los derechos de la comunidad LGBT en el país. Solo espero que el Reniec acate la sentencia y prime la sensatez; no la pacatería. Si no, llegaremos hasta el Tribunal Constitucional [TC], concluye.  El ex presidente del TC, Ernesto Álvarez, sostiene que el fallo es un precedente peligroso, ya que abre la puerta a que las normas pierdan su vigencia bajo la interpretación de un juzgado.  Las leyes como el Código Civil están vigentes hasta que son derogadas. No corresponde a la jueza determinar cuándo una norma debe ser incumplida. Además, es discutible que el matrimonio se considere un derecho, cuando en realidad es una institución jurídica, explicó Álvarez.  Para el constitucionalista Enrique Bernales, la decisión judicial sienta un precedente para la jurisprudencia peruana, ya que ha ponderado un derecho amparado en la Constitución (como el de la igualdad) por encima de una norma (el Código Civil).  Ninguna ley puede contradecir lo que dispone la Constitución. Si bien el Reniec está en su derecho de apelar, el problema de fondo es que no existe una congruencia entre lo que dice la Carta Magna y el Código Civil, explicó Bernales.","elcomercio","11/01/2017"
"Miraflores y San Isidro: ¿Ciudad o suburbio?","El concepto urbano de Miraflores y San Isidro genera controversia. Odisea por el espacio.","elcomercio","11/01/2017"
"Mncora y Los Órganos son declaradas playas no aptas para bañistas","Autoridades indican que solo hay tres playas saludables en la región Piura. Luego de varias inspecciones, las autoridades de salud ambiental de Piura y Sullana informaron que en toda la región solo hay tres playas saludables: Chulliyache (en Sechura), Lobitos y Cabo Blanco (en Talara). En tanto, Mncora (Talara) y Colón (Paita), entre otros balnearios, fueron declarados no aptos para los bañistas debido a que no cuentan con las condiciones de salubridad requeridas.  Miguel Ruiz, jefe de la dirección ejecutiva de Salud Ambiental de Piura, dijo que lugares como la laguna de Apique, Matacaballo, San Pedro y la represa Los Ejidos no cumplen con las condiciones sanitarias ptimas, como son la calidad del agua, la instalación de servicios higiénicos y basureros para residuos sólidos.  La jefa de la dirección ejecutiva de Salud Ambiental de Sullana, Katy Escobar, dijo que Lobitos está catalogada como apta pese a que, como denunció recientemente este Diario, tiene una laguna de oxidación improvisada cuyos residuos desembocan a menos de 100 metros de la playa.  En el caso de Mncora y Los Órganos –dos de las playas más concurridas en la zona–, los análisis microbiológicos de la calidad del agua arrojaron niveles por encima de los máximos permisibles. No calificaron por la presencia alta de coliformes fecales y porque no reúnen las condiciones sanitarias requeridas, comentó Escobar.  El alcalde de Mncora, Florencio Olibos, dijo que su municipio ha colocado seis baños químicos en la playa. Tenemos contenedores de basura, ahora baños químicos. Ya no hay argumento para que declaren Mncora playa no apta. El viernes nos reuniremos con las autoridades para aclarar este tema, comentó.","elcomercio","11/01/2017"
"Multan a Aqua Expeditions por accidente","La empresa operaba la embarcación que se incendió en el río Itaya, en Iquitos.  La Capitana de Puerto de Iquitos (Marina de Guerra del Perú) multó con 262 unidades impositivas tributarias (UIT), que equivalen a S/1061.000, a la empresa Aqua Expeditions por el accidente fluvial reportado el 16 de julio del 2016 en el puerto Enapu, a orillas del río Itaya, donde perdieron la vida ocho empleados y varios otros resultaron heridos.  Esta entidad determinó que la empresa pague 100 UIT por no acatar las normas costeras vigentes en Iquitos, 150 UIT por el vertimiento de hidrocarburos en el río y 12 UIT por autorizar trabajos de soldadura sin informar a la capitana de puertos.  En la fecha del accidente y antes de recibir a los pasajeros el crucero llegó hasta el puerto para abastecerse de combustible mientras se realizaban trabajos de soldadura, cuyas chispas provocaron un incendio y la explosión en la sala de máquinas. La nave se hundió y varios empleados que se encontraban a bordo quedaron atrapados. Durante 19 días, buzos de la Marina trabajaron en la recuperación de los cuerpos.  En la resolución de la Capitanía se disponen otras sanciones que deben cumplirse en el plazo de 15 días hábiles, como el pago a los peritos navales y al grupo de operaciones de la Comandancia General de Operaciones de la Amazonia Peruana, entre otros, por un monto de S/500 mil. Este Diario trató de contactarse con la empresa pero no obtuvo respuesta.","elcomercio","11/01/2017"
"Obras en aeropuerto de Chinchero se iniciarán este mes","Cusqueños hicieron vigilia para exigir inicio de trabajos en el terminal aéreo.  El gerente general del Gobierno Regional del Cusco, Eduardo Zans, informó que la construcción del aeropuerto de Chinchero se iniciará el 23 de enero con la colocación de la primera piedra, en una ceremonia a la que asistirá el presidente Pedro Pablo Kuczynski. Según el funcionario, esta semana se debe efectuar el cierre financiero por parte de Organismo Supervisor de la Inversión en Infraestructura de Transporte de Uso Público (Ositrán), el Ministerio de Economía y Finanzas (MEF) y el Ministerio de Transportes y Comunicaciones (MTC) para iniciar los trabajos de remoción de tierras en los terrenos donde se construirá el terminal aéreo.  Zans dio estas declaraciones en la vigilia realizada el lunes en la Plaza Mayor cuzqueña. Allí, unas mil personas se concentraron para reclamar al Ejecutivo que inicie cuanto antes la construcción del aeropuerto.  Aunque el MTC no confirmó que el lunes 23 se dé inicio oficial a las obras, sí indicó que será en el transcurso de este mes.","elcomercio","11/01/2017"
"Philippe quiere ser el primer discapacitado en llegar a la Luna","Surge de una broma de su esposa. ¿Cuál será tu próximo sueño?, le preguntó, luego de completar un recorrido de los Cinco Continentes, en el 2015. El Dakar, respondió de inmediato Philippe. Y así, el último lunes partió desde Asunción a Resistencia. ¿Cuál será tu siguiente aventura?, le pregunté. Llegar a la Luna, dice. Quiere ser el primer discapacitado en llegar a la Luna, agrega Anne Bayard, su traductora, ya que el piloto solo habla francés.  Estoy seguro, me siento confiado. Pero yo tengo dos motores, el deseo de divertirme y el mensaje que quiero enviar para los discapacitados: dejar de quejarse y hacer lo que quieran, asegura.  Vemos día a día. Cada etapa es una victoria para nosotros, expresa con el carisma propio de una persona que disfruta la vida muy por encima de los problemas que pueda tener.  Ama el automovilismo.  El dato  El recorrido del Desafío Cinco Continentes es Papúa Nueva Guinea-Indonesia, Jordania-Egipto, Marruecos-España y Alaska-Rusia.  Cien mil euros le donó Nasser Al-Attiyah a Philippe a fin de que pueda completar el presupuesto para competir en el Dakar.","elcomercio","11/01/2017"
"Luis Barco, la carta peruana en Panam","Mañana comenzará el Latin America Championship 2017 de golf.  Panam. Solo tres golpes lo alejaron, hace un año, del título. También del cupo al Masters de Augusta, uno de los torneos grandes del golf mundial (es como hablar de un Grand Slam en tenis). Hablamos de Luis Fernando Barco, peruano que ya se encuentra en Panam para disputar, desde mañana, el Latin America Championship 2017. Él espera mejorar el tercer puesto que obtuvo en el 2016.  Ayer fue el primer día de práctica, el cual le sirvi para conocer 9 de los 18 hoyos del Club Golf de Panam. Se podría decir que vengo por una revancha, pero no lo veo tanto así. Lo más importante es concentrarse golpe por golpe y dejar el resultado de lado. Sé que pude haber hecho algo más el año pasado en los últimos hoyos. Ojalá tenga chance de ganar el último día, comenta el golfista nacional de 21 años.  Barco disputará las dos primeras rondas del LAAC 2017 junto con el chileno Matías Domínguez (campeón del LAAC 2015) y el brasileño Herik Machado.  Lo estoy disfrutando, remarca, pero no sabe si seguir compitiendo en estas pruebas durante el año. El reto actual es el Dakar y en eso está concentrado.","elcomercio","11/01/2017"
"Valtteri Bottas será piloto de Mercedes","La butaca dejada sorpresivamente por Nico Rosberg en Mercedes tras lograr el Mundial 2016 ya tiene dueño: Valtteri Bottas será el nuevo compañero de Lewis Hamilton en la escudería alemana, así lo adelant ayer el diario AS de España.  Williams contará con los motores Mercedes sin ningún costo durante este año dentro del acuerdo por Bottas. Por su parte, el finlandés tendrá un sueldo de seis millones de euros, explic AS.  El diario español agregó que el piloto finlandés de 27 años, quien tiene nueve podios en 73 carreras, será presentado el 23 de enero, un mes antes de que se haga público el nuevo coche de Mercedes.  El año pasado, en la segunda edición del torneo, Barco se qued a solo tres golpes del título.","elcomercio","11/01/2017"
"La sentencia que ordena al Reniec reconocer un matrimonio entre personas del mismo sexo","Amor prohibido  Ilustración: Giovanni Tazza  Carlos J. Zelada","elcomercio","11/01/2017"
"LA CORRUPCIÓN EN EL PERÚ RAÍCES DE LOS SOBORNOS DE LA CONSTRUCTORA BRASILEÑA","Odebrecht y el Imperio Bandeirante  Carmen McEvoy  Historiadora  El inicio de este nuevo año estuvo marcado por una serie de sucesos preocupantes: el descubrimiento del cadáver de una niña estrangulada y violada dentro de una maleta abandonada en la vía pública, una sucesión de incendios entre ellos el de un bellísimo monumento histórico en el Centro de Lima, además de la intervención a la casa de un ex presidiario quien presuntamente acumuló una fortuna fabulosa esquilmando al Estado Peruano. Por si ello no fuera suficiente, resulta que el doctor del negociazo regres muy suelto de huesos al Hospital Loayza y Víctor Albrecht, quien preside la Comisión Lava Jato en el Congreso de la República, contrat –en sus años mozos– con El Chaval y El Chavallito. Dos compañías recolectoras de basura, a todas luces, fantasmas. Un intrigante al estilo Chim Pum Callao investigado por la Fiscalía Especializada en Delitos de Corrupción de Funcionarios del primer puerto. Difícil mantener el optimismo con un panorama donde un exportador de oro que provendrá de la minería ilegal vive cual pacha en un fortín artillado con armas de guerra. Donde una niña de 8 años –cuyo único deseo era tener una muñeca para Navidad– es tratada peor que un animal. Y en el cual quien preside en el Congreso de la República la investigación en torno a la megaestafa cometida contra el Estado Peruano tiene en su historial una imputación por colusión y peculado contra ese mismo Estado que, irónicamente, representa. Somos testigos de un brote de surrealismo radical –si cabe el término– cuando faltan aún trescientos cincuenta y tantos días para terminar el año. ¿Qué nos espera?  El eminente jurista Avelino Guzmán, quien nos ayudó a encarcelar al fundador del partido donde milita el presidente de la Comisión Lava Jato, declar hace algunos días que Odebrecht no es cualquier empresa. Y que cuando llegó al Perú la maquinaria de corrupción brasileña ingresó a territorio comanche. Con todo el respeto que merecen los comanches y los millones de peruanos honestos que no fueron corrompidos por Odebrecht, creo entender que a lo que se refiere Guzmán es a la ausencia de instituciones capaces de proteger a la república contra las tramas delictivas que se arraigan, un día sí y el otro también, en su suelo.  Somos una suerte de Far West sudamericano donde pululan los Moreno, Ferraris, Orellanas, Montesinos o los no habidos Arístides. Ellos, al igual que los ladrones de cuello y corbata, los asaltantes al paso, las combis de la muerte y los violadores y asesinos de niños, operan con patente de corso y en absoluta impunidad.  En un artículo que publiqué cuando muchos aún dudaban de la inmensa trama de corrupción organizada por Odebrecht en el Perú –con la venia de los mandatarios brasileños y la complicidad de políticos, empresarios, abogados, gobernadores, alcaldes y publicistas nacionales– sugerí un concepto para entenderla. La noción de populismo bandeirante –que integra prácticas y tiempos dispares de la historia brasileña– guarda relación con la idea de la frontera desprotegida aludida por Guzmán. En breve, el otrora imperio portugués perfeccionó a lo largo de varios años un sistema político-económico que exportaba corrupción mientras iniciaba la conquista de espacios transnacionales, capaces de erigirla en referente ideológico regional y hasta mundial. Tal como los bandeirantes lusitanos tomaban por asalto las fronteras de la Corona Española, las vanguardias corruptas de Brasil hicieron lo mismo en el Perú, en Colombia, en Venezuela e incluso en la distante Angola. Penetrando y contaminando con sus prácticas no santas un cuerpo político débil y vulnerable.  El populismo, enraizado en la tradición política latinoamericana, colaboró en la administración de la prebenda brasileña expresada en un Cristo, réplica plastificada y mal hecha del original en Corcovado, o en la oficina de coimas, por donde desfilaban los números de cuentas offshore de todos los personajes que hoy andan desvelados y al borde del ataque de nervios.  Inaugurada la transición democrática, nos convertimos en un país satélite, una suerte de colonia económica con un virrey brasileño apellidado Barata, quien departía con la crema y nata de la sociedad peruana. La república que peleó a sangre y fuego por su independencia ahora enfrenta un nuevo tipo de invasión, mucho más insidiosa y devastadora.","elcomercio","11/01/2017"
"pitana se disponen otras sanciones que deben cumplirse en el plazo de 15 días hábiles, como el pago a los peritos navales y al grupo de operaciones de la Comandancia General de Operaciones de la Amazonía Peruana, entre otros, por un monto de S/500 mil.","Este Diario trató de contactarse con la empresa pero no obtuvo respuesta.","elcomercio","11/01/2017"
"Zans dio estas declaraciones en la vigilia realizada el lunes en la Plaza Mayor cuzqueña.","Allí, unas mil personas se concentraron para reclamar al Ejecutivo que inicie cuanto antes la construcción del aeropuerto.  Aunque el MTC no confirmó que el lunes 23 se dé inicio oficial a las obras, sí indicó que será en el transcurso de este mes.  Ciudad será en Lima  Este jueves, las autoridades locales se reunirán con el ministro Martín Vizcarra para ver la venta y compra de terrenos en la zona.","elcomercio","11/01/2017"
"El concepto urbano de Miraflores y San Isidro genera controversia","Odisea por el espacio  En debate ● Choferes denuncian abuso de autoridad tras reducción de parqueos que obligan al uso de estacionamientos subterráneos ● Municipios dicen que se busca priorizar el tránsito a pie o en bicicleta.  FOTOS: ALONSO CHERO  JUAN PABLO LEN ALMENARA  La avenida Diagonal de hoy no es la misma que estaba ah antes del 15 de diciembre. La imagen de una vía dominada por jaladores, autos estacionados por ocho horas continuas, una fila de vehículos esperando para parquear y taxis bloqueando el paso ha cambiado por la imagen de una avenida miraflorina más silenciosa y ordenada.  En esa imagen está Fernanda, una inspectora de tránsito que hasta hace poco sola recibir insultos de conductores que bloqueaban la vía, y quien hoy trabaja sin sufrir agresiones ni bocinazos. También están colectivos de ciclistas que cruzan la pista y empalman su camino con una ciclova sin temor a ser atropellados.  Ese 15 de diciembre en Miraflores hubo un cambio sustancial: se puso en marcha el Plan Integral de Ordenamiento Vial que prioriza el uso de transporte sostenible, pero al mismo tiempo, desincentiva el uso de automóviles privados al impedirle el acceso libre para estacionar.  Aquella mañana se inauguró un estacionamiento subterráneo y el municipio empez a bloquear unos 120 parqueos sobre la superficie, en nueve calles, donde ahora se ampliarán las veredas.  -La otra cara-  A partir de entonces, una ola de conductores que circulan a diario por este distrito comenzó a denunciar ser víctima de un monopolio de la empresa que administra el servicio subterráneo.  Ya no se puede estacionar en el pasaje Olaya porque macetas bloquean 20 espacios. Tampoco en Diagonal porque las macetas bloquean 50 espacios. Y cuando sigues circulando de pronto te encuentras con la puerta del estacionamiento privado, obligándote a usarlo, dice Alfredo, un chofer que ayer por la mañana buscaba un espacio para su auto.  La compañía estableció la tarifa de S/0,12 el minuto o S/7,20 la hora, dos soles más que el promedio en las playas aledañas, las cuales también dicen estar siendo perjudicadas. En una playa de la calle Lima está Jorge Muruhuay, de 81 años, quien recibe autos desde hace más de 22 años y teme que el negocio quiebre por la presencia del nuevo estacionamiento subterráneo, donde cobran por minuto.  Decenas de macetas bloquean el acceso a los estacionamientos en el pasaje Martín Olaya y en la avenida Diagonal. Las veredas serán ampliadas en favor de los peatones.  Diethell Columbus, abogado y experto en temas municipales, advierte un posible delito de abuso de autoridad por parte del municipio. Si las municipalidades distritales emitieron una ordenanza que habilitaba el cobro de parqueo en las calles, no habría razón para impedir que se sigan usando. Si se bloquean espacios para el uso de una concesión, es un abuso de autoridad, señala.  Este debate es comparable al caso de San Isidro, distrito que también ha adaptado un concepto urbanístico en favor del peatón. Allí se redujo la cantidad de parqueos superficiales tras la inauguración de un estacionamiento bajo tierra. Además, en la calle Los Libertadores se creó una ciclova y se dej solo un carril para automóviles.  Vamos a iniciar una campaña para enseñar lo que significa esta modalidad de vía. Es una calle para no ser vista desde el parabrisas de un auto. Una calle Zona 30, la primera vía de tráfico calmado del país, dice el alcalde Manuel Velarde, quien niega el monopolio de alguna empresa.  El ingeniero vial David Fairlie defiende el concepto urbanístico de ambos distritos y la intención de devolverle la calidad de vida al ciudadano de a pie. Los estacionamientos públicos [no privados] eran demasiado baratos y alentaban a que la gente use sus autos y los dejen all muchas horas. Eso congestionaba las vías, pese a que hay otras alternativas para moverse [Miraflores tiene Metropolitano, corredor azul y ciclovas], indica. Agrega que el público perdió mucho en costo económico y social al haberle dedicado tanto espacio al parqueo. Es un tema que debió evitarse en el pasado. Normalmente lo que se hace es mantener estacionamientos con restricciones de tiempos cortos y un buen sistema de fiscalización, dice.","elcomercio","11/01/2017"
"Lo que debe saber","El marco legal  Para que un municipio haya podido usar la vía pública como espacio de parqueo, como lo hicieron Miraflores o San Isidro durante muchos años, esto debió ser previamente autorizado por la Municipalidad Metropolitana de Lima, según la Ley Orgánica de Municipalidades. Para algunos analistas consultados por El Comercio, es cuestionable quitarle al conductor ese derecho repentinamente.  Las nueve calles transformadas  Las calles o avenidas donde los antiguos parqueos de Miraflores pasarán a ser una ampliación de las veredas son: Diagonal (cuadras 1-4), Larco (cuadras 1-6) y Diez Canseco (cuadra 2); Porta (cuadra 1), Esperanza (cuadra 1), Cantuarias (cuadras 1-2), Mártir José Olaya (cuadras 1-2), Henry Revett (cuadra 1); y el pasaje Los Pinos (cuadra 1).  Próximamente  Se informó que los distritos de Surco, Surquillo y Chorrillos también contemplan en sus planes municipales la instalación de ciclovas y la ampliación de áreas verdes en favor de la peatonalización. Al mismo tiempo, se anunciaron nuevos proyectos de estacionamientos subterráneos para los próximos años, los cuales considerarían una transformación en la superficie.","elcomercio","11/01/2017"
"Lima señala que cuarto intercambio vial en Panamericana Norte está suspendido","Miguel Beltrán/Archivo  Ante protestas en Puente Piedra, Castaeda indicó que presentará un proyecto al Ejecutivo para exonerar del cobro del IGV a los peajes del país.  Juan Guillermo Lara  Intercambio pendiente  El nuevo peaje en la Panamericana Norte que desató la violencia en Puente Piedra, la semana pasada, debió instalarse una vez que la empresa Rutas de Lima hubiera concluido las obras obligatorias establecidas en el contrato de concesión.  El anexo N° 1 del documento estipula la construcción de 15 obras mayores en la carretera –ocho con carácter obligatorio–. Entre estas, figuran cuatro intercambios viales a desnivel; sin embargo, uno, ubicado en el cruce de la Av. Canta Callao, en Los Olivos, no se ha construido.  Pese a ello, la municipalidad permitió que Rutas de Lima inicie la operación del peaje, el 29 de diciembre.  Según el gerente de Promoción de la Inversión Privada de Lima, Jaime Villafuerte, son solo cuatro las obras obligatorias en la Panamericana Norte. Tres están concluidas al 100% y una ha sido suspendida [el intercambio de la Av. Canta Callao, conocida como Trapiche], indicó en una conferencia de prensa en la que participó el alcalde Luis Castaeda Lossio.  Según el contrato, esta obra es de primer orden porque pertenece a la futura autopista que unirá Canta con el primer puerto. Villafuerte no explicó por qué la comuna y la empresa acordaron suspender el proyecto.  Cabe señalar que el contrato indica que esta obra podría variar de obligatoria a complementaria en caso de que la empresa requiera una mayor área para su implementación.  Las obras obligatorias están concluidas, insistió anoche la teniente alcaldesa Patricia Jurez. No obstante, el especialista en temas municipales Julio César Castillo precisó: Suspendida y terminada son dos cosas muy distintas.  En tanto, Rutas de Lima no dio detalles de las supuestas obras inconclusas.  -Exoneración de IGV-  En la conferencia, Castaeda informó que presentará un proyecto al Ejecutivo para exonerar del cobro del IGV a todos los peajes del país.  Si se baja el 1% del IGV como lo ha planteado el Gobierno, hagámoslo mejor. Bajemos el IGV en todos los peajes del país, indicó.  El economista Jorge González Izquierdo cuestionó esa medida. El transporte por carreteras genera valor agregado y, por lo tanto, tiene que estar sujeto al impuesto. Eso es lo lógico, dijo.  Fuentes de este Diario indicaron que el Ejecutivo evalúa una solución al tema del peaje. Una alternativa sería construir un túnel.","elcomercio","11/01/2017"
"Mujer ebria mordió y arañó a una policía en Chorrillos","Rosemary Álvarez manejaba con 1,36 gramos de alcohol en sangre, según la PNP.  Pamela Sandoval del Guila  Arañazos en la cara, una mordida en el brazo derecho e insultos. La guardia nocturna del lunes 9 terminó así para la alférez PNP Edith Inga Mendoza, de 24 años, tras intervenir a una mujer que manejaba ebria en Chorrillos.  Según Inga, Rosemary Álvarez Monroy, la mujer que la agredió, casi choca contra su patrulla cuando regresaba a la comisaría después de atender un robo.  En un video grabado por otros agentes se ve a ambas mujeres sujetadas de las manos. Álvarez, de 32 años, arremete contra la cara de Inga, quien la conminaba a bajar del vehículo. Respondí como dicta el protocolo. No ataqué a la señora, le apliqué una llave en la mano para que dejase de resistirse, dijo la alférez, quien recibió seis días de descanso médico.  Álvarez, dedicada al rubro de la estética, tenía 1,36 gramos de alcohol en la sangre, por lo que será denunciada por peligro común, además de desacato y resistencia a la autoridad.","elcomercio","11/01/2017"
"Asaltan agencia del Banco de la Nación","Dejan libre a gemelo de reo que escapó de prisión  Seis hampones asaltaron ayer por el mediodía una agencia del Banco de la Nación, en Villa María del Triunfo, y se llevaron S/25 mil de las cajas.  Los delincuentes, con pasamontañas, pistolas y retrocargas, llegaron al banco –en la cuadra 9 de la avenida Triunfo– a bordo de una camioneta que habían robado una semana atrás.  En cuestión de segundos redujeron al vigilante y le quitaron su revolver, para luego amenazar al resto de víctimas. Los delincuentes también se llevaron S/1.500 de un ahorrador que iba a depositar el dinero.  Por la tarde, la PNP encontró el auto que tenía la placa clonada, y la propietaria pudo recuperarlo.  Giancarlo Delgado Herrera, gemelo de Alexander, reo que el último domingo huyó del penal de Piedras Gordas, fue liberado por orden del Juzgado de Investigación Preparatoria Permanente de Ancón.  La fiscalía había pedido la prisión preventiva del detenido, pero durante la audiencia se retractó. El requerimiento no cumple con el requisito de una pena superior a cuatro años, dijo la jueza Clara Mosquera, quien ayer dictó comparecencia restringida.  Código Penal  El delito de favorecimiento a la fuga tiene una pena privativa de la libertad no menor de dos años ni mayor de cuatro.","elcomercio","11/01/2017"
"Ampliacin de cupos G La FIFA confirmó que para el año 2026 serán 48 las selecciones clasificadas y que se dividirán en 16 grupos","Sudamérica tendría seis boletos más una repesca. PEDRO CANELO Un Mundial de todos y para todos. Ese pudo ser el eslogan de la campaña presidencial de Gianni Infantino antes de asumir el cargo máximo en la FIFA. Ha pasado menos de un año como líder del máximo ente del fútbol internacional y ya ha cumplido su promesa más mediática. Después de una reunión del Consejo FIFA, ayer en Zúrich, se determinó que para el Mundial del 2026 (aún sin sede) habrá cupos para 48 selecciones. Las puertas del balompié de elite más abiertas que nunca. De par en par. Es una decisión que permitirá a más países soñar, dijo Infantino, quien demuestra con esta medida no solo haber ganado autoridad y liderazgo en la FIFA, sino también que el plan original, con el cual llegó a Zúrich, fue elaborado para cumplirse. Desde fines del año pasado se había puesto en la agenda del fútbol esta intención de Infantino de acelerar la aprobación de la ampliación de cupos. Con la venia de su Comité Ejecutivo, lo que fue un proyecto ambicioso y controvertido ahora ve la luz de la realidad. Y, al parecer, no habrá vuelta atrás. Me parece buenísimo el cambio de los cupos, porque si vos sos de Mali, por ejemplo, sabés que vas a jugar la clasificación, pero no el Mundial, comentó Diego Armando Maradona, en su nuevo papel de embajador de esta nueva directiva de la FIFA. Esa fue otra estrategia aplicada por Infantino en este proceso de recambio: el apoyo de leyendas del fútbol para frenar la crítica desde federaciones, confederaciones continentales y ligas profesionales. —Costos y beneficios— Se perderá competitividad en un torneo que tuvo menos rigor y exigencia en su etapa clasificatoria? Difícil aún predecirlo, sin embargo lo que sí se puede medir en cifras es el inminente crecimiento de ingresos económicos que recibirá la FIFA ante esta modificación de las reglas de clasificación. Un estudio confidencial de la FIFA revelado por el diario Marca asegura que los ingresos netos del Mundial 2026 podrían crecer hasta casi cuatro mil millones de euros. No es poco. El Mundial en el 2026, entonces, se jugará con 48 equipos divididos en 16 grupos con tres selecciones. Se seguirá jugando en 32 días y en 12 estadios. Las selecciones que lleguen a la gran final acabarán jugando siete encuentros. No he cambiado mi opinión al respecto, un mundial con 48 equipos es un error. Las razones de esos planes son políticas y no deportivas. Karl-Heinz Rummenigge Ex jugador y dirigente alemán Ello puede dar muchas más posibilidades a países y sobre todo a jugadores que no han conocido esta competición. David Trezeguet Ex futbolista francés Juego en corto Alianza Lima es un equipo complejo. Nosotros hemos quebrado un cristal de diez años sin campeonar. Quien venga va a terminar de romperlo. Roberto Mosquera Técnico del Jorge Wilstermann Renovado... Santiago Véliz cerr muy fastidiado el año por no poder firmar con el Chiapas de México. Ahora en Alianza ya comentó que está mentalizado en comenzar de cero. Se ha armado un grupo bonito, dijo. Oficial... Y en La Victoria también confirmaron la llegada del volante Sub 20 Kevin Quevedo, quien curiosamente fue formado en las divisiones menores de Universidad Católica. Deuda... Horacio Calcaterra, volante de Cristal, reconoci que la asignatura pendiente en el cuadro cervecero es trascender en la Libertadores. También recordó que en el 2012 fue dirigido por Chemo del Solar en la U. Se queda... Cuando más se especulaba que Christian Benavente podía ser incluido en un club peruano, Mehdi Bayat, director deportivo del Sporting Charleroi, anunció que el Chaval seguirá hasta el 2018 en Bélgica.","elcomercio","11/01/2017"
"Pedro Canelo","Un Mundial de todos y para todos. Ese pudo ser el eslogan de la campaña presidencial de Gianni Infantino antes de asumir el cargo máximo en la FIFA. Ha pasado menos de un año como líder del máximo ente del fútbol internacional y ya ha cumplido su promesa más mediática. Después de una reunión del Consejo FIFA, ayer en Zúrich, se determinó que para el Mundial del 2026 (aún sin sede) habrá cupos para 48 selecciones. Las puertas del balompié de elite más abiertas que nunca. De par en par. Es una decisión que permitirá a más países soñar, dijo Infantino, quien demuestra con esta medida no solo haber ganado autoridad y liderazgo en la FIFA, sino también que el plan original, con el cual llegó a Zúrich, fue elaborado para cumplirse. Desde fines del año pasado se había puesto en la agenda del fútbol esta intención de Infantino de acelerar la aprobación de la ampliación de cupos. Con la venia de su Comité Ejecutivo, lo que fue un proyecto ambicioso y controvertido ahora ve la luz de la realidad. Y, al parecer, no habrá vuelta atrás. Me parece buenísimo el cambio de los cupos, porque si vos sos de Mali, por ejemplo, sabés que vas a jugar la clasificación, pero no el Mundial, comentó Diego Armando Maradona, en su nuevo papel de embajador de esta nueva directiva de la FIFA. Esa fue otra estrategia aplicada por Infantino en este proceso de recambio: el apoyo de leyendas del fútbol para frenar la crítica desde federaciones, confederaciones continentales y ligas profesionales. —Costos y beneficios— Se perderá competitividad en un torneo que tuvo menos rigor y exigencia en su etapa clasificatoria? Difícil aún predecirlo, sin embargo lo que sí se puede medir en cifras es el inminente crecimiento de ingresos económicos que recibirá la FIFA ante esta modificación de las reglas de clasificación. Un estudio confidencial de la FIFA revelado por el diario Marca asegura que los ingresos netos del Mundial 2026 podrían crecer hasta casi cuatro mil millones de euros. No es poco. El Mundial en el 2026, entonces, se jugará con 48 equipos divididos en 16 grupos con tres selecciones. Se seguirá jugando en 32 días y en 12 estadios. Las selecciones que lleguen a la gran final acabarán jugando siete encuentros. No he cambiado mi opinión al respecto, un mundial con 48 equipos es un error. Las razones de esos planes son políticas y no deportivas. Karl-Heinz Rummenigge Ex jugador y dirigente alemán Ello puede dar muchas más posibilidades a países y sobre todo a jugadores que no han conocido esta competición. David Trezeguet Ex futbolista francés Juego en corto Alianza Lima es un equipo complejo. Nosotros hemos quebrado un cristal de diez años sin campeonar. Quien venga va a terminar de romperlo. Roberto Mosquera Técnico del Jorge Wilstermann Renovado... Santiago Véliz cerr muy fastidiado el año por no poder firmar con el Chiapas de México. Ahora en Alianza ya comentó que está mentalizado en comenzar de cero. Se ha armado un grupo bonito, dijo. Oficial... Y en La Victoria también confirmaron la llegada del volante Sub 20 Kevin Quevedo, quien curiosamente fue formado en las divisiones menores de Universidad Católica. Deuda... Horacio Calcaterra, volante de Cristal, reconoció que la asignatura pendiente en el cuadro cervecero es trascender en la Libertadores. También recordó que en el 2012 fue dirigido por Chemo del Solar en la U. Se queda... Cuando más se especulaba que Christian Benavente podía ser incluido en un club peruano, Mehdi Bayat, director deportivo del Sporting Charleroi, anunció que el Chaval seguirá hasta el 2018 en Bélgica.","elcomercio","11/01/2017"
"Andy Polo es fichado por el Monarcas Morelia de México","Jugar al lado de Raúl Ruidíaz. Su contrato es por cuatro años. Andy Polo saca un centro preciso para Ruidíaz y el Enano le pega de volea para seguir siendo el goleador del Monarcas Morelia. Esperamos que sea una escena del futuro próximo después de que ayer se confirmara que el club mexicano fichó al extremo derecho de Universitario de Deportes por cuatro años. El acuerdo se concretó con el Millonarios de Colombia, dueño del pase de Polo. La U, que no pudo intervenir en la transacción y que tenía el préstamo de Andy hasta mitad de año, recibirá una indemnización cercana a los 100 mil dólares. Si este 2017 queremos ver a la dupla de peruanos que juntó Flamengo en Brasil con Paolo Guerrero y Miguel Trauco, comenzaremos a seguir primero a Polo y a Ruidíaz en el Clausura mexicano 2017, que empezó el fin de semana pasado, y donde el Monarcas peleará por no irse a la Segunda División de México. El 2016 fue un año de resurgimiento para el fútbol de Polo. Con la U ganó el Apertura con una ofensiva letal integrada por Diego Guastavino, Edison Flores y Raúl Ruidíaz, que vuelve a ser su compañero. Jug en todo el año pasado 35 partidos con los cremas y marc 4 goles. Debutó también con la selección mayor en las Eliminatorias rumbo a Rusia 2018 (derrota 1-0 en Montevideo ante Uruguay) y asistió a la Copa América Centenario en EE.UU. Completó ocho partidos con la selección de Ricardo Gareca y marc un gol en el amistoso frente a El Salvador (triunfo 3-1). Terminó el año siendo titular ante Brasil en Lima. —Altos y bajos— Andy Polo apareció en el 2011 como la juvenil promesa de Universitario de Deportes. Después del Sudamericano Sub 17 con Perú se hizo un espacio en el equipo que dirigía Chemo del Solar con 16 años. Fue la temporada cuando los cremas pelearon la baja y llegaron hasta cuartos de final de la Copa Sudamericana. As fue el primer año de Andy en el fútbol profesional, que rápidamente recibió una oferta del Genoa de Italia y su partida ilusionaba al hincha peruano. ‘La Joya’ lo apodaron por entonces, pero brillaba como las luciérnagas. En cadena cayeron las malas noticias. Lo del Genoa terminó en un juicio que gan la U. Fue al Sudamericano Sub 20 y solo marc un gol. Ese 2013 pasó a la San Martín y luego se fue al Inter de Milán. Ahora sí se destapa –se pens– pero nada. Jug en el equipo Primavera y apenas estuvo en el banco en un partido de la Serie A 2013-14 (derrota contra el Chievo Verona 2-1). En el segundo semestre del 2014 lo fichó el Millonarios de Colombia y en el 2015 volvió a la U, donde tom fuerzas para volver a pegar el salto al extranjero.","elcomercio","11/01/2017"
"Del Dakar a la Luna, el sueño de Croizon","Sin brazos ni piernas, el piloto francés Philippe Croizon es el símbolo de esta edición del rally. Christian Cruz Valdivia Enviado especial Salta. Si vamos a recordar el Dakar 2017 debe ser por Philippe Croizon. El piloto más aplaudido en la largada en Asunción, el más buscado en el día de descanso en La Paz, el piloto ganador por haber completado ya media carrera del rally. Y es que Croizon ha vencido las dificultades con una sonrisa enorme. Compite sin brazos ni piernas debido a una descarga eléctrica que sufrió en 1994. Pero los retos no son nuevos para él. En esas condiciones atravesó el Canal de la Mancha en el 2010 y ahora asumió esta odisea llamada Dakar, la misma prueba que antes solo veía por TV. La idea de correr el Dakar, curiosamente, surgió de una broma de su esposa. ¿Cuál será tu próximo sueño?, le preguntó, luego de completar un recorrido de los Cinco Continentes, en el 2015. El Dakar, respondió de inmediato Philippe. Y así, el último lunes partió desde Asunción a Resistencia. ¿Cuál será tu siguiente aventura?, le pregunto. Llegar a la Luna, dice. Dice. Quiere ser el primer discapacitado en llegar a la Luna, agrega Anne Bayard, su traductora, ya que el piloto solo habla francés. Estoy seguro, me siento confiado. Pero yo tengo dos motores, el deseo de divertirme y el mensaje que quiero enviar para los discapacitados: dejar de quejarse y hacer lo que quieran, asegura. Vamos día a día. Cada etapa es una victoria para nosotros, expresa con el carisma propio de una persona que disfruta la vida muy por encima de los problemas que pueda tener. Ama el automovilismo. El dato El recorrido del Desafío Cinco Continentes es Papúa Nueva Guinea-Indonesia, Jordania-Egipto, Marruecos-España y Alaska-Rusia. Cien mil euros le donó Nasser Al-Attiyah a Philippe a fin de que pueda completar el presupuesto para competir en el Dakar.","elcomercio","11/01/2017"
"Luis Barco, la carta peruana en Panam","Mañana comenzará el Latin America Championship 2017 de golf. Arturo León Enviado especial","elcomercio","11/01/2017"
"Proyecto y, por tanto, la devolución de lo invertido, se realizará mediante un máximo de tres subastas de los bienes del proyecto.","Según Flavio Ausejo, economista de la Universidad del Pacífico, y Magali Lazo, asociada del estudio Muñiz, el gobierno tendrá dos opciones ante la resolución del contrato: suspender de inmediato todas las actividades con la concesionaria actual, o resolver el contrato pero permitir que el concesionario siga operando el proyecto hasta que se lance una nueva licitación.  Sobre lo segundo, actualmente el contrato no especifica quién asumirá el mantenimiento mensual de la obra que, en su estado actual –paralizada desde marzo–, oscila entre los US$20 y US$30 millones. Cuando la obra está en operación, se invierten US$100 millones mensuales, detalla otra fuente.  Por otro lado, explica Lazo, la resolución del contrato significaría también la ejecución de la carta de garantía del fiel cumplimiento que manejan todos los contratos de concesión, cuyo objetivo es respaldar la seriedad de la ejecución del mismo. El dinero de la carta fianza –que en el GSP asciende a US$350 millones– podría usarse para resarcir a los inversionistas, pero no conozco un proyecto en el que se haya ejecutado. Nunca he visto que esto se active por incumplimiento del contrato añade la especialista.  ¿Cuánto demorará volver a licitar el proyecto? Lazo calcula que armar un nuevo esquema de licitación tomaría, aproximadamente, seis meses. En adelante, la licitación dependerá de la concurrencia de los postores, asegura la abogada. No obstante, Sergio Salinas, profesor de la Universidad del Pacífico, comenta que existe un segundo escenario en el que si el Estado desea revisar y replantear las condiciones de la concesión, apuntando a su autosostenibilidad, la etapa de diseño y estructuración de la nueva concesión puede tomar unos 9-12 meses (contratación de asesores técnicos, estudios complementarios, entre otros) y unos seis meses más, cuando menos, para la etapa licitatoria.","elcomercio","11/01/2017"
"Esperamos la recuperación de la inversión privada, afirma Guerrero.","La incertidumbre del panorama político en EE.UU. impactará en la volatilidad del dólar. Scotiabank da un rango de S/3,28 a S/3,40 para la moneda.  Usi Maria José Gallo  Del Departamento de Estudios Económicos de Scotiabank realizó las proyecciones más acertadas del tipo de cambio en el Perú para el 2016. Mario Guerrero, analista senior que estuvo a cargo de estos pronósticos, comenta lo que ocurrió entonces y lo que ocurrirá en este 2017.  — Scotiabank fue el pronosticador del dólar más acertado del 2016. ¿Qué factores tomaron en cuenta que los otros no vieron?  El 2016 empezó con una vuelta alcista muy importante. El índice del dólar comparado con otras monedas alcanzó su nivel más alto en noviembre del 2015. En diciembre del mismo año, la FED elevó su tasa por primera vez en ocho años.  El sol seguía depreciándose en febrero del 2016, cuando alcanza su punto más alto de S/3,54. Esto hacía que muchos analistas pronosticaran niveles entre S/3,80 y S/4,00. Tomamos en cuenta los cambios de humor en el mercado. Era un exceso. Efectivamente, la FED no logró elevar su tasa de interés en marzo como había anunciado y el mercado corrigió de manera significativa de S/3,54 a S/3,24. Luego vino el brexit. Tratamos de ser muy consecuentes con las proyecciones iniciales que damos. El año pasado solo hicimos dos correcciones. En mayo pasado proyectamos S/3,35. Los acontecimientos nos dieron la razón.  — ¿Cuál es su estimado para el 2017 y qué pronosticadores priorizan?  Este año está empezando de manera similar al anterior. En diciembre, la FED volvió a subir la tasa de interés. Un punto importante es que el dólar en el ámbito mundial inicia el 2017 con su nivel más alto en 15 años. En EE.UU. hay mucha incertidumbre por si habrá tres alzas más y por las políticas que tome la administración Trump. Definitivamente, ha cambiado la evolución de los precios de los metales y se espera mayor volumen de exportación minera [para el Perú]. Y a diferencia de otros años, tenemos hoy un superávit comercial, según el último dato que acaba de publicar el BCR para octubre y noviembre. Esperamos que esa tendencia continúe. Si la situación externa es estable, es bueno para el sol. Eso significa un tipo de cambio por debajo de S/3,35. La volatilidad va a estar enfocada en factores externos como EE.UU., sin perder de vista las elecciones en Europa. En un rango amplio, estamos hablando de S/3,28 a S/3,40.","elcomercio","11/01/2017"
"GSP sigue sin ver la luz","Marco Alemán Analista de inversiones de Kallpa SAB  El futuro del Gasoducto Sur Peruano se mantiene incierto. Las denuncias de corrupción contra Odebrecht han paralizado el financiamiento del proyecto, que debe concretarse antes del 23 de enero o se volverá a licitar, perjudicando a sus socios. Prueba de ello es que GyM, luego de su pico de S/5,18 de diciembre (máximo en 90 días), viene cayendo a medida que se acerca la fecha límite.  La acción cerró el 2016 en S/4,70, y desde ahí retrocede a una tasa promedio diaria de casi 3% (S/3,87 al cierre de ayer, -18% YTD). Pero nos referimos a la constructora más grande del país. Las mejores expectativas de crecimiento económico y recuperación de la confianza empresarial son los catalizadores en el mediano plazo.  A medida que vayan apareciendo más noticias en este tramo final, podremos seguir despejando el panorama que le espera a GyM.","elcomercio","11/01/2017"
