"headline","content","newspaper","date"
"El desinterés del Estado en el funcionamiento de sus servicios básicos","La primera década de este siglo fue de bonanza económica. A pesar de los óptimos ingresos fiscales –el número de nuevos millonarios triplicó al de nuevos locales judiciales o centros de salud–, el desinterés del Estado en el funcionamiento de sus servicios básicos, entre ellos el judicial, fue grosero.  En el 2008 el Gobierno consider indispensable firmar el TLC con Estados Unidos. Para ello, reformó algunos ordenamientos procesales y refaccionó algunos locales. Fueron cambios para mostrar que los procesos con contenido patrimonial serían más expeditivos y así incentivar los negocios. A esa fecha, había diecisiete juzgados comerciales pero solo diez constitucionales, lo que confirma el interés político de privilegiar lo económico sobre los derechos fundamentales. Es decir, importa el judicial en tanto satisface intereses de grupo o personales.  Nada de lo descrito pretende justificar o siquiera explicar lo acontecido en estos días. No es posible hacerlo con lo que no tiene nombre. Sin embargo, debe servir para cuando se proponga la reconstrucción del sistema.  Hay cambios inmediatos y de perspectiva. La reforma de la enseñanza jurídica y el acceso de los mejores cuadros de egresados a la judicatura, por ejemplo, son indispensables pero tomarán tiempo. Dignificar su infraestructura o modificar técnicas coloniales de actuación de la curia, en cambio, deben hacerse ya. Por ejemplo, el novísimo Código Procesal Penal –siguiendo al derogado– regula la publicación de las sentencias de condena. Publicarlas es leerlas íntegramente en audiencia. Pero también se notifican, que es entregar la resolución al interesado o a su abogado. Siendo así, ¿para qué se leen sesenta páginas?, ¿qué se afecta si se suprime la lectura de la sentencia y de otros actos que luego son notificados? Los juzgados o salas penales emplearían mejor cientos de horas si se derogara esta inútil norma.","elcomercio","09/08/2018"
"Patricia del Río analiza el privilegio y la corrupción en el sistema judicial","El ahora ex presidente del Congreso Luis Galarreta decidió que el derecho a tener auto, chofer, gasolina y un suboficial de la policía se les extendiera por un año más a los miembros de la Mesa Directiva, a pesar de que sus funciones habían terminado. ¿Por qué tanto privilegio?, nos preguntamos. Pues porque siempre se ha hecho así, fue la insólita respuesta del congresista Galarreta. Hasta ahora nadie ha logrado explicarnos por qué nuestras autoridades tienen estos privilegios en lugar de padecer las miserias del tráfico como cualquier ciudadano.  El juez supremo César San Martín llamó al ex magistrado Walter Ros para que le agilizara un trámite en el Poder Judicial. ¿Por qué? Pues porque tiene el poder y los contactos necesarios para hacerlo, y porque, claro, siempre es más fácil levantar el teléfono para que te hagan un favorecimiento personal que luchar por construir un Poder Judicial que responda a las necesidades de todos los ciudadanos en los tiempos establecidos.  Cuando la emergencia ocurre en un pueblo perdido, el ciudadano no existe.  El nuevo presidente del Poder Judicial, el doctor Víctor Prado Saldaña-Raga, reconoció que hay salas que se caracterizan por tener un largo récord de absoluciones en delitos de tráfico de drogas, lavado de activos, corrupción y financiamiento del terrorismo. ¿Por qué recién lo notan si las sentencias son públicas? Pues porque los audios han puesto en evidencia una corrupción que estaba en las narices de todo el sistema de justicia y como ya no pueden hacerse los de la vista gorda han decidido indignarse.  En el distrito de San José de Ushua, un pueblo de 150 personas ubicado en la provincia de Pucará del Sara Sara, Ayacucho, más de 50 personas se intoxicaron al comer sopa y estofado contaminados con pesticidas. El hecho ocurrió el lunes a las 7:30 p.m. A las 7 de la mañana del día siguiente ya había nueve muertos. Recién a las 10 de la mañana pudieron evacuar a Arequipa a los que se encontraban en estado crítico. ¿Por qué no se logró salvar más vidas? Pues porque en San José de Ushua solo hay una posta con un médico que no tiene los medicamentos necesarios ni la capacitación para atender una intoxicación por pesticidas. Porque cuando la emergencia ocurre en un pueblo perdido a más de 3 mil metros de altura el Estado no funciona, el ciudadano no existe.  La joven Arlette Contreras, a la que Adriano Pozo arrastró de los pelos y pateó en un hostal, nunca alcanzó justicia. A pesar de las espantosas imágenes que todos vimos, a su agresor le dieron un año de prisión suspendida. ¿Por qué tanta injusticia y ensañamiento? Pues porque la familia Pozo es muy poderosa en Ayacucho y cuando Arlette pidió que su caso fuera visto en Lima para asegurar imparcialidad, el famoso juez Hinostroza le negó el pedido. Actualmente Arlette sigue luchando porque su caso se vea en la capital pero nadie le hace caso. Estoy agotada, fueron sus palabras hace unos días cuando la entrevisté.","elcomercio","09/08/2018"
"Entrevista a Sergio Barriga, director de Tawa Producciones","Queremos que nuestro cómic llegue a Hollywood  Renzo Giner  Scar Barriga y tres amigos lanzaron un cómic inspirado en una leyenda peruana que pudiera competir perfectamente con Superman, Spiderman o Batman. As naci Ayar. La leyenda de los incas, cómic relanzado en la última FIL Lima.  Me gusta escribir desde que tengo 9 años. Pero el que me dio la idea de crear un guerrero incaico fue mi padre y quien propuso hacerlo en formato de cómic fue Virginia, quien ahora es mi esposa, nos cuenta Barriga.  —¿Qué necesita un personaje para convertirse en un superhéroe? Definitivamente es un tema de valores. Si nos remitimos a la leyenda original de los hermanos Ayar, el más fuerte era Ayar Cachi, quien tenía la honda de poder que destruía montañas. Sin embargo, sus hermanos Uchu y Auca lo aprisionan por pura envidia. Por eso Uchu se convierte en piedra y Auca en cóndor. Ayar Manco, por otro lado, decidi seguir las palabras de su Dios y fundar el Imperio Inca, a pesar de no tener un poder específico.  —Debe ser un amante de las leyendas y mitos... Sí. Todo el equipo en realidad. Los cinco viajamos para recolectar historias o mitos y nos la contamos entre nosotros para sacar nuevas ideas.  —Cuenteme un poco más sobre ese equipo... Comenzamos como un grupo de amigos y pronto lo convertimos en una empresa. Ahora somos cinco socios: yo soy el creador, Virginia Borja es la guionista, Kaïmer Dolmos el ilustrador, Erly Almanza le da color y el arte final, y Cristian Ramos es el rotulador.  —¿Cuánto duró llevarlo a los cómics? Creo que varios ya se dieron cuenta del potencial, solo que el miedo los frenó. A veces en Facebook algunos me ponen: Yo tuve esa idea hace años. Estoy seguro de que sí, nosotros no descubrimos el oro. Muchos quisieron hacerlo, pero tuvieron miedo o no tuvieron el capital.  —O creyeron que no pegara... Cuando vamos a un colegio y contamos las historias de los incas los niños salen al recreo y ya no quieren ser Goku, Vegeta, Superman o Spiderman, sino Ayar Manco o Ayar Cachi.  —Ahora vemos el éxito de este cómic, pero el inicio lo calificó como un sueño ordinario imposible durante el TEDxCharacato... Exacto. Nosotros pensábamos que venderíamos millones de copias a la primera. Nos parecía que una idea era suficiente para ganar mucho dinero. Creo que eso piensa la mayoría. Nosotros dejamos los productos en el mercado de Arequipa, pero nadie los compró. Nada. Por eso tuvimos que salir a venderlo como ambulantes.  —Durante esa etapa tuvo una anécdota, fue durante el Día de la Madre. Sí. Un niño le preguntó a su mam quiénes eran los hermanos Ayar y ella le respondió que era un grupo musical. Ahí me di cuenta de que habíamos elegido un producto, la identificación nacional, que se estaba perdiendo e iba a ser difícil. Comenzábamos a hacer trivias, regalábamos dos cómics a quienes nos nombraran a dos de los hermanos y nadie lo hizo.  —Muchos habrían desistido, ¿por qué siguieron? Creo que es porque encuentras tu sueño, algo que te pertenece. Esta historieta es casi como un hijo para nosotros, no podíamos dejar que muriera. Éramos cinco socios y al mes vendíamos 200 soles, para nadie es negocio vivir con 40 soles al mes. Pero para eso está el emprendimiento, te las arreglas para que el sueño no muera.  —As llegó a la Comic Con de San Diego en el 2012. Y ah también tuvo una anécdota curiosa... Sí. El mercado de los cómics es igual al de los libros, los ponen en una rejilla y a quien le interesa toma uno. Entonces estaba ahí, en San Diego, con un producto de 24 páginas, engrapado y que no tenía ni tapa dura. Así que viví un momento de desesperación, no de lucidez. Brota el ingenio peruano que tenemos, salí de mi stand y me puse a gritar Machu Picchu cómic!. Imaginé que era lo que más conocían del Perú.  —Y el resultado? Espectacular. En dos horas vendí los 3.500 ejemplares. Antes de eso me pesaban los 40 kilos de historietas que llevaba en la maleta, la confianza de mis socios, el dinero invertido.","elcomercio","09/08/2018"
"Sobre las Normas Tcnicas","Los abogados y la corrupcin FERNANDO del Mastro Coordinador del rea de tica  derecho PUCP No hay duda de que cuando un  abogado corrompe a una au- toridad se configuran un delito y una falta tica de la mayor  gravedad. Pero qué pasa si un  abogado se entera de que otro corrompe o es  corrompido? Si sabe que su cliente o su colega corrompe? Qué debe hacer si se entera de  que una autoridad cobra por sus sentencias? Desde una visión privatista de la profesión  se diría que el deber de un abogado es defender a su cliente, no denunciar la corrupción en  que incurren otras personas. Esta idea está anclada en muchos profesionales del derecho,  quienes no sienten que tienen una responsabilidad con algo que trascienda su propio  interés individual. Sin embargo, la opción  del Código de ética del Abogado es otra: la  abogacía cumple una función social al servicio del Derecho y la justicia (art. 2) y tiene  as su misión la defensa de los derechos de  las personas y la consolidación del Estado de derecho, la justicia y el orden social (art. 3). Si un abogado sabe que alguien está incurriendo en un acto de corrupción, no puede  hacer como si nada hubiera pasado. Si se entera de que su cliente ha pagado una coima,  debe renunciar (art. 56) y si se entera de que un colega ha incurrido en un acto de corrupción, debe denunciarlo (art. 73). Por supuesto, son muy pocos los que hacen esto, porque  el alma de muchos abogados está mucho  ms al servicio de su ego que de la justicia. Por lo demás, la regulación del Código de  etica, aunque establece deberes cuando el  cliente o el colega corrompe, es bastante timorata en el rol del abogado frente a la corrupción  de la autoridad. Si un abogado sabe que un juez  o un congresista reciben coimas puede denunciarlo, no debe hacerlo (art. 55). Si el código  dice que uno debe denunciar al colega que corrompe, ¿por qué no a la autoridad? En línea similar, considero que es tibio  cuando regula su actuar cuando el cliente es  quien corrompe. De acuerdo con esta norma, uno renuncia y calla. No debería el abogado, además, denunciar a su cliente? Dirán que no, por el secreto profesional, pero este tiene como  finalidad garantizar el derecho de defensa  y no ocultar actos de corrupción. A su vez, el secreto profesional garantiza la relación de  confianza con el abogado, pero si el cliente corrompe, es este el que traiciona esa confianza  al atentar contra la esencia del Derecho. Más allá de que las normas del Código  detica de los abogados sean perfectibles, hay algunas otras consideraciones a tomar  en cuenta. Primero, que solo los abogados  colegiados pueden ser sancionados por infringir las normas de este código. Si bien la  legislación es clara en que la colegiatura es  obligatoria para los abogados que patrocinan en el sistema de justicia, no existe claridad  respecto a su obligatoriedad para quienes se desempeñan en otros ámbitos. En los hechos, por ejemplo, existen abogados que representan a clientes en operaciones comerciales sin estar  colegiados. De otro lado, para egresar de las facultades de derecho y obtener luego el título profesional, el futuro abogado debería demostrar que comprende los deberes del código. Esta necesidad contrasta  con la realidad: en muchas universidades, la ética en la formación de los abogados casi no existe.  Por el contrario, en muchos casos, el día a día de las universidades enseña a callar cuando otros  (docentes, autoridades o compañeros) actúan incorrectamente. Deberíamos darle mucho más peso y dedicarles mucho más debate y reflexión a los  deberes éticos. Los colegios de abogados, por su parte, deben también enfocarse en controlar y  mejorar la ética profesional. En nuestro contexto actual, lamentablemente, no puede extrañarnos que muchos abogados que no  escorruptos no hagan nada frente a la corrupción que tienen al frente. Probablemente la mayoría  ni siquiera conoce las normas éticas, y menos aún siente que la corrupción les afecta al punto de  tener que hacer algo.","elcomercio","09/08/2018"
"Los Avances de la Inteligencia Artificial","Tengo un robot en casa. Es pequeño, redondito –con un aire a Arturito, el de Star Wars– y puede moverse libremente por todos los ambientes del hogar. Su razón de ser, técnicamente, es aspirar y limpiar, por lo que está categorizado como un robot esclavo. As fue creado. Pero un día eso (él o ella?) me va a preguntar: Dispensa, te importaría mover esa silla por favor?. As introduce Mariana Pestana a la perturbadora exposición The Future Starts Here (Aqu se inicia el futuro), ahora mismo en escena en el Museo Victoria & Albert de Londres, y que reta a sus visitantes a pensar en cómo serán nuestras vidas inmediatas a partir de la revisión de cien proyectos tecnológicos actualmente en desarrollo. Todos ellos tan vigentes como disruptivos. Pestana, codirectora de la muestra, comparte los pensamientos que el diseño en marcha de estos organismos de inteligencia artificial le suscitan, sobre todo tras interactuar con algunos de ellos como Brett, un robot muy básico que recoge las cosas tiradas en el piso, pero más aún con Jibo, un robot categorizado como social. ¿Y si mi robot aprende a hablar, tendrá la misma forma de ver el mundo que yo?, se pregunta. Dependiendo, responde Cynthia Breazeal, científica del MIT que desarrolló a Jibo. Depende de cómo y cuánto interactúes con él, pues su inteligencia ha sido programada como similar a la de un niño de 12 años. Visitar The Future Starts Here es conocer la promesa de sistemas y máquinas que aprenden. Aquellas a las que cuanto mayor cantidad y calidad de información le ofrezcas a sus algoritmos, mejores resultados tendrán, dice Pestana. La narrativa de la robótica actual, por tanto, se desmarca de su mito autómata (robot proviene del checo robotnik, es decir trabajador forzado) y se orienta más bien hacia una narrativa humana, en la que la educación, como con los niños, es central para conformar intelectualidades y afectividades más complejas y sensibles. A mayor calidad de interacción, mejor experiencia. A mejor experiencia, mayor y mejor aprendizaje. A mejor aprendizaje, mejores seres humanos. Afirma el Financial Times que Jibo fracasa en encantar a algunos de sus evaluadores. Puede ser. De hecho, los presentes esperamos más que palabras. Esperamos emociones, quizás una voz socrtica. Jibo es en la actualidad una visión, una expectativa que cuesta 900 dólares en el mercado, y que ya te puedes llevar a casa. Es también la corporalidad de Siri, o de Alexa, es decir, los comandos de voz que utilizan Apple o Amazon, pues Jibo también se activa con voz, entonación y timbre del usuario. Y no solo para tareas operativas. También para reconfortarte o invitarte a cocinar. The Future Starts Here exhibe muchísimas más evidencias de que el diseño de sistemas inteligentes se orienta ahora a las emociones y la calidad de interacción. Humanidad, al fin. Muestra objetos y plataformas que ya existen en el mercado, o en los laboratorios, y que tienen impacto social sustantivo. La muestra ofrece desde camisetas que son fuentes de energía gracias a los minipaneles solares que portan hasta proyectos con complejos sistemas sociales operando, como puentes construidos por el crowdsourcing o colaboración ciudadana. También una figura estelar inminente: el automóvil geolocalizado que se activa con comandos de voz y a quien le dices a dónde quieres ir, qué música escuchar, qué temperatura colocar, y a quién llamar por teleconferencia, mientras bebes el café que te ha preparado. Ahora bien, si la inteligencia artificial orientada a lo humano es la respuesta, ¿cuál es la pregunta? Es decir, para qué hacer todo esto? El visitante se va haciéndose esta y miles de preguntas más. En un enfoque lírico, puede ser jugar a ser Dios. En uno bio-político, es dominar la vida misma para vivir para siempre, o tal vez, vivir para siempre a fin de dominar la vida. El orden de los factores en esta ecuación sí altera el producto, en tanto media una cuestión ética. Con qué fines dominar la vida misma? He ahí lo que debemos discutir mientras el robot hace el trabajo básico.","elcomercio","09/08/2018"
"Deficits en la Judicatura del Per","Ahora que la sociedad del desencanto nos muestra un ángulo de sus miserias, ni siquiera el aniversario patrio alcanza para mitigar la desazón. Sin embargo, antes de que el pueblo, esa invención de la historia política contemporánea, exija destruir nuestro sistema de solución de conflictos, resulta prudente informarnos. Solo así podremos opinar o actuar. Aunque por breve tiempo, un Estado democrático puede funcionar sin Congreso y aun sin Jurado Nacional de Elecciones. En la mayor parte de nuestra vida republicana no hemos tenido Tribunal Constitucional ni Consejo Nacional de la Magistratura. Sin embargo, salvo el aciago 1881 cuando don Juan Antonio Ribeyro, presidente de la Corte Suprema, se negó a impartir justicia con el invasor dentro, nuestro sistema de justicia ha funcionado sin interrupciones. Aun asumiendo que una causa de nuestras desdichas sea que el sistema judicial funciona mal, sin él sería el comienzo del fin. Por qué es indispensable? Porque tutela el ordenamiento jurídico (los patrones de conducta que prescriben derechos, obligaciones, deberes, y facultades con las que establecemos relaciones jurídicas cotidianamente). Si este ordenamiento no se cumple espontáneamente, necesitamos del sistema judicial. De hecho, la sola existencia y autoridad de este último es importante, en tanto la confianza pública que transmite podría inhibir los incumplimientos. Por eso es una desgracia que funcione mal. Como nuestra vida en sociedad depende de ello, conozcamos su estado. El sistema judicial peruano no está en crisis porque jamás ha estado bien. Por ejemplo, nuestra primera ley de organización judicial está fechada varias décadas después de ser república. Sin embargo, antes de que la frustración de sentirnos burlados por lo que viene ocurriendo nos impulse a ejecutar actos de degradación sobre jueces y funcionarios probos, que existen y son mayoría, recordemos algunos datos. 1. No hay año en que el Poder Judicial haya recibido más del 1,5% del Presupuesto General de la República. Su importancia social, entonces, es inversamente proporcional a la concedida por cualquier gobierno. 2. Más del 40% de los locales donde se imparte justicia son alquilados. Hay jueces expuestos a un desalojo en cualquier momento. 3. La primera década de este siglo fue de bonanza económica. A pesar de los óptimos ingresos fiscales –el número de nuevos millonarios triplicó al de nuevos locales judiciales o centros de salud–, el desinterés del Estado en el funcionamiento de sus servicios básicos, entre ellos el judicial, fue grosero. 4. En el 2008 el Gobierno consideró indispensable firmar el TLC con Estados Unidos. Para ello, reformó algunos ordenamientos procesales y refaccionó algunos locales. Fueron cambios para mostrar que los procesos con contenido patrimonial serían más expeditivos y así incentivar los negocios. A esa fecha, había diecisiete juzgados comerciales pero solo diez constitucionales, lo que confirma el interés político de privilegiar lo económico sobre los derechos fundamentales. Es decir, importa el judicial en tanto satisface intereses de grupo o personales. Nada de lo descrito pretende justificar o siquiera explicar lo acontecido en estos días. No es posible hacerlo con lo que no tiene nombre. Sin embargo, debe servir para cuando se proponga la reconstrucción del sistema.","elcomercio","09/08/2018"
"Empresas buscan apoyar a los sectores extractivos de petróleo y minería","[Este gobierno] cumplir la meta de aumentar el recaudo mientras bajamos impuestos a los generadores de empleo y mejoraremos los ingresos de los trabajadores, afirma.  El presidente colombiano prevé, tal como ya se intentó hacer en el Perú en el pasado reciente, bajar impuestos para elevar la recaudación y acelerar el crecimiento hasta un ritmo superior al 4% anual. Esto en un contexto en que la agencia calificadora de riesgos S&P degradó la nota soberana de Colombia hasta el ﬁlo de calificación basura.  La meta de Iván Duque implicaría acelerar la economía hasta un ritmo de sobrecalentamiento. De acuerdo con el Banco Central colombiano, su crecimiento potencial se ubica entre 3,3% y 3,5%.   La gran complicación – observa el economista jefe de Citibank, Munir Jalil – es que no hay ninguna guía de cómo haría el gobierno para reemplazar los ingresos perdidos como consecuencia del recorte tributario.","elcomercio","09/08/2018"
"Ciudad en Australia afirma haber erradicado el dengue","La ciudad australiana de Townsville anunció haber eliminado virtualmente la enfermedad del dengue sin generar ningún tipo de impacto ambiental. Se emplearon mosquitos infectados con la bacteria Wolbachia, la cual inhibe la transmisión de este mal.","elcomercio","09/08/2018"
"La primera misión al Sol despegará este fin de semana","La NASA ha programado para este sábado 11 de agosto el lanzamiento de la sonda espacial Parker. Armada con un avanzado escudo térmico, esta máquina será la primera en llegar a la atmósfera del Sol. La sonda se acercará a unos 6 millones de kilómetros de la superficie solar.","elcomercio","09/08/2018"
"Arqueóloga desentierra un pendiente de 2.200 años de antigüedad","Un equipo de arqueólogos dirigido por Yuval Gadot, profesor de la Universidad de Tel Aviv (Israel), halló un pendiente de oro de más de 2.200 años. La joya –que representa la cabeza de un animal con cuernos– se desenterró en un sitio llamado Ciudad de David, en Jerusalén.","elcomercio","09/08/2018"
"Existe alguien como Indiana Jones en la vida real?","Hay que regresar al siglo XIX para hallar a un Indiana Jones. Redactor Ha pasado una década desde la última vez que vimos a Indiana Jones en la gran pantalla. Desde su primera aparición en 1981, es técnicamente imposible para los arqueólogos occidentales viajar y tomar reliquias de otras naciones. En cuanto a Egipto, Giovanni Belzoni se acerca al concepto de Indiana Jones real. Este viajó a Egipto alrededor de 1860. Es una de las primeras personas en introducir el arte y la historia egipcia a los europeos, y trató de hacerlo de una forma entretenida. Fue uno de los primeros en comenzar la ‘Egiptomana’. Belzoni popularizó la caza de tesoros. Sin museos no puede existir un Indiana Jones? Exacto. Si no los tuviera, sería solo un saqueador y no un académico. La noción de exhibir esta clase de tesoros se remonta al siglo XVIII.","elcomercio","09/08/2018"
"Firmó por tres años con posibilidad de dirigir en Qatar 2022 si se clasifica","Tenemos un trabajo inconcluso. Selección G Solo acompañado por su comando técnico, Ricardo Gareca explicó las razones de su renovación y su plan futuro. Lo del homenaje a Claudio Pizarro o de otro jugador no me corresponde. Yo soy entrenador y me dedico a poner a los mejores. Ojalá Juan Carlos Oblitas pueda seguir una vez acabe su contrato, es el gran responsable de que yo esté aquí. Ricardo Gareca, técnico de la selección.","elcomercio","09/08/2018"
"Claudio Pizarro sin Mundial pero en Europa","En días en los que la renovación de Ricardo Gareca era tema de Estado, Claudio Pizarro prácticamente le cerró las puertas a la selección, aunque por lo que dijo en redes sociales –no creo que vuelva– podría interpretarse como un adiós no tan definitivo. Pero más importante que hablar de Pizarro y un posible futuro en la Blanquirroja, si es que cabe tal análisis, me parece un hecho mayor que a sus casi 40 años haya fichado por Werder Bremen de la Bundesliga.","elcomercio","09/08/2018"
"Pedro Chávarry decide apartarse de investigación","Se designó para asumir las pesquisas a Hinostroza y los consejeros luego de que el fiscal de la Nación, Pedro Chávarry, decidiera apartarse de la investigación, tras ser cuestionado por los audios de diversas conversaciones que sostuvo con el juez. La investigación a 13 personas imputadas en el caso de Los Cuellos Blancos del Puerto, que comprende a exfuncionarios del sistema de justicia, empresarios y abogados en el Callao, pasó a la competencia del Sistema Especializado en Delitos de Corrupción de Funcionarios. El juez Cerapión Roque Huamanquínder, de la corte del Callao, consideró que ese sistema que funciona en Lima, y tiene alcance nacional, es competente para ver el caso y ya remitió toda la documentación disponible. Ese órgano judicial tendrá a su cargo las indagaciones al ex presidente de la Corte de Justicia del Callao Walter Roldán y a los empresarios Antonio Camayo y Mario Mendoza.","elcomercio","09/08/2018"
"Prisión ampliada","Por otro lado, el investigado Walter Roldán permanecer recluido en un penal luego de que el Poder Judicial confirmara la orden de prisión preventiva en su contra y la ampliara de 18 a 36 meses. El pedido fue hecho por la fiscalía como parte de la investigación preparatoria que se le sigue a Roldán. A Roldán se le imputan los delitos de pertenecer a una organización criminal, cohecho pasivo impropio y tráfico de influencias.","elcomercio","09/08/2018"
"Chávarry afirma que no conoce acuerdo previo con Odebrecht","El fiscal de la Nación, Pedro Gonzalo Chávarry, afirmó ayer que desconoce el acuerdo que suscribió Hamilton Castro, ex jefe del equipo especial asignado a la investigación del Caso Lava Jato, con la constructora brasileña Odebrecht con el fin de alcanzar un convenio de colaboración eficaz. Ante la comisión del Congreso que investiga el mencionado caso, Chávarry asentó incluso que el fiscal aún no cumple con entregar los documentos que tiene en su poder. Esto ha obligado –añadió– a pedir la intervención de la fiscalía de control interno. Asimismo, consideró que en la gestión del fiscal Castro la investigación “se empantanó”. También cuestionó su actitud. “Cuando lo llamaba, nunca se aparecía”, expresó. Fuentes vinculadas al ex jefe del equipo especial dijeron a El Comercio que este por ahora no se pronunciar respecto a este asunto. A su turno, el fiscal superior Rafael Vela, actual jefe del equipo especial, reiteró que el acta de cooperación suscrita con Odebrecht la secunda. Conocemos el acuerdo suscrito por el fiscal Vela. Nunca conocimos el acuerdo que suscribió, o no sabemos si llegó a suscribir, el fiscal Hamilton Castro, Rosa Bartra, presidenta de la Comisión Lava Jato.","elcomercio","09/08/2018"
"Poder Judicial ratifica que Kuczynski no podrá viajar a EE.UU.","El Colegiado A de la Sala Penal Nacional de Apelaciones Especializada en Delitos de Corrupción de Funcionarios confirmó la decisión que declar improcedente la solicitud de autorización de viaje formulada por la defensa legal del ex presidente Pedro Pablo Kuczynski (PPK). La solicitud fue presentada por César Nakazaki, abogado del ex mandatario. Este está incluido en una investigación preliminar por presunto lavado de activos a razón de los pagos por asesorías Kuczynski es investigado por el Caso Odebrecht. Realizados por Odebrecht a las empresas Westfield Capital y First Capital entre el 2004 y el 2013, algunas de ellas cuando Kuczynski era ministro en el gobierno de Alejandro Toledo. PPK buscaba viajar a Estados Unidos pasada semana no implica que la empresa tenga impunidad en el país. Explicó, por ejemplo, que no habr limitaciones para investigar a la constructora si aparecen nuevos hechos que la comprometan, siempre y cuando las pruebas no hayan sido obtenidas a través de información aportada por la compañía. Agregó que espera que este avance en las relaciones con Odebrecht genere un efecto multiplicador para que otras empresas involucradas en el Caso Lava Jato acepten cooperar con las autoridades peruanas.","elcomercio","09/08/2018"
"Reelegir no es el problema","El desprestigio de la política no tiene como una de sus causas la reelección parlamentaria. Si así fuera, muchos países la hubieran prohibido. Defender la reelección parlamentaria no es popular y menos políticamente correcto, pero hay que hacerlo, pues del desconocimiento se puede pasar a la confusión y más tarde a la canalización de un rechazo (más) a la política, que no permite mirar las reformas con claridad y responsabilidad. Por eso, de las propuestas anunciadas por el Ejecutivo esta, siendo la más popular, resulta siendo la más inconveniente. En realidad, desde hace décadas los peruanos se lamentan de sus representantes y, cada vez más cerca del inicio del mandato. Pero es, en realidad, la combinación de voto preferencial, inexperiencia partidaria y alta renovación de la representación parlamentaria la que forma parte, entre otras, de las causas del hoy desprestigiado Parlamento. Por lo demás, la tasa de reelección parlamentaria en nuestro país en las tres últimas décadas es de menos de la cuarta parte de sus miembros. Si el control político ciudadano se ejerce a través del voto, como premio o castigo, este se materializa, en la mayoría de las constituciones, en la posibilidad de la reelección de los congresistas. Vale la pena recordar que en América Latina solo se impide la no reelección de los parlamentarios en Costa Rica y México, pero con períodos de mandato de cuatro y tres años, respectivamente. Un argumento para impedir la reelección es que los parlamentarios son los únicos a los que se les permite reelegirse, lo que no ocurre con el caso del presidente de la República, los gobernadores y alcaldes. El caso del presidente de la República solo se permitió en dos ocasiones, con resultados negativos, con Augusto B. Leguía, en la década del veinte, y con Alberto Fujimori, en la década del noventa. Impedir la de gobernadores y alcaldes bajo la idea de que la reelección crea corrupción no es una relación válida, pues una autoridad corrupta lo puede ser desde su primer período. Por el contrario, esa prohibición ha impedido que los electores puedan premiar a las buenas autoridades. En todo caso, se pudo limitar a dos o tres períodos. Más aún cuando la tasa de reelección de las autoridades subnacionales es de menos del 20%, por lo que el argumento de la igualdad de la Constitución, para impedir la reelección, no es razón suficiente en ningún sentido. En nuestro país, los partidos son extremadamente débiles, la experiencia y la carrera parlamentaria son valiosas. Ahora cada cinco años la gran mayoría de parlamentarios nuevos aprende la función parlamentaria, para ser representantes de un solo período. Un alto costo de aprendizaje. Más aún si se quiere implantar la bicameralidad. El Senado se nutra de representantes que venían, en muchos casos, de la Cámara de Diputados. Todo esto se anula con la prohibición de la no reelección parlamentaria.","elcomercio","09/08/2018"
"Villarán: Jamás he recibido una coima","La exalcaldesa de Lima Susana Villarán, quien enfrenta un proceso por presuntamente haber recibido dinero de la empresa Odebrecht para su campaña contra la revocatoria, descartó que haya sido financiada por esa constructora brasileña. Jamás he recibido una coima en mi vida. He sido una funcionaria pública transparente, dijo luego de que se suspendiera la audiencia en la que un juzgado nacional de investigación preparatoria iba a evaluar el pedido de comparecencia con restricciones en el proceso que se le sigue por el presunto delito de cohecho pasivo. La diligencia se frustró por la inasistencia de María Julia Mendoza, una de las cinco personas procesadas en este caso. El juez Manuel Antonio Chuyo reprogramó la audiencia para el 10 de agosto a las 3 p.m.","elcomercio","09/08/2018"
"La delegación peruana estuvo integrada por seis deportistas","Brunella Peña (15 años) logró el quinto puesto en -51 kg 14-15 años, Renato de la Llave (15) el noveno en -52kg 14-15 años, al igual que Mariano Dávila (16) en los -51 kg 16-17 años. Finalmente, Alexander Sánchez (17) finalizó noveno en -48 kg 16-17 años. Todos ellos se prepararon un mes en Bangkok con los entrenadores Renzo Consiglieri y Víctor Ccanto. El muay thai ya es un deporte de bandera en el Perú.","elcomercio","09/08/2018"
"Gabriel Mazzetti","En Malasia, ganó el IFMA Muaythai World Championship 2014 en la categoría 71 kilos.","elcomercio","09/08/2018"
"María Paula Buzaglo","A los 15 años logró el título en el torneo IFMA 2015 en Tailandia, en la categoría juvenil hasta las 57 kilos.","elcomercio","09/08/2018"
"Ian Escuza","En el 2017 en Minsk, Bielorrusia, Escuza ganó la medalla de oro en 67 kg del Mundial de Mayores.","elcomercio","09/08/2018"
"Nicholas Young","El peleador de 21 años ganó la corona del Max Muay Thai de Tailandia este año. Young se impuso en 59 kg.","elcomercio","09/08/2018"
"Alexander Chávez","Este 2018 logró el oro en el International Federation of Muaythai Amateur (IFMA) de Cancún en 48 kg.","elcomercio","09/08/2018"
"Ap","Djokovic sigue imparable y clasifica a los octavos de final del Masters 1000 de Toronto. Juan Martín del Potro se retiró del torneo y reaparecerá en Cincinnati. Novak Djokovic tiene muy claro su objetivo: volver a ser el número 1. El tenista serbio busca terminar el año en lo más alto del ranking ATP. Para eso debe seguir arrasando todo lo que se le ponga al frente. Ayer, por lo pronto, clasificó sin problemas a los octavos de final del Masters 1000 de Toronto luego de superar a Peter Polansky por 6-3 y 6-4 en una hora y 25 minutos de juego. El tenista serbio viene recuperando su nivel. Hace poco logró coronarse en el Gran Slam de Wimbledon y ahora apunta a salir airoso en Canadá para llegar en gran forma al US Open. Si gana este último torneo que reparte 2.000 puntos, se pondrá muy cerca del primer lugar. La gran mejora en mi juego ha venido gracias a la consistencia. He recuperado la confianza. Si tuviera que elegir un golpe, ese probablemente sería el saque. Saqué el dato Nole gan cuatro veces el Masters 1000 de Toronto: 2007, 2011, 2012 y 2016.","elcomercio","09/08/2018"
"Pescheria ya está en puestos de clasificación a Tokio","Hoy se corre la última regata y Stefano apunta al top 10 en Mundial de Vela. Un buen día? Buenazooo, dice Stefano Pescheria. El velerista nacional está a un paso de lograr para el Perú el primer cupo para los Juegos Olímpicos de Tokio 2020 y no solo eso, también de meterse en la Medal Race de la categoría Laser en el Mundial de Vela que se realiza en Aarhus, Dinamarca. El peruano salió mentalizado en remontar posiciones desde la casilla 15 para meterse en puestos top y lo consigui. En la novena regata de ayer logró el quinto lugar, lo que lo catapultó hasta el puesto 14 en la tabla individual, y de repetir la actuación hoy en la décima y última regata podría meterse en la definición por el título, la Medal Race. Deben darse muchas condiciones, como que el 9 y 10 caigan, pero yo haré lo mismo, destaca el velerista nacional. Pero lo que también debe mantener Stefano es el lugar como país. Per marcha en la casilla nueve, dentro de los catorce que se llevan un cupo para estar presentes en Tokio 2020. Antes de la jornada de ayer Per marchaba en el puesto 17, aunque debido al gran día que tuvo avanzó y se volvió a meter en los puestos olímpicos.","elcomercio","09/08/2018"
"A la espera","María Belén Bazo, a su vez, no tuvo actividad. Se mantiene su ubicación 22 en RS:X y está en la Flora de Oro, que reúne a los mejores de su categoría en la que compiten 62 veleros. Como país, marcha en el puesto 13 y también puede tentar el cupo para los Juegos Olímpicos, aunque en su división aún faltan seis regatas por disputarse.","elcomercio","09/08/2018"
"Djokovic dejó de ser el número 1 en noviembre del 2016","NA","elcomercio","09/08/2018"
"Barranco acogerá esta semana dos Grand Prix de Atletismo","Entre mañana y el domingo se realizarán en el Estadio Glvez Chipoco del distrito de Barranco dos Grand Prix de Atletismo, uno de ellos en homenaje a David Torrence, corredor peruano que falleció el año pasado luego de representar al país en Río 2016 y el Mundial de Londres 2017. Según informó la federación peruana, desde el exterior llegarán atletas de gran nivel, entre ellos cinco que han competido en Juegos Olímpicos. Se trata del brasileño Jorge Vides y los colombianos Diego Palomeque, Yaison Rivas y Muriel Coneo, quienes estuvieron en Río 2016. También estará Keila da Silva (Atenas 2004 y Beijing 2008). Además, participarán peruanos que han estado en citas olímpicas, como Luis Ostos. La actividad empieza mañana (8 a.m.) con el Grand Prix Pedro Glvez Velarde.","elcomercio","09/08/2018"
"A propósito de la propuesta del Presidente Martín Vizcarra","Referéndum constitucional y legal FRANCISCO Mir Quesada Rada Ex director de El Comercio El referéndum forma parte de un grupo de instituciones que conforman lo que conocemos como democracia directa o democracia participativa, en la que también se incluyen otras: como la iniciativa popular en la formulación de leyes, la revocación de autoridades, la rendición de cuentas, los cabildos abiertos, las juntas vecinales y las comunales, la democracia electrónica, la remoción de funcionarios y, por supuesto, el voto popular. El referéndum es una institución democrática bastante utilizada por los países. Ahí están, por ejemplo, los recientes que se celebraron en el Reino Unido y en Colombia en el 2016. No ocurre así en el Perú. De entre las instituciones de democracia participativa, la que más se aplica en nuestro país es la revocatoria. En pocas palabras, el referéndum no es otra cosa que la consulta al pueblo sobre algunas normas. El artículo 37 de la Ley de los Derechos de Participación y Control Ciudadanos, por ejemplo, indica que es el derecho de los ciudadanos para pronunciarse conforme a la Constitución en los temas normativos que se les consultan. Y nuestra Carta Magna, en su artículo 32, precisa que pueden ser sometidas a referéndum iniciativas que tengan que ver con: uno, la reforma total o parcial del texto constitucional; dos, la aprobación de normas con rango de ley; tres, las ordenanzas municipales; y cuatro, las materias relativas al proceso de descentralización. Es claro que el referéndum planteado por el presidente Martín Vizcarra se ceñirá a los primeros dos incisos del artículo citado. En cuanto al primero, porque se pretende reformar el artículo constitucional relativo a la composición del Consejo Nacional de la Magistratura (el 155). Pero también porque se busca introducir la no reelección para los congresistas. Aquí no queda claro si esta prohibición sería para siempre o solo para un período congresal –que es de cinco años–. Quizás esta segunda alternativa sea la más adecuada, tal cual sucede con el presidente de la República. Cabe anotar, además, que la Constitución no habla de la reelección inmediata de los congresistas, pero tampoco la prohíbe, lo que explica por qué un congresista puede reelegirse indefinidamente. En lo que respecta a la bicameralidad, se deber modificar el artículo 90 (relativo a la cámara única). Todo esto siempre y cuando el Congreso apruebe las reformas y el pueblo las refrende. Finalmente, el último tema que ha sido propuesto por el presidente en la potencial consulta no es de naturaleza constitucional, sino más bien legal: el financiamiento privado de los partidos políticos. Aquí no está tan claro qué artículos deberían modificarse, puesto que el título VI de la Ley de Partidos Políticos (Ley 28094) se refiere a este tipo de financiamiento en varias partes. La doctrina distingue varios tipos de referéndums. Uno de estos, por ejemplo, es el referéndum que nace de una iniciativa popular. Esto significa que puede ser solicitado por un determinado número de ciudadanos (que, en el Perú, es el 10% de los electores, cuyas firmas deben ser comprobadas por el Jurado Nacional de Elecciones). Otro caso es cuando la Constitución faculta al presidente de la República o a cualquier autoridad, como un gobernador regional o un alcalde, para convocar un referéndum. Esta situación no ocurre en nuestro país. Por esto el gobierno recurre al derecho de iniciativa –que se expresa en un proyecto de ley– para realizar la reforma constitucional que ha planteado. El artículo 206 de la Constitución señala: Toda reforma constitucional debe ser aprobada por el Congreso, con su mayoría absoluta [que se entiende en este caso como la mitad más uno, o sea 66] del número legal de sus miembros y ratificada mediante referéndum. Este enunciado es solamente la primera parte del artículo. Bajo este escenario, no habría problema en llegar directamente a la consulta popular, y además sería posible que el referéndum se celebre dentro de pocos meses. Quizás el 7 de octubre, como sostiene el presidente del Consejo de Ministros, César Villanueva. No obstante, también podría darse el caso de que no haya mayoría absoluta y aquí la situación se complica. Porque, más allá de que muchos deseamos que se realice el referéndum como un mecanismo para involucrar a la ciudadana en temas de interés nacional –como son la corrupción y la crisis política que se mantiene latente–, hay que actuar conforme a la Constitución. Eso es lo democrático. El mismo artículo constitucional da una posible salida a este impase, pues afirma que puede omitirse el referéndum cuando el acuerdo del Congreso obtiene una votación favorable en dos legislaturas ordinarias sucesivas que sea superior, en cada caso, a los dos tercios del número legal de congresistas (esto es, 87). Si esto ocurre, tendríamos una reforma sin referéndum, pero esta quedaría aprobada el próximo año. ¿Qué le conviene a la ciudadana que apoya el referéndum? Que este se realice lo más pronto posible. Es decir, que se cumpla la primera parte del artículo 206. Que ello suceda depende solo de los congresistas, quienes también pueden impedir que se lleve a cabo la reforma. Esperamos que esto último no ocurra.","elcomercio","09/08/2018"
"Al 2050, más personas mayores de 60 años que jóvenes en edad de trabajar","¿Cómo se puede enfrentar este cambio generacional? Las habilidades, el conocimiento y la actitud entre la gente joven debe venir desde diferentes ángulos. Educar en conocimiento específico y técnico sobre computación, matemáticas o física no es suficiente. Ellos necesitan capacidades emocionales para trabajar con grupos de distintas generaciones. Esto solo se consigue si se cuenta con un currículo educativo que fomente estas habilidades y oportunidades.  — Menciona la importancia que tiene el currículo educativo. Actualmente, en el Perú un grupo de padres discute su pertinencia al considerar que incluye nociones de lo que ellos llaman ‘ideología de género’. El caso se ha judicializado y el Estado está defendiendo el documento en el sistema judicial. ¿Cómo debe manejar el Gobierno estas diferencias? Para mejorar cualquier política pública [como el currículo], lo más importante es contar con información, datos e investigación detrás. No se puede elaborar políticas con base en presunciones religiosas, más allá de que los valores son importantes dentro de la sociedad.  — ¿Qué debe considerar el Estado? En el sistema educativo, los gobiernos deben conocer las habilidades que requieren los niños. La igualdad de género, la inclusión [social], la lucha contra la discriminación debe darse y discutirse en estas primeras etapas de la vida. Que un niño o una niña aprendan sobre su cuerpo y sexualidad es muy importante, ya que el conocimiento que adquiere entre los 10 y 18 años los ayudará siempre. Estas son capacidades de vida que deben adquirirse en la más temprana edad posible.  — Pero hay una brecha generacional. Es decir, tenemos a padres que tienen una visión distinta de lo que deberían aprender o no sus hijos menores. Los datos y la evidencia deben ser parte del diálogo entre padres de familia, profesores, gobierno, sociedad civil y demás actores. El punto de vista conservador y religioso debe ser abordado, pero primero se debe tener un diálogo transparente y abierto con base en información.  — Con la diversidad cultural y social, ponerse de acuerdo puede resultar imposible? El Consenso de Montevideo es uno de los mejores ejemplos de cómo se puede llegar a acuerdos inclusivos. Sin embargo, el mayor reto no es tener el documento base, sino implementarlo. Para ello se requiere una articulación; y si existen opiniones diversas, es vital generar una plataforma para tener esa conversación.","elcomercio","09/08/2018"
"Entrevista con Fernando Alayo Orbegozo","Dereje Wordofa, quien es director ejecutivo adjunto del Fondo de Población de las Naciones Unidas (UNFPA, por sus siglas en inglés), participa en la Tercera Reunión de la Conferencia Regional sobre Población y Desarrollo de América Latina y el Caribe, que se clausurará mañana en Lima y donde se discuten los avances en la implementación del Consenso de Montevideo. El Comercio conversó con él acerca del rol de la juventud en los próximos años, la educación y las políticas públicas.  El representante de la ONU sostiene que una educación amplia y transparente puede lograr que los jóvenes aporten social y económicamente en sus sociedades.  — ¿Cuál es el rol de los jóvenes dentro de su comunidad? Si existe una apropiada inversión en su bienestar y salud, los jóvenes podrán contribuir positivamente en áreas en las que han sido capacitados; por ejemplo, si ha recibido un entrenamiento deportivo, jugar luego un rol muy importante en el fortalecimiento del bienestar de la juventud de su propia comunidad en esa materia.  — Un ejemplo que también se puede trasladar a actividades económicas. Sí, para generar ingresos o crear emprendimientos. El joven contribuye también cuando genera bienes o paga sus impuestos.  — Y en cuestiones de tipo social? Si a la juventud se le da la oportunidad de jugar un rol trascendental en la reconciliación y en la construcción de la paz, por supuesto que podría mejorar la seguridad de sus comunidades. Una muestra: el número de jóvenes que son captados por grupos armados se reduciría si la juventud tiene un papel [en el fortalecimiento de la paz]. También pueden asistir en crisis humanitarias.","elcomercio","09/08/2018"
"Hoy se clausura cita sobre el Consenso de Montevideo","Hoy se clausurará la Tercera Reunión de la Conferencia Regional sobre Población y Desarrollo de América Latina y el Caribe, organizada por la Comisión Económica para América Latina y el Caribe (CEPAL) y el Gobierno Peruano, con el apoyo del Fondo de Población de las Naciones Unidas (UNFPA).  En este encuentro, cada uno de los países firmantes del Consenso de Montevideo –entre ellos, el Perú– presentó su informe de avance en la implementación de los ejes temáticos que aborda el documento, entre los que están la salud sexual y reproductiva y la igualdad de género.  Durante su presentación, el Gobierno Peruano informó que había avanzado en un 65% los puntos que aborda el consenso, y reconoció que aún se registraban déficits en el acceso al aborto terapéutico y a los métodos anticonceptivos modernos.  La vicepresidenta Susana Helfer precisó que el gobierno del presidente Martín Vizcarra ha respaldado la inclusión del enfoque de igualdad de género en el currículo escolar para evitar la violencia contra la mujer, a pesar de la gran oposición de muchos sectores conservadores de la sociedad.  La cita realizada en Lima comenzó el martes y culminará hoy.  — Contra la violencia — Ayer, una comisión del Ejecutivo –integrada por los ministerios del Interior, Educación, Salud y de la Mujer– participó en un conversatorio sobre la violencia contra la mujer en el Perú.  Silvia Loli, viceministra de la Mujer, recordó que en lo que va del 2018 se han registrado 82 feminicidios. Anunció que la próxima semana la comisión de emergencia instalada para proponer acciones frente a esta problemática deber manifestar sus primeros avances y necesidades presupuestales.","elcomercio","09/08/2018"
"Mirada regional","Una de cada tres mujeres es violentada en el Perú. Diez de cada cien serán víctimas de violencia por su pareja.  María del Carmen Calle Viceministra de Salud Pública del Minsa  Piura El dengue retrocede notablemente Los casos de dengue han disminuido sensiblemente en Piura, de acuerdo con las autoridades. En las últimas 3 semanas, no se ha reportado ningún contagio en los distritos vulnerables de la región.  Junn Dos mujeres fueron halladas muertas Los restos de una mujer y de su hija de aproximadamente 3 años fueron hallados en una casa abandonada en un sector de la provincia de Chupaca. Ellas habrían sido asesinadas a pedradas.  Arequipa Vientos provocaron caída de cables Los distritos del norte de Arequipa fueron afectados ayer por fuertes vientos. Algunos cables de luz cayeron. En el aeropuerto de la ciudad, el viento alcanz 57 kilómetros por hora.  Descenso de temperatura en la Sierra Periodo: del 9 al 11 de ago. Regiones afectadas Sur Centro En Lima se analizará qué causa intoxicación masiva en Ayacucho Muestras de dos pacientes apuntan a contaminación por insecticidas.  El Ministerio Público culminó ayer la necropsia de las nueve personas fallecidas el lunes por una intoxicación masiva en el distrito de San José de Ushua, en la provincia de Paucar del Sara Sara, Ayacucho. En este incidente unas 42 personas fueron afectadas, entre ellas dos menores y tres gestantes.  Los exámenes se realizaron en el hospital de Pausa, capital de la provincia. El Ministerio Público informó que las muestras serán remitidas hoy al laboratorio de toxicología y química del Instituto de Medicina Legal, en Lima, para determinar con exactitud qué contaminante causó la rápida y violenta muerte de las víctimas.  Luego de la necropsia, la fiscal entregó los cuerpos a los familiares.  Ayer, el director regional de Salud de Ayacucho, John Tinco Bautista, señaló en una conferencia que los exámenes realizados a dos menores intoxicados arrojaron que ellos se enfermaron por la ingesta de algún tipo de insecticida fosforado.  — Muertes en velorio — El caso de intoxicación masiva en San José de Ushua ocurrió entre la tarde y la noche del último lunes. Según se informó, unas ochenta personas del pueblo participaron en el entierro de Víctor Cucho Atucsa, de 61 años. Tras el funeral, la familia Cucho repartió al menos tres tipos de alimentos y bebidas a los asistentes. Ellos empezaron a mostrar síntomas de intoxicación como convulsiones.","elcomercio","09/08/2018"
"Proyectos listos","En persona el presidente Vizcarra ir hoy al Congreso para entregar las iniciativas sobre tres temas que busca que se consulten en referéndum. Daniel Salaverry criticó la intención del mandatario de ir a presentarlos ayer, como se tenía previsto inicialmente.  El presidente Martín Vizcarra acudirá hoy al Congreso de la República para entregar los proyectos de ley sobre la reforma política que serán sometidos a referéndum. Las iniciativas fueron discutidas y aprobadas ayer en el Consejo de Ministros. Como el mismo mandatario había adelantado ayer en la mañana, son tres proyectos. Se supo que una propuesta es sobre la prohibición de la reelección de los congresistas. Las otras dos son sobre la bicameralidad y el financiamiento de los partidos políticos.  En su mensaje del 28 de julio, el jefe del Estado había planteado que esos temas sean evaluados en una consulta popular. Para que puedan someterse a un referéndum, los proyectos primero deben ser debatidos y aprobados en el Parlamento.  —Idas y vueltas—  Según se ha informado, el presidente del Legislativo, Daniel Salaverry (Fuerza Popular), recibirá al mandatario a las 4 p.m. Ayer en la tarde, el mandatario iba a ir al Congreso con el primer ministro César Villanueva para entregar los proyectos. Sin embargo, fuentes de Palacio de Gobierno señalaron que, ante la demora de la sesión del Consejo de Ministros en la que se aprobaron las iniciativas, desistieron de remitirlas ayer porque por la hora no iban a poder ingresarse a través de la mesa de partes del Parlamento. Poco antes de que se conociera que el presidente Vizcarra ya no iba a acudir al Legislativo, Daniel Salaverry declar sobre el tema.  “Hace 15 minutos recibí la llamada de la secretaria general de Palacio de Gobierno indicándome que había culminado el Consejo de Ministros y que tanto el presidente Vizcarra como el primer ministro Villanueva estaban dirigiéndose al Congreso para personalmente ingresar unas iniciativas legislativas. Yo saludo las iniciativas legislativas del gobierno y del presidente Vizcarra. Lo que sí me sorprende y lamento es que no haya tenido un mínimo de coordinación previa para poder recibirlo personalmente por su alta investidura,” declar a Canal N el titular del Parlamento poco después de las 4 de la tarde. Salaverry indicó que en ese momento estaba en una reunión con los miembros de su bancada “a dos horas de Lima”, en referencia al clúster de su grupo realizado en Cieneguilla.  “Lo que debemos desterrar de la política es este tipo de golpes bajos, de ver en qué momento estás fuera para yo presentarme y dar la impresión de que el presidente del Congreso no quiso recibir al presidente Vizcarra o que no hay quien atienda las iniciativas legislativas. Eso me parece un golpe bajo que no debemos aceptar ni al presidente ni a ninguna otra autoridad en el Perú,” afirm después. Salaverry precisó que, pese a lo ocurrido, a los proyectos se les dará prioridad.","elcomercio","09/08/2018"
"Fuerza Popular define las presidencias de comisiones","La instalación de los nuevos grupos en el Congreso se iniciará la próxima semana. Como parte de un encuentro que duró dos días, Fuerza Popular defini ayer los nombres de los congresistas que presidirán sus comisiones en la nueva legislatura del Parlamento. Alrededor de las 3 de la tarde se conocieron los primeros nombres. Tal como adelantó El Comercio, Rosa Bartra fue elegida para presidir la Comisión de Constitución. Dicho grupo tendrá el encargo de encabezar la reforma judicial. “Es un enorme reto,” señal Bartra en declaraciones a ese Diario. Luis Galarreta también fue confirmado como titular de la Comisión de Relaciones Exteriores. Solo dos parlamentarios fujimoristas repitieron presidencias que ya habían ocupado: Francesco Petrozzi y Marco Miyashiro. Ellos lideraron las comisiones de Cultura e Inteligencia, respectivamente, durante el periodo 2016-2017. Con la definición de la bancada de Fuerza Popular, todo quedará listo para instalar las comisiones del nuevo período legislativo. La instalación se realizará la próxima semana, según pudo conocer este Diario a través de fuentes congresales.  EL DATO  Milagros Takayama y Osas Ramírez (Presupuesto), Dalmiro Palomino (Agraria) y Elard Melgar (Fiscalización) también postularon a presidencias.  LOS DESIGNADOS PRESIDENTES DE LOS GRUPOS DE TRABAJO  Elegidos por el fujimorismo para el período 2018-2019  Fiscalización LUÍS LÓPEZ  Defensa del Consumidor MIGUEL ELIAS  Constitución ROSA BARTRA  Presupuesto PERCY ALCAZAR  Relaciones Exteriores LUÍS GALARRETA  Educación MILAGROS SALAZAR  Descentralización CARLOS DOMINGUEZ  Agraria FEDERICO PARIONA  Cultura FRANCESCO PETROZZI  Producción ÁNGEL NEYRA  Transportes WUILIAN MONTEROLA  Ciencia, Innovación y Tecnología CARLOS TICHLA  Inteligencia MARCO MIYASHIRO  Subcomisión de Acusaciones Constitucionales* CSÁR SEGURA  (*) Comisión sancionadora","elcomercio","09/08/2018"
"Csar San Martín se aparta de dos casos vinculados a Keiko Fujimori","Política  -5-  alonso chero  El juez supremo se inhibió de intervenir en dos recursos de casación interpuestos por el partido Fuerza Popular y por su líderesa. KareM BarBoza Quiroz  el reemplazo  Notificación  Tras la inhibición presentada por el juez Csar San Martín, según el artículo 53 del Código Procesal Penal, esta se pone en conocimiento de las partes procesales por el plazo de tres días, para que cada una de ellas emita un informe con su posición.  Nuevo juez  Si la Sala Penal Permanente de la Corte Suprema acepta la inhibición de Csar San Martín, el llamado por ley y designado administrativamente para intervenir ante inhibiciones, recusaciones o vacaciones es el juez Ramiro Bermejo Ros.  El juez supremo Csar San Martín presentó su inhibición ante la Sala Penal Permanente que preside, a fin de no intervenir en dos procesos de casación que involucran a la lideresa de Fuerza Popular (FP), Keiko Fujimori, a su esposo Mark Vito Villanella y a ese partido político. Uno de ellos corresponde a la investigación por presunto lavado de activos por el caso de los cocteles que organizó la agrupación. Dicho recurso será evaluado por el tribunal de la Corte Suprema el próximo 17 de agosto.  El segundo recurso está vinculado a los presuntos aportes irregulares para la campaña presidencial de Keiko Fujimori del 2011. En ambos casos, la defensa de la ex candidata cuestiona el vencimiento del plazo de la investigación y la adecuación a la ley del crimen organizado. Por ello, se solicitó que la fiscalía concluya las pesquisas y emita un pronunciamiento, ya sea formulando acusación o archivando la investigación.  Cabe señalar que los pedidos de inhibición contra San Martín fueron presentados un día después de que se difundiera un audio entre el magistrado supremo y el ex presidente de la Corte de Justicia del Callao Walter Ros. San Martín Castro present ayer un documento que daba cuenta de su inhibición en ambos procesos. En declaraciones a El Comercio, el magistrado negó que su decisión tenga relación con la difusión del audio.  —Las razones expuestas—  La inhibición, explic San Martín, responde a un escrito presentado por la defensa de Fujimori en el que describen una presunta parcialización del magistrado por diversas declaraciones que realizó sobre el partido Fuerza Popular, tras su presentación ante la Comisión del Caso Madre Mia del Congreso de la República, el pasado 21 de junio.  “No tengo problema en apartarme para que nadie piense que quiero intervenir en esa causa con la voluntad de perjudicarla,” indicó el juez supremo. La abogada Giuliana Loza, defensa de Fujimori Higuchi, coincidió en que el pedido de inhibición “n no tiene como sustento, ni referencia al audio que contiene una conversación del magistrado San Martín”. Resaltó que la decisión adoptada por el juez supremo tiene coherencia con el pedido que ella interpuso, pues evita especulaciones y cuestionamientos sobre la actuación del magistrado. “Esto cautela la garantía de imparcialidad judicial que le asiste a toda persona,” precisó Loza.","elcomercio","09/08/2018"
"Geofsico del Per","Hemos mejorado nuestros instrumentos de medicin y ya tenemos 200 aceler-metros [instrumentos que miden la vibracin del suelo durante un sismo]. La informacin generada es de suma importancia para la toma de decisiones del Instituto Nacional de Defensa Civil.  Antecedente Según las autoridades sanitarias, una persona muri por intoxicación en San José de Ushua antes de esta emergencia. Este caso fue el de Luis Figueroa Aquino, de 24 años. El joven, quien había llegado de visita desde Arequipa, bebi una gaseosa en el lugar y luego falleció.  Los exámenes de orina y sangre han arrojado que hay una intoxicación con organofosforados. John Tinco Bautista Director regional de Salud de Ayacucho  Unas 20 hectáreas de pastizales fueron afectadas. La ingesta de algún tipo de insecticida fosforado.  -Muertes en velorio-  El caso de intoxicación masiva en San José de Ushua ocurrió entre la tarde y la noche del último lunes. Según se informó, unas ochenta personas del pueblo participaron en el entierro de Víctor Cucho Atucsa, de 61 años. Tras el funeral, la familia Cucho repartió al menos tres tipos de alimentos y bebidas a los asistentes. Ellos empezaron a mostrar síntomas de intoxicación como convulsiones.  Debido a que en San José de Ushua solo hay un pequeño puesto de salud, las personas tuvieron que ser trasladadas a otros centros de la provincia. Hasta ayer, veinte de ellas seguían hospitalizadas en Pausa. Otras 11 estaban en hospitales de Arequipa y Lima.","elcomercio","09/08/2018"
"Habr temperaturas bajas en la selva","Desde hoy hasta el sábado 11 de agosto se registraran lluvias de moderada a fuerte intensidad con descargas eléctricas y ráfagas de viento en la selva, como consecuencia de un nuevo friaje, informó el Servicio Nacional de Meteorología e Hidrología del Per (Senamhi).  Las lluvias más intensas se presentaran hoy en la selva central y sur, mientras que en la selva central y norte ocurriran el viernes 10 y sábado 11. Durante este evento se registrará un descenso significativo de la temperatura diurna.  El Senamhi indicó además que habrá noches frías en la sierra central, y muy frías en la sierra sur. En las zonas ubicadas por encima de los 4.000 metros de altura en la sierra sur, la temperatura llegar hasta -18 °C, principalmente en las zonas altas de las regiones Moquegua, Tacna y el sur de Puno.","elcomercio","09/08/2018"
"Propaganda electoral se apodera de las calles de Lima","A menos de dos meses para las elecciones municipales, cientos de afiches y paneles propagandísticos han invadido las principales calles y avenidas de la ciudad. De acuerdo con el Jurado Nacional de Elecciones (JNE), hasta ayer se reportaron 2.006 incidencias vinculadas a propaganda electoral en todo el país. De ellas, 586 casos se registraron en Lima. Los distritos con más observaciones son Ate (71), San Juan de Lurigancho (52) y Comas (40). En el Callao, el Jurado Electoral Especial detect 32 incidencias.  Entre las infracciones cometidas por los partidos políticos se registró colocar afiches en postes de alumbrado público (252) y en predios de dominio público sin contar con autorización (191). Incluso, se reportó que dos agrupaciones políticas colocaron propaganda dentro de la huaca El Naranjal, exactamente en la avenida Precerés de Huandoy, en Los Olivos. En ese caso, además de ir en contra de la Ley Orgánica de Elecciones, del reglamento de propaganda electoral, publicidad estatal y neutralidad (078-2018-JNE) y de la ordenanza municipal, se estaría atentando contra el patrimonio de la nación.  Capturan a presunta pieza clave de mafia de La Victoria  Ministerio del Interior  Alexander Peña, supuesto brazo derecho del alcalde, cay en el aeropuerto. A las 8:05 p.m. de ayer aterrizó en Lima, procedente de Miami, el vuelo AA-1307, en el que viajó Alexander Peña Quispe. Ni bien puso un pie en suelo peruano, la Policía Nacional captur a este sujeto, acusado de ser el número 2 de la mafia Los Intocables.  Para la directora nacional de Fiscalización y Procesos Electorales del JNE, Yessica Clavijo, es necesario que los gobiernos locales realicen labores de fiscalización y velen por la integridad de los ciudadanos. La propaganda electoral no es negativa, solo existen malas prácticas. Los partidos políticos no saben utilizar los espacios públicos donde, muchas veces, se pone en juego la integridad de la población, explicó.  De acuerdo con la normativa, las sanciones a los partidos políticos van desde los S/124.500 (30 UIT) hasta los S/415 mil (100 UIT), dependiendo de la infracción en la que incurran. Algunas de ellas son por instar a la discriminación o violencia. También, porque se colocan en lugares prohibidos e implican distracción para los conductores, tapan señales de tránsito, ponen en riesgo a los peatones o se colocan en árboles y postes de luz y pueden ocasionar accidentes.  -Toman medidas-  En julio, el JNE, Ministerio Público, Defensora del Pueblo, comunas distritales y empresas de servicio eléctrico realizaron una operación y retiraron cerca de cuatro mil banners colocados en postes de alumbrado público. Según el Código Nacional de Electricidad y Suministros, está prohibido colocar este tipo de materiales en las mencionadas instalaciones, ya que representa exposición al riesgo eléctrico de los transeúntes.  En la segunda quincena de agosto, se hará otra operación para evitar que la ciudad se sature y se contamine visualmente los espacios públicos. Reportes de la defensora señalan que todas las comunas cuentan con ordenanzas reguladoras desde el 2014.","elcomercio","09/08/2018"
"Continúa el uso irregular de va del Metropolitano","Ayer a las 9:30 a.m. un minibús del Instituto Nacional Penitenciario (INPE) que trasladaba a reclusos invadió el carril exclusivo del Metropolitano. Ingresó a la altura de la estación Naranjal y continuó por la avenida Tpac Amaru, lo cual impidió la circulación normal en esa va. El bus iba escoltado por una camioneta y una moto de la Policía Nacional. Esta última hacía las veces de liebre (vehículo guía). Personal de Pro Transporte se percató de la situación y alcanzó a la comitiva en una camioneta para pedirle que desocupara la va. Pero el grupo no hizo caso y continuó su recorrido.  Marino Faras, jefe de Seguridad de Pro Transporte, denuncia que esta no es la primera vez que los carros del INPE entran a las vas del Metropolitano para evitar la congestión. A la semana, ingresan unas tres o cuatro veces al carril exclusivo cuando no son vehículos de emergencia. Cuando el personal les llama la atención, se ponen malcriados, asegura.  Además de los buses del Metropolitano, los únicos vehículos autorizados a usar estas vas son aquellos que trasladan al presidente de la República, así como a los titulares del Congreso y del Poder Judicial. En casos de emergencia, también pueden transitar las ambulancias, los carros de los bomberos, los patrulleros y las grúas que brindan servicio al Metropolitano.  Los vehículos del INPE no atienden emergencias. Aun así, los policías que los escoltaron hicieron sonar las sirenas generando ruido y caos en la troncal, dice el funcionario. Faras insiste en que la situación pone en riesgo la seguridad de los usuarios del Metropolitano y de los peatones. Agrega que la invasión de los carriles podría causar un accidente de tránsito.  Este año ya se han registrado tres accidentes por parte de trulleros que han invadido el carril, indica.  ---  Deslinde  Consultado por este Diario, el INPE responsabilizó a la Policía Nacional por lo sucedido: Los traslados se encuentran a cargo de la PNP. Son ellos los que dirigen la va por seguir.  El coronel Guillermo Llerena, jefe de la Policía de Tránsito, dijo que los vehículos del INPE solo tendrían autorización para circular por las vas del Metropolitano cuando trasladan a presos de entre alta y extrema peligrosidad. Sin embargo, vamos a fortalecer el control para el correcto uso de esta va, precisó.  Personal de Pro Transporte grabó la infracción en el carril.","elcomercio","09/08/2018"
"Asaltan Banco de la Nación en Magdalena","Dos delincuentes armados asaltaron ayer una agencia del Banco de la Nación ubicada en el cruce de las avenidas Del Ejército y Brasil, en Magdalena. Según la policía, cerca de la 1 p.m. los sujetos llegaron en una moto e irrumpieron en el establecimiento. De acuerdo con los testigos, primero redujeron al vigilante y luego encañonaron a los trabajadores y clientes. Se habrían llevado más de S/11 mil de las ventanillas. Luego de unos minutos salieron del lugar y escaparon.","elcomercio","09/08/2018"
"Asaltan Banco de la Nación en Magdalena","Dos delincuentes armados asaltaron ayer una agencia del Banco de la Nación ubicada en el cruce de las avenidas Del Ejército y Brasil, en Magdalena. Según la policía, cerca de la 1 p.m. los sujetos llegaron en una moto e irrumpieron en el establecimiento. De acuerdo con los testigos, primero redujeron al vigilante y luego encañonaron a los trabajadores y clientes. Se habrían llevado más de S/11 mil de las ventanillas. Luego de unos minutos salieron del lugar y escaparon en el vehículo ligero. Peritos de la Dirincri analizan los videos de las cámaras de seguridad de la agencia para identificar a los hampones. Con este asalto, suman 16 los robos a bancos en lo que va del año en la capital. Durante el 2017, en Lima hubo 10 robos a entidades bancarias.","elcomercio","09/08/2018"
"Atraco en La Libertad","Otra agencia del Banco de la Nación fue atracada ayer. Sucedi en Guadalupe (Paclasmayo, La Libertad), donde cinco delincuentes armados se llevaron varios miles de soles de las ventanillas. Tres de los sujetos fueron capturados minutos después. Tenían armas y unos S/3 mil.","elcomercio","09/08/2018"
"Crisis poltica en Venezuela","El diputado Juan Requesens, de 29 años, fue detenido la noche del martes y no se conoce su paradero. En esta foto, se lo ve herido durante las protestas antigubernamentales del año pasado en Caracas. Ofensiva chavista contra la oposición. Persecución ● El chavismo orden retirar la inmunidad a dos diputados opositores ● Según Maduro, están implicados en el plan para matarlo. Julio Borges es uno de los líderes más reconocidos de la oposición. Vive en Bogot desde febrero. A todo aquel que está involucrado [con el intento de asesinato de Maduro] la justicia le llegar. Diosdado Cabello Presidente de la Asamblea Nacional Constituyente redacción mundo El Tribunal Supremo de Justicia (TSJ) de Venezuela orden el arresto del líder opositor Julio Borges y el retiro de la inmunidad parlamentaria al diputado detenido Juan Requesens. Ambos fueron acusados por el presidente Nicolás Maduro de haber participado en el intento de asesinato en su contra el sábado pasado. Con respecto a Borges, quien fue presidente de la Asamblea Nacional (Parlamento) y que vive en Bogotá desde febrero, la sala plena del TSJ decidi que del análisis de las actas que forman el proceso se evidencia que existen elementos que comprometen su responsabilidad en la comisión flagrante del delito de homicidio intencional, según un comunicado del Supremo. El TSJ también declar procedente el enjuiciamiento de Requesens, de 29 años y detenido la noche del martes luego de que Maduro lo implicara en los confusos hechos del pasado sábado durante una parada militar en Caracas. Las decisiones judiciales fueron leídas por el presidente de la oficialista Asamblea Nacional Constituyente, Diosdado Cabello, en una sesión convocada para retirar la inmunidad a los dos legisladores opositores, sin aclarar si la medida podrá extenderse a otros. Total y absolutamente aprobado por unanimidad, por convicción política, democrática, expres Cabello. El retiro del fuero parlamentario permite, según la Constitución venezolana, que un diputado sea juzgado en tribunales ordinarios. Sin embargo, esta es potestad del Legislativo, de mayoría opositora, pero que en la práctica ha sido desplazado por la Asamblea Constituyente, órgano integrado solo por chavistas. Luego del incidente del sábado, el bloque opositor ya había advertido que podía ser utilizado por Maduro para desatar una ola represiva. No hemos sabido ni dónde está, ni las condiciones actuales. Él sigue siendo un secuestrado del régimen, dijo Juan Requesens, padre del joven parlamentario. Borges y Requesens militan en Primero Justicia, partido del ex candidato presidencial Henrique Capriles. Desde Bogotá, Borges conden el secuestro de Requesens. Nos han acusado de todo [...] porque hemos logrado promover las sanciones [contra el gobierno] y hemos logrado el cerco internacional de Nicolás Maduro, a quien queremos ver fuera del poder, señal a periodistas. —Magnicidio?— El fiscal general, Tarek Saab, dijo el miércoles que hay 19 personas vinculadas al intento de asesinato contra el presidente Maduro, de las cuales seis están detenidas. Tres de los implicados están fuera del país: dos en Colombia y uno en Estados Unidos, quienes serían los financistas de la operación de magnicidio. Los involucrados son acusados de delitos como homicidio intencional calificado en grado de frustración, lanzamiento de artefacto explosivo, terrorismo, daño a la propiedad y asociación para delinquir. La noche del martes, Maduro dijo que los sospechosos se habían entrenado en la vecina Colombia y que a 11 de los sicarios les habían ofrecido 50 millones de dólares para asesinarlo. Durante un acto en el Palacio de Gobierno, el mandatario present videos con testimonios de dos supuestos cabecillas detenidos, uno de ellos identificado como el mayor retirado Juan Carlos Monasterios. El ex militar mencionó a Borges y Requesens como supuestos involucrados en el ataque al facilitar el ingreso a Colombia para el entrenamiento de los autores materiales.","elcomercio","09/08/2018"
"Un robo y un edificio opacan las fiestas para Evo Morales","En medio de las celebraciones patrias de Bolivia, el presidente no pudo lucir ayer la histórica medalla y hoy inaugura su polémico palacio. Por primera vez en más de 12 años en el poder, el mandatario no pudo lucir ayer la valiosa medalla presidencial en un desfile militar porque fue robada en la víspera. Unos ladrones sustrajeron la joya del automóvil del teniente del ejército encargado de su custodia, el cual estaba aparcado frente a un prostíbulo, y horas después la abandonaron en las cercanías de una iglesia en La Paz. Ese teniente perdi el vuelo del martes en la noche a Cochabamba, donde se celebró el desfile militar por el Día de las Fuerzas Armadas, y dej su vehículo en una avenida donde pululan prostíbulos y gente de mal vivir, según el jefe de la policía anticrimen, Jhonny Aguilera. Tanto la medalla como la banda presidencial y el bastón de mando estaban en una mochila que los rateros sustrajeron forzando una ventana del vehículo. Horas después del desfile, los delincuentes llamaron a un canal de televisión para indicar el lugar exacto donde dejaron las joyas. Morales no mencionó el hurto durante su discurso ante los militares, pero se lo veía bastante molesto. El teniente encargado fue detenido y se abrió una investigación a los mandos de la Casa Militar. La policía boliviana confirm también que busca a dos peruanos como supuestos autores del hurto. Los vamos a detener, están perseguidos, sospechamos dónde están, manifest el coronel Aguilera. El mando policial subrayó que son peruanos y están plenamente identificados, como supuestos responsables del robo. Haber abandonado la joya no significa que hayan quedado impunes, advirtió el coronel. Se trata de ladrones con frondoso prontuario, remató. Pero los cuestionamientos volverán a concentrarse hoy en el jefe de Estado, cuando se inaugure oficialmente la Casa Grande del Pueblo, como se ha bautizado a la residencia de gobierno que reemplazará al Palacio Quemado. La construcción y decoración de la fastuosa edificación costó más de 34 millones de dólares, lo cual ha sido motivo de reproches de opositores y ciudadanía en general. Las críticas no van solo contra el excesivo gasto sino con que la nueva sede rompe la estética de la zona patrimonial del casco viejo paceño, donde se alzan casas de estilo colonial. En el edificio no solo funcionará palacio, sino también los ministerios de la Presidencia; de Cultura y Turismo; de Energía y Agua; y de Comunicación.","elcomercio","09/08/2018"
"Va constitucional: Ejecutivo busca que se sometan a referéndum","Vizcarra entrega hoy proyectos de reforma política al Congreso. Paquete. El Consejo de Ministros aprobó iniciativas sobre reelección de congresistas, financiamiento de partidos políticos y bicameralidad. Idas y vueltas. Jefe del Estado tenía previsto llevarlas ayer pero desistió. El presidente del Congreso consideró hacerlo en su ausencia era golpe bajo.","elcomercio","09/08/2018"
"Al servicio del país","Desde 1839.","elcomercio","09/08/2018"
"Chávarry afirma que hay demora en transferencia de Caso Lava Jato","Malestar. Fiscal de la Nación pidió que control interno intervenga por el retraso de Hamilton Castro en entregar los documentos del caso.","elcomercio","09/08/2018"
"La campaña se adueña de las calles","Paneles y afiches de candidatos invaden Lima a dos meses de los comicios municipales y regionales. La saturación de los espacios públicos genera contaminación visual y desorden. En el valle Monitor, entre La Molina y Surco, los choferes de vehículos se distraen con la proliferación de avisos. El JNE había reportado hasta ayer 586 incidencias por propaganda electoral colocada en sitios indebidos.","elcomercio","09/08/2018"
"Tasas de créditos hipotecarios comienzan a subir","Mayor costo. Promedio anual en soles pasó de 7,30% a fines de junio a 7,39% el último martes.","elcomercio","09/08/2018"
"Editorial","Para mejorar el sistema de justicia debe cambiar el pernicioso sistema de elección del Consejo Nacional de la Magistratura. Editorial de El Comercio Consejo infectado / 14 de julio del 2018 E l presidente Martín Vizcarra ha anunciado que enviar al Congreso los otros tres proyectos de reforma constitucional que ha propuesto someter a referéndum. Hasta ayer, solo uno había llegado al Congreso: aquel que plantea la reestructuración del Consejo Nacional de la Magistratura (CNM). Dicha propuesta busca reformular el sistema de elección de los consejeros del CNM, para pasar del sistema de representación actual –en el que los miembros son elegidos por instituciones del Estado y de la sociedad civil, como colegios profesionales y universidades– hacia uno de concurso público de méritos. Este último estará liderado por una comisión especial conformada por los titulares del Poder Judicial, el Ministerio Público, el Tribunal Constitucional, la Defensora del Pueblo y la Contralora General de la República. El objetivo de la reforma es mejorar el proceso de nombramiento de consejeros para elegir a los más idóneos. Una meta sin duda positiva. Luego de la corrupción destapada por los audios difundidos en el último mes, nadie puede negar que un cambio radical en el CNM es necesario. Como ya hemos dicho en estas páginas, la forma corporativista en la que actualmente se elige a los consejeros del CNM abre la puerta a los intercambios de favores como los exhibidos en los audios. Pues el cabildeo entre las distintas autoridades encargadas de elegir a los consejeros se repite entre estos últimos una vez que asumen el cargo. La propuesta de reforma no solo implica replantear la manera de elegir a los consejeros, sino determinar con mayor cuidado quiénes ocuparán esos cargos. Con ese espíritu, el proyecto propone que sean abogados con más de 30 años en el ejercicio de su profesión y con una intachable trayectoria personal, profesional, democrática, de integridad y respeto a los derechos humanos, quienes, además, no deberán tener antecedentes penales o judiciales. La composición del CNM tendrá que contar también con una participación equilibrada entre hombres y mujeres. Para que esta cirugía sea fructífera, sin embargo, habrá que vigilar su aplicación. Primero, porque la comisión especial que escogerá a los miembros del CNM incluye a titulares de algunas instituciones que se han visto manchadas por el escándalo de los audios, como el Poder Judicial y la Fiscalía de la Nación. Para contrarrestar cualquier duda que podría generar en la reforma la participación de estas dos instituciones, así como para despejar las sombras de una posible cooptación, se debe asegurar la completa transparencia del proceso de concurso público que estará a su cargo. Esto, precisamente, es lo que la nueva ley buscaría al dejar explícito que el procedimiento de selección brinda garantías de máxima publicidad y transparencia y promueve la vigilancia ciudadana. Lo último, claro está, es una invitación para que la sociedad, a través de organizaciones civiles, el periodismo o los propios ciudadanos, catele la probidad de las designaciones. El proyecto de ley tampoco explicita cómo lograr que –una vez establecidos los consejeros del CNM– el proceso de selección de los jueces y fiscales sea el más apropiado. Pues como se ha visto, no solo ha habido favoritismos de parte de algunos consejeros, sino que las preguntas de las evaluaciones muchas veces han sido de un pobre nivel, además de inapropiadas (recuérdese la ya célebre: ¿cómo se prepara el ceviche de pato?). En la exposición de motivos, sin embargo, sí se reconoce este posible problema con los consejeros, y por ello se sostiene que –además de transparentar su actuación– se necesitará establecer, mediante una ley, un régimen amplio para regular y sancionar el conflicto de intereses en que [éstos] puedan incurrir. Queda por ver, también, cómo el Gobierno explicará esta propuesta a la ciudadana que votará en el referéndum. Después de todo, se trata de procesos complejos que tendrán que ser transmitidos a personas que no conocen en detalle cómo funciona el sistema judicial. Finalmente, gran parte del éxito de este proyecto dependerá de cómo caminen otras instituciones que hoy necesitan ser apuntaladas, como una autoridad nacional de transparencia que sea realmente autónoma (y que transparente realmente la labor del Estado). En todo caso, lo cierto es que el reto de la reforma del CNM no está solo en su regulación a nivel constitucional, sino principalmente en los detalles de su implementación.","elcomercio","09/08/2018"
"Los ltimos tcnicos de la seleccin","Un da como hoy hace 100 aos Gareca ser el primero en dirigir dos procesos seguidos Juan Carlos Oblitas Julio Csar Uribe Freddy Ternero Jos del Solar Contina la retirada 3 aos y 8 meses 1 ao y 2 meses 6 meses 2 aos y 3 meses 3 aos y 5 meses 6 aos y 8 meses DIC JUL OCT NOV MAYOCT AGO OCT MAR JUL MAR 1995 1996 1997 1998 1999 2000 2001 SET SET 2002 2003 ENE 2004 2005 ABR 2006 2007 2008 2009 MAR JUL 2010 JUL 2011 2012 2013 2014 2015 2016 2017 2017 2018 2018 2019 2019 2020 2020 2021 2021 OCT 1 ao 2 aos y 4 meses 5 meses 3 aos y 3 meses Francisco Maturana Paulo Autuori Julio Csar Uribe Sergio Markarian Ricardo Ricardo Gareca Otra vez Andrés Habla culta Martha Hildebrandt Solarizar Este obvio derivado de sol, denominación de la moneda nacional peruana, pertenece a nuestro lenguaje económico, con el sentido de sustituir gradualmente el dólar por el sol [en transacciones comerciales] (Diccionario de peruanismos, APL, 2016). Vase este titular de la página web del diario Gestión: MEF busca emitir más Letras del Tesoro para solarizar su deuda en mercado local (11/11/2016). Si bien el DRAE 2014 no registra solarizar, sí consigna otro americanismo de formación análoga (también documentado entre nosotros): dolarizar(se), de dólar moneda estadounidense. Aqu también se registra el derivado sustantivo solarización. Ilustración: Giovanni Tazza Nuestros lectores comprenderán que en este momento lo que ocurre en la Gran Guerra ocupe nuestra máxima atención. Se viven momentos cruciales y tal vez estemos cerca de la paz. Las tropas alemanas siguen retirándose precipitadamente ante el justificado temor de que pudieran ser flanqueadas por los aliados. Los germanos no han podido sostener ninguna de sus líneas y están ante un grave problema, pues el puente sobre el río Somme, cerca de Peronne, está totalmente destruido. All se ha producido una espantosa congestión de cañones, tanques, camiones y furgones. H.L.M.","elcomercio","09/08/2018"
"Reforma poltica","La semana pasada, el Ejecutivo presentó ocho proyectos de ley sobre la reforma del sistema de justicia. Estos fueron anunciados por el presidente Vizcarra en su mensaje a la nación. Propuestas Las iniciativas plantean la reforma constitucional del CNM, la creación de la autoridad de integridad y control del Poder Judicial y de la fiscalía, y la creación de la fiscalía suprema anticorrupción. El titular del Congreso, Daniel Salaverry, coincidió con el presidente Martín Vizcarra en la Parada Militar. Salaverry recibirá hoy al mandatario en el Palacio Legislativo. Proyectos listos En persona El presidente Vizcarra irá hoy al Congreso para entregar las iniciativas sobre tres temas que busca que se consulten vía referéndum. Daniel Salaverry criticó intención del mandatario de ir a presentarlos ayer, como se tenía previsto inicialmente. Martín Len Espinoso El presidente Martín Vizcarra acudirá hoy al Congreso de la República para entregar los proyectos de ley sobre la reforma política que serían sometidos a referéndum. Las iniciativas fueron discutidas y aprobadas ayer en el Consejo de Ministros. Como el mismo mandatario había adelantado ayer en la mañana, son tres proyectos. Se supo que una propuesta es sobre la prohibición de la reelección de los congresistas. Las otras dos son sobre la bicameralidad y el financiamiento de los partidos políticos. En su mensaje del 28 de julio, el jefe del Estado había planteado que esos temas sean evaluados en una consulta popular. Para que puedan someterse a un referéndum, los proyectos primero deben ser debatidos y aprobados en el Parlamento. —Idas y vueltas— Según se ha informado, el presidente del Legislativo, Daniel Salaverry (Fuerza Popular), recibirá al mandatario a las 4 p.m.","elcomercio","09/08/2018"
"El aborto es ilegal excepto en algunos casos","El aborto es ilegal excepto en algunos casos, básicamente cuando el embarazo pone en peligro la vida o la salud de la mujer, o en caso de violación. Brasil admite el aborto en los casos de violación, riesgo de muerte para la madre y anencefalia (fetos sin cerebro). Colombia lo permite si hay peligro para la mujer, malformación grave del feto y en casos de violación, incesto o inseminación artificial no consentida. En Panam la despenalización es solo para los supuestos de violación y riesgo de vida para la madre. Paraguay únicamente permite la interrupción del embarazo cuando la vida de la mujer está en peligro. En abril del 2015 las autoridades paraguayas rechazaron abortar el embarazo de una niña de 10 años supuestamente violada por su padrastro, lo que generó polémica. En El Salvador, Honduras, Nicaragua, Surinam, Haití y República Dominicana el aborto está prohibido en todas las circunstancias. En Chile, en septiembre pasado y durante la administración de Michelle Bachelet, se aprobó la ley que despenaliza el aborto en tres causales: en caso de inviabilidad fetal, riesgo de muerte de la madre y por embarazos producto de una violación.","elcomercio","09/08/2018"
"-Debate en Argentina-","En Argentina la legalización del aborto provocó una gran controversia social y política. Al cierre de esta edición aún se esperaba la votación en el Senado. El pasado 14 de junio, el proyecto de ley fue aprobado en la Cámara de Diputados por 129 votos a favor, 125 en contra y una abstención. Los defensores de la iniciativa sostienen que desde 1983 murieron más de 3.000 mujeres por abortos clandestinos. En Argentina se calcula que se practican hasta 520.000 abortos anuales, según el Ministerio de Salud.","elcomercio","09/08/2018"
"Brasil celebra hoy el primer debate entre candidatos","Con Lula ausente por decisión judicial, 8 postulantes expondrán sus planes. El primer debate televisivo entre candidatos a las elecciones de octubre en Brasil se realizará hoy en ausencia del favorito, el encarcelado ex mandatario Lula da Silva, en una muestra de las singularidades de una consulta marcada a la vez por la polarización y el desinterés. Trece candidatos fueron designados en las convenciones partidarias, que concluyeron el fin de semana, para disputar el 7 de octubre (una eventual segunda vuelta será el 28) la sucesión del presidente Michel Temer. Su misión será despertar cierto entusiasmo después de un mandato marcado por los escándalos de corrupción, la crisis económica y el ‘impeachment’ en el 2016 de la mandataria Dilma Rousseff, acusada de manipular las cuentas públicas. Ocho de los trece candidatos participarán en el debate de TV Bandeirantes. Cuatro quedaron fuera por no disponer de bancadas de al menos cinco legisladores. Lula da Silva no podrá participar por determinación de una jueza que rehusó un pedido para que el ex mandatario (2003-2010) compareciera por videoconferencia desde la celda de Curitiba, donde purga desde abril una pena de 12 años de cárcel por corrupción. No obstante haber sido condenado en segunda instancia, el Partido de los Trabajadores (PT) prevé inscribir la candidatura de Lula el 15 de agosto, último día del plazo legal, en un marco de movilizaciones populares. Ser finalmente la justicia electoral la que determine si el líder histórico del PT estará en la lista de partida.","elcomercio","09/08/2018"
"Una musulmana y una gay indígena se acercan al Congreso","Rashida Tlaib y Sharice Davids ganaron las candidaturas en las primarias demócratas para las elecciones legislativas de noviembre. Los demócratas en Michigan y Kansas están rompiendo los moldes de cara a las elecciones legislativas de noviembre, en búsqueda de recuperar la mayoría en el Congreso. En las primarias de Kansas, los electores demócratas optaron por Sharice Davids, una candidata indígena y gay que representará a su partido en un estado conservador y republicano. Mientras, en Michigan, Rashida Tlaib se hizo con la victoria el martes en la noche y con toda seguridad se convertirá en la primera mujer musulmana en llegar al Congreso de EE.UU., pues no tendrá un oponente republicano en noviembre. Muchas gracias por hacer posible este increíble momento. Estoy sin palabras. No puedo esperar para representarlos en el Congreso, dijo Tlaib en su cuenta de Twitter tras confirmarse su victoria. El escaño al que aspira Tlaib había sido ocupado durante años por el ex congresista John Conyers, antes de presentar su renuncia en diciembre en medio de acusaciones vertidas en su contra por acoso sexual. Tlaib, hija de inmigrantes palestinos, es una de los más de 90 musulmanes estadounidenses que se postulan en este ciclo electoral a cargos públicos. En Kansas, Sharice Davids, abogada de 38 años, podría convertirse en noviembre en la primera nativa norteamericana, además de activista LGTB, en llegar al Congreso. Pero primero deber enfrentarse al republicano Kevin Yoder, con cuatro mandatos en el Congreso. Los demócratas creen que pueden ganar en un distrito en el que se impuso Hillary Clinton en los comicios presidenciales del 2016.","elcomercio","09/08/2018"
"Arabia Saud trasladará a pacientes de Canadá por disputa diplomática","Arabia Saud decidi detener todos los programas de tratamiento médico en Canadá y se prepara para trasladar a los pacientes sauditas desde los hospitales de ese país, en una disputa diplomática después de que el gobierno de Justin Trudeau instara al reino a liberar a activistas de derechos humanos. Arabia Saud congeló el comercio y la inversión en Canadá y expulsó al embajador canadiense esta semana. Canadá tiene que entender que lo que hizo es inaceptable para el reino. Adel al Yubeir, Ministro saud de RR.EE. El Gobierno Saud busca garantizar la seguridad de los pacientes que reciben tratamiento en Canadá y de sus acompañantes, y se asegurará de que completan su tratamiento en otro lugar, afirm el agregado de Salud para EE.UU. y Canadá, Fahd bin Ibrahim al Tamimi, en un comunicado oficial. Las autoridades del reino no han especificado el número de pacientes afectados y no han aportado más detalles de la medida. El Gobierno Saud consideró la queja canadiense una injerencia flagrante en los asuntos internos del reino, a la vez que defendió la legalidad de las detenciones de los activistas.","elcomercio","09/08/2018"
"Costo de las hipotecas comienza a subir","Durante la segunda mitad del 2017 y el primer semestre de este año, las tasas de interés de los créditos hipotecarios habían caído sustancialmente, sobre todo las tasas en soles, que bajaron casi un punto porcentual. Sin embargo, desde junio hasta la primera semana de agosto, el costo de las hipotecas ha comenzado a subir. Al final del sexto mes, el costo anual promedio en soles de un crédito para vivienda se ubicó en 7,30%; cifra que al día martes cerró en 7,39%. La tasa de interés de los bonos del Tesoro de Estados Unidos, clave para el costo de las hipotecas, comenzó el 2018 en 2,46%. Al cierre de ayer, el dato se ubicó en 2,96%. De acuerdo con Manuel Pin, gerente de créditos hipotecarios del BBVA Continental, las hipotecas seguirán encareciéndose en los próximos 60 días. Esto –explica– debido a que la banca ya ha fijado las tasas referenciales a las que pueden financiar. Sin embargo, apunta que, por ahora, no prevé que se mantenga la tendencia hasta el cierre del año. En tanto, el gerente de negocios hipotecarios del Banco de Crédito, Fernando Muiz, observa que el costo de las hipotecas solo ha subido 9 puntos básicos; una cifra inferior al encarecimiento del costo de fondeo de la banca. Las entidades financieras –agrega– no han trasladado toda la subida de las tasas de interés a los clientes debido a la fuerte competencia que existe en el sector. Los ejecutivos del rubro hipotecario explican que estos créditos se han encarecido porque, al ser préstamos de largo plazo, dependen de las tasas de interés en el mundo; las cuales vienen al alza. Para hacer estos préstamos, el costo de los fondos de los bancos depende, en esencia, de dos tasas consideradas libres de riesgo: la tasa Libor y el rendimiento de los bonos del Tesoro de Estados Unidos. Ambas, durante el año, han mostrado una tendencia creciente.","elcomercio","09/08/2018"
"El reto más difícil que el anterior","Su sonrisa es la de un hombre que ha regresado por convicciones firmes y que aún se siente en deuda deportiva. Ese es el reto –“más difícil que el anterior”, aclara– que quiere asumir.","elcomercio","09/08/2018"
"Pizarro sin Mundial pero en Europa","En días en los que la renovación de Ricardo Gareca era tema de Estado, Claudio Pizarro prácticamente le cerró las puertas a la selección, aunque por lo que dijo en redes sociales –“no creo que vuelva”– podría interpretarse como un adiós no tan definitivo. Pero más importante que hablar de Pizarro y un posible futuro en la Blanquirroja, si es que cabe tal análisis, me parece un hecho mayor que a sus casi 40 años haya fichado por Werder Bremen de la Bundesliga.  Sin un Mundial en su carrera, habiendo ido al descenso la temporada anterior con el Colonia y en el epílogo de su aventura como futbolista, Claudio logró algo que, salvo Advíncula, no pudo ningún jugador peruano que fue a Rusia 2018. Así, sin Copa del Mundo de por medio, Pizarro se mantuvo en una de las cinco ligas top de Europa, con chance de seguir rompiendo marcas en Alemania. Con la vuelta del ex Bayern Munich consumada, no faltaron las voces que miraron la mitad del vaso medio vacío. “Cómo está el nivel del fútbol peruano que Pizarro, con la temporada que tuvo, va a seguir jugando en la Bundesliga!”, “No tenemos otro delantero mejor?”, “Tan mal estamos?” fueron algunos comentarios que escuché y ley. Realmente es una pena que el tema Pizarro polarice tanto y de esta manera.  Olvidemos el pasado y miremos el presente. Que el Bremen le haya abierto sus puertas nuevamente a Claudio a sus 39 años debería darnos orgullo. Porque no solo contrataron al peruano en tierras teutonas, sino que optaron por el profesional por delante de otras opciones. Como mejor aval, incluso por encima de los 270 goles que lleva en Alemania, a Pizarro lo buscaron por ser un ejemplo para los jóvenes tanto en el campo como fuera de él. Mientras que nuestro mejor futbolista en Rusia llegó a la Liga de Arabia Saudita, un casi ex jugador se mantuvo en la elite del Viejo Continente mirando la cita mundialista desde su sofá. Pizarro no fue a Rusia 2018 para felicidad de muchos y eso, para todos sus detractores, debería ser el mejor motivo para acabar con los odios contra un jugador que no pudo trasladar su brillante rendimiento europeo a la selección cuando esperaban que fuera el salvador, algo que ni el propio Messi ha podido en Argentina. Recién con el regreso a un Mundial entendieron que no era tarea de un futbolista top sino de más de once.   Esta debe ser la última temporada de Claudio Pizarro como futbolista y debería decir adiós bien arropado por el amor de los hinchas del Bremen. Nosotros, a través del cable, ese que de vez en cuando nos deja ver en acción a Farfán en Rusia, deberíamos disfrutar de lo que queda del futbolista peruano más exitoso de nuestro fútbol porque pasaron años para tener a otro compatriota que nos represente tan bien y por tanto tiempo en el máximo nivel.","elcomercio","09/08/2018"
"La máquina celeste sigue encendida","El líder Cristal goleó 4-0 a Cantolao y le sacó cinco puntos a Alianza en el Apertura.  AS JUGARON  CRISTAL CANTOLAO  4  0  MARCO QUILCA LEN  A este Sporting Cristal de Mario Salas los números pintan su cuerpo celestial: 8 partidos invicto (6 triunfos y 2 empates), 5 sin recibir goles y 3 triunfos consecutivos lo colocan en el liderato del Apertura, con 5 unidades más que Alianza Lima gracias a su goleada 4-0 de ayer al Cantolao. En el duelo pendiente por la fecha 9, los rimenses no dejaron pasar la oportunidad de meterles más presión a los ntimos que no disputaron ayer su partido pendiente ante UTC. Y lo hicieron con la máquina encendida, con una presión alta en campo contrario y una gran eficiencia ofensiva. A Cantolao apenas lo dejaron respirar. A los 9 minutos de iniciado el juego, un taco de Lobatón dej a Costa frente al portero Nicosia y el uruguayo defini picando el balón. Esa jugada gráfica bien lo que es hoy Cristal: juego asociado, efectivo y lujoso también. A los 35’ otra genialidad de ‘Loba’ termin en gol tras un disparo de 35 metros. La enorme superioridad continu con el pie goleador de Herrera (56’). Y el punto final lo puso Costa (79’) para advertir que la máquina celeste no se apaga, funciona a todo tren. Cristal ya gan el Torneo de Verano. Ahora el Apertura está a su alcance con cuatro fechas por jugar.","elcomercio","09/08/2018"
"Paolo Guerrero sería Internacional","Medios brasileños aseguran que firmará por 3 años con el club de Porto Alegre.  Se acabó el romance entre Paolo Guerrero y Flamengo. Luego de estar tres temporadas en Ninho do Urubu, el peruano decidi marcharse al Internacional de Porto Alegre. A pesar de que el delantero fue inscrito por el ‘Mengao’ en la Copa Libertadores, no llegaron a un acuerdo para la renovación. Tras conocer la situación del delantero, la directiva del equipo ‘colorado’ se reunió hace poco con la agencia que representa a Paolo Guerrero y con el Grupo DIS Esporte, que será el inversionista mayoritario en la transacción del peruano hacia Beira Rio. Durante ese extenso dialogo se llegó a un acuerdo verbal para que Guerrero sea el nuevo refuerzo del Internacional de Porto Alegre por las próximas tres temporadas. Sueldo seductor: Paolo, de acuerdo con reportes de la prensa brasileña, recibirá un salario mensual de 132 mil dólares por los próximos tres años, que podrían ser 185 mil si logra cumplir algunos objetivos. Esta cifra se acerca a los 212 mil que ganaba en Flamengo. La mitad de su sueldo será pagado por el club de Porto Alegre y la otra por el Grupo DIS. La presentación del goleador como nuevo refuerzo del Internacional se daría este fin de semana o, a más tardar, el lunes próximo.","elcomercio","09/08/2018"
"El Real Madrid ficha a su primer galáctico","El portero belga Thibaut Courtois firma por seis temporadas. Thibaut Courtois regresa a España y no para jugar en el Atlético, sino para ser el nuevo ‘galáctico’ del clásico rival, Real Madrid. El arribo del arquero al conjunto blanco era inminente y ayer se confirmó por las siguientes seis temporadas a cambio de un desembolso al Chelsea de 35 millones de euros. El belga pas sus mejores años en el Atlético de Madrid, donde llegó en el 2011, cuando apenas tenía 19 años, proveniente del Chelsea. Con el equipo de Diego Simeone, alcanzó un gran nivel, tanto así que los ‘blues’ pidieron su regreso para la temporada 2014-15. Ahora el destino lo puso en la vereda del frente. El Real Madrid contrata al Guante de Oro del Mundial Rusia 2018. Con Courtois y Keylor Navas, el arco madridista está en buenas manos. Cifra récord: Chelsea no se quedó con los brazos cruzados porque antes del traspaso consiguió el reemplazo de Courtois. Los ‘blues’ pagaron 80 millones de euros al Athletic de Bilbao por la cláusula de rescisión de Kepa Arrizabalaga. Con esta cifra, se convierte en el arquero y el futbolista español más caro de la historia. El Real Madrid tiene tiempo hasta el 31 de agosto para más contrataciones.","elcomercio","09/08/2018"
"Arena se corona bicampeona mundial","Peruana logra la medalla de oro por segundo año consecutivo en el torneo juvenil de muay thai desarrollado en Tailandia. Golpe a golpe, el muay thai peruano se ha hecho un lugar en la elite de este deporte y esta vez fue Arena Castro la encargada de llevar la blanquirroja a lo más alto de un podio una vez más. La peleadora se coronó campeona mundial juvenil de muay thai en el certamen que organiza la Federación Internacional (IFMA).  En la lejana Tailandia, acaso la casa del muay thai, Arena superó sus dos peleas para colgarse la medalla de oro en la división de 16-17 años en la categoría +75 kg. En el primer combate Castro superó a la rusa Sabina Adilbaeva y en la final remontó para vencer a la turca Seyma nal por 29-28, luego de que el primer round fuera concedido a su rival por los jueces (9-10). Sin embargo, la peruana reaccionó y se llevó los otros dos asaltos por el mismo marcador para hacérse del título mundial. Es el segundo mundial de forma consecutiva que gana Arena, ya que el año pasado también se consagró en la misma división, con dos victorias sobre rivales de Honduras e India. Bronce para Mora: Pero Arena no fue la única que se subió al podio en Bangkok. Tatiana Mora, de 14 años, logró la presea de bronce en -45 kg de 14-15 años entre seis competidoras. La peruana superó en su primera lucha por 30-27 a la australiana Electra Medcalf, pero en la búsqueda de la final cay ante la bielorrusa Aliaksandra Malchanka, quien finalmente se quedó con la plata. La delegación peruana estuvo integrada por seis deportistas. Brunella Peña (15 años) logró el quinto puesto en -51 kg 14-15 años, Renato de la Llave (15) el noveno en -52kg 14-15 años, al igual que Mariano Dávila (16) en los -51 kg 16-17 años. Finalmente, Alexander Sánchez (17) finalizó noveno en -48 kg 16-17 años. Todos ellos se prepararon un mes en Bangkok con los entrenadores Renzo Consiglieri y Víctor Ccanto. El muay thai ya es un deporte de bandera en el Perú.","elcomercio","09/08/2018"
"COLOCACIONES POR BANCO","En tanto, el gerente de negocios hipotecarios del Banco de Crédito observa que el costo de las hipotecas solo ha subido 9 puntos básicos; una cifra inferior al encarecimiento del costo de fondeo de la banca.  Las entidades financieras –agrega– no han trasladado toda la subida de las tasas de interés a los clientes debido a la fuerte competencia que existe en el sector.  —Factor estructural—  Los ejecutivos del rubro hipotecario explican que estos créditos se han encarecido porque, al ser préstamos de largo plazo, dependen de las tasas de interés en el mundo; las cuales vienen al alza. Para hacer estos préstamos, el costo de los fondos de los bancos depende, en esencia, de dos tasas consideradas libres de riesgo: la tasa Libor y el rendimiento de los bonos del Tesoro de Estados Unidos. Ambas, durante el año, han mostrado una tendencia creciente.  Al respecto, Muiz comenta que la trayectoria de las tasas apunta al alza, en la medida en que la Reserva Federal continúe elevando su tasa de política monetaria.  Existe claridad respecto a la dirección [al alza], pero todavía no sobre la magnitud, es decir, cuánto van a subir en 3, 6 o 12 meses, indica.  Pero no solamente es relevante lo que suceda en el exterior. Manuel Pin señala que las tasas de interés locales incluyen un componente de riesgo asociados a lo que ocurra en el Perú.  Si no hay buenas noticias o no hay manejo político que apoye el crecimiento, entonces el costo del dinero para colocar préstamos a largo plazo se ve afectado, comenta.","elcomercio","09/08/2018"
"LOS DESAFÍOS DE LAS INVERSIONES EN MERCADOS EMERGENTES","En la última década, el desempeño positivo de las inversiones en mercados emergentes estuvo alentado por un ambiente de bajas tasas de interés en las economías desarrolladas y un auge en el precio de los commodities. En este contexto, los inversionistas internacionales prefirieron endeudarse en países desarrollados a tasas bajas e invertir en activos de mercados emergentes a tasas altas en moneda local.  Esta estrategia, denominada ‘carry trade’, trajo consigo rentabilidades que alcanzaron los dos dígitos en sus mejores momentos, dado que, además de las ganancias por diferencias de tasas, las monedas locales se apreciaban frente al dólar estadounidense. En los últimos años, los factores que alentaron el ‘carry trade’ han ido perdiendo fuerza. Las tasas de interés de algunos países desarrollados (liderados por EE.UU.) han empezado a incrementarse desde niveles históricamente bajos a partir del 2015 y el dólar ha ido recuperando su valor a nivel global desde mediados del 2014. De otro lado, el endeudamiento de los países emergentes se ha incrementado sustancialmente, principalmente en dólares (dos terceras partes). Además, el crecimiento de China se ha ido moderando paulatinamente y la incertidumbre sobre su evolución se ha incrementado ante una eventual guerra comercial con EE.UU. En línea con ello, de acuerdo con información del Institute of International Finance, en los últimos meses, los inversionistas han preferido incrementar sus tenencias en bonos y acciones de EE.UU., mientras que los montos que se retiran de mercados emergentes han aumentado por venta de títulos de renta ﬁja y variable, principalmente de países exportadores de commodities.  En este contexto, las rentabilidades de los activos de riesgo han sido austeras respecto del año pasado. Así, a julio del 2018, los bonos de países emergentes en dólares rinden alrededor de -3% (vs. 9% del año pasado) y las acciones 6% (vs. 34% del año previo). En el frente local, los bonos soberanos en soles rinden 1% (vs. 17% el año pasado), los soberanos de dólares -3% (vs. 12%), mientras que la Bolsa limeña 2,5% (vs. 28%).   Aunque no se descarta un rebote técnico de los mercados emergentes en el corto plazo, este panorama macroeconómico hace necesarias una mayor selectividad en las inversiones en activos de riesgo y una mayor ponderación del ‘cash’ del portafolio o de algunos activos alternativos menos correlacionados con el mercado en épocas de estrés, tales como infraestructura. De otro lado, países con fundamentos macroeconómicos sólidos podrían convertirse en refugio de inversionistas que buscan rendimientos más seguros en el mundo emergente.  En renta fija, predominarán estrategias que combinen una reducción paulatina de las duraciones de los portafolios (vía reducción de plazos y compra de bonos indexados a tasas de interés o inflación) y la aceptación de un mayor riesgo de crédito en emisores vinculados a sectores económicos menos vulnerables al contexto externo. En renta variable, la apuesta podría estar concentrada en aquellas empresas vinculadas al comportamiento de la demanda interna de los países. En suma, la gestión de inversiones debe considerar las incidencias de un escenario macroeconómico menos auspicioso para mercados emergentes y las estrategias que permitan hacer más eficiente el binomio rentabilidad-riesgo.","elcomercio","09/08/2018"
"UTILIDAD DEL GRUPO EL COMERCIO CRECE 51% EN SEGUNDO TRIMESTRE","Ganancias del conglomerado, que incluye 35 empresas, fueron impulsadas por el negocio de prensa.  El Grupo El Comercio realiz su primera presentación de resultados financieros a los colaboradores de las unidades de prensa, digital y administrativa de la organización.  Según la información financiera presentada a la Superintendencia del Mercado de Valores (SMV), durante el segundo trimestre del año, las ganancias netas del grupo crecieron 51% respecto al mismo período del 2017. Estos resultados comprenden tanto a la Empresa Editora El Comercio como a sus subsidiarias; lo que implica un total de 35 firmas.  Con ello, en términos acumulados al primer semestre, se ve un incremento de 8% en las ganancias netas frente a similar lapso del año pasado.  Estos resultados se dan en un contexto de implementación de una estrategia de reconversión del negocio, virando hacia un enfoque basado en contenidos y audiencia.  —Los drivers—  El incremento de las ganancias responde, principalmente, a mejores indicadores en la unidad de negocio de prensa, que tuvo un dinamismo superior al promedio de mercado en la primera mitad del año. Esto se evidencia, por ejemplo, en el hecho de que el sitio web elcomercio.pe rompi récords de páginas vistas en junio, sumando 296 millones.  A ello se sumó el desarrollo de una gestión financiera más conservadora en búsqueda de eficiencias. Esta pasa por la reducción de costos, de niveles de deuda y también de capital de trabajo.  En cuanto a unidades de negocio, por el lado de América TV se evidenció un récord histórico en participación de audiencia durante mayo y junio. Ello considerando el efecto del Mundial de Fútbol.  En tanto, la primera fintech del Grupo dirigida a realizar transacciones por Internet, PagoEfectivo, creció 82% en el primer semestre.  Más aún, los negocios de entretenimiento mostraron dinamismo en ventas. Coney Park en Perú, Happy City en Colombia y Yukids en Chile anotaron expansiones; que en la plaza chilena llegaron al orden de los dos dígitos.","elcomercio","09/08/2018"
