"headline","content","newspaper","date"
"LA CORRUPCIÓN NO TIENE BANDERA","Su etiqueta, si es de izquierda o de derecha. La corrupción no tiene bandera: está bajo la línea de flotación de nuestros valores compartidos. Simplemente quiero denunciar lo que me repugna y analizar un fenómeno que está a la base: el empoderamiento de los técnicos y la debilidad de los políticos. Jaime de Althaus me discute que yo subraye lo pernicioso de este desbalance y achaque el diseño maligno de las instituciones pervertidas (APP asimétricas, adendas, arbitrajes ad hoc) a los técnicos. Y me replica: Esta corrupción no es tecnócrata. Conciliemos, Jaime. La corrupción sí es tecnócrata. Y también política. Pero ten en cuenta que mientras los políticos sucumben a la desaprobación, los técnicos quedan. Por ejemplo, la Interoceánica se decidi en Palacio por Toledo, pero se ejecutó en Pro Inversión por el invisible Ren Cornejo. Toledo se convirtió en un candidato patético; Ren Cornejo llegó a ser primer ministro de Humala. En Brasil fue distinto porque el PT gobernó varios lustros, pero tampoco la corrupción nos cayó toda de ahí, ahí. Nuestra industria de la construcción tenía joyitas como Lelio Balarezo antes de que los brasileños nos asaltaran. Resulta que ni contrato ni adenda de Chinchero tenían cláusula anticorrupción. Con Alan la cosa cambió poco. Es político con carácter, pero igual se alió a la tecnocracia y le regaló la consigna del perro del hortelano (ojo que en la pieza de Lope, a quien ladra el perro es a los ladrones). Con Humala y Nadine, la tecnocracia hizo su agosto: el par necesitaba urgentemente asistencia técnica para el bien y para el mal. En resumen, son técnicos quienes diseñaron los contratos que transfieren accountability y riesgos al Estado, la flexibilidad planificadora (el plan de gobierno abierto a megaproyectos de iniciativa privada) y las puertas giratorias. Son los políticos quienes consiguen los votos en el Congreso y azuzan a la población a pedir a gritos las obras sobrevaloradas. El modelo de crecimiento con programas sociales y APP (llménle neoliberal, caviar, desarrollista, de centroderecha o centroizquierda, me tiene sin cuidado) ha delatado tales perversiones que necesita ser ajustado por un acuerdo nacional sin ideologías. Por todo esto, me ha indignado el apuro en la firma de la adenda de Chinchero. PPK pas unos días en el Cusco antes de asumir el mando y su sola presencia alimentó las expectativas de los cusqueños por el aeropuerto. Esto derivó en una presión política que, sumada a las sospechas de corrupción en el contrato, aconsejaban enfriar la negociación. Ahora resulta que ni contrato ni adenda tenían una cláusula anticorrupción. Y el consorcio – tan considerado él, luego de estar dispuesto a endilgarnos intereses de hasta 22% – la está pidiendo por fair play. No pequeñemos de bobos.","elcomercio","15/02/2017"
"Carta de la embajadora de Colombia en el Perú","Señor Director: Con relación a las recientes informaciones divulgadas por medios de prensa acerca del presunto ingreso de dineros de la empresa brasileña Odebrecht en la campaña de reelección del presidente de Colombia, Juan Manuel Santos, estimo importante compartir con ustedes las declaraciones oficiales que la Fiscalía General de la Nación ha emitido al respecto. No hay ninguna prueba documental que permita confirmar el supuesto ingreso de dineros de la firma Odebrecht a la campaña. Esta es la afirmación del fiscal general de Colombia, Néstor Humberto Martínez, en la cual indica que no existe prueba alguna sobre el ingreso de dineros de la firma brasileña a la campaña de reelección del presidente Juan Manuel Santos. En conferencia de prensa, el jefe del ente investigador colombiano dej en claro que no existe investigación alguna sobre la conducta del jefe de Estado y afirma que no hay evidencias para probar que esos dineros hayan entrado a la campaña y no es competencia de la fiscalía probarlo. La fiscalía carece de competencia para indagar sobre lo que ocurrió con el financiamiento de la campaña, pues no avanzó para establecer si esos recursos entraron a la campaña, la fiscalía carece de pruebas sobre ello. Le corresponder al Consejo Nacional Electoral indagar sobre esta materia, añadió el jefe del organismo investigador. El propio presidente Juan Manuel Santos ha solicitado al Consejo Nacional Electoral de Colombia una investigación pronta y exhaustiva para demostrar que no hubo ingresos de dineros de Odebrecht a su campaña de reelección. Resulta importante aclarar que no existe acusación o sospecha alguna sobre la conducta y el proceder del presidente Juan Manuel Santos que lo vinculen en favorcimiento alguno a la mencionada firma constructora. Con mis sentimientos de consideración y aprecio. Atentamente, MARÍA ELVIRA POMBO HOLGÚN Embajadora de Colombia en el Perú","elcomercio","15/02/2017"
"ENTREVISTA JAVIER TALAVERA","El cuerpo tiene un límite que debemos saber calcular, señala Talavera. Rolly Reyna El ejercicio no termina nunca, esto es una cultura. Cada año se va alimentando, señala Talavera. Javier Talavera Entrenador y fisicoculturista Naci hace 77 años en Arequipa, ese es mi mejor defecto. Vivo en Lima desde los 8 años. Estudi Contabilidad en la PUCP. He ganado seis sudamericanos, pero el torneo que más recuerdo es el primer Mister Perú que gan en 1972. Estoy casado y tengo un hijo. Posdata -31- La satisfacción de tener la esperanza de lograr algo. No es un sufrimiento, lo que pasa es que a veces queremos entrenar exageradamente. El cuerpo tiene un límite que debemos calcular para no deteriorarlo. —La gente debe pensar que usted miente cuando dice su edad... No creen que les miento, pero no encaja mucho con mi aspecto [risas]. Yo me he hecho antiguo pero no viejo, como un carro clásico bien cuidado frente a un auto moderno que está chocado. —Muchos dicen que no tienen tiempo para el ejercicio. ¿Cuál es su rutina? Yo creo que sí hay tiempo porque el ejercicio debe incluirse en nuestros horarios. Perdemos mucho tiempo viendo televisión, por ejemplo. Yo tomo desayuno a las 7 a.m., voy al gimnasio y entreno entre las 11 a.m. y la 1 p.m. Afortunadamente nunca me he enfermado, aunque quizás ahora en la última curva comience a hacerlo [risas]. Yo he hecho ejercicio porque era mi trabajo estar en el gimnasio. Una persona cualquiera puede separar 40 minutos del día, o a lo mejor no todos los días porque puede acarrear un desgaste. —¿Qué otros errores cometemos sin darnos cuenta? Sobrealimentarse antes de producir una demanda en el cuerpo. Comienzo a ejercitarme hoy y ya me estoy metiendo suplementos. Se debe conocer cómo usar el ejercicio y la suplementación. —Ha ganado distintas competencias. ¿Cómo difícil es ir plantándose metas cuando ya ganó casi todo? Cada meta es la partida de una nueva. Es como una carrera por etapas. A veces logramos un triunfo, nos contentamos y abandonamos. El atleta debe comenzar de nuevo. A mí me sirvió ver de cerca a Arnold, a Frank Zane, a Dave Draper. Todos eran muy meticulosos, trabajan como extras en cine, pero la hora de entrenamiento es como la hora del rezo. Yo capté eso de ellos. Por eso entrenábamos tantos años. Yo compitié desde 1960 hasta 1987. Ahora entreno según mis capacidades. Digamos que antes hacía lo que quería, ahora hago lo que puedo [risas]. —¿Qué más nos puede contar de esas estrellas? Tengo fotos con Arnold, entrenando en esa época en el gimnasio. Son de 1972, si mal no recuerdo. Cuando llegué, Bill Pearl me dijo: Si quieres entrar en esto, la diferencia entre un atleta profesional y un aficionado es la espalda. Así que comencé a entrenarla, eso era lo ideal: aprender lo mejor de todos. —¿Nunca lo han subestimado por su edad? S. A los 40 me decían que fuera a competir con los masters y los viejos. Les respondí que cuando no estuviese en condiciones me retiraría, y lo hice cuando llegué a mi cénit. Me di cuenta cuando vi el video de la competencia, lo comparé con el del año anterior y no era el mismo. Ahí decidí cerrar el libro. —¿Es complicado vivir con esos recuerdos? Hay que sumarlos como algo positivo. El retiro es muy difícil, cuando un deportista acaba su carrera tiene un compromiso muy difícil. El deportista y el artista deben saberse retirar a tiempo, si estiras mucho la liga se romperá. Lo que me queda es transmitir lo que sé. Yo sigo entrenando, pero los que hacen los ejercicios son mis alumnos. ¿Qué gano yo quedándome con todo? Hay que dejar algo, transmitir, legar. —Mucho se habla de que no hay límites en el fisicoculturismo. ¿Es cierto? Es por el medio social, que presiona mucho a la juventud. Se les dice que en tres meses serán gigantes y eso no es posible. Falta orientación profesional. —Pero si comparamos a los fisicoculturistas de antes con los de ahora, la diferencia es evidente… Claro, porque han cambiado las reglas. Antes había un límite, debía ser estático. Ahora mientras más grande eres, mejor. Si Arnold Schwarzenegger se presentara ahora perdería. Y es porque buscan otra cosa. No está mal, pero soy de otra época. Igual voy a ver las competencias. Renzo Giner Vásquez renzo.giner@comercio.com.pe Javier Talavera ha pasado los últimos 59 años de su vida entrenando. Cuando tenía 20 años, una frase marcaba la época: No seas un alférez. Todos empezamos por ahí, todos los días eran diversión y deporte, recuerda Talavera, quien fue parte del II Seminario Internacional de la Universidad de Muscletech en Sudamérica, organizado por Lab Nutrition. —Usted estudiaba Contabilidad y lo dej por el fisicoculturismo… En los años 70 viajé a EE.UU. para una exposición mundial de negocios porque el horizonte era más amplio allá. Terminé conociendo a Arnold Schwarzenegger y mucha gente de esa época que recién empezaba. Me involucré en el negocio del gimnasio y puse uno acá porque me daba pie a seguir entrenando y sanear mis finanzas. Dejé la carrera y mi padre me dijo que tenía un año para arrepentirme, pero sigo hasta el día de hoy y no me arrepiento. —Ahora en Lima hay miles de gimnasios. ¿Cómo era en esa época? Antes el gimnasio estaba dedicado a la salud deportiva, la gente entrenaba tranquila y se sentía feliz. Para los 90 todo cambió con la llegada de Internet. Llegaron los videos de Arnold en competencia y cambió el concepto del ejercicio. Ahora hay gente que no quiere sacar mucho músculo o que quiere estar marcada sin ser fuerte. Eso es respetable, es un trabajo que va acompañado con alimentación y suplementos. El problema es que los jóvenes quieren todo para ayer. —Es algo propio de la vida actual, esa prisa… Claro, pero eso acarrea muchos riesgos en muchachos que en dos o tres años quieren cambiar su cuerpo. Se puede pero es muy peligroso y desaparece a la misma velocidad. Lo que se hace con paciencia y de forma saludable dura toda la vida. —Por eso no ha dejado de entrenar. No. Si me va bien y soy feliz, ¿por qué dejar esa suerte. —¿No es sacrificada la vida del fisicoculturista? No. Cuando uno hace las cosas por placer no existe el sacrificio. Cuando el esfuerzo produce un efecto positivo no es sacrificio sino un logro. Es una satisfacción.","elcomercio","15/02/2017"
"NA","Gnero es un tr- termo lingstico que incluye lo neutro y hoy  en da signiﬁ ca el “grupo al que pertenecen  los seres humanos de cada sexo, entendido  este desde un punto de vista sociocultural en  lugar de exclusivamente biolgico” (RAE).  Ideologas, en la historia del pensamiento,  son aquellos sistemas que, a partir del siglo  XVIII, absolutizan alguna dimensin huma- n:a liberalismo (libertad poltica o econ- mica); cientiﬁ smo (experiencia emprica),  romanticismo (las pasiones), etc. Las absolu- tizaciones son, al menos, ambiguas al  omitir o excluir aspectos que forman parte  de lo humano.  La IdG nace del pensamiento de Simone  de Beauvoir para quien “no se nace mujer:  se llega a serlo” por los roles sociales. Dca- das despus John Money le dio apariencia  escientfica con los trminos “identidad de  gnero” y “rol de gnero”, segn los cuales la  sexualidad es psicolgicamente indiferen- ciada al momento de nacer y son los roles y  experiencias las que la vuelven masculina o  femenina, con independencia del sexo biol- lgico. Sus ideas tuvieron amplia repercusin,  n no as su experimento con David Reimer y su  hermano gemelo, que demostr lo falso de su  teora: lalo en Google.  Para la IdG, la IG debe eliminar las diferen- cias entre “femenino” y “masculino”,  porque aunque se basen en una diferencia  biolgica sexual, entiende que son nociones  construidas diariamente en la interaccin  social, que permite el intercambio de roles, al  punto de aspirar a que la identidad no sea algo  ﬁ jo sino en continuo cambio segn la percepcin  del individuo. No admite los lmites  de la naturaleza: plantea la “autocreacin”  a voluntad. De all que las siglas del colecti- vot LGTBIQ aumenten continuamente y que  preﬁ eran el gnero al sexo para determinar  al identidad.  Qu propone el currculo escolar? La  meta de IG de acuerdo con la IdG (Cfr. p. 12,  16, 22, 21, 30…). Por razones de espacio solo  transcribo dos prrafos: 1) “Si bien aquello  que consideramos ‘femenino’ o ‘masculi- no’ se basa en una diferencia biolgica sexua- ll, estas son nociones que vamos constru- yendo da a da, en nuestras interacciones”  (p. 16). 2) Vivir “su sexualidad de manera  plena y responsable: es tomar conciencia  de s mismo como hombre o mujer, a partir  del desarrollo de su imagen corporal, de su  identidad sexual y de gnero, y mediante  la exploracin y valoracin de su cuerpo  […] Tambin implica identiﬁ car y poner en  prctica conductas de autocuidado frente a  situaciones que ponen en riesgo su bienes- tar o que vulneran sus derechos sexuales y  reproductivos” (p. 30).  Si le quedan dudas sobre los alcances de  estas frases, vaya a las pginas web de las ONG  que apoyan el currculo: el centro de la Mujer  Peruana Flora Tristn, el Movimiento Manue- la Ramos, Promsex, Demus, Catlicas  por el Derecho a Decidir y la Coordinadora  Nacional de Derechos Humanos. Sus planes  de capacitacin se orientan a la IG entendida  como construccin y deconstruccin de la  identidad personal en todas las modalidades  imaginables y al aborto: no a la igualdad de  oportunidades que todos queremos. Defenderan  el currculo si no promoviera la IdG?  No seamos ingenuos. Seora ministra, estos  y otros aliados del currculo demuestran que  usted no dice la verdad. Por el bien del pas y  la democracia: rectiﬁ que!","elcomercio","15/02/2017"
"LA OPERACIÓN BRAZILEÑA ANTI-CORRUPCIÓN MÁS IMPORTANTE DE LA REGIÓN","Lava Jato: una marcha por la ética  MARCO RAPOSO LOPEZ  Embajador de Brasil en el Perú  El ciudadano brasileño se siente hoy orgulloso de los progresos conquistados en el combate a la corrupción en su país. La operación Lava Jato reforzó la confianza de mis compatriotas en la fortaleza de nuestras instituciones, independientes y eficaces. La opinión pública en Brasil está vigilante y celosa de lo que supo conquistar: no hay retroceso posible para la operación Lava Jato.  Tal vez más que cualquier otro latinoamericano, el brasileño se ve angustiado e indignado con la crisis económica y los efectos nocivos de la corrupción, un crimen que erosiona la estructura social y los fundamentos éticos de cualquier país, privando a sus ciudadanos de buenos servicios públicos, empleos y esperanza.  Desde mi llegada a Lima, en septiembre del 2015, se multiplicaron las noticias sobre Brasil en la prensa peruana. Me hubiera encantado que semejante cobertura se debiera apenas a los bellos momentos proporcionados por los Juegos Olímpicos de Río o a la recuperación del crecimiento económico. No obstante, como todos saben, no fue así.  Yo, mis colegas de embajada y muchos de mis compatriotas aquí residentes somos testigos de cómo los peruanos se muestran preocupados con la ola de revelaciones de corrupción. Se trata del mismo tipo de preocupación, seguida de indignación, que llevó a millones de brasileños a las calles en los últimos años. El combate a la corrupción es una bandera universal que nuestras sociedades deben abrazar sin vacilación. Cuando ciertas voces opinan sobre “siniestras conspiraciones” entre un Estado, sus empresas y sus asociados en el extranjero, confundiendo, nada extraño maliciosamente, a una nación con los actos de algunas compañías privadas, es mi deber recordar que, en este caso, la mayor víctima de esta red de corrupción es mi propio país.  La recesión que castiga a Brasil y que finalmente comienza a ceder se debe a una compleja combinación de factores económicos y políticos. Sin duda, uno de esos factores fue la retracción del sector de infraestructura, provocada por la revelación de esquemas corruptos por medio de las investigaciones de la operación Lava Jato. A pesar del obvio impacto que proviene de la paralización de obras, es consenso entre nosotros que el verdadero daño a la economía tiene un nombre: corrupción. Un estudio realizado por la Federación de Industrias de São Paulo estima que las pérdidas anuales originadas de la corrupción en Brasil corresponden a un aproximado de 1,4% a 2,3% del PIB –de 65 mil millones a 105 mil millones de soles–.  Hoy, no hay brasileño de buena fe capaz de tomar una posición contraria a Lava Jato. El equipo de policías federales, fiscales y jueces que investigan la corrupción en Petrobras lidera una verdadera revolución ética –y autónoma–, ya que no depende de decisiones o influencias políticas y adquirió ritmo propio. La prueba más reciente de ello fueron los acontecimientos que siguieron a la trágica muerte del juez de la Suprema Corte responsable por Lava Jato en la última instancia, el ministro Teori Zavascki. En menos de dos semanas, centenares de colaboraciones eficaces fueron normalmente homologadas y un nuevo ministro designado para el informe del proceso.  Los resultados de la operación Lava Jato son impresionantes: más de 1.400 procesos abiertos, casi 200 órdenes de prisión –incluidos políticos, funcionarios públicos y algunos de los más poderosos empresarios del país–, 120 condenas en primera instancia y 111 acuerdos de “delación premiada”. Ya no prevalece la vieja sensación de impunidad para crímenes de cuello y corbata en Brasil.  La justicia brasileña coopera, a la fecha, con 37 países en todo el mundo, incluyendo el Perú y muchos vecinos latinoamericanos. Esto significa que tenemos interés irrestricto en compartir, con toda transparencia y profundidad, información y pruebas levantadas por las investigaciones en Brasil de la misma forma que tenemos interés en contar con la colaboración de nuestros socios para desvelar los ilícitos transnacionales.  Brasil desea exportar cooperación, no corrupción, porque entiende, tal vez mejor que nadie, los efectos destructivos de ese mal.","elcomercio","15/02/2017"
"OH NO, FEBRERO OTRO VEZ","ENZO DEFILIPPI  Profesor de la Universidad del Pacífico  Estamos a un par de semanas del inicio de clases en muchos colegios particulares de Lima, la época del año en la que miles de padres de familia tienen que sumarle a sus labores diarias la de buscar textos escolares por toda la ciudad.  “No sería más práctico que el colegio compre todos los libros y nos cargue el costo en las pensiones?”, me preguntó, hace poco, una amiga, luego de visitar una quinta librería sin haber completado su lista. Sí, le respondí. De hecho, algunos lo hacen. “Entonces, ¿por qué no obligar a que todos lo hagan?”, me respondió, frustrada, mientras miraba su reloj y decidía si valía la pena ir a la sexta librería del día.  En principio, me opongo a que el Estado obligue a las empresas a hacer algo que no quieren hacer. Eso es innecesario cuando un mercado es competitivo (la gran mayoría lo son), pues la competencia las obliga a invertir en prestar los servicios que la gente está dispuesta a pagar. Pero el mercado en el que participan los colegios particulares está lejos de ser competitivo en el mismo sentido en el que lo son los de restaurantes, hoteles u otros servicios. Es que, una vez matriculado, el costo de cambiar a un niño de colegio es bastante alto en términos de tiempo, dinero y adaptación. Esto hace que los padres nos convertimos en clientes cautivos, lo que limita seriamente la competencia entre colegios. En una situación así, y en un sector tan importante como el de la educación, está plenamente justificado regular aspectos del servicio que no sería necesario en otros mercados.  Ahora, no es lo mismo que la regulación esté justificada que cualquier regulación esté justificada. Para ello, los beneficios deben ser mayores que los costos. En este caso, es claro que comprar cientos de libros por volumen siempre será más barato que comprarlos uno por uno, especialmente si tomamos en cuenta el tiempo usado en buscarlos (que no es poco, como indica el grado de frustración de mi amiga). Dudo mucho que este ahorro, en términos de tiempo y dinero, sea menor que los costos de almacenamiento, administrativos y financieros que tendrían que incurrir los colegios si se les obliga a hacerlo. Y esta solución sería superior a la actual, que obliga a los padres a participar en la selección de los textos (con qué criterios pedagógicos?) para evitar que se les obligue a comprar libros artificialmente caros.  Pero, ¿por qué se produce esta situación? Por un lado, porque el hecho de tener clientes cautivos hace que los colegios se puedan dar el lujo de no invertir en mejorar diversos aspectos del servicio sin perder clientela (lo que sí ocurre en otros mercados). Por otro, porque no les cuesta nada obligar a los padres a comprar los textos, y así hacer que las pensiones parezcan más bajas de lo que serían si ellos se encargasen de comprarlos. Yo apoyaría una ley así. No tiene sentido obligar a miles de padres de familia a malgastar su tiempo buscando libros cuando es más conveniente para todos que el colegio los compre directamente. Que algún congresista se ponga las pilas.","elcomercio","15/02/2017"
"CHINCHERO ES LA MISMA VAINA","FERNANDO VIJAS  Periodista  No me importa su etiqueta, si es de izquierda o de derecha. La corrupción no tiene bandera: está bajo la línea de flotación de nuestros valores compartidos. Simplemente quiero denunciar lo que me repugna y analizar un fenómeno que está a la base: el empoderamiento de los técnicos y la debilidad de los políticos. Jaime de Althaus me discute que yo subraye lo pernicioso de este desbalance y achaque el diseño maligno de las instituciones pervertidas (APP asimétricas, adendas, arbitrajes ad hoc) a los técnicos. Y me replica: “Esta corrupción no es tecnocrtica”.  Concilien, Jaime. La corrupción sí es tecnocrtica. Y también política. Pero tenga en cuenta que mientras los políticos sucumben a la desaprobación, los técnicos quedan. Por ejemplo, la Interoceánica se decidi en Palacio por Toledo, pero se ejecutó en Pro Inversión por el invisible Ren Cornejo. Toledo se convirtió en un candidato patético; Ren Cornejo llegó a ser primer ministro de Humala. En Brasil fue distinto porque el PT gobernó varios lustros, pero tampoco la corrupción nos cayó toda de ahí, ah. Nuestra industria de la construcción tenía joyitas como Lelio Balarozo antes de que los brasileos nos asaltaran.  “Resulta que ni contrato ni adenda de Chinchero tenían cláusula anticorrupción.”","elcomercio","15/02/2017"
"La carretera Interocénica se adjudicó en el gobierno de Toledo.","Las adendas a contratos de concesión no son perjudiciales per se, la forma en la que fueron aprobadas resulta inusual en la práctica comercial. Si bien las adendas a contratos de concesión no son perjudiciales per se, la forma en la que fueran aprobadas resulta inusual en la práctica comercial. Así, por ejemplo, las terceras adendas de cada uno de los tramos 2, 3 y 4 de la IIRSA Sur se firmaron menos de dos meses después de las segundas. Al negociar una adenda, se trata de incluir todas las controversias. No es común que semanas después se suscriba otra, asegura José Luis Guasch, ex jefe de la unidad de expertos globales en asociaciones público-privadas del Banco Mundial.  Néstor Palacios, viceministro de Transportes del gobierno de Toledo, firmó las 12 adendas. Según el ex funcionario era irresponsable no hacerlo porque, además, no iban a tener un impacto económico en el proyecto. Sin embargo, El Comercio corroboró lo contrario. Adelantos en la construcción, modificaciones de acreedores permitidos –los cuales financian la obra–, cambio en las compensaciones que tendría que pagar el Estado, variaciones de los mecanismos de pago y cambios en las causales de resolución de contrato fueron incluidos en las adendas. Se transfirieron rentas disfrazadas de costos de materiales, mano de obra y trazos cuasi ficticios, sostiene Guasch.  Según Contraloría, en el 2008, tras la suscripción de 11 adendas relacionadas con diversos tramos, el presupuesto inicial de la IIRSA Sur se incrementó en más de US$500 millones. Nueve de estas modificaciones se firmaron en el gobierno de Toledo.   El costo para el Estado, si es que terminaba el contrato o demandaba a alguno de los concesionarios, también se elevó. Se fijaron costos impagables para desincentivar la medida. Era un contrato sesgado a favor del concesionario, comentó la fuente que formó parte de la comisión de transferencia.","elcomercio","15/02/2017"
"Odebrecht dará documentos a la fiscal","La investigación fiscal sobre el presunto favorecimiento a la empresa Odebrecht en la licitación del gasoducto del sur peruano avanza. Este Diario pudo conocer que en los próximos días la constructora entregar información al titular de la segunda Fiscalía Anticorrupción, Reynaldo Abia, sobre esta obra que se adjudicó durante el gobierno de Ollanta Humala. La ex primera dama Nadine Heredia y el ex representante de Odebrecht Jorge Barata están investigados por este caso. La información que será entregada por la empresa consistiría en documentación financiera y contable. Se conoció que parte de su personal que estuvo encargado de las negociaciones del gasoducto del sur peruano también participaría en la diligencia.","elcomercio","15/02/2017"
"Plantean que Comisión Lava Jato investigue a Castaeda y Villarán","Los contratos de la Municipalidad de Lima con empresas brasileñas también están en la mira. Ocho miembros de la bancada de Fuerza Popular presentaron una moción para pedir que la Comisión Lava Jato incluya en sus pesquisas las obras adjudicadas tanto en la gestión de Luis Castañeda como en la de Susana Villarán. Resulta necesario ampliar las facultades de investigación a la referida comisión, a fin de determinar si se han producido presuntos sobornos, coimas y dádivas que pudieran haber recibido funcionarios de la Municipalidad de Lima en el proceso de contratos con las empresas OAS, Odebrecht y cualquier otra, señala la moción. El documento señala dos hechos en concreto: la suscripción del contrato en el 2009 con el Consorcio Lamsac, el cual tuvo como socio mayoritario a OAS (99%), y la concesión por 30 años dada en el 2013 al Consorcio Rutas de Lima, integrado por Odebrecht. El actual alcalde de Lima, Luis Castañeda, dijo que está dispuesto a ir al Congreso para aclarar los cuestionamientos que existen sobre los contratos firmados con empresas brasileñas durante su gestión. No hay ningún problema, mejor que investiguen todo, todo lo que contribuya a aclarar y que vaya por el bien del país. Todas esas cosas conversaremos y se sabrá al detalle, dijo a la prensa.","elcomercio","15/02/2017"
"Defensa de Toledo pide revocar orden de detención","El abogado del ex presidente Alejandro Toledo, Heriberto Bentez, cuestionó ayer que el fiscal de la Nación Pablo Sánchez haya señalado que en el caso de su defendido se ha optado por el camino de la extradición desde Estados Unidos, previo arresto provisional. Esto debido a que aún no se resuelve su apelación contra el mandato de detención preventiva. Que presenten su cuadernillo, eso tendrá un trámite, all también lo defenderemos [...] si lo hacen, será irregular porque todavía no hay resolución firme, dijo en entrevista realizada en la redacción de este Diario. Bentez ha pedido en una segunda instancia que se revoca la prisión preventiva de 18 meses por la comparecencia simple para que el ex mandatario tenga la posibilidad de venir a someterse a un proceso justo y que la investigación continúe. El abogado insiste en que su cliente no ha sido citado ni notificado en la investigación del fiscal Hamilton Castro y por lo tanto se han afectado sus derechos. Bentez recurre además a la tesis de la interferencia política por el hecho de que el presidente Pedro Pablo Kuczynski pidió a su homólogo de EE.UU. que deporte a Toledo, y que el Ministerio del Interior ofrezca una recompensa. Ayer, desde Tacna, el ministro del Interior, Carlos Basombrío, negó que exista tal interferencia porque la Policía Nacional, que depende de su cartera, se está limitando a hacer las gestiones para su captura, como dispuso el juez Richard Concepción.","elcomercio","15/02/2017"
"Pajoy es el único 9 neto en la oncena de Alianza","Hoy en día, uno pensaría que Aurelio Gonzáles-Vigil o Pajoy son opciones. Es más, la ausencia del colombiano le abre la puerta al argentino Gonzalo Godoy para jugar en la defensa. Pajoy es el único ‘9’ neto en la oncena de Alianza. Lo esperarán hasta el último para el duelo ante el Muni. Pajoy lesionado preocupa en día de celebración íntima Hoy Alianza celebra 116 años de historia, mientras, ya piensan en partido con Muni.","elcomercio","15/02/2017"
"Christian Cruz Valdivia","En el mes del amor naci el sentimiento más grande. Una historia se tejió con hilos blanco y azul y un pueblo lo acogió para ser feliz viendo fútbol. Hoy Alianza celebra 116 años de historia, esa misma que lo obliga a buscar, por fin, el título nacional. No serán los mejores años de Alianza, pero estos días son de alegría pura en La Victoria. El debut con triunfo ante Universitario podría significar el primer paso hacia romper esa racha de 10 años sin campeonar, aunque es muy prematuro para decirlo. Estamos bien anímicamente, contentos con la primera imagen que dejamos, aseguró Pablo Bengoechea, pero sabe que tendrá que refrendarlo este domingo ante Municipal. —Herido de guerra— Mientras en la tienda del clásico rival la situación parece catastrófica, en Alianza las preocupaciones pasan por otro lado. —Celebraciones— Las actividades por el aniversario 116 del club empezarán esta mañana con una misa en la explanada de Matute. Asistirán los trabajadores y se espera la presencia de los futbolistas. Por la noche, la administración organiza una fiesta en el Centro Naval del Perú, donde socios y jugadores compartirán un ameno momento de confraternidad. Es día de fiesta. Alianza celebra a lo grande, el más grande.","elcomercio","15/02/2017"
"Un San Martín reforzado busca el Sudamericano de Clubes","Con tres extranjeras, el cuadro peruano de voleibol debuta hoy ante Boca Juniors (4 p.m.). La progresión se ha ido dando año a año, y para este 2017 la Universidad San Martín quiere dar el golpe definitivo. Tras un tercer y segundo lugar, las albas ahora apuntan al título del Sudamericano de Clubes de Voley y para ello están en la localidad de Uberaba (Minas Gerais-Brasil) con todo su plantel en pleno para su debut, esta tarde, ante Boca Juniors (4:30 p.m.), que ayer perdió en su primer partido. En el grupo B están los tres equipos más complicados. El actual campeón sudamericano Rexona (Brasil) y Boca Juniors (Argentina), mientras en el A juegan Dentil Praia (Brasil), Club Olímpic (Bolivia) y Villa Dora (Argentina). Los dos primeros de cada grupo avanzan a semifinales, en busca del título que los clasifique al Mundial de Clubes. —Duelo de líderes— Las santas viajaron el domingo pasado con Ángela Leyva a la cabeza, y con sus refuerzos Patricia Aranda (española) y Victoria Dennis (estadounidense) más motivadas que nunca. Además, la brasileña Milca Da Silva ha recuperado su mejor nivel físico luego de ser madre hace unos meses. Ser mi primer torneo como peruana, aunque estoy inscrita como española aún. Jugar así tiene una motivación especial, nos dice la armadora Patricia, quien destaca el nivel en el que llegan, tanto ella como sus compañeros, sobre todo Ángela Leyva. Con 8 victorias en nueve partidos, la San Martín llega al Sudamericano como líder de la actual Liga Nacional de Voley, de la cual es el vigente tricampeón. El último sábado vencieron 3-1 a Gminis y demostraron toda su capacidad y tomaron el primer lugar. El rival argentino debutó ayer con derrota ante el Rexona por un contundente 3-0 (25-17, 25-8 y 25-8). El voleibol peruano está buscando recuperar el nivel que tuvo en Sudamérica. La San Martín ha dado un paso con la presencia en la final del año pasado, pero ahora quiere subirse a lo más alto. El reto es complicado, pero lo asumen.","elcomercio","15/02/2017"
"El impacto de las revelaciones del caso de Alejandro Toledo en la sociedad peruana","Corrupción y cinismo Gonzalo Portocarrero Sociólogo En las últimas semanas, la corrupción ha (re)emergido como el gran problema peruano. Y no solo de esta tierra sino también de toda América Latina y de muchas otras partes del mundo. Además, a la luz de nuestra realidad, estamos aprendiendo que la dinámica de la corrupción es mucho más compleja de lo imaginado y que sus consecuencias son bastante más serias de lo que parecen. Por el lado de la complejidad, resulta que la corrupción es un modus operandi donde la iniciativa está, básicamente, en el corruptor que tiene ya una gran experiencia en el uso del soborno para ganar licitaciones o lograr adendas sin tener los méritos que lo justifiquen. En el caso de Toledo, solo hizo falta que expresara su deseo por una coima para que la empresa Odebrecht abriera unas negociaciones que llevaron a disminuir drásticamente el monto de la ilegal comisión. Pero el daño peor puede provenir de una asignación de recursos distorsionada, aquella que lleva a priorizar la inversión que teniendo menos urgencia puede llevar a más ganancias. Este es el caso de Toledo y la carretera Interoceánica, el entonces presidente estuvo dispuesto a entregar la construcción a Odebrecht en tanto las comisiones fueran mucho más considerables en este proyecto que en otros. Se ha mencionado muchas veces que la prolongación de la autopista Ramiro Prial tiene una mayor utilidad y un menor costo. El proyecto que empezó con un presupuesto de US$1.000 millones terminó costando cerca de US$4.000 millones. Esto significa que Toledo estuvo dispuesto a que el Estado pagara US$3.000 millones de más, en tanto él obtuviera su coima de US$20 millones. ¿Quién es más censurable, la autoridad que busca y recibe la coima, o la empresa que ha hecho de los pagos ilegales el puntal de su política? Es indudable que los perjuicios que produce Odebrecht son mucho más significativos. No solo por la enorme cantidad de dinero defraudada, sino por la herida a la autoestima del país. Con la complicidad de nuestro ex presidente nos han robado sin compasión. Duele saber, por ejemplo, que la empresa constructora ha cobrado US$77 millones por construir cuatro casetas de peaje. Esta sobrevaloración desmesurada implica la pérdida de respeto de la capacidad de control del Estado y el desinterés por la ciudadanía peruana. Pero el ex presidente tiene una gran responsabilidad. Toledo ha preferido embolsarse US$20 millones para su propia economía a que el país economice US$3.000 millones, que resultan de una supervisión ajustada a la realidad de los gastos. La situación demuestra cuánto dependen entre sí la corrupción y el cinismo. Una de las bases de la corrupción es el cinismo. La cara dura, imperturbable, esgrimida justo en el momento en que se está faltando a la verdad, revela a un actor consumado que pretende engañar a su audiencia. Toledo es muy mentiroso, no es novedad, lo sabemos hace tiempo. Pero aun así sorprende la contumacia de su falsedad. Repite sus mentiras, y se hace el ofendido y hasta agrede cuando no logra convencer a su interlocutor. ¿Qué efectos tiene sobre la sociedad la proliferación de mentirosos? Y de los cínicos que mienten y se reafirman en sus mentiras? El cinismo desafiante desmoraliza a la ciudadanía, pues hace visible que a través de perseverar en la mentira se puede lograr realizar los propios sueños aunque sean ilegales y de funestas consecuencias sociales. Felizmente, no por lo ocurrido en el Perú, pero sí por los acontecimientos en Brasil, esta vez el cinismo corrupto ha sido denunciado. Esta vez no funcionará. Y la sanción que reciba Toledo será una lección para la gente como él a la vez que una lección para las mayorías. Ofenderse cuando se es desenmascarado es como agredir a quien hemos golpeado. Ver al ex presidente en esa lid puede resultar indignante o penoso. Pero creo que más allá de la compasión que nos pueda producir su caída, tenemos todo el derecho de sentir que algo mejorará en nuestro país. El Perú puede empezar a vivir otra etapa en su vida republicana. Respeto de la ley y retroceso del cinismo.","elcomercio","15/02/2017"
"El debate por la existencia de la ideología de género en el currículo escolar","La ideología de género en el currículo: ¿está o no está? Luz Pacheco Docente de la Universidad de Piura Según una reciente encuesta de Datum, el 52% de los peruanos no sabe qué es la ideología de género (IdG) y el 82% cree que la IdG es diferente de la igualdad de género (IG). La confusión aumenta cuando la ministra de Educación niega que haya IdG en el currículo y que solo plantea la IG, cuando lo cierto es que la IG es una meta de la IdG. Definimos los términos. Género es un término lingüístico que incluye lo neutro y hoy en día significa el grupo al que pertenecen los seres humanos de cada sexo, entendido éste desde un punto de vista sociocultural en lugar de exclusivamente biológico (RAE). Ideologías, en la historia del pensamiento, son aquellos sistemas que, a partir del siglo XVIII, absolutizan alguna dimensión humana: liberalismo (libertad política o económica); cientificismo (experiencia empírica), romanticismo (las pasiones), etc. Las absolutizaciones son, al menos, ambiguas al omitir o excluir aspectos que forman parte de lo humano. La IdG nace del pensamiento de Simone de Beauvoir para quien no se nace mujer: se llega a serlo por los roles sociales. Decenas después John Money le dio apariencia científica con los términos identidad de género y rol de género, según los cuales la sexualidad es psicológicamente indiferenciada al momento de nacer y son los roles y experiencias las que la vuelven masculina o femenina, con independencia del sexo biológico. Sus ideas tuvieron amplia repercusión, no así su experimento con David Reimer y su hermano gemelo, que demostró lo falso de su teoría: láleos en Google. Para la IdG, la IG debe eliminar las diferencias entre femenino y masculino.","elcomercio","15/02/2017"
"Dirige arranca convocatoria sin acuerdo sobre valor de activos","Tras la decisión de la junta de acreedores de relanzar una nueva subasta, la venta de las bases comenzó el 21 de diciembre y se extendió hasta el 31 de enero pasado. Según Pablo Peschiera, director de Dirige, arrancará el proceso de convocatoria sin contar con un acuerdo sobre el valor de los activos no fue una decisión premeditada. Podrá haber generado cierta incertidumbre en los inversionistas y su interés, sostuvo el director.","elcomercio","15/02/2017"
"Quedan dudas sobre transferencia de contratos con cláusula anticorrupción","El Decreto de Urgencia del Ejecutivo no aborda este punto, que trabaja venta del GSP. El lunes el Ejecutivo emiti un decreto de urgencia con el objetivo de que quienes hayan cometido actos de corrupción salgan de los grandes proyectos de inversión sin que estos sufran demoras y que, a su vez, se cautivele el pago de reparación civil al Estado.   El decreto es aplicable a las personas jurídicas que hayan sido condenadas por delitos contra la administración pública, lavado de activos o equivalentes, las que hubiesen admitido o reconocido la comisión del delito o personas jurídicas vinculadas a las dos primeras [ver pieza En detalle].  Quienes calen en este grupo, temporalmente, no podrán realizar transferencias al exterior de sus capitales de las inversiones en el país ni de los dividendos, las utilidades provenientes de su inversión, disfrute de bienes ubicados en el país, de las regalías, entre otros. Adicionalmente, cualquier interesado en comprar bienes, acciones u otros valores de las empresas que hayan cometido el delito deber presentar una solicitud de interés escrito al Ministerio de Justicia y Derechos Humanos. Quienes no sigan este procedimiento y no hagan el depósito correspondiente en el Fideicomiso de Retención y Reparación (FIIR), serán considerados responsables solidarios con los que cometieron el delito.  El porcentaje de la venta que será destinado al FIIR –que será creado por el Ministerio de Justicia y administrado por el Banco de la Nación– será determinado por el procurador público que corresponda. En caso de que hubieran excedentes sobre esa venta, estos se los quedaría la empresa que vendió el activo. Los fondos del fiduciario ‘servirán para atender el pago de las reparaciones civiles a favor del Estado y que establezcan los órganos jurisdiccionales correspondientes’, seala el decreto.","elcomercio","15/02/2017"
"Buena señal","H2Olmos continuará con la venta de acciones. El consorcio H2Olmos, que opera el proyecto Olmos y cuyo accionista mayoritario es Odebrecht Participaes e Investimentos, ha manifestado su intención de continuar con la venta de acciones ‘a favor de Per Water Holding I, Suez Holding Peru y BIF II Per H2O Equity Aggregator LP, siguiendo el procedimiento establecido en dicho decreto de urgencia, garantizando así la continuidad del proyecto Olmos’, indicó el consorcio en un hecho de importancia. Esta sería una buena señal a pesar de las dudas sobre la norma. Alex Álvarez, socio fundador de Activa Partners, afirma que el decreto da una señal al mercado de que existe interés por continuar con las inversiones.","elcomercio","15/02/2017"
"Es el momento de invertir en México?","Quién tuvo interés por invertir en México, hoy cuenta con una atípica pero muy atractiva gran puerta de entrada. Por un lado, las reformas legislativas estructurales aprobadas al inicio de la gestión del presidente Enrique Peña Nieto siguen vigentes. Por el otro, su moneda está más depreciada que nunca. Comprar activos mexicanos tiene un descuento del 25% al pagar en soles respecto al 2013 debido a la depreciación del peso. La inversión procedente del Per en México asciende a solo unos US$45 millones y se encuentra principalmente en los sectores de servicios financieros e industrias manufactureras. En cuanto al comercio bilateral entre ambos países, en el 2015 este alcanzó los US$2.200 millones. Si bien eso significa una contracción de 14,2% con relación al 2014, representa un crecimiento de 24,9% desde el 2011. México es nuestro octavo socio comercial. La balanza comercial favorece a México, pero el Per aumentó sus exportaciones no tradicionales. Creció 21% entre el 2011-2015 y los productos que más desarrollaron sus ventas fueron la papa, pasando de US$114 millones a US$27 millones, y neumáticos, de US$475 mil a US$11 millones. Consecuentemente, el superavit para México en la balanza comercial binacional bajó de US$919 millones a US$780 millones del 2015 al 2016, contado hasta noviembre de cada año. México ha sido afectado por la retórica política en Estados Unidos. Pero una mirada más detallada ofrece cierto optimismo. La inversión directa de extranjeros contabilizada de enero a septiembre del 2016 en México sumó casi US$20.000 millones, de acuerdo con cifras oficiales. Podría alcanzar los 30 mil millones para todo el año, calculó en enero J.P. Morgan. Ese dato es superior al estimado por el banco para Argentina, Uruguay, Ecuador, Colombia y el Per, juntos (US$28.000 millones). El dinero sigue fluyendo. ¿A dónde? Principalmente a la industria manufacturera y el resto a servicios. Paralelamente camina la confianza de los mexicanos. ‘La inversión de extranjeros es el 15% [del total], bienvenida esa inversión. Pero el 85% es de nacionales. Hay que apoyarla’, dijo el 27 de enero Carlos Slim Helú, poseedor de la sexta fortuna individual más grande del mundo, quien lanz ese día un mensaje de unidad nacional en una atípica rueda de prensa. Slim encabeza una generación de empresarios que construyeron multinacionales cuyas ventas superan los US$10.000 millones anuales. Detrás de él caminan Armando Garza Sada, de Grupo Alfa; José Antonio Fernández, de Grupo Femsa; y Daniel Servitje, de Bimbo. Además hay inversiones comprometidas por más de US$10 mil millones en petróleo y US$7.000 millones en una red compartida de telecomunicaciones. La devaluación del peso hace más competitiva la exportación de productos fabricados en México. Los precios de los activos mexicanos hoy son más atractivos que en muchos años. Esto presenta una oportunidad para empresarios peruanos y mexicanos con confianza en México en el mediano y largo plazo.","elcomercio","15/02/2017"
"El prfugo ex presidente, tarde o temprano, será extraditado y sentenciado por sus delitos.","En diez aos los peruanos habremos visto a dos presidentes regresar al Perú para ir a prisión: Alberto Fujimori volvió esposado en el 2007 y Toledo lo hará en cualquier momento. Sin embargo, estos dos no serán los únicos funcionarios de primer nivel vinculados a la corrupción en nuestro país. Pronto, Jorge Cuba, el viceministro de Comunicaciones de Alan García que recibió parte de las coimas que Odebrecht pagó durante ese gobierno, se acogerá a la colaboración eficaz; todo mientras la fiscalía anticorrupción avanza en las relaciones que sostuvo esa misma empresa brasileña con los Humala Heredia. El registro de visitas de la Presidencia de la República entre el 2011 y el 2015 será muy útil para establecer los contactos que se realizaron entonces. Y cuando la fiscalía confronte la lista de las personas que visitaron Palacio en ese período con la lista de las visitas que la oficina de comunicaciones de Palacio hizo pública en esas mismas fechas contará con más elementos para su investigación. El 26 de octubre del 2011, por ejemplo, el ex presidente Ollanta Humala sostuvo en el salón Sevillaño de Palacio de Gobierno una reunión con Jorge Barata. El encuentro duró una hora y media; sin embargo, la oficina de comunicaciones de la presidencia solo hizo pública la reunión que Humala tuvo ese mismo día con el economista de la Universidad de Harvard Michael Porter. ¿Por qué deba mantenerse en secreto una reunión entre Humala y Barata? Al año siguiente Barata y Marcelo Odebrecht volvieron subrepticiamente. Dijeron en la puerta que iban a visitar a funcionarios de segundo nivel. El 1 de agosto, el registro de la Casa Militar reporta a Jorge Barata cuando ingresa a Palacio, a las 11 de la mañana, y cuando sale, a las 5:30 de la tarde. En esa oportunidad, Barata, supuestamente, fue a ver a Luis Chuquihuara, el secretario general de entonces. Ese día y a esa hora, la agenda pública ubica al presidente Humala en el Callao, para entregar una obra de agua potable. ¿Con quién estuvo Barata seis horas y media, incluyendo la hora de almorzar? Pero lo más interesante es lo que aparece en el registro de una semana después cuando Barata regresa acompañado por Marcelo Odebrecht, supuestamente, para reunirse con Cynthia Montes, la asistenta de Nadine Heredia. No es un chiste, según el registro oficial, Marcelo Odebrecht, uno de los hombres más poderosos del continente, estuvo en Palacio 3 horas con 15 minutos reunido con una asistente. Oficialmente, Odebrecht había venido al Perú para acompañar a Ollanta Humala en la inauguración de la represa de Chaglla en Huanuco; y ah sí se dejaron ver en público, pero el día previo el mayor corruptor de los últimos tiempos ingresó soslayado a Palacio de Gobierno y puedo apostar que para reunirse con Nadine Heredia. Ella preparaba en ese momento su viaje al Brasil, que ejecutó dos semanas después de recibir a Barata y a Odebrecht en Lima. El viaje fue muy comentado. Heredia viajó en el avión presidencial y fue recibida con honores de mandataria. Claro, all se reunió con Lula da Silva y Dilma Rousseff, ambos identificados ahora como los inspiradores políticos del Lava Jato. Por cierto, el colaborador eficaz con el que viene trabajando la segunda fiscalía anticorrupción a cargo del fiscal Reynaldo Abia, ha declarado que desde fines del 2011 y durante el 2012 en Palacio se negoció, ilícitamente, la asignación del gasoducto del sur a Odebrecht. As es que a preparar cancha porque pronto seremos espectadores de un nuevo allanamiento de corte presidencial.","elcomercio","15/02/2017"
"Partido de gobierno exige renuncia de la ministra de la Mujer","El Comité Ejecutivo Nacional de Peruanos por el Kambio también acord pedir la expulsión del legislador Moisés Guía Pianto.  El gobierno no solo debe lidiar con las críticas de la oposición. El Comité Ejecutivo Nacional de la agrupación oficialista Peruanos por el Kambio decidi la noche del lunes exigir la renuncia de la ministra de la Mujer, Ana María Romero-Lozada, y la expulsión del congresista Moisés Guía Pianto.  El secretario nacional de Organización, Jorge Villacorta, explicó a El Comercio que estas decisiones responden a gestos políticos necesarios para nuestro país.  La señora Romero-Lozada ha sido la gerenta de la ONG de [Alejandro] Toledo, así que representa un gesto de usos y costumbres políticas sacarla del ministerio. Ella misma debió dar un paso al costado y eximir al Gabinete de esa carga política, afirmó a este diario.  Villacorta culpó al sector tecnócrata del gobierno de la permanencia de la ministra de la Mujer. No mentalizan que el Perú está esperando gestos. Descargar ese peso del Gabinete sería dejar libre al presidente Pedro Pablo Kuczynski, acotó.  El dirigente de Peruanos por el Kambio también admitió que el partido oficialista está alejado del Ejecutivo. El gobierno está copado de técnicos y bueno fuera que diesen resultados, pero nada. Sería bueno que los ministros leyeran el plan de gobierno y revisaran las actas firmadas en campaña, porque no están cumpliendo con lo prometido, dijo.  —El caso Guía—  El CEN del partido oficialista también decidi exigir la expulsión de la bancada del legislador Moisés Guía Pianto, quien a inicios de este mes pidió la vacancia de Kuczynski. La decisión fue transmitida ayer a la bancada por el congresista y presidente del partido oficialista, Gilbert Violeta. Ante ello, el grupo parlamentario postergó para hoy la decisión final del caso.  Nosotros pedimos que se dé la sanción más drástica ante un exabrupto de esa magnitud. No puede ser que hayan postulado con nuestro símbolo y plataforma y cometan ese tipo de exabruptos, comentó al respecto Villacorta.  Con Violeta y Salvador Heresi –ambos miembros del CEN– suman diez los legisladores que buscan sacar a Guía. Para la expulsión se requieren 11 votos. El voto que falta sería el de Janet Sánchez, congresista y militante de la que se espera que acate la directiva del CEN.","elcomercio","15/02/2017"
"Matrimonio igualitario: reacciones desde el Congreso","Las congresistas Indira Huilca y Marisa Glave (Frente Amplio), junto a diferentes colectivos LGBT, presentaron ayer un proyecto de ley para regular el matrimonio entre personas del mismo sexo en el Per.  Según la iniciativa legislativa, se propone la modificación del artículo 234 del Código Civil, que establece el concepto de matrimonio como la unión voluntariamente concertada por un varón y una mujer legalmente aptos para ella.","elcomercio","15/02/2017"
"Iernos regionales para enfrentar la emergencia","En las últimas semanas, el primer ministro Fernando Zavala y varios integrantes de su Gabinete han recorrido las regiones afectadas.  El analista político José Carlos Requena considera que, pese a estos esfuerzos, la desaprobación hacia el Ejecutivo se debe a que se ha mostrado más una actitud reactiva que preventiva.  Es cierto que las lluvias llegaron antes, pero creo que bajaron demasiado los brazos por las labores que se habían iniciado por el fenómeno de El Niño, opin.","elcomercio","15/02/2017"
"Matrimonio igualitario: reacciones desde el Congreso","Pas -9- presentante piaggio  Más de 370 colegios del país han sufrido daños por las lluvias  Presentan proyecto de ley para regular la unión de personas del mismo sexo.  Fernando alayo orbegozo  Las congresistas Indira Huilca y Marisa Glave (Frente Amplio), junto a diferentes colectivos LGBT, presentaron ayer un proyecto de ley para regular el matrimonio entre personas del mismo sexo en el Perú.  Según la iniciativa legislativa, se propone la modificación del artículo 234 del Código Civil, que establece el concepto de matrimonio como la unión voluntariamente concertada por un varón y una mujer legalmente aptos para ella.  La nueva norma busca retirar los términos varón y mujer de ese artículo para definir la noción de matrimonio como la unión voluntariamente concertada por dos personas legalmente aptas para ella.  Asimismo, el proyecto también determina que en ningún caso se puede negar el reconocimiento legal de los matrimonios igualitarios celebrados en el extranjero.  --Reacciones--  El congresista Carlos Bruce (Peruanos por el Kambio) explicó que, si bien existe un proyecto de ley para crear la unión civil homosexual, esta nueva iniciativa legislativa suma al debate sobre los derechos de las personas LGBT. La apoyo totalmente, dijo.  Por su parte, Carlos Tubino (Fuerza Popular) dijo que no tendrá futuro la propuesta sobre matrimonio igualitario. El matrimonio heterosexual tiene un fin: la procreación. La unión entre homosexuales tiene un fin diferente y no se puede equiparar, indicó Tubino.  Solo en Ica, 115 centros educativos han sido afectados, según el Minedu.  Las lluvias registradas en las últimas semanas dejaron 371 colegios estatales afectados en Ancash, Ica, La Libertad, Lambayeque, Lima, Loreto, Piura y Tumbes, según informó el Centro de Operaciones de Emergencia Nacional (COEN). Esta situación se presenta a menos de un mes del inicio oficial del año escolar, previsto para el 13 de marzo.  Según informó el Ministerio de Educación (Minedu), las regiones donde hay más colegios afectados son Ica (115 locales), Piura (103), Lambayeque (64), Lima (44), Tumbes (20), Loreto (18), La Libertad (5) y Ancash (2).  A fin de habilitar estas instituciones educativas antes del inicio del año escolar, el Minedu destinó S/2’786.000 para el mantenimiento y asignación de tiles y equipamiento menor de estos locales, donde estudian más de 102 mil alumnos y donde trabajan 5.428 docentes.  --Conteo de daños--  Según el Instituto Nacional de Defensa Civil (Indeci), hasta ahora son 353.088 las personas afectadas por las lluvias y hay 43.730 damnificados en todo el país debido a las mismas.","elcomercio","15/02/2017"
"Sodalicio revela agresiones sexuales contra 36 víctimas","Los responsables denunciados por la comunidad religiosa  1974—1980 Luis Fernando Figari Rodrigo  1983-2000 Germán Doig Klinge  1977-1987 Virgilio Levaggi Vega  (Fundador del Sodalicio de Vida Cristiana)  (Ex vicario general del Sodalicio)  (Ex director espiritual en el Sodalicio)  1 menor de edad 6 mayores 6 menores 3 mayores 1 menor 2 mayores  1985-1997 Jeffrey Daniels  (Captaba nuevas vocaciones)  12 menores  1996 - 2002 Tres sódalites y un ex sódalite  7 mayores  * Dos de las víctimas (un menor y un adulto) fueron agredidas por dos autoridades diferentes.  Todo en manos de la fiscalía  Nuevas pruebas G Ministra de la Mujer pidió al fiscal de la Nación que la denuncia contra Luis Figari y otras autoridades del Sodalicio no quede impune. Informe confirma que hubo abusos a menores.  ANA BRICEO  Luego de leer el informe del Sodalicio de Vida Cristiana (SVC) sobre los abusos sexuales cometidos contra 36 ex sódalites, entre ellos 19 menores, probablemente más de uno se pregunte cómo la fiscalía pudo archivar una investigación contra presuntos violadores y que con ello nadie sea castigado. Según el documento que se hizo público ayer, en varias ocasiones [Luis Fernando Figari] abusó de un muchacho de 15 años. Era 1975 y el adolescente tenía miedo de denunciar el ataque porque Figari era la persona más poderosa en esa comunidad. No tenía a quién acudir cuando me di cuenta de que Figari estaba abusando sexualmente de mí. Era joven y él era demasiado importante y poderoso como para acusarlo. He vivido con esta experiencia por más de 30 años, relató la víctima a la investigación que realizó el Sodalicio.  Aparte de este caso, seis ex sódalites dijeron que cuando eran jóvenes, Figari abus sexualmente de ellos, mientras que siete víctimas señalaron al SVC que él los manipuló sexualmente con abrazos sin ropa, manoseo de los genitales y que le pidió a un joven que le besara el pene.  Las víctimas declararon que Figari les dijo que esos actos eran parte de sus poderes místicos, ejercicios de yoga o de una técnica para generar energía. Y que todo se trataba de un experimento para determinar si la víctima era homosexual.  Otro acusado de abusos es Germán Doig, vicario del Sodalicio, fallecido el 2001. Él habría agredido sexualmente a seis menores al interior de la institución. Los abusos a menudo ocurrieron bajo prácticas de ejercicios de yoga que él hacía en privado, dice el informe. Pese a que hubo denuncias en su contra, Figari lo defendía.  A Virgilio Levaggi, ex director espiritual del SVC, y a Jeffrey Daniels, quien captaba nuevos jóvenes, también se les sindica como presuntos abusadores sexuales.  El abuso sexual no es el único delito que se habría cometido en esta organización. Un ex sódalite reportó que una vez Figari le quemó el brazo con una vela prendida para que demuestre ser obediente, dice en el informe. Además, se le describió como narcisista, paranoico, degradante, vulgar, vengativo, manipulador, racista, sexista, elitista y obsesionado con la orientación sexual de los miembros del Sodalicio.  --Piden reapertura--  La ministra de la Mujer y Poblaciones Vulnerables, Ana María Romero-Lozada, envió ayer un documento al fiscal de la Nación, Pablo Sánchez, en que exhorta a que se reabra la investigación sobre los abusos sexuales cometidos por miembros del Sodalicio y establecer las sanciones penales. Es muy importante que este tipo de delitos no queden en la impunidad, dijo.  En enero la fiscal María Peralta archivó la denuncia contra Figari. Según ella, nadie se acercó a su oficina a denunciar las vejaciones identificándose con su nombre. El fiscal superior Frank Almanza dijo que decidirá en menos de un mes si el caso se reabrir. Alessandro Moroni, superior general del Sodalicio, indicó que el informe será entregado a la fiscal como nuevas pruebas.  Para el ex fiscal Avelino Guillén, antes de decir que los delitos prescribieron, la fiscalía debe analizar diversas figuras penales para aplicarlas a los culpables.  Juan Lengua Balbi, abogado de Figari, sostuvo que denunciar al Sodalicio por haberle atribuido delitos y que su patrocinado no ha podido defenderse.  Pedro Salinas, quien investigó al Sodalicio durante años, dijo que el informe busca limpiar la imagen de esta organización. El Sodalicio tiene una crisis de reputación y está haciendo un control de daños. Eso en parte ha tenido cosas positivas porque los ha obligado a cambiar. Pero si no hubiera sido por la prensa, ellos habrían hecho solo cambios cosméticos y seguía todo igual. A pesar de los cambios al interior del SVC, no sé si ya lograron captar el tema de fondo. Aquí el problema no es Figari, sino la cultura de abuso, indicó.","elcomercio","15/02/2017"
"MIGUEL BELLIDO","De alumbrado, también se incorporaron nuevos servicios como un gimnasio, una escuela de computo y una biblioteca juvenil e infantil. Para recuperar la administración del parque –el cual tiene una extensión de 25 m2– la comuna tuvo que recurrir a un arbitraje.  Con marinera limeña y vals, este tradicional lugar de esparcimiento abrió sus puertas ayer.  Municipalidad reabre el Parque de la Muralla luego de un año  Alcalde de Lima aprovechó para reafirmar que el peaje del Chillon no va. Pierina Chicomá  Luego de su pequeña alza en el índice de aprobación a su gestión, ayer reapareció el alcalde de Lima, Luis Castañeda. El burgomaestre entregó el remozado Parque de la Muralla, el cual estuvo cerrado por problemas en la administración.  Además de mejorar la explanada, las piletas y la red  --Peaje y aprobación--  Durante la ceremonia de ayer, el alcalde Castaeda aseguró que no se volverá a cobrar peaje en sentido de sur a norte en Puente Piedra. El peaje no va. Es definitivo. Muchos piensan que lo que se ha hecho es suspender [el contrato] y ganar tiempo. No es así. Lo que se está haciendo es reformular el contrato, agregó.  Castaeda Lossio solo mencionó que hay una serie de cláusulas que se están conversando con Rutas de Lima, pero no dio más detalles de la negociación.  Al preguntarle sobre si el respaldo que tiene de un 49% de limeños (según Ipsos) se debe a su aparición en diversas obras debido a los huaicos de hace dos semanas, el alcalde se limitó a decir que yo solo trabajo y hago lo posible para que la gente viva mejor.","elcomercio","15/02/2017"
"Jaque al corazón del Gobierno de Venezuela","El Aissami se define a sí mismo como un chavista radical y desde el 2005 ha tenido diversos cargos en el Gobierno.  Vicepresidente en desgracia  Alto perfil G Tareck el Aissami, acusado por EE.UU. de tener vínculos con el narcotráfico, es el segundo hombre fuerte del chavismo G Está al frente del Comando Antigolpe, creado para perseguir a opositores.  tos planes desestabilizadores, y es responsable hasta ahora de la detención de al menos diez personas, entre ellas un diputado opositor, varios concejales y un ex ministro de Defensa disidente del chavismo.  Por si fuera poco, El Aissami tiene bajo su mando al temido Servicio Bolivariano de Inteligencia Nacional (SEBIN). Agárrense los terroristas de extrema derecha, Tareck los conoce y tiene los ganchos [esposas] listos. Vamos con todo contra los terroristas, solt Maduro al nombrarlo.","elcomercio","15/02/2017"
"Lucrecia Vásquez (79) y Carlos del Busto (78) renovaron sus votos al cumplir 53 años de casados","Lucrecia Vásquez (79) y Carlos del Busto (78) renovaron sus votos al cumplir 53 años de casados. Ellos no tienen hijos. Son parte de las 330 personas que alberga el Centro de Atención Gerontológica e Geriátrica Ignacia Rodríguez viuda de Canévaro.","elcomercio","15/02/2017"
"Jaque al corazón del Gobierno de Venezuela","El Aissami se define a sí mismo como un chavista radical y desde el 2005 ha tenido diversos cargos en el Gobierno.  Vicepresidente en desgracia Alto perfil GTareck el Aissami, acusado por EE.UU. de tener vínculos con el narcotráfico, es el segundo hombre fuerte del chavismo G está al frente del Comando Antigolpe, creado para perseguir a opositores. tos planes desestabilizadores, y es responsable hasta ahora de la detención de al menos diez personas, entre ellas un diputado opositor, varios concejales y un exministro de Defensa disidente del chavismo.  Por si fuera poco, El Aissami tiene bajo su mando al temido Servicio Bolivariano de Inteligencia Nacional (SEBIN). Agárrense los terroristas de extrema derecha, Tareck los conoce y tiene los ganchos [esposas] listos. Vamos con todo contra los terroristas, solt Maduro al nombrarlo.  El currículo del sancionado, quien tiene ascendencia sirio-libanesa, acumula a sus 42 años tantos cargos burocráticos como escándalos y denuncias. Justamente, la semana pasada la cadena estadounidense CNN en Español difundió un reportaje, según el cual habría facilitado pasaportes venezolanos a miembros de organizaciones terroristas islámicas.  REUTERS  LAS SANCIONES DE EE.UU. La decisión tomada desde Washington afecta al vicepresidente Tareck el Aissami y Samarck José López Bello, sindicado como su testaferro.  Las sanciones suponen la congelación de los activos de ambos personajes bajo jurisdicción estadounidense. Según Washington, esto supone decenas de millones de dólares en propiedades inmobiliarias en Miami.  El Departamento del Tesoro de EE.UU. no ha especificado el monto exacto que ha quedado congelado.  Steve Mnuchin, secretario del Tesoro de EE.UU., ha dicho que el presidente Trump quiere enviar un mensaje claro a Venezuela.  Desde el 2005, El Aissami ha sido diputado en el Parlamento, viceministro de Seguridad Ciudadana, ministro del Interior durante cuatro años, y hasta el pasado enero gobernador del estado Aragua, uno de los más violentos y cuya policía ha sido señalada de ajusticiar personas. Eso sin contar que es director del Partido Socialista Unido de Venezuela (PSUV). Sin embargo, los señalamientos sobre sus supuestos nexos con el negocio de la droga no son nuevos. En el 2010, Walid Makled, conocido como el Pablo Escobar venezolano, aseguró desde una cárcel colombiana que le había pagado US$100 mil a Firaz el Aissami, hermano del funcionario, para manipular a la policía y facilitar la salida de narcóticos desde Puerto Cabello, el principal puerto del país.  Me comentó que si tenía alguna otra cosa más, algún otro negocio, que le dijera que él estaba a la orden.","elcomercio","15/02/2017"
"Fiscal acusa a Macri por polémico arreglo sobre deuda familiar","Un fiscal argentino present ayer una denuncia judicial contra el presidente Mauricio Macri por supuesto perjuicio al Estado en el arreglo de una deuda contratada por Franco, su padre, luego de que en el 2001 la empresa familiar declarara la quiebra del servicio de correo oficial, que administraba en concesión.  El fiscal Juan Pedro Zoni imputó a Macri y a varios altos funcionarios por haber aceptado un acuerdo que supone una importante rebaja de la deuda del Correo Argentino, cuya concesión tuvo el Grupo Macri desde 1997 al 2003, cuando fue estatizada.  El Gobierno Argentino negó que hubiera conflicto de intereses como sostiene una ola de denuncias políticas por corrupción.  Pedimos una audiencia urgente de la Cámara Federal [apelaciones] para que aborde el caso de manera integral. Es un tema técnico-judicial, no político, dijo el jefe de Gabinete, Marcos Peña.  La conmoción estalló hace una semana al revelar la fiscal de la cámara, Gabriela Boquín, un acuerdo de junio del 2016 con el poderoso Grupo Macri por compromisos impagos. La deuda se remonta a cuando la empresa familiar tuvo la concesión del estatal Correo. Es ruinoso, abusivo y equiparable a una condonación del 98% de la deuda, dijo Boquín.  –Enorme condonación– Según los cálculos incluidos en el dictamen de Boquín, el acuerdo podría significar la condonación de deudas por 70.000 millones de pesos (unos 4.430 millones de dólares) si se aplicaran intereses sobre el monto original y hasta el 2033.  La fiscal dijo que hubo manifestada mala fe porque el Grupo Macri se presentó antes en la justicia para cobrar al Estado una deuda por el equivalente a US$150 millones. La oposición puso el grito en el cielo porque el Grupo Macri saldría ganando por la diferencia entre ambos acuerdos.  La Policía de Argentina detiene a presunto asesino de dos peruanas  La Policía de Argentina detuvo ayer al presunto asesino de una mujer de 50 años y su hija de 15, ambas ciudadanas peruanas, cuyos cuerpos fueron encontrados la semana pasada enterrados en la localidad de Punta Lara, provincia de Buenos Aires, después de una semana de haber desaparecido.  El sujeto, identificado como Hugo Hidalgo, de 42 años, fue detenido en la localidad de Puerto Esperanza, en la provincia de Misiones, según el Ministerio de Seguridad.  Los uniformados contaban con información de que el sospechoso había alquilado una habitación en la zona y dispusieron un seguimiento para atraparlo.  El pasado 28 de enero fue la última vez que se vio a Maruja Chacón Pérez y su hija Shirley Barrientos.  El detenido tiene antecedentes de proxenetismo y violencia de género.  Enterrada viva  Los resultados de la autopsia señalan que la adolescente Shirley Barrientos fue enterrada viva y murió por asfixia. Su madre habría sido apuñalada.","elcomercio","15/02/2017"
"Misterioso asesinato en un aeropuerto","Matan a hermanastro del líder norcoreano Kim Jong-un  Kim Jong-nam murió en Malasia mientras esperaba abordar un vuelo que lo llevara a Macao, China. Antes de fallecer dijo que fue rociado con un aerosol.  Las autoridades de Corea del Norte han pedido que se les entregue el cuerpo de Kim Jong-nam.  Redacción Mundo  A puro estilo de los crímenes de espías durante la Guerra Fría, el hermanastro mayor del líder norcoreano Kim Jong-un, identificado como Kim Jong-nam, de 45 años, fue asesinado ayer en un aeropuerto de Kuala Lumpur.  De acuerdo con un alto funcionario de Malasia, Kim alcanzó a decir a los médicos que lo auxiliaron que había sido atacado con un aerosol qumico. Antes de que se conociera este dato se había dicho que dos mujeres le clavaron agujas con veneno.  El funcionario, que habló bajo la condición de anonimato, señaló que Kim Jong-nam fue atacado con el aerosol en el sector comercial del aeropuerto y que pidi ayuda en el mostrador de información. Se quejaba de fuertes dolores. Falleció cuando era trasladado a la clínica del aeropuerto.  El hombre esperaba un vuelo a Macao (China).  La prensa surcoreana informó que Kim Jong-nam fue asesinado por dos mujeres que huyeron en un taxi. En tanto, la agencia surcoreana Yonhap aseguró que el crimen fue llevado a cabo por la agencia de espionaje norcoreana, aprovechando una falla en el dispositivo de seguridad de la víctima.  –De favorito a repudiado–  Kim Jong-nam era el hijo mayor del fallecido dictador Kim Jong-il y una actriz nacida en Corea del Sur. Fue considerado un tiempo como posible sucesor de su padre.  Pero cayó en desgracia en Corea del Norte en el 2011 tras ser sorprendido intentando ingresar a Japón con un pasaporte falso. En ese entonces afirmó que quería visitar Disneylandia.  Durante los últimos años vivió entre Macao, Singapur, Indonesia, Malasia y Francia, bajo el amparo de China y presuntamente ocupado en la inversión de fondos.  Kim Jong-nam vivía bajo la protección de China desde el 2001, cuando cayó en desgracia en su país.","elcomercio","15/02/2017"
"Kim Jong-nam fue atacado con aerosol en aeropuerto","Un funcionario, que habló bajo la condición de anonimato, señaló que Kim Jong-nam fue atacado con el aerosol en el sector comercial del aeropuerto y que pidi ayuda en el mostrador de información. Se quejaba de fuertes dolores. Falleció cuando era trasladado a la clínica del aeropuerto.  El hombre esperaba un vuelo a Macao (China).  La prensa surcoreana informó que Kim Jong-nam fue asesinado por dos mujeres que huyeron en un taxi. En tanto, la agencia surcoreana Yonhap aseguró que el crimen fue llevado a cabo por la agencia de espionaje norcoreana, aprovechándose de una falla en el dispositivo de seguridad de la víctima.","elcomercio","15/02/2017"
"Renuncia asesor de defensa de Trump por su cercana a Rusia","Se trata de la primera crisis en el círculo íntimo del presidente de Estados Unidos. Han pasado casi cuatro semanas desde que Donald Trump juró como presidente de EE.UU. y ya enfrenta su primera crisis en su círculo íntimo de confianza. Y ha sido por un tema que lo persiguió en la campaña: la cercanía con el Gobierno Ruso.  La noche del lunes, Michael Flynn, asesor hasta entonces del mandatario en seguridad nacional, presentó su renuncia tras conocerse que le mintió al vicepresidente Mike Pence respecto a las conversaciones telefónicas que mantuvo con el embajador ruso en Washington, Sergey Kislyak.  En su carta, Flynn reconoció que le dio información incompleta al vicepresidente sobre los diálogos que tuvo con el diplomático, los cuales se dieron antes de que Trump asumiera la presidencia, y algunos de ellos incluso antes de que ganara las elecciones. El portavoz de la Casa Blanca, Sean Spicer, dijo que fue Trump quien le pidió a Flynn que renunciara tras perderle la confianza. En su lugar fue nombrado el general Keith Kellogg.","elcomercio","15/02/2017"
"Entrevista Michael Higgins Presidente de Irlanda","Quedarte detrás de tus fronteras es un paso atrás De paso por el Perú, el mandatario habló de populismos y muros.  Rodrigo Cruz  En tiempos de tendencias proteccionistas en Occidente impulsadas por la aparición de políticos populistas, el presidente de Irlanda, Michael D. Higgins, ha optado por el camino contrario: abrir las puertas.  —Es la primera vez que un presidente irlandés visita Lima. ¿Es correcto? Sí, es correcto. Pero yo ya he estado antes aquí. En 1988 pasé por Lima camino a Chile para participar como observador del plebiscito. Y de regreso, estuve en Lima otra vez. As que esta es mi tercera visita a Lima, pero es la primera vez como presidente.  —Una de las razones de su visita es que el Perú inaugurará su embajada en Dublín este año. Fue una decisión del presidente Pedro Pablo Kuczynski que compartimos. Lo más probable es que la embajada abra en otoño (entre septiembre y diciembre). Estamos revisando todas las relaciones que tenemos en Latinoamérica. Queremos ayudar a mejorar el uso de sus recursos.  —Decisiones como esa, de forjar relaciones con otros países, no son compartidas por políticos que prefieren cerrar sus fronteras. ¿Cuál es su opinión sobre ello? No comento decisiones de líderes de otras naciones. Pero si vamos a aprender algo de lo que está pasando en nuestro tiempo, tendría que ser, por ejemplo, lo del cambio climático, que es una preocupación mundial. Sobre su pregunta, en los últimos 30 años el Perú redujo su índice de pobreza. Y el comercio sirvió de ayuda en esa reducción. Entonces, quedarte detrás de tus fronteras es un paso atrás dentro de la interdependencia global.  —Por ejemplo, el muro que piensa construir Trump. He mirado con mucho cuidado la situación en ese país y es posible que pongan esas barreras. Pero háganse esta pregunta: ¿Qué tan igual es una sociedad que se esconde detrás de sus paredes?","elcomercio","15/02/2017"
"Operación est paralizada hace nueve años","El escenario es incierto para los inversionistas mientras se revisan los estándares de calidad ambiental.  Los activos de Doe Run Per serán subastados por US$407,5 millones el próximo 10 de marzo según acord la junta de acreedores de la firma.  La decisión de convocar la nueva venta de activos fue tomada el 16 de diciembre pasado por la junta de acreedores de la compañía, constituida en el 2012. En agosto del 2015 ya se había realizado una primera subasta, conducida entonces por la ex administradora concursal de Doe Run Per, Profit, y el banco suizo UBS. Fue una convocatoria fallida que no atrajo el interés de los inversionistas. Juan Cangalaya, asesor legal de los acreedores laborales de Doe Run Per (DRP), precisó que el fracaso de la primera subasta se explicó por tres motivos: vacíos normativos asociados a estándares de calidad ambiental, falta de precisiones sobre la responsabilidad de los pasivos del suelo (si debían ser retroactivos) y la necesidad de efectuar un cese colectivo. Este último asunto terminó por enfrentar a Profit con los trabajadores de DRP, desplazándola de su función. La administradora concursal actual, la empresa Dirige, no se ha dejado persuadir por las experiencias del pasado. Tras la decisión de la junta de acreedores de relanzar una nueva subasta, la venta de las bases comenzó el 21 de diciembre y se extendió hasta el 31 de enero pasado. Según Pablo Peschiera, director de Dirige, arrancar el proceso de convocatoria sin contar con un acuerdo sobre el valor de los activos no fue una decisión premeditada. Podría haber generado cierta incertidumbre en los inversionistas y su interés, sostuvo el director.","elcomercio","15/02/2017"
"Entrevista Wilmer Carrasco","Presidente de la Asociación Civil Educativa Saco Oliveros  Había una brecha entre la universidad y el colegio  La cadena de colegios Saco Oliveros ha logrado acortar esa brecha con una oferta educativa distinta a la tradicional: el sistema helicoidal.  María Rosa Villalobos  Aunque casi toda su familia tenía una fuerte vena educativa, Wilmer Carrasco, presidente de la Asociación Civil Educativa Saco Oliveros, decidi estudiar Ingeniería Civil en la UNI. No obstante, la vida termin por conducirlo, nuevamente, a su verdadera pasión – además del fútbol –.  —Fundó su primer colegio preuniversitario en 1997 con su esposa Margarita. Tenían 38 alumnos. ¿Qué los empujó a iniciar la aventura?  Mi vida ha estado llena de quiebres. Un primer quiebre se da por la hiperinflación. En ese momento, opté por hacer lo que sabía, enseñar, pues venía trabajando desde los 18 años en academias preuniversitarias. Una de las academias en las que yo trabajaba era la peruano-soviética, que cerr sus puertas en 1991 porque se desintegró la Unión Soviética.  —¿Cuál fue la inversión inicial?  Realicé un convenio con el Centro Cultural Peruano-Ruso, en reciprocidad por mi trabajo. No me pidieron garantía, solo me cobraban el alquiler.  —¿Qué pasó después?  En 1992, me llamaron los nuevos dirigentes de lo que pasó a llamarse el Centro Cultural Peruano-Ruso. Me dijeron que querían que yo dirigiera su academia. En 1996, esta cerr definitivamente y vi que esa era mi oportunidad. Al año siguiente inici mi aventura propia.  —¿Cuál fue su diferencial?  Había una brecha entre la universidad y el colegio que hacía necesaria la existencia de las academias preuniversitarias. Había que acortar esa brecha.  —¿Cómo nace el sistema helicoidal, por el que su institución es reconocida?  Por qué esperar a cuarto o quinto de secundaria para aprender física o química? Estructuramos una nueva forma de enseñanza no lineal, sino cíclica. Todo lo que se enseña en quinto de secundaria se puede enseñar en primer grado pero de la forma más básica. Conforme pasan los años, los temas se profundizan.  —¿Cómo notaron que estaban haciendo bien las cosas?  Con hechos concretos. Uno de mis alumnos de cuarto de secundaria ingresó a Medicina en San Marcos. El siguiente año, otra de mis alumnas de tercer año de secundaria ingresó a la Universidad del Callao. Luego pasó lo mismo con un chico de primero de secundaria. El récord lo tenemos con un niño de cuarto grado de primaria que ingresó a la Universidad del Callao.  —¿No considera que el modelo ejerce mucha presión en los estudiantes?  No, vamos al ritmo de los alumnos. Hace más o menos ocho años implementamos lo que llamamos la helicomotivación. Creamos arengas con los alumnos y las repetíamos en voz alta diez minutos antes de que empezase la clase. Cuando el profesor entra al aula, se encuentra con un ambiente receptivo.  —¿Qué se siente ser un líder empresarial del cambio?  Esto me da más energía y ánimo para seguir adelante con mi proyecto y también me hace pensar en que se puede dar más. Hay que apoyar al Estado en su labor. Actualmente trabajamos con un colegio nacional y esperamos aumentar el número en el futuro.","elcomercio","15/02/2017"
"EE.UU. busca acelerar la llegada de los carros autónomos","Dos senadores de EE.UU. anunciaron que presentaban un proyecto de ley para agilizar el despliegue de autos sin conductor. Esto marca el primer esfuerzo del Congreso estadounidense para abordar la inminente aparición de estos vehículos en las carreteras de ese país.","elcomercio","15/02/2017"
"El hombre moderno y el neandertal cazaban de forma similar","Un estudio publicado en la revista Archaeological and Anthropological Sciences demuestra que entre 25.000 y 45.000 años atrás, el neandertal y el hombre moderno (Homo sapiens) cazaban los mismos animales, los explotaban igual y aprovechaban los mejores ejemplares.","elcomercio","15/02/2017"
"Hallan en México especie desconocida de dinosaurio","Expertos del Museo del Desierto (México) hallaron en el estado de Coahuila una especie desconocida de dinosaurio con cuernos (ceratopsidos). Llamado Yehuecauhceratops mudei, tenía unos 3 metros de longitud y una prominencia que no está presente en otros ceratopsidos.","elcomercio","15/02/2017"
"La ciencia seduce cada vez más a las peruanas","Aumento: El número de investigadoras en el país se duplicó en el último año. En el mundo el porcentaje es de solo el 28%. Para Dionisia Gamboa, su gusto por la ciencia se remonta a las aulas de su colegio en Chiclayo. Sus profesoras hacían de la biología y la química algo tan entretenido y sencillo que era imposible no querer dedicarse a la investigación. Ahora, con un doctorado en la Universidad de Maastricht (Holanda), esta bióloga molecular es parte del creciente número de mujeres dedicadas a la ciencia en el Perú, una cifra que en el último año se ha duplicado.  —La brecha—  En el mundo, solo el 28% de todos los investigadores son mujeres, según datos de la UNESCO. En Latinoamérica y el Caribe, el porcentaje es de 45%. En el Perú, la cifra aument en un 50% desde inicios del 2016, pasando de 12.541 a 25.191 mujeres relacionadas a la ciencia, tecnología e innovación tecnológica. As lo indica un reciente informe del Directorio Nacional de Investigadores e Innovadores (DINA), que tiene registrado un total de 71.946 profesionales, tanto hombres como mujeres.  Si bien el porcentaje de mujeres en estas materias va en aumento, la brecha aún es alta. La Asamblea General de las Naciones Unidas –de acuerdo a un estudio realizado en 14 países– precisa que la probabilidad a escala mundial de que las estudiantes terminen una licenciatura, una maestría y un doctorado en materias relacionadas con la ciencia es del 18%, 8% y 2%, respectivamente. La probabilidad para los estudiantes masculinos es del 37%, 18% y 6%.  —Historia de éxito—  A nivel de ciencia todos somos iguales, le dice Gamboa a El Comercio, citando a uno de sus mentores. Y aunque admite que en algunos ambientes los obstáculos son muy altos, asegura que actualmente hay más programas que promueven la ciencia sin importar el género. Fue una de estas iniciativas la que la llevó a realizar su doctorado en el extranjero, y la misma le dio fondos para regresar al Perú y fundar su propio equipo de investigación.  Su trabajo la llevó –junto a sus colegas de la Universidad Cayetano Heredia– a descubrir parásitos transmisores de la malaria capaces de pasar desapercibidos al diagnóstico tradicional. El hecho fue publicado en una revista internacional.  Gamboa señala que gracias a los financiamientos con los que cuenta puede dedicar gran parte de su tiempo a la investigación, pero afirma que no es fácil vivir de esto. Al país le falta entender qué es la investigación y apoyarla, no solamente con fondos, sino también con la legislación.","elcomercio","15/02/2017"
"Descubren que un ancestro del cocodrilo no era ovíparo","Se trata de un espécimen que habitó China hace 250 millones de años. Londres [EFE]. Un equipo internacional de científicos ha descubierto el fósil de un embrión dentro de un extinto animal que hasta ahora se pensaba que solo se reproduce por huevos (ovíparo). As lo informa una investigación recientemente publicada en la revista científica británica Nature Communications.  Se trata de un fósil de hace 250 millones de años encontrado en China, correspondiente a un animal del género Dinocephalosaurus. Esta especie pertenece al grupo de los Archosauromorpha –del que proceden también los cocodrilos y las aves–.  El líder de la investigación, el profesor Jun Liu, de la Universidad de Tecnología de China, reconoció que se sintieron muy emocionados cuando vieron el embrión por primera vez y destacó la importancia del descubrimiento.  Es el primer caso de un vivíparo en un grupo tan grande de animales que engloba aves, cocodrilos, dinosaurios y pterosaurios, explicó.  Los involucrados en el estudio concluyen que este hallazgo vuelve a escribir cómo se entiende hasta ahora la evolución de los sistemas reproductivos.","elcomercio","15/02/2017"
"Siempre tendremos Paris","Champions League: En soberbia actuación colectiva, el PSG aplastó por 4-0 al Barcelona en el Parque de los Príncipes. Ángel Di María y Edinson Cavani anotaron en sus cumpleaños.  Pedro Canelo  En la capital del amor, Ángel Di María festej su cumpleaños número 29 dibujando un perfecto corazón. Fideo siempre luce ligero, pero ayer se convirtió en un peso pesado. El extremo argentino del PSG fue uno de los ingredientes con los cuales el club francés atropelló a un accidentado Barcelona. Un 4-0 que deja prácticamente desahuciado al cuadro catalán en esta Champions League. Di María encontró en el Parque de los Príncipes el lugar perfecto para convertirse en un rey mago.  No solo Fideo apareció como ingrediente para el men perfecto del PSG. Otro cumpleañero, Edinson Cavani (festejó sus 30) confirm el gran momento de productividad que vive como delantero con ocho tantos en sus últimos seis encuentros disputados. El charro convirtió el último gol de la tarde (71’) con un zapatazo sin mirar al arco y le puso cereza al pastel que se comió minutos después en el camarín.  Di María puso el 1-0 con soberano tiro libre a los 18’ y culminó una sabrosa combinación de juego colectivo con potente remate desde fuera del área para el 3-0 (55’). Antes, otro futbolista inspirado, el alemán Draxler, había ratificado sus condiciones por las bandas y no solo hizo fiesta cada vez que Sergi Roberto lo marcaba, sino se las arregló para pisar el área para definir ante Ter Stegen (el ex compañero de Jefferson Farfán puso el 2-0 a los 40’).  Tengo el mismo respeto hacia el Barcelona y por los 90 minutos que aún faltan en el Camp Nou. Unai Emery, Técnico del PSG  No creo que sea difícil de explicar el partido. El rival ha sido superior a nosotros desde el inicio. Luis Enrique, Técnico del Barcelona","elcomercio","15/02/2017"
"El PSG golea 4-0 al Barcelona en París","NA","elcomercio","15/02/2017"
"Casos de abuso sexual: Ministerio exhorta a escala a reabrir el Caso Sodalicio","Ante las revelaciones del informe del Sodalicio, Ana María Romero-Lozada solicita que los delitos no queden impunes. Proceso. El fiscal superior Frank Almanza decidirá en menos de un mes si las pruebas presentadas ameritan retomar la investigación.","elcomercio","15/02/2017"
"Partido de gobierno exige la renuncia de titular de la Mujer","Posición. El CEN de Peruanos por el Kambio considera que Ana María Romero-Lozada debe eximir al Gabinete de esa carga política.","elcomercio","15/02/2017"
"La muestra La vida es un carnaval recoge imágenes de las fiestas populares","La muestra La vida es un carnaval recoge imágenes de los fotógrafos y del archivo histórico de El Comercio, y exhibe el fervor y la algarabía de nuestras fiestas populares.","elcomercio","15/02/2017"
"Encuesta de El Comercio-Ipsos: El 86% opina que el país está poco o nada preparado para enfrentar desastres naturales","Cuestionado. El 62% desaprueba la respuesta del Gobierno Central ante los daños causados por las recientes lluvias.","elcomercio","15/02/2017"
"Editorial: Le cayó el huaico","A fin de cuentas, no solo son las personas que sufren ante estos desastres, pues debido a la indolencia del Estado, el huaico también le termina cayendo a este. Esta propensión para pasar por alto la prevención e invertir los recursos en bienes más concretos puede ser especialmente tentadora en el sector público, sobre todo cuando incentivos políticos entran a tallar. Una nueva vía asfaltada o una extensión de las áreas verdes –seguras y ciertas– traen más votos que una quebrada mejor protegida ante un inusual e improbable desastre. En el sector público, la falta de prevención comienza con fallas y vacíos de información. Los servicios del Instituto Geológico, Minero y Metalúrgico (Ingemmet), del Senamhi, de la Autoridad Nacional del Agua (ANA), entre otros, deben ser fortalecidos y ampliamente difundidos entre el público y las autoridades con capacidad de ejecución. Es difícil prepararse para un eventual desastre si no se cuenta con información adecuada sobre su probabilidad de ocurrencia, ubicación y magnitud. Uno por veinte. Las condiciones climáticas empiezan a demostrar que esta sustancial reducción quiz haya sido un grave error. El MEF ha tenido ya que disponer la transferencia de recursos adicionales y también autorizar a ministerios y a gobiernos subnacionales a realizar modificaciones presupuestarias para financiar actividades de emergencia. Algunas estimaciones señalan que por cada sol invertido en obras de prevención por activación de quebradas, la sociedad ahorra S/20,82 en daños posteriores.","elcomercio","15/02/2017"
"Asesinan a Yerovi","Anoche, sobre las 11:00 p.m. en la puerta del diario La Prensa, en la calle Baquijano, el renombrado escritor y periodista Leonidas Yerovi recibió cuatro disparos de revolver, mortales de necesidad. Atendido inmediatamente por colegas y amigos fue llevado a una botica, a la Asistencia Pública y, finalmente, en una camilla a la Maison de Santé, donde pese a los esfuerzos de los médicos falleció. El autor del delito es Manuel José Sánchez, de nacionalidad chilena, detenido por la policía. Al parecer reclamaba a Yerovi por asuntos de carácter personal.","elcomercio","15/02/2017"
"Las 12 adendas de Toledo a la Interoceánica","Durante el gobierno del ex presidente se modificaron, bajo condiciones inusuales, cuatro contratos vinculados a la carretera. Las imputaciones de la fiscal giran en torno a los presuntos sobornos para la adjudicación del proyecto a Odebrecht. Sin embargo, la suscripción de las adendas vinculadas a los distintos tramos de la Interoceánica también despiertan suspicacias. Doce de las 24 adendas suscritas en contratos de concesiones de transporte durante el gobierno de Toledo están vinculadas con proyectos de Odebrecht, Camargo Correa, Andrade Gutierrez y Queiroz Galvão. Se trata de la IIRSA Norte y los tramos 2, 3 y 4 de la IIRSA Sur. Por cada tramo se firman tres adendas, todas ellas en los últimos siete meses del gobierno de Perú Posible. Incluso, cuatro se suscriben en la última semana, cuando ya estaba en curso el proceso de transferencia con la gestión aprista. Toledo tenía un claro apuro. Decían que no querían volver a fojas cero con negociaciones que habían tomado varios meses, revela a El Comercio un miembro de ese proceso de transferencia, quien prefirió mantener su nombre en reserva. Si bien las adendas a contratos de concesión no son perjudiciales per se, la forma en la que fueron aprobadas resulta inusual en la práctica comercial. Así, por ejemplo, las terceras adendas de cada uno de los tramos 2, 3 y 4 de la IIRSA Sur se firmaron menos de dos meses después de las segundas. Al negociar una adenda, se trata de incluir todas las controversias. No es común que semanas después se suscriba otra, asegura José Luis Guasch, ex jefe de la unidad de expertos globales en asociaciones públicas-privadas del Banco Mundial.","elcomercio","15/02/2017"
"El loco del martillo","Hoy en día, uno pensaría que...","elcomercio","15/02/2017"
"Contento por fin de cuarentena!","Estoy feliz porque...","elcomercio","15/02/2017"
"Urgente: Se busca perro perdido. Recompensa: 500 soles.","NA","elcomercio","15/02/2017"
"NA","El juez Huamani ordenó...","elcomercio","15/02/2017"
"París Saint Germain domina al Barcelona","ara encontrar en el Parque de los Príncipes el lugar perfecto para convertirse en un rey mago. No solo Fideo apareció como ingrediente para el men perfecto del PSG. Otro cumpleañero, Edinson Cavani (festejó sus 30) confirmó el gran momento de productividad que vive como delantero con ocho tantos en sus últimos seis encuentros disputados. El charro convirtió el último gol de la tarde (71’) con un zapatazo sin mirar al arco y le puso cereza al pastel que se comió minutos después en el camarín.  Di María puso el 1-0 con soberano tiro libre a los 18’ y culminó una sabrosa combinación de juego colectivo con potente remate desde fuera del área para el 3-0 (55’). Antes, otro futbolista inspirado, el alemán Draxler, había ratificado sus condiciones por las bandas y no solo hizo fiesta cada vez que Sergi Roberto lo marcaba, sino se las arregló para pisar el área para definir ante Ter Stegen (el ex compañero de Jeff(er)són Farfán puso el 2-0 a los 40’).  Tengo el mismo respeto hacia el Barcelona y por los 90 minutos que aún faltan en el Camp Nou. Unai Emery, Técnico del PSG  No creo que sea difícil de explicar el partido. El rival ha sido superior a nosotros desde el inicio. Luis Enrique, Técnico del Barcelona  --Príncipes azules--  Nunca como ayer el PSG tuvo tanto rendimiento y soberano tanto rendimiento y soberano para superar línea por línea a un Barcelona que exhibía poco funcionamiento como equipo y un cansancio o ausencia de físico para dar golpes de autoridad en el mediocampo.  Di María, Cavani, Draxler, Rabiot y Verrati jugaron un partido casi para diez puntos. El arranque intenso del cuadro de Unai Emery hacía dudar sobre si era posible mantener ese ritmo por todo el encuentro. Y el PSG lo logró. Mantuvo la presión sobre el trío de ataque catalán, no perdió el control del balón y tuvo siempre ideas en ataque. Siempre.  Hay responsabilidad en Luis Enrique, así se moleste como lo hizo con el periodista de campo ayer en la zona mixta del estadio parisino. El Barcelona ya mostraba síntomas de caída desde las últimas jornadas. Lo que se veía venir estaba siendo disimulado con algunos resultados conseguidos pidiendo la hora (como ante Atlético de Madrid) y con la aparición del talento individual de los mejores delanteros del mundo que tiene arriba.  Era duro ver a Andrés Iniesta tan lento, volver a mirar al desconcierto del Lionel Messi que pierde finales. Es un Barcelona enfermo con un médico de casa (Luis Enrique) que se ha quedado sin recetas.  Por un ratito a ese equipo de lujo no le digan PSG. Nombre completo, por favor: Paris Saint Germain. Nunca tanta pertenencia con París. Estético, elegante y sensual. Un 14 de febrero todos nos enamoramos de París.","elcomercio","15/02/2017"
"Benfica vence con Carrillo en la cancha","El extremo derecho peruano jugó 45’ y su equipo derrotó (1-0) al Borussia Dortmund por la ida de los octavos de final de la Champions League.  En el estadio Da Luz de Lisboa, el Benfica abrió el camino para dar un paso hacia los cuartos de final. En un partido intermitente, con largas pausas sin fútbol, el equipo de André Carrillo venció 1-0 al Borussia Dortmund y comenzó mandando en la eliminatoria de los octavos de la Champions League.  Siguen llegando buenas noticias para la selección peruana a un mes de enfrentar a Venezuela y Uruguay por las Eliminatorias. André Carrillo, que venía de jugar noventa minutos y marcar un gol al Arouca en la Liga de Portugal, obtuvo la confianza de su técnico –Rui Vitória– y salió entre los titulares contra el Dortmund. El esquema que planteó el Benfica tuvo a Carrillo pegado a la banda izquierda y al argentino Salvio por la derecha.  La iniciativa la tomaron en el arranque los locales. Salvio desbordó por su carril y tiró un centro. Enseguida, superó la marca de Sokratis y disparó desviado. La reacción del Dortmund será apabullante. Los alemanes pasaron a controlar totalmente el balón, por lo que Carrillo no pudo crear fútbol desde su banda. Apenas un taco de lujo ante el alemán Eric Durm.  --Golpe de Mitroglou--  Con los germanos dominando el balón y las ocasiones de ataque, el Benfica quedó perfilado para utilizar el contragolpe como recurso de juego. Sin embargo, el Dortmund pobló el mediocampo y tapó bien las bandas. La muestra está en que Carrillo apenas pudo asociarse con sus compañeros cuando le llegaba el balón. Para el segundo tiempo, el técnico Vitória sacó al peruano y en su lugar puso a Filipe Augusto para que tape las trepadas del defensor Durm por derecha.  La respuesta será inmediata para el Benfica. A los 48’, un córner cobrado por Pizzi encontró la cabeza de Luisão en el área del Dortmund. El rechazo del portero Burki lo encontró desmarcado al griego Mitroglou para marcar el 1-0 de la noche.  Con la ventaja, el partido repitió el mismo libreto del primer tiempo. El Dortmund adelantó sus líneas, mientras que el Benfica aguardó desde su campo para buscar el contragolpe. A los 58’, Pierre Aubameyang desperdició la mejor ocasión para la visita. Desde los doce pasos mandó un disparo débil a las manos del portero Ederson, ya convertido en figura por sus acrobáticas atajadas.  Las ‘águilas’ tomaron vuelo con la victoria, pero la llave no está cerrada.  Esto solo puede pasar en el fútbol: jugar tan bien y aún así perder. Por fortuna, queda la vuelta. Thomas Tuchel, Técnico del B. Dortmund","elcomercio","15/02/2017"
"El día de la violencia en el Monumental","Lo que vive Universitario de Deportes en el mes de la amistad es una pesadilla. Un clima tenso se respiró ayer en el estadio Monumental porque un grupo de barristas –ya sea momento de evaluar si esta denominación es acertada para gente que bordea lo delictivo– irrumpió en el entrenamiento matutino del plantel crema y comenzó a reclamar por la eliminación en la Copa Libertadores ante Deportivo Capiat, la derrota ante Alianza Lima y exigían la renuncia de Roberto Chale.  Fueron unos 30 individuos los que entraron a la fuerza al coloso de Ate. Los jugadores quedaron sorprendidos con la llegada de este grupo radical que se quejaba por la falta de compromiso. Juan Vargas y John Galliquio intentaron calmar las aguas, pero fue en vano porque estos delincuentes portaban objetos contundentes. Es más, hasta se habla de una posible agresión a estos jugadores.  A la salida del Monumental, Vargas quiso minimizar el hecho. No pasó nada. Han venido a decir su malestar y nada más. Estuvieron tranquilos y solo hablaron sobre ese tema, nada más, dijo el capitán de la ‘U’, pero los videos hablaban por sí solos.  Además, Juan Carlos Ortíz, gerente de comunicaciones del club crema, confirmó lo innegable. Un grupo de hinchas entró a la cancha con palos y una serie de cosas. Estamos recabando toda la información para entregársela a las autoridades, dijo Ortíz. Ojalá haya sanciones ejemplares, pues no es la primera vez que pasan este tipo de cosas en Ate.  Usi  Juan Manuel Vargas saliendo ayer del Monumental después del incidente con los barristas.  --La palabra de Vento--  El gerente general de Universitario, César Vento, también se pronunció y dijo que iban a investigar a fondo este hecho. Además, se dio tiempo para hablar sobre la continuidad de Roberto Chale. Noel Sanvicente no es candidato para dirigir y no le pusimos un ultimátum de tres partidos a Chale. Mientras no anunciemos nada, él sigue siendo el técnico de Universitario, comentó el gerente.  La ‘U’ no encuentra la paz ni en el mismo estadio Monumental.","elcomercio","15/02/2017"
"Juego en corto","La ‘U’ ha tenido resultados poco favorables, pero tiene gente de experiencia que va a trabajar para salir adelante. Pablo Bengoechea, Técnico de Alianza  Veo casi imposible que Farfán pueda ser convocado a la selección porque el torneo ruso arranca recién en marzo. Juan Carlos Oblitas, Director de la FPF  Ayer Lionard Pajoy no pudo entrenar por una dolencia en la rodilla derecha, por lo que es duda para el duelo del fin de semana ante Municipal.  Si el colombiano no llega, Bengoechea tiene un abanico de variantes, aunque precisó que equipo que gana no se cambia. Pacheco de ‘9’ o Aurelio González-Vigil son opciones. Es más, la ausencia del colombiano le abre la puerta al argentino Gonzalo Godoy para jugar en la defensa. Pajoy es el único ‘9’ neto en la oncena de Alianza. Lo esperarán hasta el último para duelo ante el Muni.  Pajoy lesionado preocupa en día de celebración íntima  Hoy Alianza celebra 116 años de historia, mientras, ya piensan en partido con Muni.  CHRISTIAN CRUZ VALDIVIA  En el mes del amor nació el sentimiento más grande. Una historia se tejió con hilos blanco y azul y un pueblo lo acogió para ser feliz viendo fútbol. Hoy Alianza celebra 116 años de historia, esa misma que lo obliga a buscar, por ﬁn, el título nacional.  No serán los mejores años de Alianza, pero estos días son de alegría pura en La Victoria. El debut con triunfo ante Universitario puede significar el primer paso hacia romper esa racha de 10 años sin campeonar, aunque es muy prematuro para decirlo.  Estamos bien anímicamente, contentos con la primera imagen que dejamos, aseguró Pablo Bengoechea, pero sabe que tendrá que refrendarlo este domingo ante Municipal.  --Herido de guerra--  Mientras en la tienda del clásico rival la situación parece cática, en Alianza las preocupaciones pasan por otro lado.","elcomercio","15/02/2017"
"Alfredo Tamayo declaró que en los próximos días habrá noticias sobre el futuro de la licitación del gasoducto.","El ministro Tamayo declaró que en los próximos días habrá noticias sobre el futuro de la licitación del gasoducto. Falta implementar decisiones a nivel de preinversión, acompañadas de temas legislativos, indicó según Andina.","elcomercio","15/02/2017"
"Milpo registró utilidad neta de US$141,9 millones en el 2016","La minera reportó una utilidad neta entre octubre y diciembre de US$34,5 millones, y una anual de US$141,9 millones. Esto implica un crecimiento interanual de 292%, informó Reuters.","elcomercio","15/02/2017"
"Yellen pide plan fiscal sostenible a Trump","Esperar demasiado a eliminar el estímulo monetario sería imprudente, lo que potencialmente exigiría que la FED elevase los tipos rápidamente, y a su vez podría incrementar el riesgo en los mercados financieros y empujar la economía hacia una recesión, afirmó Yellen. Por otro lado, Yellen respondió a las preguntas sobre los efectos de la agenda económica dibujada por el nuevo presidente. Los cambios en la política fiscal podrían afectar potencialmente las perspectivas económicas, señaló. Aunque precisó que aún es pronto para valorar los planes del nuevo Ejecutivo, Yellen deseó que estos cambios en política fiscal sean consecuentes con poner las cuentas públicas en una trayectoria sostenible.","elcomercio","15/02/2017"
"Se reanudará diálogo en la mayor mina de cobre del mundo","Los trabajadores de Minera Escondida, la mina de cobre más grande del mundo que ayer sumó su sexto día consecutivo de huelga, aceptaron acudir hoy a una reunión en la que la Dirección del Trabajo de Chile mediar para convencer al sindicato y a la empresa de retomar las negociaciones. La Dirección del Trabajo se comunicó con el principal sindicato de Escondida, cuyos 2.500 miembros suspendieron sus labores el jueves, y ofreció mediar en una nueva ronda de negociaciones con el propietario BHP Billiton, dijo un dirigente sindical en un mensaje de texto. Escondida pondera la oferta del organismo. La perspectiva de una huelga prolongada ha contribuido a elevar los precios del cobre al nivel más alto desde mayo del 2015 en un momento en que la oferta en Indonesia sufre trastornos y China da señales de un continuo fortalecimiento de la demanda. El metal subió ayer hasta 1,4% en Londres antes de eliminar las alzas. Una reanudación de las conversaciones puede restar algo de ímpetu a la racha alcista. Las partes no lograron llegar a un acuerdo en el proceso de negociación colectiva que concluyó en una primera ronda infructuosa de conversaciones con mediación. Con la suspensión de las operaciones, Escondida invocó la cláusula de fuerza mayor para sus envíos.","elcomercio","15/02/2017"
"Educar para cerrar la brecha entre universidad y colegio","La cadena de colegios Saco Oliveros ha logrado acortar esa brecha con una oferta educativa distinta a la tradicional: el sistema helicoidal.","elcomercio","15/02/2017"
