"headline","content","newspaper","date"
"NA","o apenas el ‘lujo’ de dormir ocho horas de corrido. Deba levantarse al alba para cumplir con los dos y, algunas veces, tres trabajos, en paralelo, que tuvo que realizar para pagar comida, alquiler, gastos escolares, ropa, medicinas y un largo etcétera. En suma, todas las exigencias que se deben atender en una casa con tantas bocas que alimentar y sin nadie más para apuntalarla.  Por ser mujer, sus posibilidades de conseguir un empleo digno con una paga justa resultaban escasas. Tampoco podía aspirar siquiera a las mismas oportunidades o remuneraciones que los hombres, a pesar de realizar, en incontables ocasiones, similares tareas que el resto de sus colegas y poseer semejantes capacidades intelectuales.  Claro, se le podría conceder a este caso apenas ribetes idílicos, considerarlo otra gran muestra de la eterna apelación al amor maternal a la que estamos acostumbrados a ver, y no estaríamos faltando a la verdad, puesto que relatos parecidos los escuchamos de forma cotidiana. Es cierto, en medio de ese duro panorama, nunca desistió: se propuso que sus hijos tuviesen aquello que ella no tuvo o no consiguió obtener, logrando que cuatro de ellos estudiaran en la universidad e, incluso, dos pudieron realizar posgrados en el extranjero.  Pero, ¿habría sido menos dura su vida si el país le garantizase todos los derechos que poseen los hombres o si hubiera nacido como tal? Definitivamente, sí. No se trata, entonces, de una anomalía singular y temo, también, que no lo será, en mucho tiempo, a la luz de las actuales circunstancias en las que viven aún numerosas mujeres en el Perú.  Ha pasado medio siglo desde que aquella mujer que fue mi madre comenzó a enfrentar ese período difícil, oscuro, que la marcó por el resto de sus días, así como mi propia infancia y juventud.  ‘Esta es una fecha para que nos cuestionemos por qué, cómo y de qué manera vamos a hacer para que este país sea un mejor lugar para ellas’.   Porque, en el Perú, para ser blanco de tales atropellos no se necesita tener hijos, casarse, divorciarse, estar soltera, ser lesbiana: basta con ser mujer.  El 8 de marzo que acaba de terminar suscitó tantos eventos y encendidos discursos que enaltecen la feminidad, pero no deberá ser interpretado nunca como una celebración, un festejo, un motivo para regalar flores o enviar tarjetitas con frases edulcoradas. Por el contrario, es una fecha para que nos cuestionemos por qué, cómo y de qué manera vamos a hacer para que este país sea un mejor lugar para ellas, sin discriminación, sin agresiones, con igualdad. Solo así llegará el día en el que podamos decir que somos una sociedad desarrollada, mejor, que incluye y respeta a todos y todas. Hasta ese momento, los casos de Irma y de millones de mujeres anónimas se seguirán repitiendo, constituyendo una vergüenza nacional.","elcomercio","09/03/2019"
"EL LIBRO GUERRAS DEL INTERIOR DEL PERIODISTA JOSEPH ZRATE","El niño bañado en petróleo Te crees ecologista porque solo comes verduritas. Pero para cultivar tus verduritas, han sido erradicadas las especies que habitaban esos campos. Así que financias el exterminio de animales aunque no te los comas. Te crees muy progre con tu comida orgánica: tu bulgur y tus galletas de espelta. Pero esa comida hipster aumenta el precio de los vegetales, contribuyendo a la desigualdad alimentaria, y por lo tanto, al hambre en el mundo.  Se ha vuelto muy difícil ser bueno. Y se ha vuelto especialmente difícil ser ecologista, porque las almas nobles que queremos salvar el planeta solemos vivir en las ciudades, y no tenemos la más mínima idea de los retos del medio ambiente. Entendemos vagamente que está mal echar mercurio a un río, pero no son nuestros hijos los que se envenenan con un pescado. Nos horrorizamos con el calentamiento global en abstracto, pero no sufrimos las enfermedades respiratorias producidas por el cambio de temperaturas.  El periodismo debería servir para contarnos esas cosas y hacernos conscientes de lo que ocurre realmente más allá de eslóganes y clichés. Lamentablemente, para un periodista, escribir un reportaje sobre conflictos ecológicos puede implicar días de viaje lejos de centros urbanos, lo cual cuesta dinero y no necesariamente atrae suficientes lectores. Incluso los libros se suelen dedicar a los poderosos, a los connotados individualmente: Fujimori, Alan García, Abimael. En cambio, las pequeñas vidas, generalmente rurales, de quienes sufren a esos personajes, o al sistema político y económico en general, suelen resultar invisibles para los autores. Y por lo tanto, para los demás ciudadanos.  El libro de Joseph Zrate, Guerras del interior, es un esfuerzo por llenar ese vacío: reportajes escritos con emoción no exenta de rigor sobre tres protagonistas: un asesinado por los traficantes de madera, una mujer en pie de guerra contra una transnacional minera y un niño afectado por un derrame de petróleo. Esos personajes no luchan por la ecología, ni contra el capital internacional, ni repiten ninguna consigna. Solo intentan sobrevivir.  En nuestro país, y en muchos otros, los conflictos entre poblaciones y empresas por la extracción de recursos naturales han padecido una perspectiva informativa muy polarizada. Desde un extremo y otro del espectro ideológico, columnistas y políticos nos obligan a tomar partido por el ‘progreso’ –es decir, por las grandes empresas– o por ‘el pueblo’ –es decir, contra ellas–. Siguiendo esa tradición, Guerras del interior corría el riesgo de ser un panfleto, un acto de propaganda exaltada muy bien intencionado pero con poca credibilidad.  Zrate sortea el reto con gran habilidad, sin tratar de vendernos ninguna tesis. Por supuesto, empatiza con sus personajes, porque quiere recuperar la dimensión humana que necesita este debate. Pero no se limita a reproducir sin más el discurso de las víctimas. También investiga las sospechas contra ellos. Incluye números, leyes y casos internacionales con franca precisión. Y como corresponde a un periodista, recoge la versión de las empresas. Si esa versión está concentrada en Lima, si sus portavoces no conocen los problemas de los que hablan, no es culpa del autor. Zrate desafia a las empresas con las armas del periodismo más serio. Y por eso, su denuncia resulta mucho más contundente que la de cualquier activista febril.  Hay libros bellos. Y libros muy buenos. Pero hay algunos –no tantos– que pueden considerarse importantes. Que nos aportan elementos cruciales para discutir temas fundamentales. Que nos ayudan a afrontar esas discusiones con altura y seriedad. Guerras del interior, sin duda, es uno de esos libros, y nos recuerda para qué sirve el periodismo.","elcomercio","09/03/2019"
"POR QU FRACASAN LAS REFORMAS? (2)","La semana pasada señalé que toda reforma política exitosa requiere, al menos, tres elementos: un relato político articulador, propuestas de regulaciones funcionales y legitimidad social. Con tales criterios analicé el proceso de reforma política iniciado por el gobierno de Martín Vizcarra, centrándome en lo que he denominado la ‘primera fase’. El primer paquete de reforma política de Vizcarra –resume– tuvo una poderosa narrativa política (descentralista y paritaria) liderada por el renunciante César Villanueva. Aunque también una derivación populista desafortunada al prohibir la reelección congresal. Ensayé un esfuerzo de legitimidad popular, esculpida bajo el referéndum de diciembre último. Pero este mecanismo de democracia directa –tan adecuado en sociedades informalizadas como la peruana y en contextos de crisis de la representación política– resultó más útil para legitimar al presidente reemplazante que para promover una reforma institucional sensata. Aunque técnicamente perjudiciales, dos de los cuatro temas consultados a la ciudadanía –mantener unicameralidad sin reformados distritos electorales y prohibir la reelección congresal– tradujeron el rechazo contra el Congreso en popularidad presidencial. El debate público en torno a estos cambios institucionales fue artificial y estuvo maniatado bajo las divisas del fujimorismo/antifujimorismo. Fue delegativo en su peor sentido: personalista y emotivo, más que racional y discernible. Por ello siempre quedará la duda de si la reforma urge por una razón de Estado o por razón de popularidad. Ambas motivaciones no son excluyentes, si bien los énfasis marcan el sentido y los objetivos de las modificaciones.  Tampoco, y de ninguna forma, las manos y obsesiones de los expertos otorgan legitimidad social. Tan preciado soporte se obtiene bajo dos modalidades. La falaz consiste en hacerlo a través de un mandatario que disponga su popularidad al servicio de la deliberación pública. Con una aprobación en cada y con un evidente desconocimiento sobre el tema, este escenario parece improbable para la ‘segunda fase’ reformista de Vizcarra. La apropiada consiste en un proceso participativo, descentralizado, pluriclase, incluyente, sin sesgo ideológico ni sociodemográfico. El reto es apabullante en una sociedad sin partidos representativos, con una sociedad civil elitizada y con una de las academias más pobres del continente.  Nuestra reforma política debería trascender el enclaustramiento establecido por las pugnas entre el Ejecutivo y el Legislativo. Debería sacudirse del rapto de politólogos y constitucionalistas, de comisiones de alto nivel y baja representatividad. Ello implica salir de los escritorios y pisar las calles, atestiguar la cotidianidad del ciudadano promedio. Nos hemos olvidado de preguntarle a la sociedad civil desorganizada –ya sabemos cómo piensa la sociedad civil de café– cómo diseñar nuestras instituciones políticas, económicas y tributarias. Mas ese peruano ‘de a pie’ inadvertido, desafecto, quien cree que ‘deben irse todos’ los políticos, ese peruano ha de ser la inspiración y la premisa de cualquier reforma funcional. Es posible y profundamente necesario enmendar tan grande omisión; estamos ante una oportunidad real. De otro modo, estaremos ante una reforma que engrosará la larga lista de oportunidades perdidas de nuestra historia.","elcomercio","09/03/2019"
"NA","En la mente del primer ministro. Según el testimonio de Wilson-Raybould, miembros del staff de la oficina de Trudeau dijeron que la compañía amenazaba con mudarse a Londres si no obtenía el acuerdo de culpabilidad. Una de estos miembros, según Wilson-Raybould, le dijo que si no obtienen el acuerdo, se irán de Montreal y ahora son las elecciones en Quebec, así que no podemos permitir que eso suceda.  Wilson-Raybould contó una conversación con Trudeau: En ese momento, el primer ministro intervino, enfatizando que hay elecciones en Quebec. Cuando le preguntó si él estaba...  Es cierto que los canadienses son personas generosas y confiadas que generalmente creen en el bien común, las instituciones y el Estado de derecho. En consecuencia, el país es propenso a imaginarse más cerca de su mitología de bondad de lo que realmente está. Pero hay un lado oscuro. Nuestra pequeña red de elite política, empresarial e intelectual es insular y concentrada.  El escándalo que ahora envuelve al primer ministro Justin Trudeau –un liberal bilingüe, feminista y a favor del multiculturalismo que encarna gran parte de lo que nos gusta celebrar en nuestro carácter nacional– debería ponerle fin a esto. En el fondo, el trance que amenaza el liderazgo de Trudeau tiene que ver con la interferencia política en el sistema judicial. The Globe and Mail informó por primera vez a principios de febrero que en el otoño pasado, el primer ministro y su oficina presionaron a Jody Wilson-Raybould, entonces Ministra de Justicia y Fiscal General (equivalente a fiscal de la Nación), para buscar un acuerdo de prosecución diferida, equivalente a un acuerdo de culpabilidad, para SNC-Lavalin, una empresa de ingeniería civil políticamente bien conectada con sede en Montreal. La referida empresa ha estado en el centro de los casos de corrupción durante décadas (en el 2013, el Banco Mundial suspendió a la compañía y a más de 100 de sus afiliados por 10 años, lo que por sí solo colocó a Canadá en el primer lugar de la lista de corrupción del banco). En este último, la compañía enfrenta cargos penales por sobornar a funcionarios libios, incluido el hijo de Muamar Gadafi, con millones de dólares para asegurar contratos en Libia.  El mencionado acuerdo permitiría a SNC-Lavalin evitar ser enjuiciado y, así, continuar licitando con el gobierno. Sin esto, la empresa podría enfrentar un peligro existencial.  La única persona en el Gabinete de Trudeau que parecía rechazar la situación era Wilson-Raybould. En enero, fue puesta a cargo del Ministerio de Asuntos de los Veteranos, prácticamente una degradación.  La semana pasada habló ante un comité de la Cámara de los Comunes sobre la presión a la que había estado sometida para cerrar un acuerdo con SNC-Lavalin. Durante horas, dio un extenso testimonio, citando notas y textos, detallando los niveles inapropiados de interferencia política en un proceso penal.  Su testimonio era imposible de conciliar con las negaciones planteadas por Trudeau. El primer ministro y sus defensores han sido vistos como débiles y deshonestos, más interesados en proteger una corporación con sede en Quebec.  Wilson-Raybould no es alguien que haya estado históricamente bien representada en los acogedores corredores del poder canadiense. ¿Por qué debería preocuparse por SNC-Lavalin? ¿Por qué apostaría su independencia y su reputación a la supervivencia de la compañía?  No es casualidad que haya sido reemplazada por David Lametti, un miembro del Parlamento de Montreal que aún no ha descartado salvar a SNC-Lavalin con un acuerdo de prosecución diferida.  El Estado de derecho es una gran virtud canadiense. Esto, al parecer, hasta que resulta una barrera para las perspectivas electorales liberales en Quebec.","elcomercio","09/03/2019"
"Controversias","Esperando a Godot en Brasil  La postergación del interrogatorio a Jorge Barata ha sido justificada por los fiscales a cargo del caso con el argumento, o pretexto, que están esperando que enven las declaraciones de otros testigos de Brasil. Una disculpa poco creíble dado que en base a las anteriores experiencias los fiscales ya deberían saber que los testimonios nunca llegan inmediatamente. La ex procuradora Katherine Ampuero y el congresista Víctor Andrés García Belaunde han esbozado otra hipótesis: Barata se ha negado a declarar hasta que el Poder Judicial valide el acuerdo con Odebrecht suscrito por los fiscales y el procurador del gobierno. Y los fiscales, según esa versión, han cedido otra vez a los requerimientos de la empresa.  Según Ampuero, se trataría de una estrategia de Odebrecht y sus ex funcionarios, que podría consistir en no dar las declaraciones de Barata hasta cuando ya se haya aprobado el acuerdo de colaboración eficaz. Espero que no sea así, porque sería lamentable que una empresa corrupta ponga condiciones a las autoridades peruanas para declarar. Sería inaudito (Odebrecht hace lo que quiere en el Per, Expreso, 7/3/19). También Hildebrandt en sus trece tiene una interpretación similar: Barata impone condiciones (8/3/19).  Es cierto que el Poder Judicial tiene que confirmar el acuerdo. Pero ah surge otro problema. La empresa ha admitido que pagó coimas en solo cuatro casos. Eso no es verosímil –por ejemplo, no se incluye ninguna de las obras otorgadas durante el gobierno de Ollanta Humala y Nadine Heredia–, pero es lo que los fiscales y el gobierno de Martín Vizcarra han aceptado.  El asunto es que cada uno de esos cuatro casos está a cargo de un juez diferente y, se supone, que cada juez tendría que dar su aprobación. Eso es lo que dijo el presidente de la Corte Suprema, José Luis Lecaros, a Mariella Balbi en una entrevista reciente cuando le preguntó quién los ratifica: Los jueces que ven los casos acordados con Odebrecht. Son cuatro investigaciones fiscales y cuatro jueces, cada uno ve su caso (Per21, 17/2/19).  No obstante, los fiscales y la coalición vizcarrista que los respalda pretenden que sea una sola jueza la que decida. En poco tiempo se sabrá si se imponen en este aspecto también.  Las dudas respecto a la buena fe de los declarantes en Brasil han crecido cuando se ha conocido que otra empresa que se encuentra en situación similar, OAS, pagaba un millón seiscientos mil dólares a cada uno de sus ex ejecutivos para que ajustaran sus declaraciones ante el sistema judicial a lo que la empresa quería. Es decir, para que dijeran solo lo indispensable y ocultaran lo que pudieran. Eso lo atestiguó uno de los ex gerentes de OAS, Adriano Quadros de Andrade, que no recibió ese beneficio de la empresa. El ex director de OAS Mateo Coutinho de S confirmó lo que dijo su compañero. Él está descontento porque solo le pagaron la mitad de lo prometido. Según una jueza en Brasil, el propio ejecutivo reconoció que el pago se dio porque el testigo benefició a OAS en su declaración, lo que demuestra que la misma continúa cometiendo crímenes y omite hechos a la justicia (A Postagem, Brasil, 2/3/19. También Gestión digital, 6/3/19).  Precisamente el domingo pasado, Panorama publicó un reportaje donde revela los métodos corruptos de operar de OAS en el Perú. Entre otras cosas, señala que en el gobierno anterior, para comprobar su relación con el poder y conseguir licitaciones, el directivo de OAS Valfrêdo de Assis Ribeiro enseñaba los chats que demostraban la familiaridad que tenía con Nadine Heredia. Él aparece en las agendas de ella con cifras que indican que pagaba miles de dólares a Heredia a través de una amiga antes de llegar al gobierno.  As actúa OAS. Odebrecht hará lo mismo, se pondrá de acuerdo con sus ex directivos para declarar lo menos posible? Algunos creen eso. Otros, como el periodista Gustavo Gorriti, piensan que es una compañía que se encuentra ahora en profundo proceso de reforma y que hoy colabora plenamente en la tarea de identificar la corrupción y los corruptos (IDL-R, 23/1/19).  Ojalá Barata declare y, sobre todo, diga la verdad, y no deje esperando a los espectadores como Godot, el personaje de Samuel Beckett, que nunca llega.  Otros dicen: El miércoles 6 la Cámara de Diputados italiana aprobó por una amplia mayoría la incorporación de la Doctrina del Castillo al código penal. Ahora los ciudadanos podrán defender su casa, su castillo, de cualquier intrusión. Su defensa será considerada siempre legítima, aunque el asaltante no muestre su arma. A fin de mes se votará en el Senado de Italia y se espera su aprobación. Es hora de que una legislación similar se apruebe en el Perú.","elcomercio","09/03/2019"
"El Día Internacional de la Mujer","Nada que celebrar  Hugo Coya  Periodista  Cuando se conmemora el Día Internacional de la Mujer, viene a mi memoria el recuerdo del momento en el que el mundo de aquella persona de 46 años – criada para casarse, complacer al esposo y atender a los hijos – cambió por completo porque su pareja salió un día de casa para nunca más volver ni interesarse por lo que dejaba atrás.  En una época en la que la sociedad condenaba y hasta segregaba a quienes tenían la condición de separada o divorciada, ella pudo renunciar a todo, desentenderse, haber caído en una depresión fulminante o, al menos, intentado escapar. No lo hizo. Por el contrario, decidi sortear de manera distinta la encrucijada en la que se encontraba y sacar adelante, por sí sola, a sus cinco hijos, ninguno de los cuales superaba los 8 años. A partir de allí, sus manos fueron encalleciéndose, conociendo escasas veces la diferencia entre un día cualquiera y un domingo, un feriado, vacaciones o apenas el lujo de dormir ocho horas de corrido. Debía levantarse al alba para cumplir con los dos y, algunas veces, tres trabajos, en paralelo, que tuvo que realizar para pagar comida, alquiler, gastos escolares, ropa, medicinas y un largo etcétera. En suma, todas las exigencias que se deben atender en una casa con tantas bocas que alimentar y sin nadie más para apuntalarla.  Por ser mujer, sus posibilidades de conseguir un empleo digno con una paga justa resultaban escasas. Tampoco podía aspirar siquiera a las mismas oportunidades o remuneraciones que los hombres, a pesar de realizar, en incontables ocasiones, similares tareas que el resto de sus colegas y poseer semejantes capacidades intelectuales.  Claro, se le podría conceder a este caso apenas ribetes idílicos, considerarlo otra gran muestra de la eterna apelación al amor maternal a la que estamos acostumbrados a ver, y no estaríamos faltando a la verdad, puesto que relatos parecidos los escuchamos de forma cotidiana. Es cierto, en medio de ese duro panorama, nunca desistió: se propuso que sus hijos tuviesen aquello que ella no tuvo o no consiguió obtener, logrando que cuatro de ellos estudiaran en la universidad e, incluso, dos pudieron realizar posgrados en el extranjero.","elcomercio","09/03/2019"
"Existe un déficit de 90% de árboles en la ciudad","Jorge Muoz, existe un déficit de 90% de árboles en la ciudad. Actualmente, hay un árbol por cada 31 limeños, cuando lo ideal sería un árbol por cada tres habitantes, indica. Esa cifra es la estimada por la Organización Mundial de la Salud (OMS) para respirar un mejor aire en las ciudades, explica. Además, estima un mínimo de entre 10 y 15 metros cuadrados de zona verde por habitante.  El urbanista Angus Laurie asegura que en 1994 se emitió una ordenanza que prohibiera los árboles en vías que no hubieran sido ensanchadas en el Centro Histórico de Lima. Según explica, esto dio paso al retiro de varias especies. En Santiago, una de las ciudades hermanas de Lima, existen árboles en el Centro Histórico sin problema de que tapen algunos edificios. Aqu tenemos una idea muy equivocada de qué cosa es el patrimonio y de cómo lo concebimos, dice.  Pero los árboles no sirven únicamente como protección durante el verano. Algunas especies ayudan a reducir la contaminación o el ruido en avenidas muy congestionadas.  Jorn UCAYALI  – Soluciones –  Si bien las diferentes especies de árboles pueden tener un rol en la ciudad, se deben tomar en cuenta criterios importantes antes de plantarlos, indica Cellar Carbajal, presidente de la Asociación Peruana de Arboricultura y Forestera. El experto sostiene que algunas gestiones municipales anteriores decidieron plantar árboles de crecimiento rápido, como las palmeras, para ofrecer una ilusión de más verde a la ciudad, pero sin tomar en cuenta el rol que pueden tener. Todos los árboles son importantes, pero depende de dónde estén, si tienen el espacio necesario, si podrán soportar el clima, y así otros factores. Solo en buenas condiciones serán capaces de cumplir su finalidad, afirma el especialista.  Para Bulnes, una solución que evite poner en riesgo la estructura seria colocar maceteros que puedan soportar árboles pequeños, pero que brinden sombra. Se convertiría en un lugar más agradable y otorgará sombra que proteja a los transeúntes en el verano. Esta idea se puede repetir en calles del Centro Histórico, afirma.  El ingeniero advierte además que antes de seleccionar una especie se debe tener en cuenta el agua que esta requiere durante su crecimiento. No olvidemos que estamos en un desierto y debemos cuidar el agua. Se deben implementar sistemas de riego tecnificados, dice.","elcomercio","09/03/2019"
"Investigan muerte de menor embarazada en hospital regional","La Superintendencia Nacional de Salud investiga una presunta atención inadecuada en el Hospital Regional de Ica, luego de que una gestante de 13 años falleciera tras una cesárea.","elcomercio","09/03/2019"
"Instalan miradores en montaña aledaña a Machu Picchu","El municipio distrital de Machu Picchu instalará dos miradores en la montaña Putucusi (2.560 metros de altura), a fin de que los turistas aprecien un ángulo distinto de la ciudadela inca.","elcomercio","09/03/2019"
"Minagri: En Tumbes se registra baja inversión en prevención","En algunos distritos afectados por lluvias se gastó menos del 50% de lo previsto. La preparación de Tumbes para afrontar las intensas lluvias registradas en las últimas semanas fue escasa, debido a que sus autoridades solo gastaron una parte del presupuesto destinado a reducir la vulnerabilidad (pliego 068).  Durante el 2018, las municipalidades, el gobierno regional y el Ejecutivo invirtieron en ese rubro S/79,2 millones, cifra que representa el 68% del total asignado (S/114 millones). Dicho avance se encuentra por debajo del nivel de gasto considerado aceptable por el Ministerio de Economía y Finanzas (MEF), que es de 85%. La mayor parte del gasto en prevención para Tumbes recayó en el Gobierno Central, que tuvo a su cargo S/85 millones, de los cuales invirtió solo el 69% (S/59 millones). El presupuesto del gobierno regional borde los S/13,7 millones, pero ejecutó el 72%.  El menor avance se observa en los gobiernos locales, que según la ley vigente son los actores primarios en la gestión de riesgos. Estos recibieron S/15 millones, pero invirtieron solo el 67%.  La eficiencia del gasto muestra diferencias por zonas. Las municipalidades de Tumbes y Contralmirante Villar recibieron los mayores montos: S/1,5 millones y S/5,2 millones, respectivamente. Sin embargo, el menor avance se presentó en localidades como San Jacinto o San Juan de la Virgen, que fueron afectadas por las lluvias esta semana y cuyo gasto en prevención no llegó ni siquiera al 50%.  – Piden ayuda –  El alcalde distrital de Casitas, Leoncio Clavijo, dijo a El Comercio que es urgente la construcción de un puente que evite el aislamiento de los caseros ante las lluvias que aún no cesan. Asimismo, demanda más recursos para su localidad. Estuvimos en estado de emergencia, pero venció el 21 de febrero. No tenemos presupuesto para prevenir desastres. No sé por qué no fuimos considerados y otros lugares sí. La preocupación ahora es descolmatar las quebradillas que pueden activarse, indicó.","elcomercio","09/03/2019"
"Inician plan por la papa nativa","El Ministerio del Ambiente puso en marcha un plan de recuperación y conservación de los cultivos andinos, como la papa nativa, el cual será implementado en Puno, Apurímac, Arequipa, Cuzco y Huancavelica. La iniciativa llegará a 13 distritos y también busca fortalecer la producción de quinua, maca, mashua, oca y tarwi, entre otros.","elcomercio","09/03/2019"
"Juez supremo deja al voto posición sobre currículo escolar","Tiene 30 días hábiles para resolver causa de discordia en torno al enfoque de género. El magistrado Omar Toledo Toribio, juez dirimente en el proceso de demanda que interpuso el colectivo Padres en Acción (PEA) contra el enfoque de género en el currículo escolar, dej al voto su posición sobre el caso. La audiencia se desarrolló ayer en la Sala de Derecho Constitucional y Social Permanente de la Corte Suprema, donde Toledo escuchó los argumentos de las partes en conflicto. El juez fue convocado para evaluar la causa en discordia, pues la Corte Suprema requiere de cuatro votos conformes (como mínimo) para dictar una resolución definitiva. Hasta el momento, tres jueces han votado a favor del Ministerio de Educación (Minedu) y el currículo; y dos votaron a favor del colectivo PEA (para que se anule la guía por no haber sido consensuada con los padres de familia). También hay otros dos votos singulares.  Si Toledo vota a favor del Minedu, se alcanzarán los cuatro votos conformes y el Estado Peruano ganará el caso. En caso contrario, se convocará a un nuevo juez dirimente. Según el procurador Luis Huerta, quien defiende los intereses del Estado, el juez tiene formalmente un plazo de 30 días para votar. Pero lo hemos invitado a que resuelva lo más pronto posible, pues ambas posiciones ya están ampliamente explicadas, declaró. A la fecha, una medida cautelar otorgada al colectivo Padres en Acción ha suspendido un texto incluido en el currículo acerca de la construcción social del género.","elcomercio","09/03/2019"
"Entrevista: Urbanismo y calidad de vida","Las supermanzanas se pueden proyectar a cualquier realidad  Conversamos con el creador de las supermanzanas, una iniciativa urbana para reducir la contaminación y el tráfico que ya funciona en Barcelona y pronto se implementará en Buenos Aires y Quito.  PERFIL  Trayectoria  Licenciado en Ciencias Biológicas y en Psicología. Ha dirigido tareas de planeamiento en la Generalitat de Cataluña y ocupó cargos de gestión en los ayuntamientos de Barcelona y Sant Adrià de Besòs. También redactó el Plan de Saneamiento de Cataluña y el Programa de Gestión de Residuos de Barcelona.  – La política también interviene. Viene en paralelo. Cuando hay escasez o procesos de movimiento, el conflicto está servido. Las subidas del agua con el cambio climático pueden representar 200 millones de personas moviéndose. Eso nos hace pensar, ¿hacia dónde vamos?  – A mí me hace pensar en Donald Trump. La justificación del muro de Trump no es la que se predica. Para mí, están previendo estas migraciones masivas y están ya poniendo un muro de contención. Lo mismo que en Austria, donde hace unos meses hicieron maniobras militares para ver cómo tenían que cerrar la frontera.  – Esas acciones acompañan el discurso anti-cambio climático. Ambos países se bajaron del carro del G-20. Lo que hace Trump solo acentúa y alarga períodos que deberían estar ya en agenda para tomar las decisiones adecuadas. La mayoría de las variables que han traspasado las líneas rojas son responsabilidad de las ciudades y su funcionamiento [...] Las ciudades son responsables de la emisión de los gases de efecto invernadero. Más del 70% de la energía se consume en las ciudades.  – Las energías renovables son la solución? Son una parte. Las ciudades son el gran problema, pero en ellas está la solución. Hay que reorganizarlas y repensarlas.","elcomercio","09/03/2019"
"Cambios en el Ejecutivo","El presidente Martín Vizcarra anunció que el Gabinete Ministerial alcanzaría la paridad de género, incrementando el número de mujeres en cargos claves. Actualmente, solo hay cinco ministras en las áreas de Ambiente, Salud, Mujer, Trabajo y Desarrollo e Inclusión Social. Son cinco ministras en el Gabinete y va a haber más porque tenemos que aumentar hasta llegar a la paridad, expresó Vizcarra junto a la titular de la Mujer, Ana María Mendieta.  Sobre la renuncia de Villanueva, se informó que no fue precipitada por un evento puntual, sino por una acumulación de incomodidades, incluida la restricción de hablar con los medios sin permiso previo del Palacio de Gobierno. Esta situación también afectará a otros ministros según se conoce.  Fuentes del Ejecutivo señalan a la secretaria general de la Presidencia, Mirian Maribel Morales Crdova, como una figura de conflicto con la administración de Villanueva. Morales, una abogada especializada en gestión ambiental y resolución de conflictos, trabajó anteriormente con Vizcarra en el Ministerio de Transportes y Comunicaciones.  Este Diario intentó obtener comentarios del área de prensa de Palacio de Gobierno, pero no recibió respuesta. Una versión sugiere que Villanueva anticipó su renuncia debido a rumores sobre su eventual destitución y búsqueda de un reemplazo.  Entre los candidatos para sustituir a Villanueva están el ex canciller Allan Wagner, quien declinó la oferta, y Pedro Cateriano, ex primer ministro bajo el gobierno de Ollanta Humala. También se menciona a la ex defensora del Pueblo y ex primera ministra Beatriz Merino, quien está de viaje, así como al ex ministro de Cultura Salvador del Solar.  Con la renuncia de Villanueva, siete ministros adicionales podrían abandonar el Gabinete, incluidos los de Agricultura, Mujer, Energía y Minas, Cultura y Vivienda, debido a insatisfacción presidencial con su rendimiento. Entre los posibles reemplazos para la cartera de Mujer se encuentra la periodista Lorena Álvarez, aunque ella niega haber recibido tal propuesta.  Vizcarra planea tener un Gabinete completamente renovado para la próxima sesión del Consejo de Ministros el miércoles 13. Villanueva, quien tenía menor aprobación pública comparado con Vizcarra, enfrentó críticas tanto de partidos de oposición como de la bancada oficialista Peruanos por el Kambio.","elcomercio","09/03/2019"
"Lo positivo y negativo de la gestión de Villanueva","Analistas discuten el impacto de la gestión de Csar Villanueva como Jefe del Gabinete Ministerial. Gustavo Kanashiro, periodista, destacó la habilidad de Villanueva para coordinar con líderes del Congreso y autoridades locales, siendo crucial para impulsar reformas menores. Sin embargo, criticó su falta de conocimiento profundo del Poder Ejecutivo, resultando en un avance gubernamental insuficiente.  Para Paolo Sosa, politólogo, Villanueva mantuvo la estabilidad inicial del gobierno gracias a su experiencia política y capacidad negociadora. Aunque enfrentó limitaciones, logró avanzar dentro de las circunstancias existentes. Sosa sugiere que encontrar un perfil similar al de Villanueva será difícil, dado su equilibrio entre firmeza y moderación.  Mabel Huertas, periodista, observó una desconexión entre Villanueva y algunas decisiones gubernamentales, además de una falta de liderazgo efectivo en el Gabinete. Criticó su incapacidad para actuar como pararrayos político para Vizcarra. Sugiere que el próximo primer ministro deberá poseer habilidades políticas sólidas para mejorar la relación con el Congreso y facilitar la implementación de políticas públicas.","elcomercio","09/03/2019"
"Rotación ministerial","Csar Villanueva no completó un año como Presidente del Consejo de Ministros, reflejando un patrón donde los jefes del Gabinete tienen una duración media inferior a un año. Este fenómeno se evidencia en el análisis de la rotación ministerial, mostrando cifras promedio de permanencia por cada cartera. La unidad de análisis político indica que la duración actual de Villanueva es consistente con estas estadísticas históricas.","elcomercio","09/03/2019"
"Supermanzanas: Reordenación urbana","De esta idea de reorganización y regeneración de ciudades nace el proyecto supermanzanas? Se trata de una propuesta que hice hace 31 años cuando dirigía los servicios de medio ambiente del Ayuntamiento de Barcelona. Hicimos un mapa de ruidos para la ciudad y nos dimos cuenta de que el ruido funciona como una ley del todo o nada: si pasan carros, siempre estás por encima de los niveles admisibles. Para conseguir que estén por debajo, las calles tienen que ser de vecinos, sin autos.  —Se escucha como una idea loca. Pero es así [risas]. Los últimos estudios epidemiológicos le están dando al impacto sobre la salud valores similares a los de la calidad del aire. Se muere gente prematuramente [por contaminación sonora] tanto como se mueren personas prematuramente por efectos de la contaminación atmosférica. En el caso del área metropolitana extendida de Barcelona, esto supone 3.500 muertes al año. Imagina los números en ciudades con mayor población y con dificultades para la modernización del parque automovilístico.  —Es difícil pensar que en países como el Perú puedan darse proyectos como el de las supermanzanas. Las supermanzanas intentan definir vías especializadas para conectar un punto con otro de la ciudad de la manera más rápida posible. Esas vías son la periferia de espacios internos que se liberan a la movilidad de paso. Todo esto en células de 400 o 500 metros de lado. Por qué ese diámetro? Porque el tiempo que tardas en dar la vuelta a una supermanzana en auto es el mismo que tardas en dar una vuelta a pie en una manzana [de 100 metros]. Las supermanzanas tienen esas dimensiones porque es la manera de urbanizar el auto. La idea es hacer ciudad, convertir el espacio público en una verdadera casa de todos.","elcomercio","09/03/2019"
"El Vietnam del siglo XXI","El 7 de octubre del 2001, a poco menos de un mes de los ataques del 11-S, Estados Unidos –amparándose en una interpretación antojadiza del artículo 51 de la Carta de Naciones Unidas, que se refiere al derecho de legítima defensa, y arguyendo que el movimiento talibán daba refugio y logística a Osama Bin Laden, cerebro de los atentados y cabecilla de Al Qaeda– inició la guerra de Afganistán, que fue bautizada como operación Libertad Duradera.  La que resultó duradera fue la guerra, que ha terminado siendo la más larga en la historia de Estados Unidos. Diecisiete años sin lograr su cometido: vencer a los talibanes e instaurar una democracia al estilo occidental en Kabul. Pese a las miles de víctimas y a la enorme movilización logística –14 mil soldados estadounidenses se encuentran todavía en Afganistán–, los talibanes ocupan el 70% del territorio. Con ellos, Washington ha iniciado conversaciones exclusivas y directas en Qatar, donde está la oficina de representación oficial de los talibanes. Y saben qué? El gobierno oficial de Kabul, ese que los estadounidenses instauraron a sangre y fuego, no forma parte de estas reuniones porque los talibanes no lo reconocen y lo quieren derrocar.  El presidente afgano Ashraf Ghani, quien asumió el poder en el 2014 (el mismo año en que la OTAN concluyó oficialmente sus operaciones de combate y le transfirió al gobierno la responsabilidad de la seguridad), admite que desde entonces han perdido la vida 45 mil miembros de sus fuerzas de seguridad y clama por participar en las negociaciones, que se iniciaron en julio del 2018 y que deben culminar a mediados de este año.  Quien encabeza la delegación estadounidense es el embajador Zalmay Khalilzad, que en febrero adelantó las grandes líneas de lo que sería el acuerdo: los soldados de EE.UU. retornan a su país siempre y cuando los talibanes garanticen que nunca jamás el territorio afgano sirva de base a grupos terroristas que cometan atentados contra Estados Unidos. Ello da carta abierta al movimiento fundamentalista islámista para ocupar Kabul, justo en el momento en que Ghani cumple su mandato.  Pero los talibanes no eran los terroristas? Las cosas han cambiado. Entre los puntos del futuro acuerdo se señala que se otorgará amnistía a los prisioneros talibanes, a cambio de comprometerse a cortar sus vínculos con movimientos terroristas. También se crearía un alto consejo de ulemas –representantes religiosos, como los ayatolas de Irán– que garantizara la unidad del país reuniendo a los principales actores políticos.  Afganistán volver a manos de los talibanes, como ya lo estuvo entre 1990 y el 2001.  Es decir, antes del 2020, los boys retornarán a su país vencidos. Y Afganistán –el territorio que ocuparon so pretexto de los atentados contra las Torres Gemelas– volver a manos de los talibanes, como ya lo estuvo entre 1990 y el 2001. La operación Libertad Duradera habría sido el Vietnam del siglo XXI, una enorme derrota bélica y política para Washington. As las cosas, ríos de sangre de por medio, todo vuelve ahora a fojas cero, pero con los talibanes aún más empoderados que cuando se instalaron en Kabul, tras ganarle la guerra a la ex Unión Soviética.","elcomercio","09/03/2019"
"El apagón más largo de Venezuela","Más de 20 horas sin energía eléctrica sumieron a los venezolanos en un caos todavía mayor en medio de la crisis que soportan. Las clases se suspendieron y los hospitales y el transporte colapsaron.  La mayor parte del territorio venezolano permaneció entre el jueves y ayer 22 horas ininterrumpidas sin electricidad en el apagón más prolongado que haya sufrido el país sudamericano en su historia. El reciente corte de fluido supera a los que hubo en el 2013, cuando una falla que afectó a Caracas y diez estados duró seis horas, y en el 2018, cuando se registró otro en ocho estados por diez horas.  Este apagón afectó a 17 de los 23 estados del país. En algunas zonas del este, oeste y centro de Caracas, que permanecían sin luz desde la tarde del jueves, el servicio comenzó a restablecerse ayer por la tarde, pero al cabo de dos horas se registró un nuevo corte.  El régimen de Nicolás Maduro ordenó el cierre de las escuelas y dependencias del gobierno y pidió a los comerciantes que no abrieran sus negocios para facilitar el trabajo de las cuadrillas que trataban de restaurar el servicio.  La situación general fue catastrófica: hospitales colapsados, vuelos cancelados desde el aeropuerto internacional Simón Bolívar y otras terminales áreas, muchos hogares sin agua y servicio de metro cerrado y de buses restringido. Debido a que las fronteras están cerradas, Venezuela quedó aislada por completo.  Es un fracaso, perdemos la mercancía, la comida, se quejó José Cordero, de 50 años, en Urama (Carabobo).  Hasta el teléfono lo tengo apagado, el calor insufrible, estamos sin agua, este país está vuelto un desastre, se quejó Armando Rojas, de 57 años, en Barquisimeto (Lara).  En hospitales y maternidades, con sistemas precarios de emergencia eléctrica, el personal sanitario se vio obligado a dar respiración manual con bomba a pacientes que se hallaban en cuidados intensivos, incluidos bebés.  Cómo es posible que en un país petrolero como este no tengamos un sistema de emergencia para este tipo de cosas? Esto es patético, se lamentó Zeida Rodríguez, técnica cardiovascular de 40 años, en Caracas. Ahora no sé cómo me voy a regresar a mi casa porque no hay metro, agregó.","elcomercio","09/03/2019"
"La posverdad de la política","Da a da, gobernantes, autoridades y líderes de opinión son sometidos al escrutinio de El Comercio, a fin de conocer si lo que afirman es verdadero, falso o impreciso. En esta edición publicamos algunas de las declaraciones más relevantes de esta semana.  SEBASTIÁN ORTÍZ MARTÍNEZ @SHEBAS07  YONHY LESCANO CONGRESISTA DE ACCIÓN POPULAR   Domingo 3 de marzo en el programa Cuarto poder, de América TV  JULIO GUZMÁN PRESIDENTE DEL PARTIDO MORADO  Lunes 4 de marzo en el programa Hablemos claro, de Radio Exitosa  MOISÉS MAMANI CONGRESISTA SUSPENDIDO DE FUERZA POPULAR  Lunes 4 de marzo en el programa ATV noticias, edición matinal  Quizás son bromas pecadoras, pero no representan de ninguna forma un acoso [...]. Acoso es cuando la víctima se siente molesta, quizá mis mensajes fueron subidos de tono, pero no hay acoso, no hay hostigamiento tampoco. Si te está contestando, ¿qué hostigamiento hay? Es una conversación entre dos adultos.  [Inscribir al Partido Morado] ha sido un via crucis, una batalla entre David y Goliat, porque estamos en contra de un sistema y en contra de las barreras electorales más altas en América Latina [...]. Las firmas que se han necesitado han sido 733.716, que ha sido la mayor cantidad de firmas en toda la historia electoral de nuestro país.  A mí me han bajado [del avión] por borracho, no por acoso. Yo no he enviado [un mensaje], como el congresista [Yonhy Lescano], por WhatsApp acosando a una dama, yo soy muy respetuoso.","elcomercio","09/03/2019"
"Afirma falsa","[La ideología de género] es una ideología que quiere pretender hacer creer que hay un tercer sexo cuando solo hay dos sexos [...]. No existe eso [las personas intersexuales]. En la Biblia dice que es hombre y mujer. No existe el tercer sexo, tienes tú que demostrármelo.  El abogado penalista Carlos Caro explicó que el hecho de que la periodista denunciante haya respondido los mensajes de Lescano no significa que exista un consentimiento por parte de ella. «[Esto] no es determinante, porque en los delitos sexuales la criminología demuestra que la víctima convive con la situación de violencia», refirió.  Fuentes del Jurado Nacional de Elecciones (JNE) indicaron a este Diario que desde que el Parlamento incrementó la barrera electoral (presentar las firmas del 4% del número total de participantes de los últimos comicios generales) solo dos partidos han logrado inscribirse: Podemos Perú, del ex congresista José Luna Gálvez, y el Partido Morado, de Guzmán.  La misma fuente señaló que ambas agrupaciones tuvieron que presentar como mínimo 733.716 firmas (un cálculo hecho en base a las elecciones del 2011). A Podemos Perú se le acreditaron 733.719, y al Partido Morado, 733.727. Es decir, ocho firmas más. Los otros 22 partidos que están inscritos presentaron menos firmas.  El congresista Moisés Mamani no fue desembarcado de un vuelo de Juliaca a Lima por encontrarse en estado de ebriedad, como él aduce, sino por tocar indebidamente a una tripulante de la aerolínea Latam. As lo dej claro la empresa en un comunicado que emitió el 15 de noviembre, un día después de ocurridos los hechos.  La misma tripulante, en la denuncia que interpuso ante la comisión del aeropuerto internacional Jorge Chávez, indicó que Mamani le toc los glúteos desde la cintura hacia abajo en forma grotesca. Por este hecho, el pleno aprobó una sanción de 120 días de suspensión para el parlamentario por Puno. También le han levantado la inmunidad de proceso.  La Corte Interamericana de Derechos Humanos (Corte IDH), por medio de la Opinión Consultiva 24/17, afirma que una persona intersexual es la que nace con una anatomía sexual, órganos reproductivos o patrones cromosómicos que no se ajustan a la definición típica del hombre o de la mujer. Una persona intersexual puede identificarse como hombre o como mujer o como ninguna de las dos cosas, refiere el documento.  La Organización Mundial de la Salud (OMS) estima que en el mundo hay 1% de personas intersexuales.","elcomercio","09/03/2019"
"Julio Rosas congresista de La República","El premier y la ministra de la Mujer han venido a dar cuenta no de los avances en pro de la mujer, sino de los avances de la implementación de la ideología de género en decremento de la mujer y de la familia, porque es este gobierno el que ha derogado la Ley de Fortalecimiento de la Familia aniquilando a uno de sus integrantes, a la mujer.  Durante su presentación en el llamado Pleno Mujer, el jefe del Gabinete Ministerial, César Villanueva, y la ministra de la Mujer, Ana María Mendieta, expusieron sobre los avances y el nivel de cumplimiento de la Ley de Igualdad de Oportunidades entre Mujeres y Hombres. Por ejemplo, Villanueva indicó que el 100% de los ministerios cuenta con mecanismos que contribuyen a la disminución de brechas.","elcomercio","09/03/2019"
"Levantan inmunidad de Mamani","La decisión del Parlamento fue notificada a la Corte Suprema de Justicia.  14/11/2018 Una tripulante de la aerolínea Latam denuncia a Mamani por tocamientos indebidos. El congresista fue desembarcado del avión que lo iba a llevar de Juliaca a Lima, en noviembre pasado, porque una tripulante lo acus de tocamientos indebidos.  16/11/2018 La Octava Fiscalía Provincial Penal Corporativa del Callao inicia una investigación preliminar a Mamani.  20/11/2018 La Comisión de Ética aprueba investigar a Mamani. Luego, recomendó suspenderlo 120 días de sus funciones sin goce de haber.  8/12/2018 El pleno aprueba suspender 120 días a Mamani por recomendación de la Comisión de Ética.  22/1/2019 El Poder Judicial envía al Congreso una solicitud para el levantamiento de la inmunidad de Mamani.  2/2/2019 La Comisión de Levantamiento de Inmunidad Parlamentaria decide por unanimidad declarar procedente la solicitud del Poder Judicial.  El pleno aprobó ayer levantar la inmunidad del suspendido congresista Moisés Mamani (Fuerza Popular) ante un pedido del Poder Judicial.  La fiscalía investiga al legislador por el presunto delito contra la libertad sexual, por la denuncia de tocamientos indebidos a una trabajadora de la aerolínea Latam en noviembre del año pasado.  La decisión fue tomada con 79 votos a favor, ninguno en contra y seis abstenciones. Estas últimas fueron de Héctor Becerril, Joaquín Dinamarca, Modesto Figueroa, Angélica Neyra, Martires Lizana (todos de Fuerza Popular) y Rogelio Tucto (Frente Amplio).  Mamani trató de retrasar la decisión del pleno con un oficio que envió al presidente del Congreso, Daniel Salaverry. En este, solicitó que se reprogramara el debate y la votación para cuando acabara la suspensión de 120 días que se le impuso en diciembre.  [Estoy] impedido de acudir al pleno [...] por lo que en aplicación del debido proceso y la tutela procesal efectiva, y a efecto de que no se vulva mi derecho a la defensa, debe reprogramarse esta sesión hasta la culminación de mi sanción, argumentó en el texto.  Salaverry optó por convocar a Junta de Portavoces para decidir si aceptaba o rechazaba la petición. Esta optó por rechazarla, medida a la que solo se abstuvo la bancada de Fuerza Popular, según reconoci luego su vocero, Carlos Tubino.  En diálogo con este Diario, la vocera alterna de Peruanos por el Kambio (PPK), Ana María Choquehuanca, recordó que Mamani se presentó ante la Comisión de Levantamiento de Inmunidad Parlamentaria.","elcomercio","09/03/2019"
"Sobre la declaración de Flores Nano ante su despacho, Pérez afirmó...","Sobre la declaración de Flores Nano ante su despacho, Pérez afirmó que si bien ella tiene el legítimo uso de su derecho a no declarar, informó sobre el hecho a la coordinación del equipo Lava Jato.  La persona [Lourdes Flores] que usted hace referencia, en algunos casos, no ha declarado la respuesta solicitada y en otros aspectos se ha entendido que no deseaba responder las interrogantes, dijo.  A fines de febrero, el ex gerente de Relaciones Institucionales de Odebrecht Raymundo Trindade Serra declaró a la fiscal peruana que la constructora aportó a las campañas del 2006 (presidencial) y del 2010 (municipal) de Flores. Para este último proceso, la firma habría entregado US$200 mil a través del ex árbitro de la Cámara de Comercio de Lima Horacio Cánepa.  Según Flores Nano, los US$200 mil que la constructora señala que aportó a su campaña para la Alcaldía de Lima no ingresaron ni fueron administrados por el PPC. La ex candidata también ha señalado que Cánepa fue quien pidió y gastó el mencionado dinero sin rendir cuentas.","elcomercio","09/03/2019"
"Rechazan interpelar al ministro Mora","El pleno rechazó ayer la propuesta para interpelar al ministro del Interior, Carlos Mora, por la denuncia del ex presidente Alan García sobre una presunta interceptación de sus comunicaciones. La iniciativa, defendida por el congresista Jorge del Castillo (Apra), solo recibió 29 votos a favor. La mayoría de congresistas de Fuerza Popular y del Apra presentes en el pleno apoyaron el planteamiento. Estos afirmaron que las respuestas que Mora dio sobre la denuncia no fueron convincentes.  Un peritaje solicitado por la fiscal determinó que los equipos encontrados cerca de la casa del ex presidente en diciembre pasado, cuando Uruguay le negó el asilo, no servían para chuponeo.","elcomercio","09/03/2019"
"Testigo compromete a Monteverde con Odebrecht","El fiscal José Domingo Pérez, del equipo especial Lava Jato, sostuvo que el empresario Gonzalo Monteverde y cuatro personas vinculadas a sus compañías eran parte de una presunta organización criminal que lavaba activos para Odebrecht. Durante la audiencia por el pedido de 36 meses de prisión preventiva para Monteverde, Pérez –para sustentar su afirmación– citó la declaración de Pedro Morote Cornejo, ex trabajador de Monteverde que afirmó que las empresas de su ex jefe incrementaron sus ingresos monetarios al vincularse con el Consorcio Constructor Irrsa Norte, de Odebrecht.  No por llevar a cabo obras; sino por actuar como agentes de lavado de dinero, pues reitero, el contrato con Irrsa Norte fue absolutamente falso, afirmó Morote ante Pérez. En la audiencia, el fiscal también citó documentación que Odebrecht entregó el 1 de marzo, por el acuerdo de colaboración con la constructora, en la que su ex ejecutivo Luiz Eduardo Rocha señala que los pagos de la División de Operaciones Estructuradas se hicieron a través de operadores financieros, uno de ellos Gonzalo Monteverde. Pérez agregó que entre las empresas vinculadas a Odebrecht estaban Rea S.A.C., Isagon y Construmak. Estas, precisó, recibían el dinero de Odebrecht para pagar coimas y por los aportes que la constructora realizaba a las campañas políticas.  Jos Luis Franchi, abogado de Monteverde, negó la tesis del fiscal. Indicó que esta sería refutada.  Hasta el cierre de esta edición, la audiencia no culminaba.","elcomercio","09/03/2019"
"Restauración incompleta en el teatro Segura","Desde el palco municipal, Castaeda encabezó una ceremonia para alabar la restauración del Segura. El sábado 9 de marzo del 2019, el vestíbulo del teatro se vio –aparentemente– terminado el día de la presentación, pero Emilima dice que lo recibió con acabados incompletos y basura. El piso sobre el cual se realizó la presentación fue retirado para colocar tuberías y conexiones eléctricas. Detrás del telón, la caja escénica tiene 65% de avance.  Castaeda presentó una obra a medias. El recinto fue presentado el año pasado por el entonces alcalde de Lima como restaurado, pero las obras están a la mitad. Faltan al menos seis meses para que reabra. Gladys Pereyra Colchado reportó que una semana antes de culminar su tercer mandato en la Municipalidad de Lima, Luis Castaeda Lossio presentó como restaurado el teatro Manuel Ascensio Segura. En la ceremonia, el congresista Francesco Petrozzi cantó el himno nacional, se esparcieron las cenizas del actor Enrique Victoria y un grupo de niños realizó un espectáculo de baile.  Estábamos empeñados en este esfuerzo de hacer algo grande por el arte y por la cultura y es lo que hemos logrado, dijo Castaeda al lado de un toldo azul que disimulaba los cimientos de un escenario que, junto con todo el teatro, todavía está listo en seis meses.  El 22 de diciembre del año pasado, día de la presentación, la obra no tenía ni baños. La arquitecta Pilar Vargas, responsable de la construcción de la caja escénica por parte del consorcio contratado, sostiene que días antes la comuna le solicitó colocar uno. Sin embargo, aún no había instalaciones de agua y desague. Presentamos un inodoro y lavadero con un tanque séptico. Es todo lo que pudimos hacer porque la otra opción para los invitados era un baño portátil, dice.  ... hoy renace restaurado [el teatro Segura] a su estado original, dice la placa que se colocó durante la ceremonia del 22 de diciembre.  -- Tres obras en una -- El proyecto de recuperación del teatro tuvo un presupuesto de S/61,4 millones y se dividió en tres partes. La primera empezó en enero del 2018 con la restauración de estructuras y ornamentos en la fachada, boleteras y vestíbulo a cargo de la Empresa Municipal Inmobiliaria de Lima (Emilima). En agosto se iniciaron las otras dos: la caja escénica y la zona de circulación, ambas en manos del Consorcio Integral Gada 2H II. Todo debía ser entregado en febrero de este año. Pero, el último jueves, el alcalde Jorge Muñoz informó que los trabajos están a la mitad.  Según Patricia Dias, presidenta de Emilima nombrada por la nueva gestión municipal, cada obra se trabajó de forma independiente y no se compatibilizaron los planos. Se arrancó por la zona del decorado antes que por la obra gruesa. Se habría corrido con la restauración, que precisamente es el trabajo más delicado y toma más tiempo, para la inauguración. Las instalaciones eléctricas, de agua y desagüe no estaban listas cuando se colocó el piso. Todo se tuvo que retirar, dijo a El Comercio.  -- Irregularidades -- La etapa de restauración –la que Castaeda presentó– tiene un avance del 60%. La anterior gestión pagó S/8 millones (de un total de S/11 millones presupuestados). No obstante, se entregaron acabados mal ejecutados: escaleras separadas de la pared, zócalos sin piso y gradas mal trabajadas. El arquitecto proyectista Augusto de Cossio, quien participó en el diseño inicial, señala que además desapareció un piso de madera original de 1909 y la ornamentación no es igual a la proyectada. Algunas molduras tienen pan de oro, pero otras purpurina, que es más barato.  La construcción de la caja escénica está parada. El escenario se estaba construyendo inclinado y se halló una viga original, cuya manipulación debe ser aprobada por el Ministerio de Cultura. Emilima prepara una rectificación al expediente técnico. Esta parte de la obra tiene un avance del 65%.  Este Diario intentó comunicarse con la anterior gestión, pero no fue posible. Al respecto, el congresista Petrozzi consideró positivo que la obra sea iniciada en una administración y terminada en otra porque el teatro es para la gente y no para la gloria de ningún político de turno.","elcomercio","09/03/2019"
"Michael Jackson sigue generando controversia","El sbado 16 se estrena “Leaving Neverland”, el documental sobre dos presuntas vctimas de abuso sexual.","elcomercio","09/03/2019"
"Las nuevas apuestas de Gareca","Callens y Da Silva destacan en convocatoria para amistosos ante Paraguay y El Salvador.","elcomercio","09/03/2019"
"Cambios en el Ejecutivo","Csar Villanueva renuncia antes de cumplir un ao en el cargo. Plazo. El presidente Vizcarra espera que el Gabinete est recompuesto para la sesin ordinaria del Consejo de Ministros del prximo mircoles. Objetivo. En su discurso por el Da de la Mujer, el mandatario dijo que aumentar el nmero de ministras hasta llegar a la paridad. Actualmente hay cinco.","elcomercio","09/03/2019"
"El regreso de ‘El Sol’ a Lima","Tras seis aos de ausencia, Luis Miguel se presenta maana en concierto en el Jockey Club ante 20 mil incondicionales.","elcomercio","09/03/2019"
"A pedido del poder judicial","Levantan inmunidad al congresista Mamani. Decisin. Fiscala no tendr impedimentos para continuar con investigaciones por el presunto delito contra la libertad sexual.","elcomercio","09/03/2019"
"Una recuperación ficticia","NA","elcomercio","09/03/2019"
"La crisis se acienta","Venezuela soport apagón por ms de 20 horas. En penumbras. El corte del fluido elctrico afect a 17 de los 23 estados del pas llanero.","elcomercio","09/03/2019"
"Editorial","“Lo deseable es que los ministros gocen de una larga vida en sus puestos, pues esa es la mejor garantía de que las políticas que encarnan también la tengan. Hablamos, por supuesto, de los ministros que lo merezcan.” Editorial de El Comercio Larga vida a los ministros (que lo merezcan) / 24 de junio del 2018","elcomercio","09/03/2019"
"Silla nueva","ayer, el presidente del Consejo de Ministros (PCM), Csar Villanueva, present su carta de renuncia al cargo que venía ocupando desde el pasado 2 de abril, cuando juró como líder del equipo ministerial de un gobierno que no llevaba ni 15 días en el poder, el de Martín Vizcarra. Sumariamente, podríamos decir que su gestión no estuvo ni marcada por escándalos o errores clamorosos, pero tampoco por impulsar grandes transformaciones. En realidad, fue bastante anodina. Como se recordará, su sola designación hicieron notar varias voces en ese momento, el propio Villanueva había señalado reiteradas veces que no aceptaría un hipotético puesto de primer ministro para que no se creyese que su liderazgo en la salida de Kuczynski tenía que ver con intereses soterrados. Al final, sin embargo, el ex gobernador regional de San Martín terminó por asumir el puesto que había asegurado no asumiría. Y junto a esto, además, la responsabilidad de darle equilibrio a un Ejecutivo que, en poco tiempo, tenía que atajar la crisis política, restablecer los lazos con el Congreso y emprender las reformas para sacar al país de la parálisis. Csar Villanueva concluye una etapa a la cabeza del Consejo de Ministros signada por la mediana. Desde el inicio, no obstante, el gobierno de Vizcarra y Villanueva parecía haber dejado en claro cuál sería su estilo durante los próximos años: el de un Estado que, ante el mínimo roce con la ciudadanía, prefería hacer concesiones, así ello implicara desdecirse de sus propias decisiones. As ocurrió, por ejemplo, con la corrección al alza de la tarifa del agua en Moquegua –que había sido decretada por la Sunass–, la desautorización al entonces ministro de Economía, David Tuesta, sobre modificaciones al Impuesto a la Renta (IR) o los retrocesos en la aplicación del Impuesto Selectivo al Consumo (ISC) una vez que estos empezaron a levantar ruido entre la ciudadanía. Y los ejemplos no se agotan ah. El 28 de julio, sin embargo, el mensaje a la nación del presidente Vizcarra quebró por completo el paso acompasado que este parecía practicar con su primer ministro. As, mientras a partir de esa fecha la figura del jefe del Estado se fue robusteciendo y obteniendo mayor respaldo en las encuestas, la de Villanueva pareció quedarse no sólo congelada, sino también reducida a la de quien ejerce un rol meramente protocolar. Quizá ello explique por qué en la encuesta de Ipsos-El Comercio de diciembre, la aprobación de Vizcarra (66%) más que duplicaba la de Villanueva (30%). También es cierto que su paso por la PCM estuvo lleno de situaciones que uno podría considerar anecdóticas, pero que traslucen algunas deficiencias de coordinación, como los mensajes contradictorios sobre la urgencia de la reforma laboral, que Villanueva parecía querer tratar de manera clara, pero al que su ministro de Trabajo, Christian Sánchez, trataba de restarle importancia. O los impasses que tuvo con la bancada de Peruanos por el Kambio, de la que llegó a decir: Nosotros somos un gobierno que ni bancada tenemos. En fin, ahora que se ha anunciado un recambio de sillas en el Gabinete, no solo con Villanueva, sino también con otros ministros, quizás sea un buen momento para reflexionar sobre algunos puntos. Entre ellos, la posibilidad de que el gobierno que ha enarbolado la bandera de la igualdad de género (defendiendo, por ejemplo, su inclusión en el currículo escolar) pueda convocar a más ministras, la necesidad de restaurar los vasos comunicantes con el Legislativo, que hoy parecen lesionados, o la oportunidad de constituir un grupo que tome el liderazgo de las reformas que el país requiere. Ya que, si bien hasta ahora esta última tarea ha recado en el mandatario, es poco creíble que pueda llegar lejos sin un buen equipo detrás.","elcomercio","09/03/2019"
"Csar Villanueva renuncia a la jefatura del Gabinete","PCMinstitros sin cabeza ● El primer ministro present su carta de renuncia a mitad de semana, pero recién se conoci ayer ● Vizcarra le agradece por su labor en un comunicado ● Antes había dicho que buscar un Consejo de Ministros paritario. roCo la rosa Vsquez Un escueto comunicado de la Presidencia de la República confirm ayer a las 3:42 p.m. que el primer ministro Csar Villanueva había presentado su carta de renuncia al presidente Martín Vizcarra. Sin embargo, el hecho ya se había filtrado a la prensa alrededor del mediodía. En el segundo y último párrafo del comunicado, el mandatario le agradece a Villanueva profundamente el trabajo realizado con compromiso y entrega durante su gestión, la cual había dado impulso a las políticas de Estado del actual gobierno. Este Diario conoció que Villanueva le envió su carta de renuncia a mitad de semana. Es decir, cuando se present en el pleno del Congreso del último jueves, para hacer su balance sobre la Ley de Igualdad de Oportunidades entre Mujeres y Hombres, ya le había comunicado a Vizcarra sobre la decisión. Pero la renuncia recién fue aceptada ayer tras la conversación que ambos sostuvieron después del mediodía en Palacio de Gobierno. Csar Villanueva recién responderá a la prensa hoy a las 10:30 a.m. en una conferencia. Más temprano, el presidente había anticipado en su discurso por el Día de la Mujer que el Ejecutivo aumentará el número de mujeres en el Gabinete hasta llegar a una paridad, teniendo en cuenta que solo hay cinco: en las carteras de Ambiente, Salud, Mujer, Trabajo y Desarrollo e Inclusión Social. Son cinco ministras en el Gabinete y va a haber más porque tenemos que aumentar hasta llegar a la paridad, expres Vizcarra junto a la titular de la Mujer, Ana María Mendieta. Sobre las razones de la renuncia de Villanueva, trascendió que esta no se había precipitado por un hecho puntual, pero que sí había incomodidad de su parte porque ya no tenía mucho margen de acción, al punto que tampoco podía brindar declaraciones a los medios de comunicación si antes no tenía la venia de Palacio de Gobierno. Lo mismo ocurriría con el resto de ministros, según se conoci. Fuentes del Ejecutivo señalaron a la secretaria general de la Presidencia de la República, Mirian Maribel Morales Crdova, como la funcionaria con la que la gestión de Villanueva tuvo varias diferencias. Morales es una abogada con experiencia en gestión medioambiental y resolución de conflictos, que trabajó con Vizcarra en el Ministerio de Transportes y Comunicaciones. Este Diario se comunicó con el área de prensa de Palacio de Gobierno para tener una respuesta sobre esa versión, pero no hubo respuesta al pedido.","elcomercio","09/03/2019"
"Pelota de papel 3","Ra vez en la Bombonera, preliminar del clsico contra San Lorenzo. Pelota de papel 3 recoge, entre otros, la tarea de la correntina Lucila Sandoval, ex arquera, fundadora del movimiento que busca visibilizar la historia del fútbol femenino y reivindicar la gesta de 1971 de Las Pioneras, un equipo formado como se pudo, porque entonces no había campeonato y las chicas apenas jugaban exhibiciones.  Elba Selva, autora de los cuatro goles del 4-1 ante Inglaterra, fue recordada semanas atrás por la nación. El 21 de agosto, día del partido, quiere ser denominado como el día del fútbol femenino. No era así antes. El fútbol –titul Diego Lucero su nota de 1971 en ‘Clarn’– no es para chuchis.  Tiene dueño el juego? Tiene género?, pregunta Nadia Petrizzi. Las escritoras de Pelota de papel 3 también nos dicen que siempre que haya un pueblo habrá fútbol. Afirman, como Mónica Santino, que el fútbol femenino y feminista es como el caracol que va despacio, pero tiene memoria. Y que hoy somos un ejército. Son futbolistas que combaten prejuicios y, como escribe Miss Bolivia, transforman mochilas en alas. Porque piden pelotas y no muecas a Papá Noel.  Temen porque las mujeres siguen avanzando. Con pelota al piso. Y cabeza levantada.  Historia de las mujeres, publicado en el 2007 en España– cuando más de la mitad del género humano carece de historia. ¿Qué diferente sería la historia si se incluyese todo lo bueno y todo lo horrible que las mujeres han hecho en el mundo!]  Vivimos también tiempos de odios. A mayor visibilidad, mayor furia. Tiempos de cuerpos de niñas apropiados. Para violar y parir. Cuerpos colonizados. Tiempos de feminicidios récord. Y de mujeres obligadas a vivir con botones de pánico. El pánico verdadero parece de otros. Acaso temen porque las mujeres siguen avanzando. Con pelota al piso. Y cabeza levantada.","elcomercio","09/03/2019"
"Elas suma su quinto título profesional de squash","Con este logro en Toronto mejorar su noveno puesto en el ranking mundial.  Desde el ReidBuilt Homes Edmonton Open, en noviembre del 2016, Diego Elas sufrió un largo periodo de ostracismo. Los títulos del circuito de la Professional Squash Association (PSA) le eran esquivos pese a sus buenas campañas. Por ello, el puño cerrado y la enorme sonrisa dibujada en su rostro simbolizaban el fin de tanto padecimiento. En Toronto, otra vez, la corona le calzaba perfecta al peruano.  El squashista nacional conquist así su quinto título profesional en el Troilus Canada Cup 2019, tras vencer 3-2 al neozelandés Paul Coll.  Hasta el momento, Elas está firmando un 2019 impecable. Primero, volvi al top 10 del ranking mundial. Un mes después, empez marzo en el puesto 9, la ubicación más alta de su carrera. Esto significó una motivación muy alta para que pudiera celebrar a lo grande.  Nuestro compatriota emprendió un viaje a Toronto con muchas expectativas. Allí superó cuanto rival se le puso enfrente y alcanzó la final con solo un set perdido. En esta instancia, Elas ha disputado 209 juegos en su carrera profesional. Tiene un récord de 135 victorias y 74 derrotas.","elcomercio","09/03/2019"
"Un escándalo en el país norteamericano","Hay algo particularmente pintoresco en Canad –nuestra sencillez, nuestra cortesía, nuestra insularidad– que hace que muchas personas, incluidos muchos canadienses, asuman lo mejor de nuestro país y de nosotros mismos. Como si estas cualidades nos hicieran inherentemente más puros que otros países más poblados.  Es cierto que los canadienses son personas generosas y confiadas que generalmente creen en el bien común, las instituciones y el Estado de derecho. En consecuencia, el país es propenso a imaginarse más cerca de su mitología de bondad de lo que realmente está. Pero hay un lado oscuro. Nuestra pequeña red de elite política, empresarial e intelectual es insular y concentrada.  La decisión sobre el caso de SNC-Lavalin se tomó en el período previo a las elecciones provinciales del 1 de octubre en Quebec, y eso aparentemente estaba en la mente del primer ministro. Según el testimonio de Wilson-Raybould, miembros del staff de la oficina de Trudeau dijeron que la compañía amenazaba con mudarse a Londres si no obtenía el acuerdo de culpabilidad. Una de estos miembros, según Wilson-Raybould, le dijo que si no obtienen el acuerdo, se irán de Montreal y ahora son las elecciones en Quebec, así que no podemos permitir que eso suceda.  Wilson-Raybould contó una conversación con Trudeau: En ese momento, el primer ministro intervino, enfatizando que hay elecciones en Quebec. Cuando le preguntó si él estaba","elcomercio","09/03/2019"
"Los Fibra como alternativa de inversión en la BVL","Los Fibra son vehículos de inversión que adquieren inmuebles o desarrollan proyectos de edificación y que otorgan la posibilidad de participar de las rentas generadas por los arriendos de esas propiedades. El inversionista se vuelve propietario de un porcentaje del fondo a través de la adquisición de un certificado de participación, que, además de las rentas entregadas en forma de dividendos, puede apreciarse en el tiempo producto de la revalorización de los activos que conforman el portafolio. Estos rendimientos pueden llegar a 6,5% - 7,5% anual (en dólares), dependiendo de la gestión del administrador del Fibra. Adicionalmente, permiten tener una exposición diversificada por tipo de inmueble, moneda y ubicación geográfica.  Una particularidad en el Perú es que la norma permite que el fondo invierta en bienes inmuebles ubicados en otros países. Así, el Fibra puede capturar los beneficios no solo de una mayor diversificación geográfica, sino de tener la capacidad de sobreponderar aquellos mercados inmobiliarios con mayor atractivo en retornos de rentas y precios de activos.   El inversionista puede tener, por ejemplo, exposición a oficinas en México y el Perú, plantas industriales en Colombia, centros comerciales en Brasil y viviendas en Chile. Todo al mismo tiempo con un solo título.","elcomercio","09/03/2019"
"Nuestra Venezuela se llama Cajamarca","Lamentablemente una historia común en América Latina es la siguiente: un caudillo populista aprovecha el descontento social y es elegido tras prometer un cambio radical de modelo económico. Luego de unos años, dicho modelo tambalea porque espantó a la inversión privada y deterioró la capacidad productiva de la economía. Hay menos riqueza que distribuir y el cuento acaba con una recesión económica que afecta el bienestar de la población, con menores salarios y la necesidad de migrar en búsqueda de oportunidades.  Lo que el lector seguramente asocia con Venezuela es lo que ha pasado en Cajamarca entre el 2012 y el 2017. En dicho período, el PBI por habitante en Cajamarca cayó 5%, los salarios reales en 13% y tanto el empleo formal como la clase media se achicaron. Todas estas variables mejoraron a nivel nacional, pero en Cajamarca se retrocedió y esta región ahora tiene el mayor porcentaje de pobres y pobres extremos del país. Como consecuencia, muchos jóvenes migraron para buscar oportunidades en otras regiones: hoy Cajamarca tiene menos habitantes que hace 10 años.  Definitivamente ambas crisis no se pueden comparar en intensidad, pero tienen raíces comunes. Ambas surgen por la aplicación de un modelo que ha demostrado reiteradamente su fracaso en América Latina: aquel que rechaza la inversión privada y desenfoca el rol del Estado hacia un desmedido intervencionismo en el quehacer económico, que termina afectando a la principal fuente de ingresos de sus economías, el petróleo en el caso de Venezuela y la producción minera en el caso de Cajamarca.  Pero hay una clara diferencia entre la crisis venezolana y la cajamarquina. En Cajamarca no hay una elevada inflación ni crisis fiscal. Lo paradójico es que probablemente la principal razón para que la crisis en Cajamarca no haya alcanzado dimensiones mayores es justamente que esta se ha beneficiado del modelo económico que tanto criticaron los caudillos causantes de la crisis. La política monetaria, la política fiscal y el marco institucional de promoción a la inversión privada en la economía cajamarquina no son definidos por dicha región sino por el Gobierno Central y de manera responsable gracias a la Constitución de 1993. Gracias a eso, Cajamarca no ha podido sobreendeudarse o emitir dinero para impulsar artificialmente su crecimiento, como sí lo hizo Venezuela.  Sin embargo, los controles del marco institucional y el manejo macroeconómico responsable no son suficientes para impedir que una mala gestión regional genere daños significativos al bienestar de su población. El caso de Cajamarca lo deja claro. No debemos olvidar que las crisis económicas, nacionales o regionales, son consecuencia directa e inequívoca de malas políticas económicas.  Por eso preocupa escuchar nuevamente a algunos gobernadores regionales hablar de cambios de modelo, de oposición a la inversión privada y de desconocer el rol rector del Gobierno Central. La misma historia, que ya sabemos cómo termina. Para que no se repita, el Gobierno Central y las empresas podrían evaluar qué pueden hacer mejor para evitar el descontento social original.","elcomercio","09/03/2019"
"Scotiabank presenta el Premio Igualitario","Junto con Aequales y El Comercio, iniciativa busca acortar brecha salarial. Día a día, la realidad nos muestra que la lucha por la equidad de género en el Perú es de largo aliento y una búsqueda que requiere grandes esfuerzos. Las cifras lo demuestran: según un estudio de INEI, en nuestro país esta brecha alcanza el 29,3%.  En este contexto, el banco Scotiabank presentó el Premio Igualitario, una iniciativa en alianza con Aequales y El Comercio que reconocerá los esfuerzos que las empresas realicen para eliminar las brechas salariales entre hombres y mujeres, con el objetivo de inspirar a toda la comunidad empresarial en ese mismo camino.  El reconocimiento contará con la categoría Premio a la Excelencia Igualitaria, que distinguirá a las empresas con iniciativas concretas, innovadoras y de alto impacto para trabajar en disminuir las brechas salariales. Se dividirá en dos subcategorías: grandes empresas y pequeñas y medianas empresas, en función del tamaño de las firmas por facturación. PricewaterhouseCoopers (PwC), firma de servicios profesionales, será la encargada de auditar la información recibida en las postulaciones.","elcomercio","09/03/2019"
"Cceda, Cartagena y Cueva también regresan a la Bicolor","Selección Gareca convocó a 23 jugadores para los amistosos ante Paraguay y El Salvador. G Callens, Marcos López, Alexis Arias, ‘Canchita’ Gonzales y Beto da Silva regresan con la obligación de ganarse un lugar en la Copa América. Una lista con postulantes. Selección Gareca convocó a 23 jugadores para los amistosos ante Paraguay y El Salvador. G Callens, Marcos López, Alexis Arias, ‘Canchita’ Gonzales y Beto da Silva regresan con la obligación de ganarse un lugar en la Copa América.  Sobre Luiz da Silva ‘Es un jugador que siempre está en nuestra cabeza. Está teniendo una continuidad importante en México y por eso decidimos llamarlo’. Sobre Alexander Callens ‘A Alexander queremos darle más posibilidades. Siempre es titular en su equipo y es un jugador importante’. Sobre Cristian Benavente ‘El escenario en el cual lo vi en Bélgica al que est ahora, deportivamente, no creo que sea un avance para él. Pero eso no le cierra las puertas’. Sobre Raúl Ruidiaz ‘Raúl pidió no ser convocado por motivos personales, y lógicamente la selección está para apoyar a los muchachos’. Una lista con postulantes. Selección Gareca convocó a 23 jugadores para los amistosos ante Paraguay y El Salvador. G Callens, Marcos López, Alexis Arias, ‘Canchita’ Gonzales y Beto da Silva regresan con la obligación de ganarse un lugar en la Copa América.  Será el debut de Perú en la Copa América ante Venezuela en Porto Alegre. Tres días después, jugará ante Bolivia.","elcomercio","09/03/2019"
"Cae sujeto que mató a su ex pareja y a su bebé","Asesino será procesado por los delitos de feminicidio y parricidio, cuya pena máxima es de 35 años. Se le detuvo en Ayacucho, a donde había huido.  Ana Briceo  Luego de asesinar a su ex pareja y al bebé de ambos durante la noche del martes, Aurelio Suller (47) huyó a Ayacucho. Sin embargo, ayer en la tarde, agentes de la División de Investigación de Homicidios lo detuvieron y en las próximas horas sería trasladado a Lima. Según las indagaciones de la policía, Hermelinda Alanya (34), la víctima, fue a la habitación que Suller alquilaba, en el distrito de Independencia, con el bebé de 1 año y medio en brazos, para exigirle que cumpliera con la manutención del menor. Discutieron y al final él acabó con la vida de ambos. Ella fue al cuarto a reclamarle que le diera dinero para los alimentos del bebé porque no le pasaba nada. Ya lo había denunciado antes porque intent ahogarla en varias ocasiones. Al final decidi separarse y eso le molest, contó Vicente Alanya, hermano de la víctima. Otras mujeres también lo habían denunciado por maltrato físico, de acuerdo con la PNP. Nadie se explica cómo estaba libre.  Luego de cometer el homicidio, Suller huyó a Ayacucho, donde vive su madre. Desde all, llamó a un amigo para decirle que los cuerpos de su ex pareja y de su hijo estaban en la habitación que alquilaba. Él fue quien dio aviso a la policía. Ambas víctimas estaban envueltas en colchas y con signos de haber sido golpeadas.  El general Juan Sotil, jefe de la Dirección de Investigación Criminal (Dirincri), confirm ayer que el sujeto había sido capturado y habría confesado ser el autor de los crímenes.  Con este caso, son más de 336 mujeres fueron víctimas del delito de feminicidio en Lima durante el 2018.  100 es la línea gratuita del Ministerio de la Mujer para denunciar casos de violencia familiar.  20 los asesinatos de mujeres ocurridos en lo que va del año, según el Ministerio de la Mujer y Poblaciones Vulnerables. Al respecto, el abogado penalista Iván Meini indicó que Suller ser procesado por dos delitos: feminicidio y parricidio. De estos dos delitos, el parricidio tiene una pena de hasta 35 años de cárcel. Lo que ha habido en este caso ha sido un concurso de delitos y pesará el más grave a la hora de ser condenado por el Poder Judicial, explicó Meini.  Según el Código Penal, el delito de feminicidio tiene una pena que va de 20 a 30 años, aunque la condena puede ser de cadena perpetua cuando concurren dos o más agravantes, como matar a una menor de edad embarazada o si la víctima tiene una discapacidad.","elcomercio","09/03/2019"
"Otra captura","Agentes de la División de Homicidios de la Dirincri también capturaron a José Ramírez, quién el 16 de diciembre del año pasado asesinó a su pareja, Milena Tapuyima, y colocó su cuerpo dentro de un cilindro, en el asentamiento humano San Antonio de Padua, en San Juan de Lurigancho.  Según las investigaciones policiales, las discusiones entre ambos empezaron cuando ella descubrió que él mantenía una relación paralela con otra mujer, con quien tenía un hijo. Ramírez y Tapuyima fueron pareja durante cinco años.  La policía precisó, en conferencia de prensa, que el sujeto mató a la mujer a golpes, y luego colocó el cuerpo en un costal. Les hizo creer a sus dos amigos que dentro del costal había un carnero sacrificado con el propósito de que lo ayuden a cargarlo para luego enterrarlo, precisó el jefe de la Dirincri. Sin embargo, a los dos meses, el feminicida desenterró el cuerpo y decidi quemarlo y colocarlo en un cilindro. La familia de la víctima lo sindicaba como el responsable de la desaparición y muerte de la mujer, cuyo cuerpo fue encontrado el 26 de febrero. Ese día, los peritos de Homicidios capturaron al sujeto a bordo de su vehículo en la urbanización Canto Rey, en San Juan de Lurigancho, cuando pretendía huir a otra ciudad. En su poder se le encontró el teléfono de Milena Tapuyima.","elcomercio","09/03/2019"
"Además","Sancionan acoso. La Municipalidad Distrital de Lurín publicó una ordenanza que prohíbe el acoso en los espacios públicos de la jurisdicción. El personal de seguridad brindará atención a las mujeres, niñas o adolescentes afectadas.  Separan a funcionarios. El Instituto Nacional Penitenciario anunció la separación de cinco funcionarios del Centro Nacional de Estudios Criminológicos y Penitenciarios por irregularidades en el proceso de admisión de jóvenes que no cumplan los requisitos de ingreso.  Aprueban reglamento. El Ministerio de Transportes y Comunicaciones publicó el reglamento de la Ley 30900, que crea la Autoridad de Transporte Urbano para Lima y Callao (ATU).  George Forsyth: Operación en Gamarra no va a parar  Lino Chipana  Alcalde de La Victoria asegura que renuncia de gerente no afectará el reordenamiento.  El alcalde de La Victoria, George Forsyth, afirmó ayer que la operación anunciada por la comuna para retirar a los vendedores informales de manera definitiva de las calles de Gamarra se realizará dentro de algunas semanas.  Forsyth aseguró que la reciente renuncia del ex gerente de seguridad ciudadana de La Victoria Edison Salas no afectará la implementación del plan de reordenamiento en el emporio comercial.  Al presentar su renuncia esta semana, Salas dijo que tomó la decisión de retirarse del cargo bajo la percepción de que el sacrificio de todo el equipo de la Gerencia de Seguridad Ciudadana no es respaldado por el alcalde.  Al respecto, Forsyth respondió: Él sabía que no íbamos a contar con él y lo único que puedo decir es que la mafia, el crimen y las organizaciones quieren parar el operativo que habrá en Gamarra. Van a utilizar todos los medios, todo el dinero que tengan para parar el operativo. Pero el operativo no va a parar.  Sobre la presencia de personas ligadas a la gestión del ex alcalde Elías Cuba en la comuna, Forsyth dijo que no están en los cargos de confianza ni en las gerencias ni subgerencias. Comprenderán que hay personal nombrado de gestiones anteriores que no puedes retirar, pero la flisa trabaja en el tema, agregó.  --Falta la policía--  El alcalde de La Victoria precisó que el municipio ya preparó el soporte legal para la operación en Gamarra y que solo está a la espera de la respuesta de la policía para concretarla. Indicó que podría realizarse en las próximas semanas. No es trabajo de la municipalidad enfrentar al crimen organizado, concluyó.","elcomercio","09/03/2019"
"Miles marcharon por la igualdad","Miles de mujeres marcharon ayer en las calles del Cercado de Lima para conmemorar el Día Internacional de la Mujer y hacer un llamado en contra de la violencia de género y por la igualdad. La manifestación –que se denominó #Marcha8M– fue convocada a las 4 p.m. en el Campo de Marte (José María), donde diversos colectivos partieron hacia la plaza San Martín, que fue el punto final de la concentración. Algunos grupos llegaron desde los parques Kennedy (Miraflores) y Ramón Castilla (Lince).","elcomercio","09/03/2019"
"Cómo podrían lucir algunas vías del Cercado","Para el ruido: En la avenida Abancay, Bulnes colocará álamos no muy separados en la berma central. Estos formarán un cerco que romperá la onda expansiva del ruido.  Álamo Populus nigra  Altura: 13-15 m Copa: 2-3 m De crecimiento rápido. Tronco recto. Raíces verticales. Ideal para bermas centrales sin cableado aéreo. Al ser plantados en distancias cortas, contribuyen a la disminución de ruido.  Para la contaminación: En las veredas, se colocarán árboles con hojas arrugadas o con pelos, que producen un aceite que hace que las partículas se peguen en las hojas y sean eliminadas cuando caen.  Molle peruano Schinus molle  Altura: hasta 8 m Copa: 6 a 9 m Se pueden podar de tal manera que no afecte el tránsito.  Para alamedas: En el jirón Ucayali o el by-pass de 28 de Julio, Bulnes colocará maceteros cúbicos de 80 centímetros por lado que dejan la posibilidad de que las raíces se anclen. Pueden contener árboles de 3 hasta 4 metros de altura.  Tronco sería recto y las copas estarían sobre los 2 o 3 metros de altura para no bloquear el tráfico peatonal y dar sombra a los transeúntes.  Huarañahua Tecoma stans  Altura: hasta 8 m Copa: 2 a 4 m Siempre verde. Puede estar en espacios limitados como en bermas centrales.  Calistemo Callistemon viminalis  Altura: hasta 6 m Copa: 3 a 4 m Siempre verde, con hojas todo el año. Flores rojas. Recomendado para pasajes, calles y maceteros grandes.  El verde que Lima necesita  Av. Abancay  Los árboles ayudan a reducir la temperatura o contaminación. Expertos señalan la importancia de seleccionar especies adecuadas con sistemas de riego tecnificado.  Juan Guillermo Lara  Caminar solo tres cuadras por el jirón Ucayali, en el Centro Histórico de Lima, bajo el sol del mediodía es una tarea sofocante. Las altas temperaturas que se registran en la ciudad obligan a los peatones a transitar pegados a los edificios buscando un poco de sombra. Otros, más agotados, se ocultan bajo las sombrillas de los vendedores ambulantes o entran a las tiendas para refrescarse con el aire acondicionado.  La arquitecta Roco Yancce asegura que la sensación de calor puede aumentar en zonas con muchas edificaciones debido a que el pavimento o el concreto de los edificios reten el calor y lo reflejan.  El calor no es el único peligro para los peatones. Tania Ita, de la Dirección General de Meteorología del Senamhi, explica que al rebotar los rayos de sol, también lo hace la radiación, se trata del efecto albedo. Hay superficies que, dependiendo de la textura y del color, pueden reflejar una cantidad similar a la radiación solar directa, indica.  El concreto, por ejemplo, puede reflejar hasta un 25% de la radiación solar; mientras que el ladrillo entre 20% y 50%.  -Falta la policía-  Fernando Bulnes, docente de la Facultad de Ciencias Forestales de la Universidad Nacional Agraria La Molina (UNALM), asegura que una solución simple y efectiva para reducir el calor es plantar árboles.  A diferencia de una vereda o si permaneces debajo de los paraderos –con techo de plástico– que se calientan bajo el sol, el grass debajo de la sombra de un árbol nunca estará caliente. Esto se da gracias a su efecto termorregulador, explica el ingeniero.  La copa de un árbol, además de Bulnes, no solo genera corrientes de aire que disipan el calor, sino que utiliza la energía proveniente del sol en sus propios procesos naturales.  Sin embargo, en algunas avenidas del Centro de Lima, como Abancay, Lampa o Tacna, los pocos árboles que quedan sirven como basureros o hasta urinarios.  Según el alcalde de Lima, Jorge Muñoz, existe un déficit de 90% de árboles en la ciudad. Actualmente, hay un árbol por cada 31 limeños, cuando lo ideal sería un árbol por cada tres habitantes, indica. Esa cifra es la estimada por la Organización Mundial de la Salud (OMS) para respirar un mejor aire en las ciudades, explica. Además, estima un mínimo de entre 10 y 15 metros cuadrados de zona verde por habitante.  El urbanista Angus Laurie asegura que en 1994 se emitió una ordenanza que prohibiera los árboles en vías que no hubieran sido ensanchadas en el Centro Histórico de Lima. Según explica, esto dio paso al retiro de varias especies.  En Santiago, una de las ciudades hermanas de Lima, existen árboles en el Centro Histórico sin problema de que tapen algunos edificios. Acá tenemos una idea muy equivocada de qué cosa es el patrimonio y de cómo lo concebimos, dice.  Pero los árboles no sirven únicamente como protección durante el verano. Algunas especies ayudan a reducir la contaminación o el ruido en avenidas muy congestionadas.  Jirón Ucayali  -Céllez Carbajal  Presidente de la Asociación Peruana de Arboricultura y Forestal","elcomercio","09/03/2019"
"Unidos ante Paraguay y El Salvador, el 22 y 26 de este mes, respectivamente","La Copa Amrica comienza en tres meses y no hay tiempo para muchos experimentos. Al consolidado grupo de futbolistas en Rusia 2018 hay que sumarle más opciones. Salvo algunas ausencias obligadas, la base está y prevalece en esta nómina.  Para lo que sí hay tiempo, 180 minutos exactamente, es para que el argentino compruebe de una vez por todas lo que le pueden brindar al equipo cinco jugadores específicamente: Alexander Callens, Marcos López, Alexis Arias, Christofer Gonzales y Luiz da Silva. Salvo Arias por lesión, los demás ya tuvieron minutos con el ‘Tigre’ y no convinieron del todo. Ahora tendrán una nueva oportunidad para mostrarse. Esta será su prueba de fuego para ver si pueden.","elcomercio","09/03/2019"
"Su revancha","Hace un año que Beto no era convocado a la Blanquirroja. El motivo, básicamente, era su falta de continuidad. Antes de llegar en enero al Lobos BUAP, el ex jugador de Sporting Cristal había pasado por cinco equipos en los últimos cuatro años, y no marcaba desde noviembre del 2017. Sin embargo, en el cuadro mexicano se ganó el titularato y, aunque solo tiene un tanto en la Liga MX, ya acumula cinco juegos en los últimos treinta días.  Con la ausencia de Paolo Guerrero por suspensión hasta el 5 de abril, y la de Raúl Ruidíaz por un permiso especial, Da Silva deber demostrar que está en condiciones de pelearle el puesto de ‘suplente ideal’ del capitán al delantero del Seattle Sounders. Si vemos que de aquí a la Copa América él juega y está bien, está competitivo, no estoy en condiciones de decirle que no, aseguró el ‘Tigre’ hace un tiempo.  Los casos de Callens y Gonzales se parecen: tienen alto rendimiento en sus clubes, pero no han podido trasladar ese buen momento a la selección. Aunque, siendo sinceros, se vieron afectados también por los pocos minutos que han gozado con esta. El defensor del New York City solo tuvo un encuentro en la era Gareca, mientras que ‘Canchita’ acumula apenas 60 minutos de rodaje.  El zaguero que milita en la MLS debe demostrar que tiene nivel de selección para pelearle el puesto a Christian Ramos –quien no fue convocado esta vez por lesión–, Anderson Santamaría, Miguel Araujo y Luis Abram; mientras que el volante debe dejar en claro que puede ser una mejor opción en ofensiva que Benavente.  Alexis Arias fue llamado para los últimos amistosos ante Ecuador y Costa Rica, pero quedó fuera por lesión. El volante, que ha mantenido la titularidad y su buen nivel con Melgar, buscar demostrar que su movilidad puede servirle a Gareca. Nos gustan los jugadores polivalentes y tenemos la suerte de tener varios así, indicó el ‘Flaco’. El ‘Chaca’ puede jugar por Pedro Aquino o hacer la función mixta que le pedía el técnico a Horacio Calcaterra, quienes no fueron llamados por lesión y decisión técnica, respectivamente.","elcomercio","09/03/2019"
"Cueva dijo que tuvo un problema familiar y que no conseguía tomar el vuelo. Creo en él. Es un jugador valioso para nosotros.","Jorge Sampaoli, Técnico del Santos, habló del volante, que no fue convocado el jueves por su tardanza.","elcomercio","09/03/2019"
"Los llamados","Alianza Pedro Gallese  Universitario Jos Carvallo  Melgar Carlos Cceda  Luis Advíncula R. Vallecano (ESP) Universitario Aldo Corzo  NY City (EE.UU.) A. Callens  Talleres (ARG) Miguel Araujo  Atlas (MEX) A.Santamara  Vélez (ARG) Luis Abram  Miguel Trauco Flamengo (BRA) Renato Tapia Willem II (HOL) Alianza Wilder Cartagena  Yoshimar Yotún Cruz Azul (MEX) Cristal Christofer Gonzales  Melgar Alexis Arias  M. López SJ Earthquakes (EE.UU.) Santos (BRA) Christian Cueva  Al Hilal (EAU) Andr Carrillo  Andy Polo P. Timbers (EE.UU.) Morelia (MEX) Edison Flores  Jefferson Farfán Lokomotiv (RUS) Y. Reyna V. Whitecaps (EE.UU.) Luiz da Silva Lobos BUAP (MEX)","elcomercio","09/03/2019"
"De los delanteros convocados por Gareca, solo uno ha marcado este año con su club: Beto da Silva (1). Jefferson Farfán y Yordy Reyna todavía no anotan en el Lokomotiv y Vancouver Whitecaps, respectivamente.","nan","elcomercio","09/03/2019"
"Aunque haya jugadores que la hinchada y el periodismo piden, Gareca sigue confiando en los suyos. Antes de probar más opciones, convoc de nuevo a Carlos Cceda, Wilder Cartagena y Christian Cueva. Ninguno de ellos estuvo en el último llamado. Ya lo repiti muchas veces, los llamados no siguen un patrón exacto, tienen que ver con un gusto de nosotros. Aunque respeto el de la gente, afirmó el argentino. Siguiendo esta línea de jugársela entera por un mismo grupo, Gareca deberá esperar también a Alberto Rodríguez, quien siempre gozó de su confianza cuando tuvo continuidad. El ‘Mudo’ regresará en abril de su lesión y ahí se analizará en qué condiciones se encuentra. Ante la posibilidad de jugar un par de amistosos más, donde podría sorprender con algún llamado como el de Gabriel Costa (se le gestionó la visa para estos partidos), por ejemplo, el ‘Tigre’ sigue sacándole las garras por el mismo grupo de siempre. Y busca sumar a este algunas variantes para potenciar a la selección.","nan","elcomercio","09/03/2019"
"Les toca...","Rayo Vallecano de Luis Advíncula visitará hoy (12:30 p.m.) al Barcelona. Por su parte, Renato Tapia será titular en el duelo entre Willem II ante el De Graafschap en Holanda.","elcomercio","09/03/2019"
"Sumaron...","Claudio Pizarro jug 67’ en la victoria por 4-2 del Werder Bremen sobre el Schalke 04. En tanto, Andr Carrillo fue titular hasta los 79’ en el empate del Al Hilal -(cid:31)-(cid:30)- ante el Al Wahda en Arabia Saud.","elcomercio","09/03/2019"
"Cada...","Binacional, líder de la Liga 1, perdi en su visita a Ayacucho FC (3-2) en el inicio de la fecha 4. Cienciano y Sport Boys cerraron la jornada de ayer en Trujillo. (Revisa las incidencias en elcomercio.pe).","elcomercio","09/03/2019"
"Problemas...","Universitario sigue buscando refuerzos pero el panorama se le complica. El técnico Chumpitaz aseguró que no hay muchos peruanos que puedan jugar en la ‘U’, y solo tienen un cupo para extranjeros.","elcomercio","09/03/2019"
"El difícil calendario que deben afrontar los equipos coperos violeta ayasta","Alianza, Cristal y Melgar juegan hoy por la Liga 1 y a mitad de semana por la Copa.  Disputar un torneo internacional es, a veces, una desventaja para los equipos peruanos que tienen un plantel reducido en comparación con sus rivales. Ello se ve reflejado en las quejas de Miguel Ángel Russo y Jorge Pautasso por el poco apoyo de la federación, y en la resignación de Claudio Vivas en respetar el calendario; Alianza, Melgar y Cristal tendrán que arreglárselas para competir tanto en la Liga 1 como en la Copa Libertadores. Y este mes viene cargado para ellos.  Bajo ese panorama agotador, los íntimos visitarán esta noche (8 p.m.) a Cantolao en el Callao, para luego preparar el viaje a Brasil y enfrentar el miércoles a Inter de Porto Alegre por la segunda jornada de la Copa. Y finalizar la semana ante Municipal el próximo sábado.  El técnico aliancista realizará variantes, algunas por decisión y otras por obligación. Es muy probable que Ugarriza reemplace al lesionado Affonso. También ingresarían Salazar por Cuba, Cruzado por Ramírez, Beltrán por Costa y Arro por Quevedo.  Cristal pasa por la misma situación. Hoy (1:15 p.m.) recibirá al Unión Comercio y quedar concentrado para enfrentar el martes a Godoy Cruz como local.  Vivas también pondrá un once con algunos suplentes. Cazulo, Herrera y Gonzales tendrán descanso y serán reemplazados por Jesús Pretell, Flavio Gómez y Cristian Palacios, respectivamente.  El caso más complicado es el de Melgar. Los mistianos visitarán a Real Garcilaso esta tarde (3:30 p.m.) y luego viajarán a Brasil para chocar el martes ante Palmeiras por el certamen internacional. Ante los cusqueños, como en las fechas anteriores, Pautasso utilizará suplentes.  A pesar de las circunstancias, los tres clubes mencionados deben seguir peleando el torneo local –como lo han hecho en los últimos años– y competir a nivel internacional. La doble exigencia es un reto difícil, pero no imposible.","elcomercio","09/03/2019"
"Triunfamos","Luchamos contra toda incomprensión. Marta Soler, arquera de 17 años de la selección argentina, canta Triunfamos, bolero del Tro Los Panchos, y se gana unos pesos mientras juega el Mundial femenino de México 1971. Sigue los boleros: Usted es la culpable, de todas mis angustias/Usted me desespera, me mata, me enloquece. Marta cantó una temporada en la TV, en Sábados Circulares de Pipo Mancera, cuando tenía apenas 13 años. Por eso no tiene miedo. Y tampoco lo tiene horas después, cuando esa selección que llegó a México sin técnico, sin médico y sin botines, golea 4-1 a Inglaterra en el Azteca, ante unas 100.000 personas. Al volver de México, Mancera la lleva otra vez a la tele. Le ponen un tapado de visón. Debajo, su ropa de arquera. Mancera le ofrece contrato. Marta rechaza la propuesta. Le dice que quiere ser futbolista.  La historia de ‘Las Pioneras’, como se llama hoy a aquella selección del 71, debutante argentina en un Mundial (no reconocido por la FIFA), forma parte de Pelota de papel 3. Un total de 29 cuentos escritos por jugadoras y entrenadoras de fútbol de Argentina y también de Brasil, Uruguay, España, Portugal, Ecuador y Costa Rica, que fue presentado ayer en el Teatro Astral. Hoy, el equipo femenino de Boca jugará por primera vez en la Bombonera, preliminar del clásico contra San Lorenzo. Pelota de papel 3 recoge, entre otros, la tarea de la correntina Lucila Sandoval, ex arquera, fundadora del movimiento que busca visibilizar la historia del fútbol femenino y reivindicar la gesta de 1971 de ‘Las Pioneras’, un equipo formado como se pudo, porque entonces no había campeonato y las chicas apenas jugaban exhibiciones.  Elba Selva, autora de los cuatro goles del 4-1 ante Inglaterra, fue recordada semanas atrás por la nación. El 21 de agosto, día del partido, quiere ser denominado como el día del fútbol femenino. No era así antes. El fútbol –titul Diego Lucero su nota de 1971 en ‘Clarín’– no es para chichis.  Tiene dueño el juego? Tiene género?, pregunta Nadia Petrizzi. Las escritoras de Pelota de papel 3 también nos dicen que siempre que haya un pueblo habrá fútbol. Afirman, como Minika Santino, que el fútbol femenino y feminista es como el caracol que va despacio, pero tiene memoria. Y que hoy somos un ejército. Son futbolistas que combaten prejuicios y, como escribe Miss Bolivia, transforman mochilas en alas. Porque piden pelotas y no muñecas a Pap Noel.  Temen porque las mujeres siguen avanzando. Con pelota al piso. Y cabeza levantada.","elcomercio","09/03/2019"
"LOS MOTIVOS DEL COLAPSO DE LA ENERGÍA ELÉCTRICA","EL CHAVISMO Un ataque cibernético criminal de la derecha y de Estados Unidos  El régimen de Nicolás Maduro habló de un sabotaje y denunció que el apagón se debió a un ataque criminal tecnológico y cibernético de la derecha y de EE.UU. que afectó el área de generación de la represa de Guri, en Bolívar, la principal central hidroeléctrica venezolana, sin dar mayores detalles.  OPINIÓN Y EXPERTOS Deterioro de la infraestructura eléctrica y corrupción gerencial  Hablan de falta de inversiones para los repuestos y contratación de personal, y de corrupción gerencial. La inexplicable demora para restablecer el servicio evidencia el estado avanzado de deterioro de la infraestructura eléctrica, dijo el ingeniero Miguel Lara, para quien solo el 15% del parque térmico instalado funciona.","elcomercio","09/03/2019"
"EE.UU. PROCESA AL EX VICEPRESIDENTE VENEZOLANO EL AISAMI","Se acusa a funcionario chavista, implicado en narcotráfico, de violar restricción impuesta.  Estados Unidos presentó ayer cargos contra el ex vicepresidente y ministro de Industrias y Producción de Venezuela, Tareck el Aissami, a quien acusa de haber violado las restricciones que le impuso por su implicación en el narcotráfico al viajar a Rusia.  Esta es la primera vez desde el comienzo de la crisis venezolana que un ministro en ejercicio es inculpado ante la justicia estadounidense, que también acusó de los mismos delitos al empresario venezolano Samark José López Bello.  El Aissami, de 44 años, ha usado su posición de poder para involucrarse en el narcotráfico internacional y ha contorneado las sanciones y violado la ley estadounidense sobre barones de la droga, dijo Ángel Meléndez, agente especial del Departamento de Seguridad Nacional de EE.UU.  Tanto El Aissami como López Bello tendrán que pensar dos veces antes de dejar Venezuela, porque están requeridos por la justicia neoyorkina, añadió.  El Aissami, que fue incluido en la lista de narcos extranjeros confeccionada por Washington en febrero del 2017, enfrenta una pena máxima de 30 años si llega a ser detenido y extraditado a Estados Unidos.","elcomercio","09/03/2019"
"CAPTAN AVIONES CRUZANDO LA BARRERA DEL SONIDO","Esta imagen de las ondas expansivas provocadas por dos aviones supersónicos fue captada por la NASA, como parte de sus investigaciones para poner a punto naves capaces de cruzar la barrera del sonido sin causar una explosión sónica.","elcomercio","09/03/2019"
"PIDEN QUE EL DINGO SEA RECLASIFICADO","Una investigación de la Fundación Australiana del Dingo – publicada en The Conversation – señala que el dingo no es una raza de perro salvaje, sino una especie única de Australia que necesita ser reclasificada como parte de la fauna nativa.","elcomercio","09/03/2019"
"BOLETA DE FUEGO EN EL CIELO CAUSA ALARMA EN PUNO","Pobladores de tres provincias en la zona sur del departamento de Puno avistaron un objeto envuelto en una bola de fuego, que cay en un lugar entre los distritos de Pichacani-Laraqueri y San Antonio de Equilache. Aún no lo hallan.","elcomercio","09/03/2019"
"MEDIO SIGLO DEL AVE DE PLATA","Concorde El primer avión comercial que alcanzó los 2.179 km/h hizo su vuelo inaugural en 1969. Altos costos y accidentes cortaron su historia.  Hace cinco décadas, un pájaro blanco desconocido alzó el vuelo por primera vez. El Concorde, pionero de la aviación supersónica, disparó los sueños de una generación hasta estrellarse con su poca eficiencia y su ruido insoportable.  El domingo 2 de marzo de 1969, al final de una lejana pista del aeropuerto de Toulouse-Blagnac, al sur de Francia, el modelo 001 del Concorde calentaba motores tras haber tenido que suspender dos veces en días anteriores su primer vuelo por el mal tiempo.  A pie de pista se encontraba Germain Chambost, piloto que acababa de dejar el Ejército del Aire para convertirse en periodista y que aún recuerda el sonido ensordecedor que dejó el aparato al despegar.  Todo el mundo se puso a aplaudir, aunque no se oía nada... Era la revancha de Europa frente a EE.UU.! Para los europeos significó el éxito de una apuesta técnica. No queríamos imitar a los norteamericanos y apostamos por el avión supersónico. Y tuvimos éxito, dice a EFE este miembro de la Academia del Aire y el Espacio.  Más de mil personas, la mayoría gendarmes y periodistas, aguardaban a que se despejase la niebla con la que había amanecido Toulouse.  A primera hora de la tarde, la tripulación formada por André Turcat, Henri Perrier, Michel Rétif y Jacques Guignard realizó las últimas verificaciones y, aunque algunos ajustes estuvieron a punto de frustrar la tentativa, finalmente el avión levant su característico morro y voló durante 29 minutos.  Recién siete meses después, el 1 de octubre de ese mismo año, el Concorde hizo su primer vuelo supersónico con el capitán Jean Pinet.  En pleno momento de conquista del espacio, con el mundo dividido entre dos polos, Europa vio en el aparato supersónico un resquicio donde desarrollar su propia tecnología.  Chambost relata cómo presenció una conversación en la que el secretario de Transporte de Estados Unidos preguntaba a sus consejeros si era cierto que su país había invertido el mismo dinero que Europa en investigación para un prototipo similar. Así es, señor, respondieron los técnicos ante su sorpresa.  Pero ya desde el primer momento, el Concorde dejó ver sus grietas.  Muy caro y muy ruidoso - Air France (que junto con British Airways fueron las dos aerolíneas que usaron la nave) tuvo serios problemas a fin de conseguir el permiso para despegar el Concorde desde el aeropuerto JFK de Nueva York.  El problema? El ruido que realizaba al tomar vuelo resultaba intolerable para los vecinos y las autoridades.  Una vez fui a un instituto de Nueva York a recoger las opiniones de la gente... y tuve que salir corriendo porque me querían matar! Estaban de los nervios y pensaron que yo trabajaba para el Concorde, recuerda el ex piloto.  Siete años después del primer vuelo de prueba comenzaron los viajes comerciales, que se mantuvieron hasta el 2003. El desmesurado consumo de combustible para un avión que podía desplazar a alrededor de un centenar de pasajeros pesaba demasiado en las arcas de las aerolíneas.  El accidente de Gonesse (afueras de París), en julio del 2000, remató al Concorde y de alguna forma cerr una era.  El reventón de un neumático por una plancha metálica en la pista del aeropuerto Charles de Gaulle llevó a una falla múltiple que hizo estrellarse al avión dos minutos después y causó la muerte de 113 personas.  Era su primer accidente mortal, pero también el comienzo de una serie de incidentes que llevaron a su abandono tres años más tarde.","elcomercio","09/03/2019"
"LAS VERDADES SOBRE EL GLAUCOMA","Derribando mitos  Las verdades sobre el glaucoma  Se conoce como glaucoma a un conjunto de afecciones oculares que pueden generar daño al nervio óptico (el encargado de enviar las imágenes que se ven al cerebro). El aumento de la presión en el ojo daña el nervio óptico. A esto se llama presión intraocular. En el Perú, se calcula que el 2% de personas mayores de 40 años padece de glaucoma; sin embargo, se trata de la primera causa más común de ceguera en el mundo. La doctora Adriana Hinostroza Lopezb Aljar, oftalmóloga de Sanna Clínica San Borja, aclara los mitos más difundidos con respecto a esta enfermedad.  Mito 1 Es una enfermedad que sólo afecta a adultos mayores  Aunque el glaucoma suele aparecer en personas mayores de 60 años, se puede presentar a cualquier edad, incluso en bebés. Uno de los principales factores de riesgo es la edad: tener más de 40 años. Otros factores son tener la presión intraocular elevada, tener familiares con glaucoma y ser afrodescendiente. La diabetes puede ser un factor de riesgo, pero no de los principales. La diabetes se puede asociar a las cataratas, glaucoma, retinopatía diabética y neuropatía, que se manifiesta como visión doble.  Mito 2 Solo hay un tipo de glaucoma y se trata con cirugía  Existen cuatro tipos de glaucoma: de ángulo abierto, de ángulo cerrado (o de cierre angular), congénito y secundario. El primero es el más frecuente en el Perú. Lamentablemente, no se puede prevenir, pero sí se puede evitar la progresión del daño del nervio óptico y campo visual si se diagnostica a tiempo. La cirugía (laser o en quirófano) se requiere cuando el glaucoma no se controla con medicamentos en forma de gotas. El objetivo del tratamiento es prevenir o retardar la ocurrencia del daño del nervio óptico.  Mito 3 El glaucoma tiene síntomas fácilmente identificables  Una de las principales dificultades de esta enfermedad es que la mayoría de quienes la sufren no la nota hasta que ha avanzado. Se la llama el ladrón silencioso de la vista porque cuando la enfermedad apenas comienza, no produce ningún síntoma ni signo. Cuando hay daño del nervio óptico, se producen escotomas (zonas con visión reducida o sin visión). Ese daño producido es irreversible. Sin embargo, hay una amplia variedad de tratamientos que evitan que el daño que ya tiene ese ojo progrese más.","elcomercio","09/03/2019"
"Mito 3","El glaucoma tiene síntomas fácilmente identiﬁ cables Una de las principales diﬁ cultades de esta enferme dad es que la mayora de quienes la sufren no la nota hasta que ha avanzado. Se la llama el ladrón silencioso de la visión porque cuando la enfermedad recién comienza, no produce ningún síntoma ni signo. Cuando hay daño del nervio óptico, se producen escotomas (zonas con visión reducida o sin visión). Ese daño producido es irreversible. Sin embargo, hay una amplia variedad de tratamientos que evitan que el daño que ya tiene ese ojo progrese más.","elcomercio","09/03/2019"
"Expectativas del BCR sobre la economía","Optimista G Banco Central confía en que la inversión y el consumo sostendrán el crecimiento de la economía este año G La inversión pública, por otra parte, será positiva a partir de la segunda mitad del año.  En los últimos tres meses del 2018, la economía creció por encima del 4%, resultado que anticipaba un buen inicio del 2019. Sin embargo, la actividad económica habría crecido solo alrededor del 2%.   El Indicador Mensual Económico de El Comercio (Imeco) estima que la producción de enero alcanzó su ritmo más bajo en 7 meses, producto de la menor actividad de los sectores primarios y de la desaceleración de los no primarios.   En el primer caso, la pesca cay 31,3% en enero, producto del fin de la segunda temporada de pesca del 2018; en tanto, la minería retrocedió 1,26% –cuatro meses consecutivos de cada– debido a una menor producción de oro y cobre.   En el segundo, la producción de electricidad creció a una menor velocidad, al igual que la masa salarial del sector privado formal y los puestos de trabajo del sector privado formal. A estos se añaden la caída de la inversión del gobierno general, que cayó 16,2% en febrero, y la menor recaudación del Impuesto General a las Ventas (IGV).  No obstante, para el BCR los sectores primarios presentan factores que tienden a ser transitorios y no sostendrán necesariamente el crecimiento esperado para el año, el cual se mantiene en 4%. Según el gerente de Política Monetaria del BCR, Paul Castillo, serán los sectores no primarios aquellos que aportarán mayor solidez a la economía. “Los efectos [del sector primario] van a ser más transitorios. El crecimiento del sector no primario, que está más asociado a inversión y consumo, lo vemos con una dinámica más sostenible en el tiempo”, explic el funcionario. Precisamente, la autoridad monetaria espera que el consumo y la inversión privada, en particular la minera, continúen creciendo en el 2019. Esta última a dos dígitos, mientras que el primero y la segunda lo harían a 3,8% y 6,5%, respectivamente. En el caso de la inversión del gobierno general, permanece el efecto del cambio de autoridades regionales y locales; sin embargo, la caída se ir moderando a lo largo del año a la par que las autoridades mejoren su capacidad de ejecutar proyectos de inversión. “Esperamos que hacia el segundo semestre veamos tasas de crecimiento positivas”, sostuvo el gerente de Política Monetaria. En cuanto a los indicadores de empleo y mercado laboral formal, estos se mantienen dinámicos y consistentes con los indicadores de consumo y de crédito. “Vemos ya desde el año pasado una tendencia clara a un crecimiento de consumo robusto que en buena parte está fundamentado en el crecimiento del empleo y de los salarios del mercado formal”, agreg Castillo.","elcomercio","09/03/2019"
"Sistema de pensiones","A favor de los cambios al REJA La Comisión de Economía del Congreso aprob esta semana un proyecto de ley que modifica el régimen especial de jubilación anticipada (REJA) y la jubilación anticipada ordinaria (JAO) en el sistema privado de pensiones. Al respecto, el BCR se mostró a favor de las modificaciones. “El objetivo es que cuando uno no esté trabajando pueda acceder a su fondo de pensiones para satisfacer necesidades básicas. Se han hecho cambios para evitar que se abuse de la norma y desnaturalice el propósito del sistema”, sostuvo Castillo.","elcomercio","09/03/2019"
"Entrevista Martín Majluf","Decidimos profesionalizar la gerencia La empresa manufacturera de cobre da ﬁ nal a la gerencia familiar y prepara planes de expansión. Tras 26 años en el cargo que alguna vez también ocup su padre, Martín Majluf decidi alejarse de la gerencia general de Tecnofil, transformadora de cobre que exporta a más de 40 países. Lideró la modernización de maquinarias y sobrellevó el incremento del precio de los metales. Cuando muchos peruanos en los años 90 huían del Perú, usted regres, ¿por qué?, le preguntaron. Haba estado estudiando y trabajando fuera del país por más de seis años. Tomó la decisión de regresar para apoyar a mi familia en momentos en que se daban cambios por la partida de algunos familiares involucrados en el negocio. ¿Qué cambios incorpor al asumir la gerencia?, continuaron. La compañía tenía la fábrica y unas oficinas en Miraflores, donde se veían temas contables, financieros y de ventas. Decid que debamos estar todos juntos y nos mudamos a la planta para mejorar la comunicación y la coordinación. Eso mejoró mucho la integración entre las áreas y comenzamos a mejorar los volúmenes de producción. Luego, pudimos encontrar alternativas de negocio y se implementaron nuevos controles e indicadores para mejorar la gestión. ¿Cómo se dio la transformación de empresa local a una de exportación?, indagaron. El cambio vino de antes, desde 1987. Ya mi padre y mi tío habían visto la necesidad de diversificar productos y mirar al exterior. Mantuvimos esa estrategia y seguimos introduciendo nuevos productos y tecnologías para lograr mejoras en la calidad. Gracias a ese trabajo, logramos entrar a mercados más exigentes como Estados Unidos y Europa, que ahora representan más del 50% de nuestras ventas. ¿Cómo ha sido el proceso de expansión de la empresa?, preguntaron. Tomamos la decisión, hace unos años, de prepararnos para una expansión. Para eso compramos un terreno en un parque industrial en Chilca e hicimos una ingeniería básica de la planta. En estos momentos, estamos en el proceso de preparar un nuevo plan estratégico donde vamos a evaluar las distintas opciones que tenemos por delante. Tras 26 años de trabajo en Tecnofil, ¿por qué decidiste dejar la gerencia general?, finalizaron. Fue una decisión difícil, por el tiempo que llevaba en la empresa y las relaciones que había forjado con mis compañeros de trabajo. Tecnofil es parte importante de mi vida. Tomé la decisión por el largo tiempo que llevaba en la empresa, por la necesidad de buscar formas distintas de pensar la gestión y para dar nuevos aires a la organización. Tomamos la decisión de preparar un acuerdo familiar para mantener el orden y las buenas relaciones. En estas reuniones, decidimos profesionalizar la gerencia de la empresa y el directorio para prepararnos para el futuro.","elcomercio","09/03/2019"
