"headline","content","newspaper","date"
"Implicancias fiscales de comprar productos con IVA","Implica un ahorro de 20 soles en Impuesto a la Renta a un costo de 18 soles en IGV. Pero si compra la mermelada en octubre para recuperar el impuesto seis meses después, en abril del año siguiente, cuando se regulariza el pago del Impuesto a la Renta, el incentivo no es muy potente. La deducción funciona mejor para el contribuyente que gana entre 170.000 y 210.000 soles al año. Pedir factura le cuesta 18 soles, pero se ahorra 24 gracias a la deducción del gasto porque su tasa marginal es de 20%. Y funciona mejor aún para el que gana más de 210.000 soles al año porque su tasa marginal es de 30%. Con la deducción de 118 soles, se ahorra 35 de Impuesto a la Renta, y solo pagó 18 de IGV.  La hipótesis del ministro es válida solamente para los contribuyentes de más altos ingresos, que probablemente hacen todas sus compras con IGV, sin necesidad de deducciones. Pero el fisco sale perdiendo porque sacrifica 24 o 35 soles para asegurarse 18. En su afán de reducir la evasión del IGV, renuncia a cobrar un impuesto por una renta que el contribuyente ya había declarado.","elcomercio","01/06/2018"
"Opinión","-29-  LA MIGRACIÓN VENEZOLANA  Aspectos pendientes de atención  PERCY CASTILLO  Adjunto para los Derechos Humanos de la Defensora del Pueblo  La Defensora del Pueblo ha identificado situaciones que afectan a los venezolanos que han migrado al Perú como consecuencia de la grave crisis. Según la Superintendencia Nacional de Migraciones, han ingresado a territorio peruano alrededor de 300 mil venezolanos. Desde enero del 2017 hasta el 18 de abril del 2018 ingresaron casi 60 mil menores, de los cuales se habrían quedado alrededor de 26.500. El Ministerio de Relaciones Exteriores ha recibido cerca de 34 mil solicitudes de refugio. El Estado debe implementar medidas que permitan atender sus necesidades más urgentes, prestando especial atención a los niños migrantes. As lo ha recomendado el Comité de los Derechos del Niño y el Comité de Protección de los Derechos de Todos los Trabajadores Migratorios y de sus Familiares de la ONU.  Esta obligación requiere una adecuada articulación intersectorial por parte de las diversas entidades del Estado. Por ejemplo, en temas de salud. Si un extranjero requiere ser incorporado al SIS, debe presentar un carnet de extranjera. De no contar con dicho documento, no será posible su afiliación. Esto porque el reglamento de la Ley Marco de Aseguramiento Universal en Salud no se encuentra adecuado a lo dispuesto por el D.L. 1350, norma que permite que las autoridades migratorias expidan documentos de identidad a ciudadanos extranjeros.  Existen situaciones que afectan a los migrantes venezolanos.  Hemos remitido oficios a la Gerencia de Seguros y Prestaciones de Essalud y al SIS para recomendarles que reconozcan la validez del carnet de Permiso Temporal de Permanencia (PTP), para dar paso a la afiliación. La limitación de acceso al seguro coloca en serio riesgo su vida e integridad. En educación, el ministerio no incluye los carnets de solicitante de refugio ni el PTP como documentos válidos para la matrícula escolar, lo cual puede generar una limitación al acceso a la educación. Es cierto que la normativa educativa señala que no contar con los documentos requeridos no es impedimento para matricular a los menores de edad con cargo a posterior regularización, pero resulta contradictorio que algunas instituciones estatales emitan documentos a personas extranjeras que en la práctica carecen de valor debido a la falta de coordinación entre los diversos sectores del Estado.  Para el Alto Comisionado de las Naciones Unidas para los Refugiados (Acnur), un significativo número de venezolanos que migran requiere protección internacional, por lo que exhorta a los Estados a adoptar mecanismos adecuados de protección internacional. El Perú ha facilitado la regularización migratoria de esta población, autorizándola a realizar actividades laborales. Sin embargo, como se ha advertido, estas medidas no son aún suficientes. Se requiere, por ende, agotar esfuerzos para mejorar la protección social que en la actualidad se viene brindando, siendo ello especialmente necesario para los niños, niñas y adolescentes.","elcomercio","01/06/2018"
"Marco Romero","Entre Messi y Cristiano, me quedo con Ronaldinho  Esta no es una canción, es un lema de fe, dijo Sergio Markarián cuando escuchó por primera vez Porque yo creo en ti de Marco Romero. Un tema que forma parte del soundtrack obligatorio de nuestra selección.  ROLLY REYNA  1. Si Gareca te manda a la cancha, en qué puesto debe ponerme? Que me ponga de lateral derecho. Y si me da una camiseta que me entregue la 4.  2. ¿Cuál es el jugador de la selección que más admiro y por qué? Admiro a Oreja Flores. Me parece que pese a su juventud ha sabido enfrentar el éxito de su carrera y mantiene ecuanimidad frente a la fama.  3. ¿Quién es el mejor jugador peruano de todos los tiempos? Mi viejo me hablaba de Huaqui Gómez Sánchez, de Baylón, pero de mi época me quedo con Carlos Cueto. Genio.  4. ¿Qué jugador no debió estar nunca en la selección? No podría señalar a nadie.  5. ¿Cómo sería tu gol soñado con Perú? Arrancando desde el arco y con unos 20 toques en primera anotar un gol. Sería un tiquitaca perfecto. Sería un tiquitaca perfecto.  6. ¿Qué rival te haría temblar? Hoy Alemania es muy fuerte. Pero Brasil también.  7. ¿Cuál es la frase de un narrador de fútbol que más recuerdas? La toc! La toc!, Gloria a Perú en las alturas!. Pérez era todo en este tiempo. Aunque también recuerdo mucho en el rincón de las niñas de Martínez Morosini.  8. ¿El gol peruano que más gritaste? El de Farfán contra Nueva Zelanda. Me dolía la cabeza después de gritarlo. Estaba en el estadio cuando sucedió.  9. ¿Un gol como el de Maradona a los ingleses o como el de Paolo a Colombia? Como fútbol hecho arte: el de Maradona. Pero como emoción y agradecimiento: el de Paolo un millón de veces.  10. ¿El mejor recuerdo futbolero? Ir con mi viejo a los tripletes del Nacional o del Telmo Carbajal con nuestra bolsa de panes. Lindos tiempos esos tripletes maravillosos.  11. ¿El momento más triste en una cancha? Cuando nos eliminó Uruguay en el 2013.  12. ¿Cuál es la cabala más extraña que seguiste por un partido? Llevo en mi bolsillo la letra de Porque yo creo en ti. Me funciona últimamente.  13. Pel o Maradona? Pel.  14. Messi o Cristiano? Messi. Cristiano es goleador, pero yo me quedaría con la magia de Ronaldinho.  LOS 11 DE MARCO  L. Yashin (Rusia) Bobby Moore (Inglaterra) Beckenbauer (Alemania) Djalma Santos (Brasil) Chumpitaz (Perú) Zidane (Francia) Garrincha (Brasil) Valdir Pereira (Perú) Maradona (Argentina) Messi (Argentina) Pelé (Brasil)  15. Tiquitaca o catenaccio? Tiquitaca. Cerrado!  16. Sexo o fútbol? Sexo.  17. ¿Hay corrupción en el fútbol? Seguro que sí.  18. ¿Hasta dónde llegar Perú en el Mundial? Mi sueño es hasta la final con Alemania.  19. ¿Cómo convencerías a Gareca para que renueve contrato? Le diría que el Perú lo ama y que piense en todo lo que significa para nosotros.  20. Define a Paolo Guerrero en una palabra Capitán.  21. ¿Cuál es nuestro mayor defecto? En lo futbolístico, la marca.  22. Nuestra mayor virtud? El buen toque y jugar pensando.","elcomercio","01/06/2018"
"Moscovitas","GISELLA LÓPEZ LENCI  Periodista  De eso se trata el fútbol  Si tiene un poquito de sensibilidad, por lo menos se le debe haber erizado la piel al ver el video que la selección peruana preparó para presentarse ante sus rivales en primera ronda: Dinamarca, Francia y Australia.  Me llamo Perú y luego de 36 años estoy de regreso. Ha pasado mucho tiempo. Quizá ya no te acuerdes mucho de mí, empieza el relato.  Y luego sigue una secuencia de imágenes, que no nos presentan como un país de postal, una marca Perú como destino exótico, sino como una nación que ha vivido demasiadas frustraciones, no solo futbolísticas, en estos 36 años que estuvimos fuera del Mundial. Estamos de vuelta. Nos vemos en la cancha, termina el video. Nosotros, que no llegamos como favoritos a Rusia, modestamente les hemos recordado al resto de participantes en la Copa del Mundo que el fútbol se trata de eso. Del espíritu deportivo que simboliza las ansias de todo un país. Que el fútbol es un juego, pero que, al mismo tiempo, es mucho más. Que vamos con ganas de ganar, pero también con el honor de competir.  Francia y Australia nos respondieron casi de inmediato. Pero Dinamarca se tom su tiempo. Lo pens.  Francia y Australia nos respondieron casi de inmediato. Pero Dinamarca se tom su tiempo. Lo pens. Hay otros países que sólo destacan lo buenos que son. Pero aquellos que tienen humildad son los que tienen mayor credibilidad, dijo Jakob Høyer, gerente de Comunicaciones de la Federación Danesa de Fútbol, quien confesó a un diario de su país la emoción que le suscitó la producción peruana. Y la respuesta fue un hermoso video de un coro entonando la melodía de su himno nacional, pero con la letra: Me llamo Perú y luego de 36 años estoy de regreso.","elcomercio","01/06/2018"
"LA CTS Y EL ACCESO A LA VIVIENDA","Rentabilidad para los clientes ILUSTRACIÓN: GIOVANNI TAZZA OSAS Ramírez Gamarra Congresista de la República Juan Pérez necesita S/60 mil para pagar la cuota inicial de un inmueble. Así destinar el pago de alquiler que actualmente hace al pago de una vivienda propia. Precisamente, el señor Pérez tiene S/60 mil en su cuenta de CTS. Juan sabe que no puede disponer de su liquidez, pues la ley dispone que la CTS solo es de libre disponibilidad en dos situaciones: cuando se haya perdido el empleo o cuando el monto en la cuenta supere las cuatro remuneraciones brutas que recibe la persona. Juan puede solicitar a su banco o caja un préstamo por la suma de S/60 mil.  El banco aprueba el préstamo. Por el monto, le cobra un interés mensual de S/380, y un total de S/6.852 en 18 meses, entre intereses, seguros y otros conceptos. Durante este tiempo, Juan ganará S/1.080 en intereses por su depósito de CTS: el banco o caja en la que se encuentra su dinero le paga un interés mensual de S/60. Es decir, por cada S/1.000 depositados en la cuenta de CTS el banco paga S/1 mensual, pero si presta ese mismo dinero cobra mensualmente S/6 por cada S/1.000.  No es posible que paguemos intereses usurarios por nuestro dinero. Un proyecto de ley de mi autoría intenta corregir este enriquecimiento indebido.  Según un informe del Ministerio de Vivienda, el Perú tiene un déficit de vivienda que alcanza al 72% de familias. Si bien es cierto que existen programas de vivienda tanto privados como públicos, estos resultan insuficientes, pues la alta demanda y la escasa oferta hacen que este mercado se encarezca y con ello se dificulta el acceso al crédito. A la fecha, sin embargo, casi 16 mil peruanos tienen en sus cuentas de CTS más de S/90 mil, monto que fácilmente podría significar el pago total de un crédito hipotecario o solventar parte del mismo. Esto les permitirá acceder a un activo y un ahorro en el pago de alquiler e incluso en intereses que los bancos puedan exigir. En el proyecto que propongo se especifica que si estos no pueden acreditar que no cuentan aún con un inmueble, no accederán al retiro del 80% de su CTS.  Asimismo, más del 15% de los titulares de CTS tienen en sus cuentas entre S/25 mil y S/40 mil. Estos montos podrían cumplir otros fines relacionados como la remodelación, el acabado de la vivienda o la construcción del lote de terreno. Es cierto que el concepto de remodelación es amplio y que muchos trabajadores pueden sacarle la vuelta a la ley. Empero, estas imprecisiones legales serán superadas en el debate o, en el peor de los casos, en el reglamento que ha de tener la ley si prospera.  A quienes nos acusan de querer desnaturalizar la CTS les decimos que es una medida extraordinaria que regirá hasta el 2020. Esta propuesta ha recibido el respaldo del ministro de Vivienda, quien niega que desnaturalice la CTS como seguro de desempleo, pues se mantiene el ahorro del trabajador en un inmueble. Esperamos que con esta iniciativa gane el titular de la cuenta, y no los bancos, que ya lo vienen haciendo desde hace muchos años a costa de sus clientes.","elcomercio","01/06/2018"
"LA MUERTE DEL NOVELISTA NORTEAMERICANO","Philip Roth y las mujeres SANTIAGO Roncagliolo Escritor Un hombre amanece un buen día convertido en teta. Sí, en un pecho femenino a escala humana. Lo llevan al hospital, donde una enfermera le pasa paños húmedos. Él no puede verla, porque los bustos carecen de ojos, pero fantasea con penetrarla usando su pezón.  Es el argumento de una novela de Philip Roth, el coloso de las letras norteamericanas que falleció la semana pasada, después de ganar el Man Booker, Pulitzer, Faulkner y todos los premios posibles menos el Nobel, lo cual es solo una muestra más de la decadencia del Nobel.  Columnistas de todo el mundo han despedido a Roth recalcan su estirada de Estados Unidos, su crítica al Estado de Israel y, en el mejor de los casos, pasando de puntillas sobre el detalle de su impúdica exhibición de masculinidad. Y sin embargo, esto último resulta lo más característico, lo más personal de su mirada.  Y no me refiero a su vida privada, donde los testimonios disponibles –las memorias de su ex esposa Claire Bloom– lo describen como un infiel compulsivo con tendencias sadomasoquistas y terror al compromiso. No. Hablo de su literatura, ese catálogo de personajes con implantes de pene, viejos verdes, órganos entre perseguidos políticos y, con machacona insistencia, masturbaciones de todo tipo: en grupo, ante una tumba, con la foto de la hija del amigo en la mano, sobre el hígado del almuerzo familiar.  Evidentemente, corren malos tiempos para recordar esos detalles. Quizás Roth lo intuía cuando tomó la decisión más valiente de todas: dejar de escribir. Los autores de sus obituarios –todos los que he encontrado, hombres– han cumplido la regla de cortesía de recordar solo los aspectos amables del difunto. Pero la revolución feminista de los últimos años ha convertido la imaginación de Roth en el mejor escaparate de todo lo que un hombre heterosexual no debería imaginar.  Y sin embargo, Roth es un inesperado paladín de la mirada de género. Porque es el primero que entendió a los personajes como esclavos de sus cuerpos.  En la historia de la literatura y el pensamiento, el cuerpo es un estorbo. Impuro para los religiosos, irrelevante para los marxistas, indigno para los intelectuales en general. Para los libros, las personas siempre fueron condicionadas por su comunidad: pobres o ricos, católicos o protestantes, peruanos o chinos. Nunca portadores de órganos genitales y, por lo tanto, de apetitos y deseos.  En los libros de Roth, sus cuerpos determinan a los personajes, los arrastran, los condenan. Es más importante ser varón que ser norteamericano. O mujer, como la Consuelo de El animal moribundo, mutilada por un cáncer de pecho. O la hija del sueco de Pastoral americana, que condena a su cuerpo a vivir como una bestia y ser pasto de otros animales. Reflexionando sobre la vejez, Roth resume toda nuestra existencia en una frase de Everyman: Tu cuerpo te hace traicionar a los demás. Y luego, tu cuerpo te traiciona a ti.  La revolución del siglo XX fue de las clases sociales: masas de pobres reclamaron vivir mejor. Conforme la clase media crece en el mundo, la nueva revolución viene determinada por la sexualidad: mujeres y minorías LGBTI exigen vivir cómodos en sus cuerpos, sin ser minusvalorados o despreciados por el macho dominante, libres de estereotipos asignados desde anatomías ajenas.  Al final, Philip Roth, con su narrativa de machote y sus personajes atormentados por sus entrepiernas, supo ver antes que nadie lo que realmente manda en nuestra vida.","elcomercio","01/06/2018"
"EL MTODO HIPOTTICO DEDUCTIVO","IVÁN Alonso Economista El ministro de Economía, David Tuesta, ha dado con un método para acabar con la evasión del Impuesto General a las Ventas (IGV): permitir la deducción de todos los gastos posibles para fines del Impuesto a la Renta. Cuando usted calcule su renta imponible, tendrá que sumar todos los ingresos percibidos durante el año, como ha sido siempre, pero podrá deducir sus gastos, siempre que estén sustentados con un comprobante electrónico. Eso le dará un incentivo para pedir su boleta o factura; y, habiéndola emitido, el vendedor no tendrá más remedio que declarar la venta y pagar su IGV. Un método de verdad asombroso, que desafía las leyes del comportamiento humano.  Imagine a un contribuyente comprando un balde de mermelada de naranja que cuesta 100 soles. ¿Por qué pediría factura, si eso le agrega 18 soles al precio final? La hipótesis del ministro es que lo hará para beneficiarse con la deducción. Veamos, entonces, si la deducción es un incentivo suficiente.  El Impuesto a la Renta es un impuesto progresivo. La renta imponible se divide en tramos, y la tasa del impuesto va subiendo de tramo en tramo. De manera que la gente que gana más no solamente paga más en términos absolutos, sino que paga un porcentaje mayor de sus ingresos.  Si el contribuyente gana menos de 30.000 soles al año, la deducción no le sirve, porque igual no paga Impuesto a la Renta. No tiene, pues, ningún incentivo para pedir factura.  Por los siguientes 20.000 soles de ingresos, se paga el 8%. Querr decir que si el contribuyente gana entre 30.000 y 50.000 soles al año, la factura le permite deducir 118 soles de su renta imponible. Su Impuesto a la Renta se reduce en 8% de esos 118 soles, un poco más de 9 soles. Pero para eso ha tenido que pagar 18 soles de IGV. En este caso tampoco tiene un incentivo para pedir factura.  Lo mismo le pasa al contribuyente que gana entre 50.000 y 110.000 soles al año. Su tasa marginal –la que se aplica a ese tramo de ingresos– es de 14%. La deducción reduce su renta imponible en 118 soles, y su Impuesto a la Renta, en menos de 17 soles. Pero pedir la factura le cuesta 18 soles en IGV.  Recién el contribuyente que gana entre 110.000 y 170.000 soles al año podría tener un incentivo para pedirla. Su tasa marginal es 17%. La deducción implica un ahorro de 20 soles en Impuesto a la Renta a un costo de 18 soles en IGV. Pero si compra la mermelada en octubre para recuperar el impuesto seis meses después, en abril del año siguiente, cuando se regulariza el pago del Impuesto a la Renta, el incentivo no es muy potente.  La deducción funciona mejor para el contribuyente que gana entre 170.000 y 210.000 soles al año. Pedir factura le cuesta 18 soles, pero se ahorra 24 gracias a la deducción del gasto porque su tasa marginal es de 20%. Y funciona mejor aún para el que gana más de 210.000 soles al año porque su tasa marginal es de 30%. Con la deducción de 118 soles, se ahorra 35 de Impuesto a la Renta, y solo pag 18 de IGV.  La hipótesis del ministro es válida solamente para los contribuyentes de más altos ingresos, que probablemente hacen todas sus compras con IGV, sin necesidad de deducciones. Pero el fisco sale perdiendo porque sacrifica 24 o 35 soles para asegurarse 18. En su afán de reducir la evasión del IGV, renuncia a cobrar un impuesto por una renta que el contribuyente ya había declarado.","elcomercio","01/06/2018"
"LA MIGRACIN VENEZOLANA","Aspectos pendientes de atención PERCY Castillo Adjunto para los Derechos Humanos de la Defensora del Pueblo La Defensora del Pueblo ha","elcomercio","01/06/2018"
"Simulacro nacional de sismo y tsunami muestra mayor compromiso","El Indeci, ms de 8 millones de escolares y el 60% de ciudadanos participaron en el simulacro de ayer. Resultados mostraron un mayor compromiso de la población respecto al año pasado.  El Per es un país altamente teléreo. En lo que va del año, se han registrado 609 movimientos sísmicos, según el Instituto Geofísico del Per. Es decir, se han sentido cien sismos cada mes.  El 38% de los temblores ocurridos en el país se dio en Arequipa. El más fuerte, del 14 de enero, alcanzó la magnitud de 7,1 y afectó a las localidades arequipeñas de Yauca, Lomas, San Juan de Marcona, Chala y Acar.  Para evitar que los terremotos causen tragedias, ayer se realizó un simulacro nacional de sismo y tsunami. La fecha escogida conmemora el terremoto y aluvión que devastaron el Callejón de Huaylas, en Ancash, el 31 de mayo de 1970.  El simulacro, que empez a las 10 a.m., recreó un terremoto de magnitud 8,5 seguido de un tsunami con olas de diez metros de alto.  El jefe del Instituto Nacional de Defensa Civil (Indeci), el general EP Jorge Chávez Cresta, precis ayer a El Comercio que el 60% de la población peruana participó en el simulacro, lo que demuestra un mejor resultado al obtenido el año pasado que fue del 45%.  Ha habido una participación mayoritaria de la plataforma multisectorial. Es decir, todos los niveles de gobierno han participado en este simulacro. Hemos integrado a las 25 regiones, señaló.  Chávez explicó que como primer balance del simulacro se obtuvo que en Lima, donde hay alta vulnerabilidad, habrían muerto unas 30 mil personas. En otras regiones del país, las víctimas mortales sumarían 20 mil.  En total habría 50 mil muertos y medio millón de viviendas habrían resultado afectadas en Lima por el sismo de 8,5 grados, estimó el Indeci.  El titular del Indeci añadió que en algunas ciudades de la costa se logró cumplir el protocolo ante tsunamis en un 70%. Según esta normativa, quienes viven en zonas inundables deben protegerse en edificios de más de 10 metros en solo 15 minutos.  Ayer, en La Punta, en el Callao, se logró hacer la evacuación en 11 minutos.  El presidente Vizcarra supervis desde el aire el ejercicio cívico.  Los escolares de 105 mil instituciones participaron ayer en la simulación del terremoto de magnitud 8,5. El ministro de Educación destacó el compromiso de los alumnos.","elcomercio","01/06/2018"
"Arequipa fue la única región que no participó debido al paro regional","Arequipa fue la única región que no participó debido al paro regional. El ejercicio se postergará ahí para el próximo martes 12 de junio.  Transportistas anuncian un paro nacional para el próximo 5 de junio.  El transporte, los servicios educativos y el comercio fueron paralizados ayer en Arequipa debido a una gran protesta por el incremento del Impuesto Selectivo al Consumo (ISC) y el alza en el precio de los combustibles. Según constató El Comercio, en la capital de Arequipa se suspendió el transporte urbano, interprovincial y de carga. Los colegios, universidades y restaurantes no atendieron. Por esta razón, en Arequipa no se acató el simulacro nacional de sismo y tsunami que dispuso el Indeci a partir de las 10 a.m.  Por la mañana los manifestantes se concentraron en la Plaza de Armas. La protesta fue pacífica salvo por un enfrentamiento entre el gremio de construcción civil y la PNP en la Av. Ejército. No hubo heridos ni arrestados. José Luis Chapa, secretario general del Frente de Defensa de Trabajadores de Arequipa, señaló que volverán al paro si el Gobierno no retira el incremento al impuesto sobre combustibles.  El Consejo Nacional de Transporte Terrestre anunció que ejecutará un paro indefinido desde el 5 de junio debido a que, entre otros puntos, el Gobierno no fiscaliza a los colectivos informales que realizan transporte interprovincial en las carreteras del país. Los manifestantes se concentraron en la Plaza de Armas de Arequipa.","elcomercio","01/06/2018"
"Propuesta para formalizar autos colectivos","Si la Sunat no tiene la suficiente capacidad para poder regular el sistema de transporte terrestre, de los buses, imagínese la cantidad de autos que van a tener que estar supervisando y vigilando, señor presidente. Richard Arce, Nuevo Per.  Una ley no solucionará el problema de los colectivos. Para el presidente de la Comisión de Transportes, el proyecto aún no está listo para ser aprobado. La propuesta fujimorista está en la agenda del pleno.  La realidad nos dice que falta mano dura en el transporte. Tiene que prevalecer el principio de autoridad. Dentro de la bancada hay discrepancias, no somos un batallón de una fuerza armada ni una secta.  Roy Ventura, presidente de la Comisión de Transportes, cree que es una iniciativa necesaria –especialmente en regiones–, pero inútil si no la acompaña una rigurosa regulación. Esperamos darles las herramientas legales. Les queremos decir: MTC: este es tu marco legal y, en mérito a esto, te autorizo. Debemos buscar un término medio para que los M1, M2, M3 puedan estar satisfechos y sea la oferta y la demanda las que deban definirlo.  Formalizarlos es decirles: vengan, pero cumplan con estos requisitos y, quien no quiere, va a seguir trabajando en la informalidad. Que salga la ley no va a solucionar el problema porque no es reglamentarista. Como presidente de la comisión tengo que asumir el dictamen. Debe haber un análisis más profundo para encontrar un punto intermedio.","elcomercio","01/06/2018"
"Contralora encuentra indicios de corrupción en obras de la mmL","Los Libertadores, conocido como el puente mellizo del cruce Solidaridad, estuvo a punto de desplomarse tras el fenómeno de El Niño Costero en el 2017. Uno de sus pilares tuvo que ser sostenido por una grúa.  Entre los ejecutivos de Emape señalados como responsables de estos procesos con indicios de corrupción, se repite el nombre de José Luis Justiniano, gerente técnico de la entidad. Se señala que él participó en todas las fases de las licitaciones.  Se identifican a 11 funcionarios de Emape involucrados en las cuestionadas licitaciones. Las responsabilidades son administrativas, civiles y penales.  Son S/7,5 millones los montos totales auditados por ambas obras. S/5 millones corresponden a Los Libertadores.","elcomercio","01/06/2018"
"Web del diario Gestión que se revisarán dos contratos de concesiones viales","A partir de las conclusiones de un estudio elaborado por ESAN para el Consejo Nacional del Transporte Terrestre (CNTT), conglomerado de gremios de transportistas de carga y pasajeros que ha anunciado una paralización nacional el 5 de junio.  Tenemos dos concesiones que ameritan una revisión. Ahí veremos los proyectos y si las condiciones han variado ostensiblemente respecto al concurso, y por acuerdo de las partes, nos sentaremos con el concesionario, y expondremos ambas partes nuestros puntos de vista, dijo Estremadoyro.  Las cifras que han presentado son de un estudio privado de ESAN, lo tenemos que revisar con el MEF. Este no es un tema sencillo, lo tenemos que estudiar dos o tres semanas, y a partir de ah tomararemos decisiones que sean responsables, detalló el funcionario.  Además, según Gestión, Estremadoyro indicó que el MTC está trabajando en una norma para regular las utilidades que obtienen las empresas titulares de concesiones viales. Lo que tenemos que regular, es que la utilidad sea muy equilibrada, con un margen razonable, dijo.","elcomercio","01/06/2018"
"Trump impone aranceles a Canadá, México y la UE","El Gobierno Estadounidense decidi reactivar los nuevos aranceles al acero (25%) y al aluminio (10%) importado de la Unión Europea (UE), México y Canadá, una medida que había dejado en suspenso hasta ayer. La decisión, anunciada por el secretario de Comercio estadounidense, Wilbur Ross, se conoci horas antes de que vencieran las exenciones temporales. Washington impuls estos gravámenes el pasado marzo, pero eximi temporalmente a los citados países, entre otros, mientras trataba de pactar algún tipo de limitación a sus exportaciones, lo que no dio resultados.  El presidente Donald Trump ha decidido en el caso de Canadá, México y la UE no extender las exenciones y, por lo tanto, quedarán sujetos al arancel del 25% al acero y del 10% al aluminio efectivo a partir de la medianoche de esta noche, dijo Ross.  Además, anunci el t-r-m-i-n-o del tiempo de espera para llegar a un acuerdo comercial con China, y advirti que los aranceles a productos valorizados en US$50.000 millones se concretarán el 15 de junio.  Esta medida se usar para vender políticamente a Trump, afirm Tania Escobedo, analista de RBC Capital Markets.","elcomercio","01/06/2018"
"Nuevo Per busca anular cambios al ISC de combustibles","Belgica, Alemania, Canad y México ya anunciaron represalias.  [Agen-cias]. El Gobierno Estadounidense decidi reactivar los nuevos aranceles al acero (25%) y al aluminio (10%) importado de la Unión Europea (UE), México y Canadá, una medida que había dejado en suspenso hasta ayer. La decisión, anunciada por el secretario de Comercio estadounidense, Wilbur Ross, se conoci horas antes de que vencieran las exenciones temporales. Washington impuls estos gravámenes el pasado marzo, pero eximi temporalmente a los citados países, entre otros, mientras trataba de pactar algún tipo de limitación a sus exportaciones, lo que no dio resultados.  El presidente Donald Trump ha decidido en el caso de Canadá, México y la UE no extender las exenciones y, por lo tanto, quedarán sujetos al arancel del 25% al acero y del 10% al aluminio efectivo a partir de la medianoche de esta noche, dijo Ross.  Además, anunci el t-r-m-i-n-o del tiempo de espera para llegar a un acuerdo comercial con China, y advirti que los aranceles a productos valorizados en US$50.000 millones se concretarán el 15 de junio.  Esta medida se usar para vender políticamente a Trump, afirm Tania Escobedo, analista de RBC Capital Markets.  --Pases responden--  La canciller alemana, Angela Merkel, sostuvo que si EE.UU. impone los aranceles, la UE dar una respuesta inteligente, decidida y acordada conjuntamente.  En este contexto, el Gobierno Belga enví un comunicado afirmando tener ya diseñada la represalia.  México anunci medidas equivalentes para diversos productos como aceros planos y preparaciones alimenticias, indic la Secretaria de Economía local.  Canad impondr aranceles compensatorios sobre productos valorizados en 16.600 millones de dólares canadienses.  Los aranceles no son un buen augurio para la resolución del TLCAN, dijo Erik Nelson, estratega cambiario de Wells Fargo en Nueva York.  La bancada de Nuevo Per present el miércoles un proyecto de ley para derogar el decreto supremo que cambia la estructura del Impuesto Selectivo al Consumo (ISC) para los combustibles. Según la iniciativa, los cambios no han considerado el impacto que tiene la medida en el precio del transporte.  El proyecto resalta que si bien la medida se presenta como una norma de carácter ambiental, el Ejecutivo ha inferido que su objetivo es generar mayor recaudación, efecto que podría lograrse con la eliminación de algunas exoneraciones dirigidas a beneficiar a grandes empresas.  --Sustento--  El proyecto se sustenta en información publicada por medios de comunicación la semana pasada, que dieron cuenta de alzas en los precios de combustibles y de pasajes. Además, critica que el alza se realice cuando el crudo ya experimentaba incrementos de precios en el exterior.  Para el tributarista Jorge Picn, de Picn y Asociados, de ser aprobado el proyecto, los cambios al ISC quedarían sin efecto, aun cuando lo usual sea que el Ejecutivo decida las tasas de este impuesto. Ha habido casos en los que el Congreso le ha enmendado la plana al Ejecutivo, pero nunca en temas tributarios relacionados con el ISC, comenta.","elcomercio","01/06/2018"
"Premio Mundial para Guerrero","Seleccin G El Tribunal Federal Suizo deja en suspenso sancin del TAS y permite que Paolo juegue en Rusia 2018.  Capitn presente  88 partidos ha jugado con la selección hasta el encuentro con Colombia (octubre 2017).  Debut  el 9 de octubre del 2004 en la derrota de la selección peruana ante Bolivia (0-1) en el Hernando Siles de La Paz. El duelo fue por las Eliminatorias rumbo al Mundial Alemania 2006.  32 goles  ha anotado hasta el momento con la selección peruana. Es el mximo goleador en la historia de la Blanquirroja.  Las Eliminatorias para Rusia 2018 han sido las mejores para Paolo Guerrero en cuanto a cuota goleadora. El Depredador marc 5 tantos y jug 17 partidos.  Viernes 1 de junio del 2018   PEDRO CANELO  Paolo Guerrero es un hroe nacional que nos ha enseado a quemar el ltimo cartucho. El delantero persigi su sueo de nio hasta que los minutos de descuento de sus posibilidades comenzaban a jugarse. Su recurso final fue obtener una medida cautelar ante el Tribunal Federal Suizo y ayer, finalmente, el caos acab. Y Guerrero lleg.  El comunicado del tribunal lleg ayer a las 7 de la mañana de Lima. Minutos antes, el Tribunal Arbitral del Deporte (TAS) tambin informaba que no iba a apelar ante este recurso presentado por la defensa del capitán. La decisión tomada en Zurich no anula el castigo a Guerrero, sino que la suspende hasta después de que culmine el Mundial Rusia 2018. Entre los argumentos presentados ante el Tribunal Federal Suizo estuvieron el factor humano (la edad de Paolo) y la demora del TAS en emitir el laudo definitivo de su sanción.  El presidente de la Divisin de Derecho Civil Primera de la Corte Federal concedi la apelación del futbolista peruano Paolo Guerrero contra la decisión de no justiﬁcada (sic) de la Corte Internacional de Arbitraje del Deporte (Tribunal de Arbitraje Deportivo, CAS)(...) El aumento del TAS, de seis meses a catorce meses de suspensión, por una infracción de las normas antidopaje de la FIFA, por lo tanto, no tiene efecto inmediato. Como consecuencia, Paolo Guerrero puede participar en la prxima Copa Mundial de la FIFA, que tendr lugar del 14 de junio al 15 de julio del 2018 Rusia, explicaba el documento del Tribunal Federal Suizo. Como para leerlo cien veces y poder, al ﬁn, creerlo.  --Caso viable--  Qu tuvo que ocurrir para que cambiara la estrategia de defensa de Guerrero? Según Edwin Oviedo, presidente de la Federación Peruana de Ftbol, hubo un acto de desprendimiento de Paolo al pelear por la suspensión de la pena y ya no insistir (por ahora) en la absolución. Nuestro capitán puso esta vez a la selección por sobre todas las cosas, explic el directivo.  Para esta modificación en su plan de defensa, Guerrero apel a la contratación de un grupo de abogados suizos y no dej de lado la asesoría de Julio García. En esta parte del proceso ya no formaron parte ni el brasileo Pedro Fida ni el espaol Juan de Dios Crespo. Esto ocurri porque el mbito donde se desarrollaba el proceso era diferente.","elcomercio","01/06/2018"
"El loco del martillo","Hoy en día, uno pensaría que... ","elcomercio","01/06/2018"
"Contento por fin de cuarentena!","Estoy feliz porque...","elcomercio","01/06/2018"
"Urgente: Se busca perro perdido. Recompensa: 500 soles.","NA","elcomercio","01/06/2018"
"NA","El juez Huamani ordenó...","elcomercio","01/06/2018"
"La escasa suerte del Apra en la elección municipal","De los últimos once comicios en Lima, solo en uno el partido logró llegar al sillón municipal. An no tiene definido a su candidato para este año.  MARIO MEJA  La suerte casi siempre le ha sido adversa al Partido Aprista en la plaza limeña. Sus candidatos al sillón de la municipalidad metropolitana –salvo Jorge del Castillo, quien triunfó en 1986– obtuvieron baja votación desde 1980 hasta el presente. Incluso no llegó a participar en tres elecciones debido a que sus expectativas de triunfo eran muy remotas.  Para las próximas elecciones del 7 de octubre el panorama tampoco se muestra optimista para el partido de la estrella. De hecho, aún no está definido si presentarán candidato. Su Tribunal Electoral de Lima evalúa la validez de la elección del abogado René Nezz, realizada en una contienda interna el pasado viernes, en la que solo participaron 341 votantes.  El polítologo Fernando Tuesta aseveró que Lima nunca se inclinó por el Apra, a excepción de 1986 y que por eso los candidatos de este viejo partido no tuvieron la aceptación de la ciudadanía en los procesos electorales.  Casi siempre hemos perdido y eso tiene una explicación política, Lima no es una buena plaza para el Apra. Benigno Chirinos, Secretario General Político del Apra.  Candidatos como el ex rector de la Universidad Villarreal Justo Debarbieri (1980), Mercedes Cabanillas (1989), Luis Alvarado (1993) y Carlos Roca (1998) tuvieron escasas votaciones. Benigno Chirinos, secretario general político del Apra, reconoce que Lima nunca fue una buena plaza para el partido. No obstante, dice que siempre les ha preocupado la ciudad y se han empeñado en presentar un buen plan de gobierno. Cuando nos tocó servirla en 1986 tuvimos una gestión que terminó con buena aceptación, expresó.  En 1986, Del Castillo, que ya había sido alcalde de Barranco, gan ajustadamente al izquierdista Alfonso Barrantes gracias al respaldo que le dio el entonces presidente Alan García, quien en un recordado balconazo en Palacio de Gobierno pidió votar por él.  Después de esa oportunidad, el mejor desempeño electoral que obtuvo el Apra fue en las elecciones del 2014, en las que el ex ministro Enrique Cornejo consiguió el segundo lugar con el 17% de los votos válidos.  Para Tuesta, el declive del Apra en Lima viene acentuándose desde hace años y opinó que el caso de Cornejo es un hype electoral que tiene más marca personal que partidaria.  El congresista Mauricio Mulder (PAP) también admite que su partido históricamente no ha tenido suerte en Lima y que eso se debe a que la gente tiene una imagen muy política de la agrupación.  Para Lima se hace énfasis en el carácter técnico de los candidatos y eso no cuadra con la imagen de políticos que tienen de nosotros, nos ubican más en el Parlamento que en un cargo de alcalde, sostiene.  El gobierno feliz de Vizcarra  JAIME DE ALTHAUS  Periodista y antropólogo  Es imposible gobernar sin conflictos. No hay manera de mejorar los servicios públicos ni aumentar la inversión privada, sin encontrar resistencia de grupos que se benefician del status quo.  Si se quiere mejorar la calidad de la educación, se tienen que adoptar estándares exigentes y meritocráticos que provoquen la resistencia de los gremios de profesores, salvo que se encuentre la manera de involucrarlos. Si se quiere tener hospitales eficientes y eliminar colas, habrá resistencia de los médicos malacostumbrados a sus prácticas privadas. Si concesionamos la gerencia, grita la Federación Médica. Si queremos cambiar el SIS para ya no pagar por atención médica (que lleva a multiplicar las atenciones para jalar más presupuesto), sino una cantidad por persona por red (que lleva a dar el mínimo de atenciones suficiente y reforzar la atención primaria para tener así más recursos para mejoras), enfrentaremos la resistencia de los proveedores de medicamentos e insumos, que es lo que está ocurriendo ahora.  Si queremos tener una burocracia profesional y meritocrática en todo el Estado, se rebelan los sindicatos. Si queremos reducir normas y digitalizar procesos en beneficio del ciudadano, se oponen los que medran de esas normas y procesos. Si queremos mejorar el psímo servicio de agua potable, se resisten los funcionarios que venden el agua por su cuenta y los que se oponen a la necesaria alza de las tarifas. Si queremos carreteras y mantenerlas bien con peajes, paran insistemente los transportistas. Si queremos depurar la policía, mueven sus redes judiciales y congresales los policías corruptos.  Y si queremos facilitar la formalización laboral, se oponen la CGTP y el ministro de Trabajo. Si procuramos inversión minera limpia y responsable, arremeten de todas maneras los antimineros. Y así sucesivamente.  Pero si, por no afectar a nadie, no hacemos nada, nos hundiremos en el pantano de la involución. Y all sí nos devoraremos unos a otros.  Para convencer o vencer las resistencias, se necesita liderazgo y explicación. Y buscar acuerdos políticos y alianzas sociales. También ayuda mantener un nivel alto de aprobación. Esta, lamentablemente, está bajando, pese a ceder en todo. Es que nadie quiere un gobierno débil sino uno que persiga objetivos claros y señale a los que torpedean. Para recuperar aprobación el presidente debería dedicar sus viajes no a inaugurar obras sino a liderar cruzadas nacionales. Por ejemplo, contra la anemia, viendo que en cada sitio se está haciendo lo necesario y llamando la atención al que no está cumpliendo su tarea. O contra la inseguridad, interpelando a los alcaldes y comisarios que no reúnen el comité de seguridad ciudadana o a los fiscales o jueces que liberan pillos porque no hay carceletas distritales, y reclamando que las haya. O contra las colas en los hospitales, señalando a los médicos que se escapan, como Cilloniz en Ica. O para ver si está cambiando el SIS, si la gente está recibiendo sus medicamentos gratis. O llevando las tecnologías de Sierra Productiva comunidad por comunidad. Elegir dos o tres grandes cruzadas respecto de las cuales se tenga la información local suficiente para jalar las orejas. Con apoyo de medios, por supuesto.","elcomercio","01/06/2018"
"Se frustra por quinta vez debate sobre desafuero de Acua","Política  A la audiencia convocada para ayer solo asistieron dos integrantes de la Comisión de Levantamiento de Inmunidad del Congreso.  Rocco LA ROSA VSQUEZ  El presidente de la Comisión de Levantamiento de Inmunidad del Congreso, Elías Rodríguez (Apra), justificó la falta de quorum en la sesión de ese grupo, fijada para ayer, en la que se iba a definir el pedido de levantamiento del fuero del legislador Richard Acuña (APP), a solicitud de la Corte Suprema.  Rodríguez negó que haya intención de blindar a Acuña. No hay ningún problema, ninguna suspicacia. Era casi un hecho que se podía suspender [la sesión] porque es semana de representación, señaló.  Mencionó, por ejemplo, que en la sesión del último martes no estaba previsto ver la solicitud de desafuero contra Wilbert Rozas (FA), pero al final se discutió, porque siete integrantes de la comisión estuvieron presentes.  En la reunión de ayer de la Comisión de Levantamiento de Inmunidad solo se presentaron Rodríguez y Edmundo del Águila (AP).  Acuña presentará sus descargos el viernes 11. La comisión tiene un plazo de 15 días hábiles para decidir si acata el pedido del Poder Judicial.  Se citó para hoy por los plazos, pero no hay problema, será la próxima semana, expresó Rodríguez al respecto.  —En espera—  Esta es la quinta vez, desde el 19 de abril pasado, que se posterga el debate sobre el caso del legislador de APP: en cuatro ocasiones fue por falta de quorum y en la otra, por la inasistencia de Acuña.  El Poder Judicial ha solicitado el desafuero del parlamentario para investigarlo por la presunta adquisición irregular de un terreno.  Ante la comisión, el representante de APP sostuvo que en el 2004 adquirió el terreno junto con su hermana a un precio muy bajo y que en el 2010 apareció un tercero quien, de acuerdo con la versión de Acuña, les abrió un proceso civil. Esta persona aseguraba que ellos compraron la propiedad a alguien que realmente no era el dueño. Compramos de buena fe, probablemente hayamos sido engañados, señaló.  La defensa del parlamentario pidió que se declare improcedente el pedido de levantamiento del fuero por no haberse formalizado una investigación preparatoria.  Fuentes judiciales de El Comercio afirmaron que la solicitud sí procede, porque se trata de un hecho ocurrido antes de que Acuña asumiera sus funciones en el Legislativo.","elcomercio","01/06/2018"
"Simulacro nacional de sismo y tsunami","Mejor la participación  Según el Indeci, más de 8 millones de escolares y el 60% de ciudadanos participaron en el simulacro de ayer. Los resultados mostraron un mayor compromiso de la población respecto al año pasado.  Nancy Chapell  Lourdes Fernández Calvo  El Perú es un país altamente telúrico. En lo que va del año, se han registrado 609 movimientos sísmicos, según el Instituto Geofísico del Perú. Es decir, se han sentido cien sismos cada mes.  El 38% de los temblores ocurridos en el país se dio en Arequipa. El más fuerte, del 14 de enero, alcanzó la magnitud de 7,1 y afectó a las localidades arequipeñas de Yauca, Lomas, San Juan de Marcona, Chala y Acar.  Para evitar que los terremotos causen tragedias, ayer se realizó un simulacro nacional de sismo y tsunami. La fecha escogida conmemora el terremoto y aluvión que devastaron el Callejón de Huaylas, en Ancash, el 31 de mayo de 1970.  El simulacro, que empezó a las 10 a.m., recreó un terremoto de magnitud 8,5 seguido de un tsunami con olas de diez metros de alto.  El jefe del Instituto Nacional de Defensa Civil (Indeci), el general EP Jorge Chávez Cresta, precisó ayer a El Comercio que el 60% de la población peruana participó en el simulacro, lo que demuestra un mejor resultado al obtenido el año pasado que fue del 45%.","elcomercio","01/06/2018"
"Nicaragua en tensión máxima","Jornada letal ● Represin a las últimas protestas en todo el país causó la muerte de 15 personas ● Son casi 100 las víctimas fatales desde abril.  “Los agresores fueron la policía represiva y las fuerzas de choque paramilitares que responden al presidente. Centro Nicaragüense de derechos Humanos  Francisco Reyes no tenía que haber ido a la manifestación de La Madre de las Madres. Estaba en el lugar inadecuado en el momento equivocado. El tiroteo lo cogió por sorpresa. Miles de personas estaban en las cercanías de la Universidad Nacional de Ingeniería la tarde del miércoles y él fue una de las víctimas. Una bala le perforó el cráneo.  “La policía de este país tira a matar. Es una cacería todos los días”. El testimonio de José Antonio, hermano de Francisco, a la agencia EFE da cuenta de la tragedia que está viviendo Nicaragua desde el 18 de abril, cuando estallaron las protestas contra el régimen de Daniel Ortega.  El Gobierno Nicaragüense confirmó que 15 personas murieron y otras 199 resultaron heridas entre el miércoles y la madrugada de ayer en las manifestaciones antigubernamentales registradas en diferentes puntos del país. Es la segunda vez desde que estalló la crisis que el gobierno de Ortega confirma una cifra de fallecidos en medio de las protestas, en las que según organismos humanitarios los muertos rondan o superan ya el centenar en menos de 45 días.  El canciller Denis Moncada deslindó cualquier responsabilidad del gobierno: “Esta situación de violencia delincuencial que han generado grupos políticos de oposición con agendas políticas específicas, activando formatos delictivos para atemorizar a las familias, constituye una conspiración que viola la Constitución”.  El Centro Nicaragüense de Derechos Humanos (CENIDH), en cambio, acusó a las fuerzas del gobierno: “Los agresores fueron la policía represiva y las fuerzas de choque paramilitares que responden a Daniel Ortega y su esposa y vicepresidenta, Rosario Murillo”.  —Se cortó el diálogo—  El 16 de mayo se instaló una mesa de diálogo nacional, cuyas sesiones están suspendidas desde la semana pasada, con la participación de una alianza de la sociedad civil –que aglutina a estudiantes, empresarios, sector agrario y academia, entre otros– y el gobierno, que con la mediación de la Iglesia pretenden conseguir una salida a la crisis.  La Conferencia Episcopal de Nicaragua anunció justamente ayer que no reanudará el diálogo mientras “el pueblo siga siendo reprimido y asesinado”.  Además de los muertos y heridos, durante los serios incidentes del miércoles también resultaron quemadas instalaciones de la emisora oficialista Radio Ya, una cooperativa de crédito rural, en tanto resultó destruida la fachada del estadio nacional de béisbol. También fueron atacados el canal opositor 100% Noticias y las plantas de transmisión de la también opositora radio Dario.  El secretario general de la Organización de Estados Americanos (OEA), el uruguayo Luis Almagro, en un video publicado en la web, condenó “los asesinatos” y tras solidarizarse con las familias de las víctimas, llamó al Estado a “detener la violencia de estos factores represivos”.","elcomercio","01/06/2018"
"Entrevista","Ortega será obligado a irse por la creciente resistencia civil  Edmundo Jarquín Politólogo nicaragüense  Edad 72 años  Trayectoria Fue candidato por el Movimiento Renovador Sandinista en el 2006  ¿Qué opina de la reacción del gobierno ante las protestas? Primero, quiero aclarar que en Nicaragua no hay un conflicto armado. Hay una insurrección cívica. Las armas solo las tiene el gobierno. Hay una pancarta que dice: Nunca había visto tantos valientes sin armas y tantos cobardes armados.  ¿Por qué no ha podido prosperar el llamado diálogo nacional? Ha sido muy difícil porque Ortega se niega a discutir la cuestión de fondo planteada por la calle, la Conferencia Episcopal y el sector privado: la democratización.  ¿Se están produciendo ejecuciones extrajudiciales, como denuncia Amnistía Internacional? Eso es absolutamente cierto, se han producido delitos de lesa humanidad. Según nuestro Código Penal, esos delitos son imprescriptibles.  ¿Cuál rumbo puede tomar la crisis en los próximos días? Es imposible saberlo. Solo le digo que a más represión, más protestas. En todo caso, el Ejército ya ha dicho que su mandato constitucional no es sustituir o sumarse a la policía en la represión. Ortega no dejará el poder por las buenas, por su propia voluntad, será obligado a ello por la creciente resistencia civil.","elcomercio","01/06/2018"
"Los socialistas están listos para recuperar el poder en España","viernes 1 de junio del 2018  Los nacionalistas vascos le quitaron el apoyo a Mariano Rajoy y votarán por su censura. Pese a la crisis, el mandatario descartó renunciar.  Redacción Mundo  Aplastado por la corrupción en su partido, el presidente del Gobierno Español, Mariano Rajoy, perdió el apoyo de sectores clave en el Parlamento, que hoy votarán a favor de una moción de censura en su contra.  Gracias al respaldo de los nacionalistas vascos, la censura promovida por la oposición socialista contra el líder del Partido Popular (PP) está a punto de cristalizarse. Así, Pedro Sánchez, cabeza del PSOE, pasará a ser el sucesor de Rajoy.  El aún presidente, un veterano dirigente de 63 años, ha ocupado todo tipo de cargos en la política española. Durante su mandato sobrevivió a la peor crisis económica en cuatro décadas y al desafío separatista catalán.  “Su permanencia al frente de la presidencia del gobierno es dañina, y es un lastre no solo para España, sino para su partido, le espetó Sánchez a Rajoy durante el debate parlamentario.  A su vez, Rajoy acusó a Sánchez de usurpar el poder. “Todo el mundo sabe que Pedro Sánchez no va a ganar nunca las elecciones y esta es la razón de la moción: sus urgencias, dijo el mandatario a los legisladores, al tiempo que recordó que los socialistas perdieron dos elecciones con Sánchez como candidato.  El PP anunció ayer que Rajoy no renunciará antes de la votación por la moción de censura.  —El Caso Gürtel—  Hace apenas ocho días el líder conservador veía su mandato a salvo, pues el Congreso aprobó los presupuestos del Estado.  Sin embargo, al día siguiente la Audiencia Nacional emitió la sentencia del Caso Gürtel, que condenó a 29 personas a 351 años de prisión, incluida una docena de ex dirigentes del PP.  La sentencia también obligó al partido a pagar 245.492 euros como “partícipe a título lucrativo” de la trama corrupta, y dio por probado que el PP tuvo una caja negra desde 1989.  Igualmente, puso en duda la credibilidad de Rajoy, quien había dicho ante los jueces que ignoraba cualquier financiación ilegal de su agrupación.","elcomercio","01/06/2018"
"Ni Duque ni Petro convencen a rivales en Colombia","Ex candidatos prefieren votar en blanco en la segunda vuelta del domingo 17.  El ex candidato presidencial de Colombia Sergio Fajardo, que se qued corto para pasar a la segunda vuelta pero obtuvo unos codiciados 4,6 millones de votos (23,73%) en las elecciones del fin de semana pasado, anunció que no apoyará a ninguno de sus dos rivales que buscarán convertirse en el próximo mandatario del país.  Tras sorprender en los comicios al quedar a solo punto y medio del balotaje, el profesor de matemáticas de 61 años aseguró ayer que votará en blanco, desairendo al derechista Iván Duque y al izquierdista Gustavo Petro, quienes lo venían cortejando en busca de respaldo desde que se conocieron los resultados de la primera vuelta.  “Quienes votaron por nosotros son ciudadanos libres, serenos, atentos, pensantes, crticos. No siguen simplemente órdenes, dijo el centroizquierdista Fajardo en una carta enviada a la prensa en la que explicó su decisión. Votar en blanco. En la campaña dije una y otra vez que ni Duque ni Petro, y no lo hice como una mera artimaña.  Partidos antisistema acuerdan un nuevo gobierno en Italia  Los líderes populistas reactivaron coalición y presentarán otro Gabinete.  Tras una semana de incertidumbre, que llevó incluso a alterar las bolsas europeas, Italia tendrá pronto un nuevo gobierno. El líder del populista Movimiento 5 Estrellas, Luigi di Maio, y el líder de la derechista Liga, Matteo Salvini, llegaron a un nuevo acuerdo. “Se han reunido todas las condiciones para formar un gobierno, anunciaron en un comunicado conjunto.  Al término de casi cuatro horas de reunión, Di Maio y Salvini lograron terminar una nueva lista de ministros, que reemplaza en la cartera de Economía a Paolo Savona, vetado el domingo por el presidente de la República, Sergio Mattarella, por sus posiciones contrarias al euro.  Sin embargo, Savona no saldr del Gabinete, pues será nombrado ministro de los Asuntos Europeos.  En Italia, una república parlamentaria, los ministros deben ser aprobados primero por el presidente, antes de que el Ejecutivo sea ratificado por el Parlamento.  —El regreso de Conte—  El Gobierno deberá ser liderado por el profesor Giuseppe Conte, un jurista sin experiencia política.  Conte fue convocado ayer por el presidente Mattarella, quien deberá designarlo como primer ministro.  Hace una semana, Conte, un profesor de Derecho de 54 años sin ninguna experiencia política, también había sido llamado por el mandatario para ser el jefe del Ejecutivo, pero su designación se cayó y llevó a una crisis de negociaciones entre el Movimiento 5 Estrellas y la Liga.  Italia llevaba 89 días sin Gobierno desde los comicios del 4 de marzo. Si los líderes de los partidos ganadores no llegaban a un acuerdo, se preveían nuevos comicios.  Los votos de Sergio Fajardo son los más codiciados.","elcomercio","01/06/2018"
"El Papa admite que Iglesia no escuchó a víctimas en Chile","Francisco envía carta a fieles de ese país y urge dejar de encubrir abusos.  Con vergüenza debo decir que no supimos escuchar y reaccionar a tiempo frente a los abusos sexuales dentro de la Iglesia, reconoció el papa Francisco en una carta dirigida a los chilenos, tras una avalancha de denuncias.  En medio de un proceso de reestructuración de la cúpula de la Iglesia Católica de ese país, Francisco volvió a dirigirse al pueblo de Chile, para instarlo a “promover conjuntamente una transformación eclesiástica que nos involucre a todos.","elcomercio","01/06/2018"
"Por qué decidi dejarlo todo en Lima y quedarse en Zúrich para acompañar a Guerrero en sus gestiones judiciales?","Lo que Paolo ha hecho por la selección y el país es muy grande. ¿Cómo no ser agradecido con él? No podíamos dejarlo solo a nuestro capitán en un momento crítico. Vinimos solo por dos días, pero asumimos este compromiso con Paolo y decidimos quedarnos hasta el final. Él me lo pidi y accedí con todo gusto. Le dije: Me quedo contigo, Paolo, hasta el final.  Ahora sí nos puede contar algunos detalles más de la reunión que tuvieron con Gianni Infantino en Zúrich? El presidente Infantino nos dijo: Ustedes ya se jugaron 90 minutos, ahora les falta jugar sus minutos de descuento. Esos minutos de descuento han sido un desafío que asumimos en Suiza. Por eso no pude estar en la despedida de nuestra selección ante Escocia, pero sabía que estaba cumpliendo una misión y no podía dejarla a medias.  Ha seguido de cerca cómo Guerrero se ha preparado físicamente en estos días? Él ha estado entrenando en doble turno porque quería estar preparado para cuando llegara este momento.","elcomercio","01/06/2018"
"CÓMO FUERON LAS REUNIONES CON INFANTINO EN ZÚRICH","El presidente Infantino nos dijo: Ustedes ya se jugaron 90 minutos, ahora les falta jugar sus minutos de descuento. Esos minutos de descuento han sido un desafío que asumimos en Suiza. Por eso no pude estar en la despedida de nuestra selección ante Escocia, pero sabía que estaba cumpliendo una misión y no podía dejarla a medias.  Ha seguido de cerca cómo Guerrero se ha preparado físicamente en estos días? Él ha estado entrenando en doble turno porque quería estar preparado para cuando llegara este momento.","elcomercio","01/06/2018"
"Interpretaciones","Según Johnny Baldivino, asesor legal de Agremiados, mediante su comunicado el TAS siente que hubo un exceso en el castigo. Es una especie de mea culpa. El tribunal suizo verificó que hubo una violación del derecho fundamental del jugador y procedió a la medida cautelar.  Le esperan dos caminos a Paolo Guerrero luego del Mundial: el tribunal declara nula la decisión del TAS y Paolo sigue trabajando con normalidad; si el tribunal confirma la decisión, Paolo seguirá cumpliendo su castigo.  Paolo solo tiene permiso para disputar el Mundial de Rusia 2018, el cual dura desde el 14 de junio hasta el 15 de julio. Luego el proceso debe seguir. El TAS debe presentarse como la parte demandada y responder preguntas por parte del tribunal.  Produjo este feliz desenlace fue en el fuero civil y ya no en el deportivo.  Fue un largo proceso que duró siete meses desde el descubrimiento del resultado analítico adverso y, posteriormente, con la sanción FIFA en dos instancias. A Paolo Guerrero, el TAS lo ha sancionado por negligencia en un caso de dopaje. Se acepta que no es consumidor de cocaína, ni que tom ventaja al beber una sustancia prohibida. Sin embargo, la sanción existe, y entraría en vigor en julio. Habrá Mundial para Paolo, aunque toca resolver cuál será su futuro profesional en el mediano plazo.  Guerrero ha dejado pendiente su demanda ante el TAS. Digamos que su caso ha quedado congelado por las semanas que dure la participación de la selección peruana en el Mundial. El ‘9’ entrenó por su cuenta en Zúrich y ahora será evaluado por los preparadores físicos de la selección para saber cómo hacerlo llegar al cien por ciento al Mundial.  Si Paolo está habilitado, tiene un lugar reservado aquí, dijo la semana pasada Ricardo Gareca. Existe un plan con el capitán. Su viaje fue el más largo, pero valió la pena. Rusia será el país de sus sueños.","elcomercio","01/06/2018"
"El dato","Francia enfrenta hoy a las 2 p.m. a Italia y Australia recibirá a las 6 a.m. a la República Checa.","elcomercio","01/06/2018"
"Nadal no tiene rivales en Roland Garros","El español aplastó al argentino Pella y ahora se medirá con el francés Gasquet.  Dos veces ganador de Roland Garros, el ex tenista español Manuel Santana aplaudió una nueva exhibición de su compatriota Rafael Nadal sobre la tierra batida parisina en su victoria sobre el argentino Guido Pella, por un aplastante 6-2, 6-1, 6-1, y le auguró un presente y futuro tan prometedores como su pasado.  Espero que vuelva a ganar otra vez [el torneo], pero ya es un éxito haberlo ganado tantos años. Vamos a tener a Nadal para rato, explicó Santana.  La leyenda del tenis español está convencido de que Rafa conquistará su undécima corona en el Grand Slam galo porque conoce la pista central como si fuera su casa y está jugando un tenis extraordinario.  El número 1 del mundo necesitó dos horas y tres minutos para elevar su racha de sets consecutivos ganados en la tierra batida de París a 32 –la última manga que perdió fue en los cuartos de final del 2015 ante Novak Djokovic– y llegar a 81 triunfos en el torneo. Y después de su paseo ante Pella que no resiste ningún análisis se medirá mañana con el local Richard Gasquet, vencedor del duelo ante Malek Jaziri por 6-2, 3-6, 6-3, 6-0.  Sé el tipo de campeón que es, pero yo quiero entrar en pista y dar lo máximo. Es un gran cruce para mí. Y será en la pista central (Philippe Chatrier). Habrá mucha gente. Pretendo hacer un buen partido, comentó Gasquet, que en 15 encuentros aún no ha podido vencer a Nadal.  Marín Cilic, Juan Martín del Potro, Dominic Thiem y John Isner también ganaron ayer sus partidos.","elcomercio","01/06/2018"
"Perú logra tres medallas de oro en bádminton y vela en Juegos ODESUR","La delegación peruana continúa con éxito su participación en los Juegos Suramericanos (ODESUR) que se disputan en Cochabamba, Bolivia. Ayer consiguió tres preseas doradas en las disciplinas de bádminton (2) y vela (1).  Daniela Macas y Dineth Knustri Ushigua lograron la medalla de oro en dobles femenino de bádminton. Mientras, la propia Knustri hizo pareja con Daniel La Torre para ganar en dobles mixtos. En ambas competencias, Perú derrotó a Brasil.  En vela, Caterina Romero obtuvo también una presea de oro para nuestro país. La joven estudiante de Administración y Negocios del Deporte gan en la especialidad de vela.  El número 1 llegó a 32 sets ganados consecutivamente en París.  Hasta el momento, Perú cuenta con ocho medallas doradas: dos en bádminton, judo y karate; uno en vela y natación.  Los atletas nacionales consiguieron además nueve de plata y dieciséis de bronce.  Cabe destacar que los Juegos Sudamericanos continuarán disputándose hasta el 8 de junio.","elcomercio","01/06/2018"
"Opinión","Viernes 1 de junio del 2018  El Comercio abre sus páginas al intercambio de ideas y reflexiones. En este marco plural, el Diario no necesariamente coincide con las opiniones de los articulistas que las firman, aunque siempre las respeta.  LA LUCHA CONTRA EL LAVADO DE DINERO  El beneficiario final  No es suficiente conocer al cliente inmediato de una empresa, sino que incluye a todas aquellas personas naturales que, al final de la cadena de estructuras societarias, son los dueños, controlan o se benefician, directa o indirectamente, de ella. Este concepto está pensado para que todo funcionario bancario esté obligado a mirar a través de cualquier estructura jurídica, llámese fundación, holding o trust y averigue quiénes son las personas de carne y hueso beneficiarias reales al final de la cadena. Por ejemplo, en los casos de los ex presidentes Alejandro Toledo o Pedro Pablo Kuczynski, si se les comprueba que se aprovechaban de las empresas con las que se les relaciona, a pesar de no ser propietarios directos, también calificarían como beneficiarios ﬁnales de estas.  Desafortunadamente, el beneficiario ﬁnal es un concepto que aún no se incorpora en la regulación de nuestro sistema ﬁnanciero. Cuando alguien solicita la apertura de una cuenta bancaria para una empresa, el sectorista se enfoca en recabar los documentos legales (estatutos, poderes, firmas) y estados financieros de ella, pero poco esfuerzo realiza en hurgar en quienes son todas las personas de carne y hueso que controlan, usufructuan o se benefician de estas empresas. Si bien la regulación de la SBS establece que las entidades ﬁnancieras están obligadas a conocer a sus clientes, este principio no está normado con el suficiente detalle, no es auditado con la suficiente rigurosidad y, por lo tanto, su aplicación real en nuestro sistema ﬁnanciero deja mucho que desear.  Por definición, el lavado de dinero en una economía ocurre al interior –y no afuera– de su sistema ﬁnanciero. Es como un cáncer que crece por dentro, muta y que una vez que hace metástasis es muy difícil de extirpar. Nuestros mayores problemas de lavado de dinero están precisamente en el llamado sector formal, empresas legalmente constituidas (especialmente el segmento de pequeñas y medianas) que ya operan con la banca y que, con el paso del tiempo, se convierten en respetables corporaciones. Está bien regular a las cooperativas, pero no hay que irse hasta el VRAEM para luchar contra el lavado de dinero; basta mirar bien y analizar los negocios y establecimientos que de un día a otro aparecen en nuestras principales ciudades. Esto es lo más grande. La SBS tiene el mandato, las herramientas y la capacidad para incorporar el concepto de beneficiario ﬁnal en su labor cotidiana de supervisión sin problemas. Después de todo, si queremos ser miembros de la OCDE, combatir el lavado de activos es una de nuestras tantas tareas pendientes.","elcomercio","01/06/2018"
"Abastecimiento, ha enviado 12 toneladas de ayuda humanitaria a Cuba, donde la tormenta tropical Alberto ha dejado cuatro muertos y miles de evacuados.","La donación generó rechazo en la oposición. El diputado Tomás Guanipa, por ejemplo, escribió en Twitter: Mientras los venezolanos se mueren de hambre por falta de comida y medicinas y el régimen impide que entre ayuda humanitaria para nuestro país, ellos envían ayuda humanitaria a Cuba (...). Esto es un crimen de lesa humanidad! Cuba ha participado activamente en la Venezuela chavista cambiando médicos y entrenadores deportivos por petróleo.","elcomercio","01/06/2018"
"El Papa admite que Iglesia no escuchó a víctimas en Chile","Con vergüenza debo decir que no supimos escuchar y reaccionar a tiempo frente a los abusos sexuales dentro de la Iglesia, reconoció el papa Francisco en una carta dirigida a los chilenos, tras una avalancha de denuncias. En medio de un proceso de reestructuración de la cúpula de la Iglesia Católica de ese país, Francisco volvió a dirigirse al pueblo de Chile, para instarlo a promover conjuntamente una transformación eclesial que nos involucre a todos. El pontífice reconoció que no aprender a escuchar es una de las principales faltas y omisiones de la Iglesia en este caso, que llevó a que se construyeran conclusiones parciales frente a una serie de denuncias no escuchadas por el clero local. El Papa confirmó también un nuevo viaje a Chile de los sacerdotes Charles Scicluna y Jordi Bertomeu, quienes estuvieron en febrero en Santiago para escuchar a las víctimas de abusos. Tras esa visita, Scicluna elaboró un extenso informe por el que Francisco resolvió invitar a Roma a tres de las víctimas y luego citó a los 35 obispos chilenos, quienes después de reunirse con Francisco le presentaron su renuncia en bloque. Un hecho indito en la historia de la Iglesia.","elcomercio","01/06/2018"
"Camino al diálogo. El secretario de Estado de EE.UU., Mike Pompeo, aseguró haber logrado un progreso real con miras al encuentro entre Donald Trump y Kim Jong-un, tras reunirse con el número dos del régimen norcoreano, Kim Yong-chol.","Morir para vivir. Un grupo de maquilladores contratados por Ucrania usaron sangre de cerdo y otros elementos para fingir la muerte del periodista ruso Arkadi Babchenko, quien acusa a Mosc de querer matarlo. Corte presupuestario. Tras 10 jornadas de protestas por el precio del petróleo, el Gobierno de Brasil subsidiará el combustible sacrificando importantes programas sociales de educación, transporte y salud, entre otros. Pro aborto. Activistas tomaron pastillas anticonceptivas frente a una corte de Irlanda del Norte exigiendo cambios en las leyes sobre el aborto. La cultura del abuso y del encubrimiento es incompatible con la lógica del Evangelio, dice el Papa.","elcomercio","01/06/2018"
"Historia de abusos","El caso emblemático es el de Fernando Karadima, quien fue suspendido y condenado canónicamente a una vida de penitencia y oración por abusos. Pese a eso, en el 2015, Juan Barros, acusado de encubrir a Karadima, asumió como obispo de Osorno. Eso hizo estallar una serie de protestas. Este fin de semana, el Papa se reunirá en el Vaticano con más víctimas de Karadima. Urge generar espacios donde la cultura del abuso y del encubrimiento no sea el esquema dominante; donde no se confunda una actitud crítica y cuestionadora con traición. Esto nos tiene que impulsar como Iglesia a buscar con humildad a todos los actores que configuran la realidad social y promover instancias de diálogo y constructiva confrontación para caminar hacia una cultura del cuidado y protección, precisó el Papa en uno de los párrafos de su carta. Cabe recordar que en los últimos quince años, ochenta curas han sido acusados de abuso sexual en Chile. Los 80 religiosos son cuatro obispos, 66 sacerdotes, un diácono, dos consagrados, seis hermanos maristas y una monja. También figura un cura peruano, Gerardo Araujo, que abusó de un niño de 12 años. La justicia civil o canónica condenó hasta enero de este año a 45 sacerdotes y religiosos. En más de 30 casos las víctimas fueron menores de edad.","elcomercio","01/06/2018"
"Preeclampsia pone vida del feto y de la madre en riesgo","El aumento de presión arterial que se presenta durante el embarazo, o preeclampsia, pone en riesgo la vida de la madre y el bebé de no tratarse a tiempo, alerta el ginecólogo mexicano Fred Morgan. Según la OMS, 10 millones de mujeres desarrollan preeclampsia al año.","elcomercio","01/06/2018"
"Unos genes humanos influencian en el tamaño del cerebro","Una familia de genes recién descubiertos –NOTCH2NL– y que se encuentran solo en humanos parece desempeñar un papel fundamental en que nuestro cerebro sea más grande respecto al de otros animales, según un estudio estadounidense en la revista científica Cell.","elcomercio","01/06/2018"
"Millones de ataques cardiacos se originan por el tabaquismo","La OMS advirtió sobre la poca conciencia del impacto de fumar en la salud cardíaca. La mitad de los siete millones de muertes anuales a causa del tabaco se atribuye a enfermedades cardiovasculares, incluyendo ataques cardiacos y accidentes cerebrovasculares.","elcomercio","01/06/2018"
"Diseñan casas para protegerse tras desastres","Las fuertes inundaciones que azotaron Piura tras El Niño costero del año pasado fueron el disparador. De qué manera se pueden solucionar los problemas causados por este tipo de eventos? El arquitecto e investigador de la Universidad de Piura (UDEP) Carlos Pastor Santa María junto con sus alumnos del curso de Construcción buscaron alternativas. Hicimos un proyecto de vivienda que contuviera el crecimiento progresivo y nos dimos cuenta de que la mejor estrategia era rescatar los sistemas tradicionales de construcción en las zonas rurales. La razón? Son sistemas que la gente domina, que están a su alcance al ser de bajo costo y que podrían ayudar de manera temporal a la habitabilidad, comenta Pastor a El Comercio. As nace su proyecto de módulo de vivienda sostenible, que acaba de ser elegido como uno de los 10 mejores en el concurso Young Architects in Latin America, en el que compitieron más de 200 participantes de la región. Inundación Suelo compacto Ventana desplegable Aire caliente Tubo PVC Estructura del techo Cobertura: calamina plástica metálica 0,60 m 2,6 m Distancia al piso 0,45 m Cimiento 0,60 m Eucalipto amarrado en escuadra Tensores de alambre Aire frío Tubo PVC Las fuertes inundaciones que azotaron Piura tras El Niño costero del año pasado fueron el disparador. De qué manera se pueden solucionar los problemas causados por este tipo de eventos? El arquitecto e investigador de la Universidad de Piura (UDEP) Carlos Pastor Santa María junto con sus alumnos del curso de Construcción buscaron alternativas. Hicimos un proyecto de vivienda que contuviera el crecimiento progresivo y nos dimos cuenta de que la mejor estrategia era rescatar los sistemas tradicionales de construcción en las zonas rurales. La razón? Son sistemas que la gente domina, que están a su alcance al ser de bajo costo y que podrían ayudar de manera temporal a la habitabilidad, comenta Pastor a El Comercio. As nace su proyecto de módulo de vivienda sostenible, que acaba de ser elegido como uno de los 10 mejores en el concurso Young Architects in Latin America, en el que compitieron más de 200 participantes de la región. Impacto Cambios drásticos De acuerdo con el arquitecto Pastor, conversar con los pobladores del Bajo Piura –una de las zonas más afectadas por El Niño costero– fue fundamental. Primero desarrollamos algunas piezas que nos indicaron que el proyecto iba a ser factible. Trajimos a tejedores del Bajo Piura para conocer sus técnicas ancestrales, las cuales fueron claves para el proyecto. Luego vinieron las publicaciones y todo lo demás. Estos módulos de vivienda se asemejan a algunos que se ubican cerca de los ros en la Amazona, al no estar sobre el suelo sino sobre cuatro patas. A diferencia de la selva, en donde se contemplan constantes inundaciones, en la zona donde se construyen estos módulos rurales no deberían volver a presentarse estos eventos, explica el experto. Señala que la estrategia de esta arquitectura elevada responde a que estos pobladores suelen convivir con animales de granja. Por un tema de calidad de vida, los animales no deberían tener acceso libre a las habitaciones de los humanos. Otra razón es que la quincha que se usa para levantar los muros queda debilitada con las inundaciones. La caña que contiene se pudre y la construcción se viene abajo. Al levantarla sobre 45 cm o 50 cm evitamos cualquier riesgo innecesario. Lo único que les faltaba a los pobladores era la técnica de construcción, indica Pastor Santa María. El principal objetivo del proyecto es darle al usuario una vivienda digna, en la que pueda sentirse seguro y cómodo. Rapidez Para levantar la estructura se requiere el trabajo de 12 a 15 personas por día. En dos días y medio la vivienda está habitable. Adecuación al medio Agrupamiento de módulos en zonas de bajo riesgo Proyecto premiado El proyecto módulo de vivienda sostenible fue exhibido en CA’ASI, Maison Commune de Architecture-Studio, como parte de las actividades colaterales de la decimosexta Bienal de Arquitectura de Venecia. Además, el proyecto es cofinanciado y asesorado técnicamente por el Programa Innvate Per del Ministerio de la Producción, a través del concurso Reto Per Resiliente. La siguiente etapa será ampliar la instalación de viviendas en la zona afectada.","elcomercio","01/06/2018"
"Crean las primeras cráneas humanas impresas en 3D","La cránea –membrana transparente que está delante del iris– juega un papel importante en el enfoque de la visión. Sin embargo, cuando esta parte falla se puede producir ceguera corneal. La situación se puede superar a través de un trasplante, pero existe una importante escasez de cráneas disponibles. Ante esa situación, investigadores de la Universidad de Newcastle lograron la primera cránea humana impresa en 3D. El estudio de esta prueba de concepto fue publicada en la revista Experimental Eye Research. Para lograrlo, los expertos usaron células madre del estroma corneal humano de una cránea donante. Las mezclaron con alginato y colágeno con la finalidad de crear una biotinta que se usar como suministro para realizar la impresión. Con una bioimpresora en 3D de bajo costo, se usó esa biotinta para alcanzar la forma de una cránea humana en 10 minutos. Muchos han buscado la biotinta ideal para hacer que este proceso sea factible. Nuestro gel mantiene las células madre vivas mientras produce un material suficientemente rígido para mantener su forma y a la vez suave para ser expulsado por la impresora, dice Che Connon, profesor de Ingeniería de tejidos de la U. de Newcastle. Esta técnica podría aliviar la falta de donantes de cránea en el mundo.","elcomercio","01/06/2018"
"Contralora encuentra indicios de corrupción en obras de la mmL","viernes 1 de junio del 2018 lino chipana/archivo  Los Libertadores, conocido como el puente mellizo del cado Solidaridad, estuvo a punto de desplomarse tras el fenmeno de El Niño Costero en el 2017. Uno de sus pilares tuvo que ser sostenido por una grúa.  Otros dos puentes con irregularidades responsables captura de video  Justiniano se hizo fama al decir que el puente se había desplomado. Entre los ejecutivos de Emape señalados como responsables de estos procesos con indicios de corrupción, se repite el nombre de José Luis Justiniano, gerente técnico de la entidad. Se señala que él participó en todas las fases de las licitaciones.  Son los funcionarios de Emape involucrados en las cuestionadas licitaciones. Las responsabilidades son administrativas, civiles y penales. 7,5 millones son los montos totales auditados por ambas obras. S/5 millones corresponden a Los Libertadores. té requisito “se modificó sin sustento técnico por gabiones [piedras], lo que redujo el nivel de protección de la estructura y la estabilidad del puente”.  Se lee en el informe que ambas razones generaron “la construcción de una estructura vulnerable” propiciándose “la afectación de la estabilidad del puente”. De esta manera, Los Libertadores no resistió los embates de El Niño costero en el 2017 y se tuvieron que invertir más de S/718 mil en “trabajos de reforzamiento”, que incluyeron el alquiler de una grúa para evitar que el puente se desplomara. Ya en la etapa de ejecución de la obra, el Departamento de Logística de Emapa “aprobó el expediente de contratación sin contar con requerimientos técnicos mínimos definidos por su área usuaria, además de no evaluar la existencia de pluralidad de postores”. Luego, se admitió la propuesta técnica del único postor, otra vez AL&M SAC, “a pesar de que no cumplió con la totalidad del equipo requerido en las bases, permitiendo adjudicarse la buena pro sin corresponderle”, indica el informe. En la fase de “ejecución del contrato”, el equipo de auditores de la contralora detectó que los funcionarios de Emapa “no aplicaron penalidades al contratista por [... ] incumplimientos” incluso realizaron pagos a la empresa por “trabajos no ejecutados”.  Elvis Argüelles Loayza era gerente de AL&M SAC durante las mencionadas licitaciones. La empresa no atendió las solicitudes de entrevistas formuladas por este Diario y, según fuentes de contralora, tampoco respondieron las consultas del equipo auditor. Emapa y el consorcio Dina Carrillo Parodi-Augusto Muroy Muroy también se abstuvieron de dar declaraciones.  Favoritismo ● Auditores indican que Emapa habría beneficiado a la empresa AL&M SAC, la misma que construyó el puente Solidaridad ● Puente peatonal y Los Libertadores costaron más de S/4,8 millones.","elcomercio","01/06/2018"
"La Contralora General de la República emiti dos nuevas auditorías","en las que se detectaron indicios de corrupción en la construcción de otros dos puentes licitados en el 2009 por la Empresa Municipal Administradora de Peaje de Lima (Emapa), entidad de la comuna metropolitana. Estos informes se conocen días después de que El Comercio difundiera la investigación que halló graves irregularidades en la ejecución del puente Solidaridad, que se cay durante las emergencias de El Niño costero en el 2017.  -Puente peatonal- El puente peatonal ubicado en el km 25+500 de la Panamericana Norte (Puente Piedra) y adjudicado por S/1’154.189 fue el primero de los investigados. Según la contralora, los funcionarios de Emapa “realizaron acciones durante el proceso de selección orientadas por el presunto interés manifiesto de beneficiar a la Constructora e Inmobiliaria AL&M S.A.C.”. Esto a pesar de que la empresa, la misma que construyó el puente Solidaridad, “no cumplió los requerimientos técnicos mínimos”.  El equipo de auditores detectó que la primera fecha para la presentación de propuestas, el 30 de junio del 2009, se postergó sin justificación formal y sin comunicar a las otras empresas interesadas. Dos días después, cuando llegó la fecha de la nueva convocatoria, “no se present ningún uno de los participantes [pero] el comité especial incluyó como postor a AL&M SAC [...]”, dice la investigación. La empresa obtuvo la buena pro a pesar de que “no contaba con registro nacional de proveedores (RNP)”, requisito básico para contratar con el Estado. La gravedad de la omisión hizo que Emapa anule el proceso y volviera a convocarlo para el 31 de julio de aquel año. En acto privado, Emapa “recibió la propuesta del único postor”, AL&M SAC, le dio los máximos puntajes y firmó el contrato “a pesar de que no presentó los 23 equipos mínimos requeridos”, precisa la auditoría.  -Los Libertadores- En octubre del 2009, Emapa dio la buena pro del puente peatonal Los Libertadores por S/3’692.833. Esta estructura buscaba conectar El Agustino y San Juan de Lurigancho.  La contralora encontró que en la etapa previa a la construcción, el Consorcio Dina Carrillo Parodi-Augusto Muroy Muroy elaboró un “expediente técnico deficiente” al establecer “la construcción de estribos con cimentación [base] superficial, no obstante correspondera un tipo de cimentación” a profundidad. Además, dicho expediente omitió lo planteado por “el estudio de hidrología e hidráulica que sugería la utilización de enrocado como sistema de protección”. Expuesto culturalmente, realizaron el Lima Mural Festival. Más de 15 artistas nacionales y extranjeros se encargaron de darle color a 24 paredes del distrito de Miraflores. En esta primera edición del festival, se buscó que los murales refuercen la cultura e identidad de los ciudadanos. Durante esos diez días, también se dictaron talleres y se ofrecieron conversatorios a cargo de los artistas.  A la iniciativa también se sumó la Comisión Nacional para el Desarrollo de Vida sin Drogas (Devida) y la comuna distrital.  El último miércoles, la jefa de Devida, Carmen Masas Claux, visit algunos murales. “El arte es algo que mobiliza, sana e integra a la comunidad. Esperamos replicar este tipo de actividades culturales en toda la ciudad”, dijo Masas Claux.  Se coordinó con propietarios y la comuna antes de pintar los murales.","elcomercio","01/06/2018"
"Polica es denunciado por homicidio de colega en Huarochir","Acusan a Forest Linares del presunto asesinato en el 2017 de Jhonatan Machaca. La Sexta Fiscalía Provincial Mixta de San Juan de Lurigancho formalizó la denuncia penal contra el suboficial PNP Forest Kevin Linares Colca, acusado del presunto homicidio calificado del agente Jhonatan Machaca Arias. El hecho ocurrió en marzo del año pasado en el sector de Jicamarca, en la provincia de Huarochir.  Según la investigación, a cargo de la fiscal Milena Morales Rondinelli, Linares Colca habría citado telefónicamente a Machaca Arias en las inmediaciones de la asociación de vivienda La Ensenada del Anillo Vial. Posteriormente, en un descampado de la zona fue hallado el cuerpo de Machaca Arias con ocho impactos de bala. A pocos metros estaba su vehículo, el cual lucía desmantelado. Los familiares del agente asesinado habían denunciado su desaparición el día anterior al crimen. Había salido de su casa, situada en el asentamiento humano Montenegro, San Juan de Lurigancho, sin avisar adonde se dirigía.  La víctima trabajaba en el Escuadrón de Emergencia Sur 1. Anteriormente prestó servicios en la Dirección de Operaciones Especiales (Dinoes) y en el Escuadrón Verde.  -Otros indicios- De acuerdo con las indagaciones de la fiscal, Linares Colca sería propietario de un arma con las mismas características de la que fue utilizada en el crimen. Adicionalmente, el suboficial habría cambiado su número telefónico cuatro días después del homicidio para evitar ser identificado.  La fiscal aún no ha podido establecer el móvil del asesinato. Sin embargo, se dio a conocer que un informe pericial de balística forense habría establecido coincidencias en los cartuchos encontrados en la escena del crimen de Jicamarca con los hallados en otra investigación de un asesinato ocurrido días antes en el distrito de Los Olivos.  Rolly Reyna","elcomercio","01/06/2018"
"El régimen de Daniel Ortega en crisis","Las barricadas y bloqueos contra el gobierno en avenidas y autopistas de Nicaragua se multiplican en los últimos días. El diálogo nacional ha quedado suspendido y no se avizora una salida pacífica en el país. Nicaragua en tensión máxima Jornada letal ● Represión a las últimas protestas en todo el país causó la muerte de 15 personas ● Son casi 100 las víctimas fatales desde abril.  “Los agresores fueron la policía represiva y las fuerzas de choque paramilitares que responden al presidente”. Centro Nicaragüense de Derechos Humanos Francisco Reyes no tenía que haber ido a la manifestación de La Madre de las Madres. Estaba en el lugar indebido en el momento equivocado. El tiroteo lo cogió por sorpresa. Miles de personas estaban en las cercanías de la Universidad Nacional de Ingeniería la tarde del miércoles y él fue una de las víctimas. Una bala le perforó el cráneo. “La policía de este país tira a matar. Es una cacería todos los días”. El testimonio de José Antonio, hermano de Francisco, a la agencia EFE da cuenta de la tragedia que está viviendo Nicaragua desde el 18 de abril, cuando estallaron las protestas contra el régimen de Daniel Ortega.  El Gobierno Nicaragüense confirmó que 15 personas murieron y otras 199 resultaron heridas entre el miércoles y la madrugada de ayer en diversas partes del país debido a enfrentamientos con la policía y grupos armados afines al gobierno.","elcomercio","01/06/2018"
"El multicampen Zinedine Zidane deja el Real Madrid","NA","elcomercio","01/06/2018"
"Critica gastronmica sobre Neira Caf Lab","NA","elcomercio","01/06/2018"
"Mecanismo en debate: Analistas indican que se eleva la valla a fiscal","Sala penal establece lmites al uso de la colaboracin eficaz. Argumento. Acuerdo aprobado por mayora precisa que declaraciones de delatores deben ser corroboradas antes de pedirse la prisin preventiva. Alcances. El texto no se pronuncia sobre otros elementos para dictar la medida provisional, como la conducta procesal o la obstruccin a la justicia. Indic que an no se elabora el rol de las citas.","elcomercio","01/06/2018"
"Encuentros sern en julio","Presidente Martn Vizcarra ratifica reuniones con lderes polticos. Objetivo. El mandatario resalta la importancia de generar consensos. En principio, conversaciones sern sobre la prevencin de desastres.","elcomercio","01/06/2018"
"Gobierno de Ortega agrava la represin en Nicaragua","Violencia. Jornada de protestas contra el rgimen acaba con 15 fallecidos y 199 heridos. Hay unos 100 muertos desde abril.","elcomercio","01/06/2018"
"Hallan irregularidades en las licitaciones de dos puentes de Emape","NA","elcomercio","01/06/2018"
"El regreso del capitn","Paolo Guerrero estar en Rusia. La esperanza se hizo realidad: el delantero se sum a la seleccion en Austria tras conocerse que su sancin qued en suspenso y que podr jugar la Copa del Mundo. El Tribunal Federal Suizo decidi a favor del peruano y la alegra mundialista fue compartida por millones.","elcomercio","01/06/2018"
"Cambiar lo que funciona","Si hay una poltica pblica que ha demostrado su efectividad es la relacionada a la promocin agrcola para la exportacin. Las cosechas del rgimen laboral agrario. Hace apenas un mes, el nuevo gobierno encabezado por Martn Vizcarra solicit facultades legislativas para, entre otros temas, extender la vigencia de las normas de promocin del sector agrario e incorporar otras actividades, como la acucola y forestal, en el mismo marco. Sin embargo, a las pocas semanas, el mismo presidente apunt que la propuesta de ampliacin del mencionado sistema ya no formara parte del pedido de facultades, sino que la discusin sobre su futuro pasara a manos del Congreso. No va a ser parte de las facultades porque ah queremos que estn presentes los proyectos que, siendo importantes, sean urgentes; por ejemplo, la reconstruccin, dijo entonces el mandatario. La reculada cay como un baldazo de agua fr para quienes apoyan la prorroga del rgimen agrario y su eventual expansin a otros sectores, entre quienes se cuentan la Asociacin de Exportadores (DEX), la Cmara de Comercio de Lima (CCL), y la Confiep, entre otras instituciones. Segn estas, las facilidades laborales de las que goza el sector son lo que ha permitido el despegue de las agroexportaciones de los ltimos aos y la creacin de empleo formal en el campo. Ms aun, ceder la responsabilidad en el tema al Congreso dicen algunos de los partidarios de la extensin del rgimen abonara incertidumbre y retrasara inversiones, mxime cuando quedan apenas tres aos de vigencia de la actual norma y los periodos de maduracin de los proyectos en el agro suelen ser de al menos cuatro aos. Las voces a favor han tenido, obviamente, resistencia desde trincheras opuestas. A organizaciones sindicales como la Central Unitaria de Trabajadores del Per (CUT) y la Confederacin General de Trabajadores del Per (CGTP) se suma el Frente Amplio en el pedido de derogacin del sistema. De acuerdo a ellos, la normativa vulnera los derechos de los trabajadores y ya no es necesaria para promover una actividad que se ha consolidado en la ltima dcada. Ya se cumplieron los objetivos de incrementar la produccin agraria, generar empleo en el sector y elevar los niveles de las exportaciones agroindustriales, dice el proyecto de ley 508, uno de los que busca acabar con los beneficios del sector agrcola. Ha trascendido que incluso el Ministerio de Trabajo sera un importante opositor a la extensin del rgimen laboral especial. La realidad, segn diversos estudios, es que los beneficios laborales en el sector agrario han producido, literalmente, buenos frutos. Hoy el Per est entre los tres primeros pases del mundo en produccin de palta, esprragos, alcachofa y arndanos, mientras que la productividad laboral agraria creci por encima del promedio nacional. Por su lado, segn un informe de Apoyo Consultora, la formalidad laboral del sector habra pasado de 16% en el 2004 a 25% en el 2017. En este sentido, lejos de desproteger a los trabajadores, el rgimen agrario ha permitido incluirlos en la formalidad. As, la incidencia en la reduccin de la pobreza rural tambin ha sido notable: segn la consultora, dicha ley ha sido parte fundamental de la reduccin de la pobreza rural, que baj de 81,3% a 38,3%. Como en todo, hay espacio para mejoras. Uno que llama particularmente la atencin es el pago de una tasa de Impuesto a la Renta menor de la que enfrenta el resto de sectores, y que forma parte del actual rgimen. Pero mientras que este tema en concreto podra revisarse, los beneficios que ha tra-do el rgimen agrario como un todo son indiscutibles. De hecho, sera positivo iniciar un debate sobre la pertinencia de ampliar este rgimen a otros sectores. En este punto, quiz valga la pena hacer mención a la falta de difusión de parte de la prensa y de otros agentes responsables respecto de las condiciones que han hecho posible el boom agroexportador de los ltimos aos. El xito del sector y su formalizacin no ha sido casualidad, sino ms bien la feliz consecuencia de un entorno regulatorio adecuado y empresarios convencidos de la oportunidad. Defender estos principios y comunicarlos adecuadamente es una tarea an pendiente en muchos aspectos. Despus de todo, se cosecha lo que se siembra.","elcomercio","01/06/2018"
"Una pelcula con cuatro captulos","Los protagonistas del Caso Guerrero. LA DEFENSA DE PAOLO OTROS PERSONAJES UN DA COMO HOY HACE 100 AOS Compra de trigo argentino a Pedro FIDA (Brasil) Abogado Abogadoooooooo Luiz Claudio CAMERON (Brasil) Bioqumico Bioqum Juan de Dios CRESPo (Espaa) Abogado Julio GARCA (Per) Abogado Edwin OVIEDO (Per) Presidente de la FPF Acompa a Paolo en Zrich y propici la reunin con Infantino. Gianni INFANTINO (Suiza) Presidente de la FIFA Recibi al jugador el pasado 22 de mayo. Craig REEDIE (Escocia) Presidente de la WADA Su entidad pidi 22 meses de castigo para Paolo ante el TAS. Decisin Defensa ante la FIFA Castigo de un ao por dopaje Defensa ante el Comit de Apelaciones de la FIFA Castigo de seis meses por dopaje Defensa ante el Tribunal Arbitral del Deporte Castigo de 14 meses por dopaje Persona que lo que defendi a b a b c a b c Defensa ante el Tribunal Federal Suizo Suspensin del castigo de 14 meses por dopaje hasta despus del Mundial de Rusia d Otro vez Andr Habla culta Martha Hildebrandt Vaso de leche El oficial Diccionario de peruanismos (2016) recoge esta expresin nominal como denominacin de un programa social que brinda apoyo alimenticio a travs de la entrega de una racin diaria de alimentos a la poblacin que vive por debajo del umbral de la pobreza. Este programa se implement desde abril de 1984 en Lima y continua hasta la actualidad en todo el pas. Vase un ejemplo de la revista limea Caretas: La muerte de Alfonso Barrantes reinstala en la memoria su estilo de poltico y su gran creacin: el vaso de leche (7/12/2000). Ilustracin: Giovanni Tazza Mientras en la Cmara de Diputados se discute la necesidad de proteger los cultivos de trigo en el Per, es necesario aceptar la oferta del gobierno argentino que nos ofrece la venta de 30.000 toneladas de trigo al precio de 12,50 pesos por cada 100 kilos. La propuesta tiene ventajas econmicas, pues el precio que se indica, calculando los gastos de flete y los descuentos de las letras con que ser pagado, el trigo argentino puesto en el Callao vendra a costar aproximadamente cinco soles el quintal. Es buen negocio. H.L.M.","elcomercio","01/06/2018"
"Contrastes en el Consejo de Ministros","Prensa escrita Prensa radial Prensa televisiva Entrevistas brindadas por cada ministro Fabiola Muoz Ambiente T: 9 Liliana La Rosa Desarrollo e Inclusin Social Salvador Heresi Justicia y Derechos Humanos T: 8 Csar Villanueva Presidencia del Consejo de Ministros TOTAL: 12 David Tuesta Economa y Finanzas TOTAL: 10 Voces y silencios ministeriales Exposicin G A dos meses de jurar, titulares de PCM, MEF y Midis concentran la vocera del Gabinete G Tres ministros no declaran an para los medios. Diego Chirinos Can El presidente de la Repblica, Martn Vizcarra, y el primer ministro Csar Villanueva concentran hoy, casi de forma exclusiva, la vocera del actual gobierno. Por estrategia o por circunstancias, las dos figuras ms importantes del Ejecutivo equiparan su peso poltico a la carga comunicacional de la gestin. Todas las semanas, casi todos los das, el presidente y el primer ministro sientan posicin sobre diversos temas de coyuntura. Vizcarra, por ejemplo, declar durante los ltimos siete das. En contraste, a casi dos meses de la juramentacin del Gabinete, an no se identiﬁcan caras visibles que diversifiquen la vocera sectorial y el desgaste que esta conlleva. Caras nuevas Desde un inicio, al Gabinete Villanueva se le identiﬁc como uno de rostros nuevos. Lo conformaban ex viceministros o funcionarios ministeriales de otro rango. La mayora no tena experiencia o exposicin a medios de prensa. Algunos de ellos reconocan estar, durante los primeros das, en procesos de media training. De algmn modo eso em- Ahora que vienen los temas calientes es cuando deben aparecer voceros adicionales del gobierno. Carlos Melndez Politlogo TOTAL: 10 Mientras el titular del MTC dio hasta ahora solo dos entrevistas, smodes no se ha presentado ante medios en ese plazo. Tampoco lo hicieron Jos Huerta (Mindef) ni Ral Prez-Reyes (Produce). El ltimo reemplaz a fines de abril a Crdova.","elcomercio","01/06/2018"
"Contraste en el gabinete","En contraste, a casi dos meses de la juramentación del Gabinete, aún no se identifican caras visibles que diversifiquen la voz sectorial y el desgaste que esto conlleva.  —Caras nuevas— Desde un inicio, al Gabinete Villanueva se le identificó como uno de rostros nuevos. Lo conformaban ex viceministros o funcionarios ministeriales de otro rango.   La mayoría no tenía experiencia o exposición a medios de prensa. Algunos de ellos reconocían estar, durante los primeros días, en procesos de media training.  Ahora que vienen los temas calientes es cuando deben aparecer voceros adicionales del gobierno, Carlos Meléndez, Politólogo.  Total: 10  Y cuando se expusieron, les enmendaron la plana o no dieron explicaciones del todo convincentes. Esto sin duda influye en el resto. Sorprende, por ejemplo, no ver en un rol activo a ministros como el de Transportes [Edmer Trujillo], o Energía y Minas [Francisco Simons]., sostiene Castillo.  Mientras el titular del MTC dio hasta ahora solo dos entrevistas, Simons no se ha presentado ante medios en ese lapso. Tampoco lo hicieron José Huerta (Mindef) ni Rafael Rey-Perez (Produce). El último reemplazó a ﬁ nes de abril a Cordova.  El desencadenamiento de controversias sectoriales como una anunciada huelga magisterial deberá decantar en un cambio. Ahora que vienen los temas calientes es cuando deben aparecer los voceros adicionales del gobierno, remarcó Meléndez.  De concretarse esa diversificación de la voz, el presidente y el primer ministro evitarán, por ejemplo, el desgaste de marcar la pauta sobre temas tributarios, educativos, extractivos o de otra índole. Hoy los temas de la prensa o los reclamos de dirigentes están llegando directamente al jefe del Estado. En la situación benévola actual puede no notarse, pero podría agravarse, concluye Castillo.  En los próximos meses se podría definir si se iguala la exposición o si el contraste dentro del Gabinete sigue en aumento.  El poder más a Villanueva. El silencio o el perfil bajo de los sectores hizo más fuerte en términos de imagen a una Presidencia del Consejo de Ministros que ya lo era, comenta el polítologo Carlos Meléndez.  Las apariciones de Villanueva se multiplicaron con el correr de las semanas. No fue así con el resto del Gabinete Ministerial.  No solo no la buscan sino que se esconden. No sé si quieren más tiempo para entrenarse, pero tienen miedo de decir algo que genere problemas. El efecto [del retiro del ex ministro Daniel] Cordova pudo haberles jugado en contra, además de la carga que tenían al ser desconocidos, advierte el analista político Enrique Castillo.","elcomercio","01/06/2018"
"Presidente Vizcarra se reunirá con líderes políticos en julio","El jefe del Estado dijo que prevención de desastres será uno de los temas de agenda.  El presidente de la República, Martín Vizcarra, ratific ayer que en julio convocará a los líderes de los partidos políticos para dialogar sobre la prevención de desastres y otros temas.  En el mes de julio vamos a tener todo un programa de reuniones con los diferentes líderes de todos los partidos políticos de nuestro país, dijo en conferencia de prensa el mandatario.  El jefe del Estado precisó que el primer ministro César Villanueva será el encargado de establecer un rol para esos encuentros.  Desde que asumió la presidencia en marzo pasado, tras la renuncia de Pedro Pablo Kuczynski, Vizcarra no ha tenido reuniones con los líderes de partidos de oposición.  El mandatario resaltó la importancia de generar consensos en diferentes asuntos, como por ejemplo, una reacción adecuada de la población frente a fenómenos naturales que generen desastres.  Vizcarra informó que el Instituto Nacional de Defensa Civil (Indeci) y el Ministerio de Transportes y Comunicaciones coordinan para acelerar el proceso de implementación de un sistema de alerta temprana en caso de sismos que permita a los ciudadanos acceder a la información por sus teléfonos celulares.  Nosotros queremos que de aquí al próximo año tengamos todos esos aplicativos, que son parte de la información que necesita el ciudadano para reaccionar mejor, expresó.  Vizcarra participará hoy en Palacio de Gobierno en el anuncio de la expansión del proyecto Toromocho (Junín), operado por la minera Chinalco Perú.  En la actividad también estarán el ministro de Energía y Minas, Francisco Simons, así como el embajador de China en Perú, Jia Guide.  Vizcarra dijo que Villanueva establecerá el rol de reuniones.","elcomercio","01/06/2018"
"El uso de la colaboración eficaz en debate","Sala Penal Nacional establece nuevos lineamientos en el uso de este mecanismo para solicitar prisión preventiva. La Fiscalía sostiene que esas restricciones son perniciosas para la búsqueda de la justicia.  Te a colaborador como una verdad sin que haya concluido su proceso de colaboración eficaz.  Lo que algunos [jueces] estaban aceptando era el dicho, considerando que era testigo y no era testigo porque participó del delito, dijo.  Ya en el 2017, en las resoluciones que dispusieron la libertad del gobernador regional del Callao Félix Moreno y Vicente Daza Arce –involucrado con la red de Rodolfo Orellana– se vislumbraban las primeras interpretaciones respecto al poco peso que la SPN le otorgaba a las declaraciones de los aspirantes a colaboradores eficaces.  Un segundo punto que establece el documento es que todos los elementos o pruebas que se recaben o se generen dentro del proceso de colaboración y que se pretendan usar para una medida coercitiva deberán ser transferidos a las partes y debatidos antes de tomar una decisión.  En resumen, la Fiscalía podría perder el efecto sorpresa y generar que el investigado pueda fugarse. Sin embargo, desde la sala sostienen que se podrá dictar su captura.  —Futuro adverso— Si bien las conclusiones a las que arribó en un pleno jurisdiccional la SPN no son de obligatorio cumplimiento para los jueces penales, sí han preocupado a los representantes del Ministerio Público porque, desde ahora, estos podrían ser más restrictivos al momento de interpretar cómo y cuándo se pueden usar las declaraciones del colaborador eficaz.  Para el Fiscal Adjunto Superior Anticorrupción Oliver Chávez Sánchez, vocero del equipo especial que investiga el Caso Lava Jato, pronunciamientos como este abren espacios de impunidad y desconocen la doctrina en materia de producción y valoración de los colaboradores eficaces.  Explicó que la ley no exige que la declaración de colaborador tenga un nivel de precisión o contundencia para recién darle valor.  Por eso sostengo que es pernicioso el pronunciamiento expresado en el pleno jurisdiccional, pues desconoce los estándares de suficiencia admitidos por la doctrina y la jurisprudencia, desnaturalizándolos al punto que la institución de la colaboración eficaz se torna en un mecanismo inservible para los fines preventivos y represivos del sistema de justicia, sostuvo.  Agrega que, con estos mecanismos, se establece que para pedir una prisión preventiva usando la colaboración eficaz, la Fiscalía aporte el mismo grado de corroboración como para condenar a una persona.  Finalmente, el fiscal advierte que, si bien estos lineamientos no tienen efectos retroactivos, sí propician un contexto en el que su uso puede afectar negativamente los casos que actualmente son investigados y cuyos involucrados están ya con prisión preventiva.  —Discrepancias— Cabe indicar que algunos jueces superiores discreparon con la posición en mayoría.  La declaración del colaborador eficaz puede ser valorada con los elementos de convicción actuados o no en el proceso de colaboración eficaz sostienen en el mismo documento.","elcomercio","01/06/2018"
"Una inflación que aún no preocupa","A pesar del alza del ISC, los precios en el país solo subieron 0,04% en mayo frente a abril. La inflación anualizada se acerca al límite inferior del rango meta del BCR.  Impacto ● Uno de los temas de política económica que más debate generaron el último mes fueron los cambios y alzas del Impuesto Selectivo al Consumo (ISC) que entraron en vigor el 11 de mayo. La posibilidad de que la medida generara alzas en los precios al consumidor caus controversia y anuncios de protestas, pero los resultados de la inflación en mayo revelan que el impacto fue limitado.  Las cifras del Instituto Nacional de Estadística e Informática (INEI) muestran que el incremento de los precios al consumidor en Lima fue 0,02% durante el mes pasado. En tanto, la variación en todo el país fue 0,04%.   Luego de los resultados negativos de abril, la inflación mostró una aceleración en la capital y, en términos anualizados, se ubicó en una tasa de 0,93%, todavía por debajo del rango meta que maneja el Banco Central de Reserva (BCR), de entre 1% y 3%. De hecho, estos resultados están en línea con lo proyectado por el ministro de Economía, David Tuesta, y por el presidente del BCR, Julio Velarde.  Si había un momento para subir el ISC, era este. Su efecto ha sido mínimo y se mezcla con el de los precios internacionales. Carlos Oliva Ex director del BCR  [La subida del ISc] no ha sido un ‘paquetazo’, pero sí hay una intención de lograr mayor recaudación. Luis Eduardo Falen Analista senior de Inteligo SAB  —Efecto impuestos—  Dentro de los productos que fueron más determinantes para la inflación de mayo resaltan cuatro que están, directa o indirectamente, vinculados con la subida del ISC: las gasolinas, que se encarecieron 4,3% durante el mes, las bebidas gaseosas (2,1%), autos nuevos (1,1%) y pasajes en transporte público (0,3%).  Al ver el detalle de las gasolinas, resalta que las que más subieron de precio fueron las afectas a mayor ISC, es decir, las de menor octanaje. Sin embargo, sus incrementos no han movido la aguja de la inflación en el plano macroeconómico.  Más aún, economistas consultados por El Comercio subrayan el rol del precio internacional del petróleo, que ha subido 17,5% en lo que va del año, en estas variaciones.  Para Carlos Oliva, director de la maestría en Gestión Pública de la Universidad del Pacífico, este era el momento propicio para subir el ISC y considera que su impacto sobre los precios no es preocupante. En cuanto a inflación, todo está dentro de lo manejable. Ni siquiera estamos en el límite inferior del rango meta, no hay de qué preocuparse, afirma el también ex director del BCR.  Pero es posible que el efecto ISC se viera con mayor claridad en junio, observa Luis Eduardo Falen, analista senior de Inteligo SAB. De hecho, prevé que el segundo trimestre de este año sea uno de los de mayor inflación en el 2018. Sin embargo, Falen explica que el principal determinante de la aceleración en el alza de precios será un efecto de base estadística, pues entre abril y junio del 2017 hubo inflación negativa.  Otro factor importante que comenzará a sentirse en junio sería la recuperación de la demanda interna, sobre todo considerando el mayor consumo que se espera por el Mundial de fútbol.  Si el ISC tuviera incidencia durante junio –comenta Oliva–, la buena noticia seria que su efecto se manifestara una sola vez, es decir, acelerara la inflación solo durante un mes.","elcomercio","01/06/2018"
"Presidente Vizcarra anunció que alista estrategia para viabilizar cartera de proyectos","El presidente Martín Vizcarra afirmó que alista una estrategia conjunta para sacar adelante la cartera de proyectos mineros, hoy valorizada en US$58.000 millones. Precisó además que ha conversado con los ministros de sectores productivos para realizar una estrategia conjunta.  En otro momento, destacó que existen regiones mineras que registran pobreza en más del 50% de su población. De ahí la necesidad de cambiar la situación junto al sector privado.  Vamos a hacerlo [ir a las zonas de actividad minera] para que la riqueza de subsuelo se convierta en riqueza de la población, por lo que el adelanto social para las inversiones mineras sea real, detalló.  Así, reafirmó que existen buenas experiencias de impacto positivo de la actividad minera en población que habita la zona de influencia de un proyecto.","elcomercio","01/06/2018"
"OCDE: ¿Qué nos hace falta?","[La OCDE] pide aplicar modelos de desarrollo territorial, aún inexistentes en el país.  Colombia es, desde la semana pasada, miembro de la Organización para la Cooperación y el Desarrollo Económicos (OCDE). Luego de siete años de gestiones, su Consejo lo admitió por unanimidad como socio número 37. El ingreso, que se formalizó esta semana en París, convierte a Colombia en el tercer miembro latinoamericano, después de México y Chile.  Colombia había logrado la aprobación, desde el 2013, de 20 comités de la OCDE. Cada examen supuso reformas legales. Para acceder a este club, le faltaban tres temas. El empleo, por el elevado grado de informalidad del mercado laboral; el comercio, por algunas controversias con Estados Unidos; y algunas observaciones en materia de derechos humanos indígenas.  ¿Qué le falta a Perú? La OCDE prácticamente nos ofrece una guía de reformas que nos llevarían al camino del desarrollo. El primer tema es gobernanza pública. Recomienda mejorar la coordinación entre el gobierno nacional y los gobiernos subnacionales, diseñar planes estratégicos basados en evidencia y profundizar los procesos de descentralización para mejorar la ejecución de las políticas públicas. Este es un tema recientemente reactivado a través del Viceministerio de Gobernanza Territorial de la PCM, que intenta reordenar el proceso de descentralización.  Sobre regulación, indica que el Estado necesita simplificar sus procesos administrativos, promover consultas públicas e independizar a los entes reguladores. Respecto de esto último, la Comisión de Defensa del Consumidor del Congreso ya está circulando un proyecto de ley que cumpliría con las exigencias de la OCDE.  En cuanto a desarrollo, recomienda mejorar la conectividad en transporte y reducir el empleo informal. Respecto del transporte urbano, se pide crear una Autoridad única del Transporte, que ya tiene un proyecto de ley. Asimismo, exige tener un Plan Nacional de Infraestructuras con priorización de los proyectos y orientación logística, donde no se ha avanzado nada. Por otro lado, pide reducir la tasa de informalidad a 50% para el 2021. Sin embargo, hasta el 2017, según el INEI, esta se encontraba en 72% y si seguimos la tendencia, recién el 2030 llegaríamos a 50%.  En materia tributaria, la recaudación en el Perú es de 16% del PBI, cuando los demás países de la OCDE están, en promedio, en 34%. Pero no solo se necesita una mayor recaudación, sino también un cambio en la estructura con políticas anti-evasión e impuestos focalizados que favorezcan al medio ambiente, como la reciente alza de impuestos a los combustibles más contaminantes.  Finalmente, sobre medio ambiente señalan que el patrimonio natural del Perú sufre una presión creciente debido a la urbanización no planeada. Advierten la necesidad de mejorar la infraestructura ambiental y la gestión de residuos sólidos. En otras palabras, se pide aplicar modelos de desarrollo territorial, aún inexistentes en el país.  Por eso, no hay mucho que pensar. Si tan solo siguieramos este camino de reformas, al Perú le iría mejor.","elcomercio","01/06/2018"
"El proyecto fue declarado de interés en agosto del 2017","El Consorcio Transportadora Salaverry – conformado por las empresas Tramsa y Naviera Tramsa, ambas del Grupo Romero – se adjudicó la concesión del proyecto para modernizar el puerto de Salaverry, ubicado en La Libertad. El proyecto demandará una inversión de US$229 millones.","elcomercio","01/06/2018"
"El proyecto fue declarado de interés en agosto del 2017.","Consorcio del Grupo Romero se adjudica puerto de Salaverry El proyecto demandará una inversión de US$229 millones. El Consorcio Transportadora Salaverry – conformado por las empresas Tramarssa y Naviera Tramarssa, ambas del Grupo Romero – se adjudicó la concesión del proyecto para modernizar el puerto de Salaverry, ubicado en La Libertad. El consorcio ganador se enfrentaba a Notable Category, perteneciente al Grupo Yildrim de origen turco. El proyecto Modernización del Terminal Portuario Multipropósito de Salaverry demandará una inversión de US$229 millones y fue concesionado por 30 años. Alberto Eccco, director ejecutivo de Pro Inversión, resaltó ayer en la ceremonia realizada en ese organismo, que el plan del consorcio ganador contempla contratar a los trabajadores de la Empresa Nacional de Puertos, respetando sus derechos laborales. Carlos Estremadoyro, viceministro de Transportes, resaltó que las nuevas tarifas beneficiarán a los usuarios.","elcomercio","01/06/2018"
"LA RESISTENCIA","La Cámara de Comercio y Producción de la Libertad, y otros cuatro gremios publicaron ayer en medios de comunicación un pedido de aplazamiento por 60 días del acto de adjudicación. Esto, porque Pro Inversión y la Autoridad Portuaria Nacional no proporcionaron información sobre el número de días de cierre al año que ocasione la modernización del puerto.","elcomercio","01/06/2018"
"Indicadores del Día","PER GEN +0,13% ANTERIOR +0,33% DOW JONES -1,02% ANTERIOR +1,26% Viernes 1 de junio del 2018 Bolsa de Valores de Lima Reporte de valores negociados, cotizaciones e indicadores de la sesión del jueves 31 de mayo del 2018 Incertidumbre y la tasa del Tesoro PAOLA ALVA Senior Research Analyst en Inteligoin Luego de una constante tendencia al alza de los yields del Tesoro desde el 2017, los últimos eventos —la disputa política en Italia, la moción de censura a Rajoy en España y la imposición de aranceles en EE.UU. a las importaciones de acero y aluminio provenientes de la UE, México y Canadá— revertieron la tendencia. Los inversionistas huyeron hacia activos considerados refugio y se redujeron los yields soberanos americanos. La reacción a las noticias esta semana fue significativa: el yield a 10 años cayó de 2,93% el lunes a 2,78% al cierre del martes, para luego recuperarse hasta 2,86%. Consideramos que la baja inicial fue exagerada y prevemos una tendencia al alza en adelante. Sin embargo, sin duda los riesgos se han incrementado y en el caso extremo de una guerra comercial o una salida de Italia de la Eurozona, el efecto negativo sobre los mercados financieros sería notable.","elcomercio","01/06/2018"
"Los que más suben","Minera Poderosa C1 5,26% Engie C1 3,68% InRetail Per C1 3,27% Telefónica del Per BC1 2,31% BCP C1 2,26%","elcomercio","01/06/2018"
"Los que más bajan","Minera El Brocal C1 -5,26% Minera Atacocha BC1 -3,51% -2,70% PXP Mining -2,56% -2,08% Panoro Minerals","elcomercio","01/06/2018"
"MTC revisará dos concesiones viales","Va a ser muy difícil sacar proyectos ahora que el nuevo gobierno prefiere no enfrentar las protestas. Gonzalo Priale Presidente de Afín El viceministro de Transportes también anuncia que se trabaja una norma para regular las utilidades de las empresas concesionarias. Redacción Economía El viceministro de Transportes, Carlos Estremadoyro, informó ayer al sitio web del diario Gestión que se revisarán dos contratos de concesiones viales, a partir de las conclusiones de un estudio elaborado por ESAN para el Consejo Nacional del Transporte Terrestre (CNTT), conglomerado de gremios de transportistas de carga y pasajeros que ha anunciado una paralización nacional el 5 de junio. Tenemos dos concesiones que ameritan una revisión. All veremos los proyectos y si las condiciones han variado ostensiblemente respecto al concurso, y por acuerdo de las partes, nos sentaremos con el concesionario, y expondremos ambas partes nuestros puntos de vista, dijo Estremadoyro. Las cifras que han presentado son de un estudio privado de ESAN, lo tenemos que revisar con el MEF. Este no es un tema sencillo, lo tenemos que estudiar dos o tres semanas, y a partir de ah tomaremos decisiones que sean responsables, detalló el funcionario. Además, según Gestión, Estremadoyro indicó que el MTC está trabajando en una norma para regular las utilidades que obtienen las empresas titulares de concesiones viales. Lo que tenemos Trump impone aranceles a Canadá, México y la UE.","elcomercio","01/06/2018"
