"headline","content","newspaper","date"
"IMPERDIBLES","Andy Polo es el nico peruano que ha marcado goles en todas las categoras de la seleccion: uno en Sub 15, 3 en Sub 17, uno en Sub 20 y uno ms en mayores.  Sin celestes Por primera vez Per ir a un Mundial sin jugadores de Sporting Cristal. En Uruguay 1930, como Sporting Tabaco, el club aport a Jorge Pardo.  Roja directa El chileno Carlos Caszely tiene la amarga marca de ser el primer jugador en recibir una tarjeta roja. Fue ante Alemania Federal en la Copa de 1974.  Gol unido Jrgen Klinsmann fue el autor del primer gol de la Alemania unida ante Bolivia en EE.UU. 94. En 1974 fue la nica vez que Alemania Democrtica particip.  Juego, pero sin chimpunes India haba clasificado a Brasil 1950, pero decidi no participar despus de que la FIFA lo obligara a usar botines. Iba a compartir grupo con Uruguay y Bolivia.","elcomercio","05/06/2018"
"NA","n velocista. Largaba la pelota y no haba quien lo agarrara. Por algo le decan el ‘Jet’.   Carrillo es veloz, pero este lejos de los standards ‘boltianos’ de Monta. Lo suyo es pura elegancia y preciosismo.   Antes de que Paolo metiera el tercero ante Arabia Saudita, su amague con derecha –con su marcador desparramado sobre el cesped– no me recordaba a J.J., sino a otro diestro de gustos refinados que con la seleccion siempre anduvo derecho: Eduardo Hugo Malvezzi.  Busquen en YouTube sus regates antes del gol del ‘Patron’ Velazquez en el Centenario, en un amistoso antes de las Eliminatorias del 85. Y luego intenten encontrar la cintura del uruguayo Bossio. El ‘Flaco’ lo hizo lento, como Andrs a un saud, 33 aos despus en Saint Gallen.","elcomercio","05/06/2018"
"El Per es el privilegiado","— Qué sensaciones tiene la organización tras optar por un Dakar 100% peruano?  Estamos superfelices de tener un país como el Perú para el Dakar. Es verdad que no es el proyecto original, pero sabemos que en el Perú hay potencial para armar un recorrido de alta calidad. Vamos a reducir a 10 etapas porque no necesitamos más, ya que con lo que tenemos hay un alto interés deportivo.  — El Perú es el salvavidas de la prueba en Sudamérica?  Es verdad. Sí, porque sin el Perú no podemos armar el Dakar. Es la realidad pura. Por eso estamos más que contentos con que sea 100% peruano y 100% dakariano porque es un terreno fantástico. Estamos en el ADN de la disciplina con el desierto peruano.  — ¿Qué les dejaron las negociaciones con Chile y Bolivia?  Desde enero hemos intentado varios proyectos con Chile, Argentina, Perú y con o sin Bolivia. Y hubo cambio de gobierno ahí, nuevo gobierno en Chile. Con Bolivia es difícil saber la real razón de esta renuncia. El contexto político global no fue el mejor y teníamos muchas malas noticias: la renuncia de Chile, el silencio de Argentina. Vamos a armar un Dakar atípico. Es la primera vez que se hará en un solo país, pero es un país fantástico. Por suerte es en el Perú.  — Dijo que podrían regresar a África. No siente que fue como un reclamo a los países sudamericanos?  Hay que entender mi comentario. Nosotros somos organizadores y hacer el Dakar en estas condiciones no es fácil. Necesitamos visibilidad con tiempo para armar las cosas.  Nuestro proyecto para el futuro es quedarnos aquí, pero necesitamos tener invitaciones o cartas de intención de los países históricos del Dakar para saber antes de fin de año si podemos o no planificar el evento.  — Ecuador lo hizo?  Pero para subir a Ecuador necesito la autorización del Perú. Sin el Perú no sé cómo puedo hacer un Dakar en Ecuador. Estamos en Sudamérica porque sabemos que hay países fantásticos para armar el rally, pero qué puedo hacer solo con una carta de Ecuador. Es difícil armar un Dakar en Ecuador porque necesito el acceso al norte peruano.  — Entonces, no se correrá en el norte del Perú?  El asunto es claro. Tenemos la preocupación de hacer bien las cosas en el tema ambiental y cultural. Hemos trabajado durante varios meses para proteger las zonas sensibles por donde hemos corrido desde la primera vez que venimos. Eso es lo que falta en el norte peruano. Por el momento no tenemos bien clara la ruta de la próxima edición, pero el norte no está en la idea hoy en día.  — ¿Qué piensan los pilotos extranjeros del Dakar peruano?  Hay un impacto positivo en los competidores. Están contentos porque ellos saben bien que en esta geografía se pueden hacer cosas espectaculares.  — Sin embargo, para los pilotos de Sudamérica será difícil venir por el tema de presupuesto.  Cuando no tienes el Dakar en tu país es difícil buscar auspiciadores y recuperar en cobertura mediática. Pero nosotros tenemos una cobertura importante con Fox Sports, con otros canales y en digital. Vamos a intentar tener una cobertura mediática fuerte para compensar.  — Fox es señal de cable en el Perú. Habrá un canal local?  Vamos a trabajar con cadenas nacionales. Eso está en mente, tener un canal local.  — ¿Y cómo compensar la localía que han perdido?  Todos van a venir a competir al Desafío Inca en septiembre porque es el mejor terreno para prepararse. La organización del Desafío va a permitir a todos entrenar en las condiciones ideales, ser un prólogo de tres días, un test en condiciones reales.  El rally tendrá 10 etapas a lo largo del desierto del sur peruano. El día de descanso será en Arequipa y el Village Dakar estará en Magdalena.","elcomercio","05/06/2018"
"El Dakar arribó al Perú en el 2012","Con la meta de llegada en Lima. En el 2013 y 2018 tuvimos la partida.  Vamos a armar un Dakar atípico. Es la primera vez que se hará en un solo país, pero es un país fantástico.  Edición, pero el norte no está en la idea hoy en día.  El Dakar continuó su marcha en territorio peruano y esta vez con un halo de exclusividad, ya que el desierto del sur del país será el único escenario que albergará el rally del próximo año del 6 al 17 de enero.  Ayer se hizo la presentación oficial de la prueba en Lima con presencia de Étienne Lavigne, director de la prueba; Roger Valencia, titular del Mincetur; Fabiola Muñoz, ministra del Ambiente; Sergio Fernández, presidente del Instituto Peruano del Deporte, y gran parte de los pilotos nacionales que disputarán la prueba.  — Características —  Serán 10 etapas que se correrán en el desierto del sur peruano, ya que en norte no es una opción hoy. Si bien no está definida la ruta, se sabe que en Arequipa sería el día de descanso, que habrá algunas etapas bucles (salida y llegada a un mismo punto) como hubo este año en Pisco y Marcona, y que las etapas no serán muy largas (450 km en promedio eran hasta este año).  La gran novedad es la llamada media maratón, la cual consiste en que los competidores de autos, camiones y UTV que abandonen en la primera semana puedan reengancharse en la segunda semana y así terminar la carrera bajo otra clasificación.  La fiesta empezará con el Village Dakar en la Costa Verde de Magdalena y luego se trasladará al sur del país.  LINO CHIPANA  Este año compitieron 19 equipos peruanos. En el 2019 se duplicarán.","elcomercio","05/06/2018"
"LeBron James es optimista pese a ir 2-0 abajo en la final de la NBA ante Warriors","Cleveland recibió la peor noticia posible: los Cavaliers perdieron la noche del domingo su segundo partido de la final de la NBA en casa de los Warriors y con el marcador 2-0 ganar mañana y el viernes es la máxima obligación para no perder el tercer anillo ante Golden State en los últimos cuatro años. La pesada mochila está ahora sobre la espalda de LeBron James.  Las cosas han ido en mi contra, no sé, desde que tenía 5 o 6 años. Estamos hablando de baloncesto. He visto las cosas muy complicadas desde mi adolescencia, comentó el alero de los Cavs que busca su cuarto título de la NBA, el segundo con el equipo de Cleveland.  La serie arrancó con un 124-114 en tiempo extra para los Warriors, que el domingo volvieron a imponerse por 122-103 con un Stephen Curry en gran nivel y con nueve triples que marcaron un nuevo récord en los playoffs.  — Fuerte de local —  Voy a hacer mi trabajo y continuar infundiendo confianza en mis compañeros hasta que suene el pitazo final. Esa es mi labor y mi responsabilidad. Es mi obligación, señaló LeBron.  Pese al 2-0 en contra, James aclara que para los Cavaliers la gran final empieza jugando en casa.  Tenemos por delante el tercer partido. Tenemos la oportunidad de ir a casa, donde hemos desempeñado un gran baloncesto, añadió.","elcomercio","05/06/2018"
"Diego Elas cosecha oro en Cochabamba","El nombre de Diego Elas es sinónimo de victoria cuando de representar al Perú se trata y ayer el deportista nacional volvió a regalarle una sonrisa al país.  El peruano logró la medalla de oro en squash masculino en los Juegos Suramericanos que se realizan en Cochabamba, Bolivia. Diego consiguió cuatro victorias claras para subir al más alto del podio. En la final de ayer, venció por 3-0 al colombiano Juan Camilo Vargas. Antes, en octavos, derrotó a Roland Palomino (3-0), en cuartos al argentino Federico Cioffi (3-0) y en semifinales al también albiceleste Robertino Pezzotta por 3-1.  En el partido decisivo, Diego superó por 11-4, 11-8 y 11-7 a su par colombiano. El peruano confirmó así su buen momento, ya que en el ranking mundial marcha en el puesto 11.  Elas y Alonso Escudero clasificaron a la final de dobles masculinos que se disputó anoche ante Paraguay, con lo que se aseguraron otra medalla.","elcomercio","05/06/2018"
"Cartas tardías","Hace algunos meses le sobrevino una fantástica iniciativa del Sunday Independent –la revista dominical del diario The Irish Times–. Ella consistía en pedir a sus lectores que escribieran la carta que, por una razón u otra, no llegaron a mandar. Esto a pesar de tener la intención de redactarla e incluso la misiva ya estaba hecha y probablemente guardada en algún cajón de su casa.  Luego de una exhaustiva selección, se publicó un grupo de cartas en un pequeño folleto titulado Lo mejor de las cartas que hubiera deseado mandar. Al leerlas, me conmovió profundamente un patrón que se repite en la gran mayoría de ellas. Fue la muerte del amigo, de los padres, del hijo o del colega el evento que evitó compartir un recuerdo entrañable, transmitir una frase de admiración, de consuelo y de agradecimiento a quien quizás la estaba esperando y desgraciadamente no le llegó. ¿Cómo puede ser que tanta sabiduría y tanto amor y gentileza desaparezcan para siempre? Sabías lo mucho que te amaba y admiraba? Me extrañas tanto como yo a ti? Se te fue el dolor?, le escribe Philzee a su padre recientemente fallecido. Y agrega, a manera de despedida, Fuiste mi roca y mi vida fue cubierta por tu gran amor, el que me protegi de la mortalidad. Ahora siento la sombra de la muerte y sé que nunca se irá de mi lado.  De todas las cartas seleccionadas, donde en líneas generales prima una suerte de arrepentimiento por aquello que no fue expresado a tiempo, me quedo con la escrita por la madre al hijo suicida y con la de la hija dirigida a su madre enferma. En la primera la madre escribe: No puedo imaginar un futuro sin ti. Te dije alguna vez que desde el momento en que naciste vi una luz que te rodeaba y que no podía quitar mis ojos de ti ni por un segundo? Entiendes lo que significó para mí perder-te? [...] Mi vida y mi espíritu serían destrozados al saber que no pude ayudar a mi hijo en su hora más oscura. ¿Cómo podría lidiar con la parálisis de la pena? Estaría constantemente llamando tu nombre y pensando dónde estarás […]?. Por favor, quédate conmigo, Patrick. Te amo demasiado para dejarte ir.  La hija apabullada por la terrible enfermedad que sufre su madre escribe: Aquí estamos las tres: tú, yo y un impostor llamado demencia y la batalla es por tu alma. Y narra: Estamos listas para luchar y día a día vivimos los cambios que nos confrontan. A veces es gracioso y otras demasiado triste. Luego de perder la batalla las preguntas se dirigen a averiguar el nuevo estado de la madre, liberada de la enfermedad: ¿Estás caminando ahora? Danzando sobre el pasto verde bajo tus pies. Finalmente libre y activa. Mi querida madre, mi única y verdadera amiga.","elcomercio","05/06/2018"
"NA","Que no fue expresado a tiempo, me quedo con la escrita por la madre al hijo suicida y con la de la hija dirigida a su madre enferma. En la primera la madre escribe: No puedo imaginar un futuro sin ti. Te dije alguna vez que desde el momento en que naciste vi una luz que te rodeaba y que no podía quitar mis ojos de ti ni por un segundo? Entiendes lo que significara para mí perder-te? [...] Mi vida y mi espíritu serán destrozados al saber que no pude ayudar a mi hijo en su hora más oscura. ¿Cómo podría lidiar con la parálisis de la pena? Estará constantemente llamando tu nombre y pensando dónde estarás […] Por favor, quédate conmigo, Patrick. Te amo demasiado para dejarte ir.  La hija apabullada por la terrible enfermedad que sufre su madre escribe: Ahí estamos las tres: tú, yo y un impostor llamado demencia y la batalla es por tu alma. Y narra: Estamos listas para luchar y día a día vivimos los cambios que nos confrontan. Algunas veces es gracioso y otras demasiado triste. Luego de perder la batalla las preguntas se dirigen a averiguar el nuevo estado de la madre, liberada de la enfermedad: ¿Estás caminando ahora? Danzando sobre el pasto verde bajo tus pies. Finalmente libre y activa. Mi querida madre, mi única y verdadera amiga.  A lo largo de mi carrera he trabajado con muchas cartas, entre ellas la correspondencia completa de la campaña electoral de Manuel Pardo. He editado otro tanto, como el medio millar de la campaña militar del mariscal Nieto. También mi padre me enviaba una carta semanal mientras completaba mi doctorado en San Diego, y ellas son, junto con las fotografías de mis hijos y nietas, mis tesoros más preciados. Ya que las cartas encapsulan recuerdos pero también sentimientos profundos, muchas veces no expresados en su debido momento, me gustaría escribir unas líneas para dos mujeres que han fallecido recientemente y cuyas muertes me han llenado de tristeza.  A Chachi Sanseviero, amiga del alma además de propagandista entusiasta y generosa de mis libros, quiero decirle: Te quiero mucho y me reconforta, en medio de la inmensa pena que me causa tu partida, el haberme despedido de ti antes de venir a Dublín. Guardaré por siempre en mi memoria cada momento que pasamos juntas en El Virrey y en La Punta, cuyas puestas de sol tanto te gustaban. Tengo frente a mí la foto que nos tomamos con Jack, tu perro amado, y que por esas cosas de la vida nunca te entregué. Eres ejemplo de compromiso, de lucha, de resistencia y de apuesta por el libro, ese invento maravilloso que nos hace soñar e imaginar un mundo mejor que este, tan imperfecto, en el que nos ha tocado vivir y del que andabas tan decepcionada últimamente. Sé que estás junto a Eduardo, tu compañero de toda la vida. Y el mío, al que tanto querías, te manda muchos besos y abrazos.  A Eyvi Guerra quiero decirle: Como mujer me enorgullecen las enormes ganas que tenías de triunfar y salir adelante por tus propios medios. Dejaste tu nativa Cajamarca para labrarte un futuro en Lima, una ciudad difícil y hostil. A pesar de ello la tomaste por asalto y mostrabas, a través de tus fotografías, lo feliz que eras y lo bien que la estabas pasando mientras concretabas tus sueños. Fuiste víctima de un feminicidio no por un designio del destino sino porque existe en el Perú una cultura machista, la que subyuga a las mujeres y, en el peor de los casos, las asesina ante su resistencia al sometimiento. Te prometo no olvidar tu nombre, ni tu sonrisa ni tu lucha por seguir viviendo. Tu crimen ha creado un hito histórico y tu sacrificio nunca será borrado de la memoria de las que luchamos por la igualdad, el respeto, la libertad y la dignidad de todas las mujeres peruanas.  Aunque poderosas, por el efecto que producen en nuestras conciencias, las cartas tardías no deberían de existir si aprendiéramos a ser más sensibles y espontáneos, compartiendo ese afecto que tanto falta nos hace en este mundo robotizado donde lo que se va imponiendo es la crueldad y la lucha por el poder, cueste lo que cueste.","elcomercio","05/06/2018"
"ILUSTRACIÓN: VÍCTOR AGUILAR","EL PRESIDENTE Y LA VIOLENCIA DE GÉNERO  Vizcarra se rinde ante las cavernas  JUAN CARLOS TAFCUR  Periodista  Si uno mide la envergadura política de nuestros últimos gobernantes, deber concluir que ha sido un exceso de optimismo el confiar en que de sus designios provendr alguna gran transformación del país.  Para hablar del último que nos ha tocado en suerte, solo queda atestiguar una profunda decepción por la enorme distancia que Martín Vizcarra exhibe respecto de la posibilidad de construir, por fin, el sueño de la modernidad republicana, o siquiera de emprender las reformas postergadas que el imperativo de la transición democrática nos puso al frente.  Si lo de Kuczynski era dilettantismo práctico, lo suyo parece rasgo de carácter. Vizcarra parece no entender siquiera algunos criterios políticos básicos para conducir el país. Sintoma de ello es su pusilánime esquive del enfoque de género como política educativa conducente a aliviar la terrible situación de violencia contra la mujer que el Perú exhibe. Su infeliz frase una vez conocido el fallecimiento de Eyvi Guerra (Nos sentimos apenados, a veces son los designios de la vida) no nos revela un mandatario torpe sino uno que ignora lo que le corresponde hacer como jefe de Estado frente al problema en cuestión. No parece tener la menor idea, nunca debe haberse puesto a pensar sobre el tema, jamás debe haber estado presente en un ambiente académico donde se haya discutido sobre ello.  Según serios reportes se reúne solícito con Keiko Fujimori y luego se avergüenza y tiene el desparpajo de negarlo, se comunica con mensajeros de Fuerza Popular antes de la vacancia de Pedro Pablo Kuczynski y no tiene el empaque de asumir políticamente su deslealtad. ¿Cómo podemos creer que sea capaz de ir al frente y desplegar una política pública correcta a despecho de que haga resonar tambores en las cavernas?  Tiene miedo del ultrismo fujimorista. Es un alicaido transador, sí, sin duda, pero no debe soslayarse que en el tema que comentamos lo es porque para él no es importante el enfoque de género y por eso cree que puede sacrificarlo a punta de mantener a la bancada y los medios naranjas aquietados. Nuestro presidente tiembla frente a los núcleos reaccionarios del país, a quienes cualquier atisbo de razonamiento abstracto les suena a neomarxismo encubierto.  Felizmente, los cambios sociales del país provendrán de los movimientos civiles. La saludable y enérgica reacción feminista, los colectivos antirracistas y anticorrupción, por citar los más notorios, están aportando una vena de cambio social que nuestra clase política jamás pudiera conducir. A lo sumo, ella deber ser reactiva a lo que está moviéndose, fuera de su ámbito, en el tejido social e institucional de la sociedad civil.  Existe toda una generación –y en curso una segunda– que ha transitado sus años de formación en un país estable, con futuro y sin violencia política (no es casual el éxito futbolístico y el ánimo deportivo diferente de nuestra selección en Rusia).  Hay que sumarle el proceso continuo de emergencia social de sectores sociales antes excluidos del éxito social y económico. La cholificación de las elites nacionales es creciente e irreversible.  En ese sentido, cabe ser optimista. La deprimente mediocridad de nuestros políticos felicesmente no va a determinar nuestro futuro. Más específicamente, debemos agradecer que nuestro acceso a la modernidad social no pase por la buena o mala voluntad de personajes tan medianos como el presidente Vizcarra.  La del estribo: la muerte de Anbal Quijano se lleva a un pensador original. Junto con Gustavo Gutiérrez y en menor medida intelectual Hernando de Soto, son peruanos que han marcado una referencia no solo nacional sino inclusive regional respecto de un pensamiento propio en alguna área académica.","elcomercio","05/06/2018"
"Martes 5 de junio del 2018","ERIK SOLHEIM  Director ejecutivo de ONU Medio Ambiente  América Latina y el Caribe están tomando medidas audaces en la lucha contra la contaminación por plásticos. Los países de la región están creando leyes y políticas osadas para impulsar una nueva economía del plástico y proteger sus preciosos recursos naturales.  Un planeta sin contaminación por plásticos es el tema del Día Mundial del Medio Ambiente 2018. Celebremos y reconozcamos lo poderosa que puede ser la acción directa de los gobiernos para abordar este problema global!  Los beneficios del plástico son innegables. Es barato, ligero, duradero y fácil de hacer. Se puede usar de mil formas distintas. Nuestra comida se mantiene fresca por más tiempo gracias al plástico y la medicina moderna no existiría sin él.  Pero las mismas propiedades que hicieron del plástico un producto revolucionario han propiciado también un ciclo de producción irresponsable y un consumo y desperdicio excesivos.  Cada año descargamos en los océanos alrededor de 13 millones de toneladas de plástico, incluidas micro partículas que entran en la cadena alimenticia, y afectan la salud de todos los seres vivos del planeta.  Las proyecciones actuales muestran que la producción mundial de plástico se disparará en las próximas décadas: se espera que llegue a la asombrosa cifra de 619 millones de toneladas en el 2030.  En América Latina y el Caribe, los gobiernos, el sector privado y la sociedad civil han entendido la urgencia de reconsiderar la manera en que producimos, usamos y gestionamos el plástico. Ahora, se están tomando medidas decisivas ‘aguas arriba’ para enfrentar la creciente marea de plásticos.  Antigua y Barbuda fue el primer país del continente en prohibir las bolsas plásticas en el 2016. Poco después, Colombia dictó una prohibición similar y en el 2017 aplicó un impuesto a las bolsas grandes de plástico que ha permitido reducir el consumo 35% y recaudar US$3,6 millones en el primer año.  Costa Rica adoptó una estrategia nacional para reducir drásticamente el uso de plásticos desechables para el 2021 y Panam se convirtió en el 2017 en el primer país de América Central en vetar las bolsas de polietileno.  El Congreso chileno aprob en días pasados una prohibición nacional de bolsas plásticas de un solo uso y ‘biodegradables’, mientras que Ecuador pretende transformar las remotas islas Galápagos en un archipiélago libre de plásticos: a partir del 21 de agosto del 2018 no se podrán vender ni usar sorbetes, envases de polietileno expandido, bolsas y botellas de plástico.  Mientras tanto, Belice y Bahamas están promoviendo estrategias ambiciosas para erradicar los plásticos y proteger la biodiversidad del mar Caribe, que es el segundo más contaminado con plásticos en el mundo.  El liderazgo y una fuerte intervención de los gobiernos son claves para adoptar nuevos modelos de negocios sostenibles. Las regulaciones y los incentivos pueden guiar a las empresas a innovar y buscar rentabilidad utilizando alternativas al plástico.  Luchar contra la contaminación por plásticos nos ayudará a preservar ecosistemas preciosos.  En América Latina y el Caribe, fabricantes, innovadores y consumidores ya se pusieron mano a la obra.  En el Perú, empresas privadas están usando botellas reciclables para elaborar mochilas que tienen un poncho incorporado y sirven para abrigar a los escolares más pobres de los Andes. En Tamaulipas, México, un grupo de jóvenes fabrica platos desechables utilizando la fibra del nopal en lugar de plástico, mientras en Chile, estudiantes universitarios diseñaron una herramienta de localización geoespacial para recuperar basura marina.  Luchar contra la contaminación por plásticos nos ayudará a preservar ecosistemas preciosos, mitigar el cambio climático y proteger la biodiversidad y nuestra salud. Esta es una batalla clave que debemos librar hoy para garantizar mañana un planeta más justo y sostenible!","elcomercio","05/06/2018"
"ILUSTRACIÓN: ROLANDO PINILLOS ROMERO","MIRADA DE FONDO  México bolivariano?  IAN VSQUEZ  Instituto Cato  México está a menos de un mes de elegir a Andrés Manuel López Obrador como presidente. Por lo menos eso cree la mayoría de los mexicanos, entre ellos expertos, con quienes me reuní la semana pasada en Ciudad de México.  También lo dicen las encuestas que han documentado un creciente apoyo a López Obrador. El periódico El País reporta que el candidato populista tiene una ventaja de hasta 20 puntos sobre su rival más cercano y calcula que tiene 92% de probabilidad de ganar.","elcomercio","05/06/2018"
"Fuertes nevadas afectan la sierra sur","Tránsito en zonas altoandinas de Arequipa y Cusco fue interrumpido.  El Servicio Nacional de Meteorología e Hidrología (Senamhi) informó que en los últimos días se han registrado intensas nevadas en las zonas altoandinas de Arequipa y Puno.  Las localidades más afectadas son las provincias arequipeñas de La Unión, Castilla, Condesuyos y Caylloma; así como Lampa, Carabaya y el Collao, en la región Puno.  En esos lugares, las temperaturas alcanzaron los -5°C y los niveles de acumulación de nieve llegaron hasta los veinte centímetros.  La Superintendencia de Transporte Terrestre, Carga y Mercancas (Sutrán) informó que el fenómeno climático ocasionó el bloqueo de un tramo de la vía que une las localidades de Imata y Santa Lucía (en Caylloma, Arequipa), así como la restricción en el tránsito a la altura del kilómetro 134 de la carretera Cusco-Quillabamba.","elcomercio","05/06/2018"
"El Ejecutivo propone reforma constitucional","En febrero de este año, César Alva secuestró, violó y asesinó a una menor de 11 años luego de que saliera de la comisaría de Canto Grande donde llevaba cursos de verano. Le espera la cadena perpetua.  Una propuesta para proteger a menores  Cambio ● Gobierno presenta proyecto de ley para que no prescriban delitos sexuales contra menores, delitos contra la humanidad y crímenes de guerra.  Se abre una nueva posibilidad para que encuentren justicia aquellos menores que sufrieron abuso sexual. Ayer el Ejecutivo hizo una propuesta para que se modifique la Constitución a fin de que los delitos sexuales contra los menores no prescriban. Este planteamiento busca fortalecer los mecanismos legales para proteger a las víctimas.  En el proyecto de ley se propone que se incorpore a la Constitución: La acción penal será imprescriptible en los delitos contra humanidad y los crímenes de guerra [...] y en aquellos delitos en los que se afecte la integridad sexual de menores de edad.  El documento plantea que los delitos contra la libertad sexual de menores no prescriban. La propuesta no solo incluye violaciones y otros tipos de abuso sexual, sino también los casos de proxenetismo; es decir, cuando se obliga a los menores a ejercer la prostitución. Tampoco prescribirán en caso de que un sujeto pague para tener relaciones sexuales con una persona de entre 14 y 18 años.  La norma propuesta modificará el artículo 139 de la Constitución, posibilitando que la ley penal regule la imprescriptibilidad de los delitos detallados. La propuesta también prevé la modificación del artículo 80 del Código Penal.  A través de un oficio dirigido al presidente del Congreso, Luis Galarreta, que lleva la firma del presidente Martín Vizcarra y del primer ministro César Villanueva, se resalta que el proyecto tuvo el voto aprobatorio del Consejo de Ministros y piden que se someta a consideración con carácter de urgencia.  El texto recoge las propuestas sobre imprescriptibilidad de delitos sexuales contra menores de edad planteadas por las bancadas de Fuerza Popular, Frente Amplio, Peruanos por el Kambio, Apra y Acción Popular.  –Secuelas en las víctimas–  Dentro de las justificaciones de la propuesta del Ejecutivo, se señala que la mayoría de casos de violación a menores quedan impunes debido a que en el momento de la agresión la víctima también sufre secuelas psicológicas que le dificultan revelar el hecho y denunciarlo.  El documento detalla que el proceso de denuncia se dificulta cuando la agresión proviene del entorno cercano o familiar del menor.  Según el Ministerio de la Mujer y Poblaciones Vulnerables (MIMP), en el 20% de los casos el agresor es el padre o la madre.  En las cárceles hay 7.901 internos procesados y sentenciados por el delito de violación sexual a menores, según el Instituto Nacional Penitenciario (INPE). Se trata del segundo delito con más internos (el primero es por robo agravado).  Se estima que 1.800 niñas de 12 años son madres producto de una violación, de acuerdo con estadísticas del Ministerio de la Mujer.","elcomercio","05/06/2018"
"Alza del ISC afectará el tráfico en Lima","Señala que la medida ocasionará que se reduzca la renovación de vehículos en la capital.  Juan Guillermo Lara  El aumento del Impuesto Selectivo al Consumo (ISC), no solo incrementará el precio de los vehículos nuevos. También generará que se importen más autos usados a gas o duales (gasolina y gas). Eso es lo que señala el presidente de la Asociación Automotriz del Perú (AAP), Edwin Derteano, quien además afirma que las medidas impedirán que se renueve el parque automotor de la ciudad.  — ¿Cómo afecta el aumento del ISC al parque automotor de Lima?  La medida dicta que ahora se pague un 10% por los vehículos nuevos que usen gasolina. Sumando el IGV, el precio final de un auto se encarecerá en un 14%, lo que afectará el mercado automotor.  — ¿Eso evitará que aumente el parque automotor?  No, porque paradójicamente se ha reducido el impuesto a los vehículos usados híbridos [que usan gas y gasolina] y eléctricos, de un 30% a un 10%. Esto quiere decir que, sin darse cuenta, están abriendo las puertas a la llegada de vehículos de segunda mano.  — ¿Cuántos autos se prevén que podrían ingresar al país con esta nueva medida?  Nuestra ciudad debería tener como máximo 80 mil taxis, pero en realidad tiene unos 200 mil. Con esta medida prevemos que solo este año ingresaran 15 mil vehículos más a un negocio saturado. Esto afectará directamente el tráfico de Lima.  — Según el MEF, el alza busca incentivar el uso de vehículos menos contaminantes.  Los países desarrollados se preocupan por renovar el parque automotor. Los fabricantes están obligados a producir vehículos que hagan más kilómetros por galón. Nuevas tecnologías para que los autos consuman menos combustible, contaminen menos y generen menos accidentes. Por el contrario, el aumento del impuesto ocasione que se reduzca la renovación de unidades.  — ¿Tienen algún cálculo respecto al impacto que tendría la medida en la renovación de unidades?  Lo ideal es que cada año se renueve en 10% el parque automotor. Sin embargo, con las medidas tomadas por el Ejecutivo la renovación sería de 6%.","elcomercio","05/06/2018"
"Poder Judicial condena a 7 años de prisión al alcalde de San Bartolo","Jorge Barthelmess Camino fue condenado por el Poder Judicial a siete años de prisión efectiva, al ser hallado culpable de los delitos contra la fe pública y la administración pública en agravio del Estado. Barthelmess, quien ocupó el cargo desde el 2003, está suspendido en sus funciones debido a los procesos judiciales que enfrenta.  El Primer Juzgado Unipersonal de la Corte Superior de Lima Sur (sede Chorrillos) también sentenció a los exfuncionarios de la comuna distrital María Lourdes Rueda Lescano y Eduardo Yesi Rodríguez Salinas, a cinco y cuatro años de prisión efectiva, respectivamente.  — Irregularidades —  De acuerdo a la sentencia, a los tres procesados se les atribuye haber mostrado interés indebido en la irregular adjudicación de un lote, sin contar con un acuerdo del concejo que apruebe la venta en subasta pública. Además, Barthelmess aprovechó su cargo para emitir indebidamente una ordenanza que modificó el reglamento de subastas públicas.  La Fiscalía Anticorrupción de Lima Sur tiene más de 20 investigaciones contra el alcalde. Actualmente, está internado en un penal debido a que en el 2017 se le dictó prisión preventiva por un caso de peculado doloso. Según la fiscal, junto con otros funcionarios habría girado y cobrado 15 cheques a nombre de proveedores fantasmas por más de S/68 mil.","elcomercio","05/06/2018"
"Mortífera erupción en Guatemala","Tragedia ● El volcán de Fuego entró en actividad y la mezcla de agua, lodo hirviendo a 700 grados y humo tóxico mató a 65 personas ● Socorristas temen que la cifra de víctimas fatales se eleve en varios pueblos.  Guatemala se sumió ayer en un inmenso dolor por la violenta erupción del volcán de Fuego, a 50 km de la capital, que sorprendió a los residentes de las cercanas y dej al menos 65 muertos. Las autoridades temen que esta cifra pueda incrementarse.  El volcán ubicado al oeste de la Ciudad de Guatemala erupcionó el domingo y envió nubes de ceniza, así como ceniza caliente mezclada con agua y escombros que bloquearon las carreteras y ocasionaron incendios en varias viviendas. Según los expertos, la explosión fue la más violenta en 40 años.  La zona carbonizada qued demasiado caliente para extraer los cuerpos de las víctimas y causó el derretimiento de los zapatos de los socorristas. Estos dijeron que encontraron cuerpos cubiertos de cenizas que parecían estatuas. La inhalación de cenizas o gases volcánicos calientes puede asfixiar a las personas rápidamente.","elcomercio","05/06/2018"
"La ciudad nicaragüense de Masaya vivió por segunda vez una noche de terror y zozobra","Asediada por grupos de choque y antimotines que atacaron a manifestantes opositores hasta la madrugada de hoy. Murieron cinco personas, según organismos de derechos humanos y la Iglesia Católica.  El ataque fue generalizado, dirá que una invasión a la ciudad con armamento pesado porque se escuchaban ráfagas, dijo a la agencia France Press el sacerdote Augusto Gutiérrez.  Los atacantes eran antimotines y grupos de civiles que entraron en camionetas con armas de fuego, lo que hizo retroceder a los muchachos en las barricadas, y que se defienden con piedras, hondas y morteros, agregó el cura.  Manejamos cinco ciudadanos de Masaya asesinados en las últimas 24 horas, dijo el secretario general de la Asociación Nicaragüense de Protección a los Derechos Humanos, Lavar Leiva.  Leiva también expresó su preocupación por denuncias de un objeto no identificado sobrevolando la ciudad, que podría ser un dron o una avioneta. Dijo que los ciudadanos empezaron a sentir un olor fétido, presumiendo que era producto de los gases lacrimógenos.  Los paramédicos dijeron que atendieron a personas con vómitos, ardor en la piel y ojos, y diarrea.  La Comisión Interamericana de Derechos Humanos elevó a 127 el número de muertos en Nicaragua desde que el 18 de abril se iniciaran las protestas contra el gobierno de Daniel Ortega.","elcomercio","05/06/2018"
"Presidente de Chile afirma que la intervención del papa Francisco en la Iglesia chilena era necesaria","Me alegro de lo que está pasando. Si bien es muy doloroso para una persona cristiana como soy yo, era absolutamente necesario para limpiar la Iglesia y que pueda iniciar una nueva etapa, dijo el mandatario en una entrevista radial.  Espero que esta acción del Papa signifique un renacer de la Iglesia, mucho más respetuosa de los niños, más cercana a la gente, menos pomposa, añadió Piñera.  En cuanto al encubrimiento de abusos, expresó: Es un grave error, se equivocó la Iglesia porque en lugar de proteger a los niños inocentes, se preocupó de defender corporativamente a sus miembros, y eso duró demasiado tiempo.  La Iglesia Católica chilena pasa por su peor crisis luego de que Francisco decidiera intervenir de manera directa. Todos los obispos chilenos han puesto sus cargos en manos del Papa.","elcomercio","05/06/2018"
"Trump defiende su derecho absoluto de perdonarse a sí mismo","El presidente de EE.UU. se refirió a la investigación federal en marcha sobre la llamada trama rusa, pero aseguró que no se autoindultará.  Como ha sido establecido por muchos académicos en leyes, tengo el derecho absoluto de perdonarme a mí mismo, pero ¿por qué lo haría cuando no he hecho nada malo?, escribió Trump en Twitter, donde repitió que la investigación sobre la participación de Moscú en su campaña es una caza de brujas encabezada por trece demócratas enfadados.  Las palabras del mandatario se producen después de que el domingo pasado, Rudy Giuliani, ex alcalde de Nueva York y abogado de Trump, apuntara que la Constitución permite el autoindulto, aunque precisó que Trump no tiene intención de hacerlo.  El presidente ha cuestionado insistentemente el trabajo del fiscal especial Robert Mueller, quien dice que llegó al cargo de forma inconstitucional.","elcomercio","05/06/2018"
"Empresas: Microsoft compra la mayor plataforma de software libre","En una operación de 7.500 millones de dólares, Microsoft adquirirá GitHub, la plataforma de software libre más grande del mundo. La medida buscará reforzar su negocio de computación en la nube y expandir su influencia entre los desarrolladores de software.","elcomercio","05/06/2018"
"Ciencias: El cambio de hábitos puede limitar el calentamiento global","El calentamiento global puede limitarse a 1,5°C – objetivo fijado en el Acuerdo Climático de París – modificando hábitos diarios, como reducir el consumo de carne roja y usar carros eléctricos. Así lo ha revelado un estudio publicado en la revista científica Nature Energy.","elcomercio","05/06/2018"
"Medio Ambiente: El volcán más activo del mundo","Detalles ampliados  Océano Pacífico  Gases predominantes: Dióxido de azufre, vapor de agua, dióxido de carbono, hidrógeno, metano y otros.  En la profundidad del volcán Kilauea la cámara magmática se llena de magma rico en gases.  Al liberarse el gas, el magma asciende por la chimenea.  Tiempos de temblores de magnitud superior a 2,5 en los últimos 2 meses.  Honolulu  Islas hawaianas  Hawai  Volcán Kilauea  Sismo del 4 de mayo  Magnitud 6,9  La chimenea es un conducto directo hacia las reservas de magma. El lago de lava que se encuentra en la cumbre actúa como un medidor de la presión de los fluidos.  Cámara magmática a varios kilómetros de profundidad.  Hawaii, una isla marcada por el vulcanismo  Hace 100 mil años emergió sobre el nivel del mar y tiene una larga historia de eventos destructivos. El más reciente ha sido causado por el volcán Kilauea.  Desde el pasado 3 de mayo se inició un nuevo episodio volcánico en la isla grande Hawaii. El volcán Kilauea –activo desde 1983– con un terremoto de magnitud 6,9 comenzó a erupcionar, abriendo varias fisuras en el suelo y alzando lava. Seis días después había destruido 27 casas, y el 17 de ese mes el volcán hizo erupción lanzando cenizas a 9.000 metros de altura.  La erupción del Kilauea es solo el episodio más reciente en la historia del archipiélago hawaiano, que nació hace 28 millones de años. La isla Hawaii –con 10.430 km²– es la más grande y la más joven, habiendo surgido hace 400 mil años y emergido sobre el nivel del mar solo hace 100 mil.  --Los puntos calientes--  El proceso por el cual se han creado las islas hawaianas es conocido como puntos calientes. Desde que fue aceptada la teoría de Alfred Wegener de la deriva continental en los años 70, el geólogo J. Tuzo Wilson propuso que las islas hawaianas se deben al lento avance de la placa tectónica sobre un punto caliente. Después se demostró que Islandia, Samoa, Santa Elena, y muchas otras islas tienen un origen similar.  Una analogía del proceso de formación seria una alfombra que corre sobre un hueco en el piso, del cual sale intermitentemente un tubo que la levanta y que echa lava. La alfombra avanza lentamente y en los sitios donde el tubo la ha levantado y se ha derramado lava quedan montículos.  En este caso, la alfombra es la placa tectónica del fondo marino y el hueco en el piso es el punto caliente. El proceso es lento porque la placa –en el caso de Hawaii– avanza hacia el noroeste a unos 51 km cada millón de años. Esto equivale a unos 5,1 cm por año, o unos 5 m en 100 años.  --Un origen distinto--  La historia de las islas que forman el archipiélago hawaiano se puede ver bajo el mar, donde comienza con lo que queda de la primera isla que se levantó hace más de 28 millones de años. En ese tiempo el fondo marino ha avanzado hacia el noroeste unos 1.400 km, que es el largo de la llamada cadena de montes submarinos Hawaii-Emperador. Hoy, la isla grande Hawaii se encuentra encima del punto caliente, que no se mueve porque viene del interior de la tierra. Mientras el fondo marino, o corteza oceánica, es parte de la corteza terrestre, el punto caliente está en el manto que comienza a más de 30 km de profundidad.  Los volcanes originados en el punto caliente son diferentes a los que están en los continentes, como los nuestros y los demás que están en el anillo de fuego. Estos se originan cuando la placa de fondo marino entra por subducción bajo el continente, dejando entrar agua en la roca caliente y causando que se derrita y suba. Este es el caso de todos los volcanes continentales en zonas de subducción, como el Misti o el Fujiyama.  --Las islas basálticas--","elcomercio","05/06/2018"
"Modificaciones en el Gabinete","‘El crecimiento se logrará en base a inversiones y una mejor recaudación, no a costa del incremento de tasas impositivas’. ‘Junto con el primer ministro, hemos decidido realizar modificaciones en el Gabinete’.  Martín Vizcarra Presidente de la República  Una de las fuentes consultadas por este Diario comentó que había mostrado incomodidad. Como muestra de esa incomodidad, Tuesta habría anunciado su renuncia directamente ante el presidente Vizcarra. Es decir, sin previo aviso al jefe del Gabinete Ministerial, como suele hacerse. ‘Nos agarró por sorpresa. No son las formas de renunciar a un cargo como este’, sostuvo otra fuente de alto nivel del Ejecutivo.  En su mensaje a la nación, el presidente Vizcarra no mencionó quién sucederá a Tuesta en el MEF. Sin embargo, el voceado para reemplazar al saliente titular de Economía y Finanzas es el último ministro de Agricultura del gobierno de Pedro Pablo Kuczynski, José Arista.   Hasta ayer, Arista ocupaba el cargo de jefe del gabinete de asesores del MEF. También representaba a este ministerio en el directorio del Banco de la Nación.","elcomercio","05/06/2018"
"Pedido al Congreso","En su discurso de ayer, luego de anunciar la salida de Tuesta, el presidente Vizcarra se dirigió al Parlamento. ‘Invitamos al Congreso de la República a que, a través de una modificación normativa, permita que la Contralora designe al Jefe de Control Interno’, señaló. La invocación se da a poco más de dos meses de que el Congreso aprobara por insistencia una norma mediante la cual ese poder del Estado mantuvo la facultad de nombrar a ese funcionario, a diferencia de los otros órganos del Estado.","elcomercio","05/06/2018"
"Ministros de Economía en los últimos cuatro gobiernos","- Régimen de Alan García Luis Carranza Ugarte DESIGNACIÓN 28/7/2006 CULMINACIÓN 14/7/2008 DURACIÓN 1 año, 11 meses y 16 días  - Luis Miguel Valdivieso 14/7/2008 20/1/2009 6 meses y 6 días  - Luis Carranza Ugarte 20/1/2009 22/12/2009 11 meses y 2 días  - Mercedes Araoz 22/12/2009 14/9/2010 9 meses y 23 días  - Ismael Benavides 14/9/2010 28/7/2011 9 meses y 12 días  - Régimen de Ollanta Humala Luis Miguel Castilla DESIGNACIÓN 28/7/2011 CULMINACIÓN 15/9/2014 DURACIÓN 3 años, 1 mes y 18 días  - Alonso Segura 15/9/2014 28/7/2016 2 años, 10 meses y 26 días  - Régimen de Pedro Pablo Kuczynski Alfredo Thorne DESIGNACIÓN 28/7/2016 CULMINACIÓN 23/6/2017 DURACIÓN 10 meses y 26 días  - Fernando Zavala 23/6/2017 18/9/2017 3 meses y 26 días  - Claudia Cooper 18/9/2017 3/4/2018 6 meses y 16 días  - Régimen de Martín Vizcarra David Tuesta DESIGNACIÓN 3/4/2018 CULMINACIÓN 4/6/2018 DURACIÓN 2 meses y 1 día","elcomercio","05/06/2018"
"Comisión de Ética aprueba suspensión para Maritza García","La parlamentaria Maritza García afirmó que Fuerza Popular toma represalias por cuestionarlos. Recomiendan 120 días de suspensión para Maritza García. La Comisión de Ética aprob por mayoría pedido de sanción contra la parlamentaria acusada de mentir en su hoja de vida en el 2016. Giovanna Cátedra.  ‘Odian que gente como yo los cuestione o investigue. No hay respeto a la ley!’. Maritza García Congresista no agrupada  La Comisión de Ética Parlamentaria aprob ayer por mayoría recomendar al pleno la suspensión por 120 días para la congresista Maritza García por haber presuntamente consignado información falsa en su hoja de vida. Horas antes, la legisladora del bloque de Kenji Fujimori envió la resolución fiscal que archivaba una investigación por los mismos hechos. Este último recurso no le sirvió.  A las 11 de la mañana llegó el documento de García. La presidenta de este grupo parlamentario, Janet Sánchez (Peruanos por el Cambio), puso al voto una propuesta para postergar por una semana el debate sobre el informe final, precisamente, por el recurso de última hora. La iniciativa no tuvo apoyo. ‘[La resolución fiscal] No tiene ningún tipo de relevancia en el Congreso. Son irrelevantes las opiniones que pueda haber tenido un fiscal. Ser un insumo, pero no debe merecer de nuestra parte mayor atención’, señaló el congresista aprista Mauricio Mulder.  El caso de la legisladora no agrupada está pendiente desde el 2016. En abril del 2017, la comisión presidida entonces por Segundo Tapia (Fuerza Popular) recomend su suspensión por un plazo de 120 días. En junio de ese año, con Juan Carlos Gonzales como titular, el pleno acordó que el caso volviera a ser analizado. La secretaría técnica planteó 90 días de suspensión. A propuesta de la congresista Milagros Salazar (Fuerza Popular) la sanción aumentó a 120 días. Esta deber ser debatida en el pleno.  A través de su cuenta de Twitter, García culpó a Fuerza Popular y señaló que este grupo no toma en cuenta el reglamento de la comisión.","elcomercio","05/06/2018"
"Comisión de Ética excluye a congresistas de Fuerza Popular","Otra de las decisiones que tomó ayer la Comisión de Ética Parlamentaria fue no incluir a los congresistas de Fuerza Popular Modesto Figueroa y Carlos Ticlla en la investigación preliminar por los videos de la presunta compra de votos para evitar la vacancia presidencial. La ampliación de esta investigación, que ya incluye a Moisés Mamani, Kenji Fujimori, Guillermo Bocángel y Bienvenido Ramírez, fue pedida por este último.","elcomercio","05/06/2018"
"Fuerza Popular aún no alcanza votos para destitución de Kenji Fujimori","A 24 horas del debate en el pleno del Congreso, Fuerza Popular aún no cuenta con los votos para destituir a los parlamentarios no agrupados Kenji Fujimori, Bienvenido Ramírez y Guillermo Bocángel. Los denunciados a raíz de las grabaciones de Moisés Mamani (FP) que muestran la presunta negociación de votos para evitar la vacancia de Pedro Pablo Kuczynski. Para lo que sí alcanzan los votos es para suspenderlos mientras duren las investigaciones en la Fiscalía. En este último caso, a Fuerza Popular le alcanzan los votos en cualquiera de los dos escenarios que se discuten sobre la votación. La polémica se ha centrado en si los integrantes de la Comisión Permanente pueden votar en el pleno. Según la Constitución, están impedidos, pero hay antecedentes de votaciones en el Parlamento en las que se les permitió hacerlo.","elcomercio","05/06/2018"
"Y la mermelada parlamentaria?","Primero fueron los televisores, luego las computadoras para diseño gráfico avanzado, las tablets, y ahí nada más los arreglos florales… Ahora, en medio de protestas contra el despilfarro de dinero en el Parlamento y marchas pidiendo que lo cierren, sale a luz otra perla: el Congreso contrató a más de cuatrocientos nuevos trabajadores durante la presidencia de Luz Salgado, según información periodística. Tres de los nuevos empleados –cuyos contratos son por tiempo indefinido y perciben salarios mayores a 14 mil soles– desempeñan funciones imposibles de precisar. Uno es especialista parlamentario, otro especialista administrativo y el tercero apoyo de la oficina de asesoría jurídica. Lo más grave: los tres figuran como aportantes a la campaña electoral del fujimorismo, según registros de la ONPE, y uno de ellos hasta fue personero legal de Fuerza Popular.  Coincidencia? Para que estos nombramientos fueran ‘legales’, la Mesa Directiva dispuso la suspensión del Estatuto del Servicio Parlamentario, que establece que para que un colaborador pase a ser estable debe cumplir con requisitos que los susodichos no cumplen. La denuncia fue hecha el domingo por ‘Cuarto Poder’ y a primera hora del lunes, luego de una andanada de críticas, Luis Galarreta no tardó en justificar lo que claramente es un acto de favoritismo político con argumentos pueriles. De acuerdo con el presidente del Congreso, ‘cualquiera puede haber sido aportante en cualquier lado, eso no tiene nada que ver’. Olvida el más entusiasta promotor de la ley ‘antimermelada’ que el financiamiento de las campañas electorales de su partido es todavía materia de investigación en la Fiscalía de Lavado de Activos (casos Odebrecht y cocteles). Y que hace apenas una semana qued claro el motivo por el cual la bancada naranja se opuso a la aprobación de una ley para que las cooperativas de ahorro y crédito sean supervisadas por la Superintendencia de Banca y Seguros con la participación de la Unidad de Inteligencia Financiera, permitiendo que siguieran en el limbo regulatorio del que hoy gozan muchas pequeñas, medianas y grandes lavanderas de dinero, producto del narcotráfico, la minería ilegal o la trata de personas.  No fue uno sino varios los congresistas fujimoristas que cubrieron sus gastos de campaña con préstamos cooperativistas. Dinero de origen sospechoso, siempre según datos del Ministerio Público. El propio Joaquín Ramírez, exsecretario general de FP, está ligado a la megacooperativa que administra la Universidad Alas Peruanas. Es que el favor con favor se paga. Y para FP las finanzas del partido están por encima de cualquier pedido de austeridad del Gobierno Central y muy lejos de la agenda pas o la lucha contra la corrupción. ¿Qué hubiese sucedido si en la segunda vuelta del 2016 no era PPK sino Keiko Fujimori quien ganaba las elecciones? ¿Quiénes hubiesen sido designados ministros? O procuradores? O jefe o jefa de la Sunat? Si el paso de Kuczynski por la presidencia fue una pérdida de tiempo, peor hubiese sido tener al fujimorismo en los dos palacios. Dios es peruano, no cabe duda.","elcomercio","05/06/2018"
"Gobierno respalda que la SBS supervise a las cooperativas","‘Esto nos ayudará a combatir la informalidad y el lavado de activos’. Martín Vizcarra Presidente de la República  El presidente Martín Vizcarra se reunió con Socorro Heysen, titular de la Superintendencia de Banca, Seguros y AFP. El presidente Martín Vizcarra expresó ayer su respaldo a la Superintendencia de Banca, Seguros y AFP (SBS) para que esta entidad supervise a las cooperativas de ahorro y crédito del país. El jefe del Estado dialogó en Palacio de Gobierno con Socorro Heysen, superintendenta de la SBS. ‘Hoy me reuní con la superintendenta de Banca, Seguros y AFP, Socorro Heysen, y le expresé el respaldo del Gobierno a la norma que permite a la SBS supervisar a las cooperativas de ahorro y crédito. Esto nos ayudará a combatir la informalidad y el lavado de activos’, manifestó el mandatario a través de Twitter. A través de la misma vía, la SBS se pronunció saludando el compromiso de Vizcarra con la norma propuesta por la entidad. ‘Su aprobación permitirá fortalecer a estas entidades [las cooperativas], que desempeñan un rol muy importante en el desarrollo económico del país’, se indicó. El encuentro se dio a poco más de una semana de que el pleno del Congreso decidiera que el dictamen de ley conjunto de las comisiones de Economía y Producción –que propone que la SBS supervise y regule a las cooperativas de ahorro y crédito– retorne a estos grupos para ser nuevamente evaluado. La propuesta para el retorno a las comisiones fue hecha en el pleno del pasado 24 de mayo por el congresista Héctor Becerril (Fuerza Popular) y fue aprobada con 46 votos a favor y 42 en contra.","elcomercio","05/06/2018"
"Farfán corre con ligera desventaja en estos últimos metros de la maratón antes de llegar a Moscú.","Gareca no solo habla claro, sino que es transparente a la hora de decidir. En los últimos dos años y medio, Farfán y Guerrero solo aparecieron en el mismo once una vez (ante Argentina en la Bombonera). Cuando Paolo volvi al gol con la Blanquirroja, corrió donde su amigo Jefferson. Se dieron un abrazo de niños en horas interminables de recreo. Más emotivo, imposible. Sería hermoso verlos juntos en el ataque, pero quizá no sea lo más necesario.","elcomercio","05/06/2018"
"Alianza expone su racha ante Municipal esta noche en Matute","Solo Janio Pósito ha marcado entre los atacantes de Alianza. Alianza lleva tres victorias seguidas en el Apertura, pero el cuadro íntimo aún no está para sonrisas porque hoy tiene un nuevo examen y es ante Municipal en Matute (8 p.m.). Cobijados por su casa pero con problemas para armar el once por los lesionados y la seguidilla de partidos –por eso la lista de convocados es de 30 jugadores con tres juveniles en ella–, los blanquiazules buscarán nuevos tres puntos para seguir entre los primeros del certamen. Son segundos a un punto del líder Melgar. Para Pablo Bengoechea, el plantel se está exigiendo al máximo y espera cerrar de la mejor manera antes de la pausa por el Mundial en sus duelos ante Municipal y Garcilaso en Cusco. Por eso, esta noche la duda es si Gonzalo Sánchez sigue de titular y ‘guardan’ a Janio Pósito para el duelo de altura. Los blanquiazules buscan seguir en el camino de la victoria.","elcomercio","05/06/2018"
"Ricardo Gareca volverá al once base de la última parte de las Eliminatorias mundialistas. Farfán podría ir a la banca.","VOLANTE SE DESPIDIÓ DE LA CONCENTRACIÓN Sergio Peña: “Es el momento más duro de mi carrera”. USI viajó hacia Ámsterdam. El mediocampista tendría unos días en Lima antes de coordinar su futuro en el corto plazo con el Granada de España. A Peña lo aguarda su familia en un momento muy especial. Su novia espera un hijo y ese será su nuevo reto personal. “El entrenador (Gareca) tiene sus motivos, es parte de su trabajo y estoy muy agradecido con él y el comando técnico”, se despidió Peña, quien con 21 años era uno de los más jóvenes dentro del plantel. Ya era la tarde en Schruns y Sergio Peña salió del hotel donde concentraba la selección peruana en esta localidad austriaca. El volante del Granada había sido notificado el día anterior que ya no iba a estar en el plantel mundialista y le tocaba emprender la vuelta. “Estoy contento por el retorno de Paolo Guerrero, pero a la vez triste porque no voy a poder estar presente en el Mundial de Rusia. Ahora soy un hincha más”, dijo a punto de quebrarse. Un auto particular esperaba a Peña, quien tomó un camino diferente. Jugador del Granada volverá a Lima a pasar sus vacaciones.","elcomercio","05/06/2018"
"Paolo Guerrero le escribió una sentida carta a su sobrino Sergio Peña, luego de conocerse que el volante no iba a estar en el plantel mundialista. “El fútbol da revanchas, estoy seguro de que te las cobrarás”, dijo el ‘9’.","Equipo top… El estadístico español Mister Chip informó que la selección peruana iniciará el Mundial de Rusia 2018 en la ubicación 11 del ranking FIFA. Alemania sigue liderando esta clasificación.","elcomercio","05/06/2018"
"Grandes ausencias","Karim Benzema (Francia): Desde que su ex compañero de selección Valbuena lo acusara de querer extorsionarlo con un video sexual, en el 2015, no fue convocado pese a ser considerado inocente en el juicio. Dani Alves (Brasil): En el último partido de la temporada con el PSG, durante la final de la Copa de Francia, una lesión en el ligamento cruzado anterior de la rodilla derecha lo dejó fuera de carrera. Mauro Icardi (Argentina): Anotar 55 goles en sus dos últimas temporadas con el Inter de Milán no le sirvió para ganarse un lugar. Jorge Sampaoli prefirió a Gonzalo Higuaín y al ‘Kun’ Agüero. Zlatan Ibrahimović (Suecia): Tras retirarse de su selección luego de la Euro 2016, Zlatan cambió de opinión cuando Suecia clasificó, pero el técnico Jan Andersson no lo incluyó en su lista de convocados. Campéon de la Liga Premier y de la Copa de la Liga con el Manchester City, Leroy San quedó sorprendentemente fuera de la lista del seleccionador Joachim Löw.","elcomercio","05/06/2018"
"El álbum está completo","Las 32 selecciones clasificadas presentaron sus listas de 23 jugadores inscritos. Alemania dejó afuera a San e incluyó a Neuer. El actual campeón del mundo asume grandes riesgos antes de defender su corona en Rusia 2018. Ayer, en la fecha límite para presentar la lista de 23 jugadores que participarán en el Mundial, el seleccionador alemán, Joachim Löw, incluyó al portero Manuel Neuer y sacó a Leroy San, dos decisiones que generaron mucha polémica. Hay mejores días en la vida de un entrenador de una selección que cuando tienes que enviar a casa a cuatro jugadores increíbles, que merecen estar en la Copa del Mundo, explicó Löw. ¿Por qué el caso de Neuer y San son medidas arriesgadas? En el caso del portero, el propio técnico aseguró que lo llevaría al Mundial solo para ser titular, mientras que el extremo del Manchester City es considerado una de las jóvenes revelaciones del fútbol alemán. La decisión la toma el equipo de entrenadores, yo debo rendir y esperar la decisión del entrenador. Por el momento estoy muy satisfecho de mi rendimiento, comentó Neuer, quien además será capitán del equipo. En cuanto a la baja de San, Löw aclaró que fue una decisión difícil, aunque finalmente se decantó por Julian Brandt. Leroy tiene un talento absoluto. Pronto estaremos de nuevo con nosotros, a partir de septiembre vamos a reforzar el trabajo con él, pero quizás no haya dado todo lo que pudo en sus partidos con el equipo nacional, declaró el técnico sobre el volante de 22 años, 12 veces internacional. Más allá de las discutidas decisiones de Löw, Alemania sigue siendo uno de los grandes candidatos para levantar la copa en Rusia. Según la casa de apuestas Bwin, el cuadro alemán es el segundo favorito detrás de Brasil y antes de España, Francia y Argentina.","elcomercio","05/06/2018"
"Karius falló en final de Champions por conmoción cerebral","Medicos de Massachusetts revisaron al arquero del Liverpool. Sindicado como el gran culpable de la derrota del Liverpool en la última final de la Champions League ante el Real Madrid, el portero Loris Karius podría tener argumentos sólidos para justificar esos dos errores que permitieron los tantos de Karim Benzema (1-0 parcial) y Gareth Bale (3-1 final), según informaron ayer los médicos del Hospital General de Massachusetts que trataron al alemán cinco días después del duelo en Kiev. Después de revisar cuidadosamente las imágenes del partido e integrar una detallada historia, en la que se incluyen sus síntomas subjetivos actuales y posteriores al contacto, así como exámenes físicos y mediciones objetivas, concluimos que el señor Karius sufrió una conmoción durante el partido del 26 de mayo del 2018, informa el comunicado difundido por los doctores Ross Zafonte y Lenore Herget. Los médicos indicaron que Karius sufrió una disfunción espacial visual generada tras la conmoción en un choque con Sergio Ramos. Dos minutos después del golpe sufrido en la parte izquierda del rostro llegó el primer tanto de Benzema gracias a un grave error del arquero del Liverpool.","elcomercio","05/06/2018"
"Yaya Touré acusa a Pep Guardiola de ser racista","El portero alemán fue amenazado de muerte tras sus errores. El tratado de paz que pareció firmarse la última temporada en la que coincidieron como jugador y técnico del Manchester City fue un mero espejismo. Ayer, Yaya Touré aseguró que Pep Guardiola tiene problemas con los jugadores de color. En una entrevista con France Football que aparecerá hoy en la publicación de la revista francesa, el volante marfileño de 35 años habló de su relación con el técnico catalán. Cuando percibes que tiene a menudo problemas con los africanos, por todos los sitios que ha pasado, me hago preguntas [...]. Hace como que no los tiene, ya que es demasiado inteligente para caer en la trampa [de mostrarlo]. Nunca lo confesará, explicó Touré, que jug 17 partidos en su última temporada con el City. El día que alinee un equipo en el que se encuentren cinco africanos, no naturalizados, prometido, le enviaré una torta, ironizó. En su paso por Barcelona, el técnico catalán también tuvo roces con el camerunés Samuel Etoo.","elcomercio","05/06/2018"
"Emprendedores innovan con materiales reciclables","Las personas están usando botellas reciclables para elaborar mochilas que tienen un poncho incorporado y sirven para abrigar a los escolares más pobres de los Andes. En Tamaulipas, México, un grupo de jóvenes fabrica platos desechables utilizando la fibra del nopal en lugar de plástico, mientras en Chile, estudiantes universitarios diseñaron una herramienta de localización geoespacial para recuperar basura marina.  Luchar contra la contaminación por plásticos nos ayudará a preservar ecosistemas preciosos, mitigar el cambio climático y proteger la biodiversidad y nuestra salud. Esta es una batalla clave que debemos librar hoy para garantizar mañana un planeta más justo y sostenible!","elcomercio","05/06/2018"
"México bolivariano?","México está a menos de un mes de elegir a Andrés Manuel López Obrador como presidente. Por lo menos eso cree la mayoría de los mexicanos, entre ellos expertos, con quienes me reuní la semana pasada en Ciudad de México.  También lo dicen las encuestas que han documentado un creciente apoyo a López Obrador. El periódico El País reporta que el candidato populista tiene una ventaja de hasta 20 puntos sobre su rival más cercano y calcula que tiene 92% de probabilidad de ganar.  Representa el apoyo a AMLO –como es conocido por sus siglas– una ola populista y un deseo extendido por implementar propuestas que regresen al Estado y a los políticos a un lugar mucho más prominente del que ocupan ahora? De ser electo AMLO, qué medidas podríamos esperar de su gobierno?  El senador Francisco Bravo del Partido Acción Nacional, que gobernó del 2000 al 2012, critica el récord de los partidos políticos de mantener demasiado poder en el Estado y, al ser ineficaces en su manejo, no representar bien a la ciudadanía. El 70% de los mexicanos está encabronado, me dijo. Parece no haberse modernizado el histórico Partido Revolucionario Institucional, ahora en el poder.  El analista Roberto Salinas Lén observa: Hay un enorme disgusto, sobre todo en la gente joven, con el nivel pútrido de impunidad y de corrupción que ha existido en este sexenio en donde el nuevo PRI resultó ser como el dinosaurio de la última película de Jurassic Park: más malo, más impune y más rapaz de lo que fue el viejo PRI. Ese disgusto se tiene que traducir en un voto antiestablecimiento, y eso lo ha capturado en una forma muy hábil López Obrador. Eso, mucho más que el populismo o la izquierda tratando de prometer la utopía al instante, es lo que ha impulsado a López Obrador al posicionamiento político que tiene hoy día.  Pero eso no quiere decir que no haya que preocuparnos por un gobierno que sí podría ser de estirpe autoritaria. Creo que López Obrador no valora la libertad, declara el escritor Enrique Krauze. Cita numerosos ejemplos de la intolerancia con otros y observa que AMLO se mofa, insulta, ofende y descalifica a la prensa, los periodistas o los intelectuales que lo critican.  ¿Cuáles son las propuestas de AMLO? El candidato insiste ser moderado, a la vez que deja claro que quiere transformar su país y no solo calentar la silla presidencial. Es difícil evaluar de manera seria sus propuestas, ya que frecuentemente parecen ser puras ocurrencias, no ofrece detalles y se contradice. Promete arreglar los grandes problemas del país con una lucha contra la corrupción. De esa forma dice que pagará los enormes gastos que implican los proyectos que propone. Citando a Octavio Paz, Salinas Lén dice que AMLO gobernaría según el humor del príncipe y el capricho de la hora.  Entre sus propuestas está la meta de la autosuficiencia energética nacional, que implicaría revertir la reforma que abrió ese sector recientemente y agrandar la fracasada empresa petrolera estatal en un país que importa el 70% de la gasolina que consume. También propone la autosuficiencia agrícola, sin explicar cómo dicha reforma no resultara onerosa.  Los asesores de AMLO profesan su admiración por, y tienen vínculos con, los regímenes de Cuba y Venezuela. Un líder de su partido habló a favor de la integración de México en la revolución bolivariana. Otro declaró que quienes promovieron la reforma energética serían fusilados como traidores. Mary O’Grady documenta más ejemplos en el Wall Street Journal de ayer.  Estamos ante un retorno al pasado fallido –o peor– en México.","elcomercio","05/06/2018"
"Vizcarra-Keiko: ¿y el liderazgo?","Atención a esta historia: hace 15 días este Diario public una entrevista al gobernador regional de Ica, Fernando Cilloniz. En ella, una grave revelación destacó entre muchas otras: tres parlamentarios del fujimorismo, elegidos por dicha región, habían intentado boicotear importantes reformas en los servicios de salud y transportes. Sobre todo, aquellas que atacaban la corrupción reinante en ambos sectores. Así como lo lee: congresistas empeñados en amedrentar a quienes –según Cilloniz– solo pretendían servir mejor a sus ciudadanos. Lo paradójico del caso es que Cilloniz fue elegido con los colores de Fuerza Popular (FP), hizo campaña del brazo de Keiko Fujimori y todo para que integrantes de la bancada naranja –nombre a César Segura, Miguel Ángel Elías y Betty Ananculi– lo convirtieran en el blanco de sus intereses políticos.  Han transcurrido 15 días y cabe preguntarse qué han hecho FP y Keiko para investigar –y eventualmente sancionar– esta grave denuncia. ¿Acaso ella y su partido no están comprometidos con la lucha anticorrupción venga de donde venga y caiga quien caiga? Hasta hoy ni Keiko ni FP se han pronunciado oficialmente sobre el tema. Ni un comunicado siquiera para guardar las formas. Todo indica que la denuncia de Cilloniz cay en saco roto. Y ojo que este gobernador regional también denunció al ppkausa Alberto Oliva. Sí, con él tampoco pasa nada.  El Perú no emprenderá ninguna de las reformas que necesita mientras sus autoridades carezcan de apoyo político.  Soy de quienes piensan que las denuncias de compras inconvenientes y posiblemente sobrevaloradas en el Legislativo, y hasta la contratación irregular de funcionarios, deben investigarse. Pero me parece más grave aún que una autoridad como Cilloniz señale con nombres y apellidos a quienes podrían estar favoreciendo a la corrupción y nadie haga algo eficaz. Ni en el Parlamento ni en los partidos que les dan sustento!  Igualmente grave resulta que el presidente Martín Vizcarra no entienda que le toca liderar personalmente una cruzada nacional que ponga a la lucha contra la violencia de género en el primer lugar de sus prioridades. Menos comisiones, promesas y palabrerío y más medidas efectivas es lo que los ciudadanos esperan de un gobierno. Ese es el ABC básico de todo líder y Vizcarra necesita aprender a serlo.  El problema de fondo radica en que el Perú no emprenderá ninguna de las reformas que necesita mientras sus autoridades carezcan de apoyo político. Reforma laboral, mayor productividad? Olvidenlo. Una encuesta de GFK en abril lo anuncia claramente: 54% de los entrevistados espera votar por alguien distinto a lo hoy conocido. Y en los segmentos D y E llega al 60%. Liderar es actuar, pero no lo entienden ni las cabezas de la oposición ni del Gobierno. Así estamos.","elcomercio","05/06/2018"
"Test mundialista: A esta selección no le veo defectos","A esta selección no le veo defectos  Mitsuharu Tsumura  Cocinero  Martes 5 de junio del 2018   @elcomercio_peru   elcomercio.pe   (51) 947-031-286  Micha salta de Maido a la cancha de nuestro test futbolero. El maestro de la cocina nikkei es un ‘9’ de área que está convencido de que el mejor gol de la historia de los mundiales se marcará en Rusia y lo hará un peruano.  1. Si Gareca te manda a la cancha, en qué puesto debe ponerme? Que me mande de delantero centro, de ‘9’.  2. ¿Quién es el jugador de la selección que más admiras? No puedo decir un solo nombre. Admiro a todos los jugadores de la selección.  3. ¿Quién es el mejor jugador peruano de todos los tiempos? El mejor jugador peruano de todos los tiempos aparecerá en este Mundial. Por ahí va a estar Teﬁlo Cubillas, Héctor Chumpitaz y César Cueto en la categoría de dioses.  4. ¿Qué jugador no debió estar nunca en la selección? Todos deben tener oportunidad de mostrarse.  5. ¿Cómo sería tu gol soñado con Perú? Un gol que nos haga campeones del mundo.  6. ¿Qué rival te haría temblar? Ninguno.  7. ¿Cuál es la frase de un narrador de fútbol que más recuerdas? El grito de Daniel Peredo y Ramón Quiroga: La toc! La toc! .  8. ¿El gol que más gritaste? Todos los goles los grito igual, pero el de Paolo a Colombia y el de Farfán a Nueva Zelanda fueron determinantes.  9. ¿Cuál es el mejor gol de los mundiales? Espero que sea uno peruano en este Mundial.  10. ¿El mejor recuerdo futbolero? Vivir la clasificación del Perú. Fue algo que yo nunca había sentido. Tengo 36 años, la misma cantidad que tuvimos que esperar para volver a un Mundial.  11. ¿El momento más triste en una cancha? Cuando Chile nos gan 4 a 0 en Santiago en el ’97 y nos eliminó de Francia ’98. Solo necesitábamos un empate para clasificar.  12. ¿Cuál es la cabala más extraña que seguiste por un partido? No tengo cabalas. Tengo suerte.  13. Pel o Maradona? Pel.  14. Messi o Cristiano? Los dos son genios.  15. Tiquitaca o catenaccio? Paso.  LOS 11 DE MICHA  BUFFON (Italia)  CAF (Brasil)  BARESI (Italia)  MALDINI (Italia)  R. CARLOS (Brasil)  MATTHÄUS (Alemania)  PLATINI (Francia)  16. Sexo o fútbol? Hay un momento para todo en la vida, en la variedad está el gusto. No todos los placeres dan la misma satisfacción.  17. ¿Hay corrupción en el fútbol? Sí.  CUBILLAS (Perú)  MARADONA (Argentina)  RONALDO (Brasil)  MELLER (Alemania)  NANCY CHAPPELL  18. ¿Hasta dónde llegar Perú en el Mundial? Espero que a la final. Vamos con fe!  19. ¿Cómo convencerías a Gareca para que renueve su contrato? Con el cariño incondicional de todos los peruanos. Y un cebichito también ayudaría.  20. ¿Cómo definirías a Paolo Guerrero en una palabra? Guerrero.  21. ¿Cuál es el mayor defecto de los peruanos? Esta selección es muy sólida, con profesionales con sed de gloria. No les veo defectos. A mantener la humildad.  22. ¿Cuál es nuestra mayor virtud? Hoy por hoy, la disciplina.","elcomercio","05/06/2018"
"La explosión más violenta de los últimos 40 años","Mortífera erupción en Guatemala Tragedia ● El volcán de Fuego entró en actividad y la mezcla de agua, lodo hirviendo a 700 grados y humo tóxico mató a 65 personas ● Socorristas temen que la cifra de víctimas fatales se eleve en varios pueblos. Guatemala se sumió ayer en un inmenso dolor por la violenta erupción del volcán de Fuego, a 50 km de la capital, que sorprendió a los residentes de las cercanas y dejó al menos 65 muertos. Las autoridades temen que esta cifra pueda incrementarse. El volcán ubicado al oeste de la Ciudad de Guatemala erupcionó el domingo y envió nubes de ceniza, así como ceniza caliente mezclada con agua y escombros que bloquearon las carreteras y ocasionaron incendios en varias viviendas. Según los expertos, la explosión fue la más violenta en 40 años. La zona carbonizada quedó demasiado caliente para extraer los cuerpos de las víctimas y causó el derretimiento de los zapatos de los socorristas. Estos dijeron que encontraron cuerpos cubiertos de cenizas que parecían estatuas. La inhalación de cenizas o gases volcánicos calientes puede asfixiar a las personas rápidamente. La Coordinadora Nacional para la Reducción de Desastres [Conred] detalló que además de los 65 muertos, hay 46 heridos –la mitad de gravedad–, más de 1,7 millones de afectados, 3.271 evacuados y 1.877 albergados en los departamentos de Escuintla, Sacatepquez y Chimaltenango. Nos está costando mucho identificarlos porque algunos de los fallecidos perdieron sus facciones o las huellas digitales. Vamos a tener que recurrir a otros métodos antropológicos y tomar muestras de ADN para identificarlos, explicó el secretario de Conred, Sergio García Cabaas. Algunos lugareños dijeron que nunca se enteraron del peligro. La Conred nunca nos dijo que nos fuéramos. Cuando la lava ya estaba all pasaron en camionetas y nos dijeron que nos fuéramos, pero los carros no se detuvieron para recoger a la gente, dijo Rafael Letran, residente de una localidad afectada. —Estremecedor— Hilda López relató que el lodo volcánico arrasó su pueblo de San Miguel Los Lotes. Estábamos en una fiesta, celebrando la llegada de un bebé, cuando una vecina nos llamó a gritos para que viéramos que la lava ya venía. No le creímos, y cuando salimos el lodo caliente venía bajando por la calle, dijo López. All se qued mi mamá, no pudo salir, añadió. A Joel González también le falta su padre. Se qued enterrado en la casa. Al parecer el hombre no pudo salir de la vivienda que qued en el camino de uno de los ríos que se formaron. Eso era como una playa, todo lleno de arena, no qued nada. Las casas, los animales, la gente, todo se quem, apuntó González. El flujo piroclástico, una mezcla de agua y lodo hirviendo que bajaba del volcán, y el humo tóxico que lo precedía eran letales. Eddy Sánchez, director del Instituto de Sismología y Vulcanología, explicó que los flujos piroclásticos alcanzaron temperaturas de unos 700 grados centígrados. Las autoridades de aviación cerraron el aeropuerto internacional de la Ciudad de Guatemala debido al peligro que la ceniza representa para los aviones. El volcán de Fuego, uno de los más activos de Centroamérica, alcanza una altitud de 3.763 metros en su punto más alto. El presidente Jimmy Morales declaró el estado de calamidad en los tres departamentos afectados.","elcomercio","05/06/2018"
"Plantean suspender a Venezuela de la OEA","Siete países, entre ellos el Perú, pidieron en la asamblea anual de la OEA iniciar el proceso contra Caracas. Se requiere 24 votos para alcanzar tal objetivo. El canciller Arreaza explicó que su presencia en la asamblea buscaba defender el modelo venezolano, elegido por el 68% de votantes. 4 La presión que ejerce Estados Unidos El gobierno de Donald Trump renov justamente su llamado para que la OEA suspenda a Venezuela y para que otros miembros aumenten la presión sobre el régimen de Maduro. El secretario de Estado, Mike Pompeo, dijo a la OEA que el Gobierno Venezolano está en el proceso de un desmantelamiento a gran escala de la democracia. Pompeo volvió a calificar de farsa las elecciones del 20 de mayo y dijo que el gobierno ya agotó todas las opciones para el diálogo. La suspensión no es el objetivo como tal, pero demostrar que la OEA respalda sus palabras con acciones, señaló Pompeo. El vicepresidente Mike Pence respaldará a Pompeo en su llamado a la suspensión de Venezuela durante la recepción en la Casa Blanca para los altos funcionarios que asisten a la asamblea. rEdAcción mundial Siete países de la región plantearon ayer iniciar el procedimiento para eventualmente suspender a Venezuela de la Organización de Estados Americanos (OEA), según un documento a debate en la asamblea 48 del organismo multinacional en Washington. El texto presentado por Argentina, Brasil, Canadá, Chile, Estados Unidos, México y el Perú, que se espera sea votado hoy en el pleno de la asamblea, fue calificado por Venezuela de un acto injerencista. El Proyecto de Resolución sobre la Situación en Venezuela, entregado por las misiones permanentes de estos siete países ante la OEA, plantea aplicar los mecanismos previstos en la Carta Democrática Interamericana cuando se produzca una alteración del orden constitucional que afecte gravemente el orden democrático de un Estado miembro. El punto 10 del proyecto pide específicamente aplicar lo estipulado en los artículos 20 y 21 de la mencionada carta para promover la normalización de la institucionalidad democrática. Estos mecanismos van desde gestiones diplomáticas hasta la eventual convocatoria a una asamblea general extraordinaria que puede tomar la decisión de suspender al Estado miembro. 2 Los votos para que se apruebe la resolución La suspensión es la mayor forma de sanción que tiene el organismo panamericano y solo se ha aplicado a dos naciones: Honduras, en el 2009, después del golpe de Estado que depuso a Manuel Zelaya como presidente; y Cuba, después del triunfo de la revolución de Fidel Castro, en 1959. Para que la resolución se apruebe son necesarios al menos 18 votos, una cifra que ya ha conseguido el Grupo de Lima y sus aliados, según apunta la agencia EFE. Debemos tener un continente libre de dictaduras lo antes posible. Luis Almagro Secretario General de la OEA Ningún gobierno tiene moral de ningún tipo para reconocer o no a nuestro gobierno. Jorge Arreaza Canciller de Venezuela 3 Los votos para que proceda la suspensión del país Lo que no han conseguido, por ahora, los impulsores de esta medida son los 24 votos necesarios para aprobarla en una futura Asamblea General extraordinaria, si finalmente se convoca. La sesión actual es regular y no encaja en el criterio de fuera de lo ordinario. Son esos 24 votos suponen los dos tercios de los 34 países que son miembros activos de la OEA (Cuba pertenece al organismo pero no participa en él desde 1962). No hay que olvidar que Venezuela ya pidió dejar la OEA en abril del 2017, justo cuando estallaron multitudinarias protestas contra el régimen de Nicolás Maduro. A pesar de que ha pedido salir de la OEA –lo que se hará efectivo recién en el 2019–, su expulsión tendría un gran contenido simbólico. Respuesta llanera Nosotros ya nos fuimos de la OEA El canciller venezolano, Jorge Arreaza, denostó el cártel que se ha organizado contra Venezuela y dijo que esta resolución es una más de las cosas que hace el sicario general de la OEA, en alusión al secretario general Luis Almagro, duro crítico del gobierno de Nicolás Maduro. Cómo nos van a suspender si ya nos fuimos?, se pregunt, subrayando que ya Venezuela solicitó su salida de la OEA, un proceso que se concretará el año que viene. Maduro, por su parte, señaló que le ordenó al canciller responder todos los agravios contra su país en la asamblea. Cuando salgamos de la OEA vamos a declarar día festivo. Es un organismo inútil, añadió.","elcomercio","05/06/2018"
"La represión no cesa en Nicaragua y ya suman 127 los fallecidos","Reuters Piera aplaude la intervención del Papa en la iglesia chilena Denuncian que en la ciudad de Masaya se utilizaron gases y armamento pesado. La ciudad nicaragüense de Masaya vivió por segunda vez una noche de terror y zozobra asediada por grupos de choque y antimotines que atacaron a manifestantes opositores hasta la madrugada de hoy. Murieron cinco personas, según organismos de derechos humanos y la Iglesia Católica. El ataque fue generalizado, diría que una invasión a la ciudad con armamento pesado porque se escuchaban ráfagas, dijo a la agencia France Press el sacerdote Augusto Gutiérrez. Los atacantes eran antimotines y grupos de civiles que entraron en camionetas con armas de fuego, lo que hizo retroceder a los muchachos en las barricadas, y que se defienden con piedras, hondas y morteros, agregó el cura. Manejamos cinco ciudadanos de Masaya asesinados en las últimas 24 horas, dijo el secretario general de la Asociación Nicaragüense de Protección a los Derechos Humanos, lvaro Leiva. Leiva también expresó su preocupación por denuncias de un objeto no identificado sobrevolando la ciudad, que podría ser un dron o una avioneta. Dijo que los ciudadanos empezaron a sentir un olor fétido, presumiendo que era producto de los gases lacrimógenos.","elcomercio","05/06/2018"
"El Icpna cumple 80 aos y no los cumple en vano","NA","elcomercio","05/06/2018"
"Desavenencias: Es la segunda baja en el Gabinete de Csar Villanueva","David Tuesta renuncia al Ministerio de Economía tras dos meses en el cargo.  Contexto. La salida se produce luego de las marchas y contramarchas del Gobierno en política tributaria, en particular sobre el ISC y el IR.  Mensaje. El presidente Martín Vizcarra indica que el crecimiento del país no se logrará a costa del incremento de tasas impositivas.","elcomercio","05/06/2018"
"Encuesta del INEI","Más del 83% de los peruanos se sienten inseguros.  Victimización. Registro del año pasado es menor en casi seis puntos al del 2016. El 26,1% de los entrevistados dicen que han sufrido algún delito en el 2017.","elcomercio","05/06/2018"
"Erupción de volcán enlutó a Guatemala","La erupción del volcán de Fuego, a 50 km de la capital, sorprendió el domingo. El lodo hirviendo a 700 °C y el humo tóxico mataron al menos a 65 personas.","elcomercio","05/06/2018"
"Choferes de carga y de pasajeros iban a paralizar hoy","Gobierno accede a devolver parte del ISC a transportistas para que suspendan huelga.  Negociaciones. El MTC precisa que el monto asciende al 53,6% del impuesto. Falta resolver diferencias sobre los peajes.","elcomercio","05/06/2018"
"La renuncia de David Tuesta al MEF es un mal mensaje para la institucionalidad del país.","A poco más de tres años del bicentenario, es mucho lo que podemos hacer por nuestra institucionalidad. Hará bien el Gobierno en sacar las lecciones correctas de este episodio para que en el futuro problemas que podrían bien solucionarse en casa no terminen mellando la confianza de un gobierno. Las construcciones, después de todo, dependen siempre de los pilares.","elcomercio","05/06/2018"
"Renuncia en el MEF","Salida ● David Tuesta deja el cargo en medio de contramarchas del Gobierno en torno a políticas tributarias  ● Presidente Vizcarra afirma que el crecimiento no se logrará a costa del incremento de impuestos.  diego Chirinos Can Ren Zubieta  El primer Gabinete Ministerial del gobierno de Martín Vizcarra sum ayer su segunda baja. Dos meses y un día después de jurar como integrante del Consejo de Ministros, David Tuesta present su renuncia como titular del Ministerio de Economía y Finanzas (MEF).  Las marchas y contramarchas del Gobierno respecto a medidas tributarias del MEF motivaron la decisión del ministro, según conoci El Comercio. As lo desliz también el propio presidente de la República, Martín Vizcarra, en un mensaje a la nación.  El crecimiento del país se logrará en base a inversiones y a una mejor recaudación, no a costa del incremento de tasas impositivas. [...] Junto con el primer ministro, hemos decidido realizar modificaciones en el Gabinete, a fin de seguir avanzando en los objetivos planteados, afirm el jefe del Estado en un discurso emitido anoche.  Un primer paso en esas modificaciones fue, según Vizcarra, aceptar la renuncia presentada por Tuesta.  Fuentes de este Diario aseguraron que ese cambio no sería el único en el Gabinete Ministerial.  Distancia y motivo  Durante la gestión, una de las medidas más controversiales fue el incremento del Impuesto Selectivo al Consumo (ISC) de bebidas azucaradas, tabaco, bebidas alcohólicas y combustibles.  A menos de un mes de publicado el decreto supremo, el presidente Vizcarra anunció que ese incremento entraría en evaluación. Tuesta había asegurado ese mismo día –el lunes pasado– que el Gobierno no retrocedería respecto al ISC.  Otro anuncio polémico estuvo relacionado al Impuesto a la Renta (IR). El ministro Tuesta sugirió ante la Comisión de Economía del Congreso la posibilidad de modificar el tramo inafecto para las personas naturales. Dos días después, el primer ministro Csar Villanueva descartó esa posibilidad.  Esa ida y vuelta rompió la relación con el primer ministro, coment una de las fuentes consultadas por este Diario.  Como muestra de esa incomodidad, Tuesta habría anunciado su renuncia directamente ante el presidente Vizcarra. Es decir, sin previo aviso al jefe del Gabinete Ministerial, como suele hacerse.  Nos agarró por sorpresa. No son las formas de renunciar a un cargo como este, sostuvo otra fuente de alto nivel del Ejecutivo.  En su mensaje a la nación, el presidente Vizcarra no mencionó quién sucedería a Tuesta en el MEF.  Sin embargo, el voceado para reemplazar al saliente titular de Economía y Finanzas es el último ministro de Agricultura del gobierno de Pedro Pablo Kuczynski, José Arista.  Hasta ayer, Arista ocupaba el cargo de jefe del gabinete de asesores del MEF. También representaba a este ministerio en el directorio del Banco de la Nación.  Pedido al Congreso  En su discurso de ayer, luego de anunciar la salida de Tuesta, el presidente Vizcarra se dirigió al Parlamento.","elcomercio","05/06/2018"
"Ejecución de Inversión Pública Total","En millones de soles VAR. 16,51% 8.117,3 2017 De enero a mayo 9.457,6 2018 De enero a mayo martes 5 de junio del 2018 POR NIVELES DE GOBIERNO En millones de soles  Gobiernos locales 4.191,7 3.351,3 4 3 2 1 0 2018 2017 VAR. 25,08% Gobierno nacional 3.563,6 3.183,6 4 3 2 1 0 2018 2017 VAR. 11,94% Gobiernos regionales 4 3 2 1 0 1.702,2 1.582,4 2018 2017 VAR. 7,57% Evolución del gasto público -20- Economía Entre el empuje y el recorte objetivos ● La inversión pública creció 16,5% entre enero y mayo y se perfila para lograr la meta anual del MEF ● Pero el gasto corriente en categorías ‘superfluas’ aún no retrocede. luis Fernando Alegra Para el 2018 el Ministerio de Economía y Finanzas (MEF) tiene los lineamientos de gasto público claros. Sus objetivos son hacer que aumente la inversión pública para que sea un motor de crecimiento durante el año y, al mismo tiempo, recortar las categorías de gasto corriente que el saliente ministro del sector David Tuesta había catalogado como ‘superfluas’. Las cifras de la consulta amigable del MEF permiten evaluar el avance a mayo de estos dos lineamientos. Sobre el primero, las cifras revelan que la inversión pública ha crecido 16,5% en los primeros cinco meses del año respecto al periodo enero-mayo del 2017 y suma unos S/9.457 millones. Este dato es impulsado, principalmente, por el dinamismo de la inversión de los gobiernos locales, que se ha incrementado en 25,1% en lo que va del 2018. El gobierno nacional, en tanto, ha invertido 11,9% más; mientras las regiones muestran una ejecución 7,6% superior a la del 2017. De acuerdo con el último informe de actualización de proyecciones macroeconómicas, la meta del MEF es que la inversión pública crezca 17,5%. Para el director de la Maestría en Gestión Pública de la Universidad del Pacífico, Carlos Oliva, es una meta factible. “Todavía faltan siete meses y siempre pasan cosas, pero sí estamos en esa línea; sobre todo si se acelera la reconstrucción con el cambio de la ley [que promulgó el Ejecutivo con las facultades delegadas ya aprobadas para esta materia]”, anota el también ex viceministro de Hacienda. En ese sentido, agrega que el último año al mando de las autoridades subnacionales podría impulsar la inversión, dado que hay cierta premura por ejecutar y, además, los funcionarios tienen más experiencia. Es importante recordar que, con miras a apuntalar la inversión, el gobierno nacional ha realizado transferencias de recursos a los gobiernos subnacionales, para dar continuidad a proyectos de rápida ejecución. Eso jugaría a favor del indicador, señala Hugo Perea, economista jefe para el Perú del BBVA Research. Además, apunta que las perspectivas han mejorado respecto a la situación de hace dos meses, pero aun así considera que la proyección oficial del MEF es relativamente optimista. De hecho, la más reciente proyección del Banco Central de Reserva es de un crecimiento de 14,2% para la inversión pública. En tanto, los bancos privados tienen estimados sustancialmente menores. Scotiabank y BBVA Research prevén menos de 10% de crecimiento, mientras el BCP anticipa un 11%. —La ‘liposucción’— Sobre la posibilidad de recortar gastos ‘superfluos’, Tuesta había señalado un potencial de ahorro de S/2.000 millones. En los dos meses que estuvo en el cargo, se dieron lineamientos para lograr una austeridad que las cifras revelan, por ahora, esquiva.","elcomercio","05/06/2018"
"Pesadillas con los Brics","POR SECTORES En soles  2018 2017 Var. % Transportes y Comunicaciones 2.050’816.052 1.727’927.321 18,69% Educación 378’348.839 522’749.865 -27,62% Vivienda y Construcción 328’012.928 159’913.066 105,12% Agricultura 179’400.043 151’545.104 18,38% Salud 96’155.107 40’324.884 138,45% GASTO CORRIENTE EN DETALLE  En soles  2018 2017 Servicios básicos, comunicaciones, públicitad y difusión Servicios  diversos Consultoras Viajes Alquileres 674.620 666.522 2’607.620 1’936.522 494.078 517.070 434.646 476.723 337.391 332.293 Var. % 1,2% 34,7% -4,4% -8,8% 1,5% FUENTE: MEF ENFOQUE MACRO Carlos Ganoza Economista y cofundador de Quantum Talent En octubre del 2003, Goldman Sachs pronosticó que Brasil, Rusia, India y China estaban camino a ser potencias económicas mundiales y acuñó el acrónimo ‘Bric’ para referirse a ellos (luego se agregó a Sudáfrica: Brics). El tamaño de estos países, su transición a un sistema de mercado y su inserción en la economía global sustentaban la proyección. No pas mucho para que los gestores de portafolio de todo el mundo comenzaran a buscar frenéticamente activos en esos países, y el retorno del índice de acciones de los Brics se multiplicó por ocho entre el 2003 y el 2007. Hoy los Brics han perdido su atractivo. Brasil, Sudáfrica y Rusia llevan varios años con una economía comatoso. China no pudo mantener su tasa de crecimiento de 10% y ha aterrizado en un crecimiento modesto. El único país que ha logrado el desempeño esperado es la India. Pero otros países que también formaron parte de las estrellas emergentes, como Tailandia y Turquía, han estado con serios problemas. En total, si excluimos a la India, la tasa de crecimiento de estas seis economas emergentes que antes de la gran recesión del 2007 eran consideradas potencias futuras es hoy menos de 1%, casi un décimo de lo que fue en su apogeo. El fracaso de los Brics y las otras estrellas emergentes tiene que ver más con política que con economía. Durante los diez años entre su auge y su estancamiento, cuando las condiciones de la economía mundial se tornaron menos favorables, los Brics no hicieron reformas para impulsar el crecimiento y mejorar la productividad. Por el contrario, la mayoría mantuvo desequilibrios económicos insostenibles, necesarios para mantener un sistema político disfuncional. En Brasil, los presidentes dependían de mayorias parlamentarias que formaban a través de prácticas presupuestales clientelistas, lo que requería mantener un déficit fiscal alto mientras el crecimiento se desaceleraba y dificultaba asumir el costo político de reformas. La corrupción que luego se destapaba era inherente a este arreglo. En Sudáfrica, la caída del gobierno del presidente Zuma a principios de año, en medio de escándalos de corrupción, reveló cómo el Estado había sido capturado por intereses privados que llevaron a dilapidar recursos públicos, al punto que The Economist lo llamó un Estado hueco. En Tailandia hubo un golpe militar a fines del 2014, y recientemente la junta gobernante postergó por quinta vez el llamado a elecciones, manteniendo al país en incertidumbre sobre su futuro. El denominador común en todos estos casos es que la economía de mercado hizo su trabajo hasta donde las instituciones políticas se lo permitieron.","elcomercio","05/06/2018"
"Presidencia de la República","Tras la reunión entre Vizcarra y Heysen, la SBS saludó el compromiso del jefe del Estado. El pleno del Congreso decidiera que el dictamen de ley conjunta de las comisiones de Economía y Producción –que propone que la SBS supervise y regule a las cooperativas de ahorro y crédito– retorne a estos grupos para ser nuevamente evaluado. La propuesta para el retorno a las comisiones fue hecha en el pleno del pasado 24 de mayo por el congresista Héctor Becerril (Fuerza Popular) y fue aprobada con 46 votos a favor y 42 en contra. El dictamen conjunto de las citadas comisiones acumuló dos proyectos de ley. Uno presentado por el congresista Víctor Andrés Belaunde (Acción Popular) el 30 de septiembre del 2016 y otro ingresado el 4 de abril del 2017 por la propia SBS. Ambas comisiones sesionarán en conjunto hoy desde las 3 p.m.","elcomercio","05/06/2018"
"Fiscalía de la Nación cita a Daniel Salaverry y Héctor Becerril","Legisladores de FP deberán declarar sobre grabaciones de Moisés Mamani. La Fiscalía de la Nación citó a los congresistas de Fuerza Popular (FP) Daniel Salaverry –vocero de la bancada– y Héctor Becerril para que declaren respecto a la difusión de los videos y audios grabados por su colega Moisés Mamani. Fuentes del Ministerio Público informaron a El Comercio que Salaverry y Becerril ya fueron notificados. Debido a su condición de altos funcionarios, se está a la espera de que ambos señalen hora y lugar para dar sus declaraciones. Se informó que la fiscal adjunta encargada de las diligencias, Beatriz Cabello, coordinadora de la Fiscalía de la Nación, fue quien citó a los parlamentarios. Como se recuerda, Mamani y Modesto Figueroa (FP) grabaron las conversaciones de sus colegas no agrupados Kenji Fujimori y Bienvenido Ramírez como parte de las presuntas negociaciones para evitar la vacancia presidencial de Pedro Pablo Kuczynski. Salaverry –explicaron en la fiscalía– será interrogado en su condición de vocero de la bancada. Becerril será citado debido a que –según las fuentes– a través de sus declaraciones ha mostrado tener conocimiento sobre la manera en que se habrían realizado estas grabaciones. Este Diario buscó las versiones de Salaverry y Becerril, pero no obtuvo respuestas a sus llamadas.","elcomercio","05/06/2018"
"Unificación del Callao en debate","Piden enviar al archivo propuesta para unir gobierno regional y alcaldía. La Comisión de Constitución tiene previsto debatir hoy un predictamen que recomienda archivar el proyecto de ley de Víctor Andrés García Belaunde que propone fusionar el gobierno regional con la Municipalidad Provincial del Callao. La propuesta del actual vocero de Acción Popular sostiene que, pese a que mantienen la misma jurisdicción, el gobierno regional y la alcaldía provincial ejercen competencias y funciones distintas, lo cual genera desembolsos de partidas adicionales. El gobierno regional le cuesta al contribuyente chalaco 18 veces más de lo que le cuesta al contribuyente limeño para un territorio y una población menores, dice la iniciativa. Sin embargo, el predictamen alega que en la iniciativa no se señala ni se justifica de qué manera se puede aumentar la calidad del gasto público en el Callao en el caso de fusionarse el gobierno regional con la municipalidad provincial. Este es un proyecto que se ha presentado desde el 2010, sin éxito alguno.","elcomercio","05/06/2018"
"Encuesta Nacional Especializada sobre Victimización","El 83,6% de los peruanos aún se sienten inseguros. Las estadísticas confirman lo que los peruanos sienten cada día en las calles. El 83,6% dice sentirse inseguro, y la mayoría cree que puede ser víctima de un robo con violencia en los próximos 12 meses, según reveló la Encuesta Nacional Especializada sobre Victimización 2017 del Instituto Nacional de Estadística e Informática (INEI), presentada ayer. Si bien esta cifra es menor a la registrada en el 2016 (89,5%), sigue siendo un número que se ha mantenido alto durante los últimos años. La percepción de inseguridad sigue avanzando en el país, dijo Anbal Sánchez, subjefe del INEI. Además de percepciones, la encuesta del INEI también alerta que el 26,1% de peruanos dicen que han sido víctimas de algún delito durante el 2017. El año pasado, la tasa de victimización fue de 28,8. Para Sánchez, uno de los datos más preocupantes es que en regiones del centro y el sur, como Huancavelica y Junín, la tasa no baja del 30% de víctimas. Adicionalmente, la mayoría de estas fueron mujeres.","elcomercio","05/06/2018"
"Ministro Alfaro: No hay sustento real para una huelga docente","El ministro de Educación se reunió ayer con varios dirigentes del gremio magisterial. El titular del Minedu explicó que su sector viene cumpliendo acuerdos con el gremio. El titular del Ministerio de Educación (Minedu), Daniel Alfaro, asistió ayer a la Comisión de Educación del Congreso, a fin de informar sobre las acciones que tomará su sector ante la huelga docente anunciada por el dirigente Pedro Castillo para el próximo 18 de junio. Al respecto, el ministro señaló que no hay sustento real para el inicio de una paralización del gremio magisterial. Esto, según explicó, debido a que el Minedu está cumpliendo con los ocho compromisos asumidos con los maestros tras la huelga del año pasado. Si alguien va al paro no será por falta de diálogo, porque esa es la fortaleza de este Gabinete: escuchar a todas las partes, dijo. Precisó que el Minedu ya cumplió con el incremento del piso salarial (sueldo mínimo) de los docentes, que subió a S/2.000 en noviembre. Sobre el principal reclamo de la facción sindical liderada por Castillo, que es el aumento del presupuesto en Educación hasta llegar al 6% del PBI en el 2021, el ministro indicó que eso deber ir en línea con la caja fiscal, es decir, depender de la coyuntura económica del país.","elcomercio","05/06/2018"
"Ejecutivo devolver 53,6% de ISC a transportistas","Medida evit que gremio de choferes de transporte de pasajeros y de carga realice una huelga nacional. Falta resolver diferencias sobre peajes.  El paro nacional anunciado para hoy por el Consejo Nacional de Transporte Terrestre (CNTT), gremio de transportistas de servicio interprovincial y de carga, fue cancelado. Anoche, el Ejecutivo accedió a devolver 80 centavos por galón de combustible – alrededor de 53,6% del Impuesto Selectivo al Consumo (ISC) – a los transportistas. Hemos logrado una devolución. Esperamos que se concrete prontamente. [...] Nosotros pedíamos el 100%, indic José Navarrete, vicepresidente del CNTT, a El Comercio.  Agregó que fue el ministro de Transportes y Comunicaciones, Edmer Trujillo, quien asumió el compromiso de la devolución. Además, explicó que el acuerdo deberá ser discutido en el Consejo de Ministros esta o la próxima semana. Posteriormente, el Ejecutivo deberá elaborar un proyecto de ley para que sea aprobado por el Congreso.  En esa línea, Trujillo detalló que la iniciativa es realmente una restitución, pues hasta el 2016 estuvo vigente una normativa que permitía la devolución del 100% del ISC a los transportistas. Agregó que las negociaciones se realizan desde hace 45 días. Somos conscientes de los problemas que atraviesa el sector de transporte de pasajeros y de carga. Hemos tenido 14 reuniones. Hemos hablado del ISC y el tema de los peajes, mencionó en una entrevista a una radio local.  —Peajes— Respecto a la revisión de los peajes solicitada por el CNTT, Trujillo indicó que continuarán en conversaciones y aseguró que ya cuentan con un cronograma de trabajo que será publicado esta semana. Hemos dejado absolutamente claro que ninguno de los peajes va a ser desactivado ni se harán devoluciones al respecto, sentenció.  De otro lado, Navarrete explicó a El Comercio que la negociación de los peajes no está condicionada al anuncio posterior de otro paro. Nos han presentado un estudio que establece lo contrario a lo que nosotros indicábamos. Se asegura que los peajes en Chile son más costosos que en el Perú. Vamos a estudiar [el documento] y a seguir conversando. [Esta decisión no estará condicionada] a un anuncio de paro posterior, aseguró el dirigente.  El gremio propuso que el Estado les devuelva la mitad del costo total gastado en peajes en las carreteras concesionadas en el ámbito nacional.","elcomercio","05/06/2018"
"EjEcutivo","Edmer Trujillo, titular del MTC, evit pronunciarse sobre la renuncia de David Tuesta al Ministerio de Economía y Finanzas. No me corresponde evaluar a [David] Tuesta [...] Es un excelente profesional, entregado a su trabajo, remarc Trujillo.  Probablemente [el ministro Tuesta renunció por el acuerdo de devolución]. Sin embargo, sabemos que renunci antes de que llegáramos a un acuerdo, indic José Navarrete, vicepresidente del CNTT, a este Diario.  Somos conscientes de los problemas que atraviesa el sector de transportistas. Edmer Trujillo Ministro de Transportes y Comunicaciones","elcomercio","05/06/2018"
"Andr Carrillo ha ganado muchas opciones para ser titular en Rusia","Cada vez ms cerca del equipo ideal Selección nacional G Ricardo Gareca busca consolidar la base en su once titular durante esta semana de preparación en Austria G Línea por línea, el Tigre cada vez tiene menos dudas.  Similares con su trabajo en la zaga en el 2-0 ante Escocia. Impecable, bien ubicado. Entero. Ricardo Gareca confirmó que cuenta con él, y con esa seguridad decidi dejar en Lima a Luis Abram. Quien no ha vuelto a la selección con su mejor rendimiento es Miguel Trauco. Para Gareca es un titular indiscutible hace más de dos años. A pesar de eso, Nilson Loyola se ha quedado en el plantel como un saludable plan B. Tapia y Yotún: el complemento más productivo La dupla peruana del medio está muy consolidada: Tapia y Yotún, marca y manejo del balón, desgaste e ideas. Aqu tampoco hay preguntas pendientes. Ante Escocia, Yotún fue casi omnipresente; y frente a los sauditas fueron los mejores minutos de Tapia de los últimos meses con la Blanquirroja. Están motivados, con un estado físico envidiable y a una esquina de su mejor fútbol. Pedro Aquino y Wilder Cartagena se quedaron en el equipo como opciones en esa zona. Volantes parecidos, pero nunca iguales. Eso lo sabe bien Gareca. Ya tiene un perfil de jugador en esa zona para cada situación que se vaya presentando en la Copa del Mundo.  Victor Garay Luna EL ONCE DEL TIGRE  A Ricardo Gareca le quedan solo 90 minutos para resolver las últimas dudas sobre su once mundialista. Ante la selección de Suecia, este sábado en Gotemburgo, tendrá que irse a descansar con una lluvia de certezas. Est muy cerca, el Tigre sonríe en Schruns porque ha vuelto a imaginar su equipo ideal.  1 Pedro Gallese es el dueño del arco La actuación de Gallese ante Arabia Saud tranquiliza en la selección peruana. El 1 de Perú llegaba a esta última etapa de preparación con lesiones, viajes de última hora para resolver situaciones personales y, a pesar de todo eso, pudo responder con su rendimiento acostumbrado ante los sauditas. Es posible que ante Suecia, Carlos Cceda pueda tener algunos minutos teniendo en cuenta que es el único que no ha sumado minutos en esta ronda final de amistosos. Carvallo respondió con creces ante Escocia. Los tres del arco llegan firmes a la Copa del Mundo.  2 Rodríguez responde siempre. La duda ahora es Trauco?  Alberto Rodríguez espantó cualquier fantasma del pasado. La actuación de Rodríguez ante Escocia fue destacada.  Juego en corto Gallese Rodrguez Ramos Advncula Trauco Tapia Yotún Cueva Flores Carrillo Guerrero 35 países completos dio Andr Carrillo ante Arabia Saud, según la Federación Peruana de Fútbol. Qued sorprendido por todo el apoyo que ha recibido Paolo Guerrero. Tomamos nota de la decisión del Tribunal Federal y la respetamos. Gianni Infantino Presidente FIFA  4 El cuarteto que falta definir A estas alturas podemos afirmar que establecer a los cuatro de ataque es la última difícil tarea para Gareca antes del debut en Saransk ante Dinamarca. Por ahora, Jefferson Farfán es banca. Edison Flores y Christian Cueva son inamovibles e irreemplazables hasta en amistosos. Andr Carrillo tiene dos goles en cuatro partidos y ha sumado a su desequilibrio el disparo de larga distancia. El regreso de Paolo Guerrero ni imaginado pudo ser mejor. Toca ver si Jefferson Farfán es probado en alguna posición que no sea 9 ante Suecia. De momento, el hombre del Lokomotiv es el jugador número 12.  Microfono abierto Pedí mi cambio ante Arabia Saud porque sentí un problema en el abductor. No valía la pena arriesgar más de la cuenta. Christian Ramos Defensor de la selección Perú tiene la posibilidad para clasificar a la segunda fase del Mundial. Tiene un entrenador de primerísimo nivel. Juan Antonio Pizzi Técnico de Arabia Saud Todos bien... El doctor de la selección peruana, Julio Segura, explicó en Austria que no hay reportes de lesionados a estas alturas de la preparación. Los 23 jugadores están al cien por ciento en el tema físico.  Rival... Sport Huancayo ya sabe quién será su oponente para la segunda ronda de la Copa Sudamericana. Ser el Caracas FC de Venezuela. El partido de ida, de visita, será el 17 de julio.  Renov... Jefferson Farfán renovó contrato con el Lokomotiv de Moscú hasta la temporada 2020. Ir a Rusia fue la mejor decisión que tom para poder regresar a mi selección, dijo la Foquita en Schruns.  Emotivo... La Federación Peruana de Fútbol hizo oficial su lista de 23 jugadores para el Mundial de Rusia 2018 con un emotivo video. En él destacan las cualidades de los muchachos elegidos por Ricardo Gareca. Ya es viral.","elcomercio","05/06/2018"
"Daniel Apuy / Usi","Jefferson Farfán: un banco con crédito PENALTY MAXIMUM PEDRO Canelo Periodista  Paolo Guerrero y Jefferson Farfán cumplirán su sueño juntos, pero no revueltos. Compadres, amigos, hermanos de ruta que estarán en el plantel mundialista peruano para Rusia 2018. Los ex Alianza Lima caminan abrazados por cada rincón de Schruns, localidad austriaca donde Perú concentra. Siempre unidos, aunque a la hora de los partidos puede ser que les toque separarse.  En estos días-meses de película que vive la selección peruana, lo más cinematográfico sería que esos niños que demolían a sus rivales en divisiones menores ahora empiecen el cierre de sus carreras en una Copa del Mundo. Pero Ricardo Gareca es un fiel apóstol de la realidad y en su análisis el once titular para Rusia se acerca mucho a lo que vimos ante Arabia Saud. Con Guerrero de 9 y Jeffery en el banco de suplentes.  No es un tema de rendimientos, sino de orden. Gareca ha construido un equipo obrero, concentrado, en el que todos cumplen sus funciones con máximas exigencias. A Farfán –lo ha dicho el Tigre– no lo imagina mucho jugando por la banda, pues sus posibilidades solo son jugar de 9 (está Paolo), enganche al medio (Cueva es inamovible) o como acompañante de Guerrero en caso se cambie el esquema a un 4-4-2 (que es un plan de emergencia si el gol demora en llegar). En los tres escenarios, las opciones de titularidad de Jefferson Agustín se han reducido.  Y eso no puede mirarse como un conflicto, nada más lejos que eso. Jefferson Farfán hoy no es un problema, sino una solución. Su regreso a la selección fue para cubrir la ausencia de Paolo Guerrero (estaba suspendido para enfrentar a Bolivia), luego jug ante Argentina en la Bombonera (Cueva suspendido también) y después se ubicó como el 9 que cubra el vacío de un capitán ausente. Todo eso lo hizo bien. Si en el amistoso ante Suecia no arranca, deberíamos aceptar que este Farfán, ya reencontrado con el gol, en el Mundial será un banco con mucho crédito.  En estadísticas registradas por la misma Federación Peruana de Fútbol, aparece Andr Carrillo con 35 pases completados y un solo remate (que fue gol). Cifras que lo revelan como un hombre muy importante en el juego colectivo y con eficacia en el arco rival. Si sumamos a eso su desequilibrio por la banda, es un candidato firme a arrancar ante los daneses el 16 de junio. Cueva, Flores y Guerrero son los tres goleadores del proceso Gareca y los que mejores números tienen con el Tigre al mando. Farfán corre con ligera desventaja en estos últimos metros de la maratón antes de llegar a Moscú.  Gareca no solo habla claro, sino que es transparente a la hora de decidir. En los últimos dos años y medio, Farfán y Guerrero solo aparecieron en el mismo once una vez (ante Argentina en la Bombonera). Cuando Paolo volvi al gol con la Blanquirroja, corrió donde su amigo Jeffery. Se dieron un abrazo de niños en horas interminables de recreo. Más emotivo, imposible. Sería hermoso verlos juntos en el ataque, pero quizás no sea lo más necesario.","elcomercio","05/06/2018"
"Cuando las condiciones de la economía mundial se tornaron menos favorables, los BRICS no hicieron reformas para impulsar el crecimiento y mejorar la productividad.","Por el contrario, la mayoría mantuvo desequilibrios económicos insostenibles, necesarios para mantener un sistema político disfuncional.  En Brasil, los presidentes dependían de mayorías parlamentarias que formaban a través de prácticas presupuestales clientelistas, lo que requería mantener un déficit fiscal alto mientras el crecimiento se desaceleraba y dificultaba asumir el costo político de reformas. La corrupción que luego se destapó era inherente a este arreglo.  En Sudáfrica, la caída del gobierno del presidente Zuma a comienzos de año, en medio de escándalos de corrupción, reveló cómo el Estado había sido capturado por intereses privados que llevaron a dilapidar recursos públicos, al punto que The Economist lo llamó un Estado hueco.  En Tailandia hubo un golpe militar a fines del 2014, y recientemente la junta gobernante pospuso por quinta vez el llamado de elecciones, manteniendo al país en incertidumbre sobre su futuro.  Turquía lleva algunos años en proceso de convertirse en un autoritarismo competitivo, con un gobierno represivo que convoca elecciones populares pero sin igualdad de condiciones. Hoy está en una severa crisis, según The Economist, producto de una larga acumulación de deuda y ausencia de reformas.  El denominador común en todos estos casos es que la economía de mercado hizo su trabajo hasta donde las instituciones políticas se lo permitieron. Democracias débiles no pudieron hacer reformas que fortalecieran la economía. Y cuando la democracia se quebró por corrupción, golpes de Estado o un clientelismo desbordante, la economía también. Los BRICS estuvieron callados, al igual que el Perú. Y el Perú, al igual que los BRICS, corre el riesgo de seguir un camino similar.","elcomercio","05/06/2018"
"Mem: Tullow Oil sigue interesada en lotes petroleros","Según el MEM, la petrolera está a la espera del perfeccionamiento del proceso de participación ciudadana.  Según el ministerio, la petrolera envió un comunicado a Per-Petro.  El titular del Ministerio de Energía y Minas (MEM), Francisco Ísmodes, informó que la empresa Tullow Oil ha mostrado interés en continuar con el proceso de licitación para la explotación y exploración de los lotes petroleros Z-64, Z-65, Z-66, Z-67 y Z-68, ubicados al norte del Perú.  Tullow Oil ya nos ha enviado una comunicación a Per-Petro confirmando su interés en continuar con el proceso, señaló el ministro a TV Per, tras rechazar que el Gobierno esté atentando contra las inversiones en el país.  Asimismo, explicó que el Ejecutivo le dio el encargo a Per-Petro de preparar un mejor proceso de participación ciudadana. Esto, según explicó el ministro, porque la población del norte del país no tenía el suficiente conocimiento de las actividades que realizaría Tullow Oil.  Tullow Oil está a la espera del perfeccionamiento del proceso de participación ciudadana elaborado por Per-Petro, señaló. Agregó que de haber insistido con los contratos, se habrían generado problemas posteriores.  -Historia-  Los contratos de exploración de los cinco lotes fueron aprobados, mediante decreto supremo, por el expresidente Pedro Pablo Kuczynski antes de su renuncia, y derogados hace dos semanas por el actual gobierno.","elcomercio","05/06/2018"
