"headline","content","newspaper","date"
"El alto mando militar teme la instauración de un Estado de derecho","Los regímenes árabes involucrados en el esfuerzo de restauración autoritaria (Arabia Saud, Egipto y los Emiratos Árabes Unidos) actúan en Sudán como lo hicieron en otros casos. Después de todo, Abdel Fatah Al Sisi se convirtió en presidente de Egipto tras derrocar al primer gobierno elegido democráticamente en la historia de su país y los regímenes saudí y emiratí enviaron tropas para aplacar las protestas en Bahrein. Ambos regímenes, además, contratan a soldados de Sudán como mercenarios en su infame aventura militar en Yemen.","elcomercio","16/06/2019"
"Hong Kong suspende polémico proyecto de ley de extradición","El Gobierno de Hong Kong, afín al presidente chino Xi Jinping, aplazó por tiempo indefinido una ley propuesta que habría permitido extradiciones a China continental, en un radical cambio luego de que el proyecto generara las mayores y más violentas protestas callejeras en décadas. La ley de extradición fue considerada por muchos hongkoneses como una amenaza al Estado de derecho en la excolonia británica, y una intromisión directa de Pekín. Cerca de un millón de personas marcharon por las calles de Hong Kong el domingo pasado para protestar contra el proyecto. Las manifestaciones continuaron durante la semana y la policía las enfrentó con violencia usando gas lacrimógeno y balas de goma. Luego de reiteradas deliberaciones, ahora anuncio que el Gobierno ha decidido suspender el ejercicio de la enmienda legislativa, reiniciar nuestra comunicación con todos los sectores de la sociedad, hacer más trabajo de explicación y escuchar las diferentes opiniones de la sociedad, manifest Carrie Lam, jefa ejecutiva del Gobierno, en una conferencia de prensa. Lam dijo que no hay una fecha límite, lo que en la práctica suspende la discusión del proyecto de ley por tiempo indefinido. Según la funcionaria, la ley de extradición era necesaria para evitar que Hong Kong se convierta en un refugio de delincuentes, pero admitió que se subestimó la reacción ciudadana.","elcomercio","16/06/2019"
"Notre Dame celebra misa tras incendio","Dos meses después de la tragedia, la catedral parisina aún está en una frágil situación. La catedral de Notre Dame acogió ayer su primera misa, dos meses después de ser devastada por el fuego, en condiciones aún muy precarias, que obligaron a los pocos asistentes a llevar cascos de obra por el riesgo de desprendimientos. Con esa estampa tan poco habitual, a las seis de la tarde comenz la ceremonia en la capilla de la Virgen, detrás del coro, con una presencia sobre todo de religiosos, entre ellos el arzobispo de París, Michel Aupetit. Por un asunto de seguridad, al servicio religioso solo asistieron una treintena de personas, incluidos canónigos, voluntarios, trabajadores de la catedral y empleados de la diócesis. Debía ir poca gente porque es muy peligroso, señal el embajador encargado de la movilización internacional para Notre Dame, Stanislas de Laboulaye, en un encuentro con la prensa española. La misa fue transmitida en directo por el canal católico KTO, para que los cristianos puedan participar y comulgar, expres la diócesis de París. Pocas donaciones. El Gobierno francés solo ha recibido menos de un 10% de los 850 millones de euros prometidos por multimillonarios y líderes de poderosas empresas. Los 80 millones de euros recaudados desde abril han sido entregados por pequeños donantes particulares, en su mayoría franceses y estadounidenses. La catedral está aún en situación frágil, especialmente en la bóveda que aún no se ha asegurado, y puede derrumbarse, apuntó esta semana el ministro de Cultura de Francia, Franck Riester. Desde el incendio, entre 60 y 150 obreros trabajan en el lugar, retirando escombros y estabilizando la estructura. Concluida la consolidación y retiro de escombros, se sacará el andamio de 250 toneladas que envolvía la aguja de Viollet-le-Duc, con cuya restauración empezaron los problemas y donde se inició el fuego. Esa operación llevará cuatro meses. Los trabajos para afianzar el lugar llevarán aún varias semanas, antes de que se inicien largos y complejos estudios previos a las obras de renovación. El presidente francés, Emmanuel Macron, se ha comprometido a que la catedral sea reconstruida en un plazo de cinco años.","elcomercio","16/06/2019"
"Gestión de los clubes de fútbol peruano","Los jugadores más caros por selecciones del Grupo A de la Copa América (en millones de dólares)  Perú Venezuela Bolivia Brasil  1 Andr Carrillo 2 Raúl Ruidíaz 3 Christian Cueva 4 Paolo Guerrero 7,9 6,5 5,6 3,4  1 Salomón Rondón 2 José Félix Martínez 3 Tomás Rincón 4 Wuilker Fariñez 16,9 11,2 9 3,3  Profesionales con manejo amateur  Atrasados ● Expertos señalan que los equipos son administrados por aficionados ● La inversión promedio de todos los clubes de la liga profesional para sus divisiones menores es el 5% de su presupuesto ●  Ingreso por ventas de jugadores es casi nulo.  El principal problema es que muchos clubes y muchos directivos no transmiten seriedad. Carlos Gonzales, Gerente General de Agref  El gran error en el fútbol es que los directivos creen que tienen que hacer campeón a su equipo y no necesariamente todos están en capacidad de serlo. Ricardo Bettochchi, Gerente General Adjunto de la Liga de Fútbol Profesional  Franco Balza Tassara cnePa  En los últimos cinco años, los 28 equipos que han pasado por la liga profesional del Perú solo han logrado vender a un jugador por más de un millón de dólares: Sporting Cristal a Gabriel Costa por US$1,5 millones. La venta de jugadores es un ingreso extraordinario para los equipos más grandes, mientras que para los pequeños es casi un imposible. Este es uno de los problemas que los empresarios identifican cuando piensan en invertir en un club peruano. Carlos Gonzales, gerente general de la Agencia de Representación de Futbolistas (Agref), señala que actualmente el fútbol en el Perú es un negocio que no está generando rentabilidad, debido a que existe mucha informalidad y a que los directivos de los clubes no tienen una visión moderna y profesional del negocio. Por su lado, Renato Ricci, country manager del Johan Cruyff Institute Perú, menciona que sí es rentable invertir en clubes peruanos, pero siempre y cuando sea de manera responsable y eficiente. Al respecto, Gonzales explica que para algunos directivos de clubes peruanos la ganancia no se encuentra –principalmente– en los buenos resultados financieros y deportivos que puedan obtener sus clubes. Para estos, las instituciones que manejan les sirven eventualmente como un impulso, por ejemplo, para hacerse conocidos en el mundo de la política.  —Nichos futboleros—  No es que exista desinterés en el Perú por el fútbol. De hecho, según el ranking de la Conmebol, dos equipos peruanos se ubican entre los 10 más populares de Sudamérica: Alianza Lima ocupa el puesto 6 con 12,8 millones de hinchas, y la ‘U’, el puesto 9 con 9,8 millones. Si a esto le agregamos los 4,1 millones de Cristal, hay un total de 26,7 millones de personas que están interesadas en el fútbol peruano. Sin embargo, el que va al estadio termina comprando camisetas piratas en la puerta y no tiene educación para darse cuenta de que si de verdad quiere apoyar a su club, tiene que comprar productos que le generen ingresos, señala Ricardo Bettochchi, gerente general adjunto de la Liga de Fútbol Profesional.  Para que sea rentable invertir en el fútbol peruano, el empresario tiene que conocer los recursos (plantilla, presupuesto, infraestructura, etc.) con los que cuenta, para luego hacerle una oferta –por ejemplo–a la hinchada y a sus socios. Sin embargo, muchas veces termina haciendo una promesa que es difícil de cumplir. Bettochchi indica que en el Perú los equipos grandes (Alianza Lima, Cristal y la ‘U’) manejan presupuestos que son hasta 10 veces mayores que el de los otros clubes del torneo. Hay muchos clubes que no ganan siempre, que no campeonan, y llenan estadios porque la gente está identificada por algo o con algo del club. Por ah se puede buscar la rentabilidad, complementa por su lado Ricci. Para ello, Bettochchi señala que en los clubes deben ser los profesionales quienes establezcan los presupuestos y que las áreas deportivas deben respetarlos. Lo que tienes es directivos que han manejado los clubes sin ningún tipo de formalización como empresa [...] Crean que solo con gente del fútbol podían solucionar todo, y esto no sirve, subraya.  —Venta de jugadores—  Los derechos televisivos representan el 36% de los ingresos anuales de Alianza y 45% de la ‘U’, mientras que para otros clubes estos representan hasta 50% o más de sus ingresos. Esta situación es muy distinta a lo que ocurre en las principales ligas del mundo, donde la venta de jugadores puede representar entre el 30% y 50% de los ingresos totales de cada club, siendo la principal o una de las más importantes fuentes de ingresos. En el Perú, el ingreso por venta de jugadores es prácticamente nulo y eso es parte de la mala visión del negocio que se tiene en la actualidad, dice Gonzales. Mario Maggi, FIFA Master y ex gerente de la Federación Peruana de Fútbol, menciona que las escasas ventas de jugadores a equipos del extranjero se deben a la poca inversión que realizan los clubes en la formación de talentos. En el 2017, los clubes profesionales, en promedio, invirtieron el 5% en sus divisiones menores, detalla.","elcomercio","16/06/2019"
"Es nada nuevo. La política y las actividades de calle siempre han ido de la mano.","Pero, en su versión de este temprano siglo XXI tienen varias peculiaridades.  La primera es su frecuencia.  ¿Qué tiene en común la realidad del Norte y Cuba? La respuesta obvia es que ambas son dictaduras. La menos obvia es que, este año, ambos países han celebrado consultas electorales. En Corea del Norte, el gobierno informó que el pasado 12 de marzo 99,99% de los ciudadanos votaron y que el 100% de los votos fue para los 687 diputados que fueron postulados por el régimen. No había otros. Semanas antes, los cubanos también se habían expresado a través de un referéndum en el cual se les preguntó si aprobaban una nueva Constitución. El 91% de los votos fue a favor.  Esta propensión de las dictaduras a llevar a cabo elecciones fraudulentas es muy curiosa. Se basa en la suposición de que una elección, aunque sea solo teatro, puede compensar en algo la ilegitimidad de un gobierno autocrático.  Esto de hacer elecciones y referendos está de moda en democracias y dictaduras. Hay más eventos electorales que nunca antes. Este año, por ejemplo, 33 países tendrán comicios para elegir presidente y 76 naciones tendrán elecciones parlamentarias.  Pero, en estos tiempos, hay otra forma de expresión política que está mucho más de moda que las elecciones: las protestas callejeras. Además de marchas y mitines, los bloqueos a la circulación de vehículos se han convertido en un frecuentísimo instrumento de expresión política.  Tan solo la semana pasada hubo masivas protestas populares en varios países. En Moscú, por ejemplo, la policía detuvo a más de 400 manifestantes que protestaban contra las autoridades que arrestaron a Iván Golunov, un periodista que investiga la corrupción en el Kremlin. La policía lo acusó de tenencia y tráfico de drogas, cargos que periodistas y políticos denunciaron como espurios. Al mismo tiempo, en Hong Kong, más de un millón de personas tomaron las calles para protestar contra una ley de extradición que facilita la represión del gobierno de Pekín en este territorio. Gracias a las protestas, Golunov ha sido liberado y en Hong Kong la ley de amnistía fue retirada. Mientras eso sucede, decenas de miles de mujeres suizas tomaron las calles de Zúrich y otras ciudades en protesta contra la discriminación de género.  En Sudán también hubo protestas. El gobierno las reprimió brutalmente y más de cien manifestantes perdieron la vida. El gobierno de Jartum también bloqueó la telefonía celular y el acceso a internet de todo el país. Desde diciembre, los sudaneses vienen exigiendo el cese del gobierno autocrático, elecciones limpias y libertades democráticas. Eso es exactamente lo que Thomas Carothers y Richard Youngs, dos de los principales expertos en el tema de las protestas políticas en el mundo, han investigado a fondo y concluyen que, en efecto, las protestas de calle han aumentado en frecuencia y tamaño. Como sabemos, el uso de teléfonos móviles y las redes sociales facilitan la organización de las protestas. También ayuda que en muchos países, ahora existen clases medias más numerosas, conectadas y activadas.  Los motivos que impulsan las protestas son muy variados: algunas de ellas tienen objetivos ‘atmosféricos’ como el repudio a la corrupción o a la desigualdad económica, por ejemplo. Otras, como las de Hong Kong, son concretas: impedir la aprobación de la ley de extradición. Aun otras, comienzan con reclamos específicos pero, rápidamente, agregan demandas más ambiciosas. En Francia, por ejemplo, el aumento de los impuestos al combustible disparó las protestas de los ‘chalecos amarillos’, pero poco después las peticiones incluyeron el aumento del salario mínimo, la disolución de la Asamblea Nacional y la renuncia del presidente Emmanuel Macron. También hay protestas enfocadas en sacar al presidente, tal como ocurrió en Egipto con Hosni Mubarak, en Guatemala con Otto Pérez Molina o en Brasil con Dilma Rousseff.","elcomercio","16/06/2019"
"LOS ESPACIOS Y SU PODER EN LA IDENTIDAD HUMANA","Lugares entrañables  CARMEN McEVoy  Historiadora  ‘La ciudad más hermosa que conozco es Claw, a orillas del Nagold, una ciudad suaba, pequeña, antigua, de la Selva Negra’, escribió Hermann Hesse en el mismo año en el que culminaba la Primera Guerra Mundial. En una pieza cargada de nostalgia, el autor de ‘El lobo estepario’ nos invitó a pasear por el Claw ‘de las panaderías y sus artículos, los carniceros y sus perros, los árboles y encima de ellos, las mariquitas de mayo y los pájaros y los nidos’. Luego de hacernos la travesía de rigor, Hesse subrayó que no era necesario describir la belleza del lugar donde creció, ya que este vivía en ‘casi todos los libros que escribi’. Porque a pesar del tiempo transcurrido él sentía ‘profundamente y con una extraña emoción todo lo hermoso y singular’ que fue la experiencia de haber tenido ‘alguna vez una patria’, reconociendo el inmenso privilegio de ‘haber estado ligado’ a ‘un determinado lugar de la tierra, como el árbol a sus raíces y vida, está ligado’ a un espacio en particular.  La mayoría de nosotros tenemos una lista de lugares entrañables que despiertan un sentido de identidad y pertenencia. En mi caso tengo al menos tres ‘lugares de la memoria’, como los llama Pierre Nora. El primero de ellos es, sin lugar a dudas, La Punta. Fue en este hermoso distrito chalaco—resguardado por la milenaria isla San Lorenzo—donde crecí rodeada del mar de Grau y del amor de mi familia y amigos. Por su peculiar geografía, La Punta ha logrado mantener un estilo arquitectónico que, aunque ecléctico, exhibe una armonía que impresiona en estos tiempos de destrucción sistemática del pasado y sus espacios paradigmáticos; pienso, por ejemplo, en la amenaza real que hoy pende sobre Chinchero enclavado en el Valle Sagrado de los Incas.  No es el caso de La Punta, que como una suerte de moho gigantesco ha capturado casi todo su historial en una instantánea fotográfica. Desde el mítico recuerdo de los Pitipiti—reinventado en las chalanas de sus pescadores artesanales—hasta el Art Nouveau de sus años de gloria, para concluir en un presente mesocrático donde una serie de nuevos edificios ya empiezan a aparecer en las calles que llevan los nombres de los héroes de la Guerra del Pacífico. Hablando de ese difícil balance entre tradición y modernidad, Dublín es otra ciudad fascinante que, con sus miles de gaviotas recorriendola y su lluvia pertinaz, me evoca momentos inolvidables. Fundada hacia el 700 por los vikingos, la capital irlandesa es una metrópoli moderna y pujante que no ha perdido su conexión con un pasado que aún vive para modelar su presente. No hay que olvidar que el levantamiento de Pascua (Easter Rising) se peleó en cada una de las calles dublinenses que tuve el gran privilegio de recorrer junto con mi esposo, hijos, nietas y mi hermana Gabriela. Hace muy poco recordamos con ella a mi padre (un nieto de la diáspora irlandesa) mientras caminábamos por un Stephen’s Green verde y esplendoroso. En Sewanee vivo hace casi 25 años con algunos intervalos que me permiten apreciarlo y quererlo cada vez más. Ubicado en una montaña que alguna vez fue coto de caza de los extraordinarios cherokees, la historia del lugar donde concib y escrib casi todos mis libros está ligada a la reconstrucción del sur, luego de la guerra civil, donde la Confederación—esclavista y segregacionista—fue derrotada estrepitosamente. En Sewanee obtuve mi primer trabajo luego de graduarme, en San Diego, California, compré mi primera casa, se casaron mis hijos y bautizamos a Juliana, mi primera nieta. En el ‘bosque encantado’ de Sewanee aprendí a valorar el poder de la naturaleza, del silencio y del anonimato, de la vida simple y sencilla y de su efecto terapéutico en la mente de los seres humanos. Fue de la montaña roja desde donde partí con profunda pena pero con gran ilusión para servir al Perú en Irlanda y reencontrarme con la patria de mis ancestros. Y a mi pequeño pueblecito—que cuenta la leyenda está habitado por ángeles—regresé luego de una experiencia transformadora que algún día contar. Para mí fue un verdadero privilegio ser testigo presencial de la poco conocida construcción del Estado republicano hacia afuera y del accionar de sus vanguardias en sus extramuros.  En un mundo regido por la violencia, la mentira y la lucha a muerte por el poder es bueno reflexionar sobre los espacios, públicos y privados, que nos nutren de recuerdos pero, sobre todo, que nos dotan de identidad y sentido de pertenencia. Es en este anclaje que es físico pero también espiritual donde reside la estabilidad (paz mental) que se necesita para bregar con el paroxismo cotidiano y la ambición ilimitada que marca nuestro siglo. Dentro de este contexto la cruzada por preservar la belleza e integridad de Chinchero—hoy amenazado por una loca carrera ‘hacia el progreso’—adquiere el mayor de los sentidos. Porque si le prestamos atención a las palabras del profesor Heaney, en Chinchero vive ‘la gente cuyas voces vibran en una vieja iglesia que parece más vieja de lo que es; el palacio inca debajo de la iglesia, una dormida montaña; la ciudad y las terrazas que la rodean; los hermosos prados, creados y mantenidos por los pobladores de Chinchero a lo largo de los siglos…’. Un espacio mágico que, tanto o más que el Claw de Hesse, no perdió su alma a pesar de una infinidad de intentos por arrebatársela. As como tampoco la quieren perder los millones de peruanos que anhelan un Perú noble y bueno en medio de un tsunami de codicia y violencia en verdad insoportable.","elcomercio","16/06/2019"
"EL DECRECIMIENTO DE LA POBLACIÓN Y LA MIGRACIÓN","LA IMPORTANCIA DE LA HISTORIA  El colapso demográfico  Memoria y olvido  MOISS WASSERMANN  Diario ‘El Tiempo’ de Colombia, GDA  En esta época, tratando de construir una sociedad en paz, la memoria juega un papel fundamental. Por eso son tan importantes el Centro Nacional de Memoria Histórica y la Comisión de la Verdad. La memoria y el reconocimiento de la verdad son indispensables para que no se repitan tragedias que vivimos.  Pero también es importante olvidar. En su relato ‘Funes el memorioso’, Borges nos muestra el tremendo destino de un hombre condenado a no olvidar nada. Encontrar el límite entre recordar lo que hay que recordar, para no repetir, y olvidar lo que se debe olvidar, para poder perdonar, sería el mejor logro de nuestra inteligencia colectiva (ojalá la tengamos).  Mi abuelita, ucraniana, cuando quería calificar a alguien de malvado lo comparaba con el cosaco Bohdan Khmelnytsky, quien en sus batallas no perdió la oportunidad de hacer un pogromo entre las comunidades judías de la región. Siempre después de nombrarlo añadía la maldición, ‘que su nombre y su recuerdo sean borrados’. Como gran paradoja, es posible que solo sea recordado por quienes lo maldicen y la maldición se cumplirá solo cuando no quede nadie que la pronuncie.  Erastófilo incendió el templo de Diana en Éfeso para ser famoso y recordado. Se prohibió nombrarlo, bajo pena de muerte. Paradjicamente la prohibición lo hizo más famoso, lo convirtió en un símbolo.  Yo periódicamente releo y cito la primera página de ‘El libro de la risa y del olvido’, de Milan Kundera. El líder comunista checo Klement Gottwald se dirigía al pueblo desde un balcón. Hacía frío, y a su lado estaba Vlado Clementis, quien le prestó su sombrero. Poco después, Clementis cayó en desgracia por no ser suficientemente estalinista y fue ejecutado. Se borró de todos los textos y las fotos oficiales. Lo único que quedó de él fue una foto de su sombrero en la cabeza de Gottwald. Pero la historia acomoda sus cosas, y, en verdad, hoy tampoco hay muchos que recuerden a Gottwald.  ‘El historiador honesto no tiene derecho a perseguir una demostración en contravía de los hechos.’","elcomercio","16/06/2019"
"Perfil: Ellos también celebran","A los padres de la patria, a los elegidos por el pueblo y también a los designados a dedo en puestos de confianza, los festejamos en su día. Aquí, historias de paternidad de nuestros ex presidentes.  Bermúdez (1890 a 1894) y su nieto, el presidente de facto Francisco Morales Bermúdez, que naci luego de la muerte del abuelo en 1894. Por cierto, FMB tiene un hijo, Remigio, que fue ministro del primer gobierno de García. Su predecesor Juan Velasco Alvarado tiene un hijo, Javier Velasco Gonzáles Posada, que muchos años después de la muerte de su padre insinuó un afán político.  Fernando Belaúnde, fundador de Acción Popular y presidente de la República entre 1963 y 1968, y entre 1980 y 1985, murió en el 2002 sin ver a su hijo mayor, Rafael Belaúnde Aubry, postular en el 2006 y el 2011. Aunque fundó un partido, Adelante, cuyo nombre era un lema de su padre, y repitió el saludo del brazo extendido con la mano de costado; no saltó la valla y se extingui sin ligarse al vigente AP. Fue, por lo tanto, una proyección descontinuada e independiente respecto al legado belaundista reivindicado por los acciopopulistas.  —Negados y orgullosos—  Fujimori, mientras estuvo en el poder, lució como padre querendón. Vimos crecer a Kenji y hasta se documentaron ante cámaras algunas de sus travesuras. Y cuando AF peleó con su ex esposa Susana Higuchi, no tuvo empacho en convertir a Keiko en primera dama, singular designación de ese tipo en nuestra historia. Valentín Paniagua, su breve sucesor por ocho meses entre el 2000 y el 2001, y quien suele ser invocado para subrayar que es el único de los últimos seis presidentes no salpicados por el Lava Jato, fue uno de tantos papis peruanos que tienen hijos fuera del matrimonio y con los que no pueden cumplir de la misma manera que con sus hermanos. Días después de su muerte en el 2006, apareció en TV Patricia Paniagua, revelando su filiación, reivindicando la discreta relación que mantuvo con su padre y reclamando algunos derechos sucesorios. El ex presidente no fue una excepción a esa extendida disfuncionalidad familiar a la que muchos padres responden con cariño y cumpliendo sin chistar las obligaciones de ley; pero validando silencios y prejuicios que disminuyen los derechos de sus hijos.  Los próximos dos presidentes nos hicieron vivir dramas opuestos, visible y deliberadamente opuestos. Alejandro Toledo tuvo en 1987 una hija con Lucrecia Orozco. Toledo no la reconoció, pero Lucrecia la inscribió con el nombre de Zara Toledo e inició una pelea legal a la que se resistió Alejandro, a pesar del destape del caso durante su campaña presidencial. Recién en el 2002, tras una sentencia de la Corte Suprema y cuando arreciaban las críticas a su irresponsabilidad, reconoció a Zara en un mensaje a la nación. Desde entonces, ha cumplido con las obligaciones que contrajo, y no ha habido queja de hija o madre.  Ninguna familia ha atrapado Palacio de Gobierno con tanto éxito y persistencia que su apellido sea un ismo triunfal.  Federico, en un velorio caldeado de emociones, firmó su adscripción al Apra sobre el ataud del padre.  Alan García hizo todo lo posible por marcar la diferencia con Toledo en el tema de la paternidad. Pudo hacerlo, pues fue un padre responsable de Carla García Buscaglia, hija de su primer matrimonio; y de los cuatro hijos de su matrimonio con Pilar Nores. Pues resulta que al ser electo presidente por segunda vez en el 2006, ya había nacido Federico Danton, su hijo con Roxanne Cheesman. García lo había planeado y reconocido formalmente, pero en la campaña electoral apareció al lado de Nores. Una vez en el poder, un destape periodístico (con su anuencia) presentó a Federico Danton y él, en un peculiar mensaje a la nación, y al lado de Pilar, la primera dama, asumió plenamente su paternidad. No hace mucho, el ya adolescente Federico, en un velorio caldeado de emociones, firmó su adscripción al Apra sobre el ataud del padre. Hace pocos días, un aviso legal a nombre de su hijo Alan Raúl, reclamándose heredero, confirmó que García, como la gran mayoría de padres del Perú, muri intestado, dejando a sus descendientes el reto de repartir sus bienes.  Libre de estas vulnerabilidades de filiación (había otras, sí, en su familia extendida y las había de otro tipo para su carrera política), Ollanta Humala hizo fiesta de paternidad cuando naci su tercer hijo, Samin, en plena campaña victoriosa. Cinco años después, PPK ya era un abuelo aunque no chocho, y Martín Vizcarra tiene cuatro hijos de política discreción.  Si en este pequeño grupo de peruanos se dibuja todo el espectro, desde la paternidad plena y querendona hasta la negación ruin; imaginen todo lo que se esconde y crepita en el Congreso y en la función pública. Para poner una sola muestra: tras un reportaje televisivo sobre un caso de paternidad discutida del ministro de Justicia, Vicente Zeballos, lo vimos relatando que había llegado a un feliz reencuentro con su hija.  Feliz día a los padres que planificaron su hogar y asumieron todo lo que les deparó su paternidad; y también a aquellos que sin haberlo deseado, o sin siquiera tener un vínculo estable con sus hijos, han sabido atenuar y hasta compensar su lejanía.","elcomercio","16/06/2019"
"Gabinete Del Solar fuera de rumbo","La misma encuesta (Pulso Perú) que da cuenta del alza de 13 puntos en la popularidad del presidente Vizcarra subraya que el 60% desaprueba al Gabinete Ministerial encabezado por Salvador del Solar.  La figura de Del Solar es lo más parecido a un protectorado legislativo ad hoc sobre el Congreso, en un estado de supervisión pocas veces visto en nuestro sistema político.  Imperativo de aprobarlas o de dar lugar a la disolución de este poder del Estado.  Como Gobierno y Estado, con qué prioridades, reformas y políticas públicas. Con qué resultados queremos llegar al 2019, al 2020 y al crucial 2021. Con qué diálogo, acuerdos y consensos. Del Solar no puede limitarse a ser el protector de reformas constitucionales que le competen al Congreso y que es responsabilidad de este estudiarlas, debatirlas y aprobarlas. Más bien haría bien en emplear su tiempo y energía en un Gabinete Ministerial que ha perdido rumbo, visión y dinámica de trabajo y resultados, al punto de que hay ministros empeñados en retroceder a las recetas estatistas de Velasco Alvarado.  Lo que tenemos desatendido es el rumbo central del país.  Juan Paredes Castro Analista político  Es obvio que la popularidad de Vizcarra proviene de su confrontación con el Congreso (ganancia a ro revuelto a costa de una institución desprestigiada) y la descalificación del Gobierno de la ineptitud de sus gestores sectoriales (pérdida creciente de resultados a costa de expectativas populares en educación, salud, seguridad, empleo y transporte).  Vizcarra recupera olímpicamente 13 puntos de popularidad en un mes en que precisamente el Gobierno que él representa, a través del Gabinete Ministerial, exhibe las cifras más alarmantes de desaceleración y de riesgo de la economía peruana.  Daniel Salaverry amplía legislatura con ‘agenda fija’  Mario Zapata  El pleno del Congreso podría sesionar hasta el 25 de julio, pero sin ver casos de ética.  El presidente del Congreso, Daniel Salaverry, amplió la legislatura hasta el próximo 25 de julio para que el pleno resuelva varios temas pendientes, entre los que no se encuentra el informe de la Comisión de Ética que recomienda suspenderlo por 120 días.  Mediante un decreto que lleva la firma de Salaverry y el oficial mayor del Congreso, Gianmarco Paz, se precisó que hasta el 25 de julio se abordarán solo los asuntos incluidos en una ‘agenda fija’: los proyectos de ley sobre reforma política vinculados a la cuestión de confianza que pidió el Gabinete Ministerial, los informes de la Subcomisión de Acusaciones Constitucionales aprobados por la Comisión Permanente y los dictámenes de la Comisión de Levantamiento de Inmunidad Parlamentaria. Los proyectos de reforma política tratan sobre la inmunidad parlamentaria y la cuestión de confianza.","elcomercio","16/06/2019"
"Usuarios de la costa contra un tsunami?","A pesar de las inversiones en proyectos en los ltimos 25 aos, la Costa Verde no ha mejorado desde la aprobacin del ltimo plan maestro. Qu podramos esperar para los prximos 25 aos?","elcomercio","16/06/2019"
"Fiscalía investiga la muerte de un niño en colegio de Ate","El menor de 7 aos sufri una descarga elctrica cuando jugaba en el recreo. La fiscal Tatihana Acosta Roldán, de la Primera Fiscalía Provincial Mixta de Huaquén, dispuso que se investigue la muerte de un niño de 7 años, quién sufrió una descarga eléctrica luego de que se apoyara contra la pared de un módulo prefabricado, mientras jugaba en su colegio el último viernes. El accidente habr ocurrido alrededor de las 3 p.m. del viernes, cuando el menor estaba en hora de recreo, inform Latina. Los padres de familia indicaron que el lugar donde los menores jugaban estaba completamente mojado. También contaron que el pequeño no habr sido auxiliado de forma inmediata por las autoridades del colegio.  El Ministerio Público dispuso que la investigación de este caso está a cargo de los agentes de la DINI Perú-Ate-Santa Anita. El Ministerio de Educación (Minedu) lamentó lo sucedido e informó que la Dirección Regional de Educación de Lima Metropolitana (DRELM) y la UGEL 06 ya han iniciado una investigación en el centro educativo para determinar las responsabilidades. Un equipo liderado por la DREL M se encuentra acompañando a la familia del niño en el hospital de Huaquén, brindando todo el soporte necesario, detallaron.","elcomercio","16/06/2019"
"Feminicidio","Ayer, un grupo de pastores halló sin vida el cuerpo de una mujer en un descampado a orillas del lago Titicaca, en la ciudad de Juliaca (Puno), en las inmediaciones de la avenida Panamericana. Al lado de este se encontró una roca, la cual, según la policía, habría sido utilizada por el asesino, pues la cabeza de la víctima presentaba lesiones. Además, el cadáver mostraba signos de un posible ultraje sexual.","elcomercio","16/06/2019"
"Captura","La Policía Nacional capturó en el distrito de El Porvenir (La Libertad) a la expresidenta de la Municipalidad Provincial del Santa, Micaela Flores Gómez, de 54 años, condenada a cuatro años de prisión por el delito de colusión debido a la compra de semáforos inteligentes presuntamente sobrevalorados en más de S/3 millones. Flores estuvo incluida en el programa de recompensas del Ministerio del Interior.","elcomercio","16/06/2019"
"Guerra de poderes en Italia","Matteo Salvini, divorciado y con hijos de parejas distintas, ha decidido enfilar su puntera contra el papa Francisco. La inmigración es el punto de discordia de los dos hombres más poderosos de Roma. Una guerra de poderes en Italia. Desde la Plaza de San Pedro también han cambiado su modus operandi. Si a los primeros brotes de cristianismo surgido de Salvini replicaron con reproches sobre la utilización política de los símbolos religiosos, ahora la respuesta es más contundente. Siempre siguiendo la delicada diplomacia vaticana, pero con mensajes muy evidentes. El último lo ofreció el propio Francisco, en el vuelo de vuelta de su viaje a Rumanía, en el que le preguntaron si sería conveniente reunirse con el ministro del Interior italiano. El papa argentino ofreció una larga respuesta, en la que empez diciendo que no se meta en la política italiana porque no la entendía, y termin afirmando que ante todo los políticos no pueden propagar odio y miedo.  Hace meses, el pontífice se dej fotografiar con un cartel donde se leyese: Abramos los puertos, un lema muy popular en Italia, ante la política de cierre de fronteras de su Gobierno. A continuación, Bergoglio recibió a una familia de gitanos –un colectivo siempre acosado por Salvini–, que el día anterior había sufrido amenazas de muerte de grupos ultraderechistas que se oponían a su realojamiento en un edificio de Roma.  Y, más recientemente, se produjo otro capítulo de esta guerra abierta después de que el limosnero del Vaticano, el cardenal Konrad Krajewski, acudiera a un edificio ocupado de la capital italiana para devolver la electricidad a unas 400 personas que vivían all y a las que les habían cortado la luz. El ministro afirmó que se trataba de un acto ilegal y que esperaba que la Santa Sede se hiciera cargo de todas las facturas.   Francisco no se pronunció, pero es de sobra conocido que este cardenal polaco es la extensión a la que el Papa no puede llegar en la labor caritativa. Salvini y Bergoglio no se han encontrado nunca, pero su oposición está a los ojos de todos.","elcomercio","16/06/2019"
"Salvini, el nuevo enemigo del Papa","Posturas opuestas. El poderoso ministro del Interior italiano ha criticado abiertamente el apoyo de Francisco a los inmigrantes. El líder populista está apelando a la religión para aglutinar a los cristianos ultraconservadores que no quieren al pontífice. Salvini acudió a un acto de su partido con una camiseta en la que se lea: Mi Papa es Benedicto. Bergoglio recibió a una familia de gitanos que el día anterior había sufrido amenazas de ultraderechistas.","elcomercio","16/06/2019"
"Intento de restauración autoritaria en Sudán","La metáfora estacional para referirse a las revueltas populares del 2011 en Oriente Medio (Primavera árabe) deriva de su asociación con la Primavera de los Pueblos, que en 1848 dio origen en Europa a revueltas democráticas contra las monarquías absolutistas. A diferencia de la Primavera de los Pueblos (que no dio origen a ningún régimen democrático), su par contemporáneo gestó la primera democracia del mundo árabe: Túnez. Pero, al igual que en la Primavera de los Pueblos, la represión solo consiguió sofocar las protestas de forma temporal: estas se reiniciaron en el 2019 tanto en Argelia como en Sudán, culminando con el derrocamiento de sus gobernantes autoritarios (Abdelaziz Bouteflika y Omar Al Bashir, respectivamente).  Pero, al igual que ocurriera en el 2017 con Robert Mugabe en Zimbabue, la caída del gobernante autoritario no equivalió al fin del autoritarismo: en los tres casos sus aliados se hicieron con el control del gobierno, intentando prevenir una genuina transición democrática. En los tres casos, ese intento implicó esfuerzos por dividir a la oposición, pero en el caso de Sudán, esta logró forjar relativamente temprano un mando unificado. Primero, a través de la Asociación de Profesionales de Sudán y luego a través de las Fuerzas de la Libertad y el Cambio (que incluye además a partidos políticos).  Al igual que en la Europa de mediados del siglo XIX, los regímenes absolutistas de la región acudieron en auxilio de esos intentos de restauración autoritaria. No es casual que, tras una visita de los dos principales dirigentes del Consejo Militar Transitorio a las monarquías del Golfo Pérsico, este procediera a desalojar con violencia extrema a los manifestantes que acampaban frente al cuartel general de las Fuerzas Armadas desde hacía algunos meses (provocando en el proceso la muerte de más de cien personas). No debería llamar la atención que lo más cruento de la represión corriera por cuenta de las Fuerzas de Apoyo Rápido, organización que incorporó al Ejército regular a parte de las milicias conocidas como janjaweed, que, durante la dictadura de Al Bashir, fueron responsables de la mayoría de los crímenes en la región de Darfur de los que aquel es acusado ante la Corte Penal Internacional. Los janjaweed se formaron a partir de la politización por parte del régimen de Al Bashir de un conflicto social que es relativamente común en la región africana del Sahel: aquel que enfrenta a pastores itinerantes con agricultores sedentarios por acceso a la tierra (los janjaweed provienen del primer grupo). Esa es una razón por la cual el alto mando militar teme la instauración de un Estado de derecho.","elcomercio","16/06/2019"
"Planteamos una agenda y hablamos de seguridad, reforma laboral, ley de hidrocarburos. La respuesta del gobierno a todo eso es: reforma política.","Una pregunta provocadora. Si el gobierno pierde con la reforma política, ¿por qué no lo pierden con esos grandes temas? Se le han planteado. Lo que pasa es que cuando se convoca a un ministro para ver la seguridad dicen: obstruccionismo. Nos enfrentamos a una situación difícil, me preocupa cómo queda el tema institucional, cómo se debilita la democracia.  Cuando era presidente del Congreso me hablé de un parque de la memoria que pensaba inaugurar. Aquellos a los que no les gusta poner bustos a nuestros héroes empezaron a cuestionar, y los marxistas infiltrados en algunos ministerios no le dieron autorización al alcalde Castaeda, lo demoraron y cambió la gestión. Y al alcalde actual no lo veo con ese feeling.","elcomercio","16/06/2019"
"Investigan a Héctor Becerril por Caso Los Wachiturros de Tumbes","El congresista fujimorista afrontará su segunda investigación ante el Ministerio Público. Ser ‘una investigación por crimen organizado’, por caso que también involucra a Edwin Oviedo.  María Isabel Lázaro  La presunta participación del congresista Héctor Becerril en la organización criminal Los Wachiturros de Tumbes está bajo investigación de la Fiscalía contra el Crimen Organizado de Chiclayo, luego de que la Fiscalía de la Nación la declarara competente para ello. La investigación preliminar al parlamentario de Fuerza Popular tendrá un plazo de ocho meses y ha sido considerada ‘una investigación de crimen organizado’, por el presunto delito de asociación ilícita para delinquir.  ‘A la Fiscalía de la Nación le corresponde el trámite para que sea investigado formalmente’  Vanessa Valverde Abogada penalista  La fiscalía señala que el congresista Héctor Becerril y su hermano ‘tenían intereses, por ello ordenaban cometer atentados’. Víctor Antonio Becerril, quien corroboró que su hermano fue convocado para ocupar puestos en las empresas de Oviedo. La fiscalía, además, tomó en cuenta la declaración del testigo Leoncio Egúsquiza Sánchez, quien señala que sufrió ‘una serie de persecuciones’.  ‘El motivo de los atentados en su contra es porque ha sido el opositor número uno de la gestión de la empresa Tumbes formada por los Oviedo Picchotito y la familia Becerril Rodríguez’, indica el fiscal Montero en la disposición.  -Acciones-  La fiscalía orden diversas diligencias para el desarrollo de la investigación, entre las que figuran el levantamiento del secreto de las comunicaciones de Héctor Becerril, además del levantamiento del secreto tributario, bancario y bursátil. Se dispuso solicitar a la Unidad de Inteligencia Financiera los reportes de operaciones sospechosas que pudiera registrar Héctor Becerril.  Había declarado a la fiscalía que utilizó sus empresas para recibir los sobornos que los directivos de Odebrecht afirmaron que entregaron a Toledo por la licitación de los tramos 2 y 3 de la carretera Interoceánica Sur. Con ese dinero, el ex presidente habría realizado las operaciones inmobiliarias que se investigan por el Caso Ecoteva. Este se refiere a la adquisición de dos inmuebles a nombre de su suegra Eva Fernenbug, pero según la versión del ex presidente tenía como dueño real a Maiman.  -Primer pedido-  Actualmente está en proceso el primer pedido de extradición de Toledo por el Caso Odebrecht. El expediente fue enviado por la justicia peruana al Departamento de Estado de Estados Unidos en mayo del 2018. Además, las autoridades estadounidenses solicitaron información complementaria que fue respondida por la Fiscalía de la Nación en julio del mismo año. Se calcula que la etapa de revisión por el Departamento de Estado y después por el Departamento de Justicia de EE.UU. puede demorar hasta seis meses.  El fiscal Germán Montero, además, tomará la declaración de Víctor Antonio Becerril el próximo 3 de julio. También recogerá el testimonio de Edwin Oviedo el 2 de julio, desde el centro penitenciario de Chiclayo, donde cumple una orden de prisión preventiva.  La fiscalía también tomará la declaración de los dirigentes sindicales de las empresas azucareras.  -Becerril se defiende-  En declaraciones a El Comercio, el congresista de Fuerza Popular rechazó los cargos que se le imputan. Señaló que el haber trabajado en las empresas de Oviedo no significa que haya participado en la presunta organización criminal. Consideró que el fiscal Juan Carrasco, a cargo del caso Los Wachiturros de Tumbes, tiene una animadversión en su contra y móviles políticos. El parlamentario cree que la investigación no prosperará.  -Pesquisas  Investigado por presunto soborno  El congresista Héctor Becerril afronta otra investigación por el Caso Los Temerarios del Crimen, desde febrero de este año, acusado de recibir un presunto soborno. Esta investigación tendrá un plazo de sesenta días, inform el fiscal adjunto supremo Luis Gónzález. La Fiscalía de la Nación dispuso abrir la indagación preliminar a razón de la denuncia formulada por la empresaria Mirtha Gonzales, ex representante de Constructora CRD, quien dijo que entregó un soborno de S/74 mil en materiales para ser utilizado en la casa del congresista en Trujillo. Esto se habría realizado a pedido de su hermano Wilfredo Becerril.  Este caso está a cargo del fiscal de Chiclayo, Juan Carrasco Millones.  -César Acuña acudirá a testificar ante la fiscalía este martes  Est citado para declarar como testigo en la investigación a ex miembros del CNM. El dueño de la Universidad César Vallejo y líder de Alianza para el Progreso, César Acuña, acudirá este martes a la Fiscalía de la Nación para declarar en la investigación abierta a los ex miembros del desactivado Consejo Nacional de la Magistratura (CNM) Iván Noguera y Guido Aguila, y al ex juez César Hinostroza. As lo aseguró su abogado Luis Valdez. ‘El señor Acuña siempre ha colaborado con la justicia y me ha confirmado que viajará a Lima para atestiguar. Solo quiero recordar que él no está investigado. Lo han llamado solo como testigo’, indic Valdez.   Cabe anotar que el ex alcalde de Olmos Willy Serrato ha manifestado que César Acuña y su hermano Humberto Acuña le solicitaron ayuda para que Iván Noguera fuera nombrado consejero del CNM, como representante de las universidades privadas. Valdez niega lo dicho por Serrato y sostiene que Acuña no era rector ni participó en la elección de Noguera, y que, más bien, este fue candidato de la Universidad Telesup, del ex parlamentario José Luna Gálvez.   Agregó que si se quiere conocer cómo fue la elección de Noguera, la fiscalía debería citar a los rectores que lo eligieron como su representante.  -Agenda  Acuña declarará el 18 de junio en el área de Enriquecimiento Ilícito y Denuncias Constitucionales del Ministerio Público a las 11 a.m. También fue citado el ex asesor de Guido Aguila, Wilder Alberto Alva Azula. Él declarará ese mismo día a las 3 p.m.  -Argumentos-  El fiscal Germán Montero Ugaz sindica a Becerril como uno de los principales miembros de la organización Los Wachiturros de Tumbes, presuntamente encabezada por el ex dirigente deportivo Edwin Oviedo, de acuerdo con la disposición de apertura de investigación emitida el 22 de mayo pasado. El Ministerio Público señala que el parlamentario y su hermano Víctor Antonio Becerril ‘tenían intereses económicos comunes, por ello cometían y ordenaban cometer atentados contra los opositores a sus intereses y a los intereses del líder de la organización criminal’. Uno de los argumentos utilizados para vincular a Becerril con el grupo delictivo es su designación como administrador judicial de la Empresa Agroindustrial Tumbes, bajo la administración de Oviedo, entre el 2006 y el 2011. El congresista también fue nombrado jefe de seguridad de la empresa azucarera Pomalca, en el mismo período.  El fiscal Montero señala que Becerril fue colocado por Oviedo ‘con el objetivo de cumplir el plan criminal de la organización Los Wachiturros de Tumbes’, tras recordar dos atentados ocurridos en Chiclayo contra opositores a sus objetivos. En la disposición fiscal también se consignan elementos remitidos por la Fiscalía de la Nación a la fiscalía en Chiclayo. ‘Héctor Becerril […] también habría sido beneficiado económicamente con el patrimonio ilicitamente apropiado de la empresa agroindustrial Tumbes y Pomalca, y haber participado activamente al lado de su hermano Víctor Antonio Becerril en la organización criminal, para beneficiar al líder, a los mandos medios y a sus integrantes’, se lee en el documento. Este elemento ha sido incluido por la fiscalía como resultado de la información recolectada de las declaraciones de un colaborador eficaz y dos testigos, así como de los informes de auditoría de la Empresa Agroindustrial Tumbes.  -Fiscalía solicitará nueva extradición de Toledo  Pedido se hará mañana durante formalización de la acusación por el Caso Ecoteva.  Anthony Niño de Guzmán / Archivo  El fiscal Rafael Vela, coordinador del equipo especial para el Caso Lava Jato, adelantó ayer que el Ministerio Público hará un nuevo pedido de extradición del ex presidente Alejandro Toledo, quien se encuentra prófugo en Estados Unidos. La medida será solicitada por el Caso Ecoteva. Vela realizó el anuncio durante un foro anticorrupción celebrado en Arequipa. All informó que mañana se formalizará la acusación contra el ex mandatario por presunto lavado de activos y se presentará la solicitud de extradición. Vela agregó que se requerirá la extradición de la ex primera dama Eliane Karp, del ex asesor de seguridad Avraham Daniel On y su hijo Shai Daniel On, por su participación en el mismo caso. El fiscal explicó que el nuevo pedido de extradición de Toledo se basa en la información recogida en el interrogatorio que hizo el fiscal José Domingo Pérez al empresario Josef Maiman en Israel en marzo pasado. En ese mes, el empresario peruano-israelí Maiman cerr un acuerdo de colaboración eficaz con la justicia peruana, en Tel Aviv. Antes de la diligencia realizada en marzo, Maiman ya había firmado un acuerdo de colaboración eficaz con la justicia peruana.  28 meses  Han transcurrido desde que el juez Richard Concepción dictó la orden de prisión preventiva contra Toledo.","elcomercio","16/06/2019"
"ELLOS TAMBIÉN CELEBRAN | PERFIL","Papi, no pierdas tus poderes  A los padres de la patria, a los elegidos por el pueblo y también a los designados a dedo en puestos de confianza, los festejamos en su día. Aquí, historias de paternidad de nuestros ex presidentes.  Bermúdez (1890 a 1894) y su nieto, el presidente de facto Francisco Morales Bermúdez, que naci luego de la muerte del abuelo en 1894. Por cierto, FMB tiene un hijo, Remigio, que fue ministro del primer gobierno de García. Su predecesor Juan Velasco Alvarado tiene un hijo, Javier Velasco González Posada, que muchos años después de la muerte de su padre insinuó un afán político.  Fernando Belaúnde, fundador de Acción Popular y presidente de la República entre 1963 y 1968, y entre 1980 y 1985, murió en el 2002 sin ver a su hijo mayor, Rafael Belaúnde Aubry, postular en el 2006 y el 2011. Aunque fundó un partido, Adelante, cuyo nombre era un lema de su padre, y repitió el saludo del brazo extendido con la mano de costado; no saltó la valla y se extinguió sin ligarse al vigente AP. Fue, por tanto, una proyección descontinuada e independiente respecto al legado belaundista reivindicado por los accionopopulistas.  -Negados y orgullosos-","elcomercio","16/06/2019"
"Recupera Olímpicamente 13 Puntos de Popularidad","De popularidad en un mes en que precisamente el Gobierno que l representa, a través del Gabinete Ministerial, exhibe las cifras más alarmantes de desaceleración y de riesgo de la economía.","elcomercio","16/06/2019"
"Daniel Salaverry Amplía Legislatura con Agenda Fija","El pleno del Congreso podría sesionar hasta el 25 de julio, pero sin ver casos de ética. El presidente del Congreso, Daniel Salaverry, amplió la legislatura hasta el próximo 25 de julio para que el pleno resuelva varios temas pendientes, entre los que no se encuentra el informe de la Comisión de Ética que recomienda suspenderlo por 120 días. Mediante un decreto que lleva la firma de Salaverry y el oficial mayor del Congreso, Gianmarco Paz, se precisó que hasta el 25 de julio se abordarán solo los asuntos incluidos en una ‘agenda fija’: los proyectos de ley sobre reforma política vinculados a la cuestión de confianza que pidió el Gabinete Ministerial, los informes de la Subcomisión de Acusaciones Constitucionales aprobados por la Comisión Permanente y los dictámenes de la Comisión de Levantamiento de Inmunidad Parlamentaria. Los proyectos de reforma política tratan sobre la inmunidad parlamentaria, impedimentos para postular a cargos de elección popular, inscripción y democracia interna en agrupaciones políticas, paridad en la lista de candidatos, eliminación del voto preferencial y tipificación del delito de financiamiento indebido. Sin ampliación, la presente legislatura concluía ayer.  —Rechazo—  La presidenta de la Comisión de Ética, Janet Sánchez (Peruanos por el Cambio), cuestionó la decisión de Salaverry y exigió que el pleno coloque en agenda los informes que ya aprobó su grupo de trabajo. Estos proponen sancionar a Salaverry por supuestamente presentar al Congreso información falsa sobre sus actividades parlamentarias y a Yesenia Ponce (no agrupada) por un caso de presunto enriquecimiento ilícito.  Villanueva Impulsa Una Lista Multipartidaria  El congresista César Villanueva (Alianza para el Progreso) se ha acercado a diversas bancadas parlamentarias para proponerles impulsar una lista multipartidaria a la Mesa Directiva del Legislativo. As lo asegur en diálogo con El Comercio. El ex primer ministro señala que su propósito es que en la próxima elección de la Mesa Directiva se presente una sola lista de consenso. No solo [converso] con gente de mi bancada, sino con otros grupos. Lo hago cómodamente porque no tengo ninguna aspiración a la Mesa Directiva, dijo. Sin embargo, al ser consultado si descartaba encabezar esa lista, precisó que nunca se descarta nada.  Fuentes parlamentarias informaron que en Alianza para el Progreso ven a Villanueva y Luis Iberico como posibles candidatos a suceder a Daniel Salaverry en el cargo de presidente del Congreso. Sin embargo, Iberico dijo a este Diario que su postulación está descartada. Pueden ser César Vega o César Villanueva, estimó. Agregó que ya comentó a sus colegas, en conversaciones informales, que no tiene interés en postular.  Más Información  Iberico consideró que Fuerza Popular debe ceder la presidencia del Congreso e integrar una lista en la que cuente con solo un vicepresidente.","elcomercio","16/06/2019"
"El Drama de la Llegada de Venezolanos a la Frontera Norte","El Ejército peruano dispuso que nueve portaatrpa trasladaran a los migrantes desde la frontera hasta la ciudad de Tumbes. Según reportes, el último viernes más de 9 mil venezolanos llegaron al Cebaf.   Migración Masiva Continúa en Tumbes  Exodo • Miles de venezolanos siguieron entrando al Cebaf en la frontera pese a que desde ayer se exige visa humanitaria • Muchos solicitan refugio para ingresar.   Largas colas se formaron ayer durante todo el día en los módulos. Muchos buscan reencontrarse con sus familias.   El panorama en el Centro Binacional de Atención Fronteriza (Cebaf) de Tumbes ayer fue el mismo al del viernes 14, día en que se venía el plazo para que los migrantes venezolanos ingresaran sin visa humanitaria al Perú. Durante la madrugada y el resto del día, miles de venezolanos continuaron llegando al Cebaf para entrar al país y seguir su camino hacia Piura, Chiclayo, Trujillo y principalmente Lima, aún cuando a las cero horas unos veinte agentes de la Policía Nacional impidieron el paso de vehículos con migrantes en la vía que conecta con Ecuador para evitar su ingreso. Luego de unos minutos, los viajeros bajaron de las unidades y siguieron su ruta a pie. Muchos de ellos, al igual que otros grupos que llegaron en el día, pidieron refugio porque no contaban con el visado humanitario o su pasaporte estaba vencido.   Llegué a las seis de la mañana y pensé que no iba a poder entrar, pero ya estoy pidiendo mi carta de refugio y me voy para Lima, donde me reencontrar con mis dos hijos y mi esposa, contó Joan Sánchez, caraqueño de 32 años.   El mismo caso es el de Jesús Daza. Como en Venezuela ganaba un dólar diario haciendo mototaxi, decidi viajar hasta el Perú y ayer pidi refugio. Tengo hasta los zapatos rotos. En mi país no solo falta para comer; no hay medicinas, agua ni luz. Por eso huí, afirmó debajo de una de las tantas carpas que se han instalado en el Cebaf.   41 mil  venezolanos ingresaron al Perú en los primeros 14 días de junio, según Migraciones. El viernes entraron más de 9 mil.   1.310  venezolanos en promedio ingresaban por día al Perú hasta mayo en el Cebaf Tumbes. Debido a la exigencia de visa humanitaria, la cifra comenz a aumentar considerablemente el 1 de junio.   En mi país no solo falta para comer; no hay medicinas, agua ni luz. Por eso huí, afirmó debajo de una de las tantas carpas que se han instalado en el Cebaf.   El último viernes, más de 9 mil venezolanos entraron al Perú por el Cebaf de Tumbes sin solicitar visa humanitaria. Esta es una cifra récord de entradas. El 31 de octubre del 2018, ingresaron 6.078 venezolanos al país por la frontera con Ecuador. En aquella ocasión, venía el plazo para entrar al Perú y solicitar el PTP.   Aunque ni Migraciones ni el Ministerio de Relaciones Exteriores dieron cifras de cuántos venezolanos ingresaron ayer al Perú con solicitud de refugio, miles fueron los que formaron interminables colas en el Cebaf. Primero llegué a vacunarme, luego solicit mi carta de refugiada y ahora espero sellar mi ingreso al Perú, sostuvo Ana Castillo, estudiante de Enfermería en Venezuela.   El módulo de atención preferencial también fue uno de los que concentró la mayor cantidad de personas. Cientos de padres de familia formaron largas colas con sus pequeños hijos. Personas de la tercera edad y enfermos se unieron a este grupo. Luego de que el presidente de la República, Martín Vizcarra, anunciara que los venezolanos podrían ingresar al país solo con visa humanitaria desde el sábado 15, el gobierno dispuso casos excepcionales: los menores de edad en tránsito al Perú para reunirse con sus padres y que no cuentan con cédula de identidad o pasaporte (pueden usar partida de nacimiento); mayores de edad que van a reunirse con su núcleo familiar ya residente en el Perú o en situación de vulnerabilidad; y embarazadas y adultos mayores en situación de extrema vulnerabilidad.   —Supervisión—  Según la superintendenta nacional de Migraciones, Roxana Delgado, el Estado aplica desde las cero horas de ayer la solicitud de visa humanitaria. Lo que se ha determinado son ciertas excepcionalidades. Estamos dandoles prioridad a los menores, los enfermos, las embarazadas y a aquellos que pueda demostrar reagrupación familiar, dijo tras recorrer el Cebaf.   En la tarde, los venezolanos recibieron una visita inesperada: Carlos Scull, representante diplomático en el Perú de Juan Guaidó, presidente interino de Venezuela, llegó para brindarles su apoyo moral y anunciar la creación del Registro Único de Venezolanos para conocer, de manera puntual, cuáles son sus necesidades en el Perú.   También estamos conversando con el Estado Peruano para que nuestros profesionales puedan ejercer sus carreras en el país, dijo. Ante la gran cantidad de venezolanos que llegaron ayer y el viernes, el Ejército dispuso nueve portaatrpa para movilizarlos desde el Cebaf hasta Tumbes.   No Contaban con Visa  Negaron el Ingreso a Periodistas Venezolanos  Tres periodistas venezolanos no pudieron ayer registrar su ingreso al Perú debido a que no contaban con visa humanitaria y, según Migraciones, tampoco cumplen los requisitos para solicitar refugio.   Candelaria Rivas, César Sánchez y Katherine Llanes partieron el sábado 8 desde Puerto la Cruz con la intención de realizar un reportaje sobre las peripecias que pasan sus compatriotas por Colombia, Ecuador, el Perú y Chile. Pero al llegar a Tumbes no pudieron continuar con su camino.   Ni siquiera queremos quedarnos en el Perú. Solo estamos de tránsito porque nuestra meta es Chile, donde está mi hijo, contó Rivas.   Los periodistas, de distintos medios, tienen como destino final Chile.","elcomercio","16/06/2019"
"El Avance Inesperado del Síndrome de Guillain-Barré","Van 7 muertos vinculados a este mal. En las últimas tres semanas, el Minsa reportó 469 casos en 20 regiones. Se investigan causas del brote, aunque podría ser un virus respiratorio.   Fernando Alayo Orbegozo*  Tiene el enigma de lo apocalíptico: un nombre casi impronunciable y causas aún desconocidas. Pero el síndrome de Guillain-Barré (SGB) es un viejo conocido para las autoridades sanitarias del país; de hecho, el Ministerio de Salud (Minsa) ha informado que –cada año– se esperan entre 300 y 600 casos en el Perú. Sin embargo, ahora las cifras se dispararon y las estimaciones ya no cuadran.   En lo que va del 2019, el Minsa ha reportado siete fallecidos relacionados con el SGB, y 548 casos confirmados y sospechosos; de ellos, 469 (85%) se han registrado en las últimas tres semanas. Un avance súbito e inesperado de esta enfermedad, que ya está presente en veinte regiones del país.   —Monitoreo Nacional—  Este síndrome es un trastorno poco frecuente que afecta el sistema nervioso y el movimiento de brazos y piernas, y suele manifestarse una o dos semanas después de una enfermedad diarreica o respiratoria.   Como tiene incidencia anual en el Perú, desde el 2016 el Estado cuenta con un protocolo para su vigilancia epidemiológica, en el que se han definido los procedimientos de identificación y atención de pacientes [ver infografía]. Este protocolo se elaboró aquel año debido a la epidemia del zika, a fin de establecer algún vínculo entre ella y el incremento de casos del SGB en el país (que hoy se ha descartado). Pero el principal antecedente data de entre mayo y junio del 2018, cuando se reportó un brote con 146 casos durante ambos meses.   Sobre el evento de este año, la ministra de Salud, Zulema Tomás, explicó que el síndrome apareció inicialmente en La Libertad y Piura, y luego se registró en Junín, Lima y Lambayeque. Por ello, recordó, desde el pasado 8 de junio estas cinco regiones fueron declaradas en emergencia sanitaria, a fin de agilizar administrativamente la adquisición de medicamentos e insumos para la atención de los casos reportados.   El tratamiento [del SGB] está siendo cubierto por el Minsa gracias al decreto supremo que declaró la emergencia. Es totalmente gratuito, pese a que hablamos de un costo semanal de entre S/30.000 y S/60.000 por cada paciente. Nuestra población definitivamente no iba a poder cubrirlo, dijo en conferencia de prensa. Consultada sobre por qué el Minsa no ha catalogado este evento como epidemia, Tomás precisó que se trata de un brote no contagioso, ya que lo epidémico no solo se refiere a la cantidad de casos, sino también a cuántas regiones del país los presentan. En ese sentido, hizo un llamado a la calma al referir que tanto en La Libertad como en Piura los casos se vienen reduciendo (esta semana hubo 78, y en la anterior 314).  —Un Brote Atípico—  El Centro Nacional de Epidemiología, Prevención y Control de Enfermedades (CDC) informó a El Comercio que las siete muertes reportadas durante el brote de Guillain-Barré aún siguen en investigación. Las primeras defunciones fueron pacientes de La Libertad, Junín y Piura, quienes llegaron a los establecimientos de salud en el último estado del síndrome, es decir, cuando se presenta la parálisis y esta puede derivar en un paro cardiorrespiratorio.","elcomercio","16/06/2019"
"Bogdan Jmelnitski y el legado de la memoria histórica","Co Bogdn Jmelnitski, quien en sus batallas no perdi la oportunidad de hacer un pogromo entre las comunidades judas de la regin. Siempre despus de nombrarlo aada la maldicin, “que su nombre y su recuerdo sean borrados”. Como gran paradoja, es posible que solo sea recordado por quienes lo maldicen y la maldicin se cumplir solo cuando no quede nadie que la pronuncie.  Erstrato incendi el templo de Diana en feso para ser famoso y recordado. Se prohib nombrarlo, bajo pena de muerte. Paradjicamente la prohibicin lo hizo ms famoso, lo convirti en un smbolo.  Yo peridicamente releo y cito la primera pgina de “El libro de la risa y del olvido”, de Milan Kundera. El lder comunista checo Klement Gottwald se diriga al pueblo desde un balcn. Haca fro, y a su lado estaba Vlado Clementis, quien le prest su sombrero. Poco despus, Clementis cay en desgracia por no ser suficientemente estalinista y fue ejecutado. Se borr de todos los textos y las fotos oficiales. Lo nico que qued de l fue una foto de su sombrero en la cabeza de Gottwald. Pero la historia acomoda sus cosas, y, en verdad, hoy tampoco hay muchos que recuerden a Gottwald.  “El historiador honesto no tiene derecho a perseguir una demostracin en contrava de los hechos”.  Las tareas del Centro de Memoria Histrica y de la Comisin de la Verdad son importantes, pero no envidio a quienes han sido sus directores. Todos han sido atacados desde campamentos polticos opuestos con la acusacin de que no son objetivos ni imparciales. En el fondo, no se les reclama que tengan una ideologa y una visin de mundo propia, sino que ellas no sean las de quien los ataca.  La historia, a diferencia de lo que pasa en las ciencias naturales, est necesariamente cargada de juicios de valor, y estos dependen de la visin del historiador. Es ingenuo pretender que alguien pueda exponer hechos recientes de tal magnitud sin involucrarse. Esto no quiere decir que todo valga. El historiador honesto no tiene derecho a perseguir una demostracin en contrava de los hechos ni puede convertirse en defensor de una causa. Yo me contentara con exigirle que no oculte ni permita el ocultamiento de ningn hecho o testimonio y que haga explcita su visin ideolgica cuando interprete o valore los hechos. Si cumple con esto, su trabajo estar sujeto a la critica de otros historiadores, y as (dice el Nobel e historiador T. Mommsen), los juicios histricos podrn ser intersubjetivamente veriﬁcables.","elcomercio","16/06/2019"
"Inmigración y futuro económico","Por ejemplo, ha descendido a 1,3 y la edad media para tener el primer hijo ha subido a 32 aos, la ms alta de su historia. Si Espaa y otros pases europeos no estn disminuyendo su poblacin, es gracias a la inmigracin.  Histricamente, la inmigracin ha tenido un impacto muy favorable, tanto en innovacin como en crecimiento econmico. Bricker e Ibbitson destacan en su libro que la mayora de los premios Nobel otorgados en los ltimos aos a norteamericanos han sido ganados por inmigrantes. Sin embargo, observan que “el remolino receloso, nativista, del America First de los ltimos aos amenaza... con cerrar el grifo de la inmigracin que hizo grande a Norteamrica”. Lo contrario ocurre en Canad. Con una poltica explcita de atraer inmigrantes calificados, Canad se est consolidando como una sociedad prspera, polglota y multicultural. Los especialistas coinciden en que, gracias a su apertura, Canad es uno de los pases con mejores perspectivas en el mediano plazo.  El Per fue durante varias dcadas un pas de emigrantes. El populismo econmico y la violencia terrorista expulsaron del pas a tres millones de peruanos. La mayora no volvi cuando la situacin mejor. Del mismo modo, hoy el populismo econmico y la violencia han llevado a ms de cuatro millones de venezolanos a dejar su pas. De ellos, cerca de 800 mil han llegado al Per. Siendo realistas, la mayora no volver a su pas.  “El Per debera hacer el mayor esfuerzo para aprovechar ese potencial [el de los refugiados venezolanos] y facilitar su integracin”.  Segn ha podido detectar Ipsos, la actitud de los peruanos hacia los venezolanos hoy es ambivalente. Por un lado, 67% declara tener una opinin desfavorable de los inmigrantes venezolanos. Como ocurre con los peruanos en otros lares, se los acusa injustamente de delincuentes. Sin embargo, cuando se pregunta por los venezolanos con los que ha interactuado personalmente en los ltimos tres meses, la actitud cambia totalmente: 79% declara que tiene una opinin favorable de ellos.  No es fcil administrar el enorme flujo de refugiados venezolanos que ha generado el funesto rgimen de Chvez y Maduro. Es verdad que compiten por empleos, pero tambin que aportan a los ingresos de otros peruanos al gastar en alimentos, vivienda, vestido, transporte. Sin embargo, dado su buen nivel educativo, su contribucin potencial es aun mayor. El Per debera hacer el mayor esfuerzo para aprovechar ese potencial y facilitar su integracin, no solo por solidaridad fraternal sino en beneficio del futuro del pas.","elcomercio","16/06/2019"
"Reforma constitucional y representación política","El Poder Ejecutivo y el Congreso se han hecho ms que socios. El arreglo floral con el que adornan su matrimonio es la reforma constitucional.  La reforma aprobada impide postular a cargos de eleccin popular por causa de una sentencia en primera instancia en caso de delito doloso. La comisin agreg, en el mbito del impedimento, a los funcionarios designados en cargos de confianza.  A primera vista, es bueno sacar de la carrera pblica a los sentenciados. La primera instancia, sin embargo, no equivale a una sentencia firme. Existen varias instancias, justamente, para que los que insisten en su inocencia tengan una opcin de acceder a la justicia.  El gobierno y la Comisin de Constitucin creen que no debe ser as. Creen que basta la sentencia de un solo magistrado. Creen en la infalibilidad del juez de primera instancia, contra el sentido comn y contra el sistema de justicia, construido, ms bien, sobre el supuesto de la falibilidad.  El error parte, ms que de la ingenuidad, de la ceguera. El Ejecutivo y la comisin no han querido ver ni cmo est construido el sistema de justicia ni cmo son nuestros jueces.  El punto de partida es idlico. No existen, en esta visin, jueces como el ex juez Walter Ros o el ex juez Cesar Hinostroza. No, al menos, en primera instancia.  Para el nuevo matrimonio reformador, en primera instancia no existen la corrupcin, la negligencia, la ignorancia, la desinteligencia o el error por sobrecarga de trabajo.  Hubo un anlisis, por ejemplo, sobre las veces en que las cortes superiores han modificado las decisiones de primera instancia? Hay, siquiera, un ndice de falibilidad?  Al revs, no hay jueces que liberan al culpable sin fundamento o torciendo la motivacin? No hay Hinostrozas en primera instancia? No debemos suponer que los haya?  En otras palabras, este sacrificio de los derechos, nos protege del corrupto?  Lo que est de por medio es el derecho a elegir y ser elegido. Si se va a condicionar constitucionalmente este derecho, no debera, por lo menos, basarse la decisin en un estudio de la eficiencia juzgadora?  El Estado no puede intermediar en la representacin poltica. El elector debe ser el nico responsable de sus decisiones.  La ley puede dar seguridades al elector en cuanto a la informacin sobre los candidatos. Es distinto, sin embargo, limitar el derecho a elegir y ser elegidos sobre la base de una sentencia en primera instancia, en vez de hacerlo sobre una sentencia firme.  Con esta reforma, la Constitucin toma a su cargo la responsabilidad de elegir, en vez de que la asuma el elector. La ley no puede decirle al ciudadano: “No sabes elegir, por eso yo voy a acotar las opciones”.  La ola de la anticorrupcin no debe llevarnos a incrementar nuestra irresponsabilidad de elegir. Al contrario, debe crear condiciones para que seamos ms responsables a la hora de optar.  La Comisin de Alto Nivel que sugiri el cambio tuvo en cuenta criterios polticos. Tan es as, que cita una encuesta segn la cual “ms del 40% de entrevistados consideran que no deben postular quienes son investigados por corrupcin” (“Hacia la democracia del bicentenario”, 2019, KAS, p. 298).  La encuesta no habla de sentencias ni de instancias. Se limita a delitos de corrupcin. La cita no informa sobre la muestra ni sobre la metodologa. Y se usa como argumento a favor de una reforma constitucional!  La Comisin de Alto Nivel tuvo poco tiempo para estudiar el problema. La Comisin de Constitucin, algunas horas para aprobar el proyecto. El Ejecutivo presion por los plazos. Todo, en aras del aplauso popular en la ola anticorrupcin.  El matrimonio del Ejecutivo con el Legislativo nos lleva a una reforma constitucional intuitiva, populachera e irresponsable. No producir mejores candidatos y favorecer la erosin de principios bsicos constitucionales.","elcomercio","16/06/2019"
"Luego de cinco meses consecutivos de caídas, la popularidad del presidente Martín Vizcarra se recuperó y ascendió a 50%","Según la última encuesta urbano-rural de El Comercio-Ipsos, la popularidad del presidente Martín Vizcarra se recuperó y ascendió a 50%, ocho puntos más respecto a mayo. En tanto, la desaprobación al mandatario bajó a 41%, seis puntos menos que el mes pasado. Con esto, nuevamente el nivel de respaldo a Vizcarra se coloca por encima de su desaprobación, lo que no ocurriese desde hace tres meses. El respaldo al mandatario es mayor en la zona sur del país (56%) y menor en el oriente (46%). A la par, la desaprobación más alta se encuentra en la zona centro (40%) y la más baja en el sur (35%). Vizcarra cuenta con más aprobación que los expresidentes Pedro Pablo Kuczynski (30%), Ollanta Humala (40%) y Alan García (30%) en el decimoquinto mes de su gestión. El 61% de los encuestados considera que el mandatario es concertador y dialogante, mientras que el 29% lo percibe autoritario. A inicios de este mes, Vizcarra volvió a tensar la relación con el Congreso mediante una cuestión de confianza por la reforma política.","elcomercio","16/06/2019"
"Entrevista a Luis Galarreta","Si cerraban el Congreso, se les caía la careta. Aunque no ha bajado ni un pizco su talante opositor, Luis Galarreta respeta a sus correligionarios que le dieron el sí al gobierno. Frente a la autocritica general, a algunos no les importa traer ex terroristas. Fernando Viván o estaba de licencia, está concentrado en la reorganización de Fuerza Popular (FP) y en presidir la Comisión de Relaciones Exteriores. Es subsecretario general de FP, pero la secretaria general, Luz Salgado, le ha pedido que tome su lugar. Habla menos que antes, pero cuando lo hace –como ahora– no deja lugar a dudas sobre su papel de halcón fujimorista que respeta los estilos internos. Está haciendo vida de partido, dijo. Sí, el partido está pendiente de las injusticias que pasan a nuestros compañeros, no solo el caso de Keiko, sino de Pier Figari, de Jaime Yoshiyama, que fue militante. El 15 de abril presentamos el decálogo y reactivamos el equipo del plan de gobierno. Me puede recitar parte del decálogo de una forma didáctica? Es básicamente lo que está en la Constitución del 93. Creemos en la vida desde la concepción, en la familia, creemos en una economía libre y también creemos en la agricultura. Y conservador? No sé si conservador es la palabra. Yo me considero de derecha, pero el partido no es lo que yo pueda opinar. Ha habido avances, otra cosa es que la agenda del gobierno busque el efecto populista de querer jaquear al Congreso. Pero creo que vamos a coincidir en las esencias: que el ciudadano se sienta más cerca del partido. Pero, por cómo lo plantean ellos, están más preocupados porque la señora Verónica Mendoza consiga sus firmas. Protegió a Edwin Oviedo? Bueno, había algunos candidatos en la lista de la señora Mendoza que no lograron entrar. Creo que la señora [María Elena] Foronda tenía antecedentes. En la reforma han planteado que alguien con antecedentes en primera instancia no debería ingresar. Pienso que es inconstitucional. El pleno debe evaluarlo.","elcomercio","16/06/2019"
"Investigan a Héctor Becerril por Caso Los Wachiturros de Tumbes","Hugo Pérez informa que el congresista fujimorista afrontará su segunda investigación ante el Ministerio Público. Será «una investigación por crimen organizado», por caso que también involucra a Edwin Oviedo.","elcomercio","16/06/2019"
"El tratamiento [del SGB] está siendo cubierto por el Minsa gracias al decreto supremo que declar la emergencia. Es totalmente gratuito, pese a que hablamos de un costo semanal de entre S/30.000 y S/60.000 por cada paciente. Nuestra población definitivamente no iba a poder cubrirlo","El tratamiento [del SGB] está siendo cubierto por el Minsa gracias al decreto supremo que declar la emergencia. Es totalmente gratuito, pese a que hablamos de un costo semanal de entre S/30.000 y S/60.000 por cada paciente. Nuestra población definitivamente no iba a poder cubrirlo, dijo en conferencia de prensa.  Consultada sobre por qué el Minsa no ha catalogado este evento como epidemia, Tomás precisó que se trata de un brote no contagioso, ya que lo epidémico no solo se refiere a la cantidad de casos, sino también a cuántas regiones del país los presentan. En ese sentido, hizo un llamado a la calma al referir que tanto en La Libertad como en Piura los casos se vienen reduciendo (esta semana hubo 78, y en la anterior 314).  —Un brote atípico—  El Centro Nacional de Epidemiología, Prevención y Control de Enfermedades (CDC) informó a El Comercio que las siete muertes reportadas durante el brote de Guillain-Barré aún siguen en investigación. Las primeras defunciones fueron pacientes de La Libertad, Junín y Piura, quienes llegaron a los establecimientos de salud en el último estado del síndrome, es decir, cuando se presenta la parálisis y esta puede derivar en un paro cardiorrespiratorio.  Gladys Ramírez, titular del CDC, indicó que se han tomado las muestras respectivas de las víctimas, además de realizar las autopsias verbales (entrevistas a los familiares) para determinar los antecedentes clínicos. Este [brote] es un evento que se da por primera vez. Se parece al del año pasado, aunque durante el 2018 no hubo muertos, dijo.  La atipicidad del reciente brote del SGB también se confirma en otro dato: un tercio de los casos reportados este año ha evolucionado de forma súbita y con características distintas a las previstas, según el Instituto Nacional de Ciencias Neurológicas (INCC) del Minsa. Estos pacientes mostraron el síndrome en solo uno o dos días, cuando usualmente transcurren de una a dos semanas; además, primero presentaron dificultad en la movilidad de los miembros superiores (brazos, dedos de la mano) en lugar de los miembros inferiores (pies, piernas). Pilar Mazzetti, directora general del INCC, precisó que, del total de casos reportados en el Perú, se ha identificado que el grupo más afectado corresponde a quienes tienen entre 30 y 59 años. [Estas personas] tienen manifestaciones de que se han expuesto antes a algo. Probablemente, algún virus respiratorio. No lo podemos afirmar; todavía está en investigación, pero probablemente sea esto, indicó.  El viernes último, el Instituto Nacional de Salud (INS) envió las pruebas realizadas a los pacientes confirmados al Centro para el Control y la Prevención de Enfermedades de Estados Unidos, ubicado en Atlanta, a ﬁn de determinar la causa del síndrome. Los resultados se conocerán dentro de varias semanas.","elcomercio","16/06/2019"
"La consecuencia de una mala salubridad nacional","ELMER  Huerta Especialista en salud pública  Este es un problema de salubridad nacional. Hay factores que tienen que ver con el medio ambiente o la acumulación de basura que fomentan la circulación de virus o bacterias, que –aunque no sabemos con exactitud cuáles son– a su vez están causando la aparición de casos del síndrome de Guillain-Barré.  En nuestro país, la salubridad es mala y no está a la altura: no hay agua potable y saneamiento en muchas zonas, se acumulan residuos sólidos, proliferan los vendedores ambulantes de comida. Todo es parte del paquete, ya que –reitero– predisponen la circulación de bacterias y virus que activan este síndrome.  Por qué algunos peruanos desarrollan el Guillain-Barré con esos virus y bacterias? No se sabe, y eso tendr que investigarse. Existen hipótesis que apuntan a un aspecto genético. Pero ante tanta oscuridad sobre las causas, debemos buscar la luz en la prevención, en la planificación pertinente y en la atención médica adecuada.  Por ello, creo que debemos alarmarnos, pero en el mejor sentido de la palabra: estar alertas. El Guillain-Barré es una enfermedad global, y en el Perú no es ninguna novedad para las autoridades sanitarias.","elcomercio","16/06/2019"
"Los próximos 25 años de la Costa Verde","En enero de este año, la revista Nature publicó el artículo A Recent Increase in Global Wave Power as a Consequence of Oceanic Warming. La publicación encontró una correlación entre el cambio climático y el tamaño de las olas en el océano. Específicamente, el incremento de la temperatura del Océano Pacífico produce vientos de mayor intensidad. Estos vientos, a su vez, generan olas más grandes.  La publicación incluye un mapa alarmante que demuestra el cambio promedio anual en la fuerza de las olas, entre 1985 y el 2008, a escala global. Según el artículo, el lugar con mayor incremento en términos de fuerza y tamaño de las olas es el Pacífico Sur y, particularmente, las costas del Perú, Ecuador y Chile. En general, en el Pacífico Sur tropical, donde se ubica la costa peruana, el estudio encontró un incremento en el tamaño de las grandes olas de 1% anual.  En el contexto de Lima, esto significa que cualquier obra que se desarrolle en el límite costero no solamente tiene que responder a las condiciones actuales, sino a un estado de riesgo y vulnerabilidad que incrementa cada día con el cambio climático. En este contexto, el ola que ha sabotearon el proyecto para recuperar La Herradura el mismo día de su inauguración, y el oleaje que recientemente ha afectado 500 metros de malecón del proyecto Costa Verde para Todos en Magdalena son parte de una nueva realidad que tiene que ser considerada para cualquier proyecto.  Según el Plan Maestro de la Costa Verde, el mar naturalmente erosiona el acantilado en un ciclo constante. Esta erosión siempre ha sido un problema, pero se ha vuelto obvio en el momento en que se dejó de botar relleno en la costa y se convirtió la plataforma baja de un parque sin construir en una defensa que pueda contener la franja costera. Pero tampoco es tan simple la solución de construir defensas ribereñas y enrocadas. Hay bastantes factores a considerar: ¿qué significa el incremento anual de 1% en el tamaño de las olas en términos del tipo y altura de una defensa? ¿Qué podríamos hacer con respecto a la nueva ciclovía y vereda construida en Miraflores durante el último periodo municipal que también va a colapsar hacia el mar sin la construcción de defensas (considerando que la construcción de estas defensas resultara en la eliminación de playas y la modificación de las olas)? ¿Cómo podríamos proteger a los usuarios de la costa contra un tsunami?  A pesar de las inversiones en proyectos en los últimos 25 años, la Costa Verde no ha mejorado desde la aprobación del último plan maestro. ¿Qué podríamos esperar para los próximos 25 años?","elcomercio","16/06/2019"
"Fiscalía investiga la muerte de un niño en colegio de Ate","El menor de 7 años sufrió una descarga eléctrica cuando jugaba en el recreo.  La fiscal Tatiana Acosta Roldán, de la Primera Fiscalía Provincial Mixta de Huarochirí, dispuso que se investigue la muerte de un niño de 7 años, quien sufrió una descarga eléctrica luego de que se apoyó contra la pared de un módulo prefabricado, mientras jugaba en su colegio el último viernes.  El accidente habría ocurrido alrededor de las 3 p.m. del viernes, cuando el menor estaba en hora de recreo, informó Latina. Los padres de familia indicaron que el lugar donde los menores jugaban estaba completamente mojado. También contaron que el pequeño no habría sido auxiliado de forma inmediata por las autoridades del colegio.  El Ministerio Público dispuso que la investigación de este caso esté a cargo de los agentes de la División Policial de Ate-Santa Anita.","elcomercio","16/06/2019"
"El legado de Francisco Mir Quesada Cantuarias","Miguel Giusti, Carmen Mara Pinilla y Alberto Cordero escriben sobre el humanismo del recordado filsofo.","elcomercio","16/06/2019"
"Los modelos de paternidad en la TV","Los tipos de padres y sus nuevos roles reflejados en la pantalla chica.","elcomercio","16/06/2019"
"Encuesta EL COMERCIO-IPSOS","Evaluación al Poder Ejecutivo en la opinión pública La aprobación al presidente Vizcarra sube 8 puntos. 50% aprueba la gestión del jefe de Estado. La desaprobación bajó a 41%, seis puntos menos que en mayo. 40% respalda la labor del primer ministro Salvador del Solar, siete puntos más que el mes anterior. 34% es la aprobación al gobierno de Vizcarra, seis puntos más que la encuesta anterior.","elcomercio","16/06/2019"
"Sin Visa Humanitaria","Sigue el ingreso de migrantes venezolanos en la frontera No pudimos ni con Venezuela ni con el VAR En un partido insólito, la selección empató sin goles con Venezuela. El árbitro le anul dos goles a la Blanquirroja, uno tras consultar con el VAR. Este martes enfrenta a Bolivia, a las 4:30 p.m., en el Maracan. Pablo Guerrero y Jefferson Farfán no pueden creerlo. El árbitro colombiano Wilmar Roldán le anul a Foquita un gol de cabeza por offside de Trauco. Masivo. Muchos solicitan refugio porque no cuentan con el requisito que exige desde ayer el Estado.","elcomercio","16/06/2019"
"Editorial Domingo 16 de junio del 2019","Si bien en todos los países se sigue mes a mes la evolución de la aprobación pública de las autoridades sin que sus resultados tengan mayores consecuencias prácticas, en el Perú este proceso reviste particular importancia. Editorial de El Comercio Caer por no caer / 11 de junio del 2018 Para subir al cielo Según la última encuesta de El Comercio-Ipsos, la aprobación del presidente Martín Vizcarra ha subido ocho puntos (ha pasado de 42% a 50%) con respecto al mes anterior. Como se sabe, después de las cumbres que conoci a fines del año pasado, cuando prácticamente todos los sondeos la ubicaban cómodamente arriba del 60%, la popularidad del mandatario no había hecho sino bajar mes a mes. En general, las cifras no eran aún alarmantes (en todos los casos, la opinión favorable a él superaba el 40%, lo que no era deleznable después de más de 15 meses en Palacio), pero la circunstancia de que en las últimas mediciones la desaprobación hubiera acabado por superar a la aprobación despertaba inquietudes en la opinión pública y, aparentemente, también en el Ejecutivo. Ahora el presidente registra un repunte en las encuestas y en la semana algunas voces del oficialismo, como la de la ministra de Desarrollo e Inclusión Social, Paola Bustamante, se han apresurado a interpretarlo como el síntoma de una brusca conciencia ciudadana sobre los aciertos de la actual administración. Entiendo que la población está percibiendo que hay un trabajo y un compromiso real del Gobierno para solucionar los problemas de las personas, ha dicho ella. Pero es evidente que los gestos más dramáticos del presidente en el último mes poco han tenido que ver con, por ejemplo, la seguridad, el empleo o el crecimiento económico –el PBI creció solo 0,02% en abril según el INEI–, por lo que la explicación del hipo en su popularidad debe ser buscada en otra parte. Concretamente, en la reedición del enfrentamiento con el Congreso (que ya antes le había resultado bastante rentador en los sondeos) y, más discretamente, en el sutil guiño a la ola xenofoba que de un tiempo a esta parte viene ganando espacio en las calles. Se diría, pues, que, para subir al cielo de las encuestas, el jefe del Estado se ha valido, como en la conocida canción, de una escalera grande y otra chiquita. El problema, no obstante, es que, bien vistas, ambas se revelan desafortunadas y resbalosas. En el primer caso, el mandatario forzó una puesta en escena que se inició con una marcha hasta la plaza Bolívar y terminó con el plantamiento de una cuestión de confianza de toques antojadizos (por los plazos y la exigencia sobre la intangibilidad de las esencias de los proyectos del Ejecutivo que incluía), y que tenía como trasfondo la tácita amenaza de una disolución del Parlamento. Y en el segundo, envió un mensaje en código a la población que resiente la presencia de tantos venezolanos en nuestro territorio al presentarse, junto con el ministro del Interior y frente a cámaras, en un acto en el que 52 ciudadanos de esa procedencia estaban siendo enviados de regreso a su país por haber ingresado al Perú falseando sus datos para ocultar sus antecedentes penales. Como se ha demostrado en estos días, el porcentaje de los venezolanos comprometidos en denuncias o problemas con la ley dentro del universo de los 800 mil migrantes que hemos recibido desde que empezó la crisis humanitaria y política en esa nación es nimio. Pero igual el mandatario tomó la palabra durante el referido acto de expulsión para decir: Tenemos la obligación de velar por la seguridad, la tranquilidad y la paz de todos los peruanos. Al carecer de partido y de una auténtica bancada que lo represente en el Congreso, el presidente requiere desde luego de una alta aprobación ciudadana para gobernar sin sobresaltos. Esta, sin embargo, no debe ser obtenida a cualquier precio. Si lo que consigue en el camino es poner al borde del abismo las relaciones del Ejecutivo con el Legislativo y alimentar entre la población sentimientos reñidos con el desarrollo de la civilización y los derechos humanos, el remedio acaba siendo peor que la enfermedad. Y eso es grave cuando lo que está en juego es la salud democrática del país.","elcomercio","16/06/2019"
"La aprobación al presidente Vizcarra ha vuelto a subir en las encuestas, pero no por las razones correctas.","","elcomercio","16/06/2019"
"La Semana en Política","OAS aport US$220 mil a campaña de Luis Castaeda 10/6 Un colaborador de la fiscalía afirmó que la constructora brasileña OAS aportó US$220 mil a la campaña de Luis Castaeda Lossio en el 2014. Previo a ello, ‘Leo’ Pinheiro, ex presidente de la empresa, había declarado que ofreció US$100 mil a la campaña. 12/6 Aprueban proyecto planteado en la cuestión de confianza La Comisión de Constitución del Parlamento aprob el primero de los seis proyectos de la reforma política por los que el Ejecutivo planteó la cuestión de confianza al Congreso, aunque con modificaciones. La iniciativa se discutirá próximamente en el pleno. 11/6 Juez Figueroa se aparta de caso de Keiko Fujimori Tras numerosas críticas por su supuesta vinculación con Los Cuellos Blancos del Puerto, el juez supremo Aldo Figueroa decidi apartarse del proceso en el que se evalúa el recurso de casación que presentó Keiko Fujimori contra su prisión preventiva. 11/6 Salaverry interpone medida cautelar contra informe El presidente del Congreso, Daniel Salaverri, presentó una medida cautelar para evitar que el pleno vote el informe de la Comisión de Ética que recomienda suspenderlo 120 días. La semana pasada, interpuso una acción de amparo. Por vínculos Separan a embajador que ayudó a Hinostroza El embajador Carlos Bustamante fue separado de su cargo de director de Comunidades Peruanas en el Exterior y Asuntos Consulares. Este Diario informó que el diplomático no mencionó que conocía a Hinostroza cuando la Cancillería lo nombr encargado de su extradición en España.","elcomercio","16/06/2019"
"Cunde la delincuencia","Lima es una ciudad cada vez más insegura. Bandas de rateros incursionan en las casas despojando a sus dueños de objetos valiosos y de dinero. Se multiplican también los asaltos en la calle, y las víctimas de estos malhechores para no ser golpeados o incluso perder la vida tienen que entregar carteras, relojes y otras joyas. Los delincuentes pululan en los tránsitos y en la salida de los cines y teatros. Es comprensible la zozobra que reina entre la población y urge que las autoridades de policía tomen las medidas para erradicar esta plaga.","elcomercio","16/06/2019"
"Gallese se agigant ante Rondón","Un pase a las espaldas de la defensa agarr mal parado a Zambrano. Herrera control mal, pero le quedó a Rondón, quien defini sobre la marca de Abram. Gallese salvó milagrosamente.  Con uno menos El venezolano Mago fue expulsado. Ni con un hombre más en los últimos minutos Perú pudo superarlo.","elcomercio","16/06/2019"
"DT","-27- P. GALLESE (7) Estuvo gigante en las intervenciones. Fue el responsable de que Perú termine con el arco en cero. Recuperó la confianza.  L. ADVÍNCULA (5) Bien en ataque. Peligroso con su velocidad por la banda derecha. En defensa sufrió con los balones largos a su espalda.  C. ZAMBRANO (6) Seguridad en todo momento. Su experiencia se impuso a su falta de continuidad en los últimos meses. No defraud.  L. ABRAM (6) Se complementó bien con Zambrano en la zaga defensiva. Pocas veces qued expuesto ante los ataques de los rivales.  M. TRAUCO (5) Predictible en ataque. Cada balón que pasaba por sus pies terminaba en pelotazos hacia Guerrero. En defensa, inseguro.  R. TAPIA (6) Si comete algún error, lo compensa con su garra. Luchó cada balón como si fuera el último y fue el primero en presionar.  C. GONZALES (6) Sorprendió su desenvolvimiento en su debut en una Copa América. Movió los hilos de la selección en ataque y ayudó en defensa.  Y. YOTUN (5) Tardó en acoplarse en el campo. No tuvo protagonismo en las jugadas de peligro. Impreciso en los pases largos.  J. FARFÁN (5) Estuvo absorbido por los defensores rivales. No pudo aprovechar su velocidad ni se pudo asociar con Paolo Guerrero.  C. CUEVA (4) Salí en el minuto 45’ por un golpe en la cabeza. En los 45’ que estuvo se mostró sin confianza con el balón y muy impreciso.  P. GUERRERO (7) Siempre había un defensor a su costado, pero se las ingenió para crear peligro. Fue el mejor jugador del partido según la organización.  E. FLORES (5): ingresó en lugar de Cueva y tuvo en sus pies la más clara de Perú, pero encontró en Wuilker Faríez, portero venezolano, una muralla. Con él en el campo, Perú atacó más por la banda izquierda.  A. POLO (5): su ingreso fue táctico. Ayudó a Luis Advíncula en la marca y cuidó su espalda. En el poco tiempo que estuvo, intentó generar peligro por la banda derecha.  A. CARRILO ( ): jugó muy poco.  Zambrano reapareció con la selección luego de más de tres años y cumplió. El zaguero, salvo una jugada puntual, estuvo atento.  Pero careció de profundidad, algo vital cuando se tiene a los delanteros que tenemos.  Cuando Perú tenía el balón, Tapia se metía entre los centrales Carlos Zambrano y Luis Abram, quedando como un tercer zaguero o líbero. Mientras que Luis Advíncula, por derecha, y Miguel Trauco, en el lado opuesto, fueron carrileros, partiendo desde la línea del medio. Sin embargo, a pesar de la disposición ofensiva, el equipo careció de profundidad y volumen en ataque. Yotún y Gonzáles, que debían dar conducción y pase-gol, terminaron atrapados en el aspecto táctico de controlar al rival. Y arriba, el tridente Cueva-Farfán-Guerrero quedó huérfano, desconectado del juego y con nula asociación.  “No me voy conforme con el resultado, pero sí con el rendimiento del equipo. Tuvimos ocasiones”.  RICARDO GARECA Técnico de Perú  —El VAR y Faríez— Si en el Mundial de Rusia la tecnología nos dio un penal ante Dinamarca, este sábado en Porto Alegre el VAR intervino en contra de la Blanquirroja. En el primer tiempo, ‘Canchita’ González marc el 1-0 pero el árbitro colombiano Wilmar Roldán, tras revisar las imágenes, anuló el tanto por ‘offside’ de Tapia, que forcejeó el balón ante el portero Faríez. El grito de gol se apag junto a las intenciones peruanas. Pareció ser un golpe que dej grogui a los nacionales.  En el complemento, fue el portero Faríez quien evitó la celebración nacional con un par de intervenciones. De la línea le sacó un remate a Edison Flores, que pudo definir mejor en la chance más clara que tuvo Perú.  Sobre los 15 minutos del final, Luis Del Pino fue expulsado por doble amarilla. Con uno más, Perú tuvo las chances más claras para llevarse el triunfo aunque siguió fallando en definición. Ahora, la selección viajará a Río de Janeiro, ciudad en la que enfrentará a Bolivia este martes en su segunda presentación en la Copa América.  -28-  DT  Domingo 16 de junio del 2019  Sin Neymar, un Brasil terrenal Hasta que no se invente algo verdaderamente nuevo, revolucionario, las fiestas inaugurales de los torneos pasarán así, de largo, casi inadvertidas, más una formalidad que un atractivo, con el público entre la indiferencia y las permanentes consultas al celular. Esta de Brasil 2019 no fue muy distinta de otras docenas anteriores, en Sudamérica y alrededores: flojona, inspida. Una gran mezcolanza de gimnastas, bailarines de cada país, fragmentos de músicas y danzas nacionales, fuegos de artificio, haces de luz en medio de la oscuridad, las banderas de cada país, niños con las camisetas de las selecciones… Lo habitual. No emocionan. Lo bueno es que fue breve: diez minutitos. Y que ya no hay discursos (para evitar una chiflada, la gente abucha<|vq_13599|>ea a todo el que represente la autoridad).  Luego nos frotamos las manos esperando que el bautismo futbolero superara ampliamente la ceremonia. Pero Brasil-Bolivia fue tibiecito, como una prolongación de los cantos regionales. El resultado –Brasil 3 a 0– fue más elocuente que el juego. Convengamos, ante todo, que se trataba del primer partido para ambos, que la de Bolivia es una selección completamente nueva en técnico y jugadores, incluso en dirección. Y que en Brasil faltaba Neymar. Es posible que ambos calienten motores en el decurso de la Copa. Bolivia aguantó por 50 minutos el cero en su arco. Meritorio considerando su inocultable modestia. Tiene apenas a tres futbolistas actuando en el exterior: Chumacero y Haquin en México, y Marcelo Martins en China. Siempre, en todos los sorteos, se pone a Bolivia en el grupo A del anfitrión (a quien le facilitan la vida) y a jugar el partido de apertura, para que el local vaya saciando el apetito. Pero Bolivia les ha dado para que tengan a más de uno: igual con Paraguay 0-0 en 1999, 2-2 con Perú en el 2004, 2-2 también con Venezuela en el 2007, y 1-1 con Argentina en el 2011. Ya en 1953, en Lima, lo pusieron levantando el telón ante Perú y le gan 1 a 0, arruinándole la fiesta.  Curiosamente, por tratarse del debut de Brasil, siendo local y amplio favorito, el Morumbi de São Paulo distó mucho de llenarse: se vendieron 46.342 entradas, siendo la capacidad del estadio de 66.795, o sea un 69% de ocupación. No obstante, se alcanzó la taquilla máxima de un partido en Brasil en toda la historia: 5’822.961 dólares. La explicación? El promedio de cada boleto fue de 125,61 dólares. No hubo bailes típicos en la apertura. Fue un encuentro discretísimo entre la obligación de ganar (Brasil) y la necesidad de no perder (Bolivia). El dominio y la insistencia lógica de Brasil para abrir el marcador, aunque sin lucimiento, sin jugadas dignas de mención ni un andamiaje que impactara. Bolivia sofoc, desde luego, tres o cuatro principios de incendio. Y sobre los 30 minutos ya se aplac Brasil y fue menos asfixiante su ímpetu.  Los hinchas se guardaron los silbidos de los discursos para el final del primer tiempo. Brasil se retir abucheado. Fue muy descafeinado lo suyo. El VAR puso calma. Una mano indiscutible, que no había visto el ampuloso juez Pitana, sí la registró la cabina. Se dio el penal (correcto, era mano) y ah comenzó la burocrática victoria brasileña. A propósito: ¿en qué andan los odiadores del VAR?  Tite arrancó la Copa dando oportunidad a Richarlison y Neres, quienes destacaron esta temporada en el Everton y en el Ajax, respectivamente. Acompañaron a Firmino en ataque. Richarlison, un delantero rápido y con buena definición, y Neres, un habilidoso que abre brechas por las puntas. No lucieron. En cambio, apareció Everton, el punta de Grêmio, autor de un golazo que maquilló el triunfo de Brasil y mejoró la noche en general. Vino de izquierda a derecha gambeteando, y ya casi frontal al arco, sacó un disparo alto, pegado al segundo palo, imposible para Lampe.  No sería justo concluir el comentario sin una mención a tres elementos bolivianos: su número ‘14’, Raúl Castro, un espigado volante que sabe con la pelota y la sostiene; resolvió una situación de apremio con alta clase, salió jugando del área con un caño precioso a Casemiro, seguramente la acción más bonita de la noche junto al gol de Everton. El ‘22’, Adri Jusino, a quien le cobraron el penal por mano, que se cansó de sacar pelotas en su área, y el arquero Carlos Lampe, siempre eficiente y con buena presencia de ánimo para afrontar estos compromisos. En manos de Eduardo Villegas, si le dan tiempo, seguro Bolivia progresará.  Un partido no explica el torneo entero ni define a un equipo. Hay, sin embargo, una primera lectura: sin Neymar, Brasil es muy terrenal. El rey del marketing y las redes sociales es también un crack del fútbol. Su gambeta, su frontalidad, su osada generan un contagio en sus compañeros, tribulaciones en el rival y una electricidad en el espectáculo. Sin él hay más seriedad en la delegación, pero menos recursos en el campo.  El Comercio no necesariamente coincide con las opiniones de los articulistas que las firman, aunque siempre las respeta.  JORGE BARRAZA Periodista  “Los hinchas se guardaron los silbidos para el final del primer tiempo.”  Uruguay vs. Ecuador (Grupo C) AMÉRICA / DTV 5:00 p.m. Con el recuperado Luis Suárez, que har dupla en el ataque con Edinson Cavani, la selección uruguaya debuta esta tarde ante Ecuador en duelo por el Grupo C. El ‘Pistolero’ se operó hace un mes por una lesión en la rodilla y ya está disponible. Suárez, además, regresa a Brasil, donde en el 2014 protagonizó la recordada escena del mordisco contra Giorgio Chiellini en el duelo ante Italia que le costó una dura sanción.  Paraguay vs. Qatar (Grupo B) AMÉRICA / DTV 2:00 p.m. Luego de algunos vaivenes por no tener un técnico establecido, la selección de Paraguay busca empezar con buen pie la Copa América ante el invitado y desconocido Qatar (2:00 p.m.), válido por el Grupo B.","elcomercio","16/06/2019"
"Jugadores en el extranjero por pases que participan en la Copa América","Brasil Argentina Colombia Uruguay Paraguay Japón Venezuela Chile Ecuador Perú Bolivia Fuentes: Transfermarkt / CIES Football Observatory  Alianza y 45% de la ‘U’, mientras que para otros clubes estos representan hasta 50% o más de sus ingresos. Esta situación es muy distinta a lo que ocurre en las principales ligas del mundo, donde la venta de jugadores puede representar entre el 30% y 50% de los ingresos totales de cada club, siendo la principal o una de las más importantes fuentes de ingresos. En el Perú, el ingreso por venta de jugadores es prácticamente nulo y eso es parte de la mala visión del negocio que se tiene en la actualidad, dice Gonzales. Mario Maggi, FIFA Master y ex gerente de la Federación Peruana de Fútbol, menciona que las escasas ventas de jugadores a equipos del extranjero se deben a la poca inversión que realizan los clubes en la formación de talentos. En el 2017, los clubes profesionales, en promedio, invirtieron el 5% en sus divisiones menores, detalla. A diferencia de los equipos peruanos, Maggi señala que clubes como Atlético Nacional (Colombia), Independiente del Valle (Ecuador) y Audax Italiano (Chile) –que tiene un presupuesto similar al del club Deportivo Municipal– invierten entre 20% y 30% del total de sus ingresos en divisiones menores. Luego de la forma como se han gestionado los clubes, entre los 11 países que participan en la Copa América –sin contar a Qatar–, el Perú ocupa el puesto 10 con más jugadores militando en el extranjero, de acuerdo con cifras de CIES Football Observatory.","elcomercio","16/06/2019"
"Ya es tiempo de tomar acciones","Ayer vi un video de una familia nórdica que estaba en un tour mirando una avalancha de nieve. Y veía esto desde un lugar supuestamente seguro, hasta que fue demasiado tarde y el alud la alcanzó. La leyenda decía algo así como: ¿Cuándo vamos a reaccionar y resolver los graves problemas que aquejan al medio ambiente y al planeta?. Según la NASA, los últimos cinco años han sido los más calientes que se hayan registrado en la historia de la humanidad. Los datos del Programa de Recuperación por Gravedad y Experimental del Clima de la NASA muestran que Groenlandia perdió un promedio de 286 mil millones de toneladas de hielo por año entre 1993 y el 2016, mientras que la Antártida perdió unos 1.330 mil millones de toneladas de hielo por año durante el mismo período. La tasa de pérdida de masa de hielo en la Antártida se ha triplicado en la última década. Estamos hablando de miles de millones de toneladas que van a sumarse al nivel del mar. Jaime Graa VP Unidades de Negocio, Yanbal Internacional En el 2018, se registró una alarmante subida de 3,3 milímetros. Se estima que el nivel del mar pueda llegar a subir para el 2100 más de un metro versus el nivel pre-Revolución Industrial. Según el Panel Intergubernamental, de más de 1.300 científicos de diversos países del mundo, los principales generadores directos de emisión de gases invernadero en el ámbito mundial entre el 2000 y el 2010 han sido la agricultura, la deforestación y el uso de tierras forestales con 24%, la producción industrial con 21% y el transporte de combustión fósil con 14%. El efecto indirecto de producción de energía para viviendas, industrias y transporte fue el 25% del total. Hay ya varias industrias actuando respecto de los efectos que causan en el medio ambiente. Hace pocas semanas, estuve de visita en la planta de San Miguel Industrias PET, el mayor productor de botellas plásticas para la industria de bebidas gaseosas y aguas en el país. Ellos ya han desarrollado, en alianza con algunos de los productores globales de refrescos, un proceso de recuperación de botellas que ya llega a usar PET reciclado en casi 25% de la producción anual. Y esperan llegar a 50% en los próximos tres a cinco años. Ya hay una reconocida marca de agua embotellada que usa 100% PET reciclado en sus empaques; todas deberían tomar esa decisión. Es preciso que todas las industrias sean audaces en sus objetivos de reducción de su huella de carbono y en el uso de plásticos de todo tipo, disminuyan su huella hidráulica y dediquen esfuerzos a educar a sus empleados y consumidores. Sigo buscando un auto 100% eléctrico y aunque ya hace más de un año los aranceles a los vehículos eléctricos bajaron drásticamente, hasta la semana pasada solo había una opción de carro 100% eléctrico disponible en nuestro país. Inaceptable! Creo que debemos tomar acciones más rápidas, drásticas y masivas. ¡Sea el cambio que quieres ver en el Perú y el mundo! Lo necesitamos!","elcomercio","16/06/2019"
"El Comercio no necesariamente coincide con las opiniones de los articulistas que las firman, aunque siempre las respeta.","NA","elcomercio","16/06/2019"
"Ejecutivo modifica el Impuesto Selectivo al Consumo","MEF grava vehículos usados con una tasa de 40% al valor. Tabaco y bebidas están afectos. El Ministerio de Economía y Finanzas (MEF) public ayer el Decreto Supremo 181-2019-EF, a través del cual modificó nuevamente el Impuesto Selectivo al Consumo (ISC). La norma dispone una nueva escala impositiva para vehículos nuevos, que exclusivamente usen gasolina, según el tamaño del motor y el tipo. De esta manera, aquellos vehículos con cilindradas menores o iguales a 1.400 centímetros cúbicos (cc) pagarán un ISC de 5% al valor, mientras que los mayores a 1.400 cc pero menores o iguales a 1.500 cc pagarán una tasa de 7,5%, y los mayores a 1.500 cc, 10%. A los vehículos usados importados se les aplicará una tasa de 40% al valor. En este caso, el ISC pasa del 10% al 40%, una medida que permitirá uniformizar el tratamiento tributario aplicable. El MEF también modificó la tasa a las motos nuevas con cilindradas menores o iguales a 125 cc. El ISC en este caso será de 5% al valor aplicable. Asimismo, aquellas con cilindradas mayores estarán gravadas con el 10% al valor. -Bebidas y tabaco- En la lista de productos afectos, está el tabaco, en cuyo caso todas las partidas, incluidos los productos de tabaco calentados, serán gravadas con S/0,27 por unidad, un nivel similar al aplicado a los cigarrillos comunes. Asimismo, se consideran otros productos de tabaco diseñados para consumo humano, a los cuales se les aplicará un ISC de 50% al valor. Las cervezas pagarán un ISC fijo de S/2,25 por litro. Dato La recaudación tributaria creció 6,1% en mayo, impulsada por el Impuesto a la Renta (19,9%) y el Impuesto Selectivo al Consumo (17,3%). Para las cervezas, el impuesto será de un monto fijo de S/2,25 por litro. El resto de bebidas o líquidos de grado alcohólico entre 0 y 6 tendrán un ISC específico de S/1,25 por litro más el 20% al valor.","elcomercio","16/06/2019"
"Per se pierde en el VAR","Copa América | Selección nacional, sin ideas en ataque, debut con un pobre 0-0 ante Venezuela | Árbitro anul bien un tanto peruano tras revisar en video la jugada y portero Faríez termin siendo la figura. As jugaron PER VENEZUELA 0 0 1 P. Gallese-7 17 L. Advíncula-5 15 C. Zambrano-6 2 L. Abram-6 6 M. Trauco-5 13 R. Tapia-6 19 Y. Yotún-5 23 C. Gonzales-6 8 C. Cueva-4 10 J. Farfán-5 9 P. Guerrero-5 DT: R. GARECA 7-W. Faríez 1 6-R. Rosales 16 6-J. Chancellor 4 6-M. Villanueva 2 5-L. del Pino 14 6-J. Moreno 5 6-J. Savarino 10 7-J. Murillo 15 6-Y. Herrera 6 6-T. Rincón 8 6-S. Rondón 23 DT: R. DUDAMEL CAMBIOS: 20 E. Flores (5) x Cueva 46’, 14 A. Polo (5) x Yotún 67’, 18 A. Carrillo (-) x Gonzales 87’ (PER); 7 D. Machís (5) x Savarino 69’, 20 R. Hernández (5) x Moreno 78’, 18 Y. Soteldo (5) x Murillo 84’ (VEN). RBITRO: W. Roldán (COL), regular. TA: Tapia, Carrillo (PER); Del Pino, Herrera (VEN). TR: Del Pino 75’ (VEN). ESTADIO: Arena do Gremio, Porto Alegre. CALIFICACIÓN DEL PARTIDO: 5 Increíble atajada de Faríez ante el remate de Flores. El portero fue el mejor del partido, pese a que la organización eligió a Paolo Guerrero. Minutos claves 6’ AP Julio Vizcarra Enviado especial a Porto Alegre A Per se le ha encargado plasmar el guion de una película que todo el país sueña, pero la selección no ha sabido adaptarse a esa trama aún. El entusiasmo nacional se contrapone con lo que se ha visto del elenco nacional en los últimos meses. Se le pide ser protagonista, pero aún no ha podido hacerse de ese papel. Ante Venezuela no lo fue. Por eso el magro 0-0 final en el primer encuentro de la Copa América. Si este partido pudiera definir el pase a cuartos de final, las sensaciones son que los llaneros dieron un paso, mientras que los peruanos tropezaron en este camino. Per no quiso asumir el encargo de llevar el encuentro a su ritmo. Quizás sobre los 15 minutos finales, cuando la Vinotinto se quedó con diez hombres por la expulsión de Luis del Pino Mago, se pudo despertar el entusiasmo general. Pero, desde el planteamiento inicial, la selección pensó más en lo que podría hacer el equipo de Rafael Dudamel que en sus propias posibilidades. Así, el debut de la Blanquirroja en la Copa América de Brasil termin siendo hasta decepcionante no solo por el resultado, sino por lo que se vio en el césped. En el Arena do Gremio, con poco más de 13 mil espectadores en las tribunas, la mayoría peruanos o brasileños hinchas de Paolo Guerrero, el equipo de Gareca salió con un mediocampo compuesto por Renato Tapia, Yoshimar Yotún y ‘Canchita’ Gonzales. Con un centro del campo sobrepoblado, Per se olvidó de proponer de buena forma en campo rival, y fue Venezuela la que intentó hacer su juego. Lo del equipo de Gareca fue una respuesta a cada acción del rival. Reaccionar no siempre ha sido lo que mejor hacemos. Venezuela, con una línea de cuatro hombres en el fondo y otra más adelante, teniendo al ‘5’ Moreno como ancla, controló al seleccionado nacional, ayudado además por la falta de sorpresa e ingenio de los nuestros. En gran parte del estreno en el torneo de Brasil, la Blanquirroja busc desequilibrar por las bandas, Gallese se agigant ante Rondón Un pase a las espaldas de la defensa agarró mal parado a Zambrano. Herrera control mal, pero le quedó a Rondón, quien definió sobre la marca de Abram. Gallese salvó milagrosamente. Con uno menos El venezolano Mago fue expulsado. Ni con un hombre más en los últimos minutos Per pudo superarlo.","elcomercio","16/06/2019"
"Que merecieron ser tarjeta roja para los colombianos.","Primero de Juan Guillermo Cuadrado, quien lo pate sin balón. Y luego Jefferson Lerma, que ingresó por el jugador de la Juventus, quien lo golpeó en la cabeza. Ambos solo fueron amonestados.  Antes del inicio del torneo, Lionel dijo que Argentina no es favorita a campeonar. Tenía mucha razón. Puede haber ganas, pero en el fútbol eso no te da la victoria. Colombia demostró en noventa minutos ser un serio candidato.","elcomercio","16/06/2019"
"Calificación del partido: 6","El conjunto cafetero ha disputado cinco partidos con Carlos Queiroz en el banco de suplentes: ganó cuatro y perdió uno.  Colombia da el primer golpe ante albicelestes  El cuadro cafetero venció 2-0 a Argentina y cortó racha de 12 años sin poder ganarle.  Si había un momento para golpear, era este. Colombia esperó doce años para volver a vencer a Argentina y lo hizo de gran forma al superarlo por 2-0 en el Arena Fonte Nova de Salvador, con lo que cortó la racha de ocho partidos sin poder celebrar una victoria frente a los albicelestes –la última fue en el 2007 por Eliminatorias en Bogot–.  El cuadro del portugués Carlos Queiroz es una de las selecciones que han evolucionado notablemente en los últimos años. A Brasil llegó con el cartel de favorito. Y no es para menos. En su plantel cuenta con figuras sobresalientes como los dos veces mundialistas James Rodríguez, Radamel Falcao y Juan Guillermo Cuadrado. Pero también con jugadores emergentes como Roger Martínez, quien marcó el 1-0 a los 71 minutos.  El atacante del América de México ingres al partido de emergencia. A los 14 minutos","elcomercio","16/06/2019"
"Opinin","El Comercio abre sus páginas al intercambio de ideas y reflexiones. En este marco plural, el Diario no necesariamente coincide con las opiniones de los articulistas que las firman, aunque siempre las respeta.  LAS MANIFESTACIONES DE LA POBLACIÓN CIVIL ALREDEDOR DEL MUNDO  Elecciones o protestas, ¿qué tiene más impacto? ¿Qué tienen en común Costa Rica y Venezuela? La respuesta obvia es que ambas son democracias. La menos obvia es que, este año, ambas han protagonizado manifestaciones masivas. En Costa Rica, miles de personas salieron a las calles para exigir la renuncia del presidente Carlos Alvarado. En Venezuela, comunmente lo mismo que, al otro lado del mundo, piden los venezolanos liderados por Juan Guaidó.  Lo más importante es el liderazgo. El éxito requiere que haya jefes. Esto no es nada nuevo. La política y las actividades de calle siempre han ido de la mano. Pero, en su versión de este temprano siglo XXI tienen varias particularidades.  La primera es su frecuencia. Las protestas deben involucrar a gran parte de la sociedad y no solo a través de internet. En algunos casos, la presión internacional y de las fuerzas armadas han sido determinantes. Pero, como siempre, lo más importante es el liderazgo. El éxito requiere que haya jefes. La ilusión de un activismo político basado en decisiones colectivas y sin líderes claros suele terminar siendo eso, una ilusión.","elcomercio","16/06/2019"
