"headline","content","newspaper","date"
"NA","ma destructiva basada en industrias extractivas. La afirmación del gobierno de que no hay suficientes muertes es un brutal desprecio de vidas indígenas por parte de un presidente indígena. También va en contra de los principios sobre los derechos de la naturaleza que Bolivia inscribió en su Constitución hace una década.  El gobierno de Bolivia puede aprender mucho de las iniciativas indígenas. Los guaranes han liderado una admirable lucha por la autodeterminación, y ya convirtieron el 68% de sus territorios autónomos en áreas de conservación. La reserva más reciente, Embi Guasu, se creó en mayo pasado en un esfuerzo por proteger los modos de vida y la biodiversidad indígenas para las generaciones actuales y futuras. Ahora se está quemando.  Pero el presidente Morales puede evitar más pérdidas de vidas. Debe declarar un desastre nacional.","elcomercio","05/10/2019"
"NA","Una amiga me decía que le preocupaba en qué sociedad iban a vivir sus hijos. Cuando le pregunté por qué pensaba eso, mencionó a Twitter como una de las razones. Ah, bueno, le dije. Sí. A veces una inmersión en Twitter puede hacerte perder la fe en la humanidad. Sin embargo buscú tranquilizarla mientras, de paso, me tranquilizaba yo mismo.  Twitter es un coliseo cerrado al que ingresa una pequeña porción del mundo con ánimo de seguir puntos de vista sobre los temas que surgen a diario. Como ocurre en todo recinto que implique demostraciones públicas y cierto nivel de competición, hay quienes acuden con ánimo de observar, pero también ingresan los polemistas de toda índole y, con ellos, muchos asistentes con vocación de barristas y hasta de barras bravas.  Visto así, Twitter es más un laboratorio condicionado de la humanidad que un muestrario justo de la misma. Y si su importancia ha sido tan inflada, se debe al insólito apoyo de los medios que antes se denominaban ‘tradicionales’: es la prensa televisiva, escrita y radial la que ha terminado convirtiendo en noticia las breves frases que los usuarios más o menos célebres han digitado en mitad de sus andanzas. Si los medios noticiosos ignoraran las publicaciones de Twitter, esta red social no sería más que un recipiente tapado en el cual cierto tipo de personas sigue una gran conversación con visos entre borgianos, kafkianos y cantinflescos.  Como ocurre en todo coliseo desde los tiempos romanos, la atmósfera de Twitter está impregnada de aires de competición: los usuarios proclaman sus puntos de vista y, en verdad, a la mayoría no los mobiliza las ganas de aprender en el intercambio, sino la posibilidad de ganar. No necesariamente se busca expandir el propio punto de vista: se quiere confirmar que se tiene la razón.  Solo así se explica el nivel de insultos que se puede observar en esta gran olla, pues la violencia es el recurso que le queda a quien no tiene ideas: ocurre en el fútbol con los adversarios macheteros y pasa en las redes con quienes no tienen maneras inteligentes de exponer sus puntos de vista. Sin embargo, para los polemistas virtuales que quieren pasar por inteligentes existe un recurso que no es violento, pero sí hiere a la mesura: el maniqueísmo. Es decir, esa interpretación de los hechos que tiende a valorar las cosas en sus extremos, sin detenerse en los términos medios. O, si estiramos algo más la definición, esas ansias de antagonizar o polarizar llegando a conceptos que nadie nombró en primer lugar. Hace poco, por ejemplo, escribí que el Estado debería encontrar formas menos ortodoxas de medir el retorno para que pudiéramos invertir más en cultura y alguien me respondió que un niño con anemia también merecía inversión, como si mi pedido implicara alentar la anemia o como si el desarrollo de una persona no debiera ser integral.  Defienda los derechos de un desvalido y alguien fantaseará con que usted es comunista. Ponga paños fríos a las críticas a una empresa e insinuarán que es un explotador capitalista.  Una conversación que tira de los extremos de la soga jamás llega a un acuerdo.  Y eso es Twitter.","elcomercio","05/10/2019"
"LA DISOLUCIÓN DEL CONGRESO","Nuevo comienzo?... malas noticias  RINCÓN DEL AUTOR  Maniqueos   El fin justifica los medios. Los fuegos artificiales lanzados por los que cantan victoria ante el enemigo disuelto nos distraen de la reflexión sobre el respeto al marco constitucional. Peor aún, ay del aguafrías que lo someta a duda! La custodia de la institucionalidad, más allá del elenco fusible de cada 5 años, resulta old-fashioned. Son tiempos de ser arriesgados en el ajedrez político millennial.  Hablemos claro, un gran porcentaje de peruanos es tolerante al quiebre democrático cuando el país atraviesa tiempos difíciles. Con gran sentido de la oportunidad, el Proyecto de Opinión Pública de América Latina publicó, dos días después de la disolución del Congreso de la República, un cuadro comparativo entre diez países de la región en donde el Perú figura como el país que más apoya los autogolpes. El estudio, realizado en el 2018, señala que el 58,9% de los consultados respondió que está de acuerdo con que el presidente cierre el Congreso y gobierne sin él. Esta no es una tendencia en América Latina a pesar de compartir los mismos dilemas y precariedades en la construcción de la democracia. Por ejemplo, México se encuentra en un lejano segundo lugar del ranking con 28,1%; y Argentina, en el décimo puesto, alcanza un 13,2%.  Estas cifras, reflejadas también en encuestas locales, explican la ligereza con la que muchos, hastiados de este odioso y avasallador Congreso con su irracional mayoría, han asumido la radical decisión de disolución por una confianza denegada de manera fática y, al mismo tiempo, abrazan con gran optimismo un nuevo comienzo. Para este grupo, el pasado reciente es mejor dejarlo atrás junto con los 27 miembros de la Comisión Permanente y sus solícitos accesitarios, que con disgustos y contradicciones intentan ser un Congreso que ya no son.  Pero, malas noticias. La historia siempre tiene su revancha y de no quedar zanjados los cuestionamientos sobre los fundamentos constitucionales del presidente Martín Vizcarra para la disolución del Congreso, tarde o temprano el antecedente de lo que puede ser una antojadiza interpretación de la Constitución, será vil herramienta o moneda común para desactivar oposiciones o, siguiendo con la lógica populista, el arma que destruye a los malos podría ser el boomerang que más adelante haga los mismos con los buenos. Por el contrario, de ser favorable la posición del Tribunal Constitucional, el mandatario tendrá mejores cimientos para emprender el último tramo de su gobierno, algo que sin duda va a necesitar.  Martín Vizcarra, sin enemigos ni obstrucción, deber demostrar que sabe gobernar sobre temas que afectan directamente al ciudadano como inseguridad y salud. Sin embargo, la elección de su nuevo Gabinete revela una vez más la grisura de sus integrantes. Solo basta revisar el patrón, estilo Friends & family, en las designaciones ministeriales en sus 19 meses de gobierno: viceministros o funcionarios ascendidos, enroques de cartera y congresistas cercanos. El presidente prefiere mantener su círculo de confianza y la elección de su paisano moqueguano Vicente Zeballos como primer ministro es una prueba de ello. La seguridad que necesita en su entorno es tal que no duda en desafiar a la opinión pública al reincorporar a su amigo Edmer Trujillo al Ministerio de Transportes y Comunicaciones, quien en su momento tuvo que renunciar por los cuestionamientos a su deficiente administración en el sector y que costó la vida de 17 personas en un terminal informal. ¿Usted escuchó alguna voz de protesta? Yo tampoco. Este último gesto casi inadvertido por la distraída ciudadana que aún vive la resaca de la disolución muestra el poder que el presidente concentra hoy, sin contrapesos.  Es cierto también que no muchos estaban dispuestos a ceñirse el fajín ministerial. Pero si el jefe de Estado ha ganado el partido y tiene a la barra brava celebrando, ¿por qué no lograr ser más convocante y adherir ministros con más brillos o perfiles más altos? Probablemente porque algunos no están dispuestos a acompañarlo en esta aventura de dudosas bases constitucionales o el sacrificio sea demasiado como para formar parte del entorno de un presidente que no admite ministros con luz propia.  El reto en esta nueva etapa es más grande aún porque al ser tan altas las expectativas en un Ejecutivo con la cancha libre, mayor podría ser la decepción. La izquierda, tan propicia a patear el tablero, podría ser la primera en traicionarlo si es que las demandas sociales o los puntos de su agenda no son satisfechos. El presidente no debe perder de vista que la campaña electoral empieza pronto. Sin partido, ni duchos operadores políticos, queda vulnerable frente a la retórica de los candidatos que buscarán en sus diferentes regiones señalar las ausencias u omisiones de un gobierno cuya gestión del Estado ha sido mediocre.","elcomercio","05/10/2019"
"LOS INCENDIOS FORESTALES EN BOLIVIA","¿Quién detendrá el fuego?  Los incendios han estado asolando las tierras bajas de Bolivia durante más de un mes. Casi diez millones de acres ya se han quemado, lo que equivale a un área más grande que Connecticut y Nueva Jersey juntos. Casi la mitad de la destrucción se encuentra en áreas protegidas conocidas por su alta biodiversidad. Es una tragedia. La Chiquitana, un ecosistema de bosque seco entre la Amazonía y el Gran Chaco en la provincia de Santa Cruz, está en el centro de la crisis. Los incendios amenazan la supervivencia de la vida silvestre y los pueblos indígenas de la región. La reserva de Embi Guasu, hogar de los ayoreo, un grupo indígena en aislamiento voluntario, es la zona más afectada. En la comunidad autónoma guaran de Charagua Iyambae, miles de acres de bosque han sido destruidos.  Evo Morales, el primer presidente indígena de Bolivia, prometió defender a la Pachamama (Madre Tierra). En cambio, su gobierno ha promovido los intereses de los agronegocios. Su gobierno ha permitido el acaparamiento agresivo de tierras que ha llevado a la deforestación y al despojo indígena, como lo ha hecho el presidente Jair Bolsonaro en Brasil. No es de extrañar que las organizaciones indígenas de la cuenca del Amazonas los acusaran de genocidio ambiental.  Los incendios de Bolivia son el fruto amargo de las políticas diseñadas para beneficiar a los agronegocios. Morales ha promovido la expansión de la ganadería y los biocombustibles en Santa Cruz desde el 2010. En abril de este año, firmó un acuerdo para aumentar las exportaciones de carne a China, que, como Brasil, han estado creciendo en valor y volumen. Luego, en julio, un decreto legalizó los incendios de tala y quema para convertir los bosques en pastos. Los bolivianos llamaron a Morales un asesino de la naturaleza.  La práctica de quemar para despejar la tierra, conocida como chacreo, es común en Bolivia. Pero esta vez las quemas crecieron fuera de control, alimentadas por las temperaturas más altas y la sequía atmosférica.  El mapa de los incendios de Bolivia se superpone con el del ganado y la producción de coca. Es destrucción, no desarrollo, para los bolivianos, para el planeta y también para los negocios. La pérdida irreparable de fauna y flora es más que horrenda; los territorios indígenas han sido diezmados. La pérdida de biodiversidad en Chiquitana también es una pérdida para millones de personas en América Latina cuyas vidas dependen de su sistema de agua.  Morales, que se postula para un controversial cuarto mandato, desestimó las preocupaciones y marchas de los ambientalistas en cinco ciudades como una molestia electoral de pequeños grupos. Uno de sus ministros del Gabinete, Juan Ramón Quintana, descartó la declaración de un desastre nacional, alegando que los incendios no fueron uniformes y no afectaron suficientes personas. Los chiquitanos dicen que el presidente dejó intencionalmente que los bosques se convirtieran en cenizas porque la región tiene poco valor electoral para él.  El primer y más urgente paso para controlar los incendios es declarar un desastre nacional. La ley de Bolivia establece que el gobierno debe hacerlo cuando los eventos causen daños que el Estado no puede remediar económicamente o técnicamente. El gobierno puede entonces buscar asistencia internacional directa.  Los incendios que arrasan los bosques de la Chiquitana (y Amazonía) son intrínsecos a una economía política de extracción que prevalece en países liderados por gobiernos de derecha e izquierda en toda América Latina. Bolivia necesita abordar las causas profundas de los incendios. Los responsables de encenderlos deben rendir cuentas. No es solo la destrucción de la Chiquitana lo que está en juego. Es nuestro planeta también.  Morales debe revertir las políticas que desencadenaron los incendios y alejarse de una economía destructiva basada en industrias extractivas. La afirmación del gobierno de que no hay suficientes muertes es un brutal desprecio de vidas indígenas por parte de un presidente indígena. También va contra los principios sobre los derechos de la naturaleza que Bolivia inscribió en su Constitución hace una década.  El gobierno de Bolivia puede aprender mucho de las iniciativas indígenas. Los guaranes han liderado una admirable lucha por la autodeterminación, y ya convirtieron el 68% de sus territorios autónomos en áreas de conservación. La reserva más reciente, embi Guasu, se creó en mayo pasado en un esfuerzo por proteger los modos de vida y la biodiversidad indígenas para las generaciones actuales y futuras. Ahora se está quemando.  Pero el presidente Morales puede evitar más pérdidas de vidas. Debe declarar un desastre nacional.","elcomercio","05/10/2019"
"Pblico se paraliz y tampoco hubo clases bajo el estado de excepción impuesto anteayer por el gobierno.","Luego de los disturbios del jueves –que dejaron 35 heridos, incluidos 21 policías, además de 350 detenidos–, el gremio de transportistas decidi anoche levantar la huelga.  El anuncio lo hizo el presidente de la Federación Nacional de Cooperativas de Transporte Público de Pasajeros de Ecuador, Abel Gómez, en una conferencia de prensa en Quito.  Dejamos entregado nuestro petitorio. Nosotros hemos cumplido con nuestra fase y por lo tanto de nuestra parte se termina la medida de hecho, sentenció Gómez, junto al resto de representantes de otros gremios de transportes.  La casi totalidad de Ecuador ya está haciendo sus actividades en paz, dijo el jefe de Estado, Lenín Moreno, antes de mostrar su satisfacción por la respuesta inmensa, mayoritaria del pueblo ecuatoriano para apoyar una decisión valiente del gobierno.  Se refería a la supresión de los subsidios a los combustibles tras cuatro décadas de vigencia. Con ello, el valor del galón de diesel pasó de 1,03 dólares a 2,27 dólares (lo que supone un aumento de 123%), mientras que el de la gasolina conocida como extra, la de mayor consumo en el país, se elevó de 1,85 dólares a 2,30 dólares.  Si bien se continúa diluyendo el fantasma del derrocamiento (entre 1996 y el 2007 las protestas sociales se llevaron por delante a tres jefes de Estado), la situación aún está lejos de haberse normalizado.  En Quito solo operó durante el día el servicio municipal de transporte, por lo que las Fuerzas Armadas habilitaron sus vehículos para movilizar a los ciudadanos. En virtud de la medida de excepción declarada por 60 días, los militares también están en las calles para controlar la seguridad.  – Medida en acuerdo con el FMI –  El Ejecutivo adoptó la impopular medida en acuerdo con el Fondo Monetario Internacional (FMI), para obtener millonarios préstamos ante el desbarajuste de su economía dolarizada. El elevado endeudamiento de los últimos años –que Moreno achaca a su antecesor Correa– afectó la liquidez, según las autoridades.  Pese a las protestas, Moreno recalco ayer que no cambiará de opinión sobre el fin de los subsidios, que al año representaban 1.300 millones de dólares.  Bajo el estado de excepción, el presidente ha quedado facultado para restringir derechos, aunque de momento solo ha empleado esas atribuciones para reforzar el control con los militares.  Con el estado de excepción se está logrando el propósito fundamental, el cual es restablecer el orden y la paz social, expresó el ministro de Defensa, Oswaldo Jarrín.  Para Santiago Basabe-Serrano, analista político de la Facultad Latinoamericana de Ciencias Sociales (FLACSO), el gobierno cuenta con un apoyo político suficiente como para mantener y no retroceder en esta medida, aunque es claro que tiene que examinar mecanismos compensatorios con el gremio de transportistas, que es muy fuerte y tiene capacidad de movilización.  Justamente, el ministro de Transporte, Gabriel Martínez, indicó que el Ejecutivo hará un ajuste en los pasajes de autobuses interprovinciales e impulsará a que los municipios hagan lo mismo con la transportación urbana y de taxis.  Pero esta subida del pasaje, que será moderada, que será justa y que será técnica, no deber tener consecuencias en los (precios de los) demás productos, añadió.  – Abultadas pérdidas –  Las manifestaciones del jueves en Quito, a las que se sumaron estudiantes universitarios y sectores de oposición, generaron choques violentos con la policía en los alrededores de la sede de gobierno, donde ayer se observaban destrozos.  Las protestas, que han dejado pérdidas diarias por 262 millones de dólares de acuerdo con industriales, también se sintieron con fuerza en la costa guayaquileña. Organizaciones indígenas y sindicales prevén protestar en los próximos días contra la política económica de Moreno, en el poder desde mayo del 2017.","elcomercio","05/10/2019"
"Entrevista","La caída del presidente es una posibilidad muy lejana  santiago basabE-serrano Politólogo de Flacso  Esta es la prueba más dura en los dos años y pico de mandato de Moreno? Creo que sí, y se debe a que es la primera vez en más de dos años que Moreno asume una decisión trascendental como estadista, pensando en el futuro del país y no en la popularidad. Es una medida histórica que nunca se había tomado en el país, más allá de los conflictos que está generando.  Tres presidentes cayeron hace no muchos años luego de protestas que subieron de tono... El escenario político y social hoy es bastante diferente al de aquellos momentos. Con excepción del movimiento ligado al expresidente Rafael Correa, hay consenso en el resto de actores políticos de que la eliminación del subsidio era necesaria, lo mismo que entre los medios de comunicación y buena parte de la ciudadanía. Obviamente, hay sectores inconformes.  Pero no se llegarán a extremos? Siempre es posible un hecho de inestabilidad en nuestros países, pero en términos reales la caída del presidente es, por fortuna, una posibilidad muy lejana.  ¿Qué papel cumple el movimiento correísta? La estrategia del movimiento Revolución Ciudadana, que agrupa a los simpatizantes de Correa, es colocar la idea de que el país andaba mejor con él y de que en sus 10 años de gobierno no hubo movilizaciones.  Eso es cierto? En alguna medida eso es exacto. Una lectura superficial puede suponer que la población estuvo muy satisfecha en esa década, otra más de fondo expone que no había movilizaciones debido a que había temor por la criminalización de la protesta y la persecución.  El estado de excepción por 60 días no genera temor de que el oficialismo cometa excesos? En el caso ecuatoriano, no genera tanta tensión social un decreto de ese tipo. Desafortunadamente, en la década pasada se lo usó con absoluta frecuencia, dejó de ser un decreto extraordinario para convertirse en una medida cotidiana. Con ese antecedente, la percepción no es de tanta alarma entre la población.","elcomercio","05/10/2019"
"Beijing versus Hong Kong","Todo estuvo milimétricamente preparado para exhibir lo que los dirigentes del Partido Comunista Chino llaman el milagro de desarrollo económico, sin precedentes en la historia de la humanidad. El 1 de octubre, el presidente Xi Jinping presidió, en la plaza Tiananmen, las conmemoraciones del aniversario 70 de la fundación de la República Popular China (RPC), con una gigantesca parada militar en la que participaron unas cien mil personas procedentes de todos los rincones del país.  Bajo el enorme retrato de Mao Zedong, que el 1 de octubre de 1949 declaró fundada la RPC, desfilaban las tropas y se mostraba el moderno armamento para la paz, como drones de alta tecnología y misiles balísticos intercontinentales premunidos de ojivas nucleares que –según los expertos– pueden alcanzar tierra firme.  Mientras tanto, Hong Kong estaba convertida en un campo de batalla. El aniversario desató una jornada de protestas contra el régimen de Beijing de una violencia indita, dejando 66 heridos, 20 estaciones de metro saqueadas o quemadas, y comercios vandalizados. La policía disparó balas reales. Una de ellas hirió en el pecho a un estudiante de 18 años.  Y es que los hongkoneses ya no se creen lo de un país, dos sistemas, que prometió el Gobierno Central cuando Gran Bretaña devolvió el territorio al dominio chino en julio de 1997. Acostumbrados al sistema democrático, se oponen al híbrido comunista/capitalista y reclaman la autonomía para su territorio. Es decir, autoridades elegidas por ellos mismos en sufragio universal y no gobernadores elegidos por un exclusivo comité de votantes monitoreado por Beijing. Tal es el caso de Carrie Lam, cuya renuncia piden a gritos los hongkoneses, pero que ese 1 de octubre se exhibió al lado de Xi Jinping en la plaza Tiananmen como para reafirmar su lealtad.  El descontrol policial solo ha logrado exacerbar la violencia.  Su puesto a Carrie Lam, como gesto apaciguador para iniciar un diálogo, abrasar la pradera.  El Libro blanco, publicado el 29 de septiembre por el Gobierno Chino para definir el rol internacional del país, nos da una idea de por qué Xi Jinping no quiere ceder un ápice a las aspiraciones hongkonesas: el milagro económico chino va de la mano con el frío liderazgo del Partido Comunista. En resumidas cuentas, para el régimen la ausencia de democracia no es un freno al desarrollo del país, sino una necesidad. ¿Cómo permitir entonces que Hong Kong sirva como ejemplo de un modelo democrático eficiente?","elcomercio","05/10/2019"
"Trump reitera que no presionó a Ucrania sobre Joe Biden","REUTERS  Varios mensajes de texto entre diplomáticos de EE.UU. y funcionarios de Kiev muestran, sin embargo, que se condicionaron las investigaciones a un encuentro con el presidente Zelenski.  REDACCION MUNDO  Mientras la sombra del impeachment lo persigue, el presidente de EE.UU., Donald Trump, insistió ayer en que no ha buscado un intercambio de favores con Ucrania. Señaló además que pedir a los demócratas una votación en el Congreso antes de entregar los documentos que los legisladores reclaman para la investigación de un juicio político en su contra.  Desafiante, Trump se pasó durante más de 20 minutos frente a decenas de periodistas en el jardín de la Casa Blanca, reiterando que él no presionó a Ucrania para que investigara los negocios en ese país de Hunter Biden, hijo del exvicepresidente Joe Biden, quien podría ser su rival para las elecciones del 2020.  Todas mis comunicaciones con los gobernantes de otros países han sido apropiadas, sostuvo Trump, quien también ha dicho que China debería investigar supuestas actividades corruptas de Biden en el país asiático.  Esto no se trata de política, sino de corrupción, señaló Trump a los periodistas al menos una docena de veces.  Sin embargo, el Comité de Inteligencia de la Cámara de Representantes divulg mensajes intercambiados por diplomáticos estadounidenses y un funcionario de alta jerarquía del Gobierno de Ucrania que muestran las presiones de Washington para que Kiev investigara a Biden.  En uno de los mensajes, el entonces enviado especial para Ucrania, Kurt Volker, quien dimitió la semana pasada, condiciona una visita a la Casa Blanca del presidente ucraniano, Vladímir Zelenski, a la investigación demandada por Trump.  Horas después que se publicaron los mensajes, Trump escribió en su cuenta de Twitter que, como presidente, tiene un derecho absoluto, quizás incluso un deber, de investigar o hacer que se investigue la corrupción. Eso incluiría pedir, o sugerir, a otros países que nos ayuden, precisó.  Entre tanto, los demócratas en el Congreso ordenaron ayer a la Casa Blanca entregar hasta el 18 de octubre documentos relacionados con la investigación.","elcomercio","05/10/2019"
"El príncipe Harry demanda a dos tabloides británicos","En un editorial, The Sun arremetió contra el príncipe por su irritabilidad y lo acusó de autopadecerse. Criticar no es intimidar, defendió el diario.  The Sun y el Daily Mirror habrían accedido a mensajes telefónicos privados.  REUTERS  La familia real británica está estableciendo una nueva guerra contra la prensa sensacionalista. Días después de haber denunciado una campaña de hostigamiento contra su esposa Meghan, ayer el príncipe Harry lanzó una ofensiva judicial contra los tabloides The Sun y Daily Mirror por acceder, supuestamente, a mensajes telefónicos privados.","elcomercio","05/10/2019"
"Eduardo Dargent, uno de los especialistas consultados, reconoce que hay un debate sobre la constitucionalidad de la medida de fondo...","Eduardo Dargent, uno de los especialistas consultados, reconoce que hay un debate sobre la constitucionalidad de la medida de fondo, que no se resuelve solo con una lectura de reglamentos. Pero también señala que con el paso de los días la posición del Ejecutivo se ha ido consolidando.  La disolución del Congreso ha abierto varios frentes: los reclamos que surjan de los principales afectados, las demandas ante el Tribunal Constitucional, las exigencias de celeridad en reformas económicas ahora que no hay Legislativo que observe, las tensiones con líderes regionales que busquen protagonismo, así como el reconocimiento internacional de la legalidad de la decisión. Solo el tiempo dirá si Vizcarra está preparado.","elcomercio","05/10/2019"
"El reto más grande es que no pase nada","El reto más grande es que no pase nada. Lo peor que le podría suceder a Vizcarra es que avance un conflicto en temas extractivos en cualquier parte del país, pues creo que políticamente no tiene la capacidad de resolverlo. Es la misma gente la que va a tener que resolver el conflicto en Tamarapa como los problemas que los excongresistas van a seguir generando. Además, los procesos electorales tienen su propia dinámica, que no es sencilla.  Si hay algo muy sensible al conflicto, son políticas de industrias extractivas que afecten el territorio. Creo que el presidente debería tener un olfato muy desarrollado sobre esto. Lo peor sería una movilización coordinada en los territorios, donde el gobierno deba mandar a la policía o las Fuerzas Armadas. En un contexto de tan poca legitimidad, su gobierno va a tornarse autoritario en una situación frágil.","elcomercio","05/10/2019"
"Y ahora?","La semana pasada decía en este mismo espacio: Como en el boxeo, el presidente recibió un golpe muy difícil de encajar, que lo obligará a replantear su plan de pelea o cambiar de estrategia. La propuesta de cambio en las reglas de elección de miembros del Tribunal Constitucional, lamentablemente, no me parece mucho más que un intento de reacción sin muchas posibilidades de éxito. Una semana después, el presidente aparece como el triunfador absoluto de la confrontación política iniciada en el 2016, y el Congreso está disuelto.","elcomercio","05/10/2019"
"Entrevista","Nunca hemos dicho que ha habido un golpe de Estado, afirma el Defensor del Pueblo, quien considera que tenemos una situación anómala y corresponde al presidente Vizcarra reconducir el país al marco constitucional.","elcomercio","05/10/2019"
"Instalarn piso nuevo","Copal entregara CAR de la Videna en noviembre  Ante la consulta de El Comercio, la organización de Lima 2019 recordó que el Centro de Alto Rendimiento de Vley en la Videna fue usado para la disciplina de squash en los Panamericanos, por tanto se tuvo que hacer diversas obras. Sobre la demora en la devolución de las instalaciones a la Federación de Vley, el comité aseguró que trabajan en finalizar los arreglos necesarios. Copal instalará un piso deportivo gerflor de última generación que dejar al CAR remodelado y en mejores condiciones, señalaron vía un documento, y anunciaron que las obras estarán listas en noviembre ya para ser usadas.  Además, confirmaron que la selección nacional podría entrenar este lunes en el Polideportivo del Callao.","elcomercio","05/10/2019"
"VUELO DE LIBELO","Kimonos moqueguanos  Mario Ghibellini  Periodista  El emperador está calato (esa forma peruana de andar desnudo) y ellos así lo ven, pero no solo no quieren gritarlo, sino que se afanan por prestarle unos ropajes imaginarios. Las decisiones, por lo demás, no se tornan constitucionales por la mera circunstancia de que quien las ordena recite al anunciarlas que lo está haciendo en estricto cumplimiento de la Constitución. Al contrario, ese énfasis machacón deja entrever más bien los temores que carcomen al responsable del acto.  Y en ese sentido, no hay que olvidar que, en la noche previa al zarpazo, Vizcarra declar en una entrevista televisiva que en muchos casos, la aplicación de la ley no necesariamente te lleva a un resultado satisfactorio y que, en el contexto de la situación concreta que enfrentaba el cumplimiento escrupuloso [de la ley] no es lo recomendable. Lo más parecido que haya anunciado alguna vez a un plan de gobierno.  —Estulticia binaria —  Llegados a este punto de la discusión, los que ya admitieron discretamente lo deleznable del argumento sobre el que se basó la disolución del Congreso, pasan a la fase del pero es que. Y all empiezan a asomar los porcelanatos, los blindajes y los toqueteos que han marcado a la representación nacional elegida en el 2016 para siempre. Incapaces de empinarse sobre lo de Vizcarra no ha sido el 5 de abril. Lo aseveran todos los que quieren refutar la tesis de que lo que aquí se ha producido es un golpe. Y la verdad es que entre la disolución del Congreso ordenada por él y la que orden en su momento Fujimori existen, en efecto, diferencias. Esta vez, por ejemplo, no se ha acompañado esa acción con un intento de controlar a la prensa ni una intervención del Poder Judicial. La decisión, por otra parte, no parece haber sido impulsada por un ánimo de perpetuarse en el poder (aunque ya hay quienes malician que sí); y, por último, se ha tratado de darle a todo el trajín un camuflaje constitucional: un esfuerzo que el golpista del 92 ni siquiera se molestó en hacer.  Nada de eso, sin embargo, es lo medular para determinar si estamos o no ante una ruptura del orden constitucional. Lo fundamental, en realidad, es establecer si los requisitos que exige la Carta Magna para ir adelante con una medida de ese tipo se cumplieron antes de que fuera dictada. Hay quienes sostienen que además existen problemas con las aprobaciones y refrendos ministeriales que el decreto supremo necesitaba para ser puesto en vigor, pero incluir esas consideraciones en esta columna la haría demasiado extensa. Ya habrá oportunidad de hacerlo en alguna otra.  Por el momento, detengámonos en la valoración de la novedosa teoría sobre la denegación fáctica de la confianza.  —Estricto incumplimiento—  Si la confianza pudiera ser negada factualmente, la lógica sugeriría que también tendría que poder ser otorgada de esa forma. Ahora, imaginemos que, el lunes de esta semana, en lugar de dificultar el ingreso de Salvador del Solar al hemiciclo, las autoridades congresales lo hubieran hecho entrar por la puerta grande y lo hubiesen dejado plantear la cuestión de confianza atentas y en silencio. Y que luego no hubiesen continuado con la votación de los candidatos a integrar el Tribunal Constitucional y se hubiesen puesto a debatir y votar otras cosas. ¿Podría haber interpretado entonces el presidente que la confianza le había sido factualmente otorgada al Gabinete Del Solar y, en consecuencia, estar dispuesto a prescindir de la votación? No lo creemos. Y si la concesión de confianza habría requerido forzosamente del acto expreso del voto, ¿por qué la denegación no?  Esto, por supuesto, es solo una especie de reducción al absurdo de lo que era ya absurdo a simple vista. Porque hasta los que tratan de sostener que todo está en orden, cuando se les menciona el asunto de la negación fáctica, tuercen un poco la boca y empiezan a murmurar cosas como quizás el fraseo no fue el más adecuado, es una idea audaz que habría que analizar u otras formulaciones que buscan disimular el hecho de que estamos ante una patrullada conceptual.  Los apaadores de la disolución comienzan a atribuirle a quien insiste demasiado con el problemilla constitucional detectado intereses subalternos y complicidades con la corrupción. Tienen, en su mayoría, un problema de estulticia binaria irremontable. Pero hay algunos que entienden perfectamente de qué va la objeción planteada y aún así tratan de soslayarla con salidas del tipo hay que pasar la página o ya estamos volviendo a la normalidad.  Salvo que estén hablando de la normalidad a la que se refiri Martín Adán cuando se enteró del golpe de Odria a Bustamante y Rivero, sin embargo, lo que están haciendo es acomodarse, por las razones que fuere, con una nueva ruptura del orden constitucional, amparados por la supuesta legitimidad que le presta su popularidad en las calles. De manera muy semejante a cómo ocurrió con Fujimori en el 92.  Alguien podría decir que son las mismas geishas con diferente kimono. Un modelito moqueguano en este caso.  El golpe de Velasco no fue igual al de Sánchez Cerro, ni el de Prado Godoy a los dos anteriores. Desde la perspectiva del quiebre del orden constitucional, no obstante, sus similitudes fueron mucho más relevantes que sus diferencias. Y lo mismo cabe decir a propósito de la situación en la que ahora nos hallamos envueltos.  Lo de Vizcarra no ha sido el 5 de abril. Ha sido el 30 de septiembre.  La disolución del Congreso ordenada por Vizcarra no es igual a la de Fujimori, pero sus semejanzas son más relevantes que sus diferencias.  ILUSTRACIÓN: MÓNICA GONZÁLEZ","elcomercio","05/10/2019"
"CONTROVERSIAS","Escorando a la izquierda  Fernando Rospigliosi  Analista político  El golpe de Estado perpetrado por el presidente Martín Vizcarra probablemente contará con el respaldo mayoritario de la población, como ocurrió el 5 de abril de 1992 cuando Alberto Fujimori disolvió el Congreso. Igual que en esa ocasión, se comprueba lo endeble de las convicciones democráticas, no solo de las masas sino de las lites, que actúan en función de sus preferencias, intereses y pasiones políticas. Sin embargo, el respaldo de Vizcarra es frágil, a diferencia del que tenía Fujimori, que era sólido porque había frenado la hiperinﬂación.  El desempeño de la gestión de Vizcarra es peor que mediocre desde el comienzo y nada indica que mejore en el futuro. El remozado Gabinete Ministerial, carente de liderazgo, competencia y prestigio, no ayudará a mejorar las expectativas. La incertidumbre que crece cada día que pasa afectará, sin duda, las inversiones y contribuirá a ralentizar el crecimiento económico que ya venía lento. Ni mencionar asuntos como la inseguridad ciudadana, la reconstrucción del norte o los conflictos sociales.  Ahora Vizcarra ya no tiene al Congreso para responsabilizarlo, falsamente, de su mal gobierno. Usar su supuesta lucha contra la corrupción, tratando de exprimir todo lo posible a los funcionarios de Odebrecht que, como se acaba de comprobar, dirán lo que el gobierno y sus fiscales adictos quieren escuchar siempre y cuando les entreguen los 524 millones de soles que reclaman, que no les apliquen la cláusula anticorrupción del gasoducto del sur, etc. Pero ese recurso se está desgastando y no puede reemplazar indefinidamente la gestión de gobierno. Por eso Vizcarra tratará de imaginar algunas ofertas populistas para mantener su aprobación.  Otro elemento importante a considerar es la creciente inclinación a la izquierda del gobierno. Aunque algunos creen, sin mucho fundamento, que todo lo que está ocurriendo es producto de una conspiración chavista, es el curso de los acontecimientos el que está induciendo a Vizcarra, que carece de convicciones, en esa dirección.  De hecho, son los activistas izquierdistas los que han estado promoviendo y aderezando las raleadas manifestaciones de respaldo al gobierno y por la disolución del Congreso, en Lima y en otros lugares. Y es la derecha, política y empresarial, la que se opuso al adelanto de elecciones y a la clausura del Congreso, configurando así un cuadro en el que Vizcarra se ve defendido por las izquierdas y criticado por las derechas.  La mayoría del Congreso –respaldada por gremios empresariales y varios analistas– se equivocó nuevamente cuando rechazó la propuesta de adelanto de elecciones de Vizcarra. Era una alternativa con peligros y dificultades, pero sin duda la menos mala de las opciones, como señaló reiteradamente en esta columna. La que está en curso ahora es mucho peor.  Los congresistas sobreestimaron largamente su fuerza y, luego de que la mayoría recuperó la presidencia del Congreso y obtuvo algunas pequeñas victorias, se sintió empoderada nuevamente. Ahora reculan y proponen el adelanto de elecciones. Muy tarde. El gobierno y la coalición vizcarrista, que han ganado esta batalla, no van a retroceder.  El próximo Congreso posiblemente sea peor. Estará muy fragmentado y probablemente el gobierno lo controlará con relativa facilidad con algunas prebendas. Ese Parlamento podría aprobar cualquier cosa, incluyendo peligrosas medidas populistas. Y, sin duda, los izquierdistas tratarán de convertirlo en una Constituyente o, por lo menos, realizar modificaciones a la Constitución.  Lo usual es que los candidatos presidenciales arrastren en la votación a sus postulantes al Congreso. En las elecciones convocadas para enero, sin caudillos que postulen a la presidencia, los resultados serán más aleatorios. A los grupos de izquierda se sumarán varios otros oportunistas que tratarán de aprovechar las circunstancias y colgarse de la popularidad del gobierno, obteniendo no solo curules sino con la perspectiva de las siguientes elecciones presidenciales.  Esa amalgama de izquierdistas más oportunistas que apoyan al gobierno será explosiva y puede causar enormes perjuicios al país. Entretanto, la oposición está derrotada, dividida y desmoralizada.  Ahora Vizcarra gobierna por decreto, sin controles ni cortapisas, y se ha convertido en el gran intérprete de la Constitución y las leyes, como ha precisado un editorial de El Comercio. (3/10/19).  En síntesis, un panorama oscuro. Un paso más al despeadero.  Una opción inmediata para los partidarios del libre mercado y la democracia que no quieren que el país se desbarranque como otros países de la región sería unir fuerzas para participar en las elecciones de enero y a partir de all tratar de construir una alternativa política al desastre que amenaza al Perú. No obstante, teniendo en cuenta las experiencias del pasado reciente, más fácil sería que el olmo produjera peras.","elcomercio","05/10/2019"
"LA DISOLUCIÓN DEL CONGRESO","Nuevo comienzo?… malas noticias  Rincón del Autor  Maniqueos  El fin justifica los medios.","elcomercio","05/10/2019"
"James Franco es acusado de abuso sexual por exalumnas","El actor es denunciado por comportamiento indebido en sus clases de actuación.","elcomercio","05/10/2019"
"Alianza busca un triunfo en el mes morado","Intimos estrenan camiseta en homenaje al Seor de los Milagros esta noche, a las 8 p.m., ante Pirata FC.","elcomercio","05/10/2019"
"Dilogo: Titular de la defensora ha solicitado reunirse con el presidente","Nunca hemos dicho que ha habido un golpe de Estado ENTREVISTA WALTER GUTIRREZ DEFENSOR DEL PUEBLO Postura. Considera que se produjo un alejamiento del orden constitucional, pero hay libertad de expresión y los demás poderes están funcionando. Tarea. Afirma que hay una situación anómala y corresponde al jefe del Estado reconducir plenamente el país al marco constitucional.","elcomercio","05/10/2019"
"Prohben nuevas construcciones y ampliaciones","Delimitan área intangible de la Costa Verde Ordenanza establece la reserva de una franja de 120 metros de ancho a partir de la línea que bordea el acantilado en distritos sin microzonificación sísmica.","elcomercio","05/10/2019"
"SEGN EXPERTOS JNE debe definir criterios sobre la reelección congresal","Controversia. Ente determinar si miembros del Parlamento disuelto pueden postular en el 2020 y 2021.","elcomercio","05/10/2019"
"Peruvian Airlines suspende todos sus vuelos","Paralización. Aerolínea informó que Aduanas embargó sus cuentas, lo cual afectó sus operaciones por falta de liquidez y fondos.","elcomercio","05/10/2019"
"Editorial sbado 5 de octubre del 2019","Vale recordar que en los comicios del 2016, cuando la ciudadana tenía que elegir entre los candidatos que querían cambiar la Constitución y los que no, optó, en su gran mayoría, por los últimos. Editorial de El Comercio El viejo enemigo / 22 de noviembre del 2018 de un tiempo a esta parte, la idea de una Asamblea Constituyente que discuta y redacte una nueva Constitución se ha convertido en el mantra de casi toda la izquierda peruana. En una suerte de bandera que ondean cada vez que el Per atraviesa una coyuntura crítica y que, según nos dicen, conllevaría casi por generación espontánea al nacimiento de un nuevo país saneado de todos los males que hoy nos aquejan. Y en un recurso al que han vuelto a apelar en las últimas semanas de agitación política. Como hemos dicho antes, tienen ciertamente el derecho de plantear sus propuestas y de, eventualmente, someterlas al voto popular. De eso se trata la democracia. No obstante, ocurre que dicha proposición ya fue llevada a las urnas en el 2016, cuando el Frente Amplio (FA) ofreció en su plan de gobierno una nueva Constitución Política que exprese un nuevo acuerdo político fundamental, y recibió el apoyo del 18,7% de la ciudadanía en la primera vuelta. Proposición permanente Desde ese momento, sin embargo, en lugar de encarpetar su idea y esperar para volver a presentarla en los comicios del 2021, las fuerzas de izquierda se abocaron a tratar de empujarla cada vez que el país tambaleaba ante una coyuntura crítica. En otras palabras, la convirtieron en una suerte de proposición permanente. As, por ejemplo, durante los días previos a la votación en el Congreso del primer pedido de vacancia contra el entonces presidente Pedro Pablo Kuczynski, el legislador Marco Arana aprovechó la situación para sostener: Que se vayan todos para una nueva Constitución. Mientras que su colega de bancada Wilbert Rozas aseveraba que la dimisión de Kuczynski debía abrir paso a unas nuevas elecciones presidenciales y, además, a unas elecciones constituyentes, por la sencilla razón de que la corrupción es fruto de una Constitución que lo permite, explicaba, connotando que, a su juicio, la corrupción en el Perú se habría inaugurado con la Carta Magna de 1993, y que los gobiernos cobijados por otras constituciones –como la de 1979– fueron un dechado de transparencia y honestidad. Meses después, cuando el presidente Martín Vizcarra propuso llevar una serie de reformas constitucionales a un referéndum, el señor Arana volvió a la carga y sugirió que el referéndum propuesto [...] incluya también consulta ciudadana sobre una nueva Constitución con convocatoria a una Asamblea Constituyente. Y en los últimos días, instalados en el enfrentamiento entre el Ejecutivo y el Congreso que desembocó en la disolución de este último, no dejaron pasar la oportunidad para repetir el mismo eslogan: Tenemos que seguir organizándonos y movilizándonos [...] para renovar la política con una nueva Constitución, escribió la excandidata presidencial Verónica Mendoza el pasado 27 de septiembre, reiterando lo que había dicho unos días antes en una entrevista en La República (el presidente [...] puede tomar otra iniciativa, como una Asamblea Constituyente). La Comisión Política Nacional del FA, por su parte, difundió un comunicado el 1 de octubre en el que hacía un llamado para que se debata en todo el país una nueva Constitución [...] a través de una Asamblea Constituyente. Mientras que la legisladora de Nuevo Perú Indira Huilca afirmaba en un artículo retoricamente titulado ¿Quién teme a la Asamblea Constituyente? que la Constitución del 93 inauguró un sistema en el que los privados siempre ganan y el pueblo y el Estado siempre pierden. La explicación, empero, de por qué el pueblo habría perdido con un modelo que ha permitido sacar a millones de peruanos de la pobreza, incrementar nuestro PBI y triplicar los ingresos por habitante desde su puesta en marcha no nos ha sido dada. Otro que, desde la misma orilla, ha agitado dicha bandera ha sido el también excandidato presidencial Gregorio Santos, que ha emplazado a un Congreso que abra camino a un proceso constituyente. Habría que notificarles, en fin, que no por tanto repetir una propuesta ésta se termina materializando y que, si tan empeñosos lucen en su idea, no tengan reparos en proponerla la próxima vez que toque acudir a las urnas. Pero deslizarla de sopetón cada vez que el país atraviese turbulencia política solo los hace quedar como meros oportunistas.","elcomercio","05/10/2019"
"Retos del Ejecutivo","Sábado 5 de octubre del 2019 ALONSO CHERO Gobierno de Martín Vizcarra empieza una nueva etapa tras la disolución del Congreso y el recambio de Gabinete. Los reflectores se centran en sus próximos pasos. Perspectivas del Gobierno tras la disolución del Congreso Decisiones G Elecciones de enero serán esenciales para la gobernabilidad del presidente Vizcarra hasta el final de su mandato G Sin Parlamento, emitirá reformas económicas, pero el riesgo de actuar sin operadores puede ser grande, señala especialista G En el plano internacional, el escenario es relativamente favorable. JONATHAN CASTRO C. Después de la tormenta vivida en los últimos días, el foco volver a ponerse en la agenda que tomar el Ejecutivo en los próximos meses. Cuatro especialistas analizan, desde diferentes perspectivas, los retos que afrontar el presidente Martín Vizcarra, junto al Gabinete encabezado por Vicente Zeballos, en esta nueva etapa del Gobierno tras la disolución del Congreso. Las materias sobre las que versan su análisis, de acuerdo con su especialidad, son: política, economía, conflictos sociales y relaciones internacionales. Un tema en el que todos coinciden es en la relevancia de las elecciones convocadas para enero del 2020. Ya sea porque son decisivos para la gobernabilidad hasta el final de su gestión, o porque son una señal hacia la comunidad internacional de que no hay una intención de concentrar el poder por largo tiempo. Eduardo Dargent, uno de los especialistas consultados, reconoce que hay un debate sobre la constitucionalidad de la medida de fondo, que no se resuelve solo con una lectura de reglamentos. Pero también señala que con el paso de los días la posición del Ejecutivo se ha ido consolidando. La disolución del Congreso ha abierto varios frentes: los reclamos que surjan de los principales afectados, las demandas ante el Tribunal Constitucional, las exigencias de celeridad en reformas económicas ahora que no hay Legislatura que observe, las tensiones con líderes regionales que busquen protagonismo, así como el reconocimiento internacional de la legalidad de la decisión. Solo el tiempo dirá si Vizcarra está preparado.","elcomercio","05/10/2019"
"Defensa Civil de la MML reconoce derechos de edificación","La gerenta de Defensa Civil de la MML precisa que se reconocerá el derecho de edificación de los predios que cuenten con los permisos necesarios, a través de certificados de derechos adicionales de edificación transferible. En adelante, no se entregarán más licencias de construcción para nuevas edificaciones ni de ampliación para las existentes. En caso de las que ya cuenten con los permisos, se les reconocerá el derecho pero en otra zona que no sea la intangible. El procedimiento y condiciones se fijarán próximamente mediante un decreto de alcaldía metropolitana, indica Santillán.  Al respecto, el director ejecutivo de la Cámara Peruana de la Construcción (Capeco), Guido Valdivia, considera que la medida de la municipalidad metropolitana es positiva siempre y cuando sea temporal, pues el hecho de prohibir más edificaciones no permitirá obtener los ingresos económicos para asegurar los acantilados y la calidad del suelo de la Costa Verde. En esta zona se construye desde hace 100 años. No creo que todas las edificaciones sean inseguras.  Necesitamos asegurar los acantilados, sino volverán a pasar 9 años y seguiremos hablando del riesgo  Guido Valdivia  Director ejecutivo de Capeco  Hace nueve años se declaró la intangibilidad, pero no se ha hecho mucho por asegurar los acantilados. Lo que proponemos desde hace tiempo es que se permita la habilitación urbana en la parte baja y así generar los ingresos que se necesitan, señala.","elcomercio","05/10/2019"
"Acciones contra riesgos en la Costa Verde","La madrugada del 8 de agosto un deslizamiento de tierra y piedras en un sector de los acantilados de la Costa Verde alertó, una vez más, sobre el riesgo alto en esta zona de Lima. Un mes y medio después, y tras informes que advertían sobre el peligro inminente de derrumbes, los acantilados comprendidos entre los distritos de San Miguel, Magdalena del Mar, San Isidro, Miraflores, Barranco y Chorrillos fueron declarados en estado de emergencia por 60 días.  Para reducir el ‘muy alto riesgo’ que existe en la actualidad, el último jueves el Concejo Metropolitano de Lima aprobó una ordenanza que delimita la intangibilidad de los acantilados de la Costa Verde. Además prohíbe que se construyan nuevas edificaciones y se realicen ampliaciones.  La norma, a la que accedió El Comercio, señala que para aquellos distritos que no cuenten con estudios aprobados de microzonificación sísmica se establece como área intangible una franja de 120 metros de ancho a partir de la línea que bordea el acantilado. Actualmente, cinco de los seis distritos tienen estos estudios, pero aún están en proceso de recibir el visto bueno de la comuna capitalina y otras entidades. San Isidro aún no hizo los análisis preliminares.  La reciente disposición de la Municipalidad de Lima (MML) modifica la Ordenanza 1414, emitida en el 2010, en la segunda gestión de Luis Castañeda, y que declaraba la intangibilidad de los acantilados que conforman el corredor ribereño de la Costa Verde. Dicha norma prohibía nuevas construcciones y permitía nicamente que se desarrollaran en esa zona proyectos de infraestructura vial mediante inversión pública.","elcomercio","05/10/2019"
"Sentencia a 35 años de prisión por homicidio","El Juzgado Penal Colegiado Supraprovincial de Cajamarca sentenció a 35 años de prisión efectiva a Esneider Estela Terrones por el delito de homicidio agravado calificado, en agravio de Juanita Mendoza Alva, la mujer a la que en junio del año pasado atacó con combustible cuando atendiera en su puesto de comida. La sentencia íntegra será leída el 15 de octubre, a las 6 p.m., durante una audiencia pública.  Las indagaciones confirmaron que se hallaron restos de combustible en la ropa del agresor, indicó el juzgado. La sentencia será computada desde el 30 de junio del 2018 y vencerá el 29 de junio del 2053. Adicionalmente, se fijó el pago de una reparación civil de S/120 mil en favor de los herederos legales de la mujer asesinada.  El juzgado, presidido por el juez Daniel Holgun e integrado por los magistrados Mario Lohonel Abanto y Enver Ramos, determinó también que Esneider Estela causó lesiones leves a Imelda Luna Jambo y su menor hijo. Actualmente, Estela está internado en el penal de Cochamarca, en la región Pasco, adonde fue trasladado en julio del año pasado.","elcomercio","05/10/2019"
"Suspensión de vuelos de Peruvian Airlines","La empresa Peruvian Airlines anunció la suspensión de todos sus vuelos hasta nuevo aviso, debido a un embargo de sus cuentas bancarias realizado por Aduanas. Según el MTC, se coordina con otras aerolíneas para embarcar a pasajeros afectados.","elcomercio","05/10/2019"
"Exalcaldesa de Lima es investigada por recibir dinero de origen ilícito","Si reciben una sentencia, las mencionadas empresas asuman el eventual pago de la reparación de manera solidaria.  La exalcaldesa de Lima es investigada por presuntamente haber recibido dinero de origen ilícito.  Susana Villarán lleva cuatro meses en prisión preventiva, de un total de 24 que deberá cumplir por disposición del Poder Judicial.  La procuraduría precisó que el monto de la reparación civil podría aumentar si se constatan más daños.  En total, 18 personas están en calidad de investigadas por este caso, entre ellas Villarán, los exgerentes de la Municipalidad de Lima José Miguel Castro, Domingo Arzubialde y Gabriel Prado y el exejecutivo de OAS Leo Pinheiro.  Según la fiscal, Villarán habría recibido US$3 millones de Odebrecht para la campaña del No a la revocación. Este dinero está relacionado con el codinome ‘Campanha Regional’, según declaraciones del exjefe de Odebrecht en el Perú, Jorge Barata.  Además, OAS habría aportado otros US$3 millones para Villarán. Además, le habría entregado a la exalcaldesa US$4 millones para su campaña de reelección del 2014. El intermediario en todas estas operaciones, según la fiscal, habría sido el exgerente edilicio José Miguel Castro.  Como contraprestación a estos presuntos sobornos, para el caso del proyecto Línea Amarilla (que era administrado por Lamsac), la exalcaldesa se habría comprometido a firmar la Adenda 1 y el acta de trato directo vinculadas a esa concesión.  Este Diario buscó comunicarse con el abogado de Lamsac, pero no obtuvo respuesta.","elcomercio","05/10/2019"
"Otro interrogatorio a Jorge Barata","El exjefe de Odebrecht en el Perú Jorge Barata volverá a ser interrogado por la fiscal peruana del 12 al 14 de noviembre.  Las diligencias se realizarán en la ciudad de Curitiba, Brasil, y estarán a cargo de los fiscales Rafael Vela y José Domingo Pérez, del equipo especial del Ministerio Público para el Caso Lava Jato.  Barata será consultado por más ‘codinomes’ que aparecen en los registros de la División de Operaciones Estructuradas de Odebrecht. El último miércoles, Barata aseguró que el ‘codinome’ ‘Sipn’ le puede pertenecer a Javier Velásquez Quesquén o a Yehude Simon. Ambos han negado que hayan recibido dinero de la constructora.  Las diligencias fiscales en Curitiba incluirán interrogatorios a Eleuberto Martorelli, exejecutivo de Odebrecht en el Perú.","elcomercio","05/10/2019"
"Antecedente de los noventa","Pese a que existiera la reelección parlamentaria, la tasa de congresistas que lograron repetir el cargo fue muy baja. De los 180 diputados del 90, solo 9 lograron ser elegidos en el Congreso Constituyente del 93 y en el Legislativo de 1995. Otros 14 diputados fueron elegidos en el Congreso Constituyente y 6 del 90 regresaron como congresistas en el Parlamento de 1995.","elcomercio","05/10/2019"
"La reelección en manos del JNE","Especialistas tienen posturas divididas sobre si miembros del Congreso disuelto pueden postular a elecciones del 2020 y 2021. Coinciden en que el JNE es el llamado a interpretar normas en cuestión. Uno de estos puntos es la prohibición de la reelección congresal, aprobada en el referéndum de diciembre del 2018. Existen dos escenarios: ¿la prohibición alcanza a los miembros del Congreso disuelto para los comicios del 2020?, y si son impedidos de postular en el 2020, ¿quedan habilitados para ser candidatos en las elecciones generales del 2021?  Existen criterios ya establecidos en el JNE respecto a la polémica sobre la posibilidad de reelección de una autoridad que ha sufrido un término anticipado de su mandato. Esto ocurrió en los comicios subnacionales del 2018, cuando el alcalde provincial de Purús, Domingo Ros Lozano, quiso reelegirse en el cargo. Lo primero que debe establecer el máximo ente electoral es el cronograma para los comicios, y para esto requiere que el presidente Martín Vizcarra emita un decreto con la respectiva autorización, no solo al JNE, sino también a otros organismos competentes, como la Oficina Nacional de Procesos Electorales (ONPE) y el Registro Nacional de Identificación y Estado Civil (RENIEC).","elcomercio","05/10/2019"
"Perfil Edmer Trujillo","Edmer Trujillo ha desempeñado varios cargos públicos en las etapas de Martín Vizcarra como gobernador regional o autoridad del Ejecutivo. Es la ficha preferida del presidente. El también exministro de Vivienda vuelve al MTC tras haber renunciado por el incendio del terminal de Fiori. Su amistad con Vizcarra los mantiene juntos, pese a las críticas a su desempeño en el Gabinete.","elcomercio","05/10/2019"
"Urge un espacio de dialogo y concertación que ocupe el espacio que ha dejado el Congreso: ¿Podría servir para ello el Acuerdo Nacional?","¿Lea mañana en Política a José Carlos Requena  El Comercio no necesariamente coincide con las opiniones de los articulistas que las firman, aunque siempre las respeta.  Lino Chipana  El Defensor del Pueblo afirma que una opinión del Tribunal Constitucional podría demorar y para él lo urgente en este momento es salir de esta situación.  Entrevista Walter Gutierrez  Defensor del Pueblo  Nunca hemos dicho que haya habido un golpe de Estado  Defensor del Pueblo se considera que tenemos una situación anómala y corresponde al presidente Vizcarra reconducir el país al marco constitucional.  Roco La Rosa Vsquez Cuatro días después de emitir un comunicado en el que la Defensora del Pueblo afirmaba que la disolución del Congreso se alejaba de la Constitución, su titular solicitó ayer una reunión al jefe del Estado. Walter Gutierrez además advierte que la elección de nuevos congresistas en enero tiene riesgos.  —Por qué consideraron que se ha dado un alejamiento de la Constitución Política? Era evidente y es evidente que estábamos en una situación anómala, de incertidumbre, incluso de crisis. Alejamiento qué significa? Diez kilómetros, diez centímetros? La defensora se ha cuidado de usar un término que no la excluya de la posibilidad de ser un espacio o un propulsor del diálogo para reconducirnos hacia los cauces plenamente constitucionales.  —Para ustedes la decisión del mandatario era, o mejor dicho, es inconstitucional? Voy a recordar [lo que dijo] Jorge Santistevan de Noriega, primer defensor del Pueblo, con ocasión de un conjunto de actos que se dieron a propósito de la Constitución de 1993, y que finalmente en el 2000 culminó con la famosa interpretación auténtica para la re-reelección. Él expresó: Se estaba desdibujando el diseño constitucional que los propios Fujimoristas habían diseñado en su momento.  —Reconoce a Martín Vizcarra como presidente de la República? Hoy [ayer] le he enviado una comunicación al presidente de la República, ingeniero Vizcarra, para reunirnos y abordar estos temas porque él como jefe del Estado tiene que reconducir plenamente al país al marco constitucional.  —No estamos dentro del marco constitucional? Es evidente que hay una situación anómala. Ya el derecho no alcanza, ya no podemos apartarnos en una discusión meramente legal. Permítame esta metáfora: la botella se ha roto y el diablo ya salió de la botella, se trata de volver a meter este diablo dentro de la botella.  —Y qué pasos tendría que dar Vizcarra para volver a meter el diablo en la botella o para corregir esta situación anómala? Eso [contienda competencial del TC] puede demorar tres meses. En este momento las horas pasan a una velocidad mayor.  Nada me hace prever que el próximo Congreso [que se elija en enero del 2020] va a ser mejor.  Los ciudadanos de nuestro país necesitan seguridad y predictibilidad. Una elección de congresistas por año y medio tiene implicancias y riesgos...  —Como cuales? No puedo ver el futuro, pero sí lo que ha sucedido en estos 15 años, y es que los congresos cada vez se deterioran más. Nada me hace prever que el próximo Congreso va a ser mejor. No hay incentivos para que los mejores postulen porque va a ser para solo un año y algo más, y sin reelección. A ese Congreso le vamos a dar un enorme poder. Podrían tener la tentación de cambiar la Constitución y su propio período a cinco años. También le vamos a dar la competencia de modificar la nueva composición del Tribunal Constitucional.  —Pero qué pasos puntuales tiene que dar el mandatario? Qué debe hacer? Voy a conversar con el presidente para que los servicios públicos y los derechos fundamentales no se detengan. Segundo, el presidente debe liderar un espacio para terminar de legitimar esta situación.  —Para la defensora, es necesario que el TC resuelva una contienda competencial sobre esta situación? En su hora este se pronunciará respecto a cuanto ha calzado o no la conducta de uno y otro en la Constitución. Pero eso puede demorar tres meses. En este momento, las horas pasan a una velocidad mayor. Por eso estamos pidiendo esta cita al presidente para compartir con él estas preocupaciones. También quiero señalar que el Parlamento ha hecho un uso abusivo del poder. El Congreso y el Ejecutivo estaban en la obligación de cumplir el principio de cooperación y diálogo.  —Ustedes invocaron al Congreso a detener la elección de miembros del TC, pero esto no fue atendido, y tampoco el proyecto del mandatario para cambiar el proceso de elección. Se justificaba una medida extrema como la que el presidente tomó o había otra salida? No ha sido 100% impecable, se ha alejado de la Constitución. Santistevan nunca dijo cuanto se había desdibujado y nosotros tampoco vamos a decir cuanto se ha alejado [...], no ha sido exactamente como todos hubiramos esperado.  —No hubo un golpe de Estado? Nunca hemos dicho que haya habido un golpe de Estado.  —Hay sectores que lo dijeron. Usted no lo comparte? Hemos sido muy cuidadosos de los términos, hemos señalado que ha habido un alejamiento del orden constitucional, pero reconocemos y es evidente que hay libertad de expresión, que los demás poderes están funcionando, que hay un poder constituido.  —Cómo tomó el comunicado del sindicato de trabajadores de su institución afirmando que la decisión del presidente era constitucional? Bueno, tienen derecho todas las personas a expresar su opinión. Sobre esa opinión, yo no voy a opinar.","elcomercio","05/10/2019"
"Vizcarra afirma que ha respetado la democracia y la constitución","A cuatro días de haber anunciado su decisión de disolver el Congreso, el presidente Martín Vizcarra retomó ayer sus actividades oficiales en Ucayali, donde aprovechó para asegurar que actuó respetando el orden democrático y constitucional.  El mandatario arribó a Pucallpa para participar en el Primer Congreso Empresarial Amazónico 2019 junto a los ministros de Relaciones Exteriores y de Transportes y Comunicaciones. En la cita también estuvieron autoridades locales y regionales.  En esta última semana, hemos tomado decisiones bastante importantes. [Quiero] ratificar que todas han sido respetando escrupulosamente nuestra democracia y nuestra Constitución. Pero también han sido decisiones difíciles, pensando en lo que es mejor para el país y para todos los peruanos, expresó el jefe del Estado.  En un discurso de unos veinte minutos, Vizcarra también refirió que el Perú tiene un enorme potencial, pero lamentó que no pueda ser desarrollado porque la clase política no se pone a la altura de las circunstancias y no se dedica, de forma exclusiva, a los verdaderos problemas del país. Mencionó como ejemplo la pobreza y la falta de servicios básicos, que aún afectan al 20% de la población.  Según dijo, los entramamientos políticos nos quitan tiempo y foco de atención para dedicarlo a lo que realmente es importante.  Esperemos que con la decisión que hemos tomado, con el proceso que ya hemos iniciado con la convocatoria a elecciones congresales para el 26 de enero, podamos dar por superado esta etapa de confrontación, puntualizó.  Además, destacó que a menos de 24 horas de haberse realizado la ceremonia de juramentación, el nuevo Gabinete Ministerial –que dirige Vicente Zeballos– ya se encuentre trabajando.  —Congreso disuelto— Ayer se conoció un oficio enviado por el presidente de la Comisión Permanente, Pedro Olaechea, al ministro del Interior, Carlos Morán, en el que solicitaba la restitución de la seguridad personal a los miembros del Parlamento disuelto.  En el documento, remitido el miércoles pasado, también se pide brindar las facilidades para el adecuado ejercicio de sus funciones congresales.  Poco antes de conocerse esta carta, Morán había precisado que, tras la disolución del Congreso, de acuerdo con la Constitución y el reglamento del Legislativo, sus miembros pierden todas las prerrogativas, como el derecho a seguridad personal, salvo los titulares de la Permanente.  El titular del sector Interior expresó su respaldo a la labor de la policía. También rechazó las amenazas de algunos integrantes de la Comisión Permanente hacia los agentes que resguardan los exteriores del Legislativo.  Lo único cierto es que las FF.AA. y la PNP no son deliberantes. Obedecen el mandato constitucional a un gobierno legítimo y estamos trabajando, afirmó el ministro.  Por otro lado, hasta ahora no se ha presentado la acción competencial al Tribunal Constitucional, con la que se busca que el Congreso disuelto retome sus funciones. Fuentes de este Diario detallaron que la demanda continúan desarrollándola y que lo más probable es que se presente la próxima semana.  Cronología de una crisis 27/9/2019 Se anuncia la presentación de una cuestión de confianza sobre la elección de los magistrados del TC. Un día antes, la Comisión de Constitución había archivado el proyecto de adelanto de elecciones generales al 2020.  30/9/2019  El presidente Vizcarra disuelve el Parlamento ante la negación de la confianza. Después, el pleno lo suspendió de sus funciones y nombró a Mercedes Aráoz presidenta encargada, aunque finalmente renuncia.  30/9/2019 Salvador del Solar sustenta la cuestión de confianza ante el pleno, frente a la oposición del fujimorismo y otras bancadas. Sin embargo, el pleno aprueba continuar con la elección del TC y se nombra a Gonzalo Ortiz de Zevallos.  2/10/2019 La Comisión Permanente aprueba presentar una acción competencial ante el TC y una medida cautelar, con la intención de anular la disolución del Congreso. Olaechea pide a las FF.AA. y a la PNP que no respalden a Vizcarra.","elcomercio","05/10/2019"
"Juzgado admite solicitud de la procuradura pública del Caso Lava Jato","El Poder Judicial declar fundada la incorporación de las empresas OAS Brasil, OAS Perú y Lamsac como terceros civilmente responsables en el proceso a la exalcaldesa de Lima Susana Villarán, por la presunta recepción de dinero ilegal para sus campañas políticas.  La resolución fue emitida por el Tercer Juzgado Nacional de Investigación Preparatoria, a cargo del juez Jorge Chávez Tamariz, por solicitud de la Procuradura Pública Ad Hoc del Caso Lava Jato.  En este proceso penal, el despacho del procurador ad hoc Jorge Ramírez solicita US$20 millones como reparación civil.  Si reciben una sentencia, las mencionadas empresas asumirán el eventual pago de la reparación de manera solidaria junto con los investigados.  La procuradura precisó que el monto de la reparación civil podría aumentar si se constatan más daños.  En total, 18 personas están en calidad de investigadas por este caso, entre ellas Villarán, los exgerentes de la Municipalidad de Lima José Miguel Castro, Domingo Arzubialde y Gabriel Prado y el ejecutivo de OAS Leo Pinheiro.  Según la fiscalía, Villarán habría recibido US$3 millones de Odebrecht para la campaña del No a la revocación.  Esta empresa ha firmado un acuerdo de colaboración eficaz con el equipo especial de la fiscalía y la procuradura del Caso Lava Jato. El último miércoles, el exjefe de Odebrecht en el Perú Jorge Barata aseguró que el codinome Campanha Regional, que aparece en los registros de la división de sobornos de la empresa, se refiere a dinero para Susana Villarán y otros excandidatos al sillón municipal.","elcomercio","05/10/2019"
"Kurt Volker condiciona visita de Zelenski a investigación demandada por Trump","Kurt Volker, quien dimitió la semana pasada, condiciona una visita a la Casa Blanca del presidente ucraniano, Vladimir Zelenski, a la investigación demandada por Trump.  Horas después de que se publicaran los mensajes, Trump escribió en su cuenta de Twitter que, como presidente, tiene un derecho absoluto, quizás incluso un deber, de investigar o hacer que se investigue la corrupción. Eso incluiría pedir, o sugerir, a otros países que nos ayuden, precisó.","elcomercio","05/10/2019"
"Príncipe Harry demanda a dos tabloides británicos","En un editorial, The Sun arremetió contra el príncipe por su irritabilidad y lo acusó de autopadecerse. Criticar no es intimidar, defendió el diario.  The Sun y el Daily Mirror habrían accedido a mensajes telefónicos privados.  La familia real británica está entablando una nueva guerra contra la prensa sensacionalista. Días después de haber denunciado una campaña de hostigamiento contra su esposa Meghan, ayer el príncipe Harry lanzó una ofensiva judicial contra los tabloides The Sun y Daily Mirror por acceder, supuestamente, a mensajes telefónicos privados.  Un portavoz oficial del Palacio de Buckingham indicó que se ha presentado ante el Tribunal Superior una demanda en nombre del príncipe Harry, cuyos abogados alegan que los referidos medios de comunicación recurrieron a técnicas ilegales para interceptar mensajes dejados en el buzón de voz de teléfonos móviles.  El nieto de la reina Isabel II ya había denunciado en la semana la campaña implacable que ha emprendido un sector de la prensa británica contra su esposa, Meghan Markle.  En una dura carta dirigida a los medios, Harry hizo referencia a la muerte de su madre, Diana de Gales, en 1997, y resaltó que ahora puede ver que su esposa es víctima de las mismas fuerzas poderosas de la prensa. El príncep admitió que sentía el más profundo temor de que la historia vuelva a repetirse.","elcomercio","05/10/2019"
"Meghan contraataca","Esta semana, el estudio de abogados Schillings, en representación de la duquesa de Sussex, demandó a The Mail on Sunday por la publicación de una carta privada enviada a su padre, Thomas Markle, de quien está distanciada.  La firma ha acusado a ese tabloide dominical de llevar a cabo una campaña contra Meghan Markle llena de mentiras e historias humillantes.  La demanda acusa a The Mail on Sunday de violación de los derechos de autor y de la ley de protección de datos al publicar la carta de manera intrusiva.  Sin embargo, el periódico ha respondido señalando que respalda la nota sobre la publicación de la carta. En concreto, negamos categóricamente que la carta de la duquesa fuera editada en forma tal que se alterase su significado, dijo el tabloide en un comunicado.","elcomercio","05/10/2019"
"Las protestas no cesan en Irak y ya suman 44 muertos","Irak volvió a vivir ayer una jornada sangrienta de protestas, con miles de manifestantes en las principales ciudades del país reclamando reformas económicas y el fin de la corrupción. En cuatro días, la represión de las fuerzas antidisturbios ha provocado 44 muertes.  La policía acusó a grupos de francotiradores no identificados de disparar en las protestas en la capital. Dos civiles y dos miembros de las fuerzas de seguridad murieron a causa de esos disparos, según el comunicado oficial.  El movimiento, indito por su carácter espontáneo en un país donde las movilizaciones suelen ser partidistas o obedecen a razones tribales o religiosas, es una prueba de fuego para el gobierno de Adel Abdul Mahdi, quien asumió el poder hace apenas un año.","elcomercio","05/10/2019"
"Joe Biden y su hijo Hunter son la clave de las investigaciones para el juicio político contra Trump","Como presidente, tengo la obligación de poner fin a la corrupción. DONALD TRUMP Presidente de EE.UU.  Donald Trump, quien el miércoles acusó a los demócratas de intentar un golpe para destituirlo, admitió que sus rivales políticos desafortunadamente cuentan en la Cámara de Representantes con los votos necesarios para iniciar un juicio político en su contra, pero aseguró que el Senado, de mayoría republicana, lo absolverá.  Tenemos una gran relación con el Senado. Los senadores ven esto como un fraude, remarc.  La Cámara de Representantes, presidida por la demócrata Nancy Pelosi, necesita una mayoría simple de 218 legisladores para enviar los cargos de acusación al Senado. Los demócratas ocupan 235 escaños de los 435 de esa Cámara.  En el Senado, sin embargo, la iniciativa deberá contar con el respaldo de dos tercios de la cámara, es decir, 67 senadores, por lo que la destitución del presidente parece poco factible, pues actualmente los republicanos suman 53, hay 45 demócratas y dos independientes.","elcomercio","05/10/2019"
"Derribando mitos","La verdad sobre la eficiencia energética  Estamos en una época en la que el cuidado del planeta es sensible para todos. Pero también, dependemos más que nunca de la electricidad y por eso se hace imperativo el uso eficiente de la energía. Para lograrlo se pueden hacer muchas cosas: desde elegir los aparatos que requieran menos energía para realizar el mismo trabajo, hasta usar energías renovables. Todo siempre con el mismo objetivo: proteger el medio ambiente. Teniendo en cuenta que los electrodomésticos son los aparatos que más electricidad consumen, es importante aprender a usarlos de manera eficiente y desmentir algunos mitos.  ILUSTRACIÓN: ROLANDO PINILLOS  Mito 1 Usar el ciclo corto de la lavadora permite ahorrar en el consumo de electricidad. No siempre es así. Muchos equipos están desarrollados para ahorrar tiempo, aunque no pasa lo mismo con el ahorro de energía. Realizar el lavado en ciclos fríos y llenar la lavadora hasta su máxima capacidad cada vez que se emplee sí permite un uso eficiente de energía. Un dato clave es que si está considerando adquirir una lavadora nueva, cerciórese de que el equipo esté certificado con tecnología verde. Esto permitirá un ahorro considerable del servicio de agua y de electricidad.  Mito 2 Bajar más rápido el aire acondicionado enfría más rápido una habitación. Eso no es verdad. No es necesario que el equipo de aire acondicionado deba tener una temperatura inferior a los 22°C o 23°C para enfriar correctamente un ambiente. Esto solo generará un gasto innecesario en el consumo eléctrico. Lo correcto es optar por un enfriamiento progresivo, de acuerdo con los especialistas del fabricante Daikin. Además, afirman que la limpieza periódica de los filtros permitirá al equipo esforzarse menos en su trabajo y consumir menos energía de la necesaria.  Mito 3 Los equipos electrónicos ya están preparados para gestionar el consumo eléctrico. Existen algunos hábitos que nos hacen consumir más energía sin darnos cuenta. Uno de los más comunes es abrir innecesariamente la puerta del refrigerador o introducir alimentos que aún se mantienen calientes. Otro ejemplo es usar la plancha para secar la ropa. No se recomienda planchar de noche, pues se usará más energía al encender un foco. Asimismo, debemos acostumbrarnos a desconectar los aparatos cuando no estén en uso, pues aún apagados consumen electricidad.","elcomercio","05/10/2019"
"Hay dos Objetivos de Desarrollo Sostenible no alcanzables para el Perú","Proyección de ingreso por habitante (en US$ del 2011 ajustados por PPP*)  Un crecimiento de 3,5% al año  Un crecimiento de 5% al año  Un crecimiento de 8% al año  30  25  20  15  10  Ingresos por habitante por nivel socioeconómico (en US$ del 2011 ajustados por PPP*)  5% de mayores ingresos  5% de menores ingresos  25.042  18.832  16.280  100  80  60  40  20  0  63.220  2.529  81.399  3.256  2018  19  20  21  22  23  24  25  26  27  28  29  2030  2018  20  22  24  26  28  2030  El crecimiento no bastará para cerrar brechas  Desigualdad G Si la economía solo crece 3,5% al año hasta el 2030, el 5% que menos gana tendría un estándar de vida similar al de países de África subsahariana.  Número de personas en pobreza extrema (en miles)  878   849   818   787   900  800  700  600  500  400  758   730   703   676   651   627   604   581   2019  20  21  22  23  24  25  26  27  28  29  2030  El PBI per cápita peruano en el 2018 fue US$12.644. Actualmente, nuestro ritmo de crecimiento potencial es de 3,5% anual y, asumiendo que esa tasa se mantiene entre el 2021 y 2030, llegaríamos a ese año con un producto por habitante de US$16.280.  La insuficiencia de este resultado se refleja en comparaciones. El PBI per cápita chileno en el 2018 fue US$23.092, es decir, 42% más alto de lo que seria nuestro ingreso por habitante en el 2030. Para superar a Chile, el Perú tendría que crecer 8% cada año y el vecino del sur tendría que estancarse los próximos 12 años.  —Dos mundos opuestos—  Al ver la desigualdad dentro del país, se notan brechas que no se pueden cerrar por el crecimiento. Para este ejercicio, asumimos que el 5% de menores ingresos capta 1% de los ingresos del país, mientras el 5% más rico recibe el 25% del total. Para Dani Rodrik, investigador de Harvard, esta partición es un supuesto razonable.  Entonces, las proyecciones al 2030 revelan brechas enormes. El 5% más rico tendría, dentro de 12 años, un ingreso promedio por persona de US$81.399 al año. Como esta cifra está ajustada para hacer comparable el costo de vida, implica que los peruanos de mayores ingresos tienen un estándar de vida superior al de un noruego o un suizo promedio.  En tanto, el 5% más pobre está en la otra cara de la moneda. Al 2030, su ingreso por persona sería de US$3.256. Con este dato, los peruanos menos favorecidos tendrían un estándar de vida similar al de países de África subsahariana. El PBI per cápita de Kenia, por ejemplo, es de US$3.280 y, en el caso de Tanzania, el dato asciende a US$3.061.  INFORMES INENGERMIN  Tarifas eléctricas subieron 2,27% para domicilios  Osinergmin dio a conocer que las tarifas eléctricas subieron en 2,27% para los clientes residenciales y 3,12% para los usuarios comerciales e industriales, a partir del 4 de octubre. Se trata de un ajuste tarifario mensual y en función a la variación del tipo de cambio, entre otros factores.  —Pobreza persistente—  Otro ODS vinculado a la política económica es el número uno: poner fin a la pobreza. La meta es erradicar la pobreza extrema. Según la ONU, esto implica que nadie en el mundo debe vivir ganando menos de US$1,25 por día.   La medición de pobreza extrema en el Perú no es comparable, pero es similar. Según el INEI, una persona es pobre extrema si gasta menos de S/183 cada mes. Esto se aproxima a unos US$1,79 cada día.  Al año pasado había un poco más de 900 mil personas en pobreza extrema. Nuevamente, asumiendo que la economía crece a su ritmo potencial de 3,5% por año, en el Perú todavía habría más de 500 mil personas en esta situación en el 2030. Hay dos ODS no alcanzables que revelan que se requieren políticas transversales, además de acelerar el cada vez menor ritmo potencial de crecimiento.","elcomercio","05/10/2019"
"Salida permanente de la pobreza","La saliente ministra de Desarrollo e Inclusión Social planteó la necesidad de generar una estrategia de “salida permanente de la pobreza”. Esta estrategia, que fue anunciada por el presidente en su mensaje del 28 de julio, complementaría la estrategia que actualmente implementa el Ministerio de Desarrollo e Inclusión Social (Midis) y daría cuenta de un compromiso desde el Estado no solo con los peruanos en situación de pobreza, sino también con aquellos que han logrado superar dicha condición, pero que aún enfrentan una alta vulnerabilidad.  Se trataría de una estrategia para que aquellas familias que hayan superado la condición de pobreza encuentren los recursos y servicios necesarios para asegurar que se mantendrán fuera de ella.  ¿Qué implica esto? Asegurar una oferta básica física de servicios al alcance de estas familias que han logrado superar condiciones de pobreza –que tradicionalmente ya no serían usuarios de los servicios del Midis–. Esto exige asegurar una oferta de infraestructura mínima –agua segura, conectividad, energía–, servicios públicos básicos de calidad –salud, educación– y acceso a servicios públicos y privados que permitan asegurar, sostener y potenciar los medios de vida con que estas familias cuentan –asistencia técnica, servicios para el emprendimiento productivo, servicios de transporte, empleabilidad, servicios financieros, etcetera–. Se trata de una oferta de servicios que permita maximizar las opciones de que estas familias se inserten en una senda sostenida y sostenible de progreso y bienestar.  Esta nueva estrategia es altamente relevante en un momento de crecimiento más moderado.  Ser tarea del nuevo ministro y su equipo completar el proceso de diseño e implementar esta estrategia.","elcomercio","05/10/2019"
"La aplicacin de visas ha tenido un impacto?","S. Cada pas puede desarrollar polticas para controlar los flujos migratorios. La cuestin es: hasta qu punto impiden que las personas que requieran proteccin internacional accedan a esta ayuda? En esa lnea, hay que reconocer el gran esfuerzo del Estado Peruano en la atencin de la poblacin venezolana.  Que el Per solicitare visas es positivo? Es normal que los pases traten de regular los flujos migratorios y requieran visas, una vez que las cifras de migrantes van incrementando. Lo importante es tratar de dar acogida a los ms necesitados. Somos respetuosos de la decisin del Estado Peruano.  Hay alguna solucin contra la xenofobia? Ponernos en los zapatos del otro. A veces nos enfocamos en la supuesta carga social que representa el migrante, pero el estudio de la OIM demuestra que quienes mas llegan al Per son ciudadanos econmicamente activos, de entre 18 y 24 aos, gente sana y dispuesta –debido a su buen nivel acadmico– a integrarse a la sociedad y generar un valor agregado.","elcomercio","05/10/2019"
"Los xitos locales en la lucha contra la anemia","Las estrategias ms efectivas para vencer la anemia revelan que el enemigo puede estar en casa. Experiencias como la de Antauta (Puno) y de varios distritos de Huanta (Ayacucho) sirven para demostrar que es posible vencer este mal.  Articulacin clave Resultados de los programas ms exitosos contra la anemia  1  2  3  4  5  6  SAMI (ONG Sumbi + minera Minsur) Antauta y Ajoyani (Puno) Reduccin: del 98% al 48% en 238 nios (Antauta) y del 66% al 13% en 92 nios (Ajoyani) menores de 3 aos Perodo: 2016-2018  Anemia No (Accin contra el Hambre) Luricocha, Santillana, Iguan y Huamanguilla (Huanta, Ayacucho) Reduccin: del 73% al 12% Perodo: 2011-2015  Ally Micuy (Critas + Antamina) 56 distritos de 11 provincias de ncash Reduccin: del 69% al 36% en 2.229 nios menores de 3 aos Perodo: mayo-junio del 2009 y julio-septiembre del 2010  (Critas + Hunt Global Partnership) 56 escuelas de Ayacucho y Huancavelica Reduccin: de 37% a 16% en 2.500 escolares mayores de 3 aos Perodo: 2013-2017  Combatiendo la Anemia (Prisma ONG + Fondo de las Amricas y CBC) Cieneguillo Centro (Piura) Reduccin: de 58% a 21,7% en 100 nios menores de 2 aos Perodo: julio 2016-julio 2017  Cocinando como en Casa (Wawa Food) Chango, Chacayn y Tapuc (Pasco) Reduccin: de 62% a 16% en 59 nios menores de 3 aos Perodo: 2017  REDACCION NACIONAL  A ms de cuatro mil metros de altitud, el distrito de Antauta, en la provincia de Melgar, es uno de los referentes de la lucha contra la anemia. Se ubica en Puno, la regin con mayor incidencia de esta enfermedad. All, sobre una mesa, autoridades locales, organizaciones no gubernamentales, empresas privadas, colectivos civiles y organizaciones sociales se aliaron para brindar mejores servicios a los nios menores de 3 aos.  Los resultados de esta experiencia hablan por s solos: la anemia, esa enfermedad causada por la produccin inadecuada o prdida de glbulos rojos, baj del 98% al 48% en una poblacin de 238 nios de Antauta y del 66% al 13% en 92 nios en Ajoyani, de la provincia de Carabaya (Puno), entre el 2016 y el 2018. Esto se logr gracias a los suplementos de hierro y a la accin conjunta de los distintos actores, pero especialmente de las municipalidades, los centros de salud y los agentes comunitarios.  Esta triada tiene toda la responsabilidad del xito, cuenta Julio Andrade, coordinador del proyecto SAMI, ejecutado por la ONG Sumbi y financiado por la empresa Minsur. Esta fue una de las experiencias destacadas por el Ministerio de Desarrollo e Inclusin Social (Midis).  Antauta y Ajoyani demostraron que no hacen falta grandes inventos si todos los actores forman un solo equipo para mejorar la eficacia del mtodo ya existente. Desde el alcalde hasta las agentes comunitarias, que iban casa por casa para asegurarse de que los nios tomaran su tratamiento.  Para Andrade, erradicar la anemia en todo el pas es posible siempre y cuando se ponga en prctica la gestin articulada en el distrito. Los recursos existen y las personas estn, pero la gran brecha es que no hay un espacio real para que trabajen en cmn, reconoce.  A imitacin del trabajo en equipo de SAMI, el Gobierno lanz en el 2018 el urgente Plan Multisectorial de Lucha contra la Anemia (PMLCA), en el que 15 ministerios se comprometieron a enfrentar el problema. La meta era reducir la anemia del 43,5% al 19% para el 2021, ambicioso objetivo si se considera que en los ltimos cuatro aos solo se restaron 3,3 puntos porcentuales. La propia concepcin de articular todos estos sectores ya es un avance importante, resalta el mdico ngel Gonzales, director de Intervenciones Estratgicas en Salud Pblica del Ministerio de Salud.  –Seguimiento continuo–  En el nuevo plan emprendido por el Gobierno Central, los gobiernos locales toman el protagonismo. Sobre todo en las zonas ms alejadas, donde el sector salud carece de suficiente personal. La meta 4 de este plan contempla que el Ministerio de Economia y Finanzas incentive econmicamente a las municipalidades que registran mayores ndices de anemia, para tomar partido en esta lucha.  Actualmente, 865 municipalidades han identificado a 20.000 personas para que apoyen en promover el consumo de hierro en el interior del hogar, explica Gonzales. Son vecinos de las localidades que han recibido capacitacin del Minsa los que tienen la misin de visitar tres veces al mes a todos los nios de 4 a 5 meses, y de 6 a 11 meses, con anemia. Se utilizar una aplicacin para el registro de las visitas domiciliarias, y esta informacin es monitoreada por el personal del Minsa.  Cada localidad y poblacin tiene sus propias circunstancias que influyen en el desarrollo o no de la anemia. As lo explica Juan Negrn, coordinador de Nutricin y Desarrollo Infantil de la Direccin General de Poltica y Estrategias del Midis, quien precisa que el problema va ms all del consumo de alimentos ricos en hierro. Se necesita conocer las condiciones del hogar, la calidad del agua y la distancia al establecimiento de salud que le permita a la madre asegurar los controles de su nio, dice. Una madre que ha acudido a sus controles durante el embarazo, que ha puesto las vacunas a su nio, tiene menos riesgo de que desarrolle anemia, pero tambin otras enfermedades.  –Toma de conciencia–  La anemia tambin es una cuestin de educacin. Critas emple 500 horas para cada consejera nutricional que capacit en las comunidades de su proyecto Ally Micuy, financiado por la Minera Antamina para 56 distritos de 11 provincias de ncash, donde en 18 meses bajaron la anemia del 69% al 36% en 2.229 nios, aunque el proyecto alcanz luego hasta 14.000 nios entre el 2007 y el 2011. Estas especialistas hacan un servicio de delivery y llevaban hasta dos veces por semana el suplemento de hierro a casa de todos los nios afectados para asegurarse de que lo tomaran.  Recientemente, el ministerio est privilegiando la visita domiciliaria, casi nueve aos despus de que nosotros les informamos de ese xito, remarca Adri Morn, gerente de Desarrollo Social de Critas Per.  Otro caso de Critas dirigido a nios mayores de 3 aos tuvo como protagonistas directos a los profesores, quienes se encargaban de suministrar en la escuela el sulfato ferroso a los nios anmicos. As lograron reducir la anemia del 37% al 16% entre el 2013 y el 2017 a 2.500 menores de 56 instituciones educativas de Ayacucho y Huan-cavelica. Hay ms escuelas que centros de salud. As se hace con millones de escolares en la India que tambin tienen anemia, destaca Morn.  Para Alejandro Vargas, coordinador de Accin contra el Hambre, el gran reto es incorporar esas estrategias existentes a las polticas pblicas y locales, que tienen que ser distintas en funcin de cada contexto, y trabajar de manera coordinada. As, esta ONG pudo reducir del 73% al 12% la anemia en Luricocha, Santillana, Iguan y Huamanguilla, en la provincia de Huanta (Ayacucho), al poner nfasis en la comunicacin y la educacin para concienciar a la poblacin de que, a pesar de no tener sntomas visibles, la anemia es una grave y silenciosa enfermedad.  En esta experiencia –premiada por la Organizacin Mundial de la Salud (OMS)– tambin recuperaron y promocionaron tcnicas ancestrales de secado para la conservacin de alimentos ricos en hierro, como la sangrecita, el hgado, el bofe o el bazo, vsceras que las familias desechaban pero que ahora han vuelto a consumir. A veces nos concentramos mucho en ese 70% que tiene anemia, pero no prestamos atencin al 30% restante de esa poblacin que no tiene, y que son familias que han sabido vencerla a veces a travs de mtodos locales. Es de donde se tiene que aprender, concluye Vargas. En el ejemplo est parte de la solucin.","elcomercio","05/10/2019"
"Punto de vista La importancia de la intervencin temprana","NGEL Gonzales Director general de Intervenciones Estratgicas en Salud Pblica del Ministerio de Salud  El Plan Multisectorial de Lucha contra la Anemia ha puesto el foco prioritariamente en los nios menores de 3 aos, con una marcada atencin a los infantes de entre 6 y 12 meses.  Esta atencin especializada en los menores de 1 ao se basa en evidencia cientfica que determina que es el periodo ms crtico, debido a que ocurren dos importantes procesos: se desarrolla una acelerada evolucin neurolgica, con incremento de conexiones neuronales que van a determinar una mejor capacidad deductiva, de relacionamiento con su entorno y una mejor capacidad de desarrollo de la persona; y se trata de la etapa de la vida en que usualmente los nios dejan de lactar de manera exclusiva.  En los primeros meses, el nio est protegido por la dotacin de hemoglobina que proviene de la madre, por lo que despus de esa etapa puede ocurrir la deficiencia de hierro si, al iniciar la primera alimentacin, diferente a la lactancia materna, las familias no priorizan alimentos ricos en hierro. Prevenir la anemia en esta etapa tiene que ver directamente con el desarrollo y el futuro no solo de nuestras familias, sino de nuestro pas.","elcomercio","05/10/2019"
"Ecuador sigue echando humo","Crisis por la gasolina ● Aunque anoche se levant el paro de transportistas, las escuelas estuvieron vacas y las protestas continuaron en las calles, aunque sin llegar a los excesos del jueves ● Ya hay 350 detenidos y 35 heridos.  rEdaccin mundo  Aunque con menor intensidad que el jueves, las protestas tomaron por segundo da consecutivo las calles de Ecuador en medio de la crisis desatada por la eliminacin de los subsidios a los combustibles. El transporte pblico se paraliz y tampoco hubo clases bajo el estado de excepcin impuesto anteayer por el gobierno.  Luego de los disturbios del jueves –que dejaron 35 heridos, incluidos 21 policas, adems de 350 detenidos–, el gremio de transportistas decidi anoche levantar la huelga.  El anuncio lo hizo el presidente de la Federacin Nacional de Cooperativas de Transporte Pblico de Pasajeros de Ecuador, Abel Gmez, en una conferencia de prensa en Quito.  Dejamos entregado nuestro petitorio. Nosotros hemos cumplido con nuestra fase y por lo tanto de nuestra parte se termina la medida de hecho, sentenci Gmez, junto al resto de representantes de otros gremios de transportes.  La casi totalidad de Ecuador ya est haciendo sus actividades en paz, dijo el jefe de Estado, Len Moreno, antes de mostrar su satisfaccin por la respuesta inmensa, mayoritaria del pueblo ecuatoriano para apoyar una decisin valiente del gobierno.  Se refera a la supresin de los subsidios a los combustibles tras cuatro dcadas de vigencia. Con ello, el valor del galn de disel paso de 1,03 dlares a 2,27 dlares (lo que supone un aumento de 123%), mientras que el de la gasolina conocida como extra, la de mayor consumo en el pas, se elev de 1,85 dlares a 2,30 dlares.","elcomercio","05/10/2019"
"Paridad y alternancia en las listas de candidatos congresales","Esta ley establece que en las elecciones internas o primarias los candidatos postulan de forma individual y el conjunto de candidatos está integrado por no menos del 40% de mujeres o de hombres, ubicados de forma intercalada. Según las disposiciones complementarias, se aplicará de manera progresiva: para los comicios del 2026, 45% de mujeres u hombres, y para el 2031, 50%.","elcomercio","05/10/2019"
"Perfil EDMER TRUJILLO","Siempre juntos Edmer Trujillo ha desempeñado varios cargos públicos en las etapas de Martín Vizcarra como gobernador regional o autoridad del Ejecutivo. La ficha preferida del presidente El también exministro de Vivienda vuelve al MTC tras haber renunciado por el incendio del terminal de Fiori. Su amistad con Vizcarra los mantiene juntos, pese a las críticas a su desempeño en el Gabinete. Polo Benzáez Edmer Trujillo es para Martín Vizcarra lo que Fernando Zavala fue para Pedro Pablo Kuczynski (PPK). Un hombre de su entera confianza, con el que se entiende y comparte los mismos criterios, y al que ha recurrido una y otra vez cuando ha tenido que elegir funcionarios. Hoy, en medio de la crisis política más complicada de los últimos 27 años, el presidente ha vuelto a buscar a su ficha preferida y la ha ubicado en una cartera que ya conoce. Esto pese a las críticas que recibió en su primer período como ministro de Transportes y Comunicaciones (MTC). —La confianza moqueguana— Ya es ampliamente conocido que el círculo íntimo de Vizcarra se reduce a pocos aliados a quienes conoce desde antes de ser presidente. De las cinco personas de su más entera confianza, cuatro son moqueguanos, dice Rafaela León, autora del libro Vizcarra: retrato de un poder en construcción. El otro es el asesor argentino Maximiliano Aguiar, pero este no podría convertirse en ministro. De los moqueguanos, en cambio, dos juraron el jueves –no por primera vez– en puestos clave de su Gabinete. Uno es el exministro de Justicia Vicente Zevallos, quien acaba de asumir la PCM y con quien Vizcarra compartió escuela. El otro es Edmer Trujillo, quien ingresa por segunda vez al MTC y con quien Vizcarra compartió mucho más que aulas. Aunque pocos lo recuerden, Trujillo no es moqueguano. Naci en Amazonas, luego se mudó a Lima para estudiar en la universidad y migró a Moquegua recién después, por deber profesional. All el ingeniero sanitario formó su familia y empezó a trabajar en las entidades prestadoras de servicio de saneamiento (EPS) de la región. Llegó a dirigir dos de ellas en la primera década de este milenio. Su acercamiento a la política por entonces fue, como él, de bajo perfil: entre el 2006 y el 2011 perteneció al movimiento Confianza Moquegua. Pero en paralelo transcurrió otra historia, una más importante. Vizcarra y el ministro se conocieron en 1995, cuando ambos participaron de un proyecto de saneamiento en Ilo. Vizcarra lo ejecutaba, a través de la ya conocida C&M Vizcarra, y Trujillo lo supervisaba para la EPS local. Años después, Trujillo participó en la campaña que llevó a Vizcarra a ser decano del Colegio de Ingenieros de Moquegua. Ese fue el inicio de una amistad inquebrantable. Cuando Vizcarra asumió como gobernador regional de Moquegua, en el 2011, Trujillo pasó a ser su gerente de infraestructura. Al año siguiente, se convirtió en su gerente general. En el 2015, con el relevo de autoridades regionales, se fue a la gestión de Yamila Osorio, en Arequipa. Pero renunció solo siete meses después debido a desacuerdos insalvables. No es verdad que me vaya por una propuesta mejor. Salgo de acá a buscar trabajo y tengo algunas opciones, le dijo a La República en esa época. Entonces, en julio del 2016, su amigo Martín Vizcarra volvió a tocar a su puerta. Esta vez para poner entre las opciones al Gobierno Central. Así, tras más de seis años trabajando juntos en el sector público en el interior, el binomio Vizcarra-Trujillo se instaló en la capital. —La ficha predilecta— En agosto del 2005, cuando PPK asumió la PCM –en medio de una crisis por la renuncia del entonces primer ministro Carlos Ferrero– puso una sola condición: que su reemplazo al frente del Ministerio de Economía fuera su viceministro Fernando Zavala. Once años después, ya en la presidencia, volvió a llamarlo para que presidiera su Gabinete. Una relación muy similar une a Vizcarra con Trujillo. Es uno de los más cercanos a Martín. Comparten criterios técnicos. Su designación en el Gabinete tuvo que ser exclusivamente por un pedido suyo, dijo a El Comercio una fuente cercana al ministro de Transportes en el 2018. Trujillo estudió en la Universidad Nacional de Ingeniería y, aunque su especialidad son las obras de saneamiento, comparte con el presidente algo más que su origen provincial: la ordenada estructura mental de un ingeniero. Los ingenieros no damos tantas vueltas: dos más dos es cuatro, le dijo Trujillo a Rafaela León, para su libro, en el 2018. También comparten su afición por el deporte. Mientras que Vizcarra se dedica al tenis, tras un largo paso por el frontón, Trujillo sale a correr todas las mañanas cerca de su departamento ubicado en La Calera de Surquillo. Alrededor de las 6 a.m. se ejercita en un parque y, una hora y media después, parte bajo la estricta custodia de su seguridad estatal, de la que no quiso desprenderse en los últimos cinco meses que no fue ministro. La ley le permitía mantenerla por seis. Cuando Vizcarra asumió la vicepresidencia y el MTC, en el 2016, abogó para que Trujillo fuera nombrado en el Ministerio de Vivienda, Construcción y Saneamiento (MVCS). El plan de gobierno de PPK hablaba de un gran ministerio de infraestructura, que provendría de la fusión del MTC y el MVCS, y qué mejor que tener al frente de ambos a dos personas que se entienden tan bien. El plan nunca se concretó, pero Trujillo ya estaba dentro del círculo. Desde entonces, no se ha separado del gobierno. Dejó de ser ministro de Vivienda en septiembre del 2017, y en octubre fue nombrado presidente Gerente del Gobierno Regional de Moquegua 2011-2014 Ministro de Vivienda 2016-2017 Presidente del directorio de Sedapal 2017-2018 Ministro de Transportes y Comunicaciones 2018-2019 Asesor de la Unidad de Cumplimiento de la PCM 2019 Otra vez titular del MTC 2019 El Estado es como un elefante, como un tractor que camina, pero no a la velocidad que se espera. EDMER TRUJILLO Declaración como titular del MTC tras el incendio en Fiori, en abril del 2019. Trujillo comparte con el presidente algo más que su origen provincial: la ordenada estructura mental de un ingeniero. Cuando Vizcarra asumió la vicepresidencia y el MTC en el 2016, abogó para que Trujillo fuera nombrado ministro de Vivienda. —Ruta de críticas— Hay, sin embargo, un lado B en la historia de Trujillo en el sector público. Puede rastrearse hasta los inicios de este gobierno, cuando fue ministro de Vivienda [ver pieza]. Pero el panorama es aún más complicado en su etapa al frente del MTC, en la que cada tres días se habilitó un terminal terrestre. Como informó la campaña #NoTePases de este Diario, ello incluye al de Fiori, donde en abril un bus se incendió y 17 personas fallecieron. Consultado sobre el tema, Trujillo dijo a El Comercio que su ministerio se había concentrado en la ejecución de proyectos y que era imposible que en un año pueda resolver todo. El Estado es como un elefante, es como un tractor que camina, pero no a la velocidad que se espera, agregó. Y terminó diciendo que, si hubiera creído que el cargo le quedaba grande, ya habría renunciado. A los ocho días, presentó su renuncia. Dijo que lo hacía para evitar que continúe desgastándose al gobierno. El reto –replicó su amigo Martín– sería buscar a gente que tenga la misma entrega y competencia que Edmer. Hoy, que las papas queman, ha preferido no buscar más y reponerlo en su puesto. La confianza vale más en momentos de crisis.","elcomercio","05/10/2019"
"Reas Intangibles en la Costa Verde","Con la idea de focalizar el subsidio, Trujillo recort en el 2017, durante su gestión en el MVCS, el precio de las viviendas que podían acceder al Bono del Buen Pagador (BBP). Desplome Inmobiliario Esa decisión generó un desplome en el mercado inmobiliario, que cayó 27% interanual a julio, 25% solo entre junio y julio, y tuvo en mayo su peor mes desde diciembre del 2015. Módulos de Vivienda La Contraloría investigó presuntas irregularidades en la compra de 2.242 módulos de vivienda realizada por el MVCS en la gestión de Trujillo. Un Terminal Cada Tres Días Ya en el MTC, su gestión habilitó 101 terminales de bus, incluido el informal de Fiori. All, el 1 de abril, un bus se incendió y 17 personas murieron. Mafia de Brevetes El Comercio reveló a principios de este año que existía una mafia que permitía sacar brevetes sin pasar por la evaluación que manda la ley. Paul Concha Este Diario también reveló que su exdirector general de Transporte Terrestre Paul Concha era asesor de empresas de revisiones técnicas a las que habilitaba para operar. Autoridad del Transporte Trujillo se autoimpuso el 1 de abril como fecha límite para tener funcionando la ATU, pero no lo cumplió. Prohiben nuevas construcciones y ampliaciones Reas intangibles* 1 San Miguel 210 102 Personas y Viviendas Vulnerables Por Distrito Taludes inestables con fuerte pendiente Canteras informales Depósitos de suelos pantanosos Zonas con alta amplificación sísmica Depósitos de arenas elásticas potencialmente licuables Franja de 120 metros lineales en paralelo y a partir de la línea de borde del acantilado. Suelos excepcionalmente flexibles Morro Solar Magdalena 966 304 San Isidro 603 243 Barraño 157 54 Chorrillos 681 235 Carlos Hidalgo 2 3 4 5 6 —No más construcciones— La Ordenanza 2184 también prohíbe edificaciones nuevas y ampliaciones. Así como la emisión de licencias de habitabilidad urbana y edificación, parámetros urbanísticos y edificatorios, entre otros. La gerenta de Defensa Civil de la MML precisa que se reconocerá el derecho de edificación de los predios que cuenten con los permisos necesarios, a través de certificados de derechos adicionales de edificación transferible. En adelante, no se entregarán más licencias de construcción para nuevas edificaciones ni de ampliación para las existentes. En caso de las que ya cuenten con los permisos, se les reconocerá el derecho pero en otra zona que no sea la intangible. El procedimiento y condiciones se fijarán pronto mediante un decreto de alcaldía metropolitana, indica Santillán. Al respecto, el director ejecutivo de la Cámara Peruana de la Construcción (Capeco), Guido Valdivia, considera que la medida de la municipalidad metropolitana es positiva siempre y cuando sea temporal, pues el hecho de prohibir más edificaciones no permitirá obtener los ingresos económicos para asegurar los acantilados y la calidad del suelo de la Costa Verde. En esta zona se construye desde hace 100 años. No creo que todas las edificaciones sean inseguras.  Necesitamos asegurar los acantilados, sino volverán a pasar 9 años y seguiremos hablando del riesgo guido valdivia Director ejecutivo de Capeco","elcomercio","05/10/2019"
"Il de S/120 mil en favor de los herederos legales de la mujer asesinada.","El juzgado, presidido por el juez Daniel Holguín e integrado por los magistrados Mario Lohonal Abanto y Enver Ramos, determinó también que Esneider Estela causó lesiones leves a Imelda Luna Jambo y su menor hijo. Actualmente, Estela está internado en el penal de Cochamarca, en la región Pasco, adonde fue trasladado en julio del año pasado.","elcomercio","05/10/2019"
"Hoy es la primera procesin","Hoy se realizará la primera procesión del Señor de los Milagros en el Centro de Lima. Se iniciará al mediodía en el Monasterio de las Madres Nazarenas. Iremos por las avenidas Tacna y Emancipación y los jirones Chancay y Conde de Superunda, para luego regresar a la iglesia a las 7:00 p.m.","elcomercio","05/10/2019"
"Los pasajeros afectados en el aeropuerto internacional Jorge Chávez reclaman a la aerolínea la entrega de sus equipajes.","NA","elcomercio","05/10/2019"
"Empresa Peruvian Airlines suspende todos sus vuelos","Aerolínea informó que acción coactiva afectó su liquidez. Según el MTC, se coordina con otras aerolíneas para embarcar a pasajeros afectados.","elcomercio","05/10/2019"
"Redacción Nacional","La empresa Peruvian Airlines anunció la suspensión de todos sus vuelos hasta nuevo aviso, debido a un embargo de sus cuentas bancarias realizado por Aduanas. A través de un comunicado, la compañía precisó que ese embargo se debe a una diferencia de valoración en la importación temporal de dos aeronaves comerciales, al ya no existir en el país la Ley de Admisión Temporal. Esa norma precisaba que los aviones que ingresaban al Perú debían ser sometidos a una depreciación del 20% durante cinco años. Cuando la normativa dejó de existir, se dispuso que por cada nuevo avión las aerolíneas deban pagar el Impuesto General a las Ventas (IGV).  De acuerdo con Peruvian Airlines, este nuevo contexto produjo la acción coactiva que afectó sus operaciones por la falta de liquidez y fondos. Por ejemplo, no contaban con dinero suficiente para solventar el combustible que le proporciona Petro-Perú para sus aeronaves.  Este embargo ocasionó, a inicios de semana, la paralización de todas las operaciones de la aerolínea.","elcomercio","05/10/2019"
"Más información","En los próximos días, varias aerolíneas traerán más aviones para abastecer la nueva demanda de pasajeros ocasionada por la suspensión de vuelos. Por lo pronto, algunas han ofrecido precios rebajados a los pasajeros que no hayan podido volar con Peruvian.","elcomercio","05/10/2019"
"Policía muere al chocar su motocicleta contra minivan","El conductor del auto gir en un cruce y bloqueó el paso de la unidad del agente. El agente de la Policía Nacional Juan David Bravo Zumarán perdió la vida ayer luego de que la motocicleta en la que iba se estrellara contra una minivan. El accidente ocurrió en el cruce de la avenida Alfonso Ugarte y el jirón Quilca, en el Cercado de Lima.  El hecho ocurrió en el cruce de la Av. Alfonso Ugarte y el Jr. Quilca. El conductor del automovil gir en esta intersección e impidió el paso del policía que se desplazaba por la vía paralela. Esto hizo que el agente, luego del choque, perdiera el control de la unidad e impactara contra las rejas instaladas en el acceso de la estación Quilca del Metropolitano.  Según se informó, el suboficial Bravo Zumarán laboraba en la División de Emergencia del Escuadrón Cobra de la PNP. El conductor de la minivan – aún no identificado – fue trasladado a la comisaría. De acuerdo con la Sunarp, el automóvil de placa AH-121 tiene como propietario a Max Danny Acua Gabriel.","elcomercio","05/10/2019"
"La nueva dinámica de la migración venezolana","Encuesta en pasos fronterizos Radiografía de la inmigración  La mayoría de los que ingresan por Tumbes siguen siendo jóvenes en edad de trabajar, según reciente estudio de la OIM. Por primera vez se ha reportado que arriban más mujeres migrantes que hombres a la frontera norte. La Guajira Lara Zulia Norte de Santander Santander Carabobo Yaracuy Distrito capital Táchira Aragua Valle del Cauca Bogot Ruta migratoria Inicio del viaje Ruta por Colombia Ruta por Ecuador Destino final Per La mayoría de los que ingresan por Tumbes siguen siendo jóvenes en edad de trabajar, según reciente estudio de la OIM. Por primera vez se ha reportado que arriban más mujeres migrantes que hombres a la frontera norte.  La Guajira Lara Zulia Norte de Santander Santander Carabobo Yaracuy Distrito capital Táchira Aragua Valle del Cauca Bogot Ruta migratoria Inicio del viaje Ruta por Colombia Ruta por Ecuador Destino final Per La mayoría de los que ingresan por Tumbes siguen siendo jóvenes en edad de trabajar, según reciente estudio de la OIM. Por primera vez se ha reportado que arriban más mujeres migrantes que hombres a la frontera norte.  La Guajira Lara Zulia Norte de Santander Santander Carabobo Yaracuy Distrito capital Táchira Aragua Valle del Cauca Bogot Ruta migratoria Inicio del viaje Ruta por Colombia Ruta por Ecuador Destino final Per Los que pasan por Tumbes Técnico superior 5,2% 12,1% 1% 0,5% 9,6% 87,8% 1,1% 1,5% Se van a Chile Se van a Argentina Otros Los que pasan por Tacna Universitario 14% 20,2% 6,4% 5,2% Posgrado 0,8% 0,6% 0,3% 0,6%  Situación laboral en Venezuela Tumbes Tacna Arequipa 99,4% 0,6% Se van a Argentina Se van a Chile Desempleado 23,6% 38,8% 8,5% 21,3% Empleado 41,1% 38,5% 48,7% 47,1% Estudiante 5,4% 6,7% 6,3% 7,2% Retirado/jubilado 0,8% 1,4% 0,7% 1,1% Independiente 29,1% 14,6% Independiente 14,6% 29,1% 35,8% 23,3% 35.8% 23.3% de que cada vez lleguen más mujeres venezolanas al CEBAF de Tumbes, así como personas casadas o convivientes, responde a que tienen familiares varones que llegaron antes a nuestro país, se enfrentaron a los retos de integración y los riesgos del viaje, y se establecieron.  Esta tendencia también la confirmó la ONG Unión Venezolana en el Perú, a través de su presidente Sergio Pérez: “Desde hace unos meses estamos viendo que se ha incrementado la llegada de madres de familia o de las parejas de los hombres que arribaron primero. Estas mujeres, además, viajan regularmente con sus hijos menores de edad”.  El reciente estudio de la OIM también mostró que el 38% de los niños y adolescentes venezolanos que entraron al país lo hicieron con sus padres; en tanto, el 35% llegó con solo uno de ellos (padre o madre) para reencontrarse con el otro. Según Pérez, esto también coincide con el fin del año escolar en Venezuela, que a diferencia del Perú suele darse entre julio y agosto.  “Por ello, pedimos de manera muy respetuosa al Gobierno Peruano que ratifique y mantenga las excepciones establecidas en la visa humanitaria para la reunificación familiar”, dijo.  Fernando Alayo Orbegozo  Positiva o negativa. Para un sector de la sociedad peruana, la migración venezolana se reduce a esa dicotomía, lo que ha derivado –en las últimas semanas– en actitudes negativas que ya se demuestran en cifras: según una reciente encuesta de la Agencia de la ONU para los Refugiados (ACNUR), realizada en cinco ciudades del país, un 62% de venezolanos dijo haberse sentido discriminado, sobre todo por su nacionalidad.  Sin embargo, la constante llegada de migrantes desde Venezuela –una respuesta a la crisis humanitaria provocada por el régimen de Nicolás Maduro– no se ha detenido: a fines de septiembre se contaban 865 mil venezolanos en el territorio nacional, de acuerdo con la Superintendencia Nacional de Migraciones. Un flujo migratorio que, si bien no se interrumpirá en el corto plazo, ya empieza a modificar sus características.  —Más mujeres migrantes— Los ciudadanos venezolanos que ingresan al Perú a través del Centro Binacional de Atención en Frontera (CEBAF) de Tumbes son, mayoritariamente, personas jóvenes en edad de laborar (entre los 18 y 30 años). Esa es la principal conclusión de la sexta edición del estudio “Monitoreo de flujo de población venezolana en el Perú”, elaborado por la Organización Internacional para las Migraciones (OIM), al cual accedió El Comercio.  Este se hizo a partir de encuestas efectuadas en los CEBAFs de Tumbes y Tacna en julio de este año, una fecha posterior a la entrada en vigencia de la visa humanitaria que exige el Estado Peruano a los venezolanos que deseen entrar al país (15 de junio). Respecto a quienes llegaban a la frontera norte, el reporte reveló que el 46% demor hasta siete días en arribar desde Venezuela; mientras que un 19% tardó de 90 días a más.  Sin embargo, la cifra más llamativa tiene que ver con el sexo de los migrantes: por primera vez, la OIM ha identificado que son más mujeres (58%) que hombres (42%) los que solicitan ingresar al territorio nacional. En la encuesta anterior, publicada en mayo de este año, la dinámica era distinta: los hombres sumaban un 57%; las mujeres, un 43%.  Asimismo, también se ha registrado un cambio de tendencia respecto al estado civil: en mayo, los venezolanos encuestados en Tumbes eran mayoritariamente solteros (58%); ahora se ha reportado que el primer lugar corresponde a los casados o convivientes (49%), seguidos muy de cerca por los solteros (47%).  —Por la reunificación familiar— La explicación a estos nuevos fenómenos migratorios, sostuvo la OIM, es la búsqueda de la reunificación familiar. Según la entidad, el hecho ","elcomercio","05/10/2019"
"Identificación y estudios—","El Gobierno Peruano estableció que los migrantes venezolanos exonerados de tramitar la visa humanitaria para ingresar al país son los menores de edad en tránsito para reencontrarse con sus padres, así como los mayores de edad que buscan reunirse con su núcleo familiar residente. Ellos pueden ingresar sin la exigencia del pasaporte, es decir, solo con su cédula de identidad.  La OIM reportó en su informe que el 65% de migrantes utiliza la cédula para entrar al país, pese a que no necesariamente pueden acogerse a las excepciones. Esto, porque no cuentan con el pasaporte requerido (la ONG Unión Venezolana en el Perú estima que tramitarlo en Venezuela puede llegar a costar US$5.000), lo que generaría riesgos para ellos “como ser objeto de tráfico ilegal de migrantes”.   Por otro lado, sobre el nivel de estudios de los venezolanos que llegan a la frontera norte, la entidad identificó que solo el 19% ha culminado sus estudios universitarios o técnicos superiores. En el primer estudio realizado por la OIM en el 2017, la cifra de personas con estos niveles académicos era de 68%, es decir, en apenas dos años se ha reducido en 49 puntos porcentuales.  Para Pérez, el hecho de que haya disminuido la llegada de migrantes profesionales o técnicos se debe a que han comenzado a migrar los estratos sociales más bajos de Venezuela. “Inicialmente considerábamos que estas personas de condición socioeconómica más vulnerable se habían resignado, pero al ser los más golpeados han optado por salir de allí”, concluyó.","elcomercio","05/10/2019"
"Entrevista","Es normal que países traten de regular flujos migratorios  JORGE BACA VAUGHAN Jefe de misión de la OIM en el Perú  ¿Cómo describiría la actual dinámica de la migración venezolana en el Perú? Bastante intensa. En este momento, en la región y fuera de ella hay 4,3 millones de migrantes venezolanos, y el Perú es el segundo país con la mayor cantidad después de Colombia, con 865.000. Al 2020 la cifra en el país no aumentará significativamente, ya que sería de entre 900.000 y un millón de migrantes.  La aplicación de visas ha tenido un impacto? Sí. Cada país puede desarrollar políticas para controlar los flujos migratorios. La cuestión es: hasta qué punto impiden que las personas que requieran protección internacional accedan a esta ayuda? En esa línea, hay que reconocer el gran esfuerzo del Estado Peruano en la atención de la población venezolana.  ¿Que el Perú solicite visas es positivo? Es normal que los países traten de regular los flujos migratorios y requieran visas, una vez que las cifras de migrantes van incrementando. Lo importante es tratar de dar acogida a los más necesitados. Somos respetuosos de la decisión del Estado Peruano.  ¿Hay alguna solución contra la xenofobia? Poniéndonos en los zapatos del otro. A veces nos enfocamos en la supuesta carga social que representa el migrante, pero el estudio de la OIM demuestra que quienes más llegan al Perú son ciudadanos económicamente activos, de entre 18 y 24 años, gente sana y dispuesta –debido a su buen nivel académico– a integrarse a la sociedad y generar un valor agregado.","elcomercio","05/10/2019"
"El loco del martillo","Hoy en día, uno pensaría que...","elcomercio","05/10/2019"
"Contento por fin de cuarentena!","Estoy feliz porque...","elcomercio","05/10/2019"
"Urgente: Se busca perro perdido. Recompensa: 500 soles.","NA","elcomercio","05/10/2019"
"NA","El juez Huamani ordenó...","elcomercio","05/10/2019"
"Lewandowski: Neuer es nuestro número 1","Técnico de Alemania puso freno a la polémica en el arco, aunque definió que Ter Stegen ateje en amistoso ante Argentina. Manuel Neuer lo har ante Estonia por clasificatorias de la Euro.  MARCO QUILCA LEN  En cuestión de arqueros, el técnico de Alemania Joachim Löw ha puesto las manos al fuego por Manuel Neuer por encima de Marc-André ter Stegen y ha dejado en claro la posición en el grupo que tiene cada uno.  La polémica por el titularato en el arco alemán seguirá pese a que ayer el entrenador dictó un primer veredicto previo a la fecha FIFA que se disputará la próxima semana. Ter Stegen se molestó en la anterior convocatoria por no disputar ningún minuto en los dos partidos que jugaron y calificó lo sucedido como un duro golpe. Esto provocó la respuesta de Manuel Neuer, quien acusó a su par de no pensar en el equipo.  ---  Un mes después de ello, Löw intentó sentar una postura y decidió que Ter Stegen, de gran momento en el Barcelona, sea titular este 9 de octubre en el amistoso ante Argentina, mientras que Manuel Neuer lo har ante Estonia cuatro días después por las clasificatorias para la Eurocopa 2020.  Para Löw, la titularidad de Neuer no está en discusión porque es nuestro capitán y con la Eurocopa en el horizonte, es nuestro número 1 en este momento, si no hay imprevistos, según declaró ayer. Esto es: para el estratega, el portero del Bayern es su hombre de confianza en el arco alemán.  Neuer ha disputado esta temporada 9 partidos (6 de Bundesliga, 1 de la Supercopa Alemana y 2 de Champions), y ha recibido 8 goles en total. Su promedio de atajadas, curiosamente, es el mismo para el certamen alemán y la Champions, con 71,4% de efectividad con 15 salvadas y 6 goles recibidos en el primero y 5 atajadas y 2 tantos en el segundo, según el portal de estadísticas Opta.","elcomercio","05/10/2019"
"Con Areola en el arco, Real Madrid defiende liderato","Blancos enfrentan al segundo de la Liga, Granada, a las 9 a.m. (DTV 610).  Con cinco ausencias por lesión, pero con el regreso de Gareth Bale y James Rodríguez en el once titular, Real Madrid busca defender hoy (9 a.m. / DTV) el liderato de la Liga ante su escolta Granada. Los merengues, que llevan un punto de ventaja a los ‘Nazarenos’, desean regresar al triunfo tras dos empates seguidos: ante el Atlético de Madrid (0-0), por el torneo local, y el Brujas de Bélgica (2-2), por la Champions el último martes.  Debido a una gastroenteritis aguda con deshidratación, Thibaut Courtois fue el último futbolista en sumarse a la larga lista de lesionados, por lo que en el arco estará el francés Alphonse Areola, que jugó la segunda parte ante Brujas.  Los fallos en el portero han condenado al belga a las críticas de la hinchada. Su problema de salud le dar un respiro, ya que tendrá descanso por la pausa de la fecha FIFA. Los otros lesionados son Marcelo, Mendy, Nacho Fernández y Marco Asensio.","elcomercio","05/10/2019"
"‘Triple G’ pelea por el título peso medio de la FIB.","El francés ha sido titular una vez en el Real, ante Osasuna.  21 puntos tiene el líder de la Premier League, Liverpool, que hoy (9 a.m.) recibe en Anfield al tercero Leicester City (14).  ---  Ayer se conoció la convocatoria de España para las Clasificatorias de la Euro y no figura el jugador del Barça Ansu Fati. Estaba en la lista preliminar, pero ha estado lesionado, explicó el técnico de la selección, Robert Moreno. El joven de 16 años seguirá esperando para vestir la camiseta del país que lo acogió a los 6 años.","elcomercio","05/10/2019"
"Entrevista Francisco Herós","Sería injusto calificar como fracaso no ir a Tokio  Estratega espera entrenar, con miras al Preolímpico, desde este lunes en el Callao, pero no sabe si clubes cederán a jugadoras.  Herós lleva cinco meses a cargo de la selección femenina. Antes entrenó y salió campeón con Regatas en la Liga.  CHRISTIAN CRUZ VALDIVIA  Uno de los deportes más laureados hoy se encuentra con problemas para empezar su preparación con miras al Preolímpico de enero. Copa América aún no le devuelve el CAR de la Videna y depende de clubes ceder a jugadoras para prácticas. Paco Herós nos habla de eso y más.  ---  Salieron las convocatorias para el Preolímpico. ¿Desde cuándo van a entrenar y dónde? Me hubiera gustado empezarlos hace dos semanas. Pero no tenemos las instalaciones y el otro problema es la disponibilidad de las jugadoras respecto de los clubes. Eso nos está retrasando.  ---  ¿Cuál es el problema con la Videna? El estado en el que está el campo es complicado y no tenemos plazo fijo de entrega de la instalación. Nos dijeron que la primera fecha de entrega era a principios de septiembre. Luego lo aplazaron a fines de septiembre y ahora parece que será a fines de octubre, pero no sabemos.  ---  Entonces, no tienen dónde entrenar? La Federación de Voley ha solicitado las instalaciones del polideportivo del Callao, pero esas no son óptimas para entrenar. Tendríamos que entrenar en la cancha central y ver cómo están las laterales. Además, en la Videna tenemos nuestro gimnasio, canchas, comedor, dormitorios, zona de refrigerio. En el Callao tendríamos que apañarnos como pudiéramos, adaptar algunas habitaciones con camas para que las chicas puedan descansar.  ---  Sobre la disponibilidad de las jugadoras, ya los clubes le dijeron que no cuando pidi aplazar la Liga. Yo pedí seguir trabajando con el equipo hasta el Preolímpico. Entiendo que es una situación no habitual en el sistema de ligas, pero entendiendo la importancia del evento y que nuestras opciones pasaban por ahí hubiera sido bueno, pero no se pudo.  ---  ¿Sería un fracaso no clasificar a Tokio 2020? Creo que sería injusto calificarlo como fracaso, más allá de una decepción. Todos queremos ese objetivo y debemos ser conscientes de que los demás también las quieren y que también tienen jugadoras y que también están partiendo delante de nosotros.","elcomercio","05/10/2019"
