"headline","content","newspaper","date"
"De él. Es más estresante e intenso dibujar a personas.","—En “Xoc” hay, por ejemplo, una escena en la que el protagonista, que es un gran tiburón blanco, devora a varias focas. ¿Cómo combina la tranquilidad y la brutalidad que existen en la naturaleza?  Hmmm… Buena pregunta… Es el mundo hay belleza, pero también hay horror. Yo me baso mucho en documentales de National Geographic para plasmar cosas que se ven en esa historia. Hay una parte muy agresiva en los tiburones, porque son depredadores, pero también hay mucho misterio. Hay otra escena, por ejemplo, en la que el tiburón prefiere devorar restos de una ballena azul muerta antes que ir a cazar. He tratado de seguir el ciclo de vida de ese escualo, pero hay mucho más por contar, cosas que aún no sabemos.  — En otro de sus cómics, “Mr. Big: A Tale of Pond Life”, varios peces de un estanque desaparecen y los animales culpan y quieren ajusticiar a una tortuga gigante. Esta obra está dirigida a escolares. ¿Cómo cree que ellos asuman esta historia?  “No me interesan mucho los superhéroes. Aunque si tuviera la oportunidad, dibujaría ‘Swamp Thing’ (‘La cosa del pantano’).  “Mi trabajo ha tenido buena acogida y tengo muchos lectores en bibliotecas y colegios. Ese es mi camino”. Voy a hablar desde la perspectiva de tener dos hijos, de 7 y 10 años, chicos que van al bosque a buscar bichos, jugar con ellos, los pinchan, exploran el mundo. Hace años encontramos una pequeña tortuga en el estanque, le dabamos comida procesada, pero un día pusimos un grillito negro en el agua y la tortuga, de pronto, lo atac, lo devor, y mis hijos, asombrados, viéndolo. No sé si he respondido la pregunta, jajajaja, pero creo que los chicos aprecian la verdad de la naturaleza. Ahora, esta historia es también una advertencia sobre lo que puede pasar cuando se altera el equilibrio ecológico.  — Ese cómic lo trabajó con su esposa, Carol. Fue difícil?  Voy a contarle una cosa. Yo realmente me alejé de los cómics cuando salí del colegio. Fueron unos 15 años sin estar en ese mundo. Pero cuando conocí a Carol, en nuestra primera cita ella llevaba una copia de “Sandman” de Neil Gaiman. Empecé a mirarlo, sentí mucha nostalgia, y me di cuenta de que extrañaba este arte.  — Y por qué se había alejado?  Estaba creciendo, tenía otros intereses, me dediqué a los deportes… Pero ella me dio el empujoncito para volver. “Mr. Big” fue una de las primeras obras grandes que hicimos juntos. Ella la escribió. Recuerdo que un día fuimos a un estanque, que está cerca de la casa, y un día estaba todo silencioso, no había ruido alguno y de pronto apareció una enorme tortuga. Era la nueva reina del lugar, y mi esposa vio que all había una historia que contar.  — Y cuál es el propósito de sus historias, Matt? Cuál es su objetivo?  Quiero contar historias que tengan un significado, que giren alrededor de cosas sobre las cuales las personas no están muy conscientes. Ver algo desde diferentes perspectivas. Y en el cómic se puede hacer eso, por eso trato de que mis imágenes sean interesantes, sobre todo si aparecen personas hablando: uso diferentes ángulos, miradas, perspectivas...","elcomercio","19/09/2014"
"Nobel","Barr-Sinoussi forma parte de un exclusivo grupo integrado por apenas 45 personas: las ganadoras de premios Nobel.  Siempre es grato saber algo nuevo sobre la inmarcesible Cindy Crawford. Más aún si se trata de algo relacionado con el Perú. Por eso no tiene nada de criticable la euforia mediática en torno a la visita de la top model a nuestras tierras, sus opiniones sobre Machu Picchu y sobre los atractivos turísticos de esta hermosa tierra del Sol. Lo que, en cambio, sí es de lamentar es la poca anticipación, escaso entusiasmo y nula curiosidad que vienen mostrando nuestros medios por la visita de una verdadera top, solo que de otras lides.  En efecto, Françoise Barr-Sinoussi nunca se ha subido a una pasarela, ni ha merecido de redactor alguno adjetivos como infartante, seductora o curvilínea, pero sería de esperar que el hecho de haber ganado un Nobel de Medicina (en 2008, junto con su compatriota Luc Montagnier, por haber identificado el virus de la inmunodeficiencia humana, o VIH, como causante del SIDA) tuviera cierto peso a la hora de decidir la cobertura de las personalidades que se dan una vuelta por el Perú.  Diferencia  Barr-Sinoussi ganó el Nobel, pero en el Perú no recibe el mismo acoso periodístico que Guty o Crawford.  Sobre todo, cuando a diferencia de Crawford, la doctora Barr-Sinoussi, que a estas horas debe estar dictando una conferencia en la Universidad Cayetano Heredia, no ha venido por razones meramente hedonísticas, sino para compartir un poco de lo mucho que sabe con la comunidad científica local: durante los dos días que durará su estadía por estos lares, tiene programadas sendas conferencias sobre los retos que enfrenta la investigación del VIH en nuestros días y, sin duda, sobre un tema que la obsesiona: la posibilidad, el deber, la necesidad de dar con la cura para la enfermedad, y no conformarse con los tratamientos basados en antirretrovirales.  Por si no bastara con eso para merecerse un acoso periodístico digno de Guty Loza, Barr-Sinoussi forma parte de un exclusivo grupo de celebridades, un muy selecto clan integrado por apenas 45 personas, todas mujeres: las ganadoras de premios Nobel (contra 806 varones premiados). No sé qué pensarán ustedes, pero a mí me parece que algo de noticia hay ahí.  Pero no hay que prejuzgar. Quién te dice que este fin de semana los programas dominicales no nos sorprenden con un amplio despliegue sobre la (apasionante) vida y (proliﬂa) obra de Madame Barr-Sinoussi. Tal vez pese a su apretada agenda pueda darse una escapada para comer un ceviche y sería una lástima que ningún micrófono recoja sus impresiones al respecto.","elcomercio","19/09/2014"
"Decides","Elecciones Municipales y Regionales 2014 Presenta tus propuestas Son muchos los candidatos que se han acercado a nuestras instalaciones para grabar y compartir sus planteamientos en video. La convocatoria para todos los candidatos aún sigue abierta, solo deben llamar al teléfono 311-6310 (anexo 1011) de 10 a.m. a 3 p.m. y programar la fecha de grabación. Encuentra todos los videos en: ELCOMERCIO.PE/elecciones-2014","elcomercio","19/09/2014"
"De vivir y producir en el Perú","La seguridad, la infraestructura pública y todos los demás servicios que provee el aparato estatal, con todas las deficiencias que puedan tener, sirven tanto al exportador como al que vende en el mercado interno. Su costo debe recuperarse mediante impuestos aplicados a todas las actividades por igual, independientemente del lugar adonde se destine la producción.  Solamente hay un impuesto que tiene sentido no cobrarle al exportador, que es el IGV. Tiene sentido no en virtud de ningún supuesto principio de no exportar impuestos, sino porque, en la mayoría de casos, al llegar los bienes al país destino serán gravados con un impuesto similar. La exoneración evita duplicar impuestos. Si el crédito fiscal que se aplica internamente se extendiera más allá de las fronteras, no habría necesidad de ella.  No estamos sugiriendo solamente que no se aumente el drawback. Estamos sugiriendo que se reduzca y se elimine. La medida tendría un efecto negativo, aunque marginal, sobre las exportaciones. Pero tarde o temprano los empresarios afectados cambiarían de giro, al encontrar que pueden producir con mayor provecho algunas cosas que el mercado nacional demanda.","elcomercio","19/09/2014"
"Rincón del autor","Ascensor con cuerda separada  GUSTAVO RODRÍGUEZ Escritor y comunicador www.gustavorodriguez.pe  mi edificio no es muy alto, pero por regulación y motivos prácticos –hay mucha gente mayor que vive en los pisos altos– debería tener un ascensor. Sin embargo, no lo tiene. La edificación se levant a tropezones a través de diferentes crisis y para quienes lo conocieron en su peor época es casi un milagro que hoy luzca una pintura decente. La ausencia del elevador y de otras facilidades, que son básicas en cualquier edificio moderno, es el recordatorio de épocas más precarias. Sin embargo, ahora sí parecen existir las condiciones para que el edificio se ponga al día. O eso cree. Las primeras discusiones eran de esperarse: quienes viven en las plantas más bajas son los más reacios a poner dinero para un ascensor. El señor del departamento 202, un médico retirado que tiene fama de tener más alcohol que sangre a partir de las doce, dijo en un arrebato: Perezosos de mí..., ¿qué quieren pagar un platán con tal de no ejercitar el corazón!. No voy a repetir la respuesta del vecino del 603 porque sé que mi madre va a leer estas líneas.  Con el tiempo, sin embargo, se llegó al milagro de un acuerdo para que todos aportaran en partes proporcionales a la altura de su departamento. En las cocheras ya se veían mejores autos, así que asumo que la mejora económica favoreció este gran paso. Solo quedaba la coordinación para la ejecución. Elegir entre tres compañías –Otis, ThyssenKrupp y una china que no recuerdo– fue muy enrarecido, debido a las sospechas de coima que flotaron sobre la junta directiva. Si ustedes vieran los cruces de correos. En esas se pasaron meses. Y cuando parecía que lo peor ya había pasado, una gran cereza se posó sobre el pastel de caca: la empresa elegida no pudo empezar porque el vecino del último piso, el 704, tiene el único acceso a la futura sala de máquinas (cosas que solo ocurren aquí) y negó el ingreso a los operarios como venganza por una antigua prohibición que la presidenta de la junta había logrado sobre tener mascotas en el edificio.  El vengativo señor del 704 tenía un gran danés, tan amado como asmático, que llenaba el edificio de toses y heces. Deshacerse de él debe haber sido muy doloroso para el señor, porque cuentan que su sonrisa fue macabra al momento de negarse. Como la junta no tuvo la mueca necesaria para llegar a un acuerdo con este vecino, la empresa añadi un gran monto adicional para considerar andamios, grúas y más operarios. Esto ya fue el acabose, porque quienes habían aceptado poner el dinero de mala gana encontraron la excusa para echarse para atrás. Y en esas estamos en este edificio llamado Perú, en el que también se ven cosas esperpénticas, como seis primeros ministros rumbo al cuarto año de un gobierno o trabajadores que se movilizan en tolvas de camiones por culpa de un paro que protesta por la reforma del transporte en la capital del país latinoamericano que más ha crecido, perla de la gastronomía y de las contradicciones.  Un breve ejercicio para asumir lo iluso que es pensar en lo económico como cuerda separada de lo político, porque sin reforma política nos quedaremos sin ascender hasta el fin de los tiempos.","elcomercio","19/09/2014"
"El Habla Culta","- Martha Hildegardt -  Cuello Jorge Chávez. En el académico Diccionario de americanismos (2010) se describe así cierto tipo de cuello de una prenda de vestir tejida, predominantemente masculina: el que rodea o cubre el cuello de la persona y que puede doblarse sobre sí mismo (es llamado también cuello de tortuga). Jorge Chávez Dartnell, de padres peruanos, naci en París en 1887, hizo sus estudios en Francia y nunca tuvo ocasión de conocer el Perú; sin embargo, es oficialmente y sin disputa el héroe máximo de nuestra aviación.","elcomercio","19/09/2014"
"Un día como hoy de...","1914  La confrontación europea  La batalla entre los ríos Aisne y Meuse continúa. Los montenegrinos y serbios llegan a Sarajevo. Austria toma medidas para evitar una sorpresa si Italia le declara la guerra. El Kaiser arenga a sus soldados, y les dice: Todo el éxito lo debemos a Dios, nuestro Señor, que desde las alturas nos está mirando. Los diarios franceses y alemanes relatan el duelo entre dos aviadores, uno francés y el otro alemán, que volaban tan cerca que ambos dispararon sus revólveres, hasta que el alemán resultó gravemente herido y su aparato cayó en medio de las tropas británicas.","elcomercio","19/09/2014"
"Posdata","MIGUEL BELLIDO JENNIFER LLANOS Matt Dembicki  Artista, caricaturista y guionista de novelas gráficas.  Nací en 1970. Vivo en Washington, D.C. con mi esposa y dos hijos. Varias de mis obras han sido premiadas, como Xoc: A Journey of a Great White y District Comics: An Unconventional History of Washington, D.C., uno de los mejores libros del 2012 para The Washington Post. Con otros guionistas y dibujantes integramos el grupo D.C. Conspiracy, con quienes editamos periódicamente antologías y publicaciones. Se puede ver más sobre mi trabajo en: http://matt-dembicki.blogspot.com.  Con los cómics descubrí que podía dibujar y también contar historias  ADOLFO BAÑÓN COQUI  El guionista y dibujante de cómics Matt Dembicki estuvo esta semana en Lima invitado por la Embajada de EE.UU. para dictar unas charlas en el ICPNA. Con él conversamos acerca del noveno arte y de sus obras, centradas en temas ecológicos e históricos.  Sus padres son polacos y llegaron a EE.UU. a fines de los años 60 a Connecticut. En esa época su familia solo interactuaba con la comunidad polaca, pero cuando a Matt le tocó ir al colegio, su madre vio que en algunos planteles usaban cómics para enseñar el inglés, así que cada semana ella iba al quiosco y le compraba los que había.  As es como empezó su pasión por los cómics?  Sí. Me empezaron a gustar los trabajos de Frank Miller en Daredevil, de John Byrne, George Pérez… El arte, el dibujo, el color, el trazo... Además, en el colegio varios alumnos empezamos a intercambiar cómics y a conocer más títulos.  ¿Y así descubrió que tenía la habilidad de dibujar?  Ya lo había descubierto antes, porque en el kinder iba a un colegio católico y en las páginas posteriores de los cuadernos hacía dibujos, figuras. Jajajaja. Pero con los cómics descubrí que podía dibujar y también contar historias.  ¿Contar historias es parte de la naturaleza del ser humano?  Sí, es cierto. Contar historias es muy humano. Tengo un amigo científico que dice que un libro de texto puede contarnos los hechos factuales, pero un cómic nos cuenta una historia. Un libro sobre tiburones o insectos nos dar todos los datos que necesitemos, nos dir cómo son, pero en un cómic tú puedes relatar sus historias.  ¿Y hacer explotar la imaginación?  Absolutamente. Además, en los cómics tú tienes paneles, viñetas, y en las transiciones entre un recuadro y otro haces que la imaginación vuele. Lo que no está dicho es imaginado.  ¿Le gusta la naturaleza? Le atraen la paz del mar o los bosques?  Me siento más tranquilo y dibujo más rápido la naturaleza, las cosas que nacen de ella. Es más estresante e intenso dibujar a personas.  En Xoc hay, por ejemplo, una escena en la que el protagonista, que es un gran tiburón blanco, devora a varias focas. ¿Cómo combina la tranquilidad y la brutalidad que existen en la naturaleza?  Hmmmm… Buena pregunta… Es el mundo hay belleza, pero también hay horror. Yo me baso mucho en documentales de National Geographic para plasmar cosas que se ven en esa historia. Hay una parte muy agresiva en los tiburones, porque son depredadores, pero también hay mucho misterio. Hay otra escena, por ejemplo, en la que el tiburón prefiere devorar restos de una ballena azul muerta antes que ir a cazar. He tratado de seguir el ciclo de vida de ese escualo, pero hay mucho más por contar, cosas que aún no sabemos.  En otro de sus cómics, Mr. Big: A Tale of Pond Life, varios peces de un estanque desaparecen y los animales culpan y quieren ajusticiar a una tortuga gigante. Esta obra está dirigida a escolares. ¿Cómo cree que ellos asuman esta historia?  No me interesan mucho los superhéroes. Aunque si tuviera la oportunidad, dibujaría Swamp Thing (La cosa del pantano).  Mi trabajo ha tenido buena acogida y tengo muchos lectores en bibliotecas y colegios. Ese es mi camino.","elcomercio","19/09/2014"
"Phishing: Suplantación de páginas web","En el ‘phishing’ se simulan páginas web o comunicaciones oficiales de personas o instituciones para conseguir información importante. En esta nueva variante, los criminales adquieren publicidad con un dominio similar a la entidad bancaria que quieren suplantar. Cuando el usuario hace clic en el anuncio es redireccionado a una página clonada. En esa web se le solicitar el ingreso de una serie de datos para la verificación de la cuenta: número de tarjeta, fecha de expiración, código de seguridad, clave del cajero automático, documento de identidad y número de celular. Toda esta información llega automáticamente a poder del delincuente.  Para el experto de seguridad de la empresa Develtec, Andrés Pérez-Albela Hernández, este tipo de fraude se lleva a cabo porque los delincuentes usan documentos falsos durante la compra de la publicidad o por una falta de control por parte de los buscadores. Hay que lograr que la gente se entere de estos casos. Los bancos deben tener una sección donde puedan informar constantemente sobre las nuevas modalidades de estafa, ya que esto puede volver a ocurrir, indicó a El Comercio.","elcomercio","19/09/2014"
"El Caso de Google","Este método se usó esta semana para suplantar al BBVA Banco Continental en publicidad puesta en Google. El falso aviso estuvo activo el 13 y 14 de septiembre. El buscador detectó el problema y lo eliminó.","elcomercio","19/09/2014"
"Rusia ya no llevará astronautas de EE.UU. al espacio","Boeing y SpaceX (de Elon Musk, en la foto) fueron elegidas para transportar astronautas de la NASA a la Estación Espacial Internacional en vehículos y con tecnología estadounidense (antes lo hacían en la Soyuz rusa). El contrato es por US$6.800 millones.","elcomercio","19/09/2014"
"Gates anuncia que pronto habrá condón ultrafino","Nueva Delhi [AFP]. El multimillonario y filántropo Bill Gates declaró que falta poco para lograr un preservativo de última generación, ultrafino, que mejore el placer sexual y ayude a controlar el aumento de población. A través de la fundación que regenta junto a su esposa, Gates donó US$ 100.000 a la Universidad de Manchester (Reino Unido) para investigar la pista. Hay materiales tecnológicos que serán capaces de mantener una barrera con un material muy, muy fino, dijo Gates en Nueva Delhi. Los investigadores están experimentando con el grafeno. Otros US$ 100.000 han sido otorgados a la Universidad de Oregon (EE.UU.) para crear un condón de poliuretano que permite sellar el pene con un material con la mitad de espesor que los preservativos actuales.","elcomercio","19/09/2014"
"Editorial: Nos oponemos a estos gremios mandatorios y excluyentes","Nos oponemos, en fin, a estos gremios mandatorios y excluyentes por la misma razón por la que nos oponemos a todas las barreras artificiales que tantas veces crean las leyes: porque usan el poder general para dar privilegios a algunos a costa de todos los demás. Editorial de El Comercio Argollas colegiadas / 30 de junio del 2012  Obligar a los profesionales a colegiarse para ejercer su carrera no garantiza que se ofrezcan servicios de calidad. Más seguido de lo que deseáramos, diversos proyectos de ley hacen su entrada silenciosa por los pasillos del Congreso de la República. Y, cuando son descubiertos, muchos de ellos evidencian lo alejado de la realidad que se encuentran quienes los suscriben. Este es el caso de una iniciativa presentada la semana pasada por Solidaridad Nacional que, sumándose a otra presentada este año por Gana Perú, propone obligar a cientos de miles de peruanos a tener que ser miembros de un colegio profesional (institución creada por ley) para poder ejercer su carrera.  Si de aprobarse esta idea, sociólogos, médicos, relacionistas públicos, periodistas e incluso licenciados en turismo serán parte de una larga lista de profesionales que, antes de poder ofrecer sus servicios, deberán pasar por la traba de la colegiatura. Y decimos traba porque, al permitir que cada colegio restrinja quién entra y quién no a su mercado, se estará creando un monopolio que podría mantener fuera a toda persona que no cuente con su venia. Dice mucho que esto sea reminiscente de las proteccionistas regulaciones que desde el medievo (y hasta fines del siglo XVIII y comienzos del XIX) otorgaban un trato privilegiado a los gremios al impedir el ingreso de nuevos competidores que les quitaran clientes. La justificación de ambos proyectos sería permitir que quienes contraten a un profesional tengan un buen servicio garantizado de antemano. Sin embargo, pensar que los colegios profesionales serían verdaderos garantes de la calidad para el ejercicio de determinadas profesiones es, por decir lo menos, ingenuo. La calidad de un trabajo nunca va a estar garantizada por una colegiatura ni tampoco por un título a nombre de la nación (pese al valor que este último pueda aportar); la calidad queda demostrada con el propio trabajo que uno realiza.  No es necesario detenernos aquí solo en la teoría. Los colegios profesionales que hoy existen en nuestro país no son garantía de absolutamente nada. Alguien podría decir que se siente confiado en contratar a una persona para supervisar la construcción de su casa únicamente porque este sea miembro del Colegio de Ingenieros? No es acaso lo principal conocer de antemano su trayectoria profesional y sus trabajos anteriores? Detenernos en los colegios que ya existen, por otro lado, nos permite percatarnos de otro problema de establecer estos monopolios legales: estas instituciones pueden fijar las tarifas y los requisitos que quieran para el ejercicio de la profesión. Hoy en día, por ejemplo, para ser miembro del Colegio de Abogados de Lima se necesita, entre otras cosas, pagar una cuota de alrededor de S/.1.500 solo por concepto de inscripción.  Ahora bien, quizás el efecto más claro que traería consigo imponer el requisito de la colegiatura es impedir que muchas personas capaces puedan ofrecer sus servicios. Con esta lógica, nadie hubiera podido contratar a Jorge Basadre (quién no contó con un título en historia y menos con una colegiatura) para un trabajo como historiador. Y cuidado que esto también imposibilitaría lo que hoy es un fenómeno, además de frecuente, muchas veces enriquecedor: el ejercicio de una carrera diferente a la estudiada. Acaso no existen en nuestro país muchos, digamos, economistas que se dedican exitosamente a la administración de empresas? La prohibición, dicho sea de paso, no solo perjudicaría a los propios profesionales, sino también a los empleadores y a la sociedad entera, que se vería privada de talento. Sostener, por otro lado, que la colegiatura es importante porque estas instituciones funcionan como la voz oficial en temas de interés público, no es otra cosa que pretender extender el ya mencionado monopolio al ámbito de las ideas. Se trata pues de un error considerar que las personas, únicamente por compartir la misma profesión, tendrán las mismas opiniones en lo que toca a los problemas de la realidad nacional. De hecho, mientras haya buenos polítólogos, psicólogos y, por dar solo un ejemplo más, matemáticos, habrá en ellos no una sino infinitud de posturas y matices.  Al obligar a los profesionales a ser miembros de estos colegios, se los está forzando a participar en instituciones que únicamente sirven, en fin, para lucir medallas y para asegurar rentas y poder a quienes los manejan. Y no es esta una buena razón para obligar a todos los graduados de una profesión determinada a pagar por su ejercicio, ni para negarles a quienes no lo son su derecho al talento y la autodidaxia (y al público en general, su libertad de contratar a quien le venga en gana).","elcomercio","19/09/2014"
"Humor Profano","- Mario Molina -  EL TABANO -daMita de hierRO -  Las penurias de Solidaridad Nacional  Es bastante claro que (al menos en lo que toca a este caso) no existe ninguna prueba. Y, aun si una foto y el tuit de @Jeasongato fueran suficientes, tendríamos que hacer recordar que la solidaridad, si en algo ha probado basarse, es en el perdón...  La inevitable reelección del doctor Castaeda peligra: el miércoles, un usuario de Twitter (que acecha la tuitsfera capitalina con el nombre de @Jeasongato) daba cuenta de que el próximo alcalde de Lima había ocasionado (@Jeasongato dixit) un accidente vehicular, actuando luego como si nada hubiese pasado. El accidente en cuestión consistiría en el atropello vil de cierta señora. La noticia no pudo llegar en peor momento, pues actualmente enfrentamos las sombras de encuestas que le quitan protagonismo al doctor.  Creemos los solidarios que Castaeda tuvo algo que ver con el suceso fabulado por Jeason, el Gato? La indignación exudada a lo largo de los 120 caracteres del tuit en cuestión nos permiten deducir que el mensaje fue plantado por la campaña de Villar, aunque esto no ha sido confirmado ni negado por la señora en cuestión. Por su parte, el doctor, que se encontraba regalando polos (actividad pertinente considerando que, luego de una ardua entrevista con Beto Ortiz hace semanas, la parte informativa de su campaña qued cerrada) ha desmentido el accidente.","elcomercio","19/09/2014"
"Reformas y apariencias","Los políticos serán los últimos en admitirlo, pero la política es el reino de las apariencias. Cuando dependes de votos, postergar las decisiones difíciles se convierte en una tentación. Es que las decisiones difíciles tienen un costo, y cuando te das cuenta de lo rentables que son las apariencias, es muy fácil sentir que asumir ese costo no vale la pena.  El trabajo detrás de la reforma del transporte rompe completamente con la lógica de la política como apariencia. Es un trabajo de decisiones complejas, de negociaciones y procesos de convicción que ocurren –la mayoría de veces– lejos de las cámaras y la prensa. El corredor azul, con sus errores y aciertos, es tan solo el lado visible de un minucioso esfuerzo liderado desde el municipio de Lima durante los últimos tres años.  En nuestra ciudad, aproximadamente 100 mil personas viven de manera directa del sistema de transporte, cifra que aumenta fácilmente a medio millón si consideramos a quienes dependen indirectamente del sistema para sobrevivir. Ellos no son los enemigos de una Lima más ordenada, sino las víctimas de un sistema que mantiene a nuestra ciudad atrapada en el caos y el atraso. Esta ha sido la convicción del equipo que ha liderado las negociaciones con los transportistas: la de la necesidad de crear una reforma que responda a la compleja red de demandas sociales en juego. Una reforma, en suma, inclusiva y específica para Lima.  La implementación misma también ha tenido que balancear intereses diversos que muchas veces tienden en direcciones opuestas y aparentemente irreconciliables. No solo se ha tenido que pensar en los usuarios y transportistas, sino en los distritos que el corredor azul atraviesa, en los residentes de las calles aledañas, en quienes recorren largas distancias y en quienes simplemente quieren avanzar unas cuadras. Cada uno de estos frentes tiene sus propias demandas, y satisfacer algunas significa, inevitablemente, sacrificar otras.  Algo que la reforma, sin embargo, no ha estado dispuesta a sacrificar son los derechos de los trabajadores involucrados. Hacer eso a la vez que se desenmarañaba el nudo creado por el sistema comisionista-affiliador ha sido difícil, pero es hoy tarea cumplida. Ahora, después de concluido este primer momento, la reforma ha llegado a las calles. Esta segunda etapa es tan –sino más– compleja que la ya concluida, y las molestias y dificultades que ha causado en los usuarios son entendibles. La tarea no es justificarlas, sino escucharlas y mejorarlas. A eso está abocado incansablemente el equipo de Pro Transporte y la Gerencia de Transporte Urbano. El servicio del sistema mejora cada día: se ha reducido el período de espera, se ha incrementado la flota de buses, se han mejorado los paraderos y actualmente se está trabajando con los vecinos de Amancaes y San Juan de Lurigancho, que son los que más inconvenientes han tenido. Se han construidos los cimientos de una nueva","elcomercio","19/09/2014"
"Corredor Azul Traspasa","Los residentes de las calles aledañas, en quienes recorren largas distancias y en quienes sólo quieren avanzar unas cuadras. Cada uno de estos frentes tiene sus propias demandas, y satisfacer algunas significa, inevitablemente, sacrificar otras.  Algo que la reforma, sin embargo, no ha estado dispuesta a sacrificar son los derechos de los trabajadores involucrados. Hacer eso a la vez que se desenmaraña el nudo creado por el sistema comisionista-affiliador ha sido difícil, pero es hoy tarea cumplida. Ahora, después de concluido este primer momento, la reforma ha llegado a las calles. Esta segunda etapa es tan –sí no más– compleja que la ya concluida, y las molestias y dificultades que ha causado en los usuarios son entendibles. La tarea no es justificarlas, sino escucharlas y mejorarlas. A eso está abocado incansablemente el equipo de Pro Transporte y la Gerencia de Transporte Urbano. El servicio del sistema mejora cada día: se ha reducido el período de espera, se ha incrementado la flota de buses, se han mejorado los paraderos y actualmente se está trabajando con los vecinos de Amancaes y San Juan de Lurigancho, que son los que más inconvenientes han tenido.  Se han construido los cimientos de una nueva Lima. La reforma del transporte, que es mucho más que el corredor azul, permitirá interconectar la ciudad de manera eficiente, ordenada y segura. Sostener esta política pública en el tiempo es condición necesaria de su éxito y requiere de una voluntad política inquebrantable. Hoy por hoy, según los planes de gobierno y las declaraciones de los candidatos, parece que Susana Villarán y su equipo son los únicos que la tienen.","elcomercio","19/09/2014"
"Susana Villarán y el Transporte","Susana Villarán ha jugado con un tema crucial para la vida de los limeños: el transporte. Atravesando por igual todas las clases sociales, las miles de horas que perdemos en movilizarnos constituyen el fenómeno social más transversal en la vida diaria de las ciudades. El déficit de orden y autoridad que promueve el caos e informalidad en esta materia genera pérdidas por más de US$7 mil millones al año. Este debe ser reducido a través de una reforma en el transporte, y la actual autoridad edilicia, como si fuera un juego, ha intentado, fallidamente, convertir esta reforma en un caballito de batalla electoral.  Pese al respaldo multipartidario que recibió Villarán en el Concejo durante los debates en torno al macro diseño de los corredores –en la campaña del 2010, el PPC planteó 23 corredores y esta administración tomó 5 de ellos–, en lugar de implementar el corredor azul hace un año, inició la ejecución de esta importante reforma en medio de un proceso electoral, sin estudios de demanda confiables, con un tercio de los buses necesarios para movilizar 250 mil pasajeros, sin estaciones intermedias ni paraderos ﬁnales, ni rutas alimentadoras para el trasvase de pasajeros de distancias mayores a la ruta troncal.  Por qué hacer esto? Porque toda su gestión ha sido así. El corredor azul no es más que una radiografía de la improvisación que ha existido durante los cuatro años de gestión de Villarán. Aunque nacida de una buena intención, la mediocre implementación del corredor azul en plena contienda electoral nos trae a la memoria el absurdo alquiler de circulinas para la inauguración de patrulleros del serenazgo durante la campaña de revocación o el intento de colocar la primera piedra del mercado minorista Tierra Prometida sin tener proyectos aprobados ni financiamiento que lo sustenten. Dado que nunca pensó que ganara las elecciones, no se prepar ni tuvo suficientes técnicos para atender los retos emanados del gran debate que constituyó la confrontación electoral con Lourdes Flores y el PPC en la campaña pasada.  La buena iniciativa de devolverles a los vecinos de Lima valiosas horas de vida laboral y familiar implica la necesidad de concertar. Lima es tan grande y compleja que solo una concertación puede generar las reformas sociales en transporte y seguridad que necesitamos con urgencia. Esa era nuestra propuesta de gobierno como partido.  Sin embargo, la soberbia con la que empezó esta administración municipal ha significado el mayor obstáculo para las reformas que esta ciudad necesita. Villarán es la única que garantiza la reforma del transporte, repiten hoy sus seguidores, insistiendo en el error. Pero es tal la soberbia que, además de romper la unidad del frente antirevocación, abandonó para esta elección la alianza original que la llevó al poder con Patria Roja y Tierra y Dignidad. El PPC con Lourdes Flores jamás hubiera gobernado solo, sin concertar, porque Lima requiere no solo esfuerzo y buenos técnicos, sino también humildad.  La soberbia es el peor de los pecados. Cuando la buena voluntad se contamina de soberbia y a esta le sumas improvisación, el resultado es cuatro años sin mucho que mostrar. Ojal no concluya la gestión con la frustración de ver, en los próximos años, cómo otro alcalde inaugura lo que con buen tino se empez. El pueblo tendrá la última palabra.","elcomercio","19/09/2014"
"La Verdad Acerca del Crimen?","Daniel Urresti y Hugo Bustos  -Ricardo Valdés- Ex viceministro del Interior  En el Congreso hay ex miembros de las Fuerzas Armadas y policiales que conocen el rol que le correspondiese a un S2. Si Urresti es culpable o no, eso le corresponde a los tribunales decidirlo. En todo caso, ahora ya conocemos qué tan cierto es el apego a la verdad que tiene el ministro Urresti (y conocemos también su predicción por los explosivos al sugerir soluciones para acabar con el objetivo, como ha mostrado con sus propuestas para dinamitar, entre otras cosas, pistas de aterrizaje, vehículos que transportan insumos qúmicos y dragas).  Del mismo modo, hemos escuchado ya su deseo de patear las cabezas de los delincuentes, deseo que, al pasar por encima de la presunción de inocencia, llama particularmente la atención viniendo de quien pide esta presunción para sí mismo. El maltrato hacia los periodistas, la prepotencia en sus intervenciones, el afán de tener todo bajo control, la omnipotencia en sus gestos y su postura son características que vienen trazando un perfil que, suponemos, el fiscal a cargo de su proceso tomar en cuenta para decidir si coincide con el perfil o no de quien dio la orden, participó o consentió el asesinato de Bustos.  Se ha planteado la interpelación al ministro. En el Congreso de la República existen ex miembros de las Fuerzas Armadas y policiales que conocen perfectamente el rol que le correspondiese a un S2 durante la década de 1980. Son esos congresistas, de diversas bancadas, quienes ahora tienen un compromiso con su investidura: liderar la interpelación. Son ellos quienes deberían demostrar que para defender la democracia no es necesario manchar con sangre inocente el uniforme. Frente a este problema de fondo, lo de las cifras, las medias verdades, el yeso y la coca, pasa a un segundo plano.","elcomercio","19/09/2014"
"Adiós al Drawback","- Iván Alonso - Economista  No debería acceder el nuevo ministro de Economía al pedido del gremio de los exportadores de ver incrementado el drawback. Exportar es bueno para el país. Pero exportar a toda costa no lo es. Si el precio al que se puede vender un producto en el exterior no alcanza para cubrir todos los costos de producción y dejarle además al empresario una rentabilidad como la que puede obtener en otra actividad, entonces, es mejor que no exporte y se dedique, más bien, a esa otra actividad. El drawback lo induce a un negocio que en lugar de agregar algo al bienestar nacional lo disminuye.  Este columnista también escribiría más columnas si la Sunat le enviara todos los meses un cheque por un porcentaje de los honorarios que recibe. No sabemos si eso sería bueno o malo para los lectores. Lo que sí sabemos es que tendríamos menos tiempo para dedicarnos a otras actividades que posiblemente contribuyan más a la economía nacional.  La defensa del drawback se basa en un supuesto principio según el cual no se deben exportar impuestos. Si aceptáramos la validez de ese principio, deberíamos devolverles a los exportadores no solamente los aranceles que pagan por los insumos importados –aunque el monto del drawback, como hemos visto, no guarda relación con ellos–, sino también la alcabala que pagaron por los terrenos donde están sus fábricas o el impuesto selectivo a la gasolina que usan los camiones que llevan su mercadería al puerto o incluso el impuesto a la renta que les obliga a engrosar las remuneraciones brutas de sus funcionarios.  Ninguno de esos impuestos ni tampoco los aranceles a los insumos importados grava la actividad de exportación como tal. Son parte del costo de vivir y producir en el Perú. La seguridad, la infraestructura pública y todos los demás servicios que provee el aparato estatal, con todas las deficiencias que puedan tener, sirven tanto al exportador como al que vende en el mercado interno. Su costo debe recuperarse mediante impuestos aplicados a todas las actividades por igual, independientemente del lugar adonde se destine la producción.  Solamente hay un impuesto que tiene sentido no cobrarle al exportador, que es el IGV. Tiene sentido no en virtud de ningún seudoprincipio de no exportar impuestos, sino porque, en la mayoría de casos, al llegar los bienes al país de destino serán gravados con un impuesto similar. La exoneración evita duplicar impuestos. Si el crédito fiscal que se aplica internamente se extendiera más allá de las fronteras, no habría necesidad de ella.  No estamos sugiriendo simplemente que no se aumente el drawback. Estamos sugiriendo que se reduzca y se elimine. La medida tendría un efecto negativo, aunque marginal, sobre las exportaciones. Pero tarde o temprano los empresarios afectados cambiarán de giro, al encontrar que pueden producir con mayor provecho algunas cosas que el mercado nacional demanda.","elcomercio","19/09/2014"
"CABOS SUELTOS y la ley universitaria?","La Oficina Nacional de Procesos Electorales (ONPE) y la Asamblea Nacional de Rectores (ANR) firmaron un acuerdo de cooperación. De esta manera, la ONPE seguiría reconociendo a la ANR como el máximo ente coordinador de los rectores del país, pese a la nueva Ley Universitaria.","elcomercio","19/09/2014"
"Junts para governar","Nadine Heredia comentó el resultado de la Encuesta del Poder, en la que empata el primer lugar con su esposo el presidente Humala con el 92%. Creo que la ciudadana ve que estamos haciendo un trabajo con el presidente de la mano desde que iniciamos, como pareja y familia: él en su función de presidente y yo a su lado, acompañándolo en todo lo que pueda, Esta es la tercera vez que hay un empate, la primera fue en 1997 entre Fujimori y Montesinos y la segunda hace dos años entre la pareja presidencial.","elcomercio","19/09/2014"
"Jaime de Althaus Periodista y antropólogo","Con desregulación no habr lobby. Cecilia Blume aprovechó su amistad con el ex ministro de Agricultura Milton von Hesse para pedirle que apurase un permiso de la ANA a la pesquera Exalmar. El informe de IDL Reporteros señala que la funcionaria responsable advirtió que había 15 observaciones que debían ser absueltas, pero luego fue retirada del cargo y al final el permiso se otorgó pero no se sabe si las observaciones fueron levantadas. Von Hesse sostiene que nunca ordena que se dé un permiso sino pide que se resuelva, sea a favor o en contra, porque lo que ocurre es que los expedientes demoran meses y años sin solución. De hecho, este ya había superado los plazos. En la ANA –agrega– había 18 mil millones de dólares en proyectos embalsados, sin respuesta. Orden una reingeniería. Dumler señala que la resolución, publicada en la página web, señala los fundamentos de la aprobación. El caso es revelador. Muestra que las normas y las obligaciones son tan complicadas y onerosas o la capacidad de procesamiento de la administración pública tan limitada que las empresas simplemente no pueden trabajar. Ante eso, la salida más frecuente, para las pequeñas e incluso medianas empresas, es la informalidad, o la ilegalidad. Las empresas más grandes, en cambio, buscan maneras de acelerar o aprobar sus trámites. Una vía es la amistad, el caso en cuestión. Si por esta vía solo se busca acelerar una decisión que ya ha excedido los plazos, no hay irregularidad. Pero si el objeto es pasar por alto obligaciones, el lobby es ilegal. La otra vía, por supuesto, es el pago, la compra de la resolución. Corrupción pura y dura. A nivel municipal esto funciona incluso para los pequeños. En cualquiera de los casos tenemos un sistema regulatorio y administrativo opresivo, que es el verdadero causante de la corrupción y de la desaceleración que estamos sufriendo. Cuando crecíamos a tasas altas los políticos y burócratas aprovecharon para imponer cada vez más cargas y obligaciones a las distintas actividades. Hasta matarlas o enriquecer a funcionarios. Surge entonces dos corrientes aparentemente contradictorias: un clamor para reducir drásticamente el peso regulatorio e impositivo del Estado, y acusaciones de lobby cuando se intenta penetrar esa selva regulatoria o cuando se consulta con el sector privado para saber qué obligaciones son realistas y necesarias, y cuáles no, que es la única manera de simplificar y aligerar. Es la tragedia del ministro Mayorga, que debe liberar decenas de proyectos petroleros y mineros paralizados pero cualquier desregulación que disponga será sospechosa de lobby. O la patológica confesión del MEF, que no puede revelar qué proyectos ha destrabado porque puede ser denunciado por favorecer intereses particulares. El lobby es legítimo si es transparente. Un programa radical de desregulación y simplificación en todo el Estado se tiene que hacer con el sector privado, de manera institucionalizada, por la misma razón por la que cualquier nueva norma debe ser previamente publicada y consultada a todos los interesados y pasar por una oficina central de análisis de impacto regulatorio. Amén.","elcomercio","19/09/2014"
"El Per no acoger presos de cárcel de Guantánamo","El Gobierno de los Estados Unidos ha informado a una serie de países de América Latina y de Europa sobre un programa para recibir a personas que están detenidas en la cárcel de Guantánamo (Cuba). El Per ha recibido esta información, la ha analizado pero ha decidido no participar en este programa. As lo inform ayer el canciller Gonzalo Gutierrez quien no ahondó en los motivos de la decisión. Creemos que no es el momento adecuado para que el Per participe en un programa de esta naturaleza [...] Lo hemos analizado con mucho detalle y esa es la decisión que hemos adoptado. Fuentes de la cancillería explicaron que la razón para no acceder al pedido es básicamente por limitaciones legales, pues la legislación peruana no lo permite. Habríamos tenido que iniciar un largo proceso de modificación. El pedido del Departamento de Estado de EE.UU. lo había transmitido en las últimas semanas el embajador de ese país en el Per, Brian A. Nichols, a la Cancillería Peruana. El objetivo era que el Per recibiera a unos seis terroristas que cumplen sus condenas en dicha cárcel. Chile y Uruguay aún no habrían anunciado su respuesta. Estados Unidos mantiene desde 1903 una base militar en Guantánamo. En esta se ubica la cárcel de alta seguridad que alberga a terroristas de Irak y Afganistán y que el presidente Barack Obama se comprometió a cerrar.","elcomercio","19/09/2014"
"Fiscalización investigará los lobbies del actual gobierno","El presidente de ese grupo del Congreso, Enrique Wong, indicó que el próximo miércoles se planteará indagar de oficio gestiones de la abogada Cecilia Blume en el Poder Ejecutivo. La Comisión de Fiscalización del Congreso investigará los presuntos lobbys irregulares en el gobierno, a razón de las gestiones hechas por la abogada Cecilia Blume en diversos sectores del Ejecutivo y la presentación de la llamada ley Coca-Cola dentro del paquete para reactivar la economía nacional. Al respecto, Wong indicó que su comisión solicitará toda la información correspondiente a esa institución adscrita al Ministerio de Agricultura (Minag), con la finalidad de establecer si hubo irregularidades en esos procesos. Si fuera necesario, vamos a citar al ministro para que nos dé sus descargos y mayores detalles, manifest en diálogo con El Comercio.","elcomercio","19/09/2014"
"El TC rechaza demanda contra la reforma salarial de FF.AA. y PNP","Sentencia es la primera sobre los decretos legislativos 1132 y 1133. Habrá más de mil acciones por resolver. El Tribunal Constitucional (TC) declar infundada una demanda contra los decretos legislativos 1132 y 1133, referidos a la nueva estructura salarial de las Fuerzas Armadas y la Policía Nacional del Per. La resolución dice que en la fecha por los siete magistrados: Saúl Urviola, Manuel Miranda, Ernesto Blume, Carlos Ramos, José Luis Sardón, Marianella Ledesma y Eloy Espinosa-Saldaña. La sentencia del TC fue firme en cuanto a la demanda, presentada por el ciudadano Alberto Chinchay Murga, no se acreditó la alegada vulneración de los derechos fundamentales. Los decretos 1132 y 1133 fueron aprobados por el gobierno de Ollanta Humala a fines del 2012. Para las organizaciones de militares y policías en retiro, las normas vulneran el sistema de pensión renovable y atentan contra los derechos constitucionales de los miembros de sus instituciones.","elcomercio","19/09/2014"
"Una decisión vital que debe tomarse con tranquilidad","Antes de decidir por qué tipo de pensión se va a optar, es necesario que el futuro jubilado se tome un tiempo para recapacitar. Esta es una decisión que depende de muchas circunstancias particulares de cada afiliado. No hay una receta única.  Sin embargo sí hay preguntas clave que pueden orientarlo en su decisión. La primera que debe respondérsele es si su pensión va a ser su única fuente de ingresos en esta etapa de su vida. Ello porque puede ser que además tenga otras rentas, como el alquiler de inmuebles o las ganancias de un negocio propio.  La segunda pregunta es cuánto necesitará para vivir una vez que ingrese al período de jubilación. Aquí hay que tomar en cuenta el estilo de vida que lleva. La pregunta final es cuál es su estado de salud y si puede seguir trabajando o no superados los 65 años.  Adicionalmente hay que recalcar que todas estas preguntas deben responderse tomando en cuenta cuál es su grupo familiar relevante. ¿Vive solo?, ¿tiene cónyuge?, ¿tiene familiares que dependen económicamente de usted?  Piénselo tranquilamente y busque toda la orientación necesaria antes de tomar esta decisión transcendental.","elcomercio","19/09/2014"
"Punto de vista","Juan José Marthans Ex jefe de la SBS  El Sistema Privado de Pensiones (SPP) tiene que regularse bajo ciertos principios básicos. Uno de ellos es permitir que los aportantes al mismo dispongan de las más amplias facilidades y oportunidades para efectos de decidir qué mecanismo y alternativa de pensión les conviene y satisface mejor a sus intereses al momento de tomar uno de esos caminos.  Lo que se necesita hoy día es diversificar oportunidades y alternativas para efectos de recibir una pensión dentro de la edad de jubilación. Si nosotros regulamos con la intención de limitar parcial o totalmente alternativas de pensión, entonces lo que vamos a hacer es quizás encontrar mecanismos que no van a permitir una adecuada sinergia entre los clientes del SPP y las AFP.  Es posible que el ente supervisor haya reorientado esta regulación con el propósito de limitar aquellas alternativas que no venían siendo utilizadas de manera agresiva. Es posible que lo haya hecho con la intención de resguardar el interés de ciertos segmentos de afiliados, pero también es cierto que bajo ningún caso debe retraerse el abanico de oportunidades de selección para tomar una pensión, ya sea bajo el esquema de retiro programado o el esquema de renta vitalicia.  Lo más delicado que podría suscitarse ahora es una mala percepción. Si los afiliados están percibiendo esta normativa como restrictiva, automáticamente lo que recomendaría es que el ente supervisor aclare esta situación para efectos de que el factor comunicación no tienda a generar una mala percepción del sistema.  Considero que la SBS, o quien corresponda, debe aclarar los alcances del cambio planteado. Además vale la pena una suerte de fortalecimiento del canal de comunicación y una aclaración a lo que es el contenido y el sentido de la normativa de la SBS.","elcomercio","19/09/2014"
"José León declaró a fiscal que no sabía que su inquilino era un narco mexicano","En diligencia que se realizó en su despacho participó la procuradora antidrogas Sonia Medina. En el Congreso ya hablan de desafuero.  El legislador José León respondió por primera vez a las preguntas del fiscal del crimen organizado Manuel Castro, a ﬁn de esclarecer sus presuntos nexos con uno de los dueños de las 7,5 toneladas de cocaína decomisada en Huanchaco.  Rodrigo La Rosa Vsquez Jorge Saldaña Ramrez  Por siete horas el fiscal contra el crimen organizado Manuel Castro interrogó al congresista José León por sus presuntos vínculos con el narcotraficante mexicano Rodrigo Torres, alias Lic, quien fuera inquilino de su casa de Huanchaco y uno de los dueños de las 7,5 toneladas de droga decomisadas por la policía en dicho balneario.  Esta primera declaración a la autoridad judicial se inició a las 11 a.m. del último miércoles y se dio en el despacho del legislador de Perú Posible, debido a su investidura. En la diligencia también participó la procuradora antidrogas Sonia Medina, quien en comunicación con este Diario se excusó de comentar los descargos de León debido a la reserva del caso.  Trascendió que el congresista por La Libertad reiteró ante el fiscal que no sabía que su inquilino era un narcotraficante y que las veces que lo visitó fue para pedirle que desalojara la casa, pues en ese terreno se iba a ejecutar un proyecto inmobiliario. Fueron satisfactorios sus descargos? El señor [José] León está sometido a una investigación, estas diligencias son propias de una investigación preliminar. Fue una diligencia formal y oficial, se limitó a contestar Medina.  La abogada del Estado también mencionó que el proceso aún es incipiente, por lo que no se podía adelantar ningún juicio. Sí indicó que León colaboró y entregó documentación.  El legislador está considerado como testigo en este espínoso caso donde están siendo procesadas otras once personas, entre ellas Lic. Podría variar su condición de testigo? El fiscal verá lo que corresponde, más adelante conoceremos cuál es su verdadera situación, explic Medina.  Sobre la versión de la empleada del narco mexicano, respecto a que León sí sabía quién era su inquilino, Medina no precisó si fue parte del interrogatorio. Agregó que el fiscal determinará si el legislador será interrogado nuevamente.  Que aclare graves denuncias La titular del Congreso, Ana María Solórzano, exhortó ayer a su colega a que aclare estas graves denuncias.  [...] Las respuestas de los congresistas aludidos deben producirse con la celeridad y transparencia del caso ante la población, y al margen de las investigaciones, dijo Solórzano. Para el titular de la Comisión de Fiscalización del Congreso, Enrique Wong, sí hay elementos que comprometen a León.  Una más Tras la difusión de un video, León señaló que la relación con una empresa de los Sánchez Paredes fue profesional.  Si llegara a solicitarse el desafuero, la Subcomisión de Acusaciones Constitucionales tendrá que definir. Son indicios bastante fuertes, declaró, a la vez que criticó al chacano por incurrir en contradicciones (dijo que no conocía al narco y luego admitió que lo visit).  En su sesión del próximo lunes, la Comisión de Ética podría decidir si abre una investigación al legislador, que ha optado por no hablar con la prensa.  Lino Chipana/Archivo  Trago amargo. José León recibió en un primer momento el respaldo de Renán Espinoza (derecha), el vocero de Perú Posible.","elcomercio","19/09/2014"
"Un reo contumaz es su administrador","Johnny Aurazo  El administrador de los hoteles del congresista de Perú Posible José León Rivera es un reo contumaz. Se trata de Santiago Alexander Olea Bernales, quien, según el mismo legislador, fue el que a través de una carta poder proporcionada por su esposa Gladys Alva de León firmó el contrato de alquiler de su vivienda ubicada en la calle La Ribera 340 en Huanchaco.  Se trata de la misma casa que fue vigilada por la policía y allanada tras la incautación de más de siete toneladas de cocaína.  Según el expediente 734-2010 de la Sala Permanente Liquidadora de Trujillo, a Santiago Olea Bernales se le sindica como imputado del delito de robo agravado en perjuicio de César Daza Ruiz. Es más, se ha expedido un oficio en el que se reitera su captura, pero hasta ahora no es detenido por razones que se desconocen.  En el Poder Judicial informaron que Olea fue sentenciado a 12 años de prisión por robo agravado. De acuerdo con el Instituto Nacional Penitenciario (INPE), Olea estuvo recluido en el penal El Milagro de Trujillo hasta agosto del 2009 y luego fue trasladado al reclusorio de Ro Seco (Piura).  De ahí salió libre en febrero del 2010, gracias al beneficio de la semi libertad. Luego de esto se volvió a dictar su captura por el mismo caso.  Personal que trabaja con León Rivera confirmó a El Comercio que Olea sí trabaja con el referido congresista, pero a la vez dijeron que no conocían sus antecedentes penales.  Ayer la revista Caretas reveló que la empleada que limpiaba su casa de playa en Huanchaco (Trujillo) –Lucía Villavicencio Ruiz– declaró ante el Ministerio Público que el congresista León Rivera sí sabía que el inquilino de su casa en Huanchaco era el narcotraficante mexicano Rodrigo Torres.","elcomercio","19/09/2014"
"El fiscal de la Nación archiva la investigación a Gag por Copy Depot","Andrés Miguel Bellido/Archivo  No proceden. La ﬁscal determinó que en el caso de Gag no se configuran los delitos patrocinio ilegal y negociación incompatible.  El Ministerio Público desestimó presentar denuncia constitucional contra el parlamentario fujimorista.  El fiscal de la Nación Carlos Ramos Heredia decidi archivar la investigación preliminar contra el legislador Julio Gag (Fuerza Popular) por el Caso Copy Depot.  Según la resolución fiscal, no procede presentar una denuncia constitucional contra el parlamentario por los presuntos delitos de patrocinio ilegal y negociación incompatible. En el documento se señala que, tras la indagación, no se configuran ambos delitos en el caso de Gag. Debido a que el despacho de Ramos Heredia realizó la investigación, esta no puede reabrirse salvo se encuentren nuevos elementos de prueba.  La Procuraduría Anticorrupción había presentado la denuncia contra Gag en febrero de este año.  El procurador Christian Salas evidenció su molestia por la decisión. Los hechos imputados constituían delitos contra la administración pública. Por lo menos delitos de falsedad. La ﬁscal no lo ha considerado así. Ha hecho simplemente el análisis de tipicidad. Esto ha impedido que se analicen todos los elementos de convicción del caso, comentó en Canal N.  Salas acotó que había bastantes información que sustentaba la continuación del caso. Se refería a los audios que evidenciarían que Gag vendió al Estado a través de la empresa Copy Depot, pese a que la ley lo prohibe. También había testimonios y documentos.","elcomercio","19/09/2014"
"Alcalde Perúns niega tener cuenta en Loyal Bank","Seores Directores:  El 16/9/2014 en la pgina A6 se public una nota periódica, bajo el titular El alcalde del Rmac recibi depósito en cuenta que posee en paraíso fiscal. En dicha publicación se mencionan una serie de afirmaciones falsas que danan mi honor.  La nota contiene dos falsedades, la primera indica que tengo una cuenta secreta en un paraíso fiscal con sede en las islas San Vicente y en Budapest.  Se señala, además, que la redactora del diario El Comercio tiene documentos que muestran depósitos a mi favor en el Loyal Bank. Quiero precisar que nunca he abierto ni mantengo cuenta en ese banco, al que ni conozco. Por lo mismo no he hecho ningún depósito ni mantengo ninguna relación con dicha empresa. Sin embargo, la redactora de la nota periodística dice que tiene los documentos y señala la fecha de esa transacción que me atribuye, pero no muestra ninguno.  Luego, en la nota periodística pregunta sobre supuestos a personas vinculadas al lavado de dinero, que es delito. Víctor Albrecht, ex jefe de Análisis de la Unidad de Inteligencia Financiera, dice en condicional, que Si el depósito fue de Panam al Loyal Bank (supuesto y para nada hecho probado que corrobore nada de lo dicho por quien escribe la nota)... podríamos decir (condicional) que fue una modalidad usada para perder la ruta del dinero en lo que llamamos comúnmente lavado de activos.  Es evidente que Albrecht se refiere a la hipótesis que le plantea la periodista y no a un hecho concreto atribuible a mi persona.  Respecto a mi patrimonio, quiere presentarme como una persona irresponsable que provoca su propia insolvencia. Eso es falso, desde el año 2010 acordé con mi esposa el régimen de separación de bienes y, por lo mismo, no puede tomarse como parte de una urdimbre delictiva el ejercicio regular de un derecho.  La periodista insina en su nota que yo hubiera sido participe de cobros irregulares. Ella tiene que saber que el Poder Judicial lo tramit y condenó a las personas culpables, habiendo quedado claro que no tuve ninguna participación en ese hecho. Esto lo defini el órgano jurisdiccional.  Atentamente,  ENRIQUE A. PERÁNS DÁZ  DNI 08081315  El que el alcalde haya recibido un depósito en el Loyal Bank es una información que está en manos de la Procuraduría de Lavado de Activos y es investigada por la Unidad de Inteligencia Financiera (UIF), como indicamos en el reportaje; ambas también poseen la documentación que sustenta las evidencias. Respecto a su patrimonio, se expuso cuales son sus bienes e ingresos que declar.","elcomercio","19/09/2014"
"Defensa institucional del Poder Judicial","Seores Directores:  Me dirijo a ustedes para manifestarles nuestro malestar por la nota publicada en el suplemento DA 1, el 15/9/2014, página 20, bajo el titular Coimeros y competitivos?, en el cual se realiza un análisis a través de informes y comentarios vertidos por sendos profesionales e instituciones de encuestas, investigación y opinión pública respecto a los motivos que vienen produciendo el alejamiento de los inversionistas en nuestro país.  Sobre el particular, en mi condición de presidente del Poder Judicial, y como representante de todos los jueces que ejercen funciones en este poder del Estado (en sus diferentes instancias), expreso mi rechazo a la afirmación vertida en el artículo mencionado, al señalar: Alerta. Inversionistas huyen ante un Poder Judicial corrupto; se suma a dicho enunciado la fotografía del frontis del Palacio Nacional de Justicia, símbolo de justicia en el Perú.  Debe señalarse, que la alegación vertida por el medio de comunicación que dirigen no ha sido sustentada ni acreditada en el contenido del artículo en cuestión, implicando una mera apreciación subjetiva de la autora del artículo (periodista Marcela Mendoza Riofrío), máxime si no se ha solicitado al Poder Judicial descargo alguno sobre dicha aseveración a ﬁn de esgrimir los argumentos pertinentes que nos permitan contrastarla e informar a la sociedad que se vienen ejerciendo las acciones y gestiones pertinentes para brindar un mejor servicio de justicia.  Atentamente,  LUIS FELIPE ALMENARA BRYSON  Presidente (e) del Poder Judicial","elcomercio","19/09/2014"
"Mascar chicle o comer puede servir para cargar dispositivos electrónicos","Científicos canadienses diseñan una cinta elástica capaz de convertir el movimiento de la mandíbula en energía eléctrica.  -A discusión-  El estudio fue publicado en la revista especializada Smart Materials and Structures.  Los comilones, los parlanchines y los amantes del chicle van camino de convertirse en minicentrales eléctricas portátiles. Investigadores canadienses han creado una cinta elástica que, colocada bajo el mentón, convierte el movimiento de la mandíbula en energía eléctrica.  Por ahora solo han obtenido unos cuantos microvoltios (W) pero creen que en el futuro estas bridas podrían alimentar pequeños dispositivos electrónicos.  El cuerpo humano es fuente de energías nada esotéricas. El movimiento de brazos y piernas genera energía cinética y el calor corporal, térmica. Ambas se están investigando (e incluso aplicando) para alimentar desde sensores hasta baterías. Pero hay una tercera energía aún poco explorada, la procedente de la tensión muscular y hay pocos músculos que se muevan más que los de la mandíbula.  Lo que han hecho dos ingenieros de la Escuela de Tecnología Superior de Montreal ha sido convertir la energía mecánica generada al mascar en energía eléctrica. Para eso se han aprovechado de la piezoelectricidad. Se trata de un fenómeno eléctrico propio de buena parte de los cristales descubierto a ﬁnales del siglo XIX. Estos materiales se polarizan eléctricamente al ser sometidos a estrés mecánico. Una fuerte presión o un golpe hace que produzcan carga eléctrica.  Aprovechado en la invención del sonar o en los mecheros eléctricos, no ha sido hasta ahora, con las investigaciones en nanomateriales, que se ha empezado a imaginar su uso para obtener energía del cuerpo humano.  Sobre un sustrato elástico, los investigadores desplegaron una capa de nanoﬁbras de cerámica punteadas con electrodos de cobre y todo el conjunto recubierto de un material aislante.  La cinta la unieron a unos cascos y la colocaron debajo de la barbilla. En su experimento, uno de los ingenieros estuvo mascando chicle durante 60 segundos, tiempo suficiente para comprobar que el dispositivo funcionaba, consiguiendo generar picos de 18 W y una potencia de salida sostenida de 10 W.  Por ahora, el nivel de potencia que hemos logrado no llega para alimentar dispositivos electrónicos, reconoce en una nota el ingeniero Aidin Delnavaz, coautor de la investigación.  Sin embargo, podemos multiplicar la potencia de salida mediante la adición de más capas a la correa de la barbilla. Por ejemplo, 20 capas, con un grosor total de 6 mm, serían capaces de alimentar un protector auditivo inteligente de 200 milivatios, añade.  Todo genera energía  Muchas investigaciones han descubierto maneras alternativas de generar energía. Están, por ejemplo, los suelos preparados para recoger la energía de los pasos. En este caso se aprovecha el movimiento natural de la mandíbula.  Prototipo del dispositivo  Uno de los investigadores mide el rendimiento energético de la cinta.  Presentación esquemática del colector de energía  Dispositivo montado en la cabeza  (Orejeras, casco, auriculares)  Orejeras  Correa lateral elástica  Multímetro digital  Correa no elástica  Correa para barbilla piezoeléctrica  Resistencia de carga  Corriente eléctrica  Carga eléctrica  Correa lateral elástica  Correa para barbilla  Proceso de recolección de energía en el movimiento de mandíbula  (Energía qumica)  Comida  Metabolismo  ATP  Músculo  Dispositivo de recolección de energía  Energía elctrica  Energía mecánica  Carga de resistencia  Energía elctrica  Energía mecánica  Movimiento  Picos de voltaje generados durante un minuto de mascar chicle.  Estructura de las fibras piezoeléctricas utilizadas en el dispositivo  Imágenes microscpicas. Las líneas horizontales son fibras piezoeléctricas y las verticales electrodos entrelazados.  Esquema. Fibras de cermica PZT, electrodos de cobre entrelazados y lminas de pelcula Kapton.  Fuente: esmateria.com / Smart Materials and Structures","elcomercio","19/09/2014"
"Delincuentes ahora compran publicidad en buscadores en línea","AFP  Se valen de artimañas para engañar a los buscadores y hacerse pasar por entidades bancarias oficiales.  Una variante del phishing invade Internet con el objetivo de captar los datos bancarios de usuarios locales. A través de la utilización de avisos publicitarios en conocidos buscadores, los ciberdelincuentes engañan a sus víctimas para que ingresen información personal.  En el phishing se simulan páginas web o comunicaciones oficiales de personas o instituciones para conseguir información importante.  En esta nueva variante, los criminales adquieren publicidad con un dominio similar a la entidad bancaria que quieren suplantar. Cuando el usuario hace clic en el anuncio es redireccionado a una página clonada.  En esa web se le solicitará el ingreso de una serie de datos para la verificación de la cuenta: número de tarjeta, fecha de expiración, código de seguridad, clave del cajero automático, documento de identidad y número de celular. Toda esta información llega automáticamente a poder del delincuente.  Para el experto de seguridad de la empresa Develtec, Andrés Pérez-Albela Hernández, este tipo de fraude se lleva a cabo porque los delincuentes usan documentos falsos durante la compra de la publicidad o por una falta de control por parte de los buscadores.  El caso de Google  Este método se usó esta semana para suplantar al BBVA Banco Continental en publicidad puesta en Google. El falso aviso estuvo activo el 13 y 14 de septiembre. El buscador detectó el problema y lo eliminó.  Ninguna entidad bancaria le pedirá enviar sus datos.","elcomercio","19/09/2014"
"Teatro en Miraflores","“La edad de la ciruela”—Obra teatral de Arístides Vargas que reconstruye con recuerdos la infancia, la ilusión y la decadencia en una familia de mujeres de clase media en una antigua casona de Lima con un árbol de cereza. Diálogos memorables. En el Centro Cultural Ricardo Palma de Miraflores.","elcomercio","19/09/2014"
"Lea mañana en Lima","Roxanne Cheesman - ambos son culpables del delito de falsedad ideológica en agravio del Estado porque consignaron información falsa en un acuerdo de concejo del 28 de diciembre del 2006, con el objetivo de vender un terreno al único postor, Luis Alfaro Martínez. La fiscalía estableció que el terreno, contiguo al mar, se vendió pese a que está en una zona restringida e intangible, según las normas. Además, se construyó una casa. El Poder Judicial también ordenó que cada uno pague S/.4 mil como reparación civil a favor del Estado. Barthelmess apeló el fallo. Para el analista Fernando Tuesta, esta sentencia no afecta la candidatura del alcalde porque para que el Jurado Nacional de Elecciones lo excluya debe existir una condena definitiva. De acuerdo con el portal Ojo Público, Barthelmess, en el cargo desde el 2003, tiene 9 procesos en la fiscalía por corrupción, uno por lavado de activos y otro por enriquecimiento ilícito. Se le investiga por presunto desbalance patrimonial. No ha declarado el total de sus bienes.","elcomercio","19/09/2014"
"Ministerio Público","Crearán tres fiscalías para la trata de personas. A fin de tramitar con celeridad los procesos de trata de personas y que no sean considerados delitos comunes, el Ministerio Público implementará el próximo año tres fiscalías especializadas en atender estos casos. Aunque todavía no se ha determinado en qué regiones estarán ubicadas, el Ministerio de la Mujer y Poblaciones Vulnerables sugirió que sea en Madre de Dios, en Lima y en el norte del país, cerca de la frontera con Ecuador.","elcomercio","19/09/2014"
"Chorrillos","Matan de un balazo a un barrista de Alianza Lima. De un disparo en la yugular muri en la madrugada de ayer el barrista de Alianza Lima Jairo Vilcas Huaman (21). Según informó la policía, un grupo de barristas de Universitario de Deportes dispar al joven por rencores pasados. Los criminales abandonaron el cuerpo en un arenal del asentamiento humano Santa Rosa de Villa. Los vecinos exigieron mayor seguridad.","elcomercio","19/09/2014"
"Csar Acuña asegura que solo apoyará a alcaldes de APP desde gobierno regional","En un mitin realizado en un alejado pueblo del Ande, el candidato a la Presidencia Regional de La Libertad fue abucheado. El alcalde que no fuera del partido [APP], de hecho que no va a hacer convenio conmigo. Las palabras son de Csar Acuña, candidato a la Presidencia Regional de La Libertad, durante un mitin realizado en Chilia (Pataz). Los asistentes lo abuchearon. Minutos previos, el líder de APP había manifestado en el mismo mitin que ningún alcalde que no fuera de su partido iba a firmar un convenio con el Gobierno Regional de La Libertad para la ejecución de obras, en caso él ganase la elección. Esto causó el malestar de muchos de los asistentes. ...Lo digo en esta plaza. El alcalde que no fuera del partido [APP], de hecho que no va a hacer convenio conmigo, dijo. Su principal contendor, José Murgia Zannier, sostuvo que el video pinta de cuerpo entero a Csar Acuña. Su actitud es antidemocrática. ¿Cómo puede, alguien que pretende ser la autoridad de la región, de plano discriminar a un alcalde que no es de su línea política? Es autocrítico. Tras la difusión del video, Acuña sostuvo: Han editado el video. Era una broma. Como decían que no van a votar por el alcalde provincial, yo dije bueno, pues, voten o no voten, voy a ser presidente regional.","elcomercio","19/09/2014"
"Menores explotados por secta presentan indicios de abuso sexual","Funcionarios del Ministerio de la Mujer señalan que la fiscalía se apresuró al devolver a los menores a sus padres. Lima. La comitiva del Ministerio de la Mujer y Poblaciones Vulnerables (MIMP) que investiga la situación de los 36 menores de una secta religiosa en estado de riesgo indicó que existen indicios de que los niños fueron agredidos sexualmente, por lo que solicitó que el Ministerio Público lleve este caso con la mayor celeridad posible. Los niños no estudian y no se ha podido determinar si están saludables al 100%. El fiscal actuó apresuradamente al retornarlos a sus padres, declaró María del Carmen Santiago, funcionaria del MIMP, desde Alerta, cerca de la frontera con Brasil. El fiscal Julio Peña aseguró que ellos solo cumplieron con la normativa vigente al devolver a sus padres a los menores que fueron encontrados trabajando. Según el funcionario del Ministerio Público, ellos buscaban a dos menores cuyos padres denunciaron su desaparición y fueron encontrados en la comunidad agrícola dirigida por la Asociación Evangélica Misión del Nuevo Pacto Universal. El fiscal Peña detalló que encontraron a los niños cuando descansaban en un campamento de la comunidad. Los niños que no tenían DNI y no se encontraban con sus padres fueron puestos en custodia. Luego, cuando los documentos mostraron que eran sus tutores legales, los entregaron. Que estén con sus padres no significa que hayamos cerrado el caso, empezaremos a investigar si los niños son maltratados pero no podemos retenerlos cuando la ley manda que estén con sus papás, aseguró Peña.","elcomercio","19/09/2014"
"Acción del Ministerio de Trabajo","Ejecutivo investiga a Corazón Serrano. Lima. El ministro de Trabajo y Promoción del Empleo, Fredy Otrosla, informó ayer que su cartera investiga desde inicios de septiembre a la agrupación musical piurana Corazón Serrano. Otrosla declaró que a través de la Superintendencia Nacional de Fiscalización Laboral se analizan los contratos de sus integrantes y el trabajo de menores, entre otros. Los resultados ﬁnales –dijo– se conocerán a ﬁnes de este mes, pero adelantó que se estaría infringiendo la Ley del Artista, pues los menores tienen los mismos derechos a beneficios que los adultos.","elcomercio","19/09/2014"
"La postura de la UE, ¿influye mucho en el resultado final?","No creo mucho en estas campañas negativas, en asustar a la gente de que le va a ir peor si se produce un viraje.  — No tiene acaso un gran poder de disuasión anunciar a los independentistas que se quedarán fuera de la UE?  Es que estoy seguro de que si ganara el Sí, la UE va a cambiar su discurso y empezar a aceptar lo más rápidamente posible a Escocia para evitar una mayor inestabilidad. No creo que la UE deje fuera a Escocia. Es una zona muy rica en recursos y económicamente muy estable.  — Los extremismos de derecha e izquierda se activan aún más con estos procesos?  Es relativo. En el caso escocés, lo bueno es que el sentimiento independentista no viene por canales extremistas. La agenda del SNP [partido promotor de la consulta] nada tiene que ver con la extrema derecha xenofoba, antirreligiosa e intolerante de otras partes de Europa.","elcomercio","19/09/2014"
"Australia frustra matanza pública del Estado Islámico","La mayor operación policial de la historia del país sirvió para detener a 15 sospechosos. Uno de ellos tenía la misión de ejecutar de manera horrible a personas elegidas al azar.  Amplia operación policial en Australia  La policía incautó armas y detuvo a 15 personas, entre ellas un sospechoso de 22 años, Omarjan Azari, puesto en prisión preventiva por planificar un acto que quería atemorizar, indicó la fiscal. Según la acusación, Azari recibió órdenes del australiano de mayor rango dentro de la estructura del EI, Mohamed Baryalei, para seleccionar personas al azar con el objetivo de ejecutarlas de manera horrible y de filmar estos actos.  La acción policial se lanzó tras interceptarse un mensaje de un australiano bien situado en [la jerarquía de] el EI, quien exhortaba a las redes de apoyo en Australia a perpetrar asesinatos públicos, anunció el primer ministro Tony Abbott. No son solo sospechas, sino clara intención y eso llevó a la policía y a los servicios de seguridad a actuar, indicó Abbott, quien señaló información sobre eventuales decapitaciones públicas.  En el frente de guerra  Unos sesenta australianos combaten en las filas yihadistas en Irak y Siria, y un centenar aporta, desde Australia, un apoyo activo a los movimientos sunitas radicales, según los servicios de seguridad del país. Australia participa al lado de Estados Unidos en la lucha contra los combatientes yihadistas con la entrega de material militar y de ayuda humanitaria por vía área. Canberra desplegar 600 militares, entre ellos 400 soldados del aire en Emiratos Árabes Unidos en medio de esa lucha.","elcomercio","19/09/2014"
"Nuevo video del grupo terrorista","Rehn británico se declara abandonado  La milicia terrorista Estado Islámico mostró en un nuevo video a un presunto rehén británico dando un discurso en el que enaltece al grupo yihadista, a diferencia de los brutales videos de decapitaciones difundidos las semanas pasadas. El clip con el supuesto secuestrado, el periodista británico John Cantlie, se titula Préstame atención (Lend me your ears) y fue subido ayer a Internet.  El preso promete en su discurso, al que por lo visto fue obligado, querer contar la verdad sobre el EI, a partir de ahora, en una serie de videos. Afirma haber sido secuestrado en noviembre del 2012 y ser desde entonces prisionero de la milicia terrorista.  Cantlie dice que quiere dar una versión distinta a la de Occidente. Es verdad que soy un prisionero. No puedo negarlo. Pero puesto que he sido abandonado por mi Gobierno y que mi destino ahora está en las manos del EI, no tengo nada que perder, dice Cantlie.","elcomercio","19/09/2014"
"Sierra Leona pone en cuarentena a toda su población por el ébola","Durante tres días, seis millones de personas no podrán salir de sus casas. Uno de los objetivos es encontrar a enfermos con el virus.  Megaoperación  Unos 30.000 voluntarios tienen la meta de visitar 1,5 millones de casas. Las autoridades han dicho que prevén descubrir centenares de casos no denunciados. Muchas personas no han buscado tratamiento por temor a que los hospitales sean simplemente lugares donde la gente va a morir. Pero también otros quieren evitar ser confinados en sus casas, pues cuando alguien enferma toda la familia es puesta en cuarentena 20 días.  Llueva o haga sol, el ejercicio de confinamiento seguir adelante. Durante tres días tenemos que terminar el trabajo, dijo Steven Gaojia, el director del centro de operaciones de emergencia del Gobierno. La campaña, llamada Charla sobre el ébola Casa por Casa, tiene como meta visitar 1,5 millones de hogares. El Gobierno ha asegurado que los equipos no entrarán en las casas, sino que llamarán a los servicios de emergencia si detectan cadáveres o enfermos.  La policía y el ejército se asegurarán de que se cumpla el confinamiento, del que están exentos el personal sanitario, la prensa y otros profesionales considerados clave.  Medidas polémicas  Sin embargo, algunos expertos creen que estas medidas coercitivas son difíciles de aplicar y podrían tener consecuencias negativas. El país no tiene capacidad para visitar cada casa en solo tres días, dijo a la AFP Jean-Herv Bradol, ex director de Médicos Sin Fronteras y que ha trabajado muchos años como médico en África. La campaña podría llevar a la gente a ocultar a las posibles personas infectadas y el virus se extendería todavía más, afirm.  Al contrario, los líderes comunitarios sierraleoneses y la población de Freetown, la capital, ven con buenos ojos la campaña. Rezaremos para que la operación vaya bien. Apoyamos al Gobierno, dijo Samuel Johnson, un hombre de 60 años que perdió a una hija a causa del virus.","elcomercio","19/09/2014"
"Cuarenta empresas extranjeras se fueron de Argentina en 10 años","La consultora privada Desarrollo de Negocios Internacionales (DNI) reveló la lista de las firmas. Entre ellas se encuentran:  1. Alicorp - Higiene - Perú 2. Repsol - Petróleo - España 3. Telecom - Telecomunicaciones - Italia 4. Electra - Electrodomésticos - México 5. Mosaic - Fertilizantes - EE.UU. 6. Lancôme - Cosméticos - Francia 7. Apache - Petróleo - EE.UU. 8. Yakult - Lácteos - Japón 9. Vale do Rio Doce - Minería - Brasil 10. Standard Bank - Banco - Sudáfrica ...[continúa la lista]","elcomercio","19/09/2014"
"Vehículo donde viajaba candidato recibe impactos de bala","Hunuco. El vehículo donde viajaba el candidato al Gobierno Regional de Huánuco por el partido Somos Perú, Jesús Koko Giles, recibió dos impactos de bala en la madrugada de ayer. El jefe de la División Criminal de Huánuco, Félix Calle, confirmó a El Comercio que el hecho ocurrió en el kilómetro 285 de la carretera entre Huánuco y La Unión y que podría tratarse de un intento de asalto. El oficial señaló que ninguna persona resultó herida.","elcomercio","19/09/2014"
"La UNESCO opinará sobre hallazgos","Cusco. El jefe de la Dirección Desconcentrada de Cultura en Cuzco, Ricardo Ruiz, informó ayer que se solicitará formalmente una opinión técnica a la UNESCO sobre el tratamiento de los vestigios hallados en la calle Mantas, en el Centro Histórico de esta ciudad. Esta localidad es Patrimonio Cultural de la Humanidad de la UNESCO.","elcomercio","19/09/2014"
"Destinan presupuesto para prevenir desastres","Lima. En el marco de la presentación del Plan Nacional de Gestión del Riesgo de Desastres de la Presidencia de Consejo de Ministros (PCM), que busca fortalecer y mejorar la cultura de prevención en todo el país, ayer se anunció que los gobiernos regionales deberán dedicar parte de su presupuesto exclusivamente a esta labor. Si antes las regiones podían optar por usar parte de su presupuesto a la prevención de riesgos, ahora tendrán la obligación de hacerlo pues los fondos destinados no serán transferibles. Además, se espera que en el interior del país se desarrollen y aprueben planes locales según las necesidades de cada zona.  Ejecución del presupuesto Este año se ha destinado S/.800 millones para esta materia y se espera sobrepasar los S/.1.000 millones. De esta cantidad, S/.400 millones fueron para los gobiernos locales, pero solo se ejecutó entre un 75% y 80%, comentó Alberto Bisbal, representante de la PCM.  Bisbal señaló que debido a esto se ha contemplado potenciar las capacidades de técnicos y profesionales y así reducir la vulnerabilidad de la población.","elcomercio","19/09/2014"
"Encuentran restos de tercer indígena asesinado en Ucayali","Fiscal señaló que los asháninkas en la frontera con Brasil habrían sido asesinados con perdigones. Viudas de los dirigentes continúan esperando seguridad para su comunidad. Pucallpa. A 18 días del crimen del líder asháninka Edwin Chota Valera y tres miembros de la comunidad nativa de Saweto, en el distrito de Masisea, Ucayali, la búsqueda de sus restos avanza lentamente. Sin embargo, según el análisis del Ministerio Público, todo apunta a que los comuneros fueron asesinados con disparos de perdigones y que los principales sospechosos de estas muertes son los madereros ilegales.  Luis Jarra Ramírez, de la Fiscalía Provincial Penal Corporativa 3 de Coronel Portillo, dijo a El Comercio que ayer se realizó la tercera incursión área en Saweto y los agentes de la Policía y del Ejército hallaron un fémur y un peron. De acuerdo con el fiscal, estos son los restos de un tercer indígena asháninka.  El primer hallazgo fue hace una semana, cuando se encontró un cuerpo completo, excepto por las manos. El equipo forense que viajó de Lima a Pucallpa concluyó que la víctima muri de un disparo en la base de la nuca. Por la ropa, se trataría de Leoncio Quinticima pero todas las muestras de sangre que se tomaron para identificar el ADN fueron enviadas a Lima. An no hay resultados, dijo.  En el segundo hallazgo, en la misma semana, fue una bota. Lo que permitió a Julia Prez Gonzales reconocer que la pierna y el trax eran de su esposo, Edwin Chota.  Hasta el cierre de esta edición, las viudas de los dirigentes no pudieron ver los restos recién hallados ya que estaban reunidas desde las 4 p.m. con la comisión que evalúa su caso. Trascendió que una bota aún estaba sujeta al pie, por lo que se espera que se pueda precisar a quién pertenecería.  Desinterés por las promesas Rodil García, de la Asociación de Comunidades Nativas Asháninka de Masisea y Calleria (Aconamac), afirmó que ninguna entidad del Estado les ha informado sobre su pedido de garantías para proteger Saweto. Chota vino a Pucallpa denunciando el riesgo. Son 200 familias que siguen expuestas, dijo García, quien junto a la profesora bilingüe María Paredes acompañan a las viudas y sus siete niños. Según Paredes, en la reunión con el comité se les reiteró que los deudos tendrán comida y hospedaje hasta que se identifiquen a las víctimas. Para ellas no basta, pues quieren hallar a los culpables y conseguir que se titulen las 80 mil hectáreas que pertenecerían a Saweto. Fuentes de la Dirección Forestal y de Fauna Silvestre y de la Dirección Regional Agraria de Ucayali revelaron que dicho trámite está estancado desde marzo cuando se emitió una resolución en la que negaban la titulación a Chota. [En Saweto] hay concesiones madereras previas al registro de la comunidad, dijo Celia Prieto, directora regional agraria.","elcomercio","19/09/2014"
"Ya son siete los fallecidos en el accidente en sierra de Huaral","Huaral. La caída a un abismo de un camión que trasladaba a profesores, estudiantes y padres de familia del colegio Señor de la Exaltación, en el distrito huaralino de Pacaraos, cobró ayer una séptima vida. Se trata de una menor de 16 años que tras el vuelco quedó herida de gravedad y fue internada en la Unidad de Cuidados Intensivos del hospital San Juan Bautista de Huaral. Médicos de este nosocomio señalaron que la adolescente falleció producto de un Traumatismo Encéfalo Craneano (TEC) grave.  Retiran cuerpos Ayer fueron retirados de la morgue de Chancay los cadáveres del conductor del vehículo accidentado, Ángel Alaupa, del director del colegio, Christian Flores, de las madres de familia Nilda Alvarado y Maximina Ureta, así como de dos menores de 13 años. Las víctimas serán sepultadas hoy en un cementerio del poblado San Juan de Viscas, ubicado a 100 km de Huaral.","elcomercio","19/09/2014"
"La energía fluye con el ground golf y el gateball en el AELU","Adultos mayores descendientes de inmigrantes japoneses se alegran como niños y entrenan como jóvenes con singulares deportes. Los ‘ojichan’ y las ‘obachan’ (abuelos y abuelas en japonés) caminan sin parar sobre el césped natural o sintético. Cogen sus sticks (palos), golpean las bolas una y otra vez, se agachan, las recolectan y las vuelven a golpear, tratando de embocarlas en canastillas invertidas plantadas en el suelo o de pasarlas a través de pequeños arcos, también incrustados en el verde. As pasan divertidas horas los más antiguos del Club Asociación Estadio La Unión (AELU), de Pueblo Libre. Ejercicio, agudeza de sentidos y camaradería resumidos en dos deportes nacidos en Japón y aún no difundidos en nuestro país: el ground golf y el gateball.  De base 6 en adelante, damas y varones se agrupan, se mezclan y compiten en al menos dos mañanas por semana. Cancha grande El ground golf es una variante del golf tradicional –palos más anchos y bolas más grandes–, pero la idea, en general, es la misma: meter la pelota en el hoyo o canastilla con el menor número de golpes posible. En el AELU, la cancha de béisbol es escenario de partidos masivos de esta peculiar modalidad deportiva. Además de los entrenamientos, una vez al mes se realizan ahí torneos para al menos 50 socios adultos mayores, quienes no se cansan de darles a las bolas y de caminar hasta 50 metros entre canastilla y canastilla. El ground golf fue pensado primero para la juventud japonesa de posguerra [tras la Segunda Guerra Mundial], pero los adultos mayores se adecuaron más a los materiales anchos, dice Francisco Arakaki, de 75 años y director de ground golf del AELU.  Cancha chica Sobre una cancha 20 veces más chica que la de béisbol juegan gateball, otro deporte nacido en Japón, inspirado en el croquet europeo y que al principio también era para los niños de la posguerra. Juegan cinco contra cinco. La meta es ganar puntos pasando las bolas por pequeos arcos, empujando a las de los compañeros de equipo y botando a las de los rivales, explica Luis Sakugawa, director de gateball del AELU.","elcomercio","19/09/2014"
"Ejercicio y prevención ayudan a la sexualidad en la tercera edad","Con comunicación, confianza y amor la pareja puede prodigarse placer en la vejez aunque no haya coito. Los adultos mayores que realizan actividades físicas en forma periódica, se alimentan de manera adecuada y cumplen las recomendaciones preventivas que les brindan sus médicos podrán mantener una actividad sexual adecuada y placentera. Ese es el concepto que se maneja en Essalud, entidad que a través de los más de 120 centros del adulto mayor (CAM) que tiene en el país imparte charlas sobre sexualidad en la vejez.  Según explicó la geriatra Mara Gamarra Samaniego, del hospital Edgardo Rebagliati, los adultos mayores deben prevenir y tratar enfermedades como diabetes, hipertensión arterial o afectaciones cardiovasculares para lograr un mayor disfrute de la sexualidad. La profesional subrayó que, más allá de que se logre la consumación del acto sexual, en la tercera edad el sexo está ligado estrechamente a una expresión psicológica de emociones y compromisos, que requiere una mayor cantidad y calidad de comunicación entre la pareja. En la relación debe haber confianza y amor para poder compartir placer, con o sin coito, agregó.  La artritis, la presión arterial alta, algún tipo de neoplasia, la diabetes, la obesidad o la depresión pueden afectar la salud sexual de las personas de la tercera edad. También se deben eliminar tabúes que dicen que en la vejez ya no se está para tener sexo, acotó Gamarra.  Orden. Todos esperan su turno en el ground golf. El respeto es primero, dice Luis Otsuki, de 84 años.","elcomercio","19/09/2014"
"Vamos Perú","Candidato: Fernán Altuve  Vamos a prevenir, controlar y sancionar la corrupción  El partido de Fernán Altuve creará una escuela superior de administración municipal para mejorar el trabajo de los funcionarios en la Municipalidad de Lima. Hay que evitar que ingresen con cheques en blanco. Si vas a prevenir acciones ilegales, también tienes que tener una buena gestión gubernamental, comentaron durante la audiencia.  JNE y ONPE no se dan abasto para fiscalizar campaña  La transparencia es uno de los principales ejes de una buena gestión, lo que la vuelve un elemento infaltable en todo plan de gobierno. Las agrupaciones políticas la toman en cuenta al presentar sus propuestas, pero es uno de los factores que más ignoran a lo largo de su campaña al no dar cuenta de sus ingresos, bienes y gastos.  Candidatos como Lex Gonzáles (Democracia Directa), Moisés Mieses (Partido Humanista Peruano), Salvador Heresi (Perú Patria Segura) y Fernán Altuve (Vamos Perú) no han presentado algún ingreso o registro de bienes en sus hojas de vida ante el Jurado Nacional de Elecciones (JNE). En tanto, Luis Castillo Lossio (Solidaridad Nacional) y Nora Bonifaz (Somos Perú) no detallan sus ingresos mensuales.  No puedes esperar transparencia en la posible gestión de alguno candidato cuando no ha sido transparente en su propia campaña. Si bien los datos de ingresos y bienes no son obligatorios en las hojas de vida, la falta de información es un reflejo de que no hay respeto al derecho a la información, dijo a El Comercio José Manuel Villalobos, especialista en temas electorales.  En opinión de Villalobos, debería descentralizarse la fiscalización a las campañas y candidatos, labor que actualmente recae sobre las autoridades electorales. Hay que ponerles más candados a las agrupaciones políticas para que no puedan hacer contrataciones ilegales. Sin un registro claro, vamos a elegir a autoridades que le van a deber favores a quienes financiaron sus respectivas campañas, añadió el especialista.","elcomercio","19/09/2014"
"Contaminación y mala zonificación afectan a los vecinos del Rímac","El servicio de recojo de basura es deficiente y los asentamientos que han crecido en las laderas están en riesgo permanente.  Salud en riesgo. La basura que no es recogida se acumula y se convierte en foco infeccioso.  Usted decide Elecciones Municipales y Regionales 2014  El distrito del Rímac limita al sur con el Cercado de Lima y carga no solo su legado histórico, sino también con sus principales problemas. Las quejas vecinales más frecuentes son la contaminación y el abandono de las zonas marginales, donde se encuentra la mayoría de sus asentamientos humanos.  Los datos que emplea el Plan Metropolitano para Lima y Callao (PLAM 2035) para desarrollar sus propias iniciativas a favor de una ciudad más ordenada, limpia y amigable con el vecino son desalentadores para el Rímac. En lo referente a la calidad del aire, este distrito es uno de los más afectados por el material particulado que emiten los vehículos en la ciudad.  La Organización Mundial de la Salud (OMS) recomienda un índice de 10 PM2,5 (material particulado de 2,5 micras por metro cúbico de aire). Sin embargo, en el Rímac esta cifra oscila entre 10 y 30, con la peor calidad de aire en la zona norte. Esto debido a que las corrientes de aire desplazan hacia el noreste de la capital la gran cantidad de aire sucio que producen las avenidas más transitadas de Lima como Tacna, Abancay, Evitamiento y Panamericana Sur.  El defectuoso servicio de recojo de basura también sobresale en la zona central de Lima, donde el promedio es del 90% del total de residuos recolectados. En el Rímac, según el PLAM, solo se recoje entre el 61% y el 70%, lo que se evidencia a diario en puntos de acopio de desechos de la Av. 9 de Octubre.  Problemas de terreno En el PLAM 2035 hemos identificado como zonas de riesgo extremo el área de las laderas del Rímac con miles de personas que viven en terrenos vulnerables, dijo a El Comercio José García Calderón, coordinador técnico de la institución.  Por zonas de riesgo se entienden los asentamientos humanos que se ubican en laderas con una pendiente de 47% de inclinación o más, y donde el suelo no tiene las condiciones adecuadas para ser urbanizado.  Las invasiones al norte del distrito, en las pampas de Amancaes, han crecido sin ningún tipo de planeamiento por una población que no se preocupó por la calidad del piso en el que edificaron casas de hasta tres pisos, agregó García Calderón.  Para atender los principales problemas del distrito, hace falta un plan multisectorial y a largo plazo que permita recuperar la zona de las laderas, organizar a los casi 200 mil habitantes del Rímac y mejorar la calidad de vida a través de proyectos de inversión público-privados.","elcomercio","19/09/2014"
"Virtual empate técnico en la carrera por la Alcaldía de San Isidro","Encuesta de América TV le da 19% a Velarde (PPC), 18% a Meier (Restauración) y 15% a Osterling (F. Popular).  Usted decide Elecciones Municipales y Regionales 2014  Todo indica que las elecciones municipales en San Isidro tendrán un final de fotografía este 5 de octubre. Solo cuatro puntos porcentuales separan al candidato a la alcaldía que lidera la intención de voto, del postulante que se ubica en la tercera posición, según una encuesta de América TV, hecha pública ayer y realizada del 6 al 14 de este mes por Ipsos Perú.  El sondeo arrojó que, si mañana fueran los comicios, el 19% de sanisidrinos votaría por Manuel Velarde (PPC), ex jefe de la Sunat, y el 18% por Antonio Meier (Restauración Nacional), ex alcalde distrital. Con 15% y tercera aparece Madeleine Osterling (Fuerza Popular).  Estas cifras son buenas noticias que tomamos con humildad, pero seguimos enfocados en nuestro objetivo de ganar las elecciones. Estamos confirmando nuestra tendencia al alza y que nuestra propuesta está siendo bien recibida por los vecinos. Soy un tecnócrata con experiencia en el sector público, dijo a Velarde a El Comercio.  El candidato del PPC propuso ola verde para las principales vías del distrito, apoyo de serenos en el control del tráfico, arbitrios cero para los vecinos mayores de 70 años, fomento de proyectos de inversión para estacionamientos subterráneos y torres inteligentes con parqueos en sus pisos.  En tanto, Meier argumentó que lo avala poseer experiencia de gobierno municipal. Cambiaremos el sentido de la Av. Juan de Arona en horas pico e impulsaremos la construcción de parqueos en diez espacios que ya identificamos, dijo.  Para el abogado municipalista Julio César Castiglioni, el hecho de que un candidato gane sin gozar del apoyo del 80% del distrito augura un gobierno complicado y débil.  Intención de voto San Isidro  Manuel Velarde PPC  Antonio Meier Restauración Nacional  Madeleine Osterling Fuerza Popular  Jos Kleinberg Somos Perú  Ramón Barea Perú Patria Segura  Ricardo León Solidaridad Nacional  19% 18% 15% 9% 9% 5%  Otros  3%  Blanco/viciado  2%  No precisa  20%","elcomercio","19/09/2014"
"Desencanto de una elección anunciada","Para los taxistas con los que converso, Castaeda no es su candidato. Les genera rechazo. No creen en él ni en sus promesas de transparencia. Se inclinan por Heresi o Cornejo. Villar aún no cala.  A poco más de dos semanas de elegir un nuevo gobierno para Lima, la locomotora del desarrollo nacional, los electores no somos conscientes de lo que está en juego. El candidato ungido favorito solo puede exhibir en dos gestiones de gobierno, escaleras en los cerros, hospitales en la periferia, algunos intercambios, y el Lima Bus del alcalde Andrade, rebautizado como el Metropolitano. Magro resultado. El descrédito de la mayoría de partidos, y la ausencia de cuadros técnicos pensando seriamente las ciudades, conducen a que cada candidato prácticamente se represente solo a sí mismo, mientras el candidato favorito se limita a descansar en la nostalgia de su paso por la alcaldía e impunemente, negarse a un compromiso con el futuro de la capital. No tenemos la menor idea de qué har si sale elegido alcalde. Extraña manera de reclamar el voto ciudadano, con una falta de respeto que quizás le sirva de coartada si sale elegido: Yo no ofrecí nada. Cuando Lima es un manjar para formular propuestas. Casi todo está por rehacer y reinventar.  Coyuntura electoral además consagrada por el roba pero hace obra. Según una encuesta de El Comercio Ipsos solo al 22% de electores le preocupa el tema de corrupción.  Y en distritos la cosa no pinta mejor. Los 400 candidatos repiten mecánicamente: más cámaras de vigilancia, más serenos, drones, intercambios viales, semaforización. Ninguno, con alguna excepción, habla de un plan urbano de su distrito, que le dé orientación y sentido a su gobierno.  Parece que se vienen 4 años de gestión perdida en Lima, paradójicamente con crecimiento económico y grandes posibilidades de inversión privada y pública; que requiere necesariamente una clara hoja de ruta del gobierno municipal. De lo contrario, obras como las que anuncia el presidente Humala, que ya encargó la línea 2 del metro, así como el gran centro de convenciones en San Borja, un sorprendente acuario en Magdalena del Mar con el Ministerio de Vivienda (cuando ni siquiera hay plan maestro de la Costa Verde) y el megaproyecto del museo nacional de arqueología en Pachacamac; posiblemente colisionen con el desarrollo urbano de la ciudad.  Por ejemplo, la propuesta del museo es una obra faraónica de S/.300 millones, en un lugar donde no llega ninguno sistema de transporte masivo. Tendría mucho más rédito para el rescate del patrimonio dedicarle S/.100 millones a potenciar museos que languidecen, S/.100 millones a convertir el centro histórico en una gran oferta museística de colecciones privadas y religiosas y otros S/.100 millones a recuperar los circuitos precolombinos. Lima posicionara su memoria.  En fin, estamos a las puertas de un salto al vacío en esta metrópoli que lo único que necesita es una buena carta de navegación debidamente concertada, con liderazgo y transparencia para hacerla realidad.","elcomercio","19/09/2014"
"Sentencian al alcalde de San Bartolo por vender lote de la playa","El Poder Judicial dispuso que Jorge Barthelmess no ejerza un cargo público por dos años, pero él apeló la sentencia.  El alcalde de San Bartolo y candidato a la reelección por Solidaridad Nacional, Jorge Luis Barthelmess Camino, fue sentenciado a tres años de pena privativa de la libertad suspendida por vender, de manera irregular, un terreno en ese distrito.  La Corte Superior de Justicia de Lima Sur dispuso, además, que Barthelmess no ejerza un cargo público durante dos años. La condena también recayó contra la secretaria general de la municipalidad, María Rueda. Según la resolución judicial, Barthelmess vendió un terreno ubicado en la playa de San Bartolo, destinado a uso público, a cambio de dinero, violando normas de propiedad horizontal y otras disposiciones legales.","elcomercio","19/09/2014"
"Consecuencias de la edad","En la vejez, en la mujer disminuye el estrgeno y hay sequedad y estrechamiento vaginal, y menos excitacin. En el hombre cae la testosterona, y sus erecciones ya no son firmes ni prolongadas. Las caricias se tornan en fuentes de placer.  Del hospital Edgardo Rebagliati, los adultos mayores deben prevenir y tratar enfermedades como diabetes, hipertensión arterial o afec-ciones cardiovasculares para lograr un mayor disfrute de la sexualidad.  La profesional subrayó que, más allá de que se logre la consumación del acto sexual, en la tercera edad el sexo está ligado estre-chamente a una expresión psicológica de emociones y compromisos, que requiere una mayor cantidad y calidad de comunicación entre la pareja. En la relación debe haber confianza y amor para poder compartir placer, con o sin coito, agregó.  La artritis, la presión arterial alta, algún tipo de neoplasia, la diabetes, la obesidad o la depresión pueden afectar la salud sexual de las personas de la tercera edad. También se deben eliminar tabúes que dicen que en la vejez ya no se está para tener sexo, acotó Gamarra.","elcomercio","19/09/2014"
"Las reglas","Una vez al mes se juega un torneo de ground golf en el AELU. Se hace a 24 hoyos o canastillas, en dos vueltas de 12 canastillas cada una. Todo puede durar hasta tres horas. distancias variadas Los jugadores se agrupan de a cuatro para avanzar hoyo a hoyo, los cuales están separados entre sí por 15 m, 25 m, 30 m o 50 m. Gana el que haya embocado la bola en los 24 hoyos con menos golpes. media hora El gateball también se juega por turnos, pero por equipos. Se ganan puntos al pasar la bola por los ar-quitos y al impactarla contra un parante pequeño en el centro de la cancha. El partido dura media hora.","elcomercio","19/09/2014"
"Agenda","22, 23 y 24 de este mes Calidad de Vida. Seminario gratuito Calidad de Vida en las Personas Adultas Mayores. Organiza: Pro-Vida. 4 p.m. Auditorio de la Asociación Peruano-Japonesa (Av. Gregorio Escobedo 803, Jesús María). martes 23 Alzheimer. Charla gratuita El Cerebro Olvida, el Corazón No, del Instituto Peruano de Neuro-ciencias. 7 p.m. Lugar: Calle César Vallejo 565, Lince. Informes en el 265-3834. jueves 25 Salud Mental. Charla gratuita Envejecimiento Cerebral: Mitos y Realidades, de la Dra. Mariella Guerra. 10 a.m. Organiza: UNEX. Auditorio de Estudios Generales Letras (PUCP). jueves 25 y viernes 26 diabetes. Despistaje gratuito de pie diabético. De 9 a.m. a 2 p.m. Jr. Conde de Superunda 341, Cercado de Lima.","elcomercio","19/09/2014"
"Referéndum en Escocia","Unos 4,4 millones de personas, el 97% del padrón electoral, se registraron para definir si se independizan del Reino Unido.  En Escocia el voto no es obligatorio. Desde hace décadas, la participación electoral en este país no pasaba del 60%, pero ayer se rompieron todos los récords con más del 80% de electores en las urnas. El resultado también marcará el rumbo de Europa.  Hora de contar. A las 4 de la tarde, hora del Perú, se cerraron las urnas y empezó el conteo de más de 4 millones de votos.  Presentes. Un catalán llegó a la puerta del Parlamento de Edimburgo para mostrar su apoyo a la independencia escocesa.  Una participación récord de electores marca el histórico referéndum escocés.  Idafe Martín Prez  Desde Edimburgo  Una cruz para decidir el futuro de un país. Esa fue ayer la decisión de millones de escoceses. La cruz al S abriría una nueva puerta en la historia y obligaría a volver a dibujar el mapa de Europa. La marca en el No dejaría a Escocia dentro del Reino Unido. Pero ganara o perdiera la apuesta por la independencia –al cierre de esta edición los sondeos daban una muy ligera ventaja al No– algo habrá cambiado para siempre en Escocia, que asumirá más poderes, que tendrá que moverse hacia una estructura federal y también en Europa, porque Escocia da fuerza a varios impulsos secesionistas con Cataluña en primera fila.  La jornada electoral transcurrió entre cielos grises, sin incidentes en los 2.608 colegios electorales abiertos. El 97% de los electores aptos se inscribieron para votar, es decir, más de 4,4 millones de personas. Entre ellos, 109.000 adolescentes de 16 y 17 años que votaron por primera vez y más de 600 mil residentes en Escocia que no son escoceses, incluyendo ciudadanos de la Commonwealth. Los escoceses que viven en el extranjero no pudieron votar.  En las urnas, la población se topó con una pregunta simple, pero trascendental: ¿Debería Escocia ser un país independiente?. James, mesero del restaurante The Dogs, de Hanover Street, explicó sus razones tras votar S: Temo que un resultado muy ajustado divida a la sociedad, pero creo que podemos hacerlo mejor que gobernados desde Londres porque tenemos intereses y prioridades distintas. ¿Y no ves riesgos? Claro que hay riesgos, no sabemos qué hay detrás, pero no me gusta nada el paternalismo de Londres diciéndonos qué es lo mejor para nosotros.  Su explicación muestra que el debate va mucho más allá del No de la razón contra el S del corazón. En Escocia casi nadie tiene dudas sobre su identidad nacional escocesa, pero no a todos eso les hace votar por el S. Parece más un voto ideológico que de identidad, el de una parte de la gente que cree que la sociedad debería ser más justa socialmente, en fin, más al estilo nórdico y menos al inglés.  En Kirkliston, una localidad a 15 kilómetros de Edimburgo poblada por clase media trabajadora para la que vivir en la capital es económicamente imposible por el precio de la vivienda, la gente hacía fila en el Community Center para votar.  Dos señores mayores defendían el S y el No en la puerta. No creo que la sociedad se divida, respondió el que defendía al No a preguntas del periodista. Vivimos cerca y nos vemos cada día, somos amigos. A lo mejor te tienes que exiliar en Inglaterra, bromeaba su vecino partidario de la independencia.  Los dos escenarios  Si gana el S  Si gana el No  Reino Unido y Escocia tendrían 18 meses de conversaciones sobre cómo hacer el reparto de todo, desde el petróleo del Mar del Norte hasta el uso de la libra esterlina. El 24 de marzo del 2016 sería la fecha oficial de la independencia.  El Gobierno Británico ha prometido a Escocia una reforma de la política de impuestos y financiera para traspasarle más poderes. Los independentistas han señalado que no convocarán un nuevo referéndum si este es el resultado.  Entrevista  Sebastián Vidarte Analista internacional  Este proceso genera expectativas en más partes de Europa  Más allá del resultado, este referéndum puede tener un efecto contagio en otras partes de Europa? Definitivamente. Este proceso despierta expectativas en otras partes de Europa. Poblaciones como las de Cataluña o el País Vasco, por ejemplo, están atentas para repetir lo positivo en una circunstancia similar a corto plazo.  Incluso si ganara el No? Si triunfa el No, también se generar mucha expectativa. All están los cambios prometidos por Londres para dar un nivel mayor de autonomía a Escocia si permanece dentro del Reino Unido.  Marca el rumbo. Ryan Randall toca la gaita en los suburbios de Edimburgo mientras dirige a partidarios del S a los centros de votación.  Escocia  El país en cifras  Principales productos  Petróleo 33.480 millones de euros (2012)  Islas  Shetland  Islas  Orcadas  Océano  Atlántico  E SCO C IA  Glasgow  Mar  Del Norte  Edimburgo  Irlanda  Del Norte  Belfast  I R L A N D A  I R L A N D A  Perfil del país  Población 5,3 millones   Representa el 8,3% del Reino Unido, que tiene 64,1 millones.  Superficie 79.782 km²  Desempleo 6%  Renta per cápita 32.765 euros (27.696 euros en Inglaterra)  Participación en el PBI del Reino Unido 8%","elcomercio","19/09/2014"
"Diferencias con el referéndum catalán","1 En España es ilegal.  El Reino Unido no cuenta con una sola Constitución, como sí ocurre en España. Para realizar la consulta, el Partido Nacionalista Escocés necesitó la aprobación del Gobierno y el Parlamento Británico. La consulta en Cataluña cuestionaría la soberanía y la estructura territorial del Estado Español, por lo que no sería legal. Este mes el Parlamento catalán aprobará una ley de consultas. Apenas suceda eso, el gobierno de Rajoy recurrirá la ley ante el Tribunal Constitucional bajo el argumento de que solo el Gobierno Central convoca referendos. La mera admisión a trámite en la corte supone la suspensión de la consulta.  2 No hay ningún acuerdo.  Hace 2 años el ministro principal escocés, Alex Salmond y el primer ministro británico, David Cameron, acordaron concretar el referéndum. En España no ha habido un diálogo de este tipo.  3 Una distancia mayor.  De ganar el S a la independencia Escocia mantendría a la reina como jefa del Estado, a la libra como moneda y también apoya y reconoce la cultura en común con el resto del Reino Unido. Según el diario ABC, la Generalitat catalana pretende una mayor ruptura con España, en ambientes como la lengua o el modelo de Estado.","elcomercio","19/09/2014"
"Procedente una solicitud para excluir la nómina para la Alcaldía de Lima de Solidaridad Nacional, que lidera Luis Castaeda.","El pedido, presentado por el ciudadano José Carlos Bay Meléndez, señalaba que la lista de la agrupación había sido designada por nómina completa y a mano alzada, lo que contravenía el marco legal, ya que debía ser de manera secreta.  Para el JEE de Lima Centro, el requerimiento de Bay realmente era una tacha, y el plazo de presentación terminó el pasado 24 de julio, por lo que el pedido era extemporáneo. El organismo precisó, además, que las solicitudes de exclusión de oficio solo rigen cuando un candidato incluye información falsa en su hoja de vida o cuando se incumplen cuotas electorales.  Contra Castaeda ya se había presentado un pedido de exclusión por su hoja de vida, el cual no procedió.  Demandas, presentadas por el ciudadano Alberto Chinchay Murga, no se acreditó la alegada violación de los derechos fundamentales.","elcomercio","19/09/2014"
"Los decretos 1132 y 1133 fueron aprobados por el gobierno de Ollanta Humala fines del 2012.","Para las organizaciones de militares y policías en retiro, las normas vulneran el sistema de pensión renovable y atentan contra los derechos constitucionales de los miembros de sus instituciones.  El procurador del Ministerio de Defensa, Gustavo Adrianzén, indicó que este fallo es el primero del órgano constitucional sobre el caso, ya que, a la fecha, se han presentado más de 1.000 ante dicha instancia (y habría más de 2.500, sumando las acciones que se encuentran en diferentes juzgados y salas constitucionales del país).  [El TC] se ha pronunciado sobre el fondo del asunto. No existe ningún criterio de discriminación en los decretos legislativos. Además, no se ha encontrado ningún aspecto inconstitucional en los decretos. Esto significa que la reforma es legal. La sentencia lo que hace es consolidar y fortalecer la reforma, dijo a El Comercio.  El procurador confía en que las siguientes sentencias del caso sigan la misma línea de coherencia. Esperamos que el fallo oriente a los juzgados y salas para que estén alineados, acotó Adrianzén, quien alegó que casi todas las demandas del caso son iguales.","elcomercio","19/09/2014"
"Candidatos prometen más fiscalización y transparencia en la Alcaldía de Lima","Representantes de doce de las trece agrupaciones políticas que quieren llegar a la Municipalidad de Lima plantearon sus iniciativas para promover el acceso a la información y evitar malos manejos de recursos públicos en la comuna.  La declaración de ingresos y bienes ante el JNE es opcional, pero las tres entregas de aportes y gastos en campaña ante la ONPE son obligatorias por ley.  Todos los montos son en soles  Tod  1E  E Primera entrega  Primera entrega  2E Segunda entrega  2  3E Tercera entrega  3 E Tercera entrega  ACCION POPULAR  ACC  Edmundo del Guila  Edm  No declaró ingresos o bienes  No de  1E  1E  No declaró  2E  3E  No declaró  Aportes: 62.788,60  Gastos: 22.140  APRA  APR  Enrique Cornejo  Enriq  Remuneración mensual:  Remu  10.000 privado  3.350 público   3.350  ado  Renta bruta mensual: 22.400 privado  Rent  vado  Departamento por 130.419.   D  Departamento por 62.493. Camioneta Honda 78.150 y camioneta Suzuki Grand Vitara por 62.450  1E  Neg movimiento  2E  3E  No declaró  Ingresos: 16.820  ALIANZA PARA EL PROGRESO   ALIA  O  Guillermo Arteta  Guille  Remuneración mensual:  Remu  5.511 público   5.511  Renta bruta mensual:  Renta  de  7.000 privado  1.200 privado  Casa por 150.000. Vehículos: Kia Casa Cerato 2012 por 51.000 y Nissan Centra 2010 por 17.920  1E  3E  3 E  No declaró  2E  Gastos: 140.506,13  Gastos: 865.312,05  SOMOS PER  SOM  Nora Bonifaz  Nora  No declaró ingresos  No de  Casa por 125.145. Oficina por 49.673.   Casa   Camio  Camioneta Volkswagen valorizada en 104.118 y libros por 30.000.  1E  2E  3E  Ingresos: 7.035  Ingresos: 24.315. Gastos: 15.322,62  Ingresos: 1015.570.   Gastos: 169.813,97  SIEMPRE UNIDOS  SIEM  Felipe Castillo  Felip  No declaró ingresos  No de  Casa  or  Casa 205.293. Terreno en Santa Rosa por 18.375. Terreno en Santa Rosa por 18.375.   Auto Mercedes Benz por 33.720  1E  No declaró  2E  3E  Ingresos: 40.768 Gastos: 42.111,50  Ingresos: 120.790,30 Gastos: 10.435,10  DEMOCRACIA DIRECTA  DEM  A  Alex Gonzales  Alex  No declaró ingresos o bienes   No d  s  1E  1E N  No declaró  2E  3E  No declaró  No declaró  PARTIDO HUMANISTA PERUANO  PAR  NIS  Moiss Mieses  Mois  No declaró ingresos o bienes  No d  s  1E  No declaró  2E  3E  No declaró  Ingresos: 12.250  Gastos: 15.951  SOLIDARIDAD   SO  NACIONAL  NA  Luis Castaeda  Luis  No declaró ingresos  No d  Casa por 196.076  1E  No declaró  2E  3E  No declaró  Ingresos: 197.600  Gastos: 22.002,53  FUERZA POPULAR  FUE  Alberto Sánchez Aizcorbe  Albe  Remuneración mensual:  Remu  8.400 público   8.400  Renta bruta mensual:  Renta  8.000 privado  8 000  do  Casa en Punta Arenas por 292.329  1E  No declaró  2E  No declaró  3E  Ingresos: 319.728,84  Gastos: 152.838,60  PER PATRIA SEGURA   PER  Salvador Heresi  Salva  No declaró ingresos o bienes  No de  1E  1E  No declaró  2E  3E  No declaró  Ingresos: 488.756  Gastos: 290.545,65  DIALOGO VECINAL  DIL  Susana Villarn  Susa  Remuneración mensual:  Remu  14.300 público   14.30  1.200 privado  13 stands en cdra. 6 de La Paz,   13 sta  Miraflores por 254.975. Acreencias en   Mirafl  Caja Metropolitana por 3.465 y BBVA   por 111.200  1E  No declaró  2E  No declaró  3E  No declaró  PPC  PPC  Jaime Zea  Jaim  Remu  Remuneración mensual:  Otros ingresos:  Otros  3.000 privado  ado  4.290 público  ico  Casa   Casa por 57.696 y camioneta Daihatsu Terios por 50.050  1E  No declaró  2E  3E  No declaró  Ingresos: 109.945  Gastos: 43.856  VAMOS PER  VAM  Fernán Altuve  Fern  No declaró ingresos ni bienes  No de  Ingresos: 20.000  SIN TRANSPARENCIA  1E  2E  Ingresos: 33.250 Gastos: 5.572,44  3E Ingresos: 298.732 Gastos: 232.582  La época de transparencia y los escasos métodos de control promueven la corrupción. Por eso, contar con planes y estrategias dedicadas a promover el acceso a la información y facilitar la fiscalización es vital en toda gestión, especialmente dentro de la comuna de Lima.  Partido Aprista Peruano  Candidato: Enrique Cornejo  La administración pública tiene limitaciones y permite la corrupción  Su objetivo es romper los candados en la administración pública que permiten la existencia de la corrupción. Proponen mejorar la calidad del sistema de control interno de la Municipalidad de Lima, formular un mapa de riesgo de corrupción y actualizar el plan de lucha contra este delito.  Dilogo Vecinal  Candidata: Susana Villarn  Hay que crear vías de comunicación a favor de los ciudadanos  Dilogo Vecinal destacó la actual gestión de Susana Villarn como la que ha empoderado al ciudadano para que cumpla su función como vigilante de la entidad pública. Recordó que esta alcaldía ha implementado el presupuesto participativo online, entre otras iniciativas.  Partido Popular Cristiano  Candidato: Jaime Zea  Nosotros somos partidarios del gobierno 100% electrónico  El PPC se comprometió a transparentar todos los procesos para evitar que la gente tenga la necesidad de ser fiscales de la gestión pública. El ciudadano no tiene tiempo para hacerse la vida difícil, dijeron.  Somos Per  Candidata: Nora Bonifaz  Capacitaremos a funcionarios en el quehacer municipal  Plantearon un sistema de control permanente para prevenir actos de corrupción. Facilitarán el acceso a medios de comunicación y coordinarán con la Contraloría y otros organismos de fiscalización. Prometieron instalar una ventana única para trámites.  Solidaridad Nacional  Candidato: Luis Castaeda  Eficiencia, honradez, transparencia y orden según ley  La principal herramienta para evitar la corrupción será una gestión efectiva. Motivar y capacitar a los trabajadores del Estado y mejorar los sueldos mantendrá alejados los malos manejos expresó Solidaridad Nacional.  Partido Humanista Peruano  Candidato: Moiss Mieses  La procuraduría debe contar con una oficina para coordinar con la comuna  Las propuestas se centraron en promover la labor de organismos fiscalizadores y la participación ciudadana. La Municipalidad de Lima debe permitir un acceso a información del manejo de dinero de las arcas municipales.  Fuerza Popular  Candidato: Alberto Sánchez  Hay que implementar mejor las solicitudes de acceso a la información  Debe haber más difusión del derecho a la transparencia y hacer más amigable y fácil elaboración las solicitudes de acceso a la información, propuso FP. También prometió supervisar a los funcionarios para evitar intereses privados.  Siempre Unidos  Candidato: Felipe Castillo  Vamos a sensibilizar a los dirigentes y funcionarios  Esta agrupación prometió trabajar de la mano de la Contraloría y crear una base de datos de resoluciones de la Sunarp. Vamos a tener una función preventiva y generar condiciones de una relación más amigable y transparente con el vecino, detallaron.  Per Patria Segura  Candidato: Salvador Heresi  Se requiere tener autoridades con capacidad de sanción efectiva  Ernesto Yalta aseguró que se preocuparían por mejorar la capacidad fiscalizadora de los órganos de control internos de la municipalidad capitalina. Vamos a endurecer las sanciones y eliminar así la cultura de la tolerancia, detalló.  Datos  CAJA MUNICIPAL  Aunque hablaron sobre transparencia, ninguno de los candidatos dio propuestas para evitar escándalos como el de la Caja Metropolitana.  REFORMAS  Carlos Azabache, uno de los asistentes a la audiencia, pidió mejorar la administración de las empresas municipales como Emape.  Noticia relacionada: www.elcomercio.pe  Ve el video: Audiencia técnica sobre transparencia en el Comercio: elcomercio.pe/lima  Alianza para el Progreso  Candidato: Guillermo Arteta  El dinero de las multas servirá para capacitar a conductores y peatones  Facilitarán el acceso a la información pública y trabajarán por un gobierno municipal orientado al buen manejo de recursos públicos. También prometen mejores campañas de educación vial para asegurar un buen uso del dinero de multas y tributos.  Acción Popular  Candidato: Edmundo del Guila  Hay que hacer un plan institucional que incluya la transparencia  Plantean la elaboración de un diagnóstico municipal con objetivos claros y articulado a un plan operativo institucional para garantizar transparencia en la comuna. Simplificarán los procesos e implementarán la ventanilla única.  Vamos Per  Candidato: Fernando Altuve  Vamos a prevenir, controlar y sancionar la corrupción  El partido de Fernando Altuve creará una Escuela Superior de Administración Municipal para mejorar el trabajo de los funcionarios en la Municipalidad de Lima. Hay que evitar que ingresen con cheques en blanco. Si vas a prevenir acciones ilegales, también tienes que tener una buena gestión gubernamental, comentaron durante la audiencia.  JNE y ONPE no se dan abasto para fiscalizar campaña  La transparencia es uno de los principales ejes de una buena gestión, lo que la convierte en un elemento indispensable en todo plan de gobierno. Las agrupaciones políticas la tienen en cuenta al presentar sus propuestas, pero es uno de los factores que más ignoran a lo largo de su campaña al no dar cuenta de sus ingresos, bienes y gastos.  Candidatos como Alex Gonzales (Democracia Directa), Moiss Mieses (Partido Humanista Peruano), Salvador Heresi (Per Patria Segura) y Fernando Altuve (Vamos Per) no han presentado algún ingreso o registro de bienes en sus hojas de vida ante el Jurado Nacional de Elecciones (JNE). En tanto, Luis Castaeda Lossio (Solidaridad Nacional) y Nora Bonifaz (Somos Per) no detallan sus ingresos mensuales.","elcomercio","19/09/2014"
