"headline","content","newspaper","date"
"La Inteligencia Emocional y la Salud Mental Actual","Nos treinta o cuarenta aos. Por eso Daniel Goleman, en su libro La Inteligencia Emocional, publicado en 1995, hace 20 aos, dice en la pgina 18 lo siguiente:  Tal vez el dato ms perturbador de este libro sea que hay una tendencia mundial de la actual generacin de nios a tener ms conflictos emocionales que la generacin anterior; a ser ms solitarios y deprimidos, ms airados e indisciplinados, ms nerviosos y propensos a preocuparse, ms impulsivos y agresivos.  Esto corrobora, hablando en trminos generales, que la gente de hoy est ms enferma que la gente de hace dos o tres generaciones. Y como la estupidez corre a las parejas con la insanidad, hoy no solamente hay ms enfermos, sino tambin ms estpidos.  El Premio Nobel de Medicina, Peter Medawar, dijo que la inteligencia estaba disminuyendo en el mundo desde 1940, aproximadamente. Muchos dudaron de su aserto, pero hoy todo el mundo reconoce que tena razn.  Suele decirse, repitiendo a Snea, que es propio del hombre equivocarse, y es cierto; solo que siempre conviene agregar que es diablico perseverar en el error. Como deca el fsilogo Richet, estar dotado de razn y ser insensato, es algo mucho ms grave que no estar dotado de razn.","elcomercio","27/07/2015"
"Historia y Biografía: El Puéricultorio Augusto Pérez Aramburú","Hombres como Pérez Aramburú se necesitan en cada esquina, afirma Carlos Batalla. El historiador Efren Trelles es un especialista sobre lo que ocurrió en el siglo XVI en el Per, pero ahora nos sorprende abordando un tema del siglo XX: la creación del emblemático puéricultorio Augusto Pérez Aramburú.  Trelles dice que el puéricultorio peruano es un modelo único en América; y su fundador, Augusto Pérez Aramburú, un personaje con un corazón distinto, alguien que te toca sin tocarte; que le ha dejado huella, al punto que ahora trata mejor a su hijo.  --Al leer su libro sentí que Augusto Pérez Aramburú estaba predestinado a fundar el puéricultorio. --Sí. Se fundó en 1930 y le dedicó los últimos 28 años de su vida. ¿Qué hizo antes? Arequipeño, hijo de un rector de la UNSA, bachiller en Ciencias por la UNSA a los 17 años; viaja a Lima, está en el segundo año de medicina y llega la guerra, a la que acude con la mayor naturalidad. Los estudiantes se ofrecieron de voluntarios. Pérez Aramburú estuvo en el Alto de la Alianza y recogió heridos en Arica.  ---Fue miembro de la cuarta ambulancia... As es. Mirar a Pérez Aramburú es mirar a su generación. Tenía 23 años cuando se retiraron los chilenos del Per, y sobre los hombros de su generación recayó la reconstrucción nacional; para ello tenían la riqueza que dejaron los chilenos. La suya fue la mejor Lima que hemos conocido y el puéricultorio fue su última obra. Eso enternece. Sin embargo, no se les ha reconocido y ellos mismos, durante toda su vida, sintieron que nada que hicieran era suficientemente meritorio mientras las provincias del sur estuvieran cautivas.  ---¿A Pérez Aramburú le interesaba la política? Tuvo actuación política, pero más contó con amigos civilistas y de otros partidos, porque eran sus pacientes. Demostró mucho manejo como cabildero, es decir, lobista, que no es una mala palabra. Movió los hilos del poder gracias a esos contactos para una causa noble.  ---Cuénteme de los primeros años.  El puéricultorio fue concebido en una noche de primavera por don Augusto y la loca de la casa, o sea, la imaginación. Cuenta que no podía dormir e imaginó un palacio. Entonces aprovechó el extenso terreno que don Víctor Larco Herrera a la Beneficencia para el hospital psiquiátrico – partido por la avenida Del Ejército –, y logró el permiso de esta para construir. Luego vino la donación de Tomás Valle, Miguel Echenique y el propio Larco Herrera.  ---Fue un buen gestor. Un gran gestor, sin más músculo que su condición de notable médico y persona. Hombres como Pérez Aramburú se necesitan en cada esquina. Su vida te hace ver que en el fondo no es que las cosas ahora hayan cambiado para mal. Él es un ejemplo de persistencia.","elcomercio","27/07/2015"
"Fisuras en el oficialismo","Anterior hay fisuras que son apreciables, saltan a la vista. Por eso hace más de medio año formulamos una propuesta de Mesa Directiva de oposición y aquí tenemos el resultado.  — ¿Por qué se han dado esas fisuras en el oficialismo? Usted ha visto que el primer factor ha sido la intervención de Palacio de Gobierno en la propuesta de Ana María Solano. Eso es evidente. Ahí perdieron muchos congresistas y existen otros que también han sentido distanciamientos, no sé si hasta maltratos. Esto ha generado una situación en la cual son una segunda mayoría y no primera, como era antes. Ha saltado a la vista que sus relaciones con aliados tampoco son muy sólidas.  — ¿Qué nacionalistas y populistas votaron por usted? No lo sé. Y si lo supiera también guardaría muchas reservas sobre estas conversaciones que a veces se dan con mucha sinceridad, pero tengo que respetarlas no? Es el derecho a la privacidad que se ha solicitado en su momento.  — Sin quitar mérito a su candidatura, me suena como un castigo al oficialismo... Es una conjunción de hechos. Por un lado, tenemos deterioro del nacionalismo, improvisación, de repente confrontaciones internas. Y, por el otro, a una oposición creciente, sólida, coherente y cohesionada que ha trabajado esto con mucho orden y de una manera programática, a pesar de los comentarios de la primera dama […] Es parte de la política, pero lo cierto es que hemos trabajado propuestas primero. Ejes políticos con mucha claridad: el de la gobernabilidad, el de la relación de colaboración con mutuo respeto con el gobierno y el Poder Ejecutivo, y el de la transparencia en las próximas elecciones generales.","elcomercio","27/07/2015"
"Buena Relación","Estos demonios que puede haber en Palacio se van a despejar muy pronto.  — ¿Cuál cree que será la reacción de Palacio de Gobierno sobre su elección? Yo creo que el presidente debe sentirse tranquilo. Sé que muchos amigos que son ministros de Estado, como es el propio Pedro Cateriano y sus propios congresistas, le han dado cuenta de mi perfil político. Quizás el temor reside en que el fujimorismo puede estar detrás de mí y orientarme a convertirme en una bazuca contra el gobierno. Eso no va a pasar. Y me parece que estos demonios que puede haber todavía en Palacio se van a despejar muy pronto y vamos a poder mantener una relación muy buena y estrecha. Mejor que la que existió cuando el oficialismo manejaba el Congreso de la República.  — ¿Y por qué se daría eso? Porque el oficialismo se pegó demasiado a Palacio de Gobierno, entonces era una especie de dirección parlamentaria ‘in-house’ en la casa de gobierno. Y se vio el ejemplo cuando la propia presidenta abandonaba el Congreso para dirigirse a reunirse con el presidente de la República o la presidenta de su partido. Palacio conversaba prácticamente consigo mismo y no con el Congreso.  — Me está diciendo que el oficialismo le hizo más daño al Ejecutivo de lo que podría hacerle la oposición? Yo creo que el presidente de la República se va a dar cuenta de que sí. Que esa no es la forma de las cosas. No tiene que haber un control cercano intenso del Parlamento nacional. Hay que respetar la independencia del Congreso. Y en esta Mesa Directiva vamos a tener la capacidad de tender esos puentes de colaboración y respeto mutuo.","elcomercio","27/07/2015"
"Tejada insiste en que la izquierda vaya al 2016 con candidato único","El congresista Sergio Tejada, vocero de la agrupación política Bloque Nacional Popular, afirmó que insistirá en promover que los partidos de izquierda participen en las próximas elecciones con un único candidato. El ex parlamentario de Gana Per señaló que su agrupación se aboca, entre otros asuntos, a fomentar la unidad de los grupos de izquierda y progresistas del país, y de los que se oponen a las candidaturas de Keiko Fujimori y de Alan García.  Buscamos ir acercando a las diferentes fuerzas políticas. En el 2006, hubo tres candidaturas de izquierda, en el 2011 también, pero ahora lo óptimo es buscar la mayor unidad posible, dijo Tejada, tras comentar la alianza de su grupo con el partido de los fonavistas.  La segunda semana de julio, el Bloque Nacional Popular anunció su alianza con Democracia Directa, el partido de los fonavistas, durante un mitin en la Plaza San Martín.  El legislador Yehude Simon, de la agrupación Nueva Mayoría, dijo que anunciará su candidatura presidencial en agosto.  Otra coalición No obstante, la agrupación de Tejada no es la única que apuesta por la unidad de los grupos de izquierda. En abril, su colega Yehude Simon y el ex primer ministro Salomón Lerner Ghitis, entre otros, lanzaron un frente con miras al 2016, en el que Simon será el candidato.  Consultado de por qué las agrupaciones de izquierda no sumaron esfuerzos desde un principio, Tejada dijo que ello puede deberse a experiencias negativas y desencuentros que ahora les impiden concretar acuerdos más amplios.","elcomercio","27/07/2015"
"Perú Posible: Toledo será candidato con o sin juicio por Ecoteva","El secretario general de Perú Posible, Marcial Ayaipoma, aseguró que su líder, el ex presidente Alejandro Toledo, se presentará como candidato a la presidencia con o sin el proceso penal por el Caso Ecoteva.  Mientras no haya sentencia, goza de presunción de inocencia, remarcó ayer Ayaipoma tras asegurar que la campaña no se paralizar por este caso.  El dirigente de Perú Posible dio estas declaraciones tras expresar su confianza en que el Poder Judicial rechazará la denuncia que presentó la fiscalía el lunes pasado contra su líder y otros, como presuntos coautores del delito de lavado de activos.  Además, indicó que su partido está evaluando la posibilidad de adelantar el congreso nacional, previsto inicialmente para inicios de noviembre, a fin de acelerar el anuncio de la candidatura de Toledo. Indicó que la nueva fecha podría ser la primera o segunda semana de octubre. En otro momento, negó que esta candidatura sea utilizada para politizar las denuncias de la fiscalía a su líder.  Presión y persecución Para el ex dirigente de Perú Posible, Juan Sheput, Toledo está en condiciones de postular, en tanto no haya una condena firme en su contra. Sin embargo, indicó que su candidatura sería una forma de ejercer una presión indirecta al Poder Judicial y denunciar que hay una persecución política contra él.","elcomercio","27/07/2015"
"Promesas de 28 con pendientes","Hace un año, el presidente Ollanta Humala dio su cuarto mensaje a la nación. En más de una hora, formuló una serie de anuncios entre los cuales destacaron los relacionados a educación, seguridad y salud. Transcurridos 12 meses, ¿cuál es el estado de cumplimiento de las principales promesas? Luego de conversar con diversos especialistas, presentamos el balance previo al quinto y último mensaje presidencial.  A partir del próximo año se incrementará la inversión en educación en alrededor del 0,5% del PBI.  Estamos implementando un sistema integrado de patrullaje que al 2016 contará con más de 6.000 vehículos y 4.000 motocicletas.  En el 2015 daremos un paso importante con la creación del Instituto Nacional de Donación y Traslado de Órganos.  El aumento del presupuesto del sector Educación se efectuó en el año 2015. Se trató de S/.4.200 millones, que equivale a 0,5% del PBI. Por este incremento, hoy se destina el 3,5% del PBI en este sector. La meta es llegar al 5,5% del PBI para el 2021.  El próximo año se pondrán en funcionamiento 14 colegios de alto rendimiento.  Actualmente existen 14 colegios de alto rendimiento (COAR) en pleno funcionamiento. Hace menos de un mes, se firmaron diversos convenios por una inversión de más S/.360 millones para implementar 7 más. Para el 2016, se espera que funcionen 21 COAR en todo el país.  Durante el 2015 se implementará la política nacional de enseñanza de inglés. Al 2021 todos sabrán inglés.  El programa ha sido implementado solo en algunas escuelas públicas de Lima. Aún se está capacitando a los profesores (actualmente solo hay 1.700 docentes acreditados para dictar cursos de inglés) lo que dificulta poder ampliarlo a todo el país. Con este inicio, más allá de la continuidad del programa en el siguiente gobierno, la meta trazada para el 2021 se ve remota.  Para los próximos dos años aportaremos S/.2.500 millones al Programa Nacional de Infraestructura Educativa y buscaremos mediante obras por impuestos y alianzas público-privadas agilizar inversiones en educación.  El plan nacional se encuentra en funcionamiento. El sector privado participa en la construcción de infraestructura educativa a través de ambas modalidades (hay más de S/.200 millones comprometidos en colegios de alto rendimiento, colegios emblemáticos y escuelas rurales). El presupuesto público ya se ha asignado.  Hasta el día de hoy, la Policía Nacional no cuenta con un sistema de comunicación integrado de patrullaje eficiente. Si bien se ha adjudicado el sistema de radio Tetra, este ha sido cuestionado, ya que solo funciona en algunos distritos de Lima. En muchos casos los policías se tienen que comunicar a través de celulares prepago. Aún se espera la adjudicación de los vehículos.  Recién en abril de este año se instaló la comisión sectorial que se encargará de elaborar una propuesta legislativa con este fin. Todavía no hay avances concretos, por lo que será muy difícil que el instituto esté en pleno funcionamiento este año.  Al segundo semestre [del 2014] llegaremos a incrementar la Policía Nacional en 30.000 nuevos efectivos.  Este anuncio fue criticado debido a que se incorporaron a la PNP agentes con muy poco entrenamiento para tratar de cumplir la meta. Además, para llevar a cabo el conteo, no se restó la cantidad de policías que pasaban al retiro. El Ministerio del Interior no ha precisado la cifra exacta de nuevos policías.  En lo que va del gobierno, hemos remodelado, construido y ampliado 174 comisarías. Seguiremos esta tarea hasta alcanzar las 336 dependencias policiales.  No existe un plan integral para la remodelación de las comisarías en todo el país. A pesar de haberse remodelado la infraestructura de algunas de estas, la gran mayoría carece del equipamiento adecuado. No hay una dirección de infraestructura para articular la remodelación de manera eficiente. De acuerdo con la Defensora del Pueblo, existen comisarías que, incluso, carecen de servicios básicos.  A diciembre del 2014, todas las madres gestantes y niños que nazcan en el país estarán en el SIS.  A partir del 1 de enero del 2015 se empezó a brindar un seguro integral de salud a las madres gestantes y a los niños de 0 a 3 años. A partir del 2016, se asegurará a los menores de hasta 5 años.  A partir del 2015, contaremos con [el programa] Esperanza Móvil que recorrer 18 regiones para detectar el cáncer de cuello uterino, mama, próstata y piel.","elcomercio","27/07/2015"
"El próximo mensaje del presidente","Nada que esperar  “Esto va para el Perú entero. Yo sé que más de 30 millones de peruanos me están escuchando y el saludo va para ellos. Estoy agradecida a todo el pueblo peruano y a mi provincia, Junín”, subray Gladys Tejeda al ganar la medalla de oro en Toronto. El apabullante triunfo de una mujer cuya fuerza de voluntad la ayudó a remontar una vida de pobreza y adversidad da cuenta de un Perú pujante al cual no se le ha otorgado el lugar que merece. Nuestra campeona panamericana, nacida y criada en el Ande, representa a una república del trabajo cuyo esfuerzo cotidiano no aparece –salvo honrosas excepciones– en los titulares de los periódicos. La explotación, la ausencia de apoyo estatal y más recientemente la ola de delincuencia mellan el esfuerzo de los verdaderos constructores del Perú. Sin embargo, la frase de la madre de Tejeda evaluando la trayectoria de su hija (“Hay que terminar lo que estamos haciendo”) rescata la perseverancia de los que con su trabajo silencioso sostienen una república que se acerca al bicentenario de su vida independiente.  La idea de conectar trabajo y republicanismo surgió durante el proceso de la emancipación. La noción –que era funcional a un proyecto que cuestionaba los privilegios de la aristocracia virreinal– fue discutida por los redactores del “Mercurio Peruano”, aflorando en cada crisis económica del siglo XIX. En 1852, el liberal arequipeño José Simón Tejeda afirmó que el ejército que valía en una república era el de “la totalidad de sus hombres ocupados”. En 1856, Juan Espinosa –autor del “Diccionario Republicano”– definió al trabajo como una bendición, “el origen de todos los conocimientos humanos, de toda prosperidad”, el único capaz de hacer vivir al hombre en paz y en armonía. El peso económico de la nación descansaba, de acuerdo con Espinosa, sobre los hombros de las clases trabajadoras, las que no eran conscientes de su verdadero poder político. Durante el siglo XX, tanto el APRA como los partidos de izquierda cortejaron a los hombres y mujeres de trabajo pero obviaron, por cuestiones ideológicas, aquella poderosa relación con la república primigenia.  La carrera de fondo en el Perú la vienen corriendo esos millones de peruanos y peruanas anónimos que se levantan al alba para ganar su sustento y el de sus familias. Porque conmueve acudir a un mercado limeño o provinciano y encontrar una variedad de frutas y verduras artísticamente arregladas mientras a unos pasos reina el caos vehicular y una criminalidad rampante. Pequeños islotes de trabajo duro y honrado pugnando en un mar plagado de ineptitud, corrupción y ambición desenfrenada. La energía invertida por millones de peruanos dilapidada diariamente por un Estado que no es capaz de ordenar el transporte urbano y mucho menos evitar que los hijos y las alpacas de los pastores puneos se mueran de frío.  Indigna leer sobre los accidentes que ensangrentan nuestras calles y carreteras, sobre los cupos y extorsiones impuestas a los pequeños negocios o sobre la huida del ’empresario’ que defraudó al fisco. Jueces que no administran justicia, congresistas que representan sus propios intereses o grandes empresas que no pagan los impuestos que adeudan al Estado sabotean, sistemáticamente, el esfuerzo de la república del trabajo. A ella va mi saludo por Fiestas Patrias y a ella mis deseos porque tengamos muy pronto el gobierno que nos merecemos.","elcomercio","27/07/2015"
"Esperar algo positivo del mensaje presidencial de mañana será irracional.","Pese a su soberbia, Humala no tiene la capacidad (en realidad nunca la tuvo) para darle un giro a este gobierno, que pasará a la historia como uno de los más ineptos de nuestra república.  A lo largo de cuatro años de mandato, con una carencia del liderazgo que se necesita para conducir al Perú, el pseudonacionalismo de este comandante ha desestabilizado aún más la frágil institucionalidad democrática. La causa mayor es haber permitido que su esposa, Nadine Heredia, constituya un poder paralelo al Ejecutivo; y, bajo el pretexto de que ella es presidenta de su partido, ha pretendido introducir el concepto inaceptable de un gobierno ‘familiar’. A partir de esa instancia, y a lo largo de 48 meses, el humalismo traicionó su ‘gran cambio’, la hoja de ruta y la alianza con los artífices de su triunfo electoral. Lanzó, así mismo, una confrontación virulenta y gratuita contra la oposición, generando una sostenida tensión política dentro de la cual ha sido imposible cualquier fórmula concertadora. En medio del enfrentamiento, van facultades delegadas, iniciativas legislativas y manipulación de su bancada (hoy en desbande), se impusieron medidas equivocadas a espaldas del Parlamento y de los sectores directamente afectados. All están los ejemplos nefastos, por solo mencionar algunos, del cambio institucional en las FF.AA., las dos reformas erráticas de la Policía Nacional, la ‘ley pulpo’ y la nueva ley universitaria.  La corrosión institucional ha estado acompañada por todos los indicios de corrupción ya ampliamente conocidos: desde el financiamiento chavista en la campaña del 2006 hasta los casos de López Meneses, Belaunde Lossio y las llamativas finanzas de la señora Heredia. A eso debe sumarse la desvergüenza del espionaje interno masivo de la DINI sin que nadie haya sido sancionado.  En el plano de gestión, entre el 2011 y lo que va del 2015, el humalismo es responsable de desperdiciar muchas oportunidades que el Perú había acumulado para proyectar su salida del subdesarrollo. Debido a la irresponsable apuesta por un inexistentes piloto automático en el sector Economía y Finanzas, hoy estamos sumidos en recesión, con expectativas de crecimiento mínimo y embarcados en proyectos absurdos como el de la refinera de Talara. Entre tanto, correlativamente a la falta de definiciones presidenciales, los proyectos mineros están a la deriva y el stock de inversiones de hasta 70 mil millones de dólares no se realiza a espera de que cesen la incertidumbre política y la inseguridad interna. De modo que casi todos los programas de ‘inclusión social’ son una forma de asistencialismo insostenible si el país no avanza.  A Humala no debemos ‘agradecerle’ que, pese a todo, se haya mantenido el sistema democrático porque esa es su obligación constitucional. Tampoco debemos saludarlo por el respeto a la libertad de prensa, pues solo la acepta a regañadientes. En cuanto a los sectores que sí han cumplido, hay pocas excepciones, y quizá la mejor es Educación, sobre todo por la gestión del ministro y no por el apoyo presidencial.  Así, al margen del simbolismo patriótico, apenas debemos celebrar que solo le queda un año a este mal gobierno.","elcomercio","27/07/2015"
"Reformas pendientes","Para detener la erosión  - César Azabache -  Abogado  Algo está cambiando muy rápidamente entre nosotros. Ese algo se está expresando en una ebullición sin precedentes de denuncias e investigaciones sobre asuntos que antes resultaban invisibles o simplemente no queríamos mirar. La expansión del mercado produce cambios en el modo en que se valora la conducta de los demás. La desaceleración y la apertura de la sociedad a informaciones de todo tipo también. En cualquier caso, el sistema de circulación de dinero entre los sectores público y privado está en cuestión. Y su crisis debe reflejarse, más temprano que tarde, en cambios drásticos en el financiamiento (público) de proyectos de infraestructura y en el financiamiento (privado) de actividades políticas.  El proceso ha generado una lista larga de casos que se postulan como muestra de la corrupción que ha impregnado estos dos sectores. Sin duda no todos los casos propuestos merecen este estatus y no todos los casos que lo merezcan terminarán igual. En el camino pueden modificarse los roles asignados o asumidos por cada protagonista; pueden modificarse las narraciones que portan y pueden modificarse las reglas de juego o nuestra percepción sobre los hechos. En cualquier caso la cuestión por resolver en esta crisis no depende solo de los casos propuestos. La cuestión supone abordar la reforma de los circuitos de circulación de dinero que están en discusión, de modo que el proceso pueda adoptar una dimensión institucional constructiva, independiente del efecto que en un tiempo más comenzar a producir absoluciones y condenas.  El proceso en marcha debería modificar, para bien, la función de los límites que deben respetarse en el uso del dinero cuando se trata de política y de decisiones públicas sobre infraestructura. En el primer de estos sectores hemos ignorado que la dedicación a la política y la adhesión que ella debe generar en otros son fuente de un complejo sistema de intercambio de bienes y servicios. El principal factor de regulación del mercado formal son los impuestos. Pero como la actividad política no genera precios de mercado ni márgenes de ganancia (al menos no márgenes reconocidos), los impuestos (y el control de ingresos que conlleva) han permanecido al margen del sistema. Una manera de introducir el control de los intercambios en la política consiste en convertir las donaciones a organizaciones políticas en un componente del gasto deducible para fines tributarios. La otra consiste en promover el desarrollo de fundaciones que intermedien entre donantes y perceptores de donaciones, evitando el falso mecenazgo.  El financiamiento de obras públicas genera la segunda cuestión por resolver. Aprendimos ya que las empresas públicas no son una opción por diversas razones. Pero la asignación de proyectos por concurso se ha mostrado insuficiente para evitar la corrupción en este sector. Creo que es momento de cerrar las listas de proveedores a un sistema controlado por una superintendencia que tenga facultades de fiscalización semejantes a las que rigen en el sistema financiero. La vulnerabilidad de nuestro sistema a fondos de origen incierto es demasiado grande para no pensar en opciones de este tipo.  Confiar en que los tribunales se encargarán de los casos ahora en marcha y concentrarnos en un debate verdaderamente constructivo sobre el sentido de las reformas que debemos abordar, parecen ser condiciones indispensables para recuperar la estabilidad institucional que estamos poniendo en riesgo.","elcomercio","27/07/2015"
"El falso dilema?","Libertad o prosperidad?  - Carlos Alberto Montaner -  Periodista y escritor  Nos dicen que hay que sacrificar la libertad para alcanzar la prosperidad. Mentira. Ese es un falso dilema generalmente planteado por los autoritarios. La prosperidad es muy conveniente para nuestro bienestar material, pero la libertad es absolutamente necesaria para nuestro bienestar emocional. No hay que elegir.  La libertad tiene que ver con el dolor de vivir enmascarado. Bruce Jenner –por ejemplo– fue un gran deportista y se convirtió en señora. Ahora es feliz. Al menos, más feliz que antes. Se despojó de la máscara. En Irán la hubieran ahorcado del extremo de una grúa para que el crimen sirviera de escarmiento, sin tener en cuenta que su único delito era buscar la coherencia interna.  Hay mil ejemplos posibles. La libertad es eso: poder tomar decisiones congruentes con nuestras creencias y valores. Elegir las ideas que nos parecen correctas, seleccionar sin imposiciones externas nuestros amigos, libros, afectos, proyectos de vida, carreras, preferencias sexuales, creer en ciertos dioses o en ningún Dios. También, claro, poder escoger a nuestros gobernantes y oponernos vehementemente a los que nos resultan nefastos.  No es una cuestión baladí. Simular y mentir duele. Contrario a lo que sostiene mucha gente, haber evolucionado hacia la racionalidad nos ha convertido en criaturas fisiológicamente sujetas a vivir conforme a nuestra verdad interior. Ha advertido el lector todo lo que nos sucede cuando mentimos? Sudamos, nos cambia el tono de voz, se acelera el corazón, se enrojece nuestro rostro, el organismo, en suma, se rebate.","elcomercio","27/07/2015"
"La libertad tiene que ver con el dolor de vivir enmascarado","Bruce Jenner –por ejemplo– fue un gran deportista y se convirtió en señora. Ahora es feliz. Al menos, más feliz que antes. Se despojó de la máscara. En Irán la hubieran ahorcado del extremo de una grúa para que el crimen sirviera de escarmiento, sin tener en cuenta que su único delito era buscar la coherencia interna.  Hay mil ejemplos posibles. La libertad es eso: poder tomar decisiones congruentes con nuestras creencias y valores. Elegir las ideas que nos parecen correctas, seleccionar sin imposiciones externas nuestros amigos, libros, afectos, proyectos de vida, carreras, preferencias sexuales, creer en ciertos dioses o en ningún Dios. También, claro, poder escoger a nuestros gobernantes y oponernos vehementemente a los que nos resultan nefastos.  No es una cuestión baladí. Simular y mentir duele. Contrario a lo que sostiene mucha gente, haber evolucionado hacia la racionalidad nos ha convertido en criaturas fisiológicamente sujetas a vivir conforme a nuestra verdad interior. Ha advertido el lector todo lo que nos sucede cuando mentimos? Sudamos, nos cambia el tono de voz, se acelera el corazón, se enrojece nuestro rostro, el organismo, en suma, se rebela.  El autoritarismo familiar, social, religioso o político, que nos obliga a comportarnos de maneras ajenas a lo que nos dicta nuestro verdadero yo y nuestras particulares necesidades emocionales, genera en los seres humanos un doloroso malestar que suele traducirse en comportamientos neuróticos. La libertad, en cambio, nos dota de una saludable paz interior.  Y la prosperidad? La prosperidad también requiere de la libertad individual. Es, fundamentalmente, el producto de las personas emprendedoras, a veces dotadas del genio innovador, a veces no, pero siempre perseverantes y dispuestas a posponer el disfrute de sus esfuerzos para ahorrar, continuar invirtiendo y crecer ininterrumpidamente. El camino más rápido para empobrecer a una sociedad es cerrar la puerta a los emprendedores, obstaculizar sus esfuerzos, perseguirlos o acusarlos de egoístas e insolidarios.  En los estados en los que la iniciativa económica está en las manos de un grupo de burócratas y comisarios, o a veces, como sucede en Cuba, en las de un narcisista tontiloco y palabrero, siempre a la búsqueda de un atajo definitivo a la gloria, lo que se produce es el aplastamiento de la sociedad.  Y China? No es China un caso elocuente de una dictadura sin libertades que va solucionando el inmenso problema de la pobreza? Esa es una conclusión absurda. Es verdad que al permitir el esfuerzo individual y la existencia de propiedad privada los chinos han dado un salto prodigioso, pero mejor les hubiera ido en un clima de libertad total, como el alcanzado por Taiwán o Corea del Sur.  Los 20 países más prósperos del mundo son, además, los más libres, con algunas excepciones, como Singapur, donde pudieron haber sido libres y prósperos simultáneamente, pero, desgraciadamente, Lee Kuan Yew padecía de un lamentable carácter autoritario que lo transmitió a su gestión gubernamental.  No hay duda de que es más difícil gobernar en libertad, buscando consensos, cediendo y negociando dentro de las instituciones y la ley, y probablemente es cierto que el ritmo del desarrollo es más lento, pero el resultado final es infinitamente superior y más duradero. Estados Unidos nunca ha crecido espectacularmente. Pero lleva 239 años de crecimiento casi constante, con escasos períodos de contramarcha. Benjamin Franklin advirtió que “quien sacrifica la libertad para alcanzar la seguridad, acaba por no tener ni una ni otra”. A quien la sacrificaba pensando en la prosperidad le sucedería lo mismo.","elcomercio","27/07/2015"
"Quizás este 28 de julio lo que el Perú necesita es que todos comencemos a sentirnos compatriotas","Como sucede con los más de tres millones de peruanos que viven fuera del país, donde lo único que importa para quererse es tener el pasaporte rojo con el escudo de la vicuña, la cornucopia y el árbol de la quina grabado en la tapa.  Cuando nos encontramos fuera, con la excepción de algún huachafo que quiere darse aires de grandeza que generalmente no tiene, consideramos “nuestro paisano” a todo nacido en esta tierra, sea de donde sea. All, al conocernos, la pregunta obligada es: ¿De dónde eres?, y hasta hace algunos años la respuesta era un simple “de Arequipa” o “de Huancayo” o “de Lima”. Pero hoy el limeño dice también, casi automáticamente, “de Breña”, “de Los Olivos” o “del ‘Llauca’”, si se trata de un chalaco orgulloso. Cosas del crecimiento.  Los encuentros se dan casi siempre en lugares donde la comunicación boca a oreja nos dice que llegan los paisanos. Puede ser una pollería o restaurante de cocina peruana, el negocio de algún compatriota o una calle donde se sabe que llegan y que hasta tiene ambulantes que venden canchita. Y si hay pocos de acá en ese rumbo, el ‘point’ es la bodeguita que regenta un mexicano o colombiano, que atrae a bolivianos, ecuatorianos, peruanos y otros latinoamericanos, porque all cada quien encuentra “su” panela, papelón, piloncillo o raspadura, que es solo “nuestra” misma chancaca con diferentes polleras.  All se recuerda con nostalgia el país, se habla de lo bien que se come aquí (y lo mal que comen los de all), se conversa de conocidos comunes y algo de política (no mucho), y sobre todo se pasan datos. Datos importantesísimos en caso del “síndrome de abstinencia peruana”, como dónde encontrar los “verdaderos” limones para el ceviche, el ají panca para el escabeche, el restaurante que sirve un pisco sour “pasable”, nunca como el de casa; y también, para quien lo necesita, alguna chambita para completar el ingreso, un médico latino o un buen abogado en temas de migraciones.  Y cuando hay reunión “donde alguien”, quizá no haya ceviche (difícil de hacer en muchos sitios), pero no faltan el ají de gallina, la papa a la huancaina (con salsa Alacena, que saca de apuros) y el infaltable (y tan simbólico, que hasta una tarjeta telefónica para peruanos en EE.UU. tuvo esa marca) arroz con pollo. Todo se riega con Inca Kola, Cusqueña o Pilsen, cada vez más fáciles de hallar, y si alguien recibió encomienda, se endulza con Sublime, tortón de Doña Pepa o panetón D’Onofrio, además de la Mazamorra Morada Universal o el arroz con leche que hizo la dueña de casa.  Pero lo mejor sucede cuando es reunión por 28, pues todos se emocionan con el himno nacional cantado con la mano en el pecho (y el corazón en la mano), casi al borde de las lágrimas. Y todos sueñan con el Perú porque nadie más tiene ricas montañas, hermosas tierras, risueñas playas, Machu Picchu, causa causa y Cua Cua.  En ese momento todos son compatriotas y se quieren, grandes, chicos, ricos, pobres, legales, ilegales, apristas, comunistas, de derecha o de centro, blancos, morenos, mestizos, chinos, serranos, costeños o chapitas. Como deberíamos también querernos los 31 millones que estamos este 28 de julio aquí, en esta tierra del inca que nos vio nacer. ¡Feliz 28, compatriota!","elcomercio","27/07/2015"
"Salud Mental","Efraín Tréllez Aréstegui Historiador y periodista deportivo Nací en Apurímac, tengo 62 años pero parezco de 61. Estudié en el colegio Alexander von Humboldt, en la Pontificia Universidad Católica del Per (PUCP) y en la Universidad de Austin, en Texas (EE.UU.). Mi mayor virtud es carecer de la ambición necesaria para perder la libertad. Es una carencia que agradezco. Mi peor defecto es confiar en que me van a pagar con la misma moneda. Hace unos días presenté mi libro “Puericultorio Augusto Préz Aranbar: historia de un sueño”, que contó con el auspicio de la Asociación del Voluntariado del Puericultorio Préz Aranbar.  El Premio Nobel de Medicina, Peter Medawar, dijo que la inteligencia estaba disminuyendo en el mundo desde 1940. Enrique Fromm, en su libro Psicoanálisis de la Sociedad Contemporánea, decía que el verdadero problema de la salud mental no es por qué enloquecen o se neurotizan algunas personas, sino por qué la mayoría de las personas no enloquece ni se neurotiza.  Traigo esto a colación porque no estoy muy seguro de que actualmente pudiéramos decir lo mismo. Tampoco podríamos decir que la mayoría de la gente está loca. Tampoco. Pero sí que la mayoría está más alterada que la mayoría de mediados del siglo pasado. Por entonces los mecanismos de defensa y protección y lo que Adler llamaba “el arreglo”, todo ello era más funcional y en consecuencia había menos desequilibrio mental. Hoy el desequilibrio es mayor y naturalmente menor la sanidad y sin ella cualquier emparejamiento resulta disfuncional. Refiere a este respecto la hija de José Donoso, Pilar Donoso, que cuando sus padres estaban noviados, él le pidió a ella que antes del matrimonio se psicoanalizara, porque para casarse hay que tener por lo menos limpio el desván, y ella obedeció y efectivamente se psicoanalizó.  La búsqueda, o como antes se decía, la búsqueda de personas sanas es cada vez más difícil, porque la sanidad escasea considerablemente. Escasez que tiene por lo menos treinta o cuarenta años. Por eso Daniel Goleman, en su libro La Inteligencia Emocional, publicado en 1995, hace 20 años, dice en la página 18 lo siguiente:  Tal vez el dato más perturbador de este libro sea que hay una tendencia mundial de la actual generación de niños a tener más conflictos emocionales que la generación anterior; a ser más solitarios y deprimidos, más airados e indisciplinados, más nerviosos y propensos a preocuparse, más impulsivos y agresivos.  Esto corrobora, hablando en términos generales, que la gente de hoy está más enferma que la gente de hace dos o tres generaciones. Y como la estupidez corre a las parejas con la insanidad, hoy no sólo hay más enfermos, sino también más estúpidos.  El Premio Nobel de Medicina, Peter Medawar, dijo que la inteligencia estaba disminuyendo en el mundo desde 1940, aproximadamente. Muchos dudaron de su aserto, pero hoy todo el mundo reconoce que tenía razón.  Suele decirse, repitiendo a Séneca, que es propio del hombre equivocarse, y es cierto; sólo que siempre conviene agregar que es diabólico perseverar en el error. Como decía el físico Richet, estar dotado de razón y ser insensato, es algo mucho más grave que no estar dotado de razón.","elcomercio","27/07/2015"
"Idad [entre estos y los judos], advirtió el Gobierno de Jordania en un comunicado.","Que no se repita. En la misma nota, el Ejecutivo jordano pidió al Gobierno Israel que asuma su responsabilidad como país ocupante y haga todo lo que está en su mano para impedir que se repitan estas agresiones a los lugares sagrados. Ante el muro sin incidentes, pero otros más radicales habrían intentado rezar en los accesos de la explanada, motivando los enfrentamientos. Unos 300 agentes entraron entonces en el recinto para enfrentarse a unos 200 palestinos, llegando incluso a penetrar unos metros en el interior de la mezquita, según un fotógrafo de la AFP. En unas fotografías distribuidas por la policía podían verse las puertas de madera del lugar de culto desgarradas, con tapices rasgados y el suelo cubierto de piedras. Según la policía, fueron los musulmanes atrincherados en la mezquita los que empezaron a lanzar piedras y proyectiles desde el interior de la mezquita. En noviembre se habían producido enfrentamientos similares, ante los que Israel tomó la decisión de cerrar la explanada, provocando una crisis diplomática con Jordania, encargada de la supervisión del lugar.","elcomercio","27/07/2015"
"Trump se afianza y sigue primero entre los candidatos republicanos","Washington [el comercio/efe]. No importa lo que diga, Donald Trump sigue conquistando a los electores. El magnate inmobiliario y precandidato republicano ha ampliado su respaldo y lidera la intención de voto de cara a las primarias del partido conservador en EE.UU. sobre sus inmediatos seguidores, Jeb Bush y Scott Walker, indicó una nueva encuesta de CNN/ORC. De acuerdo con los resultados, Trump cuenta con un respaldo del 18% entre los republicanos, frente al 15% del ex gobernador de Florida Jeb Bush y el 10% del actual gobernador de Wisconsin Scott Walker. Se trata de la primera encuesta llevada a cabo después de la polémica generada por los ataques de Trump al senador republicano y ex candidato presidencial en el 2008 John McCain. El precandidato republicano cuestionó la carrera militar de McCain y su condición de héroe de guerra, esto le trajo numerosas críticas dentro del propio partido. Trump, que no ha parado de hacer campaña en los últimos días, aprovechó los resultados de la encuesta para defender las posibilidades de su candidatura: ‘Hay un movimiento en marcha. Esto es más que yo. La gente está cansada de estos políticos incompetentes en Washington que no son capaces de hacer nada’, explicó Trump a CNN. Contra todos. Trump ha advertido que postulará como independiente si sigue recibiendo críticas del partido Republicano.","elcomercio","27/07/2015"
"El futuro de África depende de los africanos, dice Obama","En su último día en Kenia, el presidente de Estados Unidos instó a combatir la corrupción, el tribalismo y la discriminación contra las mujeres. El mandatario llegó anoche a Etiopía. Nairobi [agencias]. Barack Obama dejó Kenia, la tierra de su padre, pero prometió volver cuando acabe su presidencia. ‘La próxima vez quizás ya no venga en traje’, bromeó el mandatario de EE.UU. en uno de sus discursos que dio en un país que vivió la obamana durante tres días. Ayer, ante una entusiasta multitud que acudió al estadio Kasarani de Nairobi, dio otro potente mensaje: instó a renunciar a la corrupción y al tribalismo, y a enfrentar el futuro por su propia cuenta. ‘El futuro de África depende de los africanos […] Creo que durante demasiado tiempo muchos miraron afuera en búsqueda de salvación y culpaban a los demás de los problemas del continente’, dijo el presidente. Obama opinó que Kenia debería tomar decisiones difíciles para acabar con ‘malas tradiciones’ como los sobornos, la violencia doméstica y la discriminación sexual. Según la organización Transparencia Internacional, Kenia se sitúa en el puesto 145 de los 175 países con mayor corrupción. El presidente estadounidense también denunció el tribalismo, considerando que ‘una política basada solamente en los clanes y en la etnia es una política condenada a dividir un país’. Obama también insistió en la necesidad de modificar el papel de las mujeres en la sociedad: ‘Tratar a las mujeres como ciudadanas de segunda clase es una mala tradición, los retrasa’. El presidente abandonó Kenya por la tarde y se dirigió a Etiopía, otro aliado clave de Occidente en materia de seguridad, pero muy cuestionado en el ámbito de los derechos humanos. A su llegada a la capital etíope, fue recibido por el primer ministro Hailemariam Desalegn, con quien se reunirá hoy.","elcomercio","27/07/2015"
"Ocho muertos","Al Shabab ataca hotel en Somalia. Mogadiscio [AP]. Un atacante suicida embistió ayer con una camioneta cargada de explosivos el perímetro de seguridad del hotel de lujo Jazeera, en la capital somalí, con lo que mató a ocho personas, informó el capitán de la policía Mohamed Hussein. El atentado, que también hirió a 20 personas, fue reivindicado por el grupo Al Shabab, vinculado con Al Qaeda. El hotel es frecuentado por funcionarios gubernamentales, diplomáticos y extranjeros. El atentado se produjo cuando el presidente de EE.UU. Barack Obama partía de Kenia, fronteriza con Somalia, hacia Etiopía. Durante su visita a Kenia, Obama admitió que Al Shabab seguía siendo una amenaza, pero aseguró que habían sido ‘debilitados’. La lucha conjunta entre Kenia y EE.UU. contra Al Shabab ha sido precisamente uno de los temas más destacados en la agenda de Obama en África. La milicia islamista anunci en el 2012 su adhesión formal a la organización terrorista Al Qaeda.","elcomercio","27/07/2015"
"Impresionante y entusiasta afición en la sierra de Lima","En el valle del río Chancay, en las alturas de Huaral, al norte del departamento de Lima, cada localidad compite con los pueblos vecinos en la organización de sus corridas. El sentimiento taurino en todo el Perú es notable. La tradicional corrida de Ravira, en Huaral, el pasado miércoles 22, es muestra notable de la afición a la tauromaquia que vive de forma tan intensa millones de peruanos, extendiéndose dicha afición por todo el territorio nacional. Es por eso que se celebran más de 650 festejos taurinos cada año en el Perú, todos ellos en plazas que se llenan hasta la bandera, con varios miles de compatriotas –que asisten en familia, desde pequeños niños, hasta venerables abuelos– en cada corrida. Ravira es un pequeño pueblo de la sierra de Huaral, al norte del departamento de Lima, ubicado a más de 2.500 metros de altitud. En Ravira, donde no hay más de 250 casas, viven permanentemente solo unas pocas decenas de personas. Muchos han emigrado a Huaral o a Lima. Sin embargo, el día de Santa María Magdalena, patrona del pueblo, no cabe un alfiler en su plaza de toros, con capacidad para algo más de 2 mil personas. Los que se quedan fuera, por agotarse las entradas, se encaraman en los cerros aledaños para no perderse la corrida. Los autos y camionetas en los que llegan los aficionados saturan las escarpadas vías de acceso y salida. El ambiente de fiesta es general: desde la procesión matinal alrededor de la Plaza de Armas, a lo largo de la corrida, y luego en la fiesta nocturna con la que cierran sus festejos. Pero Ravira no es un caso único −EN EL INTERIOR DEL PERÚ− Sin corridas de toros, a las que asisten millones de peruanos en todo el país, aquellas fiestas patronales no serían posibles.","elcomercio","27/07/2015"
"Noticias del mundo taurino","La estadística. Roca Rey y Galdós en el escalafón. Los dos se sitúan entre los cuatro novilleros que más torean en España y Francia. Encabeza el escalafón Ginés Marín, con 19 novilladas y 24 orejas. El segundo es Varea, con 13 y 7 orejas. El tercero es Roca Rey, con 11 y 21 orejas; 5 en plazas de primera, con 5 trofeos. El cuarto es Galdós, con 10 y 15 orejas. El quinto, Posada de Maravillas, con 8 y 11 orejas. Lo siguen Alejandro Conquero (8 y 9 orejas), Francisco Espada (8 y 6 orejas) y Iván López (7 y 20 orejas). Andrés Roca Rey Sus próximos compromisos. Lidiar 13 novilladas antes de su alternativa, el 19 de septiembre en Nîmes, de manos de Enrique Ponce. Actuar en otras, a ser anunciadas en agosto. Con las de Colombia y México se acercará a las 30 actuaciones. Llegar muy preparado a su doctorado. El 2 de agosto, en Hagetmau, Francia, con Louis Husson e Iván García, con serios albaserradas de José Escolar. El día 8, mano a mano con el venezolano Colombo, en Navas de San Juan. El 9, en Soustons, Francia, con Ginés Marín y Luis Adame; y el 13, en Dax, Francia, con Husson e Iván Lorenzo, con El Parralejo; y el muy taurino 15 de agosto, día de la Asunción, con Husson y Galdós, en Roquefort, Francia, con los de Pedraza de Yeltes. Sin duda, Acho querr verlo más de una vez. Joaquín Galdós Bordar las 30 novilladas. Tiene aún por delante 11 novilladas y otras en las que se le anunciar pronto. Como comparación, en el 2014 encabezaron el escalafón de novilleros José Garrido, con 31 festejos, y Borja Jiménez, con 30. El 1 de agosto torear novillos de Osborne en Riscle, Francia, con De Miranda y Husson. El 3, en Hagetmau, los santacolomenses de La Quinta, con Posada y Lilian Ferrani. El 9, en Millau, Francia, con Ferrani y Pablo Aguado; y el 15, con Roca Rey y Husson, en Roquefort. Galdós es indispensable en la novillada de la Feria del Señor de los Milagros. No programarlo en Lima demostraría escasa sensibilidad de Citotusa. PG. Web Plaza de Las Ventas Indispensables. Andrés Roca Rey y Joaquín Galdós deben actuar en Acho este año; la afición limeña los reclama. Acho Monumental. A solo dos meses y medio de la feria, aún no se anuncian los carteles. La afición de Lima, ansiosa.","elcomercio","27/07/2015"
"Joao Galds","Bordear las 30 novilladas Tiene aún por delante 11 novilladas y otras en las que se le anunciar pronto. Como comparación, en el 2014 encabezaron el escalafón de novilleros José Garrido, con 31 festejos, y Borja Jiménez, con 30. El 1 de agosto toreará novillos de Osborne en Riscle, Francia, con De Miranda y Husson. El 3, en Hagetmau, los santacolomas de La Quinta, con Posada y Lilian Ferrani. El 9, en Milas, Francia, con Ferrani y Pablo Aguado; y el 15, con Roca Rey y Husson, en Roquefort. Galds es indispensable en la novillada de la Feria del Señor de los Milagros. No programarlo en Lima demostraría escasa sensibilidad de Citotusa.","elcomercio","27/07/2015"
"Indispensables","Andrés Roca Rey y Joao Galds deben actuar en Acho este año; la afición limeña los reclama. Acho Monumental. A solo dos meses y medio de la feria, aún no se anuncian los carteles. LA AFICIÓN DE LIMA, ANSIOSA Citotusa, peligroso autismo empresarial debe ponerse a la altura de Acho y Citotusa, empresa ecuatoriana actuar en consecuencia. Al anunciar dichas ferias tan tarde, tendrá que asumir costos extraordinarios, una campaña significativa de promoción y publicidad, y todos los gastos adicionales de tener que hacer –por decisión propia– las cosas a última hora. Lima no admite nada menos.","elcomercio","27/07/2015"
"Citotusa, peligroso autismo empresarial","debe ponerse a la altura de Acho y Citotusa, empresa ecuatoriana actuar en consecuencia. Al anunciar dichas ferias tan tarde, tendrá que asumir costos extraordinarios, una campaña significativa de promoción y publicidad, y todos los gastos adicionales de tener que hacer –por decisión propia– las cosas a última hora. Lima no admite nada menos. Importante evento para un monumento que es hito notable entre los que conforman Lima colonial; edificio vivo y una de las bases sobre las que se apoya la declaración de Unesco que considera a Lima y al Rímac como Patrimonio de la Humanidad.  El persistente silencio de Citotusa a solo dos meses y medio de la Feria del Señor de los Milagros –que linda con el autismo empresarial–, que sería lógico en una organización que se ocupase de asuntos muy confidenciales y secretos, es un absoluto contrasentido en una empresa cuya actividad es organizar espectáculos y que, por lo tanto, necesita constante comunicación con su público e ir creando ambiente y expectativa. Si no rectifican de inmediato su errada política, será muy difícil que logren atraer público a Acho.  Por ello, Citotusa, que llegó a Lima tras gerenciar Quito –plaza festiva y moderna, muy lejos en cuanto a categoría de la majestuosa solera de Acho– y Ambato, sencilla plaza de pueblo en Ecuador, no Fernando Villavicencio, el diestro preferido, desde hace ya varias temporadas, por los pueblos del valle de Huaral.  Serna estuvo bien en ambos, pero falló con el estoque en su primero. Al segundo, un mansito encastado que logró meter en muleta, le cortó las dos orejas y el rabo. Savalli recién está explorando el Perú taurino, pero ya aprendió a torear al público local. Estuvo por debajo de sus toros, pero con sus buenas maneras, se metió al público al bolsillo y cortó un rabo excesivo. Villavicencio –reiteramos lo dicho hace tiempo– requiere de un matador de toros experimentado que lo aconseje y guie para poder remontar y progresar. Igual encantó a los ravireños.","elcomercio","27/07/2015"
"Una frgil esperanza","En un contexto como el actual, en el que los principales personajes del humalismo son objeto de acusaciones de diverso calibre y su aprobación se ha desmoronado a niveles inditos, una Mesa Directiva opositora podría significar un alivio. Mensaje y reto de la elección de Luis Iberico como presidente del Congreso. Ayer la lista encabezada por el congresista Luis Iberico de la bancada de PPC–APP fue elegida para asumir la Mesa Directiva del Legislativo por el año que le resta a la administración humalista en el poder. Como se sabe, esta lista representaba a la oposición más radical al gobierno, mientras que la encabezada por Vicente Zeballos, de Solidaridad Nacional, contaba con el apoyo del oficialismo pero trataba de expresar una opción que, si bien no confrontaba abiertamente con este, tampoco era instrumento suyo.  Al final, la votación de 70 contra 55 –cuando hasta la mañana de ayer, los cálculos extraoficiales hablaban de un empate o de una victoria ajustada de Zeballos– reveló que el endose gubernista al candidato de Solidaridad Nacional acabó siendo un sello indeleble y un fardo demasiado gravoso de cargar. Y eso entraña un mensaje político sobre el cual vale la pena reflexionar.  Es evidente que en el resultado a favor de Iberico pesaron votos provenientes de la bancada de Gana Perú y de sus aliados habituales, que el humalismo imaginaba suyos. Y es posible que entre estos se hayan contado incluso los de Marisol Espinoza y Omar Chehade, las dos personas que completaron la plancha con la que Ollanta Humala fue elegido en el 2011. No por gusto declararon ellos, poco antes del sufragio, que los errores han pasado la factura al nacionalismo y que el gobierno perdería la elección por walk over a causa de la terquedad, la obstinación y los celos, respectivamente.  De cualquier forma, las deserciones en las filas del gobierno dan testimonio del aislamiento en el que progresivamente se ha sumido Palacio en estos cuatro años y de la torpeza que significó imponer el año pasado la postulación de Ana María Solórzano al cargo que ahora han perdido, al costo de provocar una escisión en la bancada. Particularmente sintomático es en ese sentido, además, el anatema a la eventual postulación de Marisol Espinoza por el nacionalismo que la primera dama ratific días atrás.  El oficialismo, pues, no entendió el mensaje de necesidad de apertura que comportaba la apretada victoria del año pasado –por dos votos de diferencia y en segunda votación– a la Mesa Directiva del Parlamento y ahora ha pagado las consecuencias con una humillación contable, porque aun camuflado tras una postulación ajena ha sufrido una derrota aparatosa.  Esta circunstancia, por supuesto, le plantea un reto a la lista ganadora. Le toca a ella, en efecto, tener la largueza democrática de la que el humalismo hasta ahora careció en el Legislativo. No solo le corresponde asegurar una transición ordenada al próximo gobierno y sin que los exabruptos de la campaña se filtren en el trabajo parlamentario, sino asegurar que la búsqueda del equilibrio de poderes no se confunda con un obstruccionismo que impida sacar adelante las eventuales iniciativas razonables en las que el Ejecutivo pudiera embarcarse. Todo esto sin renunciar a la inclusión en la agenda del pleno de los informes de las distintas comisiones investigadoras que pudieran incomodar a la actual administración.  Tiene adicionalmente la nueva Mesa Directiva la obligación de impulsar asuntos que son de exclusiva responsabilidad del Congreso, como las reformas electorales pendientes y la elección del Defensor del Pueblo, y que en última instancia podrían redundar en la revalorización de un poder del Estado que es central para la democracia y que, sin embargo, desde hace décadas y bajo distintos gobiernos, no ha hecho sino perder prestigio y estima ciudadana.  Felizmente, en sus primeras palabras como presidente del Parlamento, Iberico ha hablado de contribuir con la gobernabilidad y de una actitud dialogante y de respetuosa colaboración con los otros poderes del Estado, así como de la voluntad que existe en él y la gente que lo acompaña de enfrentar las materias que hemos señalado líneas arriba.  Con ello ha abierto una frágil esperanza de que nuestras autoridades políticas, con preeminencia de si pertenecen al gobierno o la oposición, estén por una vez a la altura de lo que la ciudadanía espera de ellas cada vez que deposita su voto en un proceso electoral. Una esperanza que esta vez no puede ser defraudada porque el precio a pagar sería demasiado alto.","elcomercio","27/07/2015"
"Presupuesto de Lima para obras sube a S/.385 mlls.","Concejo aument en 24% recursos para mejoras en infraestructura. miguel bellido /archivo El ltimo jueves, el Concejo de Lima aprob, con dos abstenciones, modificar su partida presupuestal para obras y elevar hasta en 24% los recursos asignados para nuevos proyectos de inversin para lo que queda del ao. De esta forma, el municipio cuenta ahora con S/.385 millones para realizar obras en lo que resta del 2015. A inicios de ao, la teniente alcaldesa Patricia Jurez haba informado que slo contaban con S/.15 millones para nuevas obras. En marzo, el alcalde Luis Castaeda Lossio asever que gracias a una reingeniera en el presupuesto municipal, a travs de la reduccin del gasto corriente y de la contratacin de servicios, se iban a generar S/.500 millones para financiar obras y proyectos en la capital, lo que an no se ha conseguido del todo. ms del presupuesto precisin municipal La comuna limea aclar que los nuevos recursos no sern utilizados en las obras del by-pass de 28 de Julio ni en el Puente Bella Unin. Segn un comunicado de la comuna, con los S/.385 se harn 119 obras. Entre esos proyectos destacan: la ampliacin del Gran Mercado Mayorista de Lima, ubicado en Santa Anita; la mejora en la sealizacin de las estaciones y el corredor del Metropolitano; y la ampliacin del parque zonal Cahuide, en Ate Vitarte. Sergio Bravo, especialista en temas de gestin pblica, afirm que este presupuesto sigue siendo bajo para las complejas obras que necesita la capital. Indic que la comuna debe abocarse a mejorar la infraestructura del transporte pblico. Hernn Nez, regidor de Dilogo Vecinal, indic a El Comercio que este aumento del presupuesto es producto de las recaudaciones del municipio. En tanto, el regidor Luis Jimnez (Apra) asever a este Diario que su bancada fiscalizar que los proyectos que presente el municipio no sean de naturaleza cortoplacista.","elcomercio","27/07/2015"
"Exhiben en Japn la flor ms grande del mundo","Un aro gigante, considerada la flor ms grande del mundo, ha brotado en los Jardines Botnicos Jindai de Tokio (Japn) por primera vez en cinco aos, inform el recinto. La planta, de unos dos metros de alto, florece entre tres o cuatro veces a lo largo de sus 40 aos de vida.","elcomercio","27/07/2015"
"New Horizons detecta niebla en Plutn","Un nuevo hallazgo de la sonda espacial New Horizons ha demostrado que Plutn posee niebla, inform la NASA. Segn la agencia espacial, la capa de niebla se ubica a unos 80 km por encima de la superficie del planeta enano. Se detect otra capa a unos 50 km.","elcomercio","27/07/2015"
"Desmantelan red de falsificacin de iPhones","La policia de Beijing (China) detuvo a 9 personas relacionadas con una compaa que haba fabricado ms de 40.000 iPhones falsos por un valor aproximado de US$19,6 millones, segn inform el cuerpo policial. Ms de un milln de componentes se decomisaron.","elcomercio","27/07/2015"
"El tratamiento innecesario del cncer terminal","Aplicar quimioterapia paliativa a un enfermo de cncer terminal no solo es intil para alargar su vida, sino que empeora su calidad de vida. A varios especialistas, a pesar de la experiencia, les cuesta reconocer que, aunque se haga todo lo posible, la persona no podr salvarse. No es uN paliativo. investigadores demostraron que la administracin de quimioterapia empeoraba la calidad de vida de los pacientes con cncer terminal. u no de los retos ms grandes que tienen los mdicos es aprender a reconocer el momento en que su paciente con cncer ha llegado a la etapa terminal. A pesar de su gran experiencia, muchos mdicos (incluidos los onclogos) no saben reconocerla o tienden a sobreestimar el tiempo que va a vivir su paciente. Se define como cncer terminal a la etapa de la enfermedad en la que los tratamientos ya no tienen efecto alguno y el tumor sigue creciendo sin control, lo que ocasiona que el paciente pierda completamente el apetito y las ganas de vivir. No saber reconocer el estado terminal de la enfermedad impide que el enfermo empiece a recibir tratamientos paliativos que le mejoren su calidad de vida o causa la aplicacin de tratamientos y hospitalizaciones innecesarias, con la consiguiente angustia de pacientes y familiares. El uso de morfina, por ejemplo, til cuando el paciente con cncer llega al estado terminal, es retrasado o simplemente se descarta porque el mdico no sabe reconocer que su paciente ha llegado a la ltima etapa de su cncer. Por otro lado, muchos   Se define como cncer terminal a la etapa de la enfermedad en la que los tratamientos ya no tienen efecto alguno.   Los tratamientos innecesarios al final de la vida no solo son ineficaces, sino que dan la calidad de vida de nuestros seres queridos. onclogos administran quimioterapia al enfermo terminal bajo argumentos tan subjetivos como: Algo hay que darle al paciente o de repente se va a mejorar. Muchos otros especialistas amparan su decisin en una recomendacin de la Sociedad Norteamericana de Oncologa Clnica, que dice que la quimioterapia paliativa podra estar justificada en pacientes con ciertos tipos de cncer terminal con una calidad de vida adecuada. Recientemente, un despreciable mdico onclogo fue condenado a 45 aos de crcel en la ciudad de Detroit por administrar quimioterapia innecesaria a centenares de pacientes y volverse millonario con esa accin. Es, precisamente, para analizar el impacto de la quimioterapia sobre la calidad de vida del enfermo con cncer terminal que un grupo de investigadores norteamericanos decidi elaborar un estudio que, sorprendentemente, es uno de los pocos que se han hecho al respecto. Para eso, entre febrero del 2002 y septiembre del 2008, estudioron a 312 enfermos con cncer terminal en varios hospitales de Estados Unidos, de los cuales 158 recibieron por lo menos un tratamiento de quimioterapia paliativa. Cada enfermo tuvo una evaluacin muy completa de su calidad de vida, la cual est dividida en cinco grados ECOG. El grado ECOG 0 es el paciente que tiene una vida casi normal; el grado 1 es el paciente que todava puede salir a la calle y hacer cosas ligeras, pero que se agota si tiene que hacer esfuerzo fsico; el grado 2 es el que todava puede ir al bao y hacer algunas cosas en casa pero que ya no puede salir a la calle; el grado 3 es el paciente que camina con dificultad y necesita ayuda para ir al bao, pasando ms de la mitad del da en la cama o en la silla; el grado 4 es el paciente que es incapaz de levantarse, ya no puede cuidar de s mismo y est todo el da en la cama. El grado 5 es la muerte. De los 312 pacientes en el estudio, el 39% estuvo en el grado 1, 37% en el grado 2 y 19% en el grado 3. Los pacientes fueron evaluados hasta que fallecieron con el objetivo de saber si la calidad de vida que tuvieron antes del tratamiento mejoraba o empeoraba (recordemos que la idea que tenan los doctores, el paciente y los familiares era que la quimioterapia tendra un efecto positivo). Los resultados fueron desalentadores. La quimioterapia no solo fue incapaz de mejorar la calidad de vida del enfermo, sino que la empeor, y de paso los investigadores demostraron que los pacientes no vivieron ms tiempo. Entonces, la gran pregunta es: De qu vale dar quimioterapia a un enfermo terminal si esta lo maltratar ms, empeorar su calidad de vida y no har que viva ms tiempo? Y ni hablar de los gastos. La quimioterapia es muy cara y muchos pacientes hacen esfuerzos extraordinarios para comprarla, creyendo ilusionados que esos medicamentos son su ltima esperanza. No sera ms humano que el mdico reconozca con humildad que ha llegado al lmite de sus conocimientos cientficos, y que aprenda a comunicar con mucho tacto y de manera sencilla al paciente, as como a sus familiares, que ya no existe tratamiento alguno para la enfermedad y que es momento de pensar en la muerte? No sera ms humano que el enfermo y sus familiares reconozcan y acepten que el momento de la muerte ha llegado y que es necesario prepararse? El gran problema es que, en el paradigma mdico que se practica en el mundo occidental, la muerte por una enfermedad crnica, como el cncer, es considerada algo inaceptable y el mdico considera a la muerte un enemigo al que hay que evitar y posponer a toda costa, incluso poniendo en riesgo la calidad de vida del enfermo terminal. En otras palabras, es social y mdicamente ms aceptable dar un tratamiento innecesario y que el enfermo muera sufriendo, luchando y con menor calidad de vida que tener la valenta de aceptar la realidad de la enfermedad terminal, aplicar medidas para no maltratar al paciente y reducir el dolor en sus ltimos das de vida. Es muy probable que un mdico sincero, que comunique adecuadamente el verdadero estado de salud de la persona y diga que ya no hay nada que hacer, sea percibido como un mdico inhumano y limitado en sus conocimientos. Ante esa situacin, es comn que el paciente y su familia busquen a otro especialista quien optimistamente opine que s hay algo que hacer y les recete una quimioterapia, que, como hemos visto en el estudio, ser ineficaz y empeorar la calidad de vida. Pero al llegar el desenlace, los familiares quedarn tranquilos pensando que se hizo todo lo que se pudo y que el primer doctor no saba nada en comparacin con el segundo, el cual ser visto como un hroe. Este es un tema muy delicado y que despertapassiones encendidas. Cuando hace cinco aos el presidente estadounidense, Barack Obama, promua su plan de salud, se mencion como uno de los elementos de ese plan que los doctores deberan ser compensados por el tiempo que les toma hacer una consulta mdica para hablar sobre el final de la vida del paciente. Lamentablemente, esa consulta mdica en la que el doctor se rene con el paciente y su familia para comunicar que la enfermedad ha llegado a su etapa terminal y que es momento de pensar en tratamientos paliativos fue interpretada por algunos polticos republicanos como que el gobierno quera establecer paneles de la muerte para negar tratamientos a los enfermos y hacer que se murieran ms rpido. Estamos seguros de que estudios como el que ahora comentamos servirn para que mdicos, pacientes y familias entiendan que los tratamientos innecesarios al final de la vida no solo son ineficaces, sino que dan la calidad de vida de nuestros seres queridos. Si usted o algun ser querido pasa por ese trance, pdale a su doctor que sea sincero y le diga la verdad, de tal modo que se eviten tratamientos innecesarios que eviten tener una mejor calidad de vida en los ltimos das. Recurdese que la Sociedad Norteamericana de Oncologa Clnica recomienda que los pacientes con cncer avanzado y grado ECOG 3 o mayor no deben recibir quimioterapia y que eso de dar tratamiento por si acaso o porque de repente puede mejorar no es un razonamiento cientfico aceptable.","elcomercio","27/07/2015"
"Poraron a la PNP agentes con muy poco entrenamiento para tratar de cumplir la meta","Adems, para llevar a cabo el conteo, no se rest la cantidad de policas que pasaban al retiro. El Ministerio del Interior no ha precisado la cifra exacta de nuevos policas.  En lo que va del gobierno, hemos remodelado, construido y ampliado 174 comisaras. Continuaremos esta tarea hasta alcanzar las 336 dependencias policiales.  No existe un plan integral para la remodelacin de las comisaras en todo el pas. A pesar de haberse remodelado la infraestructura de algunas de estas, la gran mayora carece del equipamiento adecuado. No hay una direccin de infraestructura para articular la remodelacin de manera eficiente. De acuerdo con la Defensora del Pueblo, existen comisaras que, inclusive, carecen de servicios bsicos.","elcomercio","27/07/2015"
"A diciembre del 2014, todas las madres gestantes y nios que nazcan en el pas estarn en el SIS","A partir del 1 de enero del 2015 se empez a brindar un seguro integral de salud a las madres gestantes y a los nios de 0 a 3 aos. A partir del 2016, se asegurar a los menores de hasta 5 aos.  A partir del 2015, contaremos con [el programa] Esperanza Mvil que recorrer 18 regiones para detectar el cncer de cuello uterino, mama, prstata y piel.  El programa recin se implement en abril. Diez unidades de Esperanza Mvil empezaron a recorrer los distritos de Lima Metropolitana. La meta es movilizar un total de 100 mdulos itinerantes por todo el pas, por lo que an queda un largo camino antes de poder cumplir la promesa de que circulen en las 18 regiones.","elcomercio","27/07/2015"
"Aumento del presupuesto pblico en salud de S/.2.500 millones cada ao","Anuncio que este sistema [central 105] ser replicado en otras regiones del pas. Para empezar Tumbes, Piura, Chiclayo, Trujillo, Ica, Arequipa, Tacna y Cusco.  El presupuesto del sector salud para el 2015 incorpor el aumento prometido. La central 105 de la Polica Nacional recibe las llamadas de emergencias. An no se ha cumplido con su implementacin en las regiones. El Ministerio del Interior seal que el proceso de adquisicin est en proceso.","elcomercio","27/07/2015"
"Anuncio que la aviacin policial se modernizar e incrementar su flota de aviones y helicpteros","Cumplido parcialmente Cumplido incumplido  El Gobierno compr cinco helicpteros franceses para la Polica Nacional. No obstante, dicha adquisicin ha sido criticada debido al alto costo de vuelo (alrededor de US$5.000 la hora). Adems no existe un sistema integrado de comunicacin, por lo que dichos helicpteros no funcionan a su real capacidad y, adems, no realizan labores de patrullaje.","elcomercio","27/07/2015"
"Del sueo del 2011 a la pesadilla del 2015","El presidente Ollanta Humala pronunci-r maana su lti-mo discurso como mandatario. Siendo su ltima presentacin en el Congreso, solo le queda hacer el recuento de lo que fue su gobierno, pues el prximo ao tendremos nuevo presidente o presidenta que deber mar-car las pautas de lo que ser su gestin. No pretendemos hacer un balance del gobierno de los Humala-Heredia, sino reflexionar qu ha pasado en estos ltimos aos.  Qu dijo Humala en el Congreso hace cuatro aos? El mandatario entonces se autoproclam un soldado de la democracia y dijo estar decidido a borrar el rostro de la exclusin y la pobreza en el Per.  En ese mismo mensaje, describi la situacin de un Estado acechado por la corrupcin y el despilfarro, alejado de sus ciudadanos, incapaz de protegerlos de la violencia y la criminalidad. Sueo con un Per donde la vida no sea un riesgo, donde las ciudades sean espacios seguros donde el ciudadano se encuentre protegido. Para esto necesitamos ms Estado, ms patria y que la corrupcin sea sancionada.  Su sueo no se ha cumplido, seor presidente. Los asaltos y crmenes son casos cotidianos, y en Lima estall una granada de guerra en un circo. Parecera que ese no es asunto suyo.  Lejos de estar enfrascados en un debate para buscar alternativas que alivien en algo la grave situacin de violencia que nos afecta como sociedad, el presidente y su esposa optan por defenderse de las acusaciones. En el Per no se est discutiendo ninguna reforma para dar el salto hacia el desarrollo. Nos pasamos contando los decimales del crecimiento econmico, mientras en Puno los nios mueren de fro. Nos enfrascamos en discusiones sobre la ofensa de la cual Heredia supuestamente fue objeto, pero no pensamos qu hacer para –por lo menos– intentar que el prximo Congreso no sea peor que el actual.  En el 2011, Humala inici su mandato fustigando la corrupcin. Cuatro aos despus, Martn Belaunde Lossio, quien fuera uno de sus principales colaboradores, se encuentra en la crcel, y su esposa Nadine es investigada por el delito de lavado de activos.  El presidente tambin so-con desterrar la pobreza del pas, pero la pobreza no se elimina con ms programas sociales, sino con ms trabajo. Ante eso, lamentamos informarle que dos grandes proyectos de inversin como son Conga y Ta Mara han sido paralizados durante su gestin, y el ruido poltico y la inestabilidad han sido un factor determinante en la desaceleracin econmica.  Al final de su discurso en el 2011 hizo esta invocacin: A mis partidarios les pido consecuencia, lealtad, sacrificio, inteligencia y honradez. Hoy, su bancada termina dividida y diezmada, e incluso quienes se proclaman sus leales seguidores no dudan en lanzar duras crticas a sus correligionarios, como Daniel Abugattas que dijo: Si me pregunta por Jara o por Urresti, eso me suena como si me propusiera a Cantinflas o a Pinocho.  Hace cuatro aos Humala so con un pas muy distinto al que ahora nos est dejando. Quizs su mejor sueo se convirti en su peor pesadilla.","elcomercio","27/07/2015"
"Fujimorista dice que ayer no la dejaron jurar para que no votara","Beteta evala denunciar penalmente a Ana Solrzano  La fujimorista Karina Beteta, quien a fines de junio recibi sus credenciales como congresista, evala denunciar penalmente a la ex presidenta del Parlamento Ana Mara Solrzano por abuso de autoridad e incumplimiento de deberes.  Segn la fujimorista, exista un acuerdo entre ella y la Oficiala Mayor para que ayer jurara como congresista, antes de que comenzara la eleccin de la nueva Mesa Directiva.  Todo estaba listo para que se llevara a cabo mi juramentacin. Solo faltaba la voluntad de Solrzano, quien no recibi la luz verde de Palacio para que jurara, dijo Beteta a este Diario.  Ha habido una actitud perversa de la seora Solrzano. Su deber era hacerme juramentar, as lo seala la norma. Sin embargo, se burl e hizo lo que le dio la gana, como si estuviera en su chacra. Por eso, estoy evaluando denunciarla, agreg.  Beteta asisti ayer al Congreso esperando asumir su cargo y participar en las elecciones parlamentarias.  Afirma que hubo chantaje  Para Beteta, detrás de la negativa de Solrzano a dejarla jurar al cargo, estaba el temor del oficialismo a que ella votara por Luis Iberico como nuevo presidente del Congreso.  Pero no solo eso. Segn la fujimorista, varios de sus colegas le comentaron que lo que ayer hubo fue un chantaje. Me contaron que Solrzano dijo que si permita que yo jurara, tambin iba a dejar que los congresistas suspendidos, como Heriberto Bentez, votaran en las elecciones de la Mesa Directiva, acot.","elcomercio","27/07/2015"
"Accesitaria La fujimorista Beteta llega al Congreso como accesitaria del destituido congresista Alejandro Yovera, quien consign informacin falsa en su hoja. Con Beteta, el fujimorismo suma 36 parlamentarios.","hoY ASUMIR CARGO  Segn Beteta, el flamante presidente del Congreso, Luis Iberico, se comunic ayer con ella y le dijo que hoy lunes la hara jurar al cargo.","elcomercio","27/07/2015"
"Lima Cultura advierte riesgo de invasin en seis sitios arqueolgicos por feriados","Algunas reas como Tablada de Lurn han sido ocupadas antes. La PNP intensific trabajo de inteligencia y patrullaje en periferia de la capital.  Durante los feriados largos como Fiestas Patrias, las invasiones de terrenos son ms frecuentes. Estas usualmente son organizadas por traficantes de tierra. La polica ha realizado 39 desalojos en lo que va del ao y ha recuperado ms de 7.000 hectreas.  Fernando Gonzlez-Olaecha T.  Lima tiene el privilegio de contar con ms de 363 sitios arqueolgicos declarados patrimonio. Sin embargo, el avance desordenado de la ciudad y la proliferacin de traficantes de terreno los ponen en riesgo. Como en cada feriado largo, el Ministerio de Cultura ha advertido el riesgo de invasin a estos espacios. Esta vez inform a El Comercio que son seis los sitios en esta condicin identificados luego de inspecciones realizadas por esa cartera.  Los ltimos das de mayo se invadi parte de Armatambo, en el Morro Solar de Chorrillos, un sitio arqueolgico de ms de 200 hectreas y que corresponde al Intermedio Tardo (1100 a 1460 d.C.). Los otros sitios identificados por el sector Cultura son Unin aa y Cerro Matabuey (Lurigancho-Chosica), Cerro Gallo (San Juan de Lurigancho), Tablada de Lurn (Villa Mara del Triunfo) y la Necrpolis de Miramar (Ancn).  EL DESORDEN Y EL DELITO  Urbanistas coinciden en que la falta de planificacin urbana contribuye a que se produzcan invasiones.  En diciembre del ao pasado, se cre la Direccin contra Invasiones de la PNP. El coronel a cargo, Csar Montufar, indica que en lo que va del ao han desalojado 39 invasiones en la ciudad y han recuperado 7.529 hectreas de terreno invadido. La mayora de los terrenos ocupados son pblicos, segn la polica y la Superintendencia de Bienes Nacionales.  El coronel Montufar asegura que para estas fechas se han reforzado el patrullaje y la vigilancia en zonas de Punta Hermosa, Pachacamac, La Molina, Santa Clara, Chosica, Ancn, Carabayllo y Ventanilla.  A travs de informacin de inteligencia, se determin que estos espacios podran ser invadidos por traficantes, quienes aprovecharan que la atencin policial est enfocada en las actividades pblicas por Fiestas Patrias, como la Misa y Te Deum o la Gran Parada Militar.  Lino Chipana  lugar vulnerable. En el Morro Solar (en la foto) existe la zona arqueolgica de armatambo, que ya fue invadida este ao. El riesgo contina, segn el Ministerio de Cultura.  El ex ministro del Interior y general PNP (r) Remigio Hernani considera que el trfico de terreno, usando invasiones, es un delito que seguir aumentando en la capital, debido a la cantidad de dinero que maneja y a la creciente necesidad de espacios para viviendas.  Para l, resulta fundamental reforzar la labor de inteligencia e investigacin en la Direccin contra Invasiones de la Polica Nacional, as como dotarla de equipo y logstica suficientes para su labor.  Una lucha de largo aliento  Adems del Morro Solar, han sido invadidos antes Tablada de Lurn y la Necrpolis de Ancn. Por qu permanecen en riesgo? Segn el Ministerio de Cultura, estos sitios arqueolgicos siguen en peligro porque los potenciales invasores suponen que, de ejecutarse la invasin, nadie los desalojar.  Su clculo es que tarde o temprano lograrn tomar posesin del terreno. Cada invasin puede suponer un ingreso de miles de soles para los traficantes, por lo que el resguardo del patrimonio contra ellos termina siendo una lucha de largo aliento.  hugo prEz / arChivo  violencia. El pasado 19 de mayo, invasores de Tablada de Lurn se enfrentaron a los agentes policiales.  ms sobre las invasiones  riesgo en Lima  Entre el 2014 y mayo de este ao, el Ministerio de Cultura identific 17 zonas arqueolgicas en riesgo de invasin en la regin Lima; 14 de estas se encuentran en Lima Metropolitana. Todas sufrieron al menos un atentado.","elcomercio","27/07/2015"
"El loco del martillo","Hoy en día, uno pensaría que... Si usted o algún ser querido pasa por ese trance, pádale a su doctor que sea sincero y le diga la verdad, de tal modo que se eviten tratamientos innecesarios que eviten tener una mejor calidad de vida en los últimos días. Recuérdale que la Sociedad Norteamericana de Oncología Clínica recomienda que los pacientes con cáncer avanzado y grado ECOG 3 o mayor no deben recibir quimioterapia y que eso de dar tratamiento por si acaso o porque de repente puede mejorar no es un razonamiento científico aceptable.","elcomercio","27/07/2015"
"Formas de medir a un país","Entrevista / Hernán Chaparro Psicólogo y gerente general de GFK  El que migra a Lima lo hace para ganarse un espacio  Se puede dividir al Perú por sus regiones naturales, por sus niveles socioeconómicos y hasta por su forma de consumo.  Sin embargo, ¿es posible medir el sentimiento de peruanidad? Todos nos sentimos igual de peruanos?  Christian Ugarte  Ricardo Len  No todos nos sentimos peruanos de la misma manera, escribió en un reciente artículo en El Comercio el psicólogo Hernán Chaparro. En este vamos a llamarlo así-sentimiento de peruanidad-hay componentes inclusivos (como el orgullo mismo y el sentido de pertenencia a un colectivo) y aquellos que parten de las diferencias (los sentimientos de endogamia, la animosidad y el sentimiento de superioridad), dice Chaparro de acuerdo con un estudio efectuado por GFK.  —¿Usted diría que el peruano es naturalmente nacionalista?  Yo diría que, en general, el nacionalismo es uno de los componentes de la identidad y la cultura regional. Pero en el Perú, a diferencia de España, el Reino Unido o Canadá, donde es muy marcado y estructurado como tal, el nacionalismo no existe o existe de manera muy tenue. No hay un discurso estructurado nacionalista, más allá del de Arequipa, que es visto incluso desde la broma, aunque sí es cierto que en algún momento se habló de grupos en Puno que coordinaban con Bolivia para una suerte de autonomía.  —Desde la psicología social local, ¿cómo está distribuido el Perú?  Tenemos a Lima como el gran conglomerado (a pesar de que es un crisol de diferentes identidades). Luego tenemos la costa norte, que poblacionalmente es más importante que la sierra norte, donde hay mucha dispersión. Está, por otro lado, la sierra sur, mucho más poblada que la costa sur. Y tenemos finalmente la selva, que es como un mundo aparte, un entorno mucho más colectivo y donde el medio ambiente que los rodea tiene una mucha mayor relevancia.  —Un limeño o un trujillano (costa norte), un puneo (sierra sur) y un pucallpino (selva) se sienten peruanos en la misma dimensión?  Hay algunos elementos para pensar que sí. En todo el proceso de desarrollo de los medios de comunicación, sean electrónicos o impresos, pero también de las carreteras y vías de acceso, ha aumentado el nivel de comunicación y hay símbolos compartidos, elementos que articulan, aunque sean frágiles. El Perú es una nación en construcción, es cierto, porque esos vínculos son frágiles. Pero sí diría que hay algunos elementos en conjunto como país.  —Una encuesta de GFK indicaba que un tercio de limeños tiene al menos un progenitor nacido en el interior. La capital es mucho más provinciana de lo que se cree.  Yo le llamo ‘limenciano’ al limeño que tiene uno de sus padres, o los dos, nacidos en provincias. Ellos explican sus casos como el desarrollo de hábitos y prácticas en el entorno de una Lima hostil, competitiva, con bajos niveles de confianza interpersonal, muy agresiva. Y al mismo tiempo hay una cierta idealización de la vida en el interior del país. Cuando el provinciano que está en Lima narra lo que viviera en su tierra originaria, parece que todo era mejor, más tranquilo, donde la gente era más solidaria, porque el provinciano se ayuda, el limeño es egoísta. Cuando le hablas de esto al limeño provincial, ahí se arma la división.  —Es un discurso de orgullo, de reivindicación.  El que migra a Lima lo hace para ganarse un espacio, es alguien que quiere bailar en la fiesta, quiere que lo incluyan. ¿Por qué ganó Humala en el 2011 y no ganó en el 2006?  Cuando votan por Humala en el 2011, votan porque quieren crecimiento con inclusión.  —Esa palabra funcion. En la campaña, al menos.  Funcionó cuando había elementos que le daban credibilidad. Como Toledo, que ganó en el 2001 con un discurso en el que decía que Fujimori construyó el primer piso (económicamente) y que él construiría el segundo. Es la misma lógica de la mejora personal o familiar, de hacerse un espacio en esta gran capital limeña.  —Cuando se habla del crecimiento económico, del aumento de la clase media, el interior del país se siente parte de eso?  Sí, lo sienten. Varios estudios que hemos hecho en ciudades intermedias y grandes indican que, ahí donde llegan los centros comerciales, se genera un clima de modernidad. En el Perú –casi exagerando un poco– el ‘retail’ y el comercio generan una mayor sensación de inclusión que el sector público. En el interior del país, cuando aparecen los centros comerciales, dicen: ¡Uf!, ya no necesito de Lima, ya tengo todo. Ya se sienten peruanos.  Sobre el estudio de GFK  Según el estudio Nacionalismo y consumo, el 35% de peruanos son nacionalistas inclusivos.  Otra inclusión. El Comercio genera una sensación de inclusión, afirma el gerente de GFK.  En estos casos los provincianos hablan de cómo el limeño es diferente a ellos, es egoísta, no es trabajador.  —Es un discurso de orgullo, de reivindicación.  El que migra a Lima lo hace para ganarse un espacio, es alguien que quiere bailar en la fiesta, quiere que lo incluyan. ¿Por qué ganó Humala en el 2011 y no ganó en el 2006?  Cuando votan por Humala en el 2011, votan porque quieren crecimiento con inclusión.  —Esa palabra funcion. En la campaña, al menos.  Funcionó cuando había elementos que le daban credibilidad. Como Toledo, que ganó en el 2001 con un discurso en el que decía que Fujimori construyó el primer piso (económicamente) y que él construiría el segundo. Es la misma lógica de la mejora personal o familiar, de hacerse un espacio en esta gran capital limeña.  —Cuando se habla del crecimiento económico, del aumento de la clase media, el interior del país se siente parte de eso?  Sí, lo sienten. Varios estudios que hemos hecho en ciudades intermedias y grandes indican que, ahí donde llegan los centros comerciales, se genera un clima de modernidad. En el Perú –casi exagerando un poco– el ‘retail’ y el comercio generan una mayor sensación de inclusión que el sector público. En el interior del país, cuando aparecen los centros comerciales, dicen: ¡Uf!, ya no necesito de Lima, ya tengo todo. Ya se sienten peruanos.  Más información  Según un reciente estudio de la Organización Internacional para las Migraciones (OIM), titulado Migraciones internas del Perú, Lima ya dejó de ser el destino más buscado por habitantes del interior del país que tratan de acceder a la gran ciudad para buscar la posibilidad de un futuro mejor.  6 millones de peruanos son migrantes internos a nivel departamental. Esto significa que son personas que residen en un departamento diferente al que nacieron. Lima y Callao, Arequipa, Tacna, San Martín, Madre de Dios, La Libertad, Moquegua y Lambayeque tienen poblaciones migrantes ya asentadas.  Menos mano de obra  Según José Dvalos, jefe de la misión de la OIM en el Perú, esta migración ha traído como consecuencia el despoblamiento de muchas de las regiones de origen. Estas zonas han experimentado pérdida de capacidades productivas debido al abandono del campo y el envejecimiento de su población, dado que los más jóvenes se van en busca de mejores oportunidades, dijo.  Usi  70% de la población de Lima, aproximadamente, tiene alguna vinculación directa o indirecta con el interior del país, ya sea porque proviene de alguna región distinta a la capital o porque uno de sus padres, o los dos, nacieron en provincias. Ser limeño es relativo, precisa Hernán Chaparro.  Nuevos destinos  Según la OIM, regiones como Ancash, Arequipa, Cusco, Ica, Lambayeque, La Libertad, Loreto, Madre de Dios, Moquegua, Piura, San Martín, Tacna y Ucayali se han convertido en los nuevos centros de atracción para los migrantes del interior del país, incluso por encima de Lima, donde se concentraron las migraciones más masivas en los últimos años.  El 70% de la población de Lima tiene vínculos con el interior.  Inseguros. Solo en el hospital Almanzor Aguinaga, de Essalud, fallecieron 112 personas.  Este año en Chiclayo 176 personas murieron por males intrahospitalarios  Frente a la alarmante cifra de decesos, se han extremado las medidas de bioseguridad en los tres nosocomios más importantes de la ciudad norteña. El hacinamiento es una de las causas de los contagios.  Lambayeque. La muerte de 176 pacientes que contrajeron peligrosas bacterias en tres hospitales de Chiclayo ha puesto en alerta al sistema de salud en esa ciudad. Entre enero y junio, 112 personas perdieron la vida en el hospital Almanzor Aguinaga Asenjo, 59 en el Hospital Regional de Lambayeque y cinco en el hospital Las Mercedes.  Dos de las víctimas fueron Dina Malca y Remi Marianela de la Cruz. La primera ingresó al Hospital Regional de Lambayeque el 5 de febrero y la segunda el 30 de mayo. Ambas fueron internadas en la Unidad de Cuidados Intensivos (UCI) de este nosocomio. Dos semanas después de permanecer en esa área, las dos pacientes murieron. Se determinó que habían contraído la ‘Acinetobacter baumannii’, una bacteria resistente a la mayoría de antibióticos que produce neumonía severa e infecciones en el tracto urinario. Enrique Altamirano, director del Hospital Regional de Lambayeque, explicó que las víctimas fueron internadas por otras enfermedades. La bacteria agravó su estado. El médico reconoció que existe un brote de la ‘Acinetobacter baumannii’, cuyo índice de mortalidad está por encima de los promedios internacionales. Se estima que el 8% o 10% de pacientes contagiados por una infección intrahospitalaria muere.  El hospital Almanzor Aguinaga Asenjo es el otro establecimiento afectado. El responsable del área de epidemiología, Cristian Dávila, reconoció la muerte de 112 pacientes por estos contagios. Dijo que las unidades de mayor riesgo son Cuidados Críticos, Neonatología y Cuidados Intermedios. En el hospital Las Mercedes, hubo 36 contagiados; de ellos, cinco perdieron la vida.  Prevención  En los tres establecimientos, señalaron que se aplican estrictas medidas de prevención y de bioseguridad, como el uso de insumos químicos, guantes, mascarillas y lentes. El decano del Colegio Médico de Chiclayo, Alfonso Dávila Guzmán, dijo que el hacinamiento en los hospitales es un factor de riesgo. Los más propensos son los que ingresan a emergencia y a los servicios críticos, afirmó. Agregó que siempre hay bacterias circulando dentro de los centros de salud y para enfrentarlas el personal debe extremar las medidas de bioseguridad.  Se registra un nuevo encuentro entre nativos aislados y comuneros  Pobladores de Monte Salvado entregaron comida, machetes y sogas a grupo de unos 10 indígenas mashco piros.  Madre de Dios. Un grupo de unos 10 indígenas mashco piros en aislamiento voluntario fue avistado este fin de semana cerca de la comunidad nativa de Monte Salvado, en la provincia de Tahuamanu, a 153 kilómetros de la ciudad de Puerto Maldonado. Se trata del segundo avistamiento en menos de una semana. La última ocasión en que se vio a los indígenas en esta área fue el pasado jueves 23.  Según un reporte de comuneros afiliados a la Federación Nativa del Río Madre de Dios y Afluentes (FENAMAD), los mashco piros les pidieron yuca, plátanos, machetes y sogas. En un video, grabado por los propios comuneros, se observa a los indígenas caminar hacia la comunidad de Monte Salvado, ubicada en la margen izquierda del río Inambari, afluente del río Madre de Dios. Los nativos portaban palos largos y flechas. Según FENAMAD, los mashco piros están en constante movimiento y se mueven por la zona conocida como Alto Tamaya-Saweto, en la frontera con Brasil.  El presidente de FENAMAD, Alejandro Luzuriaga, manifestó preocupación por la situación de los indígenas en aislamiento. Es necesario garantizar su protección y evitar cualquier contacto no autorizado, expresó. Además, destacó la importancia de respetar su decisión de mantenerse alejados de la sociedad occidental.  Las autoridades locales y organizaciones defensoras de derechos humanos monitorean la situación de los indígenas en aislamiento en la Amazonía peruana. Hasta el momento, se han registrado varios encuentros fortuitos entre comuneros y grupos de nativos aislados, principalmente en la región de Madre de Dios.  Fuente: El Comercio","elcomercio","27/07/2015"
"Preventiva y de bioseguridad","Como el uso de insumos químicos, guantes, mascarillas y lentes.  El decano del Colegio Médico de Chiclayo, Alfonso Dávila Gálvez, dijo que el hacinamiento en los hospitales es un factor de riesgo.  Los más propensos son los que ingresan a emergencia y a los servicios críticos, afirm.  Agregó que siempre hay bacterias circulando dentro de los centros de salud y para enfrentarlas el personal debe extremar las medidas de bioseguridad.","elcomercio","27/07/2015"
"Se registra un nuevo encuentro entre nativos aislados y comuneros","Pobladores de Monte Salvado entregaron comida, machetes y sogas a grupo de unos 10 indígenas mashco piros.  Madre de Dios. Un grupo de unos 10 indígenas mashco piros en aislamiento voluntario fue avistado este fin de semana cerca de la comunidad nativa de Monte Salvado, en la provincia de Tahuamanú, a 153 kilómetros de la ciudad de Puerto Maldonado. Se trata del segundo avistamiento en menos de una semana. La última ocasión en que se vio a los indígenas en esta área fue el pasado jueves 23.  Según un reporte de comuneros afiliados a la Federación Nativa del Río Madre de Dios y Afluentes (Fenamad), los mashco piros les pidieron yuca, plátanos, machetes y sogas. En un video, grabado por los propios comuneros, se dej constancia de la entrega y de una charla entre ambos bandos. Los productos se les dieron en una canoa para evitar el contacto físico.  Los agentes comunitarios lograron comunicarse en lengua yine por más de 20 minutos, informó César Jojajay, coordinador de la Fenamad, quien opinó que los nativos han aumentado sus expediciones a zonas ribereñas debido a la falta de comida en el bosque.  Esta vez los indígenas mashco piros se mostraron amigables. En un video del diálogo se aprecia que los nativos preguntan a los comuneros cómo se afeitan. El interlocutor les explica que lo hacen con máquinas de afeitar. Pero les dijimos que no podríamos entregarles una [afeitadora] porque podrían enfermarse, indicó un comunero.  Captura de video / Fenamad  Esperan en la ribera. Según habitantes de Monte Salvado, los mashco piros han dejado el bosque por falta de animales y comida.","elcomercio","27/07/2015"
"La voz de Mando viene de Berlín","Reuter  PODEROSA. La canciller alemana ha logrado una legitimidad en su país que no es habitual en las naciones vecinas. Su peso político ha sido clave para consolidar la hegemonía de Alemania en el continente.  La reina de Europa  Alemania, bajo el gobierno de Angela Merkel, parece tener las riendas del Viejo Continente y se consolida como la economía más estable.  EN CIFRAS  Alemania a la cabeza de Europa  Berlín tiene el mayor peso en la economía de la Eurozona al generar el 28% del producto bruto interno (PBI) de toda esa área. También supera a sus vecinos claves en los indicadores económicos más importantes. Peso de cada país en la economía de la Eurozona  Participación en la capitalización del Banco Central Europeo  11,1% 20,6% 17,5% 28,3% 5,1% 3,6% 3,4% 2,4% 2,1% 1,9% 1,3%  La crisis que amenazó con sacar a Grecia de la zona euro puso en evidencia el poder alemán en Europa. Con un tamaño y ubicación favorables y una industria fuerte y competitiva, Alemania ha conseguido la posición que un día buscó a través de las armas.  Milagros Asto Sánchez @milagrosas  Mucho agua ha corrido bajo el puente desde la caída del Muro de Berlín hace casi 26 años. La Alemania reunificada se ha convertido en la economía más sólida del Viejo Continente y representa el 28% del PBI de la Eurozona, casi lo mismo que Italia y España juntas, según el Banco Central Europeo (BCE). Así, cinco años después de iniciada la crisis del euro, Alemania sigue mejor parada que sus vecinos. Su poder en la Eurozona qued evidenciado en el último debate sobre el tercer rescate a la economía griega.  La sombra de la canciller Angela Merkel se posó sobre Atenas como la de una reina con mano de hierro. Por su peso en el bloque de los 19 países del euro, Alemania terminó forzando a Grecia a aceptar las condiciones de sus acreedores. Atenas no dudó en acusar a Merkel de imponer condiciones duras e inhumanas aprovechándose de que tiene la última palabra.  Para entender la situación actual, conviene retroceder al final de la Segunda Guerra Mundial. A los fondos que Alemania recibió para la reconstrucción, se sumó en 1953 la enorme reducción que casi 30 países –incluida Grecia– accedieron a hacer sobre la deuda alemana (62,2% del total), un hecho clave para entender la posición de Berlín, explica el colaborador de El Comercio en Bruselas, Idafe Martín.  Pero el poder actual de Alemania, que goza de las ventajas de su tamaño y su ubicación geográfica, se logró gracias a una posición fiscal saludable y sensatos balances corporativos y domésticos, según el FMI.  Alemania tiene un sector industrial muy potente con muy poca conflictividad laboral, mucha población con educación secundaria técnica, tal vez no tantos universitarios, pero muchos técnicos calificados, además de su gran capacidad exportadora y una tasa de desempleo muy baja, dice Martín.  El analista internacional, Sergio Vidarte, destaca la legitimidad interna lograda por la canciller alemana. Los mandatarios que podrían eclipsarla se encuentran ocupados en otro tipo de dinámicas. Como el primer ministro británico, David Cameron, que está más preocupado en sus reformas en la relación entre el Reino Unido y la UE que en el futuro de la UE.  APoyo  Merkel fue elegida en el 2013 para un tercer mandato de cuatro años con un histórico respaldo del 42% de los votos.  Desde el estallido de la crisis en el 2010, Merkel ha asumido el reto de mantener el delicado equilibrio entre ayudar a los países del bloque en problemas a aceptar duros recortes presupuestarios y reformas, y convencer a los alemanes que está defendiendo sus intereses.  Liderazgo y otros desafíos  El eje Berlín-París, antaño motor de la región, se ha visto debilitado por posturas diferentes en temas como la austeridad. Asimismo, la debilidad económica y política por la que atraviesa Francia (el presidente Hollande tiene mínimos históricos de aprobación) deja poco espacio para dudar de un liderazgo alemán real en Europa.  Lo importante ahora es cómo Alemania va a poder articular este liderazgo que tiene en la Unión Europea con las presiones internas y externas de sectores de ultraderecha que se están consolidando conjuntamente con sectores de ultraizquierda, advierte Vidarte. Queda claro que el legado de Merkel –quien por quinto año consecutivo es la mujer más poderosa del mundo, según Forbes– se medirá con el resultado de la crisis del euro.  Alemania  Francia  Italia  España  Holanda  Bélgica  Austria  Grecia  Portugal  Finlandia  Irlanda  Eslovaquia  Eslovenia  Lituania  Luxemburgo  Estonia  Chipre  Letonia  Malta  PBI  Promedio del ingreso anual per cápita  Francia  Población  PBI  Promedio del ingreso anual per cápita  España  Población  PBI  Promedio del ingreso anual per cápita  0,7% 0,4% 0,4% 0,3% 0,2% 0,2% 0,2% 0,1%  66,20 millones $2,8 billones US$42.736,2  46,40 millones $1,4 billones US$30.262,2  Fuente: Banco Central Europeo / Banco Mundial / FMI  Mar del Norte  Océano Atlántico  10,3% 22,5% 12,4%  Italia  Población  PBI  Promedio del ingreso anual per cápita  61,34 millones $2,1 billones US$34.960,3  Mar Negro  25,6%  10,96 millones $237.000 millones US$21.682,6  Mar Mediterráneo  Grecia  Población  PBI  Promedio del ingreso anual per cápita  El perfil de la Canciller  Una Economía que sigue creciendo  Amante de las Ciencias  Hija de un pastor protestante, Angela Merkel, de 61 años, estudi Ciencias Físicas en la Universidad de Leipzig. También es una estudiosa de la química cuántica.  En Política  Fue elegida presidenta del conservador Unión Democrática Cristiana en el 2000 y en el 2005 obtuvo el cargo de canciller por primera vez.  Los alemanes, más adinerados que nunca  La cantidad de dinero acumulado por los alemanes llegó a un nuevo récord en el primer trimestre del 2015 gracias al alto nivel de empleo y los aumentos salariales, informó el Bundesbank (banco central).  Los hogares alemanes vieron aumentar su patrimonio pecuniario (dinero en efectivo, acciones, depósitos bancarios o seguros de vida) respecto al trimestre anterior en casi 140.000 millones de euros (un 2,8%) llegando a 5,2 billones de euros, precisan los datos.  La tasa de desempleo en Alemania se redujo en junio en una décima hasta el 6,2%, el mejor dato para junio en 24 años.  Asimismo, las exportaciones volvieron a crecer con fuerza, mientras que la construcción mantuvo el buen nivel que arrastra desde principios de año.  La economía alemana creció un 0,3% en los primeros tres meses del año en comparación con el trimestre anterior.","elcomercio","27/07/2015"
"La violencia vuelve a la Explanada de las Mezquitas","Policia israel hiri a 19 guardias palestinos tras entrar a la mezquita de Al Aqsa luego de denunciar agresiones a los fieles judos.  Jerusalén [agencias]. Diecinueve guardias palestinos de la Explanada de las Mezquitas, en Jerusalén, resultaron heridos ayer en los choques que se produjeron en ese recinto sagrado cuando la policía israel irrumpió en el lugar para garantizar las visitas de feligreses judos durante la jornada de duelo de Tisha BeAv.  El director del recinto donde se encuentra la mezquita de Al Aqsa, Omar Kiswani, dijo a la agencia Maan que 19 de los guardias sufrieron todo tipo de heridas, fracturas y cortes durante el segundo asalto israel.  Fuerzas israelíes ya habían irrumpido en el recinto de madrugada para dispersar a un grupo de jóvenes que se había atrincherado en el lugar con piedras y todo tipo de objetos, con la aparente intención de impedir que feligreses judos visitasen el recinto donde hace dos mil años se erigió el Segundo Templo de Jerusalén.  La mezquita de Al Aqsa es el tercer lugar más sagrado para el Islam y está situado en la Ciudad Vieja de Jerusalén.  Mientras que la Explanada de las Mezquitas, a la que los judíos llaman el Monte del Templo y consideran su primer lugar sagrado, está administrada por un status quo heredado del conflicto de 1967, según el cual judíos y musulmanes pueden acceder, pero los judíos no tienen derecho a rezar.  En la madrugada de ayer, numerosos judíos empezaron a celebrar el Tisha BeAv, que conmemora en su calendario la destrucción de los dos templos que se encontraban en la Explanada de las Mezquitas y en el Muro de las Lamentaciones.  Miles de judíos se reunieron  Maxima tensión. Numerosos palestinos fueron detenidos por las fuerzas israelíes tras enfrentarse con judíos ultraortodoxos.  Reacción  Custodiado por Jordania  Bajo el tratado de paz de 1994 entre Jordania e Israel, Ammán tiene la custodia de los lugares santos islámicos y cristianos de Jerusalén Este, ocupado por Israel desde la guerra de 1967.  Agresión a los Musulmanes  La violación de la santidad de la mezquita de Al Aqsa y el ataque contra guardias y fieles provoca los sentimientos de todos los árabes y musulmanes y solo puede aumentar la hostilidad [entre estos y los judíos], advirtió el Gobierno de Jordania en un comunicado.  Que no se repita  En la misma nota, el Ejecutivo jordano pidió al Gobierno Israel que asuma su responsabilidad como país ocupante y haga todo lo que est en su mano para impedir que se repitan estas agresiones a los lugares sagrados.  Ante el muro sin incidentes, pero otros más radicales habrían intentado rezar en los accesos de la explanada, motivando los enfrentamientos.  Unos 300 agentes entraron entonces en el recinto para enfrentarse a unos 200 palestinos, llegando incluso a penetrar unos metros en el interior de la mezquita, según un fotógrafo de la AFP.  En unas fotografías difundidas por la policía podían verse las puertas de madera del lugar de culto desgarradas, con tapices rasgados y el suelo cubierto de piedras.  Según la policía, fueron los musulmanes atrincherados en la mezquita los que empezaron a lanzar piedras y proyectiles desde el interior de la mezquita.  En noviembre se habían producido enfrentamientos similares, ante los que Israel tomó la decisión de cerrar la explanada, provocando una crisis diplomática con Jordania, encargada de la supervisión del lugar.","elcomercio","27/07/2015"
"Luces","Baldomero Pestana: retratos del intelecto y el arte nacional El MAC expone desde el 5 de agosto icnicas fotos que tom en los aos 60. Pgs. c1 y 2 Premio a paulina Cortometraje de Ricardo Lang gana festival en Guanajuato Pg. c14","elcomercio","27/07/2015"
"Tema del día","Mesa directiva del congreso. Abogados Admiten posiciones disidentes en oficialismo Pg. a2 Votos escondidos de nacionalistas dan el triunfo a Luis Iberico - No se cumplió con la mayoría de anuncios sobre la seguridad ciudadana que hizo el presidente en el 2014. Balance de lo que prometió Humala el pasado 28 de julio Contundente. La lista liderada por el legislador de PPC-APP alcanzó 70 votos frente a los 55 que tuvo Vicente Zeballos de Solidaridad Nacional.","elcomercio","27/07/2015"
"As lo dijo","Luis Iberico Presidente del Congreso Quizás el temor reside en que el fujimorismo pueda [...] orientarme a convertirme en una bazuca contra el gobierno. Eso no va a pasar. Pg. a4 - El sector Educación registra los mayores avances, incluido el incremento de su presupuesto. Pg. a6","elcomercio","27/07/2015"
"El oro marca la ruta a Lima 2019","El Perú completó su mejor actuación en la historia de los Panamericanos y acabó Toronto 2015 con 13 medallas. El oro logrado por Gladys Tejeda (maratón), Francisco Boza (tiro), Natalia Cuglievan (esquí) y Alexandra Grande (karate) simboliza la esperanza de que en Lima 2019 la marca se supere. Pgs. 2-5 Especial: fórmulas para dar un gran salto Experiencias del Estado y de empresas privadas que deben imitarse. Pgs. 13-21","elcomercio","27/07/2015"
"Alarma en Chiclayo tras 176 muertes por bacterias en hospitales","Fallas en bioseguridad se han producido entre enero y junio. Pg. a13","elcomercio","27/07/2015"
"Tema del día","Oposición al mando Alonso Chero Ganador. Iberico derrotó a Vicente Zeballos por un margen de 15 votos. En su primer discurso como presidente del Congreso, prometió dar estabilidad y concertar con el gobierno del presidente Ollanta Humala. The hidden vote of Iberico Según reconoció el nacionalista Daniel Abugattas, Iberico se impuso gracias a votos rebeldes del Partido Nacionalista y de Per Posible. Después de 10 años, la oposición vuelve a dirigir la Mesa Directiva del Congreso. Ayer, Luis Iberico logró una contundente victoria sobre Vicente Zeballos, quien no tuvo el respaldo de todos los miembros del Partido Nacionalista y de Per Posible.","elcomercio","27/07/2015"
"LAS FRASES","Definitivamente, algunos errores nos están pasando la factura. Marisol Espinoza Vicepresidenta y congresista Respecto a ausencia de candidato de la bancada de Gana Per en elección de Mesa Directiva.  Nadie hizo un trato con el señor Vicente Zeballos, así que llorar sobre la leche derramada no es de buen gusto. René Espinoza Vocero de Per Posible Sobre los posibles votos rebeldes en su bancada.  El sábado fue el triunfo de la oposición al no haberse presentado ninguna lista del oficialismo. Sabían que la Mesa Directiva ya no les pertenecía. Marisol Pérez Tello Congresista del PPC Respecto a victoria de la oposición en la elección de la Mesa Directiva.","elcomercio","27/07/2015"
"ANÁLISIS DE LA ELECCIÓN","¿Quién es el gran perdedor? Enrique Castillo Periodista y analista político Los perjudicados por lo ocurrido ayer en el Congreso de la República no son los nacionalistas en general, sino el presidente Ollanta Humala, la primera dama, Rocío Calderón, Íñigo Heredia y todos los hoy investigados que se encuentran en el entorno cercano de Nadine Heredia. Ese grupo de incondicionales va a enfrentarse a una situación difícil. Se podría analizar el viaje de José Luis Gutierrez y Alexis Humala a Rusia, las tarjetas de crédito adicionales, las cuentas del hermano de la primera dama y las de ella misma. Las investigaciones van a tener un curso mucho más ágil y será más complicado que terminen bloqueadas por la esposa del primer mandatario. Distinguiendo eso, los nacionalistas que no forman parte del grupo de los favoritos de Palacio van a encontrar una situación más provechosa. Está claro que estos le han dado la espalda al Ejecutivo porque el Gobierno los ha ninguneado. Estos nacionalistas jamás han tenido el control de la Mesa Directiva.  Incluso, para el Gabinete Ministerial, ello podría ser positivo si se saca ventaja de la buena relación que tiene el jefe de la PCM con Luis Iberico. Las posibilidades están y depende de Pedro Cateriano que todo resulte bien. ¿Qué debe hacer el nacionalismo? Ricardo Vázquez Analista político Le toca negociar y eso debió haber hecho desde antes. Hoy deben pactar con varias tiendas políticas una agenda mínima, pues es la única manera de que puedan intervenir mínimamente en el funcionamiento político del Congreso. De otro modo, los que han ganado impondrán su propia agenda. Ya había un preámbulo de lo que iba a suceder, pues creo que la pérdida del Congreso por los nacionalistas ocurre el año pasado desde la elección que hizo presidenta del Legislativo a Ana María Solís (por solo dos votos de diferencia) hasta la censura de la primera ministra Ana Jara. Lo que queda de Gana Per es muy escaso. Han perdido a diez congresistas en el último año y sus mejores cuadros han sido apartados, como es el caso de Marisol Espinoza, quien ha sido vetada por la presidenta de su propio partido. De todos modos, alguien debe asumir el liderazgo. Se sabe que quien coordina las políticas entre el Partido Nacionalista y la agrupación debe ser la presidenta del partido, pero eso no ha sucedido. Creo que se debería tener en cuenta que no hay miembros de la bancada responsables de lo que sucedió ayer en el Congreso.","elcomercio","27/07/2015"
"Entrevista / LUIS IBERICÓ Presidente del Congreso","El presidente Ollanta Humala debe sentirse tranquilo Luis Iberico asegura que no será una bazuca que apunte al gobierno y espera mantener una buena relación con Palacio. Dice que su victoria es producto de la recomposición de las fuerzas del Congreso. Jimena de la Quintana Se levant a las 6 a.m., cuatro horas antes de la votación para elegir al nuevo presidente del Congreso. Le pidió a su esposa e hijos que no lo acompañaran a la sede del Legislativo, pues no sabía qué podía pasar: parecía que la elección sería ajustada, pero Luis Iberico gan holgadamente. — ¿El resultado que lo dio como ganador fue un voto a favor de la oposición o en contra del nacionalismo? Esta victoria refleja una recomposición de las fuerzas dentro del Parlamento nacional. Es más que evidente que el oficialismo ha perdido mucha fuerza. Incluso en su interior hay fisuras que son apreciables, saltan a la vista. Por eso hace más de medio año formulamos una propuesta de Mesa Directiva de oposición y aquí tenemos el resultado. — ¿Por qué se han dado esas fisuras en el oficialismo? Usted ha visto que el primer factor ha sido la intervención de Palacio de Gobierno en la propuesta de Ana María Solís. Eso es evidente. All perdieron muchos congresistas y existen otros que también han sentido distanciamientos, no sé si hasta maltratos. Esto ha generado una situación en la cual son una segunda mayoría y no primera, como era antes. Ha saltado a la vista que sus relaciones con aliados tampoco son muy sólidas. — ¿Cuáles nacionalistas y peruposibilistas votaron por usted? No lo sé. Y si lo supiera también guardaría muchas reservas sobre estas conversaciones que a veces se dan con mucha sinceridad, pero tengo que respetarlas no? Es el derecho a la privacidad que se ha solicitado en su momento. — Sin quitar mérito a su candidatura, me suena como un castigo al oficialismo... Es una conjunción de hechos. Por un lado, tenemos deterioro [del nacionalismo], improvisación, de repente hasta confrontación.","elcomercio","27/07/2015"
"Invasiones a sitios arqueológicos en Lima","Debido a la cantidad de dinero que maneja y a la creciente necesidad de espacios para viviendas.  Para ello, resulta fundamental reforzar la labor de inteligencia e investigación en la Dirección contra Invasiones de la Policía Nacional, así como dotarla de equipamiento y logística suficiente para su labor.  Una lucha de largo aliento Además del Morro Solar, han sido invadidos antes Tablada de Lurín y la Necrópolis de Ancón. ¿Por qué permanecen en riesgo? Según el Ministerio de Cultura, estos sitios arqueológicos siguen en peligro porque los potenciales invasores suponen que, de ejecutarse la invasión, nadie los desalojar.  Su cálculo es que tarde o temprano lograrán tomar posesión del terreno. Cada invasión puede suponer un ingreso de miles de soles para los traficantes, por lo que el resguardo del patrimonio contra ellos termina siendo una lucha de largo aliento.","elcomercio","27/07/2015"
"Resultados policiales y penas por invasiones","En lo que va del año, la Dirección contra Invasiones de la policía ha desalojado a 7.035 invasores. En esas operaciones detuvo a 55 personas requeridas por el delito de usurpación y a otras 30 buscadas por la ley por diversos delitos.  Las penas El Código Penal establece penas de tres a seis años de cárcel para quien se asiente, depredé, explore, excave o remueva monumentos arqueológicos prehispánicos. Aquel que promueva este delito puede recibir hasta ocho años de prisión.","elcomercio","27/07/2015"
"Delitos relacionados con el tráfico de tierras","Según datos de inteligencia policial, las bandas que se dedican al tráfico de tierras en Lima también realizan actividades ilegítimas distintas, como el cobro de cupos o lavado de activos, es decir, el uso de dinero obtenido de manera ilegal.  Un caso que podría ejemplificar esto es el de la muerte de Carlos Burgos Gonzáles, hijo del ex alcalde de San Juan de Lurigancho Carlos Burgos, en febrero del año pasado. Una de las principales hipótesis de la policía fue la de un ajuste de cuentas vinculado al tráfico de tierras. Entre los responsables estuvieron René Jesús Aroni Lima Aroni, ya detenido, y Darwin Malca Hernández, Loco Darwin.  Este último nunca fue capturado y es el principal sospechoso de los casos de extorsión con granadas a colegios en San Juan de Lurigancho (SJL). Ambos han sido investigados por tener vínculos con traficantes de terrenos en Jicamarca, una zona limítrofe de San Juan de Lurigancho con Huarochirí.","elcomercio","27/07/2015"
"Diferencias en victimización entre distritos de Lima","Las diferencias en victimización entre los distritos de Lima son muy grandes, con distritos con alta victimización y otros con victimización relativamente baja. También es posible encontrar diferencias importantes entre los distritos en función de si son o no el lugar de procedencia de personas privadas de libertad por la comisión de un delito.  La victimización se mide a partir de las estadísticas policiales o encuestas de opinión pública, sobre las que es posible construir el mapa del delito en Lima, el que distinguirá distritos inseguros de aquellos que lo son menos. Es posible identificar los distritos de procedencia de los delincuentes gracias a las estadísticas que mensualmente publica el Instituto Nacional Penitenciario (INPE), a partir de las cuales se construye el mapa de la delincuencia, que distingue a los distritos en función de su inclinación a albergar más o menos delincuentes.","elcomercio","27/07/2015"
"Preparativos para Fiestas Patrias en Lima","Desde hoy, controlarán restricciones en Centro Histórico y Av. Brasil. Dos mil agentes de Tránsito en acción por Fiestas Patrias. Desde hoy, 1.500 agentes de Tránsito estarán distribuidos en las vías designadas como alternas a la avenida Brasil por la PNP y la Municipalidad de Lima. Desde las 6 a.m. hasta las 2 p.m. dicha arteria estará cerrada completamente para servir de escenario al ensayo de la Gran Parada y Desfile Militar, que se desarrollará ahí este miércoles.","elcomercio","27/07/2015"
"Alerta de oleajes anormales en Lima","La Dirección de Hidrografía y Navegación de la Marina de Guerra del Per pronosticó la presencia de oleajes anormales de ligera a moderada intensidad para este martes 28 y miércoles 29 de julio en Lima, entre Ancón y Cerro Azul. Ante la alerta, el Instituto Nacional de Defensa Civil (Indeci) recomendó tomar medidas de protección y preparación. Unos 2.000 policías de Tránsito controlarán desde hoy el flujo vehicular durante las celebraciones oficiales en Lima por el aniversario 194 de la independencia nacional.","elcomercio","27/07/2015"
"Incremento presupuestal para obras en Lima","El último jueves, el Concejo de Lima aprob, con dos abstenciones, modificar su partida presupuestal para obras y elevar hasta en 24% los recursos asignados para nuevos proyectos de inversión para lo que queda del año. De esta forma, el municipio cuenta ahora con S/.385 millones para realizar obras en lo que resta del 2015.","elcomercio","27/07/2015"
