"headline","content","newspaper","date"
"NA","De los peruanos As queramos o no, y el humor de mezclar esta música de moda con algo que queremos tanto. Esa unión te hace sentirlo tuyo, pero también es gracioso. Yo creo que hay figuras criollas, aunque quisiera que hubiera muchas más y que la música criolla evolucione mucho más. —¿Cuánto les toma adaptar estas canciones? Es muy rápido, creo que por eso lo seguimos haciendo. Ahora estamos tomando más ritmos afroperuanos que nos ayudan a acercarnos más a las canciones que no son tan melódicas. Y ha funcionado bien. Podemos cambiar cualquier canción… hasta “La gasolina” [risas]. —Pero Pedro Juanelo es el último de muchos personajes que has hecho, ¿llevas una cuenta de cuántos? No, son muchísimos. Al año puedo hacer cuatro obras de teatro, a eso hay que sumarle los espectáculos de improvisación. Y eso último es lo que más me gusta: hacer nuevos personajes, crearlos, tener la ilusión de crear una vida diferente a mí. —¿Por qué estudiaste Turismo y Hotelera? Creo que el miedo fue el porqué. Te hablo de los años 90, acababa de salir del colegio y tenía claro que quería estudiar teatro, pero me daba miedo pensar en que si podía vivir de eso. Y si bien en ese momento no existía Gastón Acurio ni estábamos en pleno ‘boom’ gastronómico, me parecía una carrera muy simpática. Pero fue por eso, para que si me iba mal en la actuación tuviera un respaldo. —¿Cómo volviste a actuar? Fue muy gracioso. En el instituto paraba muy deprimido porque venía de un colegio de solo hombres y de repente estaba en una institución donde el 90% eran mujeres. No estaba acostumbrado. Eso, sumado a que no era lo mío, causaba mi depresión. Recuerdo que caminaba por el Malecón de Barranco y de pronto llegué a la casa de Cuatrotablas. Entré, me matriculé y fue mágico. Era como entrar a un templo, al templo del teatro. Allí me enamoré del teatro porque vi que era algo mucho más profundo. Luego fui al teatro de la Universidad Católica, Yuyachkani, Alberto sola, Pataclán y sigo preparándome. Eso es superimportante, a mí me da mucha tristeza ver que tenemos mucha gente que hace teatro y son profesionales –supuestamente– porque han llevado un tallercito de nueve meses. Si queremos que mejore tiene que partir de nosotros. —¿Qué se viene para Los Juanelos? Estamos con una campaña llamada Reacciona Perú, donde lanzamos canciones contra la homofobia, la corrupción, el acoso callejero y ahora contra el raje. Esto nació con las elecciones porque primero no pensábamos meternos en política, pero la campaña fue tan vergonzosa que fue inevitable. Nos dimos cuenta de que para no tener esos candidatos nosotros debíamos cambiar. —La política parece ser una fuente inagotable de humor en nuestro país... Todo en realidad, el Perú es una fuente inagotable de humor. Por ejemplo, tenemos a nuestro cardenal con las barbaridades que dice, por eso sacamos “Las respondonas”, en honor a él.","elcomercio","31/10/2016"
"Cómo estamos en el Perú en lo que se refiere a innovación?","Mucho mejor. Este año hemos visto que ya no  FRANCISCO PINEDO Socio líder de Consultora Estratégica en PwC Strategy&  Tras 20 años estudiando las prioridades de los CEO en diferentes continentes y sectores económicos, este 2016 deja claro que la innovación ya no tiene rivales en el podio de retos de la alta dirección empresarial.  Si en los años 90 eran solo los grandes grupos económicos los que hacían apuestas reales por la innovación, y que en organizaciones líderes o emergentes cada vez hay más personas, equipos y áreas enfocadas en estos temas.  También apreciamos que se ha creado conciencia entre tomadores de decisión en cuanto a que la innovación es un medio y no un fin (debe perseguir un objetivo de negocio) y que la clave del éxito para innovar no son las ideas (que dentro de la organización hay más que suficientes), sino las plataformas, estructuras, sistemas y procesos que las habilitan y aseguran su implementación.  — Rentabilidad —  Sin embargo, hay una dimensión en la que estamos quedando atrás: visión de largo plazo. Muchas compañías que compiten en el mercado peruano ya han dado pasos interesantes en temas de mejora continua e innovación incremental, que requieren inversiones menores y de riesgo controlado, pero cuyo retorno relativo es aceptable cuando mucho. Para decirlo más claro: varios ya están innovando, pero pocos realmente están haciendo más dinero gracias a inversiones en innovación. Esto se debe a que apenas los niveles de retorno se vuelven “borrosos” o los períodos de recuperación se alargan, por más que las ideas sean reconocidas como genialidades, terminan siendo enterradas en un cajón. A ello hay que sumarle que muchos gerentes peruanos aún no están listos para tener ese tipo de discusiones de largo plazo con sus directorios.","elcomercio","31/10/2016"
"En detalle","El estudio 2016 Global Innovation 1000, de PwC, considera a las 1.000 empresas públicas de todo el mundo que más gastaron en investigación y desarrollo (I+D) durante el último año fiscal (junio del 2016).  Liderazgo  Apple se ubicó en el primer puesto. Ya son siete años que ocupa esta posición de manera consecutiva.  Proyección   Para el 2018, el sector salud superará al de información tecnológica y electrónica y pasará a ser la industria que más invierte en I+D.","elcomercio","31/10/2016"
"Entrevista José Augusto Figueiredo","El nuevo líder ya no es un superhéroe  El ejecutivo recomienda invertir en la formación de líderes que preparen a la empresa para el siguiente ciclo de crecimiento.  Usi  María José Gallo  Tras la desaceleración económica que está atravesando la región, la gestión del talento dentro de las empresas toma mayor importancia, asegura Figueiredo. As, recomienda que los líderes del nuevo ciclo de crecimiento sean aquellos que tengan habilidad tanto para persuadir como para comunicar y que logren crear entornos que viabilicen el trabajo en equipo.  — El ritmo de crecimiento de la economía regional se ha desacelerado. ¿Cómo ha impactado esto en el mercado laboral?  El mercado laboral está estancado, paralizado, no hay muchos cambios. Esta es una situación de riesgo muy alto, porque va a venir el crecimiento y se va a tener una falta de talentos. Lo anterior va a causar un problema en los próximos tres o cuatro años. Entonces, este es el momento para hacer una inversión muy grande en cuanto a personal y ver qué es lo que necesitan [las empresas] para el próximo ciclo de crecimiento.  — Esto significa que prioricen capacitar al personal que ya tiene la empresa o que busquen talentos fuera?  Que priorice al personal interno. En un proceso de selección interna y priorizar a las personas que tienen mejor ‘performance’. Pero la pregunta es: Tengo las estrategias y programas de desarrollo adecuados para los próximos tres o cuatro años? Se tiene una estrategia de sustentabilidad humana dentro de la empresa?  — Uno de los problemas que identifican algunos sectores económicos es que el mercado laboral peruano no logra cubrir la demanda de personal especializado.  Coincido, pero hay que separar dos temas: el conocimiento y la habilidad. A veces, las personas tienen mucho conocimiento pero no mucha habilidad para demostrar que lo tienen. Cuando hablo con las empresas, me dicen que necesitan líderes que motiven a las personas, que sean capaces de dirigirlas en función de un resultado y que tengan capacidad de comunicación y de persuasión. Estas son competencias que se aprenden ‘on the job’. Las empresas necesitan personas alineadas con sus valores y el comportamiento es la consecuencia de los valores en movimiento.  — Cuál considera que es el perfil del líder ideal?  Hay competencias que son esenciales para todos los negocios. Para comenzar, la humildad, porque esto permite escuchar, preguntar y pedir ayuda. Normalmente un líder está vinculado a la figura del superhéroe, pero el nuevo líder ya no lo es, sino, más bien, es alguien que se conecta con las personas y viabiliza un ambiente para que todos se puedan conectar, porque el esfuerzo de un equipo es más grande que [la suma de] esfuerzos individuales.  — En este entorno de cambios para ajustarse a los nuevos ritmos de crecimiento, qué espacio ha ganado el ‘coaching’?  Hay de todo. Por ejemplo, hay situaciones donde hay empresas que están contratando ‘coaching’ porque sus propios líderes no saben qué hacer. Están buscando alternativas para encontrar nuevos modelos de pensar y soluciones más creativas que introducen la innovación.","elcomercio","31/10/2016"
"Bloomberg","Brasil impulsará acuerdo comercial entre Canadá y Mercosur  De esta manera podría beneficiarse con mayor proximidad a EE.UU.  Ilustración: Víctor Aguilar  Brasil está presionando para que el Mercosur y Canadá pongan en marcha negociaciones comerciales oficiales, de acuerdo con funcionarios gubernamentales de ambos países.  Durante más de 13 años de gobiernos de izquierda, Brasil ha centrado gran parte de sus esfuerzos comerciales en las relaciones con otros mercados emergentes y en negociaciones multilaterales en el marco de la Organización Mundial del Comercio. Brasil, que está pasando por su más profunda recesión de la historia, buscó recientemente retomar los vínculos con las economías desarrolladas en Europa, Asia y América del Norte. Ambas partes aún no encuentran un terreno común sobre cuestiones tales como regulación de las inversiones, arbitraje de conflictos y compras del gobierno. Otro reto es que Canadá tiene acuerdos de inversión con Argentina y Uruguay, no con Brasil y Paraguay, dijo el funcionario canadiense. El Mercosur está integrado por Brasil, Argentina, Paraguay y Uruguay. Venezuela será suspendida del grupo en diciembre si no cumple con los estándares de derechos humanos e inmigración.","elcomercio","31/10/2016"
"A Rey Muerto","Jos Luis Bonifaz Director de la Escuela de Gestión Pública de la Universidad del Pacífico  El reciente nombramiento de los directores del Banco Central de Reserva del Perú (BCRP) por parte del Congreso de la República ha traído comentarios desde diversos sectores de la sociedad. Y es que este hecho representa una señal importante para nuestra juventud y, en particular, para los estudiantes de Economía del país.  Así, la representación estudiantil de la Universidad del Pacífico ha publicado un importante pronunciamiento respecto a la designación de los nuevos directores del BCRP. Ellos consideran que el nombramiento de por lo menos uno de ellos incumple la Ley Orgánica del BCRP, que en su artículo 11 afirma que Los directores deben ser peruanos, tener reconocida solvencia moral y poseer amplia competencia y experiencia en economía y ﬁnanzas [el subrayado es mío]. No representan a entidad o interés particular alguno y su voto debe tener en cuenta únicamente el cumplimiento de la finalidad y las funciones del banco.  Por su parte, el propio director, al preguntársele por su conocimiento de la materia, respondió que posee la misma experiencia en política monetaria","elcomercio","31/10/2016"
"Sugerencia: si realmente se quiere preservar la caja fiscal, se podrá aplicar en forma gradual dicho ‘IGV justo’, empezando por las microempresas.","Al mismo tiempo, habrá que renunciar a la reducción del IGV, una medida de dudoso impacto en la reducción de la informalidad y en el crecimiento de las mypes.  Las grandes o medianas empresas no van a tener ningún desincentivo, porque podrán utilizar el crédito fiscal al momento de recibir la factura de las mypes.  Luis Alberto Arias  Economista  La noche del jueves el Congreso aprob el proyecto de ley conocido como ‘IGV justo’ para que las micro y pequeñas empresas (mypes) diferían por tres meses el pago del IGV. Cabe precisar que, originalmente, tal facilidad funcionaba siempre que las mypes no hayan cobrado, mientras que en el proyecto de ley aprobado, esa operación aplica para todas sus ventas, cobradas o no.  Para comprender lo que aprob el pleno es necesario señalar que, en el caso del IGV, se aplica el principio del devengado; esto es, que el impuesto se debe declarar y pagar cuando las facturas son emitidas. No rige, consecuentemente, el principio de lo percibido, en cuyo caso, el impuesto se declara y paga al momento de cobrar las facturas.  Es pertinente indicar que el principio del devengado se utiliza en casi todo el mundo porque tiene dos grandes ventajas: facilita el control (pues se basa en documentos y fechas verificables) y el Estado no ﬁ nancia la morosidad que pueda existir en el mercado. Ahora bien, debido a los progresos tecnológicos, las administraciones tributarias modernas, como la Sunat, han avanzado en sus procesos de cobranza. De acuerdo con la ley, a las empresas morosas se les cobra inmediatamente, aun cuando las facturas no hayan sido cobradas. En este caso, las empresas deben recurrir a capital de trabajo o a préstamos bancarios para asumir el pago del IGV.  El fenómeno descrito complica a las mypes que, por lo general, tienen márgenes pequeños y escaso acceso al sistema ﬁ nanciero formal. Al aplicarse ciegamente a todos los contribuyentes la cobranza coactiva, se generan riesgos de embargos y eventuales quiebras de las empresas más débiles. Resultado: las puertas de la informalidad se abren aún más.  Al respecto, los impugnadores a la nueva ley aprobada expresaron dos objeciones. La primera es que desincentivaría a las empresas grandes a comprarle a las mypes, porque no podrían utilizar el crdito fiscal (la deducción del IGV que les corresponde por sus compras), mientras las mypes no paguen el IGV. Y la segunda es que el monto de los costos o perjuicio para las mypes es muy pequeño para motivar un cambio que pueda aumentar la complejidad del impuesto.  Técnicamente, sin embargo, esas objeciones no se sostienen. Veamos: respecto a la primera, las grandes o medianas empresas no van a tener ningún desincentivo, porque podrán utilizar –como sucede actualmente– el crdito ﬁscal al momento de recibir la factura de las mypes. Por el contrario, las mypes se verán incentivadas a entregar la factura oportunamente y sin el temor de ser embargadas por la Sunat. El principio del devengado no cambia para ninguna empresa. Solo se difiere el pago para un grupo de ellas.  En cuanto a la segunda objeción, cabe señalar dos aspectos. Primero, que los clculos de los costos para las mypes se realizan bajo supuestos errados, como aquel que señala que la utilidad es del 20% de las ventas, lo cual demuestra un profundo desconocimiento de ese sector. Segundo, que los clculos asumen que se ha cobrado el IGV, es decir, que existe la caja, cuando esta no existe porque el cliente no ha pagado. Por ello, las mypes entran en riesgo de quiebra.  Asimismo, los costos de implementación son mínimos, dado que la nueva ley no debiera implicar ningun cambio en los casi-lilleros de la declaración, debido a que lo único que se difiere es el pago.  Finalmente, en referencia al costo ﬁscal, el MEF afirma que no recaudaran 1.000 millones de soles (lo que equivale aproximadamente a la tercera parte del costo de rebajar en un punto el IGV). Cabe indicar que se trata de un costo transitorio –o por una sola vez–. Se pierden 1.000 millones de soles en el año de implementación, pero ellos recuperan esos recursos en el siguiente.","elcomercio","31/10/2016"
"LA PRISIÓN PREVENTIVA EN EL PAÍS A RAZÓN DE LA DETENCIÓN DE FRANCISCO BOZA","El juicio mediático  Gonzalo del Río  Abogado  Una victoria de los sistemas democráticos a mediados del siglo XX fue comprender que la privación cautelar o provisional de la libertad de quien es acusado en un proceso penal es un mecanismo necesario pero excepcional. La prisión preventiva y la detención pueden ser utilizadas solo para proteger el proceso, evitando el peligro de fuga y la obstaculización probatoria por parte del imputado en casos graves y puntuales. Es decir, cuando exista suficiente evidencia para establecer un pronóstico de culpabilidad y un peligro fundado para el desarrollo y resultado de la investigación y el juicio.  Hoy, esta premisa pacífica y obvia del derecho procesal penal es puesta en duda por una visión demagógica y populista de la justicia. Las sociedades modernas han trasladado a los medios de comunicación la discusión en torno al delito y la han tornado en una visión política de ‘law & order’ instalada en una opinión pública que forma un prejuicio inmediato sobre casos complejos y que pretende reacciones inmediatas frente a la criminalidad, sin un análisis serio de la eficiencia y eficacia de esa respuesta. Una visión que, además, exige la detención inmediata, no para proteger el proceso, sino como una expresión de justicia.  Los tribunales son alentados por los medios de comunicación y por un discurso populista que acusa a jueces y fiscales de crear una “puerta giratoria” que libera delincuentes. Los organismos de control del Poder Judicial y del Ministerio Público están atentos a cualquier decisión que ponga en libertad a un imputado. Los jueces y fiscales, inconscientemente, no atienden necesariamente a la evidencia del caso y, en muchos casos, sí a lo que dicen los medios. La sensación de justicia en la comunidad –buena o mala– ya no se construye al conocer la sentencia final, sino con la aplicación –o no– de la prisión preventiva.  Esto genera varios problemas. El hacinamiento carcelario es uno constante y, además, crea una complicación para albergar a detenidos que sí deben estar en prisión, por la existencia de un grave peligro para el proceso. Se afecta la imparcialidad judicial, se crea una falsa sensación de justicia –o injusticia– y, lo que es más grave, no se atiende al problema real de la celeridad procesal frente al delito, que no exige una privación cautelar de libertad sino condenas justas.  Lo que ha ocurrido en los últimos días con Francisco Boza es un lamentable ejemplo de esta sinrazón. La investigación llevaba varios meses, y un fiscal solicitó la detención de Boza cuando el plazo ya había concluido. Boza es detenido y, en unas cuantas horas, el juez anula la resolución por considerar que había sido sorprendido por el fiscal. Este acusa al juez a través de los medios y ambos denuncian a su contraparte al órgano de control. La investigación pierde relevancia y toma protagonismo una absurda disputa en la prensa que afecta seriamente la imagen de la administración de justicia. El análisis del peligro procesal que representaba Boza para el proceso –crucial para establecer la necesidad de una detención– ni siquiera forma parte de la información en medios.  Mientras tanto, la detención –aunque haya sido por corto tiempo– genera un impacto brutal en la reputación del imputado. La imagen que persiste es la de una condena mediática irreversible. Alguien podría sostener que si, en su día, Boza es condenado, tendrá que rectificarme. Pero no, mi posición será exactamente la misma. Necesitamos una administración de justicia que resuelva los procesos penales en forma rápida y justa (sobre todo en un ámbito tan importante como la corrupción), no un juicio mediático o fiscales que utilizan los medios para acusar a un juez que ha cumplido con su deber.","elcomercio","31/10/2016"
"UNA PROPUESTA FRENTES A LA SITUACIÓN POLÍTICA EN EL PAÍS LLANERO","Suspender a Venezuela de la OEA?  Andrs Oppenheimer  Periodista  Ahora que el autoritario venezolano Nicolás Maduro ha terminado de quebrar el Estado de derecho y cerrado todos los caminos posibles para una solución pacíﬁ ca de la crisis en su país, hay una sola manera de prevenir un posible baño de sangre: una ofensiva diplomática internacional para restaurar la democracia en Venezuela.  Ya no es suficiente que Estados Unidos y los países de América Latina expresen su profunda preocupación por las medidas autoritarias más recientes del régimen venezolano, como lo hicieron 12 países –entre ellos Argentina, Brasil, México, Colombia, el Perú, Estados Unidos y Canadá– en una declaración conjunta el 22 de octubre.  Ahora, se necesitan medidas diplomáticas concretas para prevenir una escalada de violencia y una crisis de refugiados que puede impactar a todo el continente.  Los países de la región deberían solicitar la aplicación de la Carta Democrática Interamericana de la Organización de Estados Americanos (OEA) y amenazar con suspender a Venezuela de la OEA si no restablece el Estado de derecho para, digamos, el 15 de noviembre.  La medida más reciente de Maduro de aniquilar el derecho constitucional de la oposición a reunir firmas para exigir un referéndum revocatorio ha cerrado todas las vías posibles a una salida pacíﬁ ca. Antes, Maduro se había apropiado del Tribunal Supremo de Justicia, y desobedeció las leyes aprobadas por la Asamblea Nacional.  Los países de la OEA deberían seguir el ejemplo del Mercosur, que suspendió recientemente a Venezuela como presidente por no atenerse a las cláusulas democráticas del grupo. Mercosur está ahora considerando la suspensión de la membresía de Venezuela.  Los escépticos alegan que al régimen de Maduro no le importaría nada que suspendieran al país de la OEA, pero se equivocan. El aislamiento internacional tiene su precio, y Maduro lo sabe muy bien. Él pasa gran parte de su tiempo y despilfarra millones de dólares en viajar por todo el mundo en busca de apoyo diplomático, porque lo necesita para proyectar una imagen de fuerza dentro del país, y dentro de su propia coalición de gobierno.  La suspensión de Venezuela de la OEA sería un gesto de apoyo a la oposición pacíﬁ ca venezolana, y –a nivel internacional– ayudaría a consolidar la noción de que Venezuela tiene un régimen de facto, que ha violado la Constitución. Convertirse en un paria en su propia región haría lucir más frágil a Maduro y le dificultaría recibir préstamos de emergencia o refinanciar las deudas de Venezuela.","elcomercio","31/10/2016"
"Los agentes imperiales y de grandes transnacionales no podrán con la Revolución Bolivariana y su modelo de inclusión social, política y económica","Uno de los últimos mensajes que escribi Rodríguez en Twitter. Las bancadas parlamentarias –incluida la oposición fujimorista– rechazaron el ataque desde el gobierno de Maduro contra Kuczynski.  El congresista Luis Galarreta, vocero de Fuerza Popular, aseguró que rechazaban tajantemente las expresiones de la canciller Rodríguez. Al margen de las enormes diferencias con el señor Kuczynski, este es un tema que como fuerza política no podemos aceptar. El presidente representa a todos los peruanos. Nuestro total rechazo al insulto, sostuvo a El Comercio.  Galarreta consideró que el papel del jefe del Estado en la cumbre, solo en el tema de Venezuela, fue positivo. No obstante, afirmó que después de este episodio, corresponde que el Gobierno replice ahora sí con firmeza y llame en consulta al embajador del Perú en Caracas. No hay condiciones para que tengamos relaciones con un país que está violando los derechos humanos, agregó.  El vocero de Peruanos por el Kambio (PPK), Carlos Bruce, señaló que, tras la reacción venezolana contra el mandatario, lo mejor era no caer en ese nivel. Siempre las dictaduras tienen algo en común, son majaderas. Los que somos democráticos sí respetamos las libertades individuales, declaró a este Diario.  Desde el Frente Amplio, el congresista Justiniano Apaza también rechazó las expresiones de Rodríguez y aseguró que no fueron las correctas. Está atacando a nuestro país, agregó.  A pesar de esa aclaración, cuestionó la propuesta de Kuczynski. Nuestra posición es no inmiscuirnos mediante expresiones que susciten estas reacciones, dijo el parlamentario.","elcomercio","31/10/2016"
"Reacciones de la prensa extranjera","Esta primera cumbre iberoamericana a la que asiste como presidente ha mostrado que PPK, como lo llaman en el Perú, va a ser uno de los grandes protagonistas del poder latinoamericano en los próximos años. Diario El País de España 30/10  El presidente peruano, Pedro Pablo Kuczynski, aprovechó las ausencias para erigirse en el defensor de la causa opositora en el subcontinente. [...] Una vez más llevó la voz cantante en la ciudad colombiana. Diario La Nación de Argentina 30/10  En medio de un giro a la derecha en algunos países de la región, el presidente del Perú, Pedro Pablo Kuczynski, lideró los llamados para poner a Venezuela en la parte alta de la agenda. Agencia Reuters 29/10","elcomercio","31/10/2016"
"Próxima parada","PPK se reunirá con Evo Morales  El presidente Pedro Pablo Kuczynski viajar este viernes 4 de noviembre a la ciudad de Sucre, donde se reunirá con su par Evo Morales para participar en el Encuentro Presidencial y II Gabinete Binacional Per-Bolivia.  Morales no acudió a la XXV Cumbre Iberoamericana, en la que el Perú propuso abordar la crisis venezolana.  El primer Gabinete Ministerial Binacional Per-Bolivia fue en la isla Estevés, en Puno, el año pasado. En aquella oportunidad, se adoptaron compromisos en temas del medio ambiente, uso de recursos hídricos en la zona de fronteras, seguridad y defensa.","elcomercio","31/10/2016"
"Belaunde Lossio será sometido el miércoles a una auditoría médica","El INPE informa que Belaunde Lossio fue trasladado de emergencia a una clínica en San Borja por presentar un cuadro de hipertensión arterial y angina de pecho.  18/4/2016  Belaunde Lossio es trasladado a la clínica del INCA en Miraflores, lugar donde permanece internado. Según su defensa, ah fue operado hasta en dos oportunidades por problemas en la parte baja de su columna.  15/9/2016  La jueza Zaida Pérez informa que se hará una auditoría médica para verificar el estado de salud de Belaunde Lossio, y así esa información pueda ser incluida en el expediente del caso. El miércoles de la semana pasada la jueza fijó la fecha de la auditoría para el próximo 2 de noviembre.  Jueza ordena la medida a fin de verificar el estado de salud del interno. Su defensa cuestiona que no se convocó a un médico especialista.  Este miércoles en la mañana, un representante del Instituto de Medicina Legal (IML), otro del Instituto Nacional Penitenciario (INPE) y un perito de medicina general irán a la clínica del Instituto Neuro Cardiovascular de las Américas (INCA) de Miraflores, lugar donde se encuentra internado el procesado Martín Belaunde Lossio desde hace seis meses.  La diligencia se hará por orden de la jueza Zaida Pérez, del Segundo Juzgado de Investigación Preparatoria Nacional. La magistrada dispuso la semana pasada que se haga una auditoría médica al procesado a fin de verificar su real estado de salud. Esta información fue confirmada por los abogados del interno, quienes manifestaron sus reparos con la diligencia: cuestionan que los médicos convocados no son especialistas para diagnosticar las complicaciones que –dicen– presenta su patrocinado.  Hemos hecho una observación a la jueza en el sentido de que quisiríamos que un neurocirujano integre esa junta médica, pues es un especialista para lo que tiene el señor Belaunde, dijo el abogado Hugo Canevaro.  La fecha de la auditoría médica era una decisión que se estaba esperando desde hace semanas. Concretamente desde la quincena de septiembre, cuando la jueza dijo que iba a ordenar esta medida para confirmar si el procesado se encontraba tan grave de salud como manifiestan sus abogados y algunos médicos que lo han visto. Belaunde Lossio dej la cárcel de Piedras Gordas en abril de este año, luego de que se le diagnosticara un cuadro de hipertensión arterial y una angina de pecho. Según Canevaro, después de ello su defendido tuvo una afectación en la parte baja de la columna, lo que llevó a que sea operado en dos oportunidades. Por ello –dice– se encuentra internado.  Lo cierto es que la prolongada estadía de Belaunde Lossio en la clínica miraflorina es vista con sospecha por la fiscalía y la procuraduría anticorrupción. En ese sentido, fuentes afirman que la auditoría médica ayudará a disipar las incertidumbres.  –Diagnóstico previo–  El médico neurocirujano Gabriel Polo, quien atendió a Belaunde Lossio, señala que se le detectó una hernia discal en la quinta vértebra lumbar, razón por la que fue operado. Pero, tiempo después, se le encontró una hernia más en el mismo lugar.  Esa es la razón, según el médico, por la que Belaunde Lossio sigue internado a la fecha, inform anoche el programa Cuarto poder.  El 15 de septiembre, una junta médica del INPE y médicos de otros establecimientos recomendaron que el interno no vuelva a prisión hasta que haya un manejo adecuado del proceso inflamatorio de su hernia.  El programa periodístico, asimismo, informó que en mayo pasado la actual ministra de Justicia, Marisol Pérez Tello, cuando era congresista del PPC, envió una carta al INPE solicitando verificar la conveniencia de darle a Belaunde Lossio un tratamiento adecuado por sus complicaciones de salud. Pérez Tello dijo que hizo ello a pedido de la madre del interno.  29 de mayo es la fecha en que Belaunde Lossio fue extraditado de Bolivia el año pasado por el Caso La Centralita.  S/1 millón es el monto de caución que el interno ofreció en julio para salir en libertad.","elcomercio","31/10/2016"
"Exministros afirman que el gobierno está desinformado","Dos exministros del gobierno de Ollanta Humala acusaron a las cabezas de la actual administración de estar desinformadas, no tener visión de país y querer echar la culpa de todo lo malo a la gestión precedente. José Gallardo, ex titular del Ministerio de Transportes y Comunicaciones, rechazó que en la administración de Humala se hayan trabajado grandes obras. En el programa Agenda política señaló que más bien el problema del actual gobierno es que se muestra desinformado, sin visión y está escogiendo mal la manera cómo quiere destrabar los proyectos.  Gallardo rechazó que el anterior gobierno haya sido desastroso y que la verdad se conocerá poco a poco. Señaló que el prestigio de Pedro Pablo Kuczynski se está afectando por los malos diagnósticos de sus ministros.  El ex titular del Ambiente Manuel Pulgar-Vidal también comentó sobre la actuación de los actuales ministros. Me parece que están jugando a cazar pokémons en el parque, porque lo único que se viene escuchando en estos primeros cien días es que todo lo hecho en el pasado fue malo y que ellos lo van a hacer mejor, dijo.  En declaraciones al citado programa de Canal N, Pulgar-Vidal consideró que esa no es la mejor manera de hacer política.  La semana pasada, durante la presentación del balance de los cien días, el primer ministro Fernando Zavala sostuvo que la anterior gestión les había dejado deficiencias y expectativas sobredimensionadas.  El vocero de Acción Popular, Yonhy Lescano, sostuvo que pedir en la próxima junta de portavoces la nulidad de la elección de José Chlimper y Rafael Rey como directores del Banco Central de Reserva (BCR).  En el primer caso, es por falta de solvencia moral; y el segundo, por falta de conocimientos en la materia, señaló el legislador.  Su colega de Alianza para el Progreso, el parlamentario César Villanueva, señaló que considera conveniente el pedido porque hay hechos concretos y cuestionamientos claros en ambos casos que le quitan fuerza a la elección. A pesar de que cree que el pedido no prosperará, exhortó a la representación fujimorista a reconsiderar su posición.  Sería una pena que empezáramos a manejar la política de esta manera autoritaria, manifestó.  Añadió que en el caso de Chlimper no se puede tener al secretario general de un partido como miembro del directorio de un organismo técnico. Sobre Rey, dijo que a una institución como el BCR no se va a aprender sino a decidir.","elcomercio","31/10/2016"
"Medición de fuerzas","Con la elección de los tres nuevos miembros del directorio del BCR el último jueves, Fuerza Popular demostró que con la mayoría que el electorado le otorgó el 10 de abril puede completar en un tiempo récord de 24 horas la composición del ente emisor.  Los primeros en criticar esta elección han sido los del Frente Amplio, quienes calificaron lo ocurrido como una imposición. Y no extraña para nada este adjetivo, pues, como ha quedado demostrado, para los integrantes de ese grupo la palabra democracia no les es muy grata.  Más allá de simpatías y rechazos, las propuestas en el Parlamento se deciden por mayoría de votos. Así, el Congreso debía completar el directorio del BCR eligiendo a tres miembros que se suman a los cuatro designados por el Ejecutivo. Fuerza Popular propuso a dos, el Apra a uno, el Frente Amplio a uno y Acción Popular a otro. Los votos se inclinaron por el candidato del fujimorismo y del Apra.  Aquí no está en discusión la elección. Lo que sí resulta controvertido es que Fuerza Popular haya decidido que fuera José Chlimper la carta de su partido. Como se sabe, él afronta una investigación preliminar por la supuesta adulteración de audios con el fin de desprestigiar a un testigo que acusaba a Joaquín Ramírez de lavado de activos.  La oposición a la designación de Chlimper es entendible; sin embargo, evidencia que el fujimorismo no solo confía en la inocencia del secretario general de Fuerza Popular, sino que no lo responsabiliza de haber perdido una elección casi ganada. Recordemos que el escándalo del audio fue un hito en el tramo final de la segunda vuelta, y resultó determinante para que PPK le volteara el partido a Keiko.","elcomercio","31/10/2016"
"Mercosur considera suspender membresía de Venezuela","Los pases de la OEA deberán seguir el ejemplo del Mercosur, que suspendió recientemente a Venezuela como presidente por no ajustarse a las cláusulas democráticas del grupo. Mercosur está ahora considerando la suspensión de la membresía de Venezuela.  Los escépticos alegan que al régimen de Maduro no le importará nada que suspendieran al país de la OEA, pero se equivocan. El aislamiento internacional tiene su precio, y Maduro lo sabe muy bien. Él pasa gran parte de su tiempo y desperdicia millones de dólares en viajar por todo el mundo en busca de apoyo diplomático, porque lo necesita para proyectar una imagen de fuerza dentro del país, y dentro de su propia coalición de gobierno.  La suspensión de Venezuela de la OEA será un gesto de apoyo a la oposición pacífica venezolana, y –a nivel internacional– ayudará a consolidar la noción de que Venezuela tiene un régimen de facto, que ha violado la Constitución. Convertirse en un paria en su propia región hará lucir más frágil a Maduro y le dificultará recibir préstamos de emergencia o refinanciar las deudas de Venezuela.  Según me dicen fuentes diplomáticas de la OEA, Estados Unidos no está buscando activamente la suspensión de Venezuela de la OEA porque teme que no contara con los dos tercios de votos necesarios. Muchas naciones caribeñas que todavía reciben algunos subsidios petroleros venezolanos están poco dispuestas a votar en contra de Maduro. Además, Estados Unidos podría temer que, de suspenderse a Venezuela de la OEA, Bolivia y Nicaragua renunciarían también, lo cual debilitaría a la organización. El presidente Obama sigue manteniendo la esperanza de que la mediación del Vaticano, así como la mediación encabezada por el expresidente español José Luis Rodríguez Zapatero ayuden a encontrar una solución pacífica al conflicto venezolano.  Mi opinión: Ya no tiene sentido que Estados Unidos continúe centrándo toda su política hacia Venezuela exclusivamente en el diálogo, y menos en la mediación de Rodríguez Zapatero, que solo ha ayudado al régimen de Maduro a ganar tiempo. Hay que apoyar las mediaciones, pero como uno de varios caminos simultáneos para restablecer la democracia.  En vista de los sucesos más recientes, las democracias de la OEA deberían invocar la Carta Democrática Interamericana del grupo e imponer un ultimátum por el cual Venezuela debería restablecer el orden constitucional antes del 15 de noviembre y permitir un referéndum revocatorio antes del 10 de enero, o sería suspendida de la comunidad diplomática regional.  Esa sería la manera más efectiva de reabrir una vía constitucional para resolver la crisis y evitar tanto una escalada de la violencia como una posible oleada de cientos de miles, o tal vez millones, de refugiados venezolanos, que se sumaran a los 1,4 millones que ya han salido del país. Es hora de actuar, antes de que sea demasiado tarde.","elcomercio","31/10/2016"
"Salud contaminada","Indignación y vergüenza es lo que sentimos los médicos cuando escuchamos los audios del doctor Carlos Moreno. Uno se pregunta en qué universidad estudió y qué profesores tuvo que no pudieron inculcarle los ideales del juramento hipocrático, aquel que guía al médico a una atención noble, cálida y dedicada al bienestar del paciente. Sin embargo, este penoso incidente nos permite poner a la luz la situación crítica de nuestro sistema de salud, que muchos conocíamos y advertíamos, así como los niveles de corrupción en algunas de sus instituciones.  Precisamente, es esta crisis la que genera espacios para la corrupción. No hay insumos ni equipos de diagnóstico (o están inoperativos). No hay suficientes turnos de consulta ni operatorios para atender la demanda, no hay suficientes camas ni especialistas.  Entonces, ¿qué hacer? Se deben realizar contratos con clínicas y laboratorios particulares o tercerizar los servicios, que muchas veces se dan en ambientes del mismo hospital. All surgen las oportunidades de direccionar pacientes, acordar tarifas especiales, y hacerlos pasar por un carrusel de exámenes y análisis innecesarios. Esto en detrimento del presupuesto público.  ¿Por qué llegamos a esto? Por cuatro razones. La primera es un bajo presupuesto para el sector salud (solo el 2,1% del PBI). La segunda es una pobre gestión, desde el nivel más alto, pasando por el Seguro Integral de Salud (SIS) y el Instituto de Gestión de Servicios de Salud (IGSS), los gobiernos regionales y las unidades ejecutoras (muchas de ellas son los hospitales nacionales). También por un enfoque de salud hospitalario y no de atención primaria y porque la demanda desbordó la oferta del sistema.  Esas dos últimas razones están atadas. El SIS, sin los recursos suficientes y por demagogia gubernamental, afilió a más personas de las que podía manejar. Además, nunca incorporó un enfoque preventivo promocional y solo atendió la parte curativa y recuperativa, que es la más costosa. Fíjense ustedes en lo que hace el sistema privado de seguros (que no es tampoco una maravilla). Les brinda chequeos a sus afiliados, les da charlas sobre conductas saludables y así previene o detecta morbilidades que luego podrían causar problemas de salud más serios y por ende más costosos.  La política del SIS logró la tormenta perfecta al acompañarse con la penosa situación de infraestructura, equipamiento e insumos en que se encuentran nuestros hospitales en Lima y provincias. Que, como mencioné, son unidades ejecutoras (reciben directamente los fondos), pero que han realizado una pobre gestión, invirtiendo sus pocos recursos en cosas que no estaban directamente relacionadas con la mejora de la atención.  Si compran equipos, estos no son los mejores, sino quizás los que les dejan algo bajo la mesa. No incluyen capacitación del personal o un adecuado mantenimiento. Los equipos se malogan por mal manejo o mala calidad y all se inician la crisis y la oportunidad para el negociazo. Sin ninguna supervisión o monitoreo del nivel central.  Es decir, en este tema hay varios responsables, desde ministros, viceministros, directores del SIS e IGSS, gobernadores regionales, directores regionales de salud y directores de hospitales. Como lo he manifestado en varias oportunidades, el país necesita urgentemente una verdadera reforma del sistema de salud.","elcomercio","31/10/2016"
"Yo no quiero una tumba","Un elemento que acompaña nuestros avances sociales es el crecimiento de la autoestima de los peruanos. Ello está ligado al reconocimiento de nuestra cultura esencialmente mestiza, que en estos días cercanos a la fiesta de los muertos muestra su gran fuerza y actualidad.  En efecto, varios de los grandes elementos unificadores del país se generan con el mestizaje interno reciente. Así, cuando en Lima se juntaron los peruanos de todas las regiones, aparecieron la cocina peruana –que mezcla varios insumos y sabores– y la nueva música popular, que bailan ricos y pobres. Y esa mezcla continua en las nuevas macroregiones del Perú Norte, Perú Sur, Perú Centro y Perú Oriente, que se forman espontáneamente, generando riqueza cultural y económica descentralizada. Por ello no sorprende que incluso racialmente hoy tres de cada cuatro peruanos se autodenominan, orgullosamente, como mestizos.  Y una evidencia excepcional de que somos un país cada vez más mestizo se da en la víspera del Día de Todos los Santos, donde se juntan cuatro aspectos culturales diferentes: el uso prehispánico de venerar a los muertos, la fiesta cristiana traída por los españoles, la costumbre europea del Halloween y la celebración de la música criolla. Así, entre el 31 de octubre y el 1 de noviembre, vivimos un fenómeno fantástico donde muchos peruanos en los cementerios ponemos ofrendas paganas junto a cruces cristianas, como la comida que le gustaba al difunto, y acompañamos los padrenuestros con un fondo de huainos o marineras. Eso tanto en las velaciones de los pueblos pequeños serranos, como en Villa María del Triunfo en Lima sur.  El mestizaje peruano está generando la armonía que nos ayuda a seguir creciendo.","elcomercio","31/10/2016"
"Palabra democracia no les es muy grata.","Más allá de simpatías y rechazos, las propuestas en el Parlamento se deciden por mayoría de votos. Así, el Congreso debía completar el directorio del BCR eligiendo a tres miembros que se sumaban a los cuatro designados por el Ejecutivo. Fuerza Popular propuso a dos, el Apra a uno, el Frente Amplio a uno y Acción Popular a otro. Los votos se inclinaron por el candidato del fujimorismo y del Apra. Aquí no está en discusión la elección. Lo que sí resulta controvertido es que Fuerza Popular haya decidido que fuera José Chlimper la carta de su partido. Como se sabe, él enfrenta una investigación preliminar por la supuesta adulteración de audios con el fin de desprestigiar a un testigo que acusaba a Joaquín Ramírez de lavado de activos.  La oposición a la designación de Chlimper es entendible; sin embargo, evidencia que el fujimorismo no solo confía en la inocencia del secretario general de Fuerza Popular, sino que no lo responsabiliza de haber perdido una elección casi ganada. Recordemos que el escándalo del audio fue un hito en el tramo final de la segunda vuelta, y resultó determinante para que PPK le volteara el partido a Keiko.  Chlimper no es nuevo en estas lides, ha sido director del BCR entre el 2006 y el 2011. El que sí es nuevo en este campo es el exministro Rafael Rey, a quien se ha cuestionado por no ser economista. Quienes critican ferozmente a Rey deben admitir que lo hacen más por una antipatía personal que por razones objetivas: a Rey no pueden achacarle ningún acto de corrupción. Lo que les molesta es que no es políticamente correcto y defiende la verdad en un país donde abundan los tibios. Nada contracorriente, y eso para la gente que quiere quedar bien es insoportable.  Y sí, tiene que estudiar y sin duda lo har. Rey es ingeniero industrial, pero los mismos que hoy le tiran piedras a Rey criticaron a Gonzalo García Nieva cuando fue miembro del directorio del BCR?  Como recordaba César Campos, en 1922 el primer presidente del BCR fue Eulogio Romero, abogado.  Por último, a quienes realmente deberían preocuparles la formación del BCR es al presidente Kuczynski y al ministro de Economía, Alfredo Thorne. El primero ha evaluado positivamente las aptitudes de Chlimper para el puesto, y el titular del MEF ha dicho gobernabilidad del BCR está asegurada, lo que generó que el vocero de la bancada oficialista, Carlos Bruce, manifestara públicamente su discrepancia con Thorne. El país requiere serenidad para afrontar la necesaria reactivación económica, el fujimorismo está usando su mayoría democrática y el oficialismo no debería convertirse en la piedra en el zapato de su gobierno. Paradojas.","elcomercio","31/10/2016"
"Humala declarará ante fiscalía por Caso Gasoducto del Sur","Ex mandatario está citado para este miércoles en calidad de testigo. La Segunda Fiscalía Anticorrupción tiene programado interrogar el miércoles 2 de noviembre al ex mandatario Ollanta Humala por el caso del Gasoducto Sur Peruano. Esta investigación preliminar busca esclarecer la concesión del gasoducto que se entregó en junio del 2014 a la empresa brasileña Odebrecht. Según la tesis de la fiscalía, basada en la declaración de un colaborador eficaz, la constructora brasileña habría aportado dinero a la campaña presidencial de Humala en el 2011 para posteriormente obtener concesiones de obras. Nadine Heredia, esposa del ex mandatario, declar ante la fiscalía que investiga este caso el pasado 25 de octubre en calidad de testigo. Humala también lo har en esa misma condición. Hace unos días, la Procuraduría Anticorrupción solicit al Ministerio Público que los cónyuges sean incluidos en el caso como investigados. De otro lado, en el Congreso de la República se ha formado una comisión para investigar presuntos actos de corrupción cometidos en el gobierno de Humala en torno a proyectos de infraestructura.","elcomercio","31/10/2016"
"Informe Distrito Electoral para Peruanos en el Exterior","Curules para el extranjero. El Apra y Fuerza Popular proponen crear un distrito electoral para dar representación a los peruanos en el mundo. Expertos discrepan sobre el proyecto. El congresista Jorge del Castillo, de la Clula Parlamentaria Aprista, y la legisladora Cecilia Chacón, de Fuerza Popular, han presentado dos proyectos para crear un distrito electoral formado por los peruanos residentes en el exterior. El aprista propone aumentar la representación en tres curules, mientras que la fujimorista plantea que sean cinco. Actualmente, los proyectos se encuentran en la Comisión de Constitución del Congreso de la República. Ambos buscan la modificación del artículo 21 de la Ley Orgánica de Elecciones, el cual establece la forma de elección de nuestros representantes, y el artículo 90 de la Constitución, que precisa el número de congresistas. As, los proyectos plantean crear una nueva circunscripción denominada peruanos residentes en el extranjero. Por lo pronto, el presidente de este grupo de trabajo, el fujimorista Miguel Torres, se ha manifestado a favor y ha dicho que los peruanos en el exterior no deberían recibir un trato inferior a quienes viven en el Perú. En la misma línea se manifestó el vocero del oficialismo, Carlos Bruce. En total, se estima que 3’809.663 compatriotas viven fuera de nuestras fronteras. De ellos, 884.924 fueron electores hábiles en la primera vuelta de los últimos comicios presidenciales y sólo sufragaron 472.027, lo que se tradujo en 264.344 votos válidos. En la segunda vuelta, 171.683 votaron por Fuerza Popular y 178.256 lo hicieron por Peruanos por el Kambio.","elcomercio","31/10/2016"
"Problemas de la industria del calzado en Trujillo","Piedras en el zapato. Duro panorama. El 70% de las firmas productoras en El Porvenir (Trujillo) son informales. Sus empresarios denuncian que son blanco de extorsiones. Algunos pagan hasta S/10 mil al mes. El Porvenir es un convulsionado distrito de la provincia de Trujillo, en La Libertad. Los periodistas suelen hablar de este lugar en crónicas policacas debido a que es uno de los centros del crimen organizado. No obstante, desde que Emma Watson, la famosa actriz británica, reveló que utiliza sandalias fabricadas por expertos zapateros de Trujillo, las cámaras buscan en El Porvenir a estos artesanos para conocer los secretos de su oficio. Ocurre que en solo una manzana de El Porvenir puede haber tres, cuatro o cinco pequeñas fábricas de calzado. El 70% de la población económicamente activa (PEA) de este distrito se dedica a la confección de zapatos, calcula el gobierno local. Si en Brasil levantas un macetero y encuentras un futbolista, en El Porvenir hallas un zapatero, dice entre risas Alfonso León, de 54 años, 33 de los cuales los ha dedicado a la producción de calzado. Aunque a El Porvenir se lo conoce como la capital del calzado del Perú, las empresas de La Libertad produjeron solo el 25% del total nacional en el 2015, según el Ministerio de la Producción (Produce). De acuerdo con la municipalidad de El Porvenir, este distrito produce unos 18 millones de pares de zapatos anualmente. Menos que otros años. Los zapateros calculan también que de las cinco mil empresas productoras que hay en El Porvenir más del 70% son informales. Fernando Alipio, cuya marca calzó a Maju Mantilla cuando se coronó Miss Mundo en el 2004, asegura que están pasando por una crisis. Él exporta su calzado a Chile y decidi no vender más en Ecuador porque es difícil competir con el zapato de fabricación china. Su colega de oficio Alejandro Paredes explica que un producto manufacturado en China puede costar hasta menos de S/20. Otro problema para este sector es la inseguridad. Para un foráneo no es fácil caminar por El Porvenir, una zona marcada por extorsiones y asesinatos. En el 2015 fue el quinto distrito con el mayor número de muertes violentas asociadas a hechos delictivos en todo el país, según el Instituto Nacional Penitenciario (INPE).","elcomercio","31/10/2016"
"Tambo-Moquegua, que involucra a las tres regiones sureñas","Además, los gobiernos regionales evaluarán en qué otras cuencas se puede establecer un consejo para mejorar la gestión del agua.  —Reclamos recientes— La firma del acta de entendimiento se da en un contexto de conflictos en torno a la administración y uso del agua que comprende a Arequipa, Moquegua y Puno.  Precisamente, a finales de setiembre, Islay (Arequipa) acató un paro de 48 horas en protesta por la falta de agua en el valle del Tambo.  Los agricultores arequipeños exigen al Gobierno Central la construcción de la represa de Paltuture (Moquegua). Actualmente, la obra está paralizada debido a la oposición de las autoridades puneas, quienes aseguran que esta se ubica en su territorio.","elcomercio","31/10/2016"
"Fiscalía rechaza liberación de 29 detenidos","Polémica decisión ● Juez de Huaral desestima dar prisión preventiva a acusados de extorsión y sicariato en el norte chico. Pierina ChiComa Castro  El juzgado de investigación preparatoria transitoria de Huaral dispuso la liberación de Antonio Prieto Torres, ex comisario de Chancay, de sus dos suboficiales, Jorge Barba Ramos y Marcos Salas Trujillo, así como la de 26 civiles más, capturados el pasado 13 de octubre en diferentes zonas del norte chico, acusados de integrar la organización criminal Los Monos de Quepepampa.  En la megaoperación participaron 30 fiscales y 500 policías. Desde hace 8 meses le seguían los pasos a esta banda que, según los agentes, se dedicaba a la extorsión, el sicariato, el robo agravado y otros delitos.  Como parte de la operación, la PNP allanó con mandato judicial 43 viviendas de Chancay, Huaral, Huacho, Aucallama, Barranca incluso en Lima y el Callao.  Luis Salas Ostos, titular de la Fiscalía Provincial Especializada contra la Criminalidad Organizada de Huaura, quien dirigió la operación, y la Policía Nacional del Per adjuntaron las pruebas que involucran a los detenidos con la organización a ﬁn de enviarlas al Poder Judicial.  Sin embargo, luego de 15 días, el juez de Huaral, Ismael Felipe Orozco Huayanay, declar infundado el pedido de prisión preventiva por el plazo de 18 meses para los sindicados y los liberó.","elcomercio","31/10/2016"
"Entrevista Carlos Basombró Ministro del Interior Esta decisión judicial puede causar muertes","El titular del Interior explica que los sujetos liberados podrían tomar represalias contra las personas que trabajaron para detenerlos.  El jueves 13 de octubre se detuvo a 29 personas, entre policías y civiles, pero todas han sido liberadas por un magistrado de Huaral.  Facebook  En la operación se detuvo al policía Antonio Prieto, ex jefe de la dependencia de Piedra Lisa del Rímac. Aquí, una foto de una condecoración.  Forma de radicarlos en el medio. Con eso se estaría contrarrestando el peligro de fuga, sostiene el magistrado.  — Antecedentes —  Jorge Chávez Cotrina, fiscal superior coordinador contra el crimen organizado, confirmó que todos los detenidos, a excepción de los tres policías que están involucrados, tenían antecedentes penales.  Estamos indignados por esta resolución. Acabo de oír el audio en donde el juez Ismael Orozco reconoce todos los elementos de convicción que el fiscal Salas ha presentado y que los vinculan a esta organización. Sin embargo, dice que no es proporcional la medida de detención, reprochó Chávez Cotrina.  Así, dijo que esta decisión resulta contraproducente, porque todos los involucrados tienen antecedentes penales. Muchos de ellos por homicidio y extorsión.  El fiscal Chávez Cotrina explica que, en el 2011, el Poder Judicial dictó una resolución administrativa en la que se señala que para que amerite la prisión efectiva basta que sean integrantes de una organización criminal. Entonces, ¿cómo puede decir que la prisión preventiva no es proporcional?, preguntó.  cientos de agentes y fiscales. Estoy seguro de que el presidente del Poder Judicial no comparte esta decisión.  —¿Quiénes son Los Monos de Quepepampa?  Es una banda que ha azotado el norte chico durante años, afectando localidades como Chancay, Huaral, Huacho, Aucallama y Barranca. Está integrada por extorsionadores, sicarios, delincuentes avezados.  Decreto promulgado  Organización criminal  El último sábado se promulgó un decreto legislativo que eleva las penas para el crimen organizado. La norma precisa que quien promueva, organice, constituya o integre una organización criminal de 3 a más personas recibirá de 8 a 15 años de cárcel, y de 180 a 365 días-multas. Los cabecillas, jefes o financistas tendrán de 15 a 20 años de cárcel, igual condena será si causan muerte o lesiones graves durante su accionar.  También se establece que los sicarios no pueden acceder a beneficios penitenciarios: redención de la pena por el trabajo y la educación, semi-libertad y libertad condicional.  Libertad? Ellos se van a fugar y van a seguir haciendo sus fechoras. Vamos a tener más sicarios, más extorsionadores. Pueden tomar represalias contra todos los involucrados que han trabajado para su detención. Esta decisión judicial puede causar muertes de personas que luchan contra el crimen.  —¿Qué van a hacer desde su cartera?  Exhortamos a que el juez Ismael Orozco dé una explicación. Por lo pronto, mañana [hoy] habrá una conferencia del viceministro Ricardo Valdés y del fiscal Jorge Chávez donde daremos más detalles de nuestra denuncia.","elcomercio","31/10/2016"
"San Isidro no dará marcha atrás en el retiro de cambistas","Según el Colegio de Abogados, la norma atenta contra sus derechos.  En poco más de una semana, ocho cambistas de San Isidro han sido multados con S/3.950 por incumplir la Ordenanza N434, que prohíbe la comercialización de moneda extranjera en la vía pública.  Ese es el caso de Roland Snchez, quien lleva 25 años como cambista en este distrito y que en los últimos días ha recibido dos multas por ejercer la actividad, que ahora es considerada informal en la calle.  Los fiscalizadores y policías nos siguen peor que a delincuentes. Están encubiertos y nos detienen aunque no estemos cambiando dinero, contó.  Ante esta situación, representantes de la Asociación de Cambistas David Dasso, una de las tres asociaciones del distrito, se reunieron el viernes con funcionarios de la Municipalidad de San Isidro. Los cambistas pidieron la suspensión inmediata de las sanciones, una tregua de 12 meses para implementar medidas de seguridad en sus puntos de trabajo, que se deje sin efecto las multas impuestas y apoyo para su formalización a través de casas de cambio.  La reunión duró cerca de una hora, pero los cambistas no recibieron respuestas. Tras la cita, la gerenta de Seguridad Ciudadana de San Isidro, Gabriela Ziga, reiteró que la municipalidad no dará marcha atrás en la aplicación de la Ordenanza N434 y que el único punto por el que se continuará el diálogo es el pedido de apoyo para la formalización.  No habrá ningún tipo de concesión para que puedan volver a las calles, dijo.  Según una opinión formal del Colegio de Abogados de Lima (CAL), la ordenanza de San Isidro tiene incompatibilidad con derechos fundamentales, como libertad de comercio, derecho al trabajo e igualdad ante la ley.  Pueden plantear una acción de inconstitucionalidad contra la medida, recomendó el CAL.  Miembros de Barrio King reciben prisión domiciliaria pese a pruebas  Frente a las cámaras de Cuarto poder, una madre empresaria extorsionada pidió ayuda para ella y su hijo tras ser víctimas de amenazas por miembros de la organización delictiva Barrio King, del Callao.  En el reportaje, emitido anoche, se observa paso a paso la operación en la que fueron capturados en flagrancia dos personas vinculadas a esta banda.  Hace unos días, la madre extorsionada, que no se identifica por seguridad, accedió al trato de pagar dinero a los delincuentes a cambio de no ser atacada, pero ella fue en compañía de policías y fiscales para comprobar el delito en el lugar pactado.  la ORGANIZACIÓN  SU CABECILLA  Según un reportaje de Panorama transmitido el 9 de octubre, unos audios dan cuenta de cómo Gerson Glvez Caracol habría negociado megaobras de construcción en el Callao.  Se le imputa también haber comprado a funcionarios y policías, además de extorsionar a grandes representantes del sector inmobiliario a cambio de millonarios cupos para dejarlos operar.  Luego del trato y con la evidencia en video, la policía detuvo a los dos extorsionadores. Uno de ellos es Junior Saucedo, hijo de Antonio Saucedo Mendoza Chino Saucedo, vinculado a la banda Barrio King.  Unos días después de la detención de ambos sujetos, el Poder Judicial dictó comparecencia en modalidad de arresto domiciliario a los dos implicados, quienes viven en el barrio Siberia, uno de los más peligrosos del Callao.  Pese a las evidencias y a la flagrancia, el Poder Judicial indicó que no habrían elementos que vinculen a los imputados con el hecho. La madre, que recibe amenazas, pidi ayuda por su seguridad.","elcomercio","31/10/2016"
"El peor movimiento sísmico desde 1980","En Amatrice, algunas construcciones que quedaron afectadas por el terremoto de agosto terminaron de colapsar ayer.  Italia no para de temblar  Tragedia G Un terremoto de 6,5 grados devastó la misma región en la que el sismo del 24 de agosto causó unas 300 muertes G En el movimiento sísmico de ayer no hubo fallecidos, pero sí mucha destrucción.  Redacción Mundo  Tras varios fuertes sismos ocurridos la semana pasada, la región central de Italia, cerca de la ciudad de Norcia, se vio sacudida ayer por un violento terremoto de 6,5 grados en la escala de Richter, que se trajo abajo numerosos edificios históricos.   Luego del desastre, el Centro de Norcia fue cerrado para evitar el paso de la gente ante la inestabilidad del terreno.   Cerca de 4.000 personas de Norcia reciben asistencia fuera de sus hogares, y en la región de Las Marcas al menos 25.000 han tenido que abandonar sus domicilios.   El sismo no caus muertes, pero sí dej una veintena de heridos.","elcomercio","31/10/2016"
"As de La Libertad produje-","ron solo el 25% del total nacional en el 2015, según el Ministerio de la Producción (Produce).  De acuerdo con la municipalidad de El Porvenir, este distrito produce unos 18 millones de pares de zapatos anualmente. Menos que otros años. Los zapateros calculan también que de las cinco mil empresas productoras que hay en El Porvenir más del 70% son informales.  Fernando Alipio, cuya marca calzó a Maju Mantilla cuando se coronó Miss Mundo en el 2004, asegura que están pasando por una crisis. Él exporta su calzado a Chile y decidi no vender más en Ecuador porque es difícil competir con el zapato de fabricación china. Su colega de oficio Alejandro Paredes explica que un producto manufacturado en China puede costar hasta menos de S/20.  Otro problema para este sector es la inseguridad. Para un foráneo no es fácil caminar por El Porvenir, una zona marcada por extorsiones y asesinatos. En el 2015 fue el quinto distrito con el mayor número de muertes violentas asociadas a hechos delictivos en todo el país, según el INEI. No hay zapatero que no haya sido extorsionado en este lugar, asegura Juan, un productor de zapatos. A Ricardo, otro zapatero que pide no revelar su apellido, le exigían el pago de un cupo mensual de S/10 mil para no atentar contra su vida o la de su familia.","elcomercio","31/10/2016"
"Promesas de campaña","  El 8 de febrero de este año, el entonces candidato presidencial Pedro Pablo Kuczynski firmó un acta de compromiso con zapateros de El Porvenir. PPK les prometió que, de llegar a la presidencia de la República, construiría un instituto tecnológico de calzado.  El incendio de la fábrica de suelas en El Agustino (Lima) también ha perjudicado a unos 800 fabricantes de calzado de El Porvenir, debido a que esta les abastecía de materia prima para confeccionar sus productos.  Las promesas de las autoridades también grafican la crisis que vive el sector del calzado en El Porvenir. En el 2010, el Congreso promulgó una ley que creó el parque industrial de curtibierres y calzado en La Libertad.  El mismo año, el gobierno regional transfirió 102 hectáreas de terreno al municipio distrital de El Porvenir para construir el anhelado parque industrial. Sin embargo, seis años después, el lugar está invadido y nunca se construyó nada.  Edmundo Blas, presidente de la Cámara de Curtidores y Calzado de El Porvenir, añade que el futuro del zapatero local no es alentador. Si hace 5 años unos 300 fabricantes de calzado le compraban cuero, actualmente no tiene clientes porque algunos han reemplazado el cuero con [material] sintético.","elcomercio","31/10/2016"
"Experiencia de éxito","  El Porvenir tras Emma Watson  La vida de William Ulloa, representante de la marca Nisolo, cambió por completo apenas Emma Watson reveló que vistió sandalias confeccionadas en Trujillo. Las sandalias fueron hechas por un equipo de expertos zapateros de Trujillo, Perú, en una fábrica de Nisolo, que cumple un comercio justo, seguras condiciones de trabajo, seguro de salud para todos los empleados, y alfabetización financiera y bienestar en entrenamiento, escribió Watson. Los zapatos de Nisolo solo se venden en el extranjero. En Estados Unidos y Suiza, un par puede costar US$240 (S/748).  Desde entonces, Ulloa no ha dejado de atender a periodistas de todo el país. Nos sentimos reconocidos, orgullosos, dice. Él comenzó como un humilde vendedor de telas en su nativo Mache, un distrito de la provincia andina de Otuzco (La Libertad). Ahora es un exitoso empresario zapatero.","elcomercio","31/10/2016"
"Templo en espiral escondido en Jan","  Arqueólogos hallan vestigios de una remota civilización en una zona que era usada como botadero público. El Ministerio de Cultura incluirá los restos en un programa de rescate.  Un templo construido sobre piedras colocadas casi de manera perfecta en espiral, tres contextos funerarios individuales y otro múltiple que incluye los cráneos de seis personas, y restos de vasijas de cerámica con huellas de hollín. Estas son las más recientes evidencias de la existencia de antiguas sociedades amazónicas complejas que marcan los inicios de la civilización en Jan.  La edificación de 5.300 metros cuadrados fue construida en el sector de Montegrande, a solo diez minutos de la Plaza de Armas de Jan, Cajamarca. Hace una década, los habitantes de la zona llegaron a utilizar este espacio como botadero público.  El director del proyecto arqueológico de Montegrande, Quirino Olivera, explica que este centro fue utilizado por una cultura amazónica con una antigüedad de más de cinco mil años. Estos hombres se dedicaban a la arquitectura, alfarería, escultura en piedra, madera y hueso.  Ya en el 2010, Olivera reveló el hallazgo de dos templos en Montegrande y en San Isidro. Al inicio se creyó que estos centros pertenecían a la cultura Bracamoros; sin embargo, luego de los estudios de carbono 14 que se realizaron en Estados Unidos, se comprobó que pertenecían a sociedades más antiguas. En ambos templos se encontraron 14 contextos (depósitos) funerarios, lo que logró colocar a Jan como un centro cultural de atractivo turístico.","elcomercio","31/10/2016"
"Alcaldes y comuneros piden presencia de la PCM en Chumbivilcas","  Los alcaldes, los presidentes de las comunidades y los dirigentes de los frentes de defensa de la provincia de Chumbivilcas, en Cusco, pedirán hoy la presencia de una comisión de alto nivel del Gobierno Central para manifestar sus reclamos sobre el proyecto minero Las Bambas. Ellos exigen la presencia del jefe de la Oficina Nacional de Diálogo y Sostenibilidad de la Presidencia del Consejo de Ministros (ONDS), Rolando Luque, así como de los ministros de Transportes y Comunicaciones, Salud, y Agricultura y Riego.  La decisión se tomó luego de una accidentada mesa de diálogo con representantes de la empresa minera MMG Limited (a cargo de la mina Las Bambas) y funcionarios de la Presidencia del Consejo de Ministros (PCM) en el distrito de Ccapacmarca. Necesitamos que esté presente en estas mesas gente con capacidad de resolución y que tome en serio nuestros reclamos, dijo David Vera, alcalde de Chumbivilcas. Agregó que los citarán para el próximo 3 de noviembre. Si no vienen en esa fecha, iremos al paro indefinido desde el 7 [de noviembre], anunció.  Entre las principales demandas, figura la inclusión de Chumbivilcas en el ámbito de influencia del proyecto. Asimismo, denuncian que el paso de los camiones de la mina por el camino que va de Coporaque a Velille genera problemas de contaminación. El polvo de los camiones de Las Bambas está afectando la agricultura en la zona. Queremos que el Estado se comprometa a poner asfalto de buena calidad en los 200 kilómetros que recorren en Chumbivilcas, dijo a El Comercio Guider Puma, representante del Frente de Defensa de los Intereses de Velille, uno de los distritos de Chumbivilcas.","elcomercio","31/10/2016"
"Malas relaciones","Más allá de lo que se piense de la gestión de Francisco Boza en el Instituto Peruano del Deporte, el espectáculo de su detención y su aparente vínculo con la red de Belaunde Lossio deja amargura en todos aquellos que, desde hace décadas, siguen con expectativa la carrera de uno de los pocos medallistas olímpicos peruanos.  La combinación de política y deporte suele ser nefasta. Aunque los puentes sean obvios –cierto sentido de la representación popular–, los resultados, tal como han mostrado los últimos veinte años de peruanidad, son nefastos. Teﬁ lo Cubillas fue un efímero presidente del IPD durante la etapa final del fujimorismo y Héctor Chumpitaz fue procesado por recibir US$30 mil de Montesinos para su campaña como regidor de Vamos Vecino. Ninguna de estas peripecias hizo mucho por ennoblecer el legado que ambos dejaron en las canchas. Buena parte de la generación dorada de voleibolistas que consiguieron plata en SEL 88, de Gabriela Pérez del Solar a Cecilia Tait, acabó eventual congresista sin otro resultado que la pérdida de tiempo. Esperemos que, luego de su retiro, ni Kina Malpartida ni Jonathan Maicelo busquen asiento parlamentario. Hay formas de jubilación más provechosas que poner en riesgo el nombre ganado en el mar y en el ring.  La combinación entre política y deporte suele ser nefasta porque nunca opera en el sentido correcto. Nunca es la política al servicio del deporte, sino el deporte como instrumento político. Una prueba es que, elección a elección, las menciones al deporte en los planes de gobierno suelen ser generalidades gruesas… y aún así no se cumplen. Se sigue viendo al deporte como un gasto suntuario, a veces incluso como una excentricidad (Belmont), no como una inversión educativa. Por ello es tan sencillo armar una campaña para tumbarse el compromiso asumido por el Estado Peruano de organizar los Juegos Panamericanos en Lima. Esta es quizá la última oportunidad de evitar que el rezago respecto a la región siga creciendo. Cualquier plan de seguridad, cualquier debate sobre urbanismo, cualquier polémica sobre pedagogía o promoción cultural que no contemple al deporte como elemento formativo e inhibidor de la delincuencia está condenado a fracasar.  El deporte, todo sea dicho, tiene una parte del problema. Al querer estar inmunizado contra la justicia común bajo el supuesto de evitar intervenciones ajenas, el fútbol, por ejemplo, se convirtió en el hábitat ideal para que prospere la corrupción. Las prácticas son tan extendidas que separar la paja del trigo se ha vuelto difícil. Las operaciones para atacar a las dirigencias mafia son parecen películas de Francis Ford Coppola. Entenderse como una esfera asética no ha logrado otra cosa que crear una casta parasita.  El caso de Boza es complejo. Si es inocente, se habrá manchado su honor de manera lamentable. Si es culpable, pasará a engrosar la larga lista de atletas que fracasaron en su intento de administrar la cosa pública. Hay quien argumenta que, en el mejor escenario, Boza tiene la excusa de haber tenido que adecuarse al modus operandi del Estado para ser eficiente. El pragmatismo, como justificación, siempre es una pobre defensa moral. No es imposible que un deportista pase del campo al escritorio y sea exitoso en ambos frentes. Pero sí es excepcional.","elcomercio","31/10/2016"
"LA NUEVA LEY PARA DIFERIR EL IMPUESTO GENERAL A LAS VENTAS PARA LAS MYPES","IGV: lo justo y necesario  se recuperan al año siguiente, lo cual es distinto a perder 3.000 millones de soles anuales, irrecuperables por siempre.  Sugerencia: si realmente se quiere preservar la caja fiscal, se podría aplicar en forma gradual dicho ‘IGV justo’, empezando por las microempresas. Al mismo tiempo, habría que renunciar a la reducción del IGV, una medida de dudoso impacto en la reducción de la informalidad y en el crecimiento de las mypes.  Las grandes o medianas empresas no van a tener ningún desincentivo, porque podrán utilizar el crédito fiscal al momento de recibir la factura de las mypes.  LUIS ALBERTO Arias  Economista  La noche del jueves el Congreso aprobó el proyecto de ley conocido como ‘IGV justo’ para que las micro y pequeñas empresas (mypes) diferían por tres meses el pago del IGV. Cabe precisar que, originalmente, tal facilidad funcionaba siempre que las mypes no hayan cobrado, mientras que en el proyecto de ley aprobado, esa operación aplica para todas sus ventas, cobradas o no.  Para comprender lo que aprobó el pleno es necesario señalar que, en el caso del IGV, se aplica el principio del devengado; esto es, que el impuesto se debe declarar y pagar cuando las facturas son emitidas. No rige, consecuentemente, el principio de lo percibido, en cuyo caso, el impuesto se declara y paga al momento de cobrar las facturas.","elcomercio","31/10/2016"
"El peor movimiento sísmico desde 1980","En Amatrice, algunas construcciones que quedaron afectadas por el terremoto de agosto terminaron de colapsar ayer.  Italia no para de temblar  Tragedia G Un terremoto de 6,5 grados devastó la misma región en la que el sismo del 24 de agosto causó unas 300 muertes G En el movimiento sísmico de ayer no hubo fallecidos, pero sí mucha destrucción.  Tras varios fuertes sismos ocurridos la semana pasada, la región central de Italia, cerca de la ciudad de Norcia, se vio sacudida ayer por un violento terremoto de 6,5 grados en la escala de Richter, que se trajo abajo numerosos edificios históricos. Luego del desastre, el Centro de Norcia fue cerrado para evitar el paso de la gente ante la inestabilidad del terreno.  Cerca de 4.000 personas de Norcia reciben asistencia fuera de sus hogares, y en la región de Las Marcas al menos 25.000 han tenido que abandonar sus domicilios.   El sismo no caus muertes, pero sí dejó una veintena de heridos.   El terremoto fue más poderoso que el del 24 de agosto, que dejó 300 muertos. Tras esa tragedia, muchas personas abandonaron la zona, lo que ha ayudado a evitar una nueva cifra alta de fallecidos por el sismo de ayer. Los asustados residentes de Norcia salieron a las calles mientras la antigua Basílica de San Benito se derrumbó y solo su fachada quedó en pie. Monjas, monjes y habitantes de la localidad se arrodillaron en la plaza principal de la ciudad, rezando en silencio ante la iglesia destruida. Esto es una tragedia. Es un tiro de gracia. La basílica está arruinada, dijo a Reuters el obispo de Norcia, Renato Boccardo. Todos están en un estado de miedo y estrés perpetuo, comentó Boccardo, refiriéndose a las miles de réplicas que han sacudido la zona desde agosto.   El terremoto se registró a las 7:40 hora local (06:40 GMT) a unos diez kilómetros de profundidad y el epicentro se situ próximo a los municipios de Norcia, Castelsantangelo sul Nera, Preci y Visso, en una zona montañosa entre las regiones de Umbría y Las Marcas.","elcomercio","31/10/2016"
"Equipo de Clinton pide al FBI que revele detalles sobre correos","Altos asesores de Hillary Clinton presionaron ayer al director del FBI, James Comey, para que revele detalles de los correos electrónicos que según él podrían estar relacionados con el uso de un servidor privado por la candidata, y pidieron saber si el propio Comey los ha revisado. Tim Kaine, el compañero de fórmula de Clinton, señaló ayer que Comey tenía el deber de informar al público sobre los correos que están siendo revisados por el FBI cuando restan apenas nueve días para la jornada electoral del 8 de noviembre. El mensaje de Kaine era una respuesta al candidato republicano Donald Trump, quien ha aprovechado la controversia para sembrar dudas sobre la confiabilidad de Clinton. Por lo que sabemos al presente, el director Comey no sabe nada sobre el contenido de estos correos. Ni siquiera sabemos si son de o a Hillary, dijo Kaine. El senador por Virginia añadió: [Si Comey] no ha visto esos correos, quiero decir que deben aclararlo. Entonces deben abocarse a leer esos correos y dar a conocer las circunstancias una vez hecho el análisis.   El jefe de campaña de Clinton, John Podesta, manifestó que Comey manejó el asunto de manera inapropiada. Lo exhortó a ser más transparente porque la revelación se produjo en medio de la campaña electoral tan cerca de la votación.   --Sufrimiento y fortaleza--  El jefe del FBI, James Comey, anunció el viernes la reapertura de la investigación –que había sido archivada en julio– sobre el uso de un servidor privado cuando Clinton era secretaria de Estado, ante el descubrimiento de nuevos correos.   Comey, que es republicano, había criticado en julio el manejo de Clinton de información delicada, pero no halló méritos para presentar cargos en su contra.   Ayer Clinton estuvo en una iglesia de Fort Lauderdale, Florida, donde no mencionó directamente la investigación del FBI, pero recordó que la Biblia dice que el sufrimiento genera fortaleza, y la fortaleza forma carácter, y el carácter produce esperanza.   La jefa de campaña de Trump, Kellyanne Conway, dijo que Comey estaba en una situación insostenible cuando reconoció que el FBI estudia los mensajes. Si hubiese ocultado la información, se podría argumentar que también interfiera con la elección, explicó.","elcomercio","31/10/2016"
"Fin de infarto","Trump repunta en las encuestas  A nueve días de la elección presidencial, una encuesta de ABC News/Washington Post divulgada ayer otorga una ventaja de apenas un punto porcentual a Hillary Clinton, de 46%, contra 45% para Donald Trump, en una medición que incluye a los cuatro aspirantes.  Mientras que en Florida, un estado vital para tener chance de llegar a la Casa Blanca, Trump pasó al frente con 46% de las adhesiones contra 42% para Clinton, según un sondeo de The New York Times Upshot/Siena College Research Institute.","elcomercio","31/10/2016"
"Ex presidente de El Salvador es detenido por corrupción","Antonio Saca habría robado 15 millones de dólares de las arcas del Estado.  La policía salvadoreña arrestó ayer al expresidente Antonio Saca, quien será procesado por los delitos de peculado, agrupaciones ilícitas y lavado de dinero, informó la fiscalía.  Junto con Saca fueron arrestados César Funes, quien se desempeñó como secretario de la Juventud, y Julio Rank, ex secretario de Comunicaciones. Otros arrestados son Pablo Gómez, Francisco Rodríguez, Jorge Alberto Herrera y Elmer Charlaix, quien fuera el secretario privado del ex presidente durante su mandato del 2004 al 2009.  Las capturas de Saca, Funes y Rank se realizaron en momentos en que asistían al matrimonio de uno de los hijos del ex gobernante.  Durante la investigación se conoció que Charlaix habría transferido fondos de las cuentas institucionales a cuentas personales.  Según las investigaciones de la Sección de Probidad de la Corte Suprema de Justicia, se determinó que 5,8 millones de dólares fueron a parar a las cuentas personales de Charlaix, y que 15 millones de dólares se depositaron en cuentas personales de Saca. También se envió dinero a otros funcionarios de su gobierno y a su partido.","elcomercio","31/10/2016"
"Representantes del gobierno y oposición se reúnen en Caracas","Tras una semana llena de incertidumbre, representantes del Gobierno Venezolano y de la coalición opositora Mesa de Unidad Democrática (MUD) sostuvieron una reunión en el Museo Alejandro Otero, en Caracas.  La Canciller Delcy Rodríguez, el Alcalde de Caracas, Jorge Rodríguez, y el Diputado Elías Jaua asistieron en representación del gobierno. El Presidente Nicolás Maduro también se presentó en el encuentro.  Asumo mi compromiso total con este proceso de diálogo. A la MUD le tiendo la mano para dialogar, señaló el mandatario.  La reunión, impulsada por el Vaticano, contó con el Prelado Italiano Claudio María Celli, el Ex Presidente Español José Luis Rodríguez Zapatero y el Secretario General de la UNASUR, Ernesto Samper, como mediadores. Tras la presentación, las delegaciones continuaron con las reuniones en privado. La MUD emitió un comunicado en el cual señala que es un proceso exploratorio y de no obtenerse resultados a corto plazo se levantarían de la mesa.","elcomercio","31/10/2016"
"Rey de España entrega premio a José Graña","El Rey Felipe de España entregó en Cartagena de Indias (Colombia) el III Premio Enrique V. Iglesias al Desarrollo Empresarial Iberoamericano al empresario peruano José Graña Mir Quesada, presidente del Grupo Graña y Montero, empresa de ingeniería e infraestructura de renombre en el Perú.   El reconocimiento pone de relieve el papel de Graña como referente para el empresariado del continente. Entre los proyectos más relevantes realizados por la compañía destacan la","elcomercio","31/10/2016"
"Eric Le Roy, guardin del patrimonio filmco, llega a Lima","NA","elcomercio","31/10/2016"
"Golpe a megaoperacin: Muchos de los implicados tienen antecedentes por homicidio","Basombro teme venganza de delincuentes liberados. Alarma. Ministro del Interior advierte que pueden tomar represalias contra agentes y fiscales que los capturaron en el norte chico hace dos semanas. Banda. Juez de Huaral declara infundado pedido de prisión preventiva para tres policías y 26 civiles que se dedicaban a extorsión, robo y sicariato.","elcomercio","31/10/2016"
"Devastación en Italia","Un poderoso terremoto de 6,5 grados sacude el centro de Italia, destruye edificios y deja miles de damnificados. Los grupos de rescate trabajan en Amatrice, ciudad que fue afectada por otro terremoto en agosto y cuyos edificios se terminaron de caer ayer.","elcomercio","31/10/2016"
"CIERRAN FILAS Bancadas rechazan ataques de canciller venezolana a PPK","Le emplazamos a que se quite ese traje de empresario estadounidense. Delcy Rodríguez, Canciller de Venezuela. Los últimos planteamientos del presidente Pedro Pablo Kuczynski en la XXV Cumbre Iberoamericana de Cartagena para que América Latina aborde la crisis que atraviesa Venezuela, como la activación de la Carta Democrática de la Organización de Estados Americanos (OEA), recibieron una dura respuesta desde el país sudamericano. La canciller venezolana, Delcy Rodríguez, quien acudi a la cita en Colombia en reemplazo de Nicolás Maduro, pidi a Kuczynski que se quite ese traje de empresario estadounidense y ver la realidad de la región. Él siempre ha trabajado para las transnacionales, para los intereses foráneos, principalmente de Estados Unidos, afirm la diplomática. El pasado sábado, el jefe del Estado dijo durante la cumbre en Colombia que no existe intención de interferir en lo que ocurre en otros países. Sin embargo, remarcó que Venezuela sufre una crisis económica y de derechos políticos. La cancillera peruana también envió un comunicado, en el que considera que en el país que preside Maduro se ha generado una alteración al orden democrático institucional y que la situación vulnera los principios de la Carta Democrática Interamericana. Los agentes imperiales y de grandes transnacionales no podrán con la Revolución Bolivariana y su modelo de inclusión social, política y económica fue uno de los últimos mensajes que escribió Rodríguez en Twitter. Las bancadas parlamentarias –incluida la oposición fujimorista– rechazaron el ataque desde el gobierno de Maduro contra Kuczynski. El congresista Luis Galarreta, vocero de Fuerza Popular, aseguró que rechazaban tajantemente las expresiones de la canciller Rodríguez. Al margen de las enormes diferencias con el señor Kuczynski, este es un tema que como fuerza política no podemos aceptar. El presidente representa a todos los peruanos. Nuestro total rechazo al insulto, sostuvo a El Comercio. Galarreta consideró que el papel del jefe del Estado en la cumbre, solo en el tema de Venezuela, fue positivo. No obstante, afirmó que después de este episodio, corresponde que el Gobierno replique ahora sí con firmeza y llame en consulta al embajador del Perú en Caracas. No hay condiciones para que tengamos relaciones con un país que está violando los derechos humanos, agregó.","elcomercio","31/10/2016"
"Editorial","Bajo esa interpretación, sin embargo, cualquier funcionario podría ocultar información incómoda, ponerle un sello, y el resto de ciudadanos tendríamos que conformarnos sin poder siquiera cuestionar dicha decisión pues nunca se oficializó con un pronunciamiento. Editorial de El Comercio La ley me obliga / 6 de julio del 2016. Ese secreto que tienes conmigo. El gobierno anterior termin su gestión envuelto en múltiples sospechas de corrupción y con la imagen de estar dispuesto a incurrir en acciones bastante aparatosas para encubrirla. Esto se relaciona, por supuesto, en primera instancia con los brumosos asuntos de licitaciones y obras que hoy son objeto de investigación en la fiscalía y en el Congreso (y cuyo hilo parte en muchos casos de las famosas agendas de la ex primera dama). Pero también con problemas que se manifestaron en otros niveles de la administración humalista. Uno de ellos, surgido en el sector Defensa a razón de una denuncia del programa Panorama en abril último, ha cobrado actualidad en estos días, porque el nuevo gobierno ha empezado a modular los mismos pretextos que el anterior para evitar la investigación y la transparencia al respecto. Como se recordará, el referido espacio dominical mostró documentos de gastos de septiembre del 2015 del Comando Especial del Vraem, entre los que se incluían declaraciones juradas de supuestos colaboradores que habían recibido pagos de entre 400 y 900 soles por brindar información, y luego presentó también testimonios de varios de ellos que negaban haber recibido tales pagos. Ante la posibilidad de que los fondos destinados a la inteligencia en el Vraem hubieran sido malversados, sin embargo, el gobierno –y el entonces ministro de Defensa Jakke Valakivi en particular– procedió de forma insólita y denunció a los periodistas de Panorama por haber revelado secretos nacionales. Negó, además, entregarle a la Primera Fiscalía Anticorrupción –que se abocó a investigar el caso de oficio– los documentos que sustentaban la denuncia periodística. Y la explicación siempre fue que, al revelarse públicamente la identidad de algunos colaboradores, se ponía en riesgo sus vidas. No obstante, como se señaló en ese momento, no puede ser secreto todo aquello sobre lo que simplemente se coloca un sello que dice que lo es. El reglamento de la Ley de Transparencia y Acceso a la Información Pública establece que toda entidad que produzca información de acceso restringido deber tener un registro de la misma. Y Defensa no cumplió con ese requisito. Por otro lado, el ex procurador anticorrupción Luis Vargas Valdivia comentó también meses atrás que, aun cuando los documentos pudieran ser secretos, el ministerio en cuestión podía entregarlos a la fiscalía bajo la condición de la reserva. De cualquier forma, todo esto provocó que la oposición acusase al gobierno humalista de buscar un ajuste de cuentas con un programa que había sido el que sac originalmente a la luz las agendas de la señora Heredia. Y de apagar, en el camino, la corrupción que podía existir en el Vraem. Una opinión de la que, en los tiempos de campaña, parecía participar Peruanos por el Kambio. De hecho, tras ganar las elecciones, el ya designado primer ministro Fernando Zavala declar: Si de mí hubiese dependido, yo no habría hecho esta denuncia. Y el también anunciado titular de Defensa, Mariano González, fue más allá aún. Que quede claro que la primera medida que voy a tomar ni bien llegue al despacho será la de desechar la denuncia hecha por el señor Valakivi, aseveró. ¿Entraba eso acaso un cuestionamiento a la naturaleza supuestamente ‘secreta’ de los documentos y la información sobre el presunto caso de corrupción en el Vraem? Pues parece que no, porque ahora, la nueva administración, ya con las riendas del poder en la mano, ha repetido el estéril argumento de la anterior, tanto en un oficio firmado el 18 de este mes por el primer ministro Zavala, como por boca de González. No se puede poner en riesgo la vida de los agentes ni los colaboradores, ha dicho él. Para luego añadir: Ni siquiera un fiscal puede obligarnos a transgredir la ley. Y con ello, toda la investigación del caso podría terminar archivada en el Ministerio Público, mientras desde el Ejecutivo entonan aquello de: Ese secreto que tienes conmigo nadie lo sabrá..., en auténtico homenaje al Día de la Canción Criolla y a la criollada en general.","elcomercio","31/10/2016"
"UN DÍA COMO HOY HACE 100 AÑOS Centenario de la independencia","Ilustración: Giovanni Tazza. Próxima está la fecha de nuestro centenario como nación libre. Un lustro escaso falta para que el Per festeje la efeméride gloriosa de su constitución como nación soberana e independiente. Ya se habla en todos los círculos de las ceremonias que habremos de efectuar para señalar en la historia esta fecha de memorable recuerdo para América toda. Sin embargo, nada se ha dicho sobre los festejos intelectuales con los que convendría acreditar ante las demás naciones que ya somos un pueblo que ha llegado a la mayoría de edad espiritual. H.L.M.","elcomercio","31/10/2016"
"El reciente nombramiento de los directores del Banco Central de Reserva del Perú","El reciente nombramiento de los directores del Banco Central de Reserva del Perú (BCRP) por parte del Congreso de la República ha traído comentarios desde diversos sectores de la sociedad. Y es que este hecho representa una señal importante para nuestra juventud y, en particular, para los estudiantes de Economía del país.  Así, la representación estudiantil de la Universidad del Pacífico ha publicado un importante pronunciamiento respecto a la designación de los nuevos directores del BCRP. Ellos consideran que el nombramiento de por lo menos uno de ellos incumple la Ley Orgánica del BCRP, que en su artículo 11 afirma que Los directores deben ser peruanos, tener reconocida solvencia moral y poseer amplia competencia y experiencia en economía y ﬁnanzas [el subrayado es mío]. No representan a entidad o interés particular alguno y su voto debe tener en cuenta únicamente el cumplimiento de la finalidad y las funciones del banco.  Por su parte, el propio director, al preguntársele por su conocimiento de la materia, respondió que posee la misma experiencia en política monetaria que tiene toda persona con sentido común. Por supuesto que tengo que estudiar y proceder con la prudencia que el caso y el cargo requieren, aseveró. El BCRP es una entidad clave para la estabilidad macroeconómica del país debido a que en esta entidad se decide la política monetaria del Perú. Recuerden que en el primer gobierno de Alan García, el BCRP emitía moneda sin respaldo, lo que generó la mayor inflación de la historia peruana. En un directorio de siete personas, resulta básico que los mismos tengan las suficientes credenciales académicas y profesionales para poder desempeñar adecuadamente el cargo. Me pregunto qué mensaje le estamos dando a nuestra juventud: Para qué querrán capacitar nuestros alumnos si, por un lado, se quiebran las leyes y, por otro, se da la inconsistencia de primero obtener el puesto por favores políticos, aunque no se tengan calificaciones, para luego aprender o ponerse a estudiar para el cargo? Si usted fuera dueño de una empresa, contrataría a alguien que no tiene experiencia en el puesto contra la promesa que va a estudiar luego para hacerlo mejor?  Por eso es que estamos como estamos. Una vez más la política ensucia la técnica y desencanta a la juventud. En Chile, los miembros del directorio son nombrados por el presidente y son ratificados por el Congreso (revisen sus credenciales en la web). Duran diez años, pudiendo ser designados para nuevos períodos, y se renuevan a razón de uno cada dos años. Las remuneraciones son fijadas sobre la base de los más altos cargos ejecutivos que se encuentren vigentes en las empresas bancarias del sector privado. La calidad de estos es incompatible con todo cargo o servicio, sea o no remunerado, que se preste en el sector privado. En otras palabras, son calificados y a dedicación exclusiva. Quizás esta sea una manera de retirar a los políticos de las decisiones técnicas que tanto se necesitan.","elcomercio","31/10/2016"
"Corrupción: Toman medidas para luchar contra soborno en Energía y Minas","El Ministerio de Energía y Minas inició un estudio para determinar cuáles son los procesos que son susceptibles al riesgo de soborno. Esto con el fin de aplicar un sistema de gestión para prevenir o detectar dicha conducta.","elcomercio","31/10/2016"
"Hidrocarburos: Iraq revela producción de petróleo y se adelanta a OPEP","Iraq dio a conocer su producción de petróleo en septiembre: más de 4,7 millones de barriles diarios. Así, busca que la OPEP reconozca esta cifra antes de la cita de noviembre, donde se podría limitar la producción de los países miembros.","elcomercio","31/10/2016"
"Blanquiazules aún tienen un partido pendiente contra Ayacucho FC","Liga 1 | Liguilla G: La San Martín de Chemo da el golpe en Matute y vence 2-1 a los íntimos, que ahora son séptimos en el acumulado.  Alianza, como su camiseta, qued morada. Al borde del nocaut, tambaleando en el séptimo lugar de la tabla y mordiendo entre labios la bronca de otra derrota en casa. Habrá que comenzar a pedir menos milagros y más eficacia en La Victoria. Dar a toda costa el diferencial si se quiere alcanzar ese cuarto puesto porque no alcanza con poco, porque más que nunca en el año no se depende de los propios resultados. Y basta de ilusionar al hincha con discursos débiles cuando el fútbol del equipo no logra hacer respetar al menos Matute, cada vez más vulnerable a que las visitas suelten terribles sorpresas.  Así se le fue otro octubre más a la camiseta blanquimorada de Alianza. Lejos de las semifinales recibió ayer un duro golpe de la rebelde San Martín de Chemo del Solar. Si había un momento para sentar bases de una recuperación ese era el duelo contra los santos. Y no lo fue, primero porque de saque el portero Leao Butrón cometió un blooper y le entregó el 1-0 al argentino Cristian Ortiz en el primer minuto del partido.  Pero Alianza se recuperó del puñetazo al estómago. Sali Pajoy por lesión e ingres Pando, que se inventó una jugada en el área de San Martín para que Erinson Ramírez anote la igualdad a los 37. Todo un partido quedó por delante y no se pudo aprovechar. Principalmente porque el Alianza de Jayo juega como el Alianza de Mosquera. Desperdiciando sus ataques con centros débiles desde las bandas. Sin buenos cabeceadores, los intentos son una moneda al aire que siempre cae sellada.  — Golpe por golpe —  Como si no hubieran visto lo que hizo la San Martín con la U en el Callao el último miércoles, el mediocampo blanquiazul no pudo hacerle frente a la sociedad que los santos plantearon con Peña, Cartagena y Sánchez. El fútbol de los albos se crea y se destruye a partir de estos tres jugadores, que metros más adelante aprovechan a Ortiz y Palacio, dos pititos veloces dispuestos a tirar diagonales hasta el cansancio. También al movedizo Succar, que sabe tanto del gol como de recogerse para participar en el juego. Si la San Martín jugara así desde inicios de año no estaríamos hablando de que está cerca de salvarse de la baja, sino de que daría pelea por los primeros lugares.  El triunfo de Chemo vino desde el banco. Mandó al campo a Cseres, otro bajito de pique en corto, en lugar de Palacio. Cuando el partido pasó a jugarse solo en las áreas, el argentino tomó el balón, enfiló una diagonal para sacarse de encima a dos marcadores aliancistas y disparó rasante para vencer a Butrón.  Nueve minutos le quedaron a los blanquiazules para salvar el empate, pero no pudieron. Siguieron intentando con el mismo plan y San Martín resistió en su área como lo hacen los equipos que no duermen pensando en el descenso.  Así se le fue otro octubre a los aliancistas. Con poco y nada de milagros, y muchos números de terror. Tienen 57 puntos en la tabla, están a nueve de Municipal y en una semana juegan el clásico.","elcomercio","31/10/2016"
"‘U’ termina su buena racha al caer goleado ante Sport Huancayo","Universitario jugó con algunos suplentes y, a diferencia de ante San Martín, no tuvo reacción. Equipo crema pierde su invicto de nueve partidos sin derrotas con un 4-0 de visita.","elcomercio","31/10/2016"
"El rey de España entregó premio a José Graña","El rey Felipe de España entreg en Cartagena de Indias (Colombia) el III Premio Enrique V. Iglesias al Desarrollo Empresarial Iberoamericano al empresario peruano José Graña Mir Quesada, presidente del Grupo Graña y Montero, compañía de ingeniería e infraestructura de renombre en el Perú. El reconocimiento pone de relieve el papel de Graña como referente para el empresariado del continente. Entre los proyectos más relevantes realizados por la compañía destacan la carretera Interoceánica que une el Perú y Brasil, aeropuertos, complejos hoteleros y proyectos de gas. Además, mantiene importantes negocios con empresas ibéricas como Acciona, Enagas, Agbar y Abengoa. Este galardón se organiza con el soporte del Capítulo Ibérico del Consejo Empresarial de América Latina, (CEAL), y la colaboración de personalidades del mundo económico y empresarial. El reconocimiento se entrega de forma alterna en Madrid y en la Cumbre Iberoamericana.","elcomercio","31/10/2016"
"Litigio: Johnson & Johnson indemnizará a mujer con cáncer","Un jurado en St. Louis (Estados Unidos) orden a Johnson & Johnson pagar US$70,1 millls. a Deborah Giannecchini. Según el fallo, el uso constante del distintivo talco para bebés de la empresa causó cáncer de ovario en la mujer. Giannecchini dijo que usó el producto por más de 40 años.","elcomercio","31/10/2016"
"Recomendaciones: Niños menores de 1 año y medio deben evitar ver pantallas","La Academia Estadounidense de Pediatría emiti nuevas recomendaciones sobre el uso de dispositivos en menores. Según dijo, se debe evitar que los niños estén frente a una pantalla antes de que tengan 1 año y medio. Entre los 2 y 5 años, se aconseja que vean una pantalla por una hora al día.","elcomercio","31/10/2016"
"New Horizons envía sus últimos datos sobre Plutón","La sonda espacial New Horizons de la NASA envió a la Tierra el último paquete de datos que recopil durante su acercamiento a Plutón el año pasado. La información tardó cinco horas y ocho minutos en llegar a la Tierra desde el espacio, viajando a la velocidad de la luz.","elcomercio","31/10/2016"
"LA SALUD: ELMER HUERTA, especialista en salud pública","La Academia de Colegios Médicos Reales de Inglaterra lanzó su campaña Escogiendo Sabiamente, en la que advierte a doctores y pacientes que existe suficiente evidencia científica para cuestionar ciertos tratamientos médicos de uso común. A riesgo de redactar un artículo muy técnico, es importante conocer algunos de esos cuestionables tratamientos para evitar gastos y complicaciones innecesarios.  -Cirugía y anestesiología- 1. Con la excepción de cirugías complejas, las operaciones deben hacerse de manera ambulatoria. 2. Si el paciente ya ha tenido una evaluación preoperatoria, no debe ser hospitalizado el día anterior a la cirugía. 3. La mayoría de operaciones menores o intermedias no necesita exámenes preoperatorios. 4. Pacientes y médicos deben discutir detalladamente los riesgos y beneficios de una cirugía, especialmente en cirugías con alto riesgo de muerte (más del 1% en los primeros 30 días). 5. Los riesgos de una cirugía electiva pueden reducirse drásticamente si el paciente baja de peso y deja de fumar y abusar del alcohol.  -Salas de emergencia- 1. Poner un suero a un paciente alcoholizado no ayuda a mejorarlo o a que salga de alta pronto. 2. Niños con fracturas no complicadas de la mandíbula (en tallo verde) no necesitan yeso, basta inmovilizarla con una férula. 3. Las dislocaciones de cadera y hombro pueden ser tratadas con sedación en la emergencia, en vez de llevar a los pacientes a sala de operaciones y usar anestesia general. 4. Las heridas pueden ser lavadas con agua del caño en vez de usar caras botellas de sueros salinos estériles. 5. A no ser que haya evidencia de complicación, no ordenar rayos X, resonancias magnéticas o tomografías de la columna por un dolor de cintura.  -Oftalmología- 1. No revisar una operación de catarata no complicada al día siguiente de la intervención. 2. Si se sospecha de conjuntivitis viral, no debe hacerse cultivo de secreción ni empezar antibióticos.  -Pediatría- 1. Si el bebé desarrolla cabeza plana o plagiocefalia –por estar mucho tiempo acostado–, el uso de cascos correctores no es efectivo. La condición es benigna. 2. El estreñimiento de los niños debe tratarse con alimentación saludable. Si se necesitara un laxante, debe evitarse lactulosa y debe preferirse polietilenglicol.  -Psiciatría- 1. El tratamiento medicamentoso de la depresión debe evaluarse a los dos meses. Si no funciona, debe cambiarse o asociarse a otro medicamento. 2. A no ser que haya una indicación muy precisa, no deben ordenarse tomografías o resonancias magnéticas del cerebro en pacientes con psicosis, no ayudan.  -Cuidados intensivos- 1. Si un paciente está muy grave, médicos y familiares deben discutir la conveniencia de instaurar soporte artificial de vida. 2. No ordenar exámenes auxiliares con el criterio de por si acaso. Las pruebas solo deben ordenarse para responder preguntas puntuales. 3. A no ser que el paciente esté sangrando o con presión baja, no deben hacerse transfusiones de sangre en personas con hemoglobina mayor de 7 gr/L.  -Medicina interna- 1. Si el paciente está muy enfermo y en su último año de vida, debe considerarse el discontinuar medicamentos innecesarios y seguir solo aquellos que controlan los síntomas. 2. No deben hacerse exámenes para descubrir demencia en la población general, debido a que esas pruebas no son certeras. De cada 18 personas con una prueba positiva, solo seis tienen demencia, 12 no la sufren y una tiene demencia que las pruebas no descubrieron. 3. La prevención de enfermedades del corazón, derrames cerebrales u osteoporosis con medicamentos debe estar precedida de una cuidadosa discusión sobre los riesgos y beneficios. 4. Si una persona toma una estatina para bajar el colesterol, no debe hacerse chequeos frecuentes del colesterol de la sangre, a no ser que tenga historia familiar o haya tenido ya un ataque cardiaco o un derrame cerebral. 5. A no ser que el hombre tenga historia familiar de cáncer de próstata o sea de raza negra, el uso de antígeno prostático específico (PSA) no le va a alargar la vida si le encuentran cáncer de próstata. 6. En pacientes con cáncer avanzado, debe minimizarse o evitarse el uso de quimioterapia. 7. El uso de tomografías o resonancias después del tratamiento del cáncer debe ser hecho solo cuando sea absolutamente necesario.  -Obstetricia y ginecología- 1. A no ser que la madre tenga diabetes, no debe hacerse ultrasonido para evaluar si el bebé es grande para su edad gestacional. 2. Una mujer premenopáusica con un quiste de ovario menor de cinco centímetros no necesita seguimiento ni hacerse el examen CA-125. 3. La madre no debe hacerse un monitoreo electrónico de los latidos cardíacos del feto, a no ser que tenga riesgo de embarazo complicado. 4. A no ser que se sospeche de una enfermedad de transmisión sexual, un cultivo de secreción vaginal no es útil. 5. A no ser que se sospeche de menopausia prematura, no deben hacerse pruebas hormonales de sangre para diagnosticar menopausia. 6. El control de un dispositivo intrauterino (DIU) no necesita hacerse en un consultorio, la mujer puede hacerlo en casa identificando el hilo del aparato en la vagina.","elcomercio","31/10/2016"
"Estudio 2016 Global Innovation 1000, de PwC","¿Cómo lograr que la inversión en investigación y desarrollo sea rentable? Experimentamos el declive del branding como herramienta para la diferenciación y durante los 2000 –con el impulso de las redes sociales y el word of mouth– vimos el retorno a la importancia de la calidad del producto y el servicio como elemento esencial para obtener la preferencia del mercado, todo indica que esta década se caracterizará por el impulso a la innovación como palanca para generar crecimiento y combatir economías ralentizadas. El estudio 2016 Global Innovation 1000 deja en claro que hay enormes diferencias en las velocidades con las que avanzan diferentes países (Estados Unidos vs. el mundo) y sectores (tecnología y salud vs. el resto) hacia la misma dirección. Es muy importante notar que estas diferencias también se evidencian en el crecimiento de la valorización de mercado de los países y sectores más innovadores.  ¿Cómo estamos en el Perú en lo que se refiere a innovación? Mucho mejor. Este año hemos visto que ya no son solo los grandes grupos económicos los que hacen apuestas reales por la innovación, y que en organizaciones líderes o emergentes cada vez hay más personas, equipos y áreas enfocadas en estos temas. También apreciamos que se ha creado conciencia entre tomadores de decisiones en cuanto a que la innovación es un medio y no un fin (debe perseguir un objetivo de negocio) y que la clave del éxito para innovar no son las ideas (que dentro de la organización hay...)","elcomercio","31/10/2016"
"As se le fue otro octubre a los aliancistas","Con poco y nada de milagros, y muchos números de terror. Tienen 57 puntos en la tabla, están a nueve de Municipal y en una semana juegan el clásico.","elcomercio","31/10/2016"
"Fijo...","Como ya es costumbre, Luis Advíncula volvió a jugar los 90 minutos con Newell’s, esta vez en el empate a dos ante San Lorenzo en el estadio Marcelo Bielsa. Lucho es de los seleccionados que más juegan.","elcomercio","31/10/2016"
"Salto...","En el triunfo 2-1 de Morelia ante Necaxa, Ruídas convirtió su noveno gol en el fútbol mexicano y superó los 8 que anotó en Chile. Es su mejor producción en el extranjero. El ‘Enano’ sigue creciendo.","elcomercio","31/10/2016"
"‘U’ termina su buena racha al caer goleado ante Sport Huancayo","Equipo crema pierde su invicto de nueve partidos sin derrotas con un 4-0 de visita. El de ayer en Huancayo también fue 4-0, como este terrible primer tiempo ante la San Martín. Pero no hubo reacción, se qued sin garra. La ‘U’ cayó en la desesperación y jugó su peor partido en la Liguilla 2016. Una dura caída en gran parte porque el Sport Huancayo del colombiano Diego Umaña es un equipo con oficio que juega de memoria en casa. Aprovecha los disparos de media distancia y saca oro de las desconcentraciones de defensas débiles. Ayer, otra vez, el punto más flaco del once de Roberto Chale fue su línea defensiva con García y Galliquio en escena.  —Rojo y matador—  Huancayo no tuvo presiones en el mediocampo y se echó a jugar con libertad. Marco Lliuya es la mejor expresión del juego de los huancanos. Versátil, hábil y excelente lector de las oportunidades que entregó la ‘U’. A los 21’, un pase suyo permitió que Meza Cuadra marcara el primero. Luego, a los 50’, Peña volvió a aprovechar las espaldas de la defensa y venció a Cedra.  Con el 2-0 llegó la jugada polémica del duelo. El árbitro Santivéz anuló un legítimo gol a la ‘U’ y, desde el banco, Chale salió a reclamar. Le costó la roja y de paso ver el clásico por TV.  La goleada se completó con tantos de fuera del área de Lliuya (69’) y Rivas (80’). Con 71 puntos, la ‘U’ está a la espera del pase a ‘semis’. Mientras que Huancayo (60) metió presión en la tabla.","elcomercio","31/10/2016"
"Cristal vuelve a tropezar y pierde 1-0 ante Real Garcilaso","Sporting Cristal tenía la mesa servida para recuperar el liderato de la tabla del Descentralizado. Conocedor de la derrota crema en Huancayo, los celestes se enfrentaron a Real Garcilaso pero al ﬁnal cayeron por 1-0 en Cusco.  El único tanto del partido lo marcó Joao Villamarin a los 75 minutos.  Los rimenses van segundos en la tabla con 70 puntos al igual que Melgar de Arequipa y con Municipal al acecho (66).","elcomercio","31/10/2016"
"La Liga más Premier de las últimas temporadas","Es fantástico pero muy pronto para hablar de que seamos aspirantes al título. Podemos mejorar mucho. Antonio Conte, técnico del Chelsea.  Chelsea gana 2-0 al Southampton y queda a un solo punto de los tres primeros.  No se equivocaron los que pronosticaron una Liga Premier espectacular, la mejor de las últimas temporadas. Con las grandes estrellas en el banquillo como plus, el Chelsea también apostó por un técnico de lujo: Antonio Conte. Y con el italiano es protagonista tras vencer 2-0 en casa del Southampton para ubicarse cuarto a solo un punto de los líderes City, Arsenal y Liverpool.  Apenas a los 7 minutos, el belga Eden Hazard abrió la cuenta y permitió que el Chelsea entrara en zona de confort, agrupándose en el fondo para buscar rápidos contragolpes.  Desde que Conte cambió su sistema a un 3-4-3, ha logrado cuatro triunfos consecutivos en la Premier. Además, no ha recibido un solo tanto y ha convertido 11.  Con el nuevo dibujo táctico, uno de los más favorecidos ha sido Hazard. El belga se mueve cómodo, sin muchas responsabilidades defensivas, lo que le permite utilizar todas sus fuerzas en la creación de juego. Así, a los 55’ habilitó a Diego Costa para que el atacante brasileño sellara el 2-0.  Con este resultado, el Chelsea tiene 22 unidades y es cuarto, mientras que el quinto lugar es para el Tottenham de Mauricio Pochettino con 20 unidades.  En la liga de los grandes técnicos –Guardiola en el City, Wenger en el Arsenal y Klopp en el Liverpool–, solamente el Manchester de Mourinho está relegado con 15 puntos.","elcomercio","31/10/2016"
"Hamilton se impone en México y la pelea por el título sigue abierta","A falta de dos fechas, Lewis redujo a 19 puntos la ventaja de Nico Rosberg.  La primera curva pudo acabar con su sueño, pero Lewis Hamilton salió bien librado y no paró hasta la bandera a cuadros del GP de México, con lo que su tetra campeonato en la Fórmula 1 sigue intacto, ya que redujo a 19 puntos la ventaja de Nico Rosberg, que fue segundo.  En la accidentada primera vuelta, Lewis se fue de largo pero pudo volver a la pista para mantener el primer lugar. Atrás, Rosberg se mantuvo segundo y la carrera se hizo emocionante con la pelea por el tercer lugar, que finalmente fue para Sebastian Vettel tras una penalización a Max Verstappen.  Con esta victoria, Hamilton llegó a 51 triunfos e igualó el récord de Alain Prost como segundo máximo ganador, aunque lejos de los 91 de Michael Schumacher.  A 19 puntos del líder Rosberg, en Brasil necesita ganar para mantener la lucha hasta Abu Dhabi.","elcomercio","31/10/2016"
"Garn se lleva el Lima Challenger","El chileno Christian Garn se llevó el título del Lima Challenger Copa Claro. El tenista de 20 años venció por 3-6, 7-5 y 7-6 al argentino Guido Andreozzi y conquistó el primer título Challenger de su carrera en el club Las Terrazas. Nunca me voy a olvidar de este torneo en Lima, aseguró el tenista que radica en España.","elcomercio","31/10/2016"
"Orlandini vuelve a ganar Caminos del Inca pese a sufrir ataques","El último especial es cancelado por atentados con clavos contra coches. El ‘Mono’ logra su tercer título en el aniversario 50 de la competencia.  La jornada final no fue como se esperaba en el aniversario 50 de Caminos del Inca. El tramo entre Huancavelica y Pisco se canceló por medidas de seguridad, ya que extraños colocaron clavos retorcidos para pinchar llantas –los conocidos miguelitos– en la ruta, lo que perjudicó a Raúl Orlandini y Eduardo Castro.  Los pilotos, en una medida inteligente, pararon y la organización decidió que la prueba llegaba a su fin, con los tiempos hasta el especial décimo noveno, entre Huancayo y Huancavelica.  Fue una victoria de punta a punta de Orlandini, quien vuelve a llevarse Caminos luego de cuatro años. Ha ganado en el 2010 y el 2012.  Meritorio también fue lo de Eduardo Castro, quien se llevó el segundo puesto.","elcomercio","31/10/2016"
"Malas relaciones","MS ALL DE LO QUE SE PIENSE DE LA GESTIÓN DE FRANCISCO BOZA EN EL INSTITUTO PERUANO DEL DEPORTE, EL ESPECTÁCULO DE SU DETENCIÓN Y SU APARENTE VÍNCULO CON LA RED DE BELAÚNDE LOSSIO DEJA AMARGURA EN TODOS AQUELLOS QUE, DESDE HACE DCADAS, SIGUEN CON EXPECTATIVA LA CARRERA DE UNO DE LOS POQUOS MEDALLISTAS OLÍMPICOS PERUANOS.  LA COMBINACIÓN DE POLÍTICA Y DEPORTES SUELLE SER NEFASTA. AUNQUE LOS PUENTES SEAN OBVIOS –CIERTO SENTIDO DE LA REPRESENTACIÓN POPULAR–, LOS RESULTADOS, TAL COMO HAN MOSTRADO LOS ÚLTIMOS VEINTE AÑOS DE PERUANIDAD, SON NEFASTOS. TEFILO CUBILLAS FUE UN EFÍMERO PRESIDENTE DEL IPD DURANTE LA ETAPA FINAL DEL FUJIMORISMO Y HÉCTOR CHUMPITAZ FUE PROCESADO POR RECIBIR US$30 MIL DE MONTESI-NOS PARA SU CAMPAÑA COMO REGIDOR.","elcomercio","31/10/2016"
