"headline","content","newspaper","date"
"Testimonio de Junot","El testimonio de Junot es parte de un proceso largo de apertura, reconocimiento, y de lucha contra el silencio. Búscalo en Internet y lávalo, pero sobre todo escúchalo porque junto con la versión escrita hay un audio grabado por el mismo autor.","elcomercio","12/04/2018"
"Entrevista Rafael Uzcategui","Nací en Mérida hace 44 años, pero desde 1994 vivo en Caracas. Estudié Sociología en la Universidad Central de Venezuela. Estoy casado con Lexys Rendón. Trabajo en el Programa Venezolano de Educación Acción en DD.HH. (Provea) desde el 2006.  Siempre habrá una luz por la que luchar. Pelear el tiempo que sea de pelear. Aunque sólo ves oscuridad, esto va a cambiar. No puede durar más, dice el coro de Molotov, canción de Doctor No, una de las 16 bandas venezolanas que participan en el disco Rock contra la dictadura, un proyecto liderado por la organización Provea.  Como coordinador de Provea he llegado a Lima para entregar el disco a los asistentes a la Cumbre de las Américas... Las organizaciones de derechos humanos hacemos muchas cosas con un alto contenido técnico, que son importantes, como los informes, pero no tan masivas. Los referentes de los jóvenes están en las series, videojuegos, novelas gráficas. Tuve la necesidad de dialogar con ellos.  Cómo lo hice? Comencé con una radio por internet asociados con una ONG digital de jóvenes. Luego tuve un contacto mucho más cercano con gente que cantaba sobre lo que pasaba en Venezuela.  Y ah nació el disco... Hay algo interesante. Hugo Chávez tuvo la buena idea, en algún momento, de convertirse en un movimiento social, con colores, una estética y canciones. Por diferentes razones, el gobierno de Maduro ya no es un movimiento, solo ejerce el poder para quedarse de forma indefinida. Del otro lado, en cambio, el grupo que está intentando que vuelva la democracia a Venezuela ha pasado a ser un movimiento. Ellos aportan canciones y encuentros para la ciudadanía. Ahora no solo hay bandas de rock sino artistas un poco más conocidos como Nacho o Franco de Vita que están siendo parte de esto. Esas bandas fueron las que confiaron en nosotros.  El poder de la música... Generalmente creemos que podemos convencer a las personas con ideas y la razón, pero si van acompañadas con sentimientos y emociones será mucho más potente. Me eduqué sobre lo que pasaba en el Perú escuchando a las bandas peruanas. La primera vez que oí sobre un sitio llamado Ayacucho, donde violaban derechos humanos, fue a través de Ayacucho centro de opresión de Kaos. La música les puede hablar a esta nueva generación de venezolanos, les recordará a estos jóvenes por qué luchan. Por otro lado, es una forma de disminuir los brotes de xenofobia que son naturales ante las oleadas migratorias masivas.  Con qué canciones podríamos comenzar? La primera es de Sentimiento Muerto. En 1988 Fito Páez produjo su disco La muerte no existe, donde está Educación anterior, que tiene plena vigencia en la Venezuela de hoy. La segunda, es de Melancólicos Anónimos que tuvo que emigrar a EE.UU. Tienen una canción muy cruda y directa llamada Coca y gasolina, dicen que son los dos principales productos de exportación en Venezuela.  Uzcategui llegó a Lima usando un polo que une los rostros de Alberto Fujimori y Nicolás Maduro. Los autoritarismos son derrotables, dice.  ¿Cómo analizas la crisis de tu país? Para sintetizar la gravedad del momento actual debes saber que para una organización de derechos elevar su tono es calificar a un gobierno como dictadura. Eso lo hicimos en octubre del 2016. Y en eso también tuvo que ver el Perú.  ¿Por qué? Muchas organizaciones de derechos humanos peruanas nos decían cuál debería ser nuestro papel en estos momentos, debíamos asumir un rol más político para poder devolverle la democracia al país. Ahorita nos encontramos en un momento de ausencia de institucionalidad democrática, al punto de que el Defensor del Pueblo, Alfredo Ruiz, niega la crisis migratoria humanitaria. El Gobierno ahora solo genera políticas para las personas que le son fieles ideológicamente, que se calcula entre un 15% y un 25%. La discriminación se ha transformado en una política de Estado. Eso, además, ha catalizado la situación de pobreza en Venezuela.  ¿A qué nivel? Actualmente hay 16 millones de personas en situación de pobreza, según cifras oficiales que son las más cautas. Es decir, la gran bandera del gobierno bolivariano de acabar con la pobreza no solo no se cumplió, sino que ahora hay más pobres en Venezuela que cuando llegó Chávez. Además, han aumentado los índices de malnutrición, subnutrición y desnutrición. En zonas como el estado de Bolívar fallece un niño al día por desnutrición. El año pasado 26 personas murieron por comer yuca amarga, una variante tóxica, porque están desesperados por comer lo que sea.  Cuéntame más sobre la trayectoria de Provea. Este año cumpliremos 30 años. Nos dedicamos a la defensa de derechos económicos, sociales y culturales, pero también hemos llevado casos de tortura. Casos que se han llevado a la CIDH. Provea tiene un alto perfil, así que puede hablarle al Gobierno en sus términos; además tenemos la historia de visitar a Hugo Chávez cuando estaba preso para verificar sus condiciones, a pesar de que ahora no lo podamos hacer con los presos políticos y Nicolás Maduro fue atendido por Provea en 1993 cuando era hostigado por su actividad cuando era conductor de buses en Caracas. Él era acusado porque era un agitador y Provea llevó su caso, de hecho aún tenemos el mueble donde él se sentó y donde hoy se sientan las víctimas de su gobierno.","elcomercio","12/04/2018"
"Resumen estadounidense. El contexto era el escándalo de Cambridge Analytica","era el escándalo de Cambridge Analytica, una consultora británica de análisis de opinión que obtuvo hasta 87 millones de perfiles de Facebook para diseñar estrategias políticas a pedido, y que alega haber influido en la campaña presidencial norteamericana del 2016 a favor de Donald Trump. Más allá del caso, el interrogatorio reveló lo poco que se conoce sobre cómo funciona la red social, cómo hace dinero y qué pasa con la información que a ella le confiamos sus usuarios.  Los datos que obtuvo Cambridge Analytica –y que se usaron para crear estrategias de medios para clientes como Trump– no fueron hackeados ni de los usuarios ni del propio Facebook. La información fue adquirida de un investigador independiente, el profesor de Neurociencia de Cambridge Aleksandr Kogan, quien la obtuvo originalmente de los perfiles de todos los usuarios que aceptaron usar una aplicación de entretenimiento, creada por él, que prometía determinar la personalidad en base al perfil de Facebook. Por la forma misma en la que funcionaba Facebook entre esos años, al permitir a la aplicación acceder a su perfil los usuarios también le daban acceso a la información de los perfiles de sus amigos, incluyendo nombres, fotografías, ubicaciones, etc. Aunque los lineamientos para desarrolladores de Facebook prohibían hacerlo, nada impidió que el académico copiara esta información y la vendiera a Cambridge Analytica. Una pregunta recurrente esta semana en el Senado estadounidense fue cómo ganaba dinero Facebook. Es decir, cuál era el negocio que motivaba a la empresa a ofrecer gratuitamente a sus usuarios productos como Facebook, Instagram y WhatsApp. Lo que los senadores fallaban en entender es que Facebook es una empresa de publicidad. Su objetivo es acumular perfiles detallados de sus usuarios (incluyendo opiniones, preferencias y hábitos) y, al hacerlo, persuadirlos de pasar la mayor cantidad de tiempo posible en sus plataformas. Así pueden ofrecer segmentos muy precisos (como profesionales de Lima entre 32 y 45 años con un iPhone, auto propio y que hayan ido a una parrillada recientemente) a potenciales anunciantes, quienes les pagan cada vez que su publicidad aparece frente a sus usuarios. Para eso, no importa que no hayamos puesto tanta información en la red social. Basta con aparecer entre los contactos de otras personas, incluyendo los de WhatsApp, para que la empresa ya pueda inferir cosas sobre nosotros.  Sin embargo, Facebook es solo una de muchas empresas que viven de recolectar la información de sus usuarios. En muchos casos, puede ser que la empresa tenga un rubro principal, como supermercados o banca, pero también un interesante negocio secundario acumulando y vendiendo datos sobre los hábitos y preferencias de sus usuarios. Cada vez que entregamos nuestro nombre completo, número de identidad o vinculamos nuestra cuenta de Facebook o Google a un nuevo servicio, abrimos la puerta a que información sobre nosotros se agregue en bases de datos privadas. Esta información puede ser usada en el futuro solo como inteligencia de mercado o para generar esas inexplicables llamadas y cartas de empresas que no conocemos a ofrecernos servicios o productos.  En nuestro país, la Ley de Protección de Datos Personales obliga a cualquier empresa que busque recopilar datos a solicitar el consentimiento expreso de los titulares y explicar en detalle cómo y con quiénes se podría compartir. Lamentablemente, estas prácticas aún son secundarias en muchas empresas o la complejidad del lenguaje usado en el formulario hace del consentimiento una formalidad. Frente a esto, los usuarios estamos obligados a tomar un rol más activo en el resguardo y compartición responsable de nuestros datos. Una de las herramientas que nos da la ley es la posibilidad de solicitar que nuestros datos sean eliminados o modificados de cualquier base de datos a través de una solicitud ARCO, un formulario especial que todas las empresas están obligadas a proveer y aceptar. Negarse a hacerlo ya ha acarreado varias multas y es un mecanismo que se debe seguir usando.","elcomercio","12/04/2018"
"Catolicismo y Evangelismo en el Perú","Cristianismo cultural  Guillermo Flores Borda  Profesor de religión y políticas públicas en la Universidad del Pacífico  Recientemente, un amigo que sabe que soy creyente me pregunt si podía ayudarle a encontrar una iglesia cerca de su casa. Al preguntarle cómo se había convertido de la noche a la mañana, me respondió: He decidido que quiero ser congresista. La sinceridad de mi amigo es extremadamente inusual, pero su estrategia política no tanto. Quizás ver al pueblo católico recorriendo iglesias en las calles en Semana Santa mientras la comunidad evangélica realiza puestas teatrales en sus templos lo ha convencido de que el Perú es una nación cristiana.  Según la Facultad de Teología Pontificia y Civil de Lima (junio 2015), el 93,7% de los peruanos profesa la religión católica y cristiana. Asimismo, Latinobarómetro (2017) señala que el 74% se autoidentifica como católico y 12% como evangélico. Si entendemos por nación cristiana a aquella en que la mayoría de ciudadanos se autodeclara cristiana, entonces el Perú lo es en términos estadísticos. Sin embargo, la sola existencia de una mayoría cristiana hace de nuestro país un Perú cristiano?  Existen numerosos versículos bíblicos que establecen la misericordia, humildad, búsqueda de justicia y construcción de paz como los valores del Reino de Dios. Sin embargo, pudiendo construir a partir de ello un testimonio público basado en el amor al pobre, el migrante y las minorías, hemos optado por un cristianismo cultural: un conjunto de rasgos culturales comunes entre la mayoría de personas que profesan la fe cristiana. Algunos de esos rasgos provienen de valores con sustento bíblico, pero muchos otros solo son conceptos ideológicos comunes entre quienes se autodefinen como cristianos.  Los principales promotores del cristianismo cultural rara vez sustentan su actuar en fundamentos teológicos (descartando la teología de liberación del padre Gustavo Gutierrez y la teología de misión integral del pastor Pedro Arana, por ejemplo), pero admiran la mal llamada lucha provida y pro-familia contra la presunta ideología de género. Han cambiado las Bienaventuranzas del Sermón del Monte por las de ConMisHijosNoTeMetas: Bienaventurados los orgullosos de ser conservadores, porque de ellos es el reino de los cielos; bienaventurados los que maldigan el enfoque de género, porque ellos heredarán la tierra. Denuncian a una lite minoritaria por promover cambios culturales que, a sus ojos, atentan contra los valores de la mayoría cristiana, cayendo en lo que el historiador George Marsden llama la tendencia de los cristianos a olvidar que su propio entendimiento del cristianismo es un producto cultural.  Es difícil sostener que el cristianismo está bajo ataque de la academia, prensa y diversas ONG que buscan desaparecer a Dios de la esfera pública. Ellos no han cuestionado la deidad de Cristo, la Trinidad de Dios o la inerrancia de la Palabra, sino la visión dominionista de ciertos líderes espirituales y actores políticos que desean instaurar una nación cristiana bajo una interpretación literal de ciertos pasajes bíblicos.  Nosotros también deberíamos cuestionar un cristianismo cultural que utiliza nuestra fe solo para movilizar votantes detrás de agendas políticas, empezando por construir un testimonio público más proposicional y menos opositorial. Nuestra participación en la esfera pública no solo es el principal reflejo que nuestra sociedad tiene de Dios, sino también muestra quién realmente pensamos que es Jesús y cómo esperaríamos que estableciera su Reino.  Ante una visión legalista de la Ley impuesta opresivamente por el poder religioso de su tiempo, Jesús presentó una propuesta divina de salvación espiritual y redención social (Lucas 4:16-21) a través del amor a Dios y al prójimo (Gálatas 5:14). Ese cristianismo que cuestiona al status quo económico, político y social desde los valores de amor, justicia y autosacrificio de la Cruz siempre ha sido minoritario. Lo fue en los tiempos de Jesús, Martin Luther King, Monseñor Oscar Romero, y lo sigue siendo ahora. El cristianismo cultural nos ha dado la ilusión de que el Perú es una nación cristiana, pero ya es hora de un despertar espiritual.","elcomercio","12/04/2018"
"El dolor después del dolor","Patricia del Río  Periodista  Se llama Junot Díaz. Es un escritor dominicano que vive en Estados Unidos. Ha sido ganador del Pulitzer, enseña en el MIT, ha sido becario de la Guggenheim Foundation, escribe en The New Yorker. Justamente, en esta prestigiosa revista norteamericana acababa de publicar un texto estremecedor. No es uno de sus cuentos, ni un reportaje sobre el drama de alguien más. Es un testimonio, su testimonio, de lo que ha sido vivir por años, décadas, sobrellevando en silencio, el dolor de haber sido violado a los 8 años.  Esa mierda partió mi planeta por la mitad, me arroj completamente fuera de órbita, a las regiones sin luz del espacio donde la vida no es posible. Puedo decir, realmente, que casi me destruy. No solo la violación sino también todas las secuelas: la agonía, la amargura, la autorrecriminación, el asco, la necesidad desesperada de mantenerlo oculto y en silencio. Jodió mi infancia, dice Junot. Y con valentía cuenta el momento traumático en que un hombre en el que confiaba lo ultrajó, pero pone énfasis en eso que no sabemos, en eso que tal vez no queremos ni imaginar. ¿Qué pasa con la vida de una persona que fue violada de niño?  Pasa mucho. Pasa lo peor. Junot, que a simple vista puede ser considerado un académico virtuoso, un escritor talentoso, ha sido toda su vida un ser humano fracturado. A veces violento, a veces desconfiado, a veces tímido, casi siempre deprimido. Junot confiesa que por años fue incapaz de mantener relaciones de pareja, que enfrentó serios problemas para llevar una vida sexual normal, que cuando no abandonaba sin razón a una mujer a la que amaba profundamente, entonces la engañaba de mil maneras hasta humillarla.  Los intentos de suicidio, la sensación de orfandad y un terco instinto de autodestrucción fueron sus mejores compañeros durante los años que duró su silencio. Su negación. Pero el testimonio de Junot no es simplemente una catarsis, ni una historia más de las miles de las que nos enteramos todos los días. Es un boceto de lo que será la vida de los niños que hoy, en este mismo momento, están siendo violados en nuestro país. Ya van 600 solo en este año, según el Ministerio de la Mujer.  Un día como hoy 10 criaturas serán ultrajadas. Y si no hacemos algo por detener esta enfermedad, esta plaga que nos pinta como el más salvaje de los animales, pues vayamonos enterando de que para nosotros la vida continua, pero para las víctimas arranca un via crucis, tan doloroso, que muchos desearán la muerte.  El testimonio de Junot es parte de un proceso largo de apertura, reconocimiento, y de lucha contra el silencio. Busquélo en internet y lálo, pero sobre todo escúchelo porque junto con la versión escrita hay un audio grabado por el mismo autor.","elcomercio","12/04/2018"
"Entrevista Rafael Uzcategui","Rafael Uzcategui  Coordinador general de Provea  Nací en Mérida hace 44 años, pero desde 1994 vivo en Caracas. Estudié Sociología en la Universidad Central de Venezuela. Estoy casado con Lexys Rendón. Trabajo en el Programa Venezolano de Educación Acción en DD.HH. (Provea) desde el 2006.  La música les recordará a los venezolanos por qué luchan  Renzo Ginér Vázquez  renzo.giner@comercio.com.pe  Siempre habrá una luz por la que luchar. Pelear el tiempo que sea de pelear. Aunque sólo ves oscuridad, esto va a cambiar. No puede durar más, dice el coro de Molotov, canción de Doctor No, una de las 16 bandas venezolanas que participan en el disco Rock contra la dictadura, un proyecto liderado por la organización Provea.","elcomercio","12/04/2018"
"Cul ha sido la mayor leccin que le ha dado su padre en estos meses en la Casa Blanca?","Mi padre me ha enseado a ser valiente, a pensar en grande y a siempre hacer lo que siento que es correcto. Me ha enseado a mantenerte bien enfocada en el trabajo que tienes por delante y a nunca rendirte.  —Cules son las principales diferencias que mantiene con l?  Somos dos personas diferentes, nacidas en pocas diferentes y con diferentes experiencias de vida, lo cual trae gran valor y perspectiva a nuestro trabajo diario. Nuestras diferencias tipicamente propician un dialogo excelente y constructivo y con frecuencia conducen a resultados positivos.  —Como afronta la familia Trump, que se muestra bastante slida, las crticas hacia el presidente? Sus hijos son sus mejores asesores?  Somos una familia muy unida y ahora ms que nunca, con nuestras atareadas agendas, estamos comprometidos a valorar el tiempo que pasamos juntos y a apoyarnos y cuidarnos los unos a los otros. Nuestras relaciones estn basadas en el amor, la confianza y la franqueza.  —La llegada de su padre a la Casa Blanca estuvo marcada por el lema “Amrica Primero”. De continuar por un segundo periodo, quel lema propondra usted?  Mi padre est profundamente comprometido con la agenda Amrica Primero. Sin embargo, Amrica Primero no significa Amrica sola. Para que Amrica tenga xito reconocemos la importancia de fortalecer nuestras relaciones con nuestros aliados y vecinos, y trabajar juntos para apoyar la estabilidad global, la paz y la prosperidad.","elcomercio","12/04/2018"
"Espacial","ViiiCumbrE dE LAs amricas jueves 12 de abril del 2018  Lderes de opinin evaluaron a presidentes Cerca de 500 encuestados por Ipsos mostraron su nivel de respaldo hacia jefes de Estado de 14 pases de Amrica Latina.  79%  Los presidentes con mayor aprobacin  1  Juan Manuel  SANTOS  (Colombia)  FAVORABLE  DESFAVORABLE  NO PRECISA  3%  18%  ENCUESTA REGIONAL  Respaldo a mandatarios  2  3  4  Tabar Vzquez (Uruguay)  78%  10% 12%  Mauricio Macri (Argentina)  72%  27%  1%  Lenn Moreno (Ecuador)  71%  18%  11%  Un grupo de lderes de opinin respondi una encuesta de Ipsos sobre su nivel de aprobacin hacia los presidentes de Latinoamrica, con el fin de elaborar un ranking de favorabilidad de los jefes de Estado. La investigacin, realizada del 14 de febrero al 21 de marzo del 2018 a 448 entrevistados de 14 pases de la regin, revel que los presidentes latinoamericanos que mantienen una imagen ms favorable entre los lderes de opinin son Juan Manuel Santos (Colombia), Tabar Vzquez (Uruguay), Mauricio Macri (Argentina) y Lenn Moreno (Ecuador). Todos ellos fueron evaluados de manera favorable por al menos 7 de 10 lderes de opinin. Ipsos inform que durante el trabajo de campo se incluy en la mediacin al ex presidente del Per Pedro Pablo Kuczynski, pero su resultado fue considerado invalido a razn de su renuncia.  —La otra cara—  Los jefes de Estado con menos respaldo, segn la encuesta a lderes de opinin, son Nicolís Maduro de Venezuela (8% de aprobacin), Michel Temer de Brasil (28%) y Raúl Castro de Cuba (32%).  El cuarto lugar con imagen ms desfavorable lo ocupa Enrique Peña Nieto, de Mxico, con un 37% de aprobacin positiva. Este ltimo presidente tiene mucho menos respaldo entre los lderes de opinin de su propio pas, de los cuales lo aprueba solo el 13%.  Sebastin Piera (Chile)  Juan Carlos Varela (Panam)  Evo Morales (Bolivia)  71%  22%  1%  42%  19%  39%  42%  57%  1%  Los presidentes con menor aprobacin  11  Nicolís MADURO  (Venezuela)  8% 6%  Enrique Peña Nieto (Mxico)  37%  57%  Raúl Castro (Cuba)  32%  62%  Michel Temer (Brasil)  6%  6%  28%  69%  3%  86%  8  9  10  Encuesta sobre la imagen de presidentes de Latinoamrica de Ipsos Public Affairs. Universo: Lderes de opinin y periodistas destacados que difunden regularmente sus puntos de vista en los medios de comunicacin en Amrica Latina. Tasa de respuesta: 448 entrevistados en 14 pases de Latinoamrica. Tcnica: Encuesta online. Fechas de aplicacin: Del 14 de febrero al 21 de marzo del 2018.  Sectores pblico y privado bajo un mismo techo  Cumbre reunir a 11 jefes de Estado y ms de 800 lderes empresariales.  Con la premisa de promover las inversiones entre los sectores pblico y privado, hoy y maana se desarrollar la III Cumbre Empresarial de las Amricas, que servir como un encuentro previo entre jefes de Estado y empresarios de diversas naciones de la regin.  “Que los empresarios vengan en este momento al Per es muy importante para que sepan que el pas no se ha desequilibrado”, coment a Efe Roque Benavides, presidente de la Confederacin Nacional de Instituciones Empresariales Privadas del Per (Confiep), organizador, junto al Banco Interamericano de Desarrollo (BID), de la reunin. Cabe precisar que la cumbre opera bajo el mecanismo Diálogo Empresarial de las Amricas (ABD por sus siglas en inglés), que busca promover la interaccin continua entre las diversas autoridades y empresarios para la formulacin de polticas pblicas.  —Los asistentes—  En los paneles de la reunin participarn ejecutivos de importantes empresas con presencia en la regin. Destacan en la lista Brian J. Porter, CEO de Scotiabank; David Bojanini García, CEO del Grupo Sura; Enrique Ostal, presidente & CEO de Walmart en Latinoamrica; y Romaine Seguin, CEO de UPS. En tanto, el Per estar representado por ejecutivos destacados como Mariela García de Fabbri, CEO de Ferreycorp, y Eduardo Hochschild, presidente ejecutivo del Grupo Hochschild.  Adems de varios mandatarios de la regin, genera expectativas la participacin de los dos representantes de EE.UU.: Wilbur Ross, secretario de Comercio, e Ivanka Trump. iP  En la Cumbre de Panam del 2015 participaron los jefes de Estado de los diversos pases de la regin.","elcomercio","12/04/2018"
"Impiden llegada de activistas cubanos","Al menos 20 opositores al rgimen castrista no lograron salir de la isla para participar en las actividades de la Cumbre de las Amricas en Lima.  milagros asto snchez  El rgimen cubano impidi que al menos 20 activistas y varios periodistas salieran de la isla para asistir a la Cumbre de las Amricas, denunci el opositor Antonio G. Rodiles quien dirige la organizacin independiente Estado de Sats, que a la vez integra el Foro por los Derechos y Libertades, una plataforma que agrupa a varios colectivos opositores y cuyos representantes trataron en vano de llegar a Lima.  “No se les ha permitido salir a miembros del comit coordinador del Foro por los Derechos y Libertades, como Berta Soler, que es la directora de las Damas de Blanco, el msico Gorki Guila y Claudio Fuentes. Todas estas personas estn detenidas all. Tampoco se les ha permitido salir a personas de otros grupos ni a periodistas independientes. Han sido parados en el aeropuerto, donde se les comunic que “estn regulados para viajar al exterior”, lo que significa que son personas de inters del Estado y que por eso no pueden dejar el pas”, explic a El Comercio.  —Estrategia de viaje—  El activista y su esposa, Ailer Gonzlez, que llegaron el lunes a Lima, salieron de Cuba hace un mes con destino a Miami. Tenan pasajes de retorno para dentro de 10 das. “Pero previendo que esto iba a ocurrir decidimos permanecer en Miami, y debido a eso es que vamos a poder participar en la cumbre […] Del foro estamos invitados alrededor de 10 personas y solo podremos asistir mi esposa y yo”, cuenta Rodiles. Del mismo modo, Rogelio Matos, secretario general del partido opositor Cuba Independiente y Democrtica (CID), lleg a Lima desde Florida con varios das de anticipacin para recibir a la delegacin de su agrupacin. “A todos ellos les negaron la salida en La Habana. A todos los detuvieron y los acosaron con amenazas”, cuenta.  —Transferencia de poder—  Rodiles explica que a diferencia de lo que ocurri en la ltima cumbre realizada en Panam, el escenario hoy es mucho ms complicado. “La relacin con EE.UU. est en un momento completamente diferente, toda aquella efervescencia por el restablecimiento de las relaciones se ha frenado en seco y Raúl Castro se encuentra en plena transferencia de poder de l a su hijo”. En ese contexto, la estrategia que ha adoptado el rgimen cubano en relacin con la cumbre es la de garantizar la presencia del menor nmero posible de opositores, que sern superados ampliamente por los grupos enviados por el Gobierno. Rodiles, su esposa, Matos y otros activistas que s pudieron salir de Cuba, como el disidente Guillermo Farias, premio Sajarov 2010, participarn en el Foro de la Sociedad Civil y esperan poder concretar posibles encuentros con cancilleres, mandatarios y la prensa internacional, as como con ciudadanos venezolanos. “Nuestro mensaje es que las tiranas en el continente tienen que acabar”, asegur Rodiles.","elcomercio","12/04/2018"
"Entrvista luis lander","“No hay condiciones para un proceso electoral ntegro”  La organizacin que monitorea los comicios venezolanos advierte sobre las irregularidades e insta a la comunidad internacional a no cesar la presin.  renzo giner Vsquez  Venezuela y los polmicos comicios anunciados sern, sin duda, el punto central en la Cumbre de las Amricas. Al respecto conversamos con Luis Lander, director del OEV, encargado de monitorizar las elecciones en ese pas desde el 2012.  —En estos aos ha habido comicios limpios?  Desde hace aos las competencias electorales no son equitativas. Se usan los recursos pblicos con absoluto desenfoque a favor del candidato oficialista y eso, por supuesto, perjudica a los opositores.  —Usted manifest que hasta la eleccin parlamentaria del 2015 se poda acceder a la informacin de los votos por cada mesa, pero eso cambi con la eleccin a la Constituyente.  S, al da siguiente de toda eleccin cualquier ciudadano poda ingresar a la pgina del CNE [Consejo Nacional Electoral] para revisar los resultados y estos estaban detallados hasta a nivel de cada mesa de votacin. Eso permite que cualquier ciudadano curioso consulte en la mesa en la que haba votado, apunte los resultados y verifique en la pgina si los datos eran correctos. Eso genera confianza. Pero con las elecciones para la ANC [Asamblea Nacional Constituyente] eso no se hizo, la informacin pblica llegaba solo hasta los totales por municipio. Cambiar algo que ya era una tradicin electoral obviamente genera mayores niveles de desconfianza.  —En esas elecciones tambin se obvi la tinta indeleble para los electores, se poda votar en cualquier mesa del municipio y el Gobierno moviliz votantes el da de los comicios. Qu otras irregularidades detectaron ustedes?","elcomercio","12/04/2018"
"LA POLÍTICA Y LA MORAL","Lucha contra la corrupción progresado lo hicieron porque los ciudadanos tenían o tienen valores y luchan por ellos. As limitan la lascivia del dinero y del poder y la someten no solo a lo que manda la ley, sino a los valores que son aceptados por todos. Hace años conocí a un juez probó incorruptible, el doctor Edgardo Rodríguez Cartland. Él siempre me decía, cuando hablábamos de los problemas en el Poder Judicial: ¿De qué vale un juez que sabe mucho si carece de ética?. De igual manera podemos afirmar: ¿De qué vale una persona que gobierna, que es ministro, que es congresista, empresario, líder social, maestro, cura, ama de casa, si no tiene valores? La corrupción, tal como queda demostrado, no conoce ideologías. No cree en ideales políticos o si eres de izquierda o de derecha. Si entras en ella te arrasa y te revuelve por el fango de la porquería como si fuera un feroz huaico. Pero algo nos puede salvar. Nadie nace corrupto, pero el ser humano es corruptible. El coraje moral radica precisamente en no caer en la corrupción. Ergo, se deduce que si no quieres ser corrupto, entonces mantente alejado de la política porque ah te maltratan. La política se convierte en una especie de fango que si lo pisas te hundes en lo más profundo de la corrupción. Ello justifica que existan personas que afirmen que no importa que una autoridad robe siempre y cuando haga obras. Una creencia sustentada en la idea de que todo político es corrupto per se, pero al menos deja algo. Sobre la lucha contra la corrupción escuché al actual presidente Martín Vizcarra decir: En el camino podemos tener muchas discrepancias, pero [...] estamos todos unidos para vencer esta lacra que tanto daño ha hecho a nuestro país. La lucha contra la corrupción es el único tema que le debe quitar el sueño al presidente, lo demás viene por añadidura. Usted sabe por qué? Claro que lo sabe! Porque cuando no hay corrupción los países progresan en lo espiritual y material. No hablo solo de la corrupción por dinero, sino por poder, vanidad y afán de gloria. Para ello hay que construir en el país una ética social, un conjunto de valores que deben ser asumidos, que reemplacen sobre todo a la cultura del dinero, que para muchos es el valor supremo. En fin, una sociedad en la que se asuma que el principal valor es la dignidad humana.","elcomercio","12/04/2018"
"FRANCISCO Mir Quesada Rada","Durante la Semana Santa el Papa Francisco dijo que existen falsos cristianos que son mafiosos o corruptos y que al final terminan mal. Por supuesto que no solo hay cristianos que son falsos por ser corruptos, sino que la corrupción también anida en creyentes de otras religiones y entre los ateos. Por qué un mafioso o un corrupto le reza a Dios y va a misa? Hay diversas razones, pero creo que existen dos importantes: o se autoengan o son cínicos. Eso pasó con Luis Fernando Figari, el fundador de Sodalicio, una organización creada para servir a Dios en la que se abusó sexualmente de jóvenes. Figari usó la religión para tener poder. En el fondo, quienes actúan así van contra unos valores universales (o al menos las personas creen que lo son), bajo el entendido que el uso de la razón moral es la capacidad que tenemos para distinguir lo bueno de lo malo. Se trata de un tema de carácter axiológico, es decir, tico de larga data. Nuestro país está pasando por un serio problema de corrupción y la película todavía no ha terminado. Como algunos sostienen, si la corrupción es un problema estructural, quiere decir que esta internalizada como una práctica normal en nuestra sociedad, que es aceptada sin que nos escandalicemos o reaccionemos energéticamente contra ella. Para usar términos médicos, si la corrupción es estructural, estamos ante una pandemia. Toda la sociedad está embarrada por la corrupción y muchos ni se dan cuenta, porque se generaliza y no se distingue con claridad lo que es correcto de lo que no es, o se acepta como una tendencia inercial irreversible. De all la frase todos los políticos son unos corruptos. Es decir, ningún político se salva de esta maldición. Ya no hay claridad para distinguir entre el corrupto y el no corrupto. Hay una nebulosa que nos impide diferenciar una situación de otra.","elcomercio","12/04/2018"
"LA POLÍTICA ECONÓMICA ESTADOUNIDENSE Y EL DÉFICIT FISCAL","Sumas que restan Diego Macera Gerente general del Instituto Peruano de Economía A ll por el 2016, cuando el Partido Republicano de Estados Unidos todavía tenía una ideología que lo identificaba, Paul Ryan conservaba su estatus de político principista y genuinamente comprometido con la causa conservadora en materias económicas. Habiendo sido elegido congresista con apenas 29 años, fue candidato a vicepresidente con Mitt Romney en el 2012 y desde el 2015 ocupa el cargo equivalente a la presidencia de la Cámara Baja del Congreso estadounidense. Ayer, Ryan –quién aún no cumple 50 años– anunció sorpresivamente que no buscar la reelección en su distrito electoral y, por ende, abandona una de las posiciones políticas más poderosas dentro de Estados Unidos. Se retira así de la escena política nacional con más pena que gloria. Si alguien pregunta qué caracterizó la carrera de Ryan durante estos años, la respuesta debe ser su compromiso con un Estado menos dispendioso, uno en el que el déficit fiscal se mantiene bajo control, y su meticulosidad para los detalles presupuestales que ponen en riesgo este equilibrio entre ingresos y gastos. O, por lo menos, esa fue su imagen hasta que el presidente Donald Trump tomó las riendas del país. Ryan, en realidad, deja el cargo con un legado sorprendente y decepcionante para su perfil: un déficit fiscal US$200.000 millones mayor al esperado en el 2018 –casi equivalente a todo el PBI del Perú–, y una trayectoria fiscal en preocupante deterioro. Cuando el populismo del presidente Trump entró por la puerta grande, los principios de responsabilidad fiscal largamente defendidos por el Partido Republicano –y especialmente por Ryan– salieron por la ventana. Pues a quienes les debe importar es a los partidos políticos llamados a tener responsabilidad nacional, a aquellos que aspiran a ser una presencia permanente en el escenario grande que trasciende el ciclo electoral. A estas alturas del presente artículo, resulta obvio que la reflexión no es pertinente sólo para las salas de reunión de Washington D.C., sino –especialmente– para la representación peruana. Los últimos 12 meses han sido testigos de una seguidilla insólita de proyectos de ley que, cuando no quitan ingresos al Estado, aumentan su gasto injustificadamente: la nivelación de pensiones militares y policiales, el paso de los trabajadores CAS a la planilla del Estado, los varios espacios nuevos de elusión para las pequeñas –y no tan pequeñas– empresas, la subvención mensual para las trabajadoras del hogar pagada con impuestos, entre varios otros. Solo sumando los costos de las iniciativas mencionadas, el déficit fiscal pasaría del 3% del PBI estimado para el 2019 a 5,6% del PBI, aproximadamente; una cifra inmanejable para una nación como la nuestra. El destino de Ryan estuvo marcado por el progresivo alejamiento que tuvo con una base política que dejó de creer en él y en los ideales que decía profesar. Estados Unidos podría volver a ser el mismo después del presidente Trump, pero el Partido Republicano difícilmente lo será, y los mercados han tomado nota de eso. El Perú, país que no es especialmente pródigo en fortalezas económicas, tiene como uno de sus pocos baluartes la responsabilidad macroeconómica. Ponerla en riesgo no es solamente suicida para el futuro económico del país, sino que también lo será para quien sea que aspire a liderarlo en esa situación.","elcomercio","12/04/2018"
"EL ESCÁNDALO DE CAMBRIDGE ANALYTICA","Facebook y los datos personales Miguel Morachimov Abogado y director ejecutivo de Hiperderecho Esta semana, el fundador de Facebook, Mark Zuckerberg, fue interrogado durante horas sobre cómo esta red social usa y comparte los datos de sus 2.200 millones de usuarios. Primero por el Senado y luego por el Comité de Energía y Comercio del Congreso estadounidense. El contexto era el escándalo de Cambridge Analytica, una consultora británica de análisis de opinión que obtuvo hasta 87 millones de perfiles de Facebook para diseñar estrategias políticas a pedido, y que alega haber influido en la campaña presidencial norteamericana del 2016 a favor de Donald Trump. Más allá del caso, el interrogatorio reveló lo poco que se conoce sobre cómo funciona la red social, cómo hace dinero y qué pasa con la información que a ella le confiamos sus usuarios. Los datos que obtuvo Cambridge Analytica –y que se usaron para crear estrategias de medios para clientes como Trump– no fueron hackeados ni de los usuarios ni del propio Facebook. La información fue adquirida de un investigador independiente, el profesor de Neurociencia de Cambridge Aleksandr Kogan, quien la obtuvo originalmente de los perfiles de todos los usuarios que aceptaron usar una aplicación de entretenimiento, creada por él, que prometiera determinar la personalidad en base al perfil de Facebook. Por la forma misma en la que funcionaba Facebook entre esos años, al permitir a la aplicación acceder a su perfil los usuarios también le daban acceso a la información de los perfiles de sus amigos, incluyendo nombres, fotografías, ubicaciones,","elcomercio","12/04/2018"
"Sin acuerdo en Colombia, pero avanza documento de la cumbre de Lima","Olombia, no hubo un acuerdo entre los pases asistentes. Sin embargo, recalcul que ya se están trabajando las líneas maestras de lo que será el documento de la cumbre de Lima. Está bien avanzado, agreg.  La reunión en la capital peruana ha sido denominada Gobernabilidad Democrática frente a la Corrupción. Por tanto, Vizcarra incidí en que el documento final girará en torno a ese tema. Todos queremos atacar la corrupción, recalcul.  Consideró además que el debate entre las autoridades que participarán será muy enriquecedor respecto a las medidas que se puedan adoptar para enfrentar el problema.  Al ser consultado sobre el tema de la cumbre y la coyuntura política peruana, el presidente dijo que la corrupción es un problema que hemos vivido en carne propia y que tiene efectos en la gobernabilidad.  Quizás al principio [los peruanos] veamos que la corrupción era un tema ajeno a nosotros, pero con el paso del tiempo hemos visto cómo nos compromete. Afecta a todos los ciudadanos del país. Todos tenemos que trabajar para evitarla. ¿Quiénes deben dar el ejemplo? Las autoridades, afirmó.  Luego, indicó que es bueno el mensaje que dan las investigaciones a expresidentes de nuestro país, en referencia al Caso Odebrecht.  Ni el presidente se salva cuando hay que castigar actos de corrupción, acotó.","elcomercio","12/04/2018"
"Asistencia y ausentes","En otro momento, el presidente peruano saludó la asistencia de los representantes de los países a la cumbre, entre ellos los jefes de Estado y de Gobierno.  Es una participación muy importante de presidentes y de representantes a pesar de que hace dos semanas hemos tenido un cambio de gobierno [en el Perú]. Es un espaldarazo a nuestro país, de que tiene una continuidad democrática, respetando la Constitución, señaló.  Lamentó la ausencia del presidente de Estados Unidos, Donald Trump, pero dijo: Viene el vicepresidente [Mike Pence], y creo que el Perú ha demostrado lo importante que son los vicepresidentes.  Sobre la decisión de no invitar a la cumbre al mandatario venezolano, Nicolás Maduro –que había sido tomada por la gestión de Pedro Pablo Kuczynski–, Vizcarra indicó que la política exterior del Perú sigue siendo la misma.  La política implementada por la canciller es correcta y la hemos continuado, afirmó.  También respaldó la participación del Perú en el Grupo de Lima. Este grupo está integrado por países de América que buscan dar una salida a la crisis en Venezuela.","elcomercio","12/04/2018"
"Galarreta: En nuestro país hemos tenido el efecto Odebrecht","Nuestra región, somos conscientes, no ha sido ajena al flagelo de la corrupción. En nuestro país hemos tenido el efecto Odebrecht, como en varios otros países, afirmó en su discurso inaugural.  Añadió que cuando los países son atacados por la corrupción, este tipo de foros internacionales se vuelven eventos más relevantes.  Para combatir dicha corrupción, Galarreta enfatizó en la necesidad de un Parlamento abierto y transparente. Estos foros, esta manera de tocar los temas y poder tener propuestas de soluciones, creo que va a poder medir si estamos en el camino correcto, comentó el presidente del Congreso.  --Cuba y Venezuela--  Al término de la cita del ParlAmericas, Galarreta y representantes de otros Legislativos suscribieron una declaración conjunta de condena al accionar de los gobiernos cubano y venezolano.","elcomercio","12/04/2018"
"Ivanka Trump: America First no significa América sola","Trabajar en la Casa Blanca y servir al pueblo estadounidense es el mayor privilegio de mi vida.  Ninguna región del mundo ha tenido a más presidentas que América Latina.  Somos una familia muy unida y ahora más que nunca estamos comprometidos a valorar el tiempo que pasamos juntos.  Estamos comprometidos con el empoderamiento económico de las mujeres a nivel global.  Mi padre me ha enseado a ser valiente y pensar en grande.  Son dos personas diferentes, nacidas en épocas diferentes y con diferentes experiencias de vida, lo cual trae gran valor y perspectiva a nuestro trabajo diario.  Somos una familia muy unida y ahora más que nunca, con nuestras atareadas agendas, estamos comprometidos a valorar el tiempo que pasamos juntos y a apoyarnos y cuidarnos los unos a los otros.","elcomercio","12/04/2018"
"Inequidades electorales en Venezuela","Las tendencias electorales no son equitativas. Se utilizan los recursos públicos con absoluto desenfreno a favor del candidato oficialista y eso, por supuesto, perjudica a los opositores.  Se menciona que hasta la elección parlamentaria del 2015 se podía acceder a la información de los votos por cada mesa, pero esto cambió con la elección a la Constituyente. Anteriormente, cualquier ciudadano podía ingresar a la página del Consejo Nacional Electoral (CNE) para revisar los resultados, detallados incluso a nivel de cada mesa de votación. Esto permitía verificar la precisión de los datos y generaba confianza. Sin embargo, con las elecciones para la Asamblea Nacional Constituyente (ANC), la información pública solo llegaba hasta los totales por municipio, rompiendo una tradición electoral y aumentando la desconfianza.  Además, se omite el uso de tinta indeleble para los electores, se permite votar en cualquier mesa del municipio y el Gobierno moviliza votantes el día de los comicios. Otras irregularidades incluyen el incumplimiento de la legislación electoral venezolana respecto al uso de recursos públicos en campañas, la aparición de funcionarios públicos en estas, y el tiempo de acceso a los medios por parte de los actores políticos. Estas normas no se cumplen adecuadamente, y el Gobierno utiliza la figura del presidente Maduro para promocionarse constantemente, mientras que los candidatos opositores tienen mucha menos visibilidad.","elcomercio","12/04/2018"
"Presiones internacionales y situación crítica en Venezuela","La comunidad internacional ejerce una gran presión sobre el Gobierno venezolano, que está incrementándose. Recientemente, el Gobierno de Panam impuso sanciones a empresas y personas vinculadas al oficialismo, causando molestias significativas al régimen. Como respuesta, Venezuela impuso sanciones a empresas panameñas, afectando servicios como los vuelos de Copa Airlines, lo que aísla aún más al país.  La presión internacional no solo es moral, también económica, pues Venezuela depende de divisas extranjeras. Cortar estas relaciones empieza a complicar al Gobierno. Recientemente, se reportó que varios indígenas murieron por sarampión, una enfermedad controlada en otras partes, debido a la falta de medicamentos. Situaciones similares ocurren entre personas que requieren trasplantes de órganos o sufren de diabetes, reflejando una crisis sanitaria grave.","elcomercio","12/04/2018"
"Elecciones fraudulentas y falta de acción del CNE","Cada elección en Venezuela trae más denuncias de fraude. Desde 2015, las condiciones electorales han ido empeorando. Por ejemplo, en las elecciones de gobernadores del año anterior, el candidato opositor del estado Bolívar presentó evidencia de manipulación de votos. Presentó la denuncia ante el CNE, que aceptó la denuncia pero no ha respondido hasta ahora, violando los plazos establecidos. Mientras tanto, el gobernador elegido mediante fraude sigue en el cargo. El CNE podría investigar y corregir los resultados, pero no lo hace.","elcomercio","12/04/2018"
"Desafíos para garantizar un proceso democrático en Venezuela","Con el CNE, el Poder Judicial y la Asamblea Nacional Constituyente alineados al Ejecutivo, surge la pregunta de cómo garantizar un proceso democrático. Lander, profesor en la Universidad Central de Venezuela, señala que las condiciones no están dadas para un proceso electoral íntegro en el país. Las elecciones se posponen continuamente, y el cronograma electoral se publica tarde, omitiendo actividades clave previas a las elecciones. Todo esto parece diseñado para generar desconfianza.","elcomercio","12/04/2018"
"Perspectivas divergentes sobre el régimen de Maduro","Durante la VIII Cumbre de las Américas, el diputado venezolano Tomás Guanipa y el congresista del Frente Amplio Marco Arana compartieron sus puntos de vista sobre el gobierno chavista. Guanipa critica duramente al régimen de Maduro, destacando la pobreza extrema y la falta de libertad en Venezuela. Argumenta que la ayuda humanitaria debería ser manejada por entidades neutrales como la Cruz Roja o la Iglesia Católica. Por otro lado, Arana reconoce un régimen autoritario pero sostiene que todavía es legítimo debido a su origen electoral. Afirma que toda ayuda humanitaria debe coordinarse con el gobierno venezolano y advierte contra la imposición externa de ayuda bajo un contexto de bloqueo estadounidense.","elcomercio","12/04/2018"
"Cambridge Analytica: Zuckerberg admite falta de control sobre datos","Mark Zuckerberg admitió ante el Congreso que es inevitable que haya necesidad para alguna regulación en su industria, aunque advirtió a los legisladores de que deben tener cuidado con las normas que aprueban. Indicó que para los gigantes tecnológicos sería fácil cumplir las regulaciones, pero ello podría dañar a empresas emergentes. Al ser preguntado respecto por el legislador republicano Fred Upton, Zuckerberg consideró que es inevitable que haya necesidad para alguna regulación en su industria, aunque advirtió a los legisladores de que deben tener cuidado con las normas que aprueban. En ese sentido, indicó que para los gigantes tecnológicos sería fácil cumplir las regulaciones, pero ello podrá dañar a empresas emergentes.  Cómo pueden los consumidores tener control sobre sus datos cuando Facebook no tiene control sobre los datos?, preguntó el representante Frank Pallone de Nueva Jersey, el demócrata de mayor rango en la citada comisión del Congreso. Zuckerberg defendió las prácticas de la compañía, asegurando que los usuarios tienen control sobre sus datos y deciden qué compartir. Afirma que no está familiarizado con los llamados perfiles ocultos, que reportes de prensa han descrito como recopilaciones de datos sobre usuarios que ellos no conocen ni controlan. También dijo que Facebook no reúne información de las conversaciones de los usuarios a través de micrófonos de dispositivos móviles. Sin embargo, en una serie de preguntas sobre cómo las personas pueden eliminar datos de Facebook, Zuckerberg dijo que la red social recopila datos sobre personas que no están registradas en Facebook por seguridad.","elcomercio","12/04/2018"
"OMS lanza nueva estrategia para incentivar la lactancia","Ginebra [EFE]. La Organización Mundial de la Salud (OMS) presentó una nueva estrategia para favorecer la lactancia materna en el mundo, una práctica que –pese a sus comprobados beneficios tanto para la mujer como para el recién nacido– no es la preferida de las madres. Solo el 40 % de bebés hasta los seis meses reciben leche materna de forma exclusiva. El porcentaje es incluso más bajo en muchos países de altos ingresos, donde la leche de fórmula goza de gran popularidad, reconoci Laurence Grummer-Strawn, especialista de la OMS. La OMS y Unicef presentaron una guía con diez pasos concretos dirigidos a alentar y apoyar a las nuevas madres en su experiencia de lactancia. Se propone que los centros materno-infantiles respalden la lactancia y el acompañamiento para evitar la separación del bebé y la madre durante las primeras horas y días de vida. También se alienta la lactancia dentro de la primera hora después del nacimiento, incluso en el caso de bebés prematuros. Durante los primeros seis meses de vida la leche materna debería ser la alimentación exclusiva. Entre los seis y doce meses de vida aporta la mitad de las necesidades en calorías y un tercio entre los doce y 24 meses de vida. La lactancia materna evita la muerte de 820.000 niños al año.","elcomercio","12/04/2018"
"El riesgo de caer en la frontera","El informe [de JP Morgan] especula que MSCI puede llevar a consulta nuestra clasificación, afirm Marco Antonio Zaldvar, Presidente de la BVL. Como mercado total solo negociamos US$10 millones [...], estamos muy mal, señala Carlos Rojas, Fundador de Capia SAFI. Nicols Castillo Arvalo explica que esta semana, el banco de inversión JP Morgan puso el dedo en la llaga al advertir el riesgo que corre nuevamente el Perú de ser reclasificado de mercado emergente a mercado frontera por el gestor de índices MSCI. Según JP Morgan, el Perú no cumple con el requisito de liquidez para clasificar como emergente, toda vez que la liquidez de la Bolsa de Valores de Lima (BVL) –medida por la mediana del monto transado diario– está por debajo del promedio de los últimos tres años. El banco de inversión considera que si bien las tres empresas peruanas que pertenecen al índice de mercados emergentes cumplen con los niveles exigidos de liquidez, la situación de la bolsa limeña es similar a la del 2015, cuando MSCI anunció que sometería a consulta la posible reclasificación del Perú. A fines del año pasado, el Banco Central de Reserva hizo una advertencia similar, tras subrayar que una prioridad de política continúa siendo la promoción del mercado de capitales, que muestra un grado de desarrollo estructural medio bajo. En el corto plazo resulta necesario incrementar la liquidez de los mercados secundarios, especialmente por el riesgo latente de una eventual reclasificación de la BVL de mercado emergente a mercado frontera por parte de MSCI, exhortó el BCR en su Reporte de Estabilidad Financiera de noviembre del 2017. La preocupación sobre la reclasificación tiene como sustento que originaría una abrupta y fuerte salida de capitales de nuestra economía, porque obligaría a los fondos del exterior, con políticas de invertir en el índice de mercados emergentes, a abandonar el Perú por ya no tener dicho estatus. La reclasificación podría forzar la salida de casi US$1.900 millones [de las acciones de empresas que están en el índice], estimó JP Morgan. Nunca se puede descartar un riesgo [de ser reclasificado], afirm el presidente de la BVL, Marco Antonio Zaldvar. El directivo sostiene que el informe de JP Morgan contiene inexactitudes porque la liquidez actual de la bolsa limeña está lejos de los niveles del 2015. Además, las empresas peruanas que conforman el índice de mercados emergentes negocian en la Bolsa de Nueva York en volúmenes mayores que toda la plaza local. Zaldvar argumentó que en la actualidad el índice MSCI Per Investable Market Index (IMI) cuenta con cinco empresas locales; tres de ellas conforman el segmento MSCI Standard, cumpliendo el requisito mínimo de tres componentes que se exige a todos los mercados emergentes, y otras dos están a manera de amortiguadores. El informe especula que MSCI puede llevar a consulta nuestra clasificación en el 2019 y si algo pasara, se sabría en el 2020. Pero la verdad es que el único riesgo es que el MSCI cambie su metodología, porque con la que hoy está vigente estamos bien, sostuvo. Zaldvar indicó que el volumen promedio diario de la bolsa limeña durante el año está más cerca a los US$10 millones, pero ese bajo monto obedece más a un tema coyuntural. Carlos Rojas, fundador de Capia SAFI, coincide con Zaldvar en que el Perú se mantendrá en el índice de mercados emergentes, porque cumple con los requisitos mínimos. No obstante, advierte que la situación de la bolsa no ha cambiado mucho desde el 2015. Rojas sostiene que el trabajo conjunto que hizo la bolsa limeña junto al Gobierno para evitar la reclasificación no ha tenido resultado, pues la liquidez de la bolsa peruana es baja.","elcomercio","12/04/2018"
"De tangibilizarse la guerra comercial, su impacto seria muy negativo","Diego Marrero, Gerente de Inversiones de AFP Habitat, analiza el panorama financiero global. Luego de un excelente arranque de los mercados financieros en enero, el segundo trimestre comenzó con los mercados financieros devolviendo todas las ganancias generadas en el año. La razón principal es el riesgo de una guerra comercial entre las dos economías más grandes del mundo con la evidente consecuencia de un efecto negativo en casi todas las economías del mundo. Fiel a su estilo, Donald Trump continuó con el bullying político hacia sus principales socios comerciales, pero esta vez China demostró ser un rival que no se intimida. Trump anunció la imposición de un arancel del 25% a unos 1.300 productos chinos, lo que sumaría un monto de US$50 mil millones en valor de importación. Seguido de una serie de declaraciones muy duras contra el comercio con China. Como respuesta, el Gobierno Chino anunció también una respuesta parecida, pero de una manera más inteligente: seleccionó aquellos productos que provienen de los estados más críticos para las próximas elecciones en EE.UU., y los gravó con mayores aranceles. Esto, por supuesto, incrementa la presión contra Trump. Luego de tremenda respuesta, el presidente del gigante asiático, Xi Jinping, finalmente moder considerablemente su discurso señalando que está considerando una mayor apertura de los mercados chinos al mundo, permitiendo que las compañías extranjeras tengan mayor acceso a estos mercados y así aumentar la competitividad interna. Esta moderación fue para poner paños fríos luego de que el Gobierno Chino dejara bien en claro que tiene igual o más armas que EE.UU. para enfrentarse en una guerra comercial, y que esta sería muy destructiva no solo para ambos sino para todo el mundo. China es el mayor acreedor mundial de EE.UU., pues posee cerca de un tercio de los bonos emitidos por el Tesoro estadounidense. En un escenario de guerra comercial, si China decide poner a la venta estos activos, el impacto en el costo financiero y en el dólar sería muy negativo. La recuperación del crecimiento económico de EE.UU. estaría en riesgo. Por otro lado, una subida a los aranceles de productos chinos en EE.UU. tendría un impacto directo en la inflación y en el acceso a muchos productos tecnológicos que son parte importante de muchos bienes de consumo. Una guerra comercial entre las dos potencias sería desastrosa para la economía mundial, un choque de trenes en donde todos pierden. Felizmente ambos gobiernos parecen saberlo, por lo que la posibilidad real de una guerra es baja. De tangibilizarse la guerra comercial, su impacto sería muy negativo. Por ello, es un riesgo a considerar y los mercados financieros lo hicieron notar, pues estos se movieron al ritmo de las declaraciones de ambos países, y los retrocesos y rebotes en los mercados financieros fueron bastante marcados. En la medida en que estos riesgos lleguen a disiparse, los mercados bursátiles deberían poder recuperar la senda de crecimiento que venían mostrando, impulsados por una favorable tendencia de crecimiento económico mundial.","elcomercio","12/04/2018"
"Se entrega material a la Fiscalía tras reunión","La reunión, qué se dijo antes y después, si hubo otras reuniones y por qué después de tanto tiempo se entregó este material a la Fiscalía. Añadió que este caso debe ser investigado bajo la figura de un supuesto chantaje político.  Estos videos registran delitos y lo que hay que investigar también es la eventual responsabilidad en la que estarían involucradas las personas que lo grabaron. No tanto por grabar, sino por el uso que les dieron a esos videos y a esos audios. Porque valiéndose, el señor Mamani y compañía, de estos videos que registran delitos han logrado la renuncia del presidente y no el proceso de vacancia y eso tiene una lectura jurídica, explicó Meini.  El ex procurador dijo además que el hecho de que un grupo de personas haya tenido estas pruebas y que no las haya puesto inmediatamente a disposición de la Fiscalía configura un delito.  El Código Penal sanciona a la persona que, conociendo un delito, no lo pone en conocimiento de la autoridad y se aplica fundamentalmente a los funcionarios. Y un congresista es un funcionario. En este caso, esto no se ha hecho. Por eso, estos legisladores tendrán que ser citados como testigos. Eso no significa que no puedan pasar a ser investigados por otros delitos, remarc.  El actual procurador anticorrupción, Amado Enco, ha denunciado a Mamani ante el despacho del fiscal de la Nación, Pablo Sánchez, por el delito contra la administración de justicia en la modalidad de encubrimiento personal.","elcomercio","12/04/2018"
"Vizcarra dice que acord con PPK no renunciar","El presidente Martín Vizcarra afirm ayer que nunca se contempló la posibilidad de renunciar a la Jefatura del Estado en caso de vacancia o renuncia de su antecesor, Pedro Pablo Kuczynski, y que coordinó con él para que fuera así.  No se hablaba de una posible renuncia [ma]. Convincimos en que lo mejor era que se diera la sucesión constitucional, porque la inestabilidad que existiría con la vacancia o renuncia de dos vicepresidentes hubiera generado una mayor inestabilidad, indic en una entrevista con CNN.  Vizcarra precisó que este acuerdo ocurrió a mediados de febrero pasado, cuando en el Congreso se gestaba el segundo intento de vacar a Kuczynski. Entonces –añadió– se reunió con PPK en su domicilio, pero sin la presencia de Mercedes Araoz, la otra vicepresidenta de la República.  Creo que el tiempo nos ha dado la razón. Imagine sólo dos semanas y cómo estamos: hay estabilidad política, hay un reconocimiento al orden constitucional, tanto de las fuerzas políticas como de la población, agregó.  Convincimos en que lo mejor era que se diera la sucesión constitucional.  No creo que él [PPK] haya participado directamente en una estrategia para captar votos en el Congreso. Martín Vizcarra Jefe del Estado  Parlamento inmune  POLÍTICA   Alonso Chero / Archivo  El 13 de febrero, PPK y Vizcarra participaron en una actividad en Ancón, en la que también estuvo Araoz.  En otro momento, el jefe del Estado señaló que no cree que Kuczynski haya tenido participación directa en el intento de comprar votos de congresistas contra la vacancia de marzo a cambio de obras públicas para sus regiones.  Yo creo que ha sido algún recurso desesperado de alguno de sus colaboradores. No creo que él directamente haya participado en una estrategia para lograr captar votos en el Congreso en este proceso de vacancia. Pero eso, en todo caso, es un hecho grave pero anecdótico, acotó.  —Arresto o indulto—  Sobre el indulto concedido a Alberto Fujimori en diciembre pasado, Vizcarra –que en esos días ejercía sus funciones de embajador en Canadá– afirmó que, desde el inicio de su gestión, Kuczynski tenía la idea de que el ex mandatario debía cumplir arresto domiciliario.  Ante la imposibilidad de lograr ese arresto domiciliario, él estuvo a favor del indulto. No es una decisión reciente, venía de muchos meses atrás. La decisión es personal, detalló.  También negó que en su Gabinete haya cuotas partidarias.","elcomercio","12/04/2018"
"Para enfrentar el flagelo de la baja calidad y deshonestidad de los congresistas","Para enfrentar el flagelo de la baja calidad y deshonestidad de los congresistas, algunos plantean modificar las normas desde el lado de las candidaturas; es decir, previo a la elección. Y otros, desde el lado de las sanciones, una vez que son elegidos legisladores.  Sobre lo primero, plantear la creación de nuevos requisitos para la postulación contraviene el derecho constitucional al sufragio. Agregar impedimentos de postulación o ajustar la hoja de vida no ha impedido que el Congreso se libre de ese tipo de parlamentarios. El problema es que la debilidad de los partidos afecta su capacidad para seleccionar a mejores y conocidos cuadros de sus propias filas. A ello se agrega que no son atractivos para que gente formada y honesta se acerque a sus organizaciones. A la carencia de cuadros se suma la de recursos. En esas circunstancias, el partido se acerca a quienes los tienen de variado tipo. Al final, ese compromiso es débil en términos de fidelidad partidaria, pero fuerte en términos de dependencia económica. De esta manera, la mayor cantidad de congresistas elegidos no pertenecen al partido que les permite candidatear. La situación se agrava pues el voto preferencial permite, con mayor posibilidad, que los candidatos populares y con recursos sumen más votos de aquellos que no los tienen. All solo se avanzará eliminando el voto preferencial.  Una vez en el Congreso, las bancadas están integradas por personajes con diversos intereses grupales y materiales, quedando la cohesión partidaria muy relajada. Cuando un congresista es acusado ante la Comisión de Ética, no se le procesa de la misma manera que a todos. Suele ocurrir que su suerte está librada a tener una mayoría all o en el pleno del Congreso, formar parte de acuerdos entre bancadas o tener capacidad para el chantaje. Esa comisión, quizás más que ninguna, ha demostrado que los congresistas no se pueden procesar a sí mismos. Se debe pensar en otro diseño (ex congresistas, representantes de instituciones u otros) o desaparecer. No ha funcionado y no funcionará de la forma que se requiere y demanda.  Por las mismas razones, congresistas que debieron ser procesados en el fuero judicial siguen en sus funciones debido a la inmunidad parlamentaria, pensada inicialmente para proteger a los parlamentarios solo en razón de sus opiniones y votos. Sin embargo, ha resultado ser un mecanismo de protección total, pues exige una serie de procedimientos y, finalmente, todo pasa por la decisión del pleno del Congreso que, como hemos visto, suele protegerse. No obstante, no puede ser posible que congresistas que han cometido delitos antes de su elección o sobre los que existe evidencia, cuando ya han sido elegidos, puedan librarse de un proceso como cualquier ciudadano corriente. El Apra propuso, en la última campaña electoral, eliminar la inmunidad parlamentaria y la bancada de Peruanos por el Kambio, por iniciativa de la congresista Patricia Donayre, ha planteado lo mismo. No hay otra manera de enfrentar este problema que se extiende cada vez más. Los congresistas no se dan cuenta de que mantener ese manto cubridor afecta a todos, pero la sociedad civil tampoco se ha dado cuenta de que all tiene un objetivo por el que luchar claro y de efectos higiénicos.  Lea mañana en Política a Jaime De Althaus  El Comercio no necesariamente coincide con las opiniones de los articulistas que las firman, aunque siempre las respeta.","elcomercio","12/04/2018"
"“El Gobierno no tiene alianzas escondidas”","César Villanueva se pronunció sobre presencia de Sergio Medelius en Palacio. El primer ministro César Villanueva hizo ayer unas precisiones sobre la visita de 80 minutos al presidente Martín Vizcarra que realizó el ex congresista fujimorista Sergio Medelius, condenado en el 2009 a ocho años de prisión por el delito de peculado en el caso de las firmas falsas de Perú 2000. El jefe del Gabinete Ministerial explicó que Medelius ingres el lunes 9 de abril a las 4:39 p.m. a Palacio de Gobierno acompañando al ciudadano chino Lin-Yun Yo y al empresario Francisco Lora Morgan. Este gobierno es absolutamente transparente. El presidente Vizcarra ha tenido diversas reuniones. Todas totalmente transparentes, no a puertas cerradas ni con cosas que ocultar [...]. Este gobierno no tiene alianzas escondidas con la corruptela, señaló en conferencia.  Villanueva indicó que el ciudadano chino le presentó al jefe del Estado ideas de inversión durante 15 minutos y luego se retiró con sus acompañantes. Sin embargo, en el registro de Palacio de Gobierno figuran que dicha visita dur casi una hora y media. El reporte también indica que Vizcarra recibió a la misma hora al presidente de la Sociedad Nacional de Minería, Petróleo y Energía, Luis Carlos Marchese Montero. El primer ministro dijo que esta cita no tuvo relación con la otra.","elcomercio","12/04/2018"
"TC: Espinosa-Saldaña está impedido de votar durante vacaciones","Indican que el magistrado debe sustentar su voto personalmente. El magistrado Eloy Espinosa-Saldaña deber sustentar en persona su voto sobre el recurso de habeas corpus del ex presidente Ollanta Humala y su esposa Nadine Heredia, con el que buscan su excarcelación. Fuentes del TC informaron a El Comercio que el pasado 5 de abril se evaluó un pedido del magistrado para poder votar o ratificar sus votos vía electrónica durante sus vacaciones. Dicha solicitud fue rechazada por mayoría. Allí se acordó que no se le permita votar en las modalidades que él pedía, es decir, por firma digital y menos aún para los casos emblemáticos, que son mucho más serios; porque estaba de vacaciones, sealaron.  Según las fuentes, Espinosa-Saldaña puede suspender sus vacaciones y regresar a sustentar su voto personalmente, o presentarse a la sesión del 26 de abril. Esto fue ratificado por el TC a través de un comunicado en el que señalan, además, que no es procedente votar en sobre cerrado.  La votación del recurso de los Humala está empatada y solo falta conocer la decisión de Espinosa-Saldaña. Sobre la situación de la pareja se pronunció el presidente del Consejo de Ministros, César Villanueva, quien dijo que confía en que se aplique correctamente el debido proceso en todos los casos. Y si dentro de ellos está el ex presidente Ollanta y la señora Nadine Heredia, con quien tuve la oportunidad de trabajar, me sentiría muy satisfecho de que nuestra justicia sea igual para todos, comentó.","elcomercio","12/04/2018"
"Una sentencia que marca un precedente","Waldo y el dinero prometido. Por primera vez, se dicta en el Perú una condena efectiva por delito contra la voluntad popular, en la modalidad de inducción al voto. La Fiscalía comprobó que hubo conducta ilícita de ex gobernador. Captura de video. Laura Urbina Saldaña. El video está en YouTube y fue publicado el 23 de marzo del 2013, cuando Waldo Ros Salcedo, el ex gobernador de Cajamarca, emprendiera su candidatura a la región. Hola, soy Waldo. Mi primera propuesta como candidato es que voy a entregar S/500 por familia en Cajamarca. Ya me cansé de ver que solamente un grupito se beneficia con el canon que con tanto sacrificio conseguimos, prometió Ros en la grabación. Llevaba un crucifijo plateado en el cuello y agitaba cinco billetes de S/100 impresos en papel.","elcomercio","12/04/2018"
"Las primeras denuncias","En el 2003, las primeras denuncias contra el padre Fernando Karadima llegan ante la autoridad eclesistica. El cardenal Francisco Errázuriz, entonces arzobispo de Santiago, es acusado de no tenerlas en cuenta.  primer proceso  En el 2007, la diócesis de Santiago inicia recién un proceso canónico contra Fernando Karadima. En febrero del 2010, el informe es transmitido al Vaticano.  culpable  En noviembre del 2010, la Congregación para la Doctrina de la Fe declara culpable a Karadima y lo expulsa del estado clerical. En el 2011 fue sentenciado a una vida de penitencia. Actualmente, vive en un hogar de ancianos en una zona exclusiva de Santiago.","elcomercio","12/04/2018"
"Trump lanza amenaza directa a Rusia tras el ataque químico en Siria","El presidente de EE.UU., Donald Trump, lanz ayer una amenaza directa a Rusia para que se prepare para una ofensiva con misiles en Siria como represalia por el presunto ataque químico del pasado sábado en Duma (localidad cercana a Damasco), que la comunidad internacional atribuye al régimen de Bashar al Asad.  Rusia promete derribar todos los misiles disparados contra Siria. Prepárate, Rusia, porque van a ir suaves, nuevos e inteligentes!, tuite Trump muy temprano para luego criticar a Moscú por asociarse con un animal que mata a su gente con gas y disfruta!.  Mientras Trump elevaba su tono beligerante, el secretario del Departamento de Defensa, James Mattis, precisaba que las Fuerzas Armadas de EE.UU. están preparadas para proporcionarle al presidente la respuesta militar que determine para castigar al Gobierno Sirio.  Mattis también afirmó que aún se está recabando información de inteligencia sobre el ataque a Duma, en el que según la Organización Mundial de la Salud (OMS) murieron al menos 43 personas con síntomas relacionados con una exposición a químicos altamente tóxicos.  Prepárate, Rusia, escribió el presidente de EE.UU. en Twitter.  Situación repetida  Los precedentes indican que Washington ordenará el lanzamiento de misiles desde alguno de sus buques en el mar Mediterráneo.  Hace un año, Trump mandó atacar la base área de Shayrat, tras una incursión con gas sarín del Gobierno Sirio a una urbe rebelde.  En las últimas horas las fuerzas gubernamentales sirias han comenzado a evacuar sus principales bases.  —Respuesta rusa—  Horas más tarde, el presidente ruso, Vladimir Putin, abogó por recuperar el sentido común en las relaciones internacionales.  En tanto, el Ejército ruso señaló que el ataque químico en Duma fue una puesta en escena de los Cascos Blancos, la organización de socorristas sirios en zona rebelde que fue la primera en denunciar este acto.  Estamos convencidos de que la utilización de armas químicas en Duma fue inventada y no puede ser utilizada como pretexto para recurrir a la fuerza, refrendó ayer el Kremlin.","elcomercio","12/04/2018"
"El obispo que encubrió a un cura abusador","Una cosa es haber participado de una parroquia y otra cosa muy distinta es haber sido testigo de cosas por las cuales se condenó a un sacerdote. Jamás fui testigo de eso, se defendió en su momento el obispo Juan Barros, la manzana de la discordia en los casos de abuso sexual que sigue sacudiendo la Iglesia Católica chilena.  Barros es sacerdote desde hace más de treinta años. A fines de los años 70, cuando entr al seminario de Santiago de Chile, su ‘padre espiritual’ y mentor era Fernando Karadima.  Los denunciantes de Karadima dijeron que, en los años 80, cuando era secretario privado del arzobispo de Santiago, Barros recibió las primeras denuncias de abuso sexual contra Karadima, pero nunca hizo nada al respecto.  En el 2010, estalló el escándalo de los abusos cuando Barros se desempeaba como obispo castrense nombrado por el papa Juan Pablo II en el 2004. Tras conocerse el caso, Barros se convirtió en el principal defensor público del sacerdote.  Pese a los cuestionamientos contra él, el papa Francisco lo nombró en el 2015 obispo de la diócesis de Osorno, al sur del país, lo cual generó mucha indignación contra la jerarquía eclesística y el Vaticano.  Recientes testimonios señalan que Barros no solo encubrió, sino que fue testigo directo de los abusos. Barros estaba parado ah, mirando, cuando me abusaba. No me lo contaron, me pas, ha contado Juan Carlos Cruz, uno de los principales denunciantes de Karadima.  Durante la reciente visita de Francisco a Chile, la presencia del obispo en las diferentes homilías –y la defensa que hizo el pontífice de él– suscitó el rechazo de los chilenos que no se plegaron en masa para acompañar al Papa en sus actividades. Se han dicho muchas mentiras sobre mí, señaló Barros.  Tras la carta de ayer del Papa, su cargo podría estar en peligro.","elcomercio","12/04/2018"
"La suerte de los periodistas cautivos sigue siendo incierta","Ecuador y Colombia niegan haber realizado operaciones de combate luego de que disidencia de las FARC anunciara la muerte de los rehenes.  Ecuador negó ayer que esté realizando operaciones militares en la zona fronteriza con Colombia, donde se presume están en cautiverio dos periodistas y el chofer del diario ecuatoriano El Comercio de Quito, secuestrados hace dos semanas.  Queremos desmentir que de parte del Ecuador, de nuestras Fuerzas Armadas o de nuestra Policía Nacional se hayan realizado operaciones ofensivas en la zona, informó el ministro del Interior, Csar Navas.  Navas indicó, además, que desde que se produjo el secuestro, el 26 de marzo, el Gobierno Ecuatoriano instó a las autoridades colombianas a no ejecutar operaciones que comprometan la integridad del equipo periodístico.  El ministro compareció ante los medios tras la difusión en la prensa colombiana de un supuesto comunicado del frente Oliver Sinisterra, un grupo disidente de la ex guerrilla de las FARC, en el que se anuncia la muerte de los tres secuestrados a consecuencia de acciones militares ordenadas por ambos gobiernos.  Los rebeldes que se apartaron del proceso de paz en Colombia tomaron como rehenes a los tres ecuatorianos cuando realizaban un reportaje en la zona limítrofe, clave para el tráfico de drogas hacia EE.UU. por el Pacífico.  El ministro colombiano de Defensa, Luis Villegas, señaló que no se ha podido encontrar ningún elemento que permita afirmar que es auténtico el texto divulgado a primeras horas.  También aseguró que no ha habido desembarcos o acciones especiales que no sean de conocimiento y en coordinación con Ecuador, aunque evit hablar directamente de una operación de rescate.","elcomercio","12/04/2018"
"Mala noticia para la democracia","El secuestro de un equipo periodístico es una mala noticia para la democracia. Los periodistas existen para contar lo que el poder intenta ocultar y, en ello, buscan la construcción de una sociedad con un ejercicio de derechos pleno.  El equipo de El Comercio llegó a un poblado, como lo hace siempre, con sus credenciales. No saltó en paracaídas, atravesó la vía a pleno día y fue autorizado por militares a pasar en vehículo a territorio ecuatoriano. Y fue secuestrado.  Sí, la frontera está permeada por el narcotráfico y los grupos armados, pero estos no llegaron solos a las zonas habitadas. La falta de servicios, educación, salud, agua potable, justicia, esa desidia estatal en una zona de conflicto histórico, fue tierra fértil. Y la prensa libre ha estado ahí para contarlo.","elcomercio","12/04/2018"
"El loco del martillo","Hoy en día, uno pensaría que...","elcomercio","12/04/2018"
"Contento por fin de cuarentena!","Estoy feliz porque...","elcomercio","12/04/2018"
"Urgente: Se busca perro perdido. Recompensa: 500 soles.","NA","elcomercio","12/04/2018"
"NA","El juez Huamani ordenó...","elcomercio","12/04/2018"
"Una sentencia que marca un precedente","Por primera vez, se dicta en el Perú una condena efectiva por delito contra la voluntad popular, en la modalidad de inducción al voto.  Captura de video  Laura Urbina Saldaña  El video está en YouTube y fue publicado el 23 de marzo del 2013, cuando Waldo Ros Salcedo, el ex gobernador de Ancash, emprendiera su candidatura a la región. Hola, soy Waldo. Mi primera propuesta como candidato es que voy a entregar S/500 por familia en Ancash. Ya me cansé de ver que solamente un grupito se beneficia con el canon que con tanto sacrificio conseguí, promete Ros en la grabación. Él llevaba un crucifijo plateado en el cuello y agitaba cinco billetes de S/100 impresos en papel.  Ninguna familia de Ancash recibió S/500 mensuales. No obstante, la promesa le costó esta semana a Waldo Ros una condena de un año de prisión efectiva por el delito contra la voluntad popular en la modalidad de inducción al voto. El ex gobernador ya cumple desde septiembre del 2016 una condena de cinco años por otros delitos. Aunque esta nueva pena no le sumará más tiempo en prisión, quedará registrada en la jurisprudencia.","elcomercio","12/04/2018"
"Condenan a ex sacerdote por tocamientos","Luis del Carpio es buscado por agredir a una menor en una parroquia de Ancash.  El ex sacerdote Luis del Carpio Acosta fue condenado ayer a diez años de prisión efectiva por el delito de actos contra el pudor. Su víctima fue una menor de 13 años en la región Ancash.  La Primera Sala Penal de Apelaciones de la Corte Superior de Justicia del Santa confirmó la sentencia contra Del Carpio, quien pertenecía a la parroquia Nuestra Señora de Guadalupe, ubicada en Nuevo Chimbote. Así se ratificó una condena en primera instancia emitida por el Juzgado Penal Colegiado Supraprovincial del Santa, en octubre del año pasado.  La sala ha ordenado la localización, captura e internamiento del ex sacerdote en un penal de Ancash. Él no ha sido visto desde ayer.  La investigación comenzó en mayo del 2014. La madre de la menor denunci ante la Diócesis de Chimbote que el ex sacerdote había tocado indebidamente a su hija, que era acólita, en una habitación de la parroquia al término de una misa nocturna. En su defensa, Del Carpio aseguró que la denuncia había sido formulada de manera maliciosa por la madre de la menor.  Por esta denuncia, la Iglesia Católica lo separó de sus funciones religiosas en el 2016. Además, el obispo de Chimbote, Ángel Francisco Simón Piorno, anunció que Del Carpio sería excomulgado.","elcomercio","12/04/2018"
"Gran despliegue logístico para el traslado de órganos","Fue necesario el apoyo de un helicóptero de la FAP para llevar el corazón desde el Grupo Aéreo N° 8, en el Callao, hasta el hospital Rebagliati. El traslado tomó tan solo 10 minutos, vitales para la operación.  Crisis trasplantes  La carrera contra el tiempo para salvar un corazón  Una donante de 6 años que murió en Piura permitió que un niño en Lima pueda vivir. El hígado y los riñones fueron cedidos a otros tres menores.  Juan Guillermo Lara  Cinco horas es el tiempo límite de vida que tiene un corazón desde que es extraído del cuerpo de un donante hasta que logra ser trasplantado en un paciente. Luego de ese plazo, el órgano vital comienza a necrosarse; es decir, muere por la falta de oxígeno y queda inservible.  Luis Palma, doctor encargado del traslado a Lima del corazón de una niña de 6 años, quien falleció en Piura por una lesión cerebral grave, sabía que no había margen de error en los tiempos de entrega.  Más aún en un país donde el rango de donación es de un órgano por cada 1,6 millones de habitantes, el promedio más bajo de Latinoamérica, según Essalud.  Pese a ser la primera vez que hacíamos un viaje tan largo, decidimos asumir el riesgo porque las donaciones de corazón de niños son muy escasas, contó el médico.  El pasado martes por la tarde, Palma recibió el corazón en el hospital Cayetano Heredia, en Piura, y recorrió más de 1.000 kilómetros en vuelo comercial hasta el aeropuerto Jorge Chávez del Callao, donde los esperaba una ambulancia que los llevaría hasta el Grupo Aéreo N° 8.  Una vez all, un helicóptero de la Fuerza Aérea del Perú (FAP) los trasladó hasta el hospital Guillermo Rebagliati para luego ir hasta la sede del Instituto Nacional Cardiovascular (INCOR)  Essalud  35   Órganos por cada millón de habitantes es la tasa de donación en Brasil, una de las más altas de nuestra región.  6  Donaciones para trasplante pediátrico de corazón se han realizado en nuestro país en lo que va del presente año.  Incluso si en el documento de identidad del paciente este figura como donante.  Muchos creen que si uno es donante se les va a dejar morir, pero ningún doctor revisa el DNI para atender una emergencia o creen que el cuerpo terminará malformado, explicó.  El traslado  Los órganos se transportan en contenedores que mantienen el órgano en una temperatura de 4 grados, que es la adecuada para que las células se mantengan sin oxígeno durante un tiempo y así se preserve la funcionalidad del órgano.  En el caso del corazón, éste es transportado en una sustancia cardioprotectora. Es un líquido especial y estéril, puntualizó Palma.  Alrededor de las 7:30 p.m. del martes, el corazón llegó al INCOR.  donde los cirujanos habían iniciado la preparación quirúrgica a un niño de 9 años que esperaba el corazón.  El tiempo total desde que el corazón salió del cuerpo de la donante hasta que volvió a latir en el receptor fue un poco más de cuatro horas, aseguró Palma.  El menor que recibió el órgano ayer continuaba bajo observación en el INCOR.  Nuevas oportunidades  Además del corazón, los padres de la menor de 6 años – quienes prefirieron reservar sus identidades –, decidieron donar el hígado y los dos riñones. Con ello, se pudo trasplantar a otros tres niños en la capital. Estos órganos fueron trasladados a Lima en otros vuelos comerciales.  El doctor Carlos Carvallo, gerente de trasplantes de Essalud, manifiesta que existe un déficit en la donación de órganos y tejidos en nuestro país.  En el 2017, se beneficiaron 419 pacientes, en el ámbito nacional, con el trasplante de órganos y tejidos. Sin embargo, según datos de Essalud, esta cifra disminuyó en comparación con el 2015, cuando se practicaron 453 trasplantes.  Existen muchos mitos alrededor de la donación de órganos. Existe una supervisión rigurosa tanto en el cuidado de los órganos como de los pacientes que conforman la lista de espera, explicó Carvallo.  El médico también advierte que son los familiares quienes tienen la última decisión en la donación de órganos, incluso si en el documento de identidad del paciente este figura como donante.","elcomercio","12/04/2018"
"Quién atropelló en el 2012 no puede apelar el fallo judicial.","YaSmiN roSaS aNgulo  Poco después de las seis de la tarde de ayer, Eduardo Saettone salió del penal Ancón II. Hasta el lugar llegaron sus familiares, entre ellos su madre, Rosario Arrispide.  Una camioneta negra ingres hasta la puerta principal del establecimiento penitenciario. All, el músico y conductor de radio y televisión se retir, tras despedirse de los agentes del Instituto Nacional Penitenciario (INPE) que resguardaban la entrada. No dio declaraciones a la prensa y se dirigi rumbo a la Panamericana Norte.  Saettone terminó el recorrido en su vivienda ubicada en Miraflores. La pena que cumplirá es de tres años de prisión suspendida, condicionada a reglas de conducta, así como el pago de una reparación civil de S/304 mil. Durante ese tiempo, tampoco podrá conducir ningún vehículo.  Creemos que la sala debía suspenderle de por vida la licencia de conducir, tal y como lo indica el reglamento de tránsito, señaló Rosa Galeno, hija de María Coronado, la mujer que muri tras ser atropellada por Saettone en agosto del 2012.  El accidente ocurrió a la altura de la cuadra 37 de la avenida Benavides, en el distrito de Surco. A los pocos días, la mujer de 69 años falleció.  El último martes, la Sexta Sala Penal para Procesos con Reos Libres ordenó la liberación inmediata de Saettone, tras estar recluido ochenta días en el penal de Ancón II.  Ante el fallo y tras casi seis años de iniciado el proceso judicial, la familia Galeno Coronado decidió no apelar. Estamos indignados con la respuesta del Poder Judicial. Para nosotros, la sentencia no tiene fundamentos. Sentimos que cualquiera puede burlarse de la justicia, agregó Rosa Galeno.  De apelar, los deudos solo podrían hacer una observación respecto a los S/304 mil establecidos como reparación civil (S/204 mil por daño moral y S/100 mil por lucro cesante), los cuales Saettone deberá pagar en el lapso de un año.  No queremos que se desinforme y se crea que nosotros estamos detrás del dinero. Hacemos un pedido público a la fiscalía para que puedan apelar la sentencia, enfatizó Galeno.","elcomercio","12/04/2018"
"Nuevas placas de motos serán más grandes","Diseño facilita la identificación. Es acorde con estándar de la Unión Europea.  El Ministerio de Transportes y Comunicaciones (MTC) anunció que las nuevas placas para motos y mototaxis serán de mayor tamaño, acordes con el estándar de la Unión Europea.  Paul Concha, director general de Transporte Terrestre del MTC, declaró ayer que han decidido ampliar las matrículas para que los agentes de la policía puedan distinguir la numeración a mayor distancia. La nueva medida de las placas será de 17 cm de ancho por 20 cm de alto.  Las nuevas matrículas contarán con código de seguridad grabado a láser, sello de agua de alta seguridad, un holograma y un dispositivo electrónico. Con esta medida se busca ayudar a combatir la inseguridad, dado que muchas motos son usadas por delincuentes, precisó Concha.  —Propuestas—  El representante del MTC recalca que su despacho se encuentra a la espera de las observaciones de la ciudadana al nuevo cronograma prepublicado para el cambio de placas, y establecer un proyecto final.  Se estima que en 30 días estará listo el cronograma con todas las indicaciones necesarias para el cambio de placa. El costo de la nueva matrícula para motos y mototaxis sería de S/36.","elcomercio","12/04/2018"
"Fallece la joven que qued parapléjica tras sufrir asalto en Comas","Deysi Vega, de 21 años, fue arrastrada en la calle para robarle su mochila.  Deysi Vega Bautista, la estudiante universitaria de 21 años que qued parapléjica luego del ataque de unos delincuentes que intentaron robarle su mochila, en Comas, falleció ayer por la mañana en el hospital Sergio Bernales, de Collique.  Sus familiares confirmaron el deceso a Per21. Ella permanecía internada en la unidad de cuidados intensivos de ese centro desde el 27 de marzo.  Sus amigos y compañeros de clases expresaron su pesar en redes sociales por la muerte de la joven, quien cursaba el último año de la carrera de Ingeniería Ambiental. Incluso, recordaron que hicieron actividades para recaudar fondos y apoyarla en su recuperación.  El ataque ocurrió cuando Vega estaba a punto de llegar a su casa, en la zona de La Balanza, en Comas. Tres delincuentes, desde un vehículo en movimiento, la tumbaron para robarle su mochila y la arrastraron varios metros.  La joven cay de espaldas al pavimento y sufrió graves lesiones en la columna vertebral y la cabeza.  El director del hospital Sergio Bernales, Julio Silva, explicó que la víctima quedó parapléjica al presentar un trauma vertebromedular.","elcomercio","12/04/2018"
"Abusos sexuales en la Iglesia Católica chilena","El Papa pide perdón por el caso de Juan Barros  Mea culpa ● Francisco admite en una carta pública que incurrió en graves equivocaciones ● En enero, calificó de calumnias las denuncias contra el obispo chileno.  Redacción Mundo  El papa Francisco hizo acto de contrición. En una carta indita publicada ayer, el pontífice admitió que cometió graves equivocaciones al evaluar el escándalo de abusos sexuales perpetrados por clérigos católicos en Chile y el presunto encubrimiento del que está acusado el obispo Juan Barros, cuya presencia empañó su reciente visita al país sureño en enero pasado.  En lo que me toca, reconozco, y así quiero que lo transmitan fielmente, que he incurrido en graves equivocaciones de valoración y percepción de la situación, especialmente por falta de información veraz y equilibrada, señala en una carta enviada a los obispos chilenos, a los que convocó a Roma para analizar la situación.  Francisco, quien en enero defendió a Juan Barros, envió esta misiva después de recibir el informe del arzobispo Charles J. Scicluna. Este último viajó a Chile y Estados Unidos, enviado por el propio pontífice, para atender los testimonios de las víctimas de los abusos.  Ahora, tras una lectura pausada de las actas de dicha misión especial, creo poder afirmar que todos los testimonios recogidos en ellas hablan en modo descarnado, sin aditivos ni edulcorantes, de muchas vidas crucificadas y les confieso que ello me causa dolor y vergüenza, subraya el pontífice argentino.  El informe del arzobispo Scicluna recoge 64 testimonios. Tras leerlos, el Papa pidió la colaboración y asistencia del clero chileno en el discernimiento de las medidas que a corto, medio y largo plazo deberán ser adoptadas para restablecer la comunión eclesial en el país. El Vaticano aún no adelantó fecha para la reunión de los obispos chilenos con el papa Francisco.  Juan Barros fue acusado en Chile de encubrir los casos de abusos sexuales cometidos presuntamente por Fernando Karadima cuando este era párroco de la iglesia de El Bosque, en Santiago.  En enero pasado, el pontífice expresó su apoyo a Barros durante su visita a Chile y calificó las acusaciones contra el obispo de calumnias. Estas declaraciones causaron indignación en el país.  Ya desde ahora pido perdón a todos aquellos a los que ofendí y espero poder hacerlo personalmente, en las próximas semanas, en las reuniones que tendré con representantes de las personas entrevistadas, añadió.  Los principales denunciantes de Karadima –Juan Carlos Cruz, James Hamilton y José Andrés Murillo– señalaron a través de un comunicado que están evaluando la posibilidad de ir a Roma a entrevistarse con Jorge Mario Bergoglio, luego de que este los invitara a una reunión. Reconocemos el gesto del Papa, afirmaron.  —Resarcimiento—  Semanas después de su viaje a Chile –que fue previo a su llegada al Perú–, Francisco nombró a Scicluna, el más respetado investigador de casos de abuso sexual en el Vaticano.  Su misión era indagar las denuncias de que el obispo Barros había encubierto al reverendo Fernando Karadima. Este predicador carismático fue expulsado del sacerdocio por abuso sexual de menores y sentenciado en el 2011 a una vida de penitencia y oración. Karadima había sido un favorito de la jerarquía católica chilena y sus víctimas han acusado a varios jerarcas de encubrirlo para proteger la reputación de la Iglesia.  Muchos obispos chilenos y la propia junta asesora del Papa sobre abusos sexuales habían puesto en duda la aptitud de Barros para encabezar una diócesis, dadas las acusaciones de las víctimas de que este estuvo presente y no hizo nada cuando Karadima abusaba de ellos.  Pese a ello, Francisco designó a Barros obispo de la diócesis sureña de Osorno en el 2015, al sostener que la Iglesia había investigado las denuncias y las consideraba infundadas.  Apreciamos el cambio de mirada que el Papa está mostrando en su misiva, valoramos su petición de perdón y la aceptamos, afirmaron ayer en una declaración pública la Comunidad de Laicos y Laicas de Osorno, que exige la renuncia de Barros.","elcomercio","12/04/2018"
"Trump lanza amenaza directa a Rusia tras el ataque químico en Siria","NA","elcomercio","12/04/2018"
"Arana afirma que en Venezuela no hay una dictadura formal","S admite que no hay garantas para un proceso electoral transparente.  -Hay una dictadura en Venezuela? -Hay un régimen autoritario que aún es legítimo porque es emanado del voto. Pero las dificultades relacionadas con la violación de derechos humanos, el encarcelamiento de opositores y retrasos en los calendarios electorales muestran un régimen político con rasgo autoritario. No es una dictadura formalmente.  -¿Qué más tiene que pasar para que sea una dictadura formal? -Si se pierde la legitimidad de los procesos electorales, esa situación se podría agravar. Pero no olvidemos que hay un amplio respaldo popular, problemas económicos y un país dividido. Hay opositores que participarán en las elecciones.  -Cree que los venezolanos pueden resolver solos sus problemas, teniendo en cuenta que hay una crisis humanitaria, o necesitan recibir ayuda del exterior? -Toda ayuda humanitaria tiene que ser coordinada con su gobierno. A ningún país se le puede imponer ayuda humanitaria más aún cuando hay un bloqueo norteamericano contra el sistema comercial venezolano. Lo mejor que puede ocurrir es el cese del bloqueo y que haya misiones para observar los derechos humanos.  -Ve garantas para elecciones transparentes? -No se están dando las garantías adecuadas. El cambio de fecha por parte del órgano electoral genera esta incertidumbre y por eso yo creo que es importante invocar su independencia.  -Que los venezolanos no tengan garantías para elegir a su presidente de manera transparente no es una dictadura? -No estamos hablando de los venezolanos sino de una Venezuela dividida en la cual una mayoría sigue respaldando al régimen de Maduro.","elcomercio","12/04/2018"
"La Victoria","La Policía Nacional dispuso el cierre de calles en San Borja. Más de 16 mil agentes brindarán seguridad durante el evento.  -La noche empezaron a llegar los primeros jefes de Estado y altos funcionarios que participarán de la VIII Cumbre de las Américas. Para garantizar la seguridad durante el evento que se extenderá hasta el sábado, la Policía Nacional del Perú (PNP) ha puesto en marcha un plan especial que incluye, entre otros puntos, hacer seguimiento de la cumbre por aire y tierra.  Hemos habilitado este centro especial, donde recibiremos llamadas de cualquier emergencia, y donde además se pueden visualizar las imágenes del helicóptero que hace el seguimiento de todo el desplazamiento de las autoridades, de los drones, las cámaras fijas y móviles, informó el director general de la PNP, general Richard Zubiate, en el Centro de Comando y Comunicación del Control. Desde este punto, las diferentes unidades policiales, de las Fuerzas Armadas, los bomberos y los serenazgos de los distritos involucrados (Lima, Miraflores, San Isidro y San Borja) en esta cumbre harán un seguimiento minucioso de las actividades.  -Otro congresista implicado- El video que grab Modesto Figueroa Tras bambalinas G Legislador fujimorista grab a Bienvenido Ramírez con una cámara oculta G Exprocurador afirma que deber ser citado como testigo en el caso.  En su momento oportuno en la fiscalía haré mi descargo [...]. Está en investigación, hago (sic) mi descargo, por favor. Moisés Mamani Congresista Fuerza Popular  Estos legisladores tendrán que ser citados como testigos [...]. No significa que no puedan ser investigados por otros delitos. Iván Mejía Exprocurador anticorrupción  El congresista Moisés Mamani (Fuerza Popular) no fue quien grabó la conversación con Bienvenido Ramírez, miembro del bloque de Kenji Fujimori. Quien lo hizo fue su colega de bancada Modesto Figueroa Minaya.  El rostro de Figueroa aparece aproximadamente en el minuto 2 del video, que fue grabado con una cámara oculta en el despacho de Kenji Fujimori y que fue presentado por la bancada fujimorista en la conferencia de prensa del pasado 20 de marzo.  Un ligero movimiento de Figueroa durante la reunión con Ramírez hizo que la cámara oculta enfocara parte de su rostro y revelase así que él es quien la portaba. Se ha bajado esto, se le escucha decir mortificado al legislador en referencia al aparato con el que estaba grabando.  Inmediatamente, Figueroa vuelve a centrar la cámara sobre Ramírez, pero en ese instante capta a su colega Moisés Mamani, quien aparece sentado a su izquierda.  Entretanto, Ramírez dice a sus colegas: Si ustedes no quieren venir a la votación, se quedan en su casa, se van a otro lado o no vengan, en alusión al pleno en que se deba debatir la vacancia presidencial. Sus interlocutores contestan: Podría ser así, ¿no?, podría ser así.  En esta reunión también estuvo el legislador de FP Carlos Ticlla. Figueroa y Ticlla estuvieron junto a Daniel Salaverry y Moisés Mamani en la mesa de la conferencia de prensa del 20 de marzo, en la que se presentaron los videos que generaron la renuncia de Pedro Pablo Kuczynski a la presidencia. En ese momento, Salaverry dijo: Yo le sugerí, le recomandé a Mamani que él se aboque a conseguir alguna prueba [sobre la supuesta compra de votos] antes de hacer pública esta denuncia.","elcomercio","12/04/2018"
"El Madrid cae 3-0 ante Juventus, pero un penal cobrado a los 93’ lo clasifica a ‘semis’ de Champions.","NA","elcomercio","12/04/2018"
"Entrevista con CNN: Cuenta que conversaron sin presencia de Araoz en febrero","Vizcarra afirma que acord con Kuczynski la sucesión  Debemos hacer el esfuerzo para que todas las opiniones [de la Cumbre de las Américas] estén resumidas en un documento, Martín Vizcarra Presidente de la República.  Stabilidad. Señala que era la mejor opción frente a una vacancia o a la renuncia de los vicepresidentes.  Posición. No cree que PPK tuviera participación directa en intento de comprar votos de legisladores.","elcomercio","12/04/2018"
"Supuesto compra de votos contra la vacancia","Fue Modesto Figueroa y no Moisés Mamani quien grabó a Bienvenido Ramírez  En imágenes. Un movimiento de la cámara oculta muestra a su real portador. En la reunión también participó fujimorista Carlos Ticlla.","elcomercio","12/04/2018"
"Gabinete vacío","Poco importar la etiqueta con que se bautice de antemano a un Gabinete si este es vacío en resultados. Editorial de El Comercio Gabinete vacío / 9 de enero del 2018  Con algo de demora, la vicepresidenta y congresista Mercedes Araoz reaccion esta semana a una pulla que el actual presidente del Consejo de Ministros, César Villanueva, lanz el 2 de abril, horas antes de asumir el cargo. Lo que el primer ministro señal en aquella ocasión fue que la administración que recién se estrenaba no se iba a caracterizar por clichés, nombrecitos de ‘Gabinete de lujo’, sino [por] trabajo, trabajo, trabajo. El escritorio del ministro puede empolvarse porque no está ahí, porque tiene que estar donde las papas queman, añadi.  Sus frases eran una obvia referencia a los gabinetes que, dentro de este mismo gobierno y bajo la presidencia de Pedro Pablo Kuczynski, habían antecedido al que estaba por jurar; y en esa medida, es lógico que la señora Araoz, quien presidi el segundo de ellos, se sintiera aludida. Los ministros que estuvieron en mi Gabinete salieron y viajaron muchísimo, respondió ella entonces en una entrevista. Y más adelante desliz: De repente [Villanueva] no tom nota.  La verdad, sin embargo, es que los responsables de la marcha de este gobierno durante sus primeros 20 meses tenían el escarnio bien merecido. No solo cultivaron durante todo ese tiempo la complacencia frente a la pomposa (auto) denominación de ‘Gabinete de lujo’, sino que nunca supieron llenar de contenido expresiones grandilocuentes como las de ‘revolución social’ o ‘reconstrucción con cambios’.  Retar la facilidad retrica de la anterior administración, no obstante, entraba un riesgo para la que encabezan ahora el presidente Martín Vizcarra y el ministro Villanueva. A saber, el de caer en esa misma vocación por la prosopopeya sin sustancia y convertirse ellos también en víctimas del descrédito que sus antecesores se ganaron a pulso.  La luna de miel de la que goza esta ‘segunda fase’ del ppkauseismo será ciertamente más breve que aquella de la que disponen habitualmente los gobiernos recién elegidos. Y aunque es difícil predecir de manera exacta cuándo podría comenzar a extinguirse, el día de la presentación del Gabinete ante el Congreso (para la cual solo quedan, de acuerdo con lo que establece la Constitución, 20 días naturales) luce como una opción bastante verosímil.  El problema es que las hojas del calendario vuelan rápido y, mientras tanto, lo que obtenemos de los representantes del Ejecutivo son... clichés.  Por si no fuera poco lo que dijo Villanueva en la misma ocasión en la que anunció que iban a rehuirlas (“necesitamos gente que conozca más del Perú, que venga de adentro”, “el ministro de Agricultura en las chacras, el ministro de Energía y Minas en las minas”, “el diálogo va a ser una herramienta fundamental para nosotros”), hay muchos otros ejemplos.  Sin ir muy lejos, ese mismo día el flamante presidente del Consejo de Ministros escribió en su cuenta de Twitter mensajes como: “Este será un gobierno de todos los peruanos. Todos debemos sumar” o “Se acabó el va cruce de ir de ministerio en ministerio”. Y en una entrevista televisiva concedida por esas fechas, proclamó: “[Este] es un gobierno que queremos que sea fuerte, moderno, pero con alma y cariño provinciano”.  El presidente Vizcarra, por su parte, también ha aportado lo suyo a esta antología de buenas intenciones. “Este nuevo gobierno va a trabajar intensamente para atender las necesidades de toda la población. Y eso lo vamos a lograr trabajando juntos y unidos”, recit, por mencionar un caso, el 9 de abril en San Martín.  Y no es que la exaltación de la laboriosidad de los nuevos funcionarios, la necesidad de acabar con la desunión política o la exaltación de los valores provincianos sea negativa o carente de valor. En realidad, podría ser hasta indispensable… pero no debe extenderse por mucho tiempo; sobre todo, cuando se ha partido por prometer que los lugares comunes no fueran la característica de esta nueva administración.  De lo contrario, esa misma afirmación resultara haber sido uno de ellos y la disimulada confrontación de la que empezamos hablando, solo una lucha de clichés.","elcomercio","12/04/2018"
"Actividades del presidente","El presidente Vizcarra participó ayer en la inauguración del Foro de Jóvenes de las Américas. En su discurso, afirmó que los jóvenes son actores fundamentales para enfrentar los problemas que aquejan a nuestra sociedad.  El presidente Vizcarra dio una entrevista a la cadena CNN. Ayer también participó en un foro de jóvenes, como parte de las actividades por la Cumbre de las Américas.  Confía en lograr un acuerdo llamado ● Vizcarra afirmó que países participantes en la cumbre deben hacer un esfuerzo para concertar un documento final, que girará sobre la corrupción ● Ratificó posición de no invitar a Maduro.  El presidente Martín Vizcarra afirmó ayer que confía en que se logre concretar un documento final entre los países participantes en la VIII Cumbre de las Américas, que se realizar mañana y el sábado 14 en Lima.  Debemos hacer el esfuerzo para que todas las opiniones finalmente estén resumidas en un documento. Vamos a poner todo nuestro esfuerzo para lograrlo, afirmó ayer en una entrevista con la cadena CNN.  El mandatario recordó que en las dos cumbres anteriores, desarrolladas en Panamá y Colombia, no hubo un acuerdo entre los países asistentes. Sin embargo, recalculó que ya se están trabajando las líneas maestras de lo que sería el documento de la cumbre de Lima. Está bien avanzado, agregó.  La reunión en la capital peruana ha sido denominada Gobernabilidad Democrática frente a la Corrupción. Por tanto, Vizcarra incidó en que el documento final girará en torno a ese tema. Todos queremos atacar la corrupción, recalcó.  Consideró además que el debate entre las autoridades que participarán será muy enriquecedor respecto a las medidas que se puedan adoptar para enfrentar el problema.  Al ser consultado sobre el tema de la cumbre y la coyuntura política peruana, el presidente dijo que la corrupción es un problema que hemos vivido en carne propia y que tiene efectos en la gobernabilidad.  Quizás al principio [los peruanos] veíamos que la corrupción era un tema ajeno a nosotros, pero con el paso del tiempo hemos visto cómo nos compromete. Afecta a todos los ciudadanos del país. Todos tenemos que trabajar para evitarla. ¿Quiénes deben dar el ejemplo? Las autoridades, afirmó.  Luego, indicó que es bueno el mensaje que dan las investigaciones a expresidentes de nuestro país, en referencia al Caso Odebrecht.","elcomercio","12/04/2018"
"Heynckes. Fue en la temporada 2012-13, desde entonces...","Fue en la temporada 2012-13, desde entonces el multicampeón de Alemania buscó repetir la gloria con Guardiola (tres veces) y Ancelotti (una vez) y no lo consiguió. Hoy tiene otra vez a Heynckes en el banquillo y ya está en semifinales gracias al 0-0 de ayer ante Sevilla.  No tenía que hacer mucho el Bayern porque el 2-1 en la ida prácticamente le daba el boleto. En el Allianz Arena la tarea era defender esa ventaja y así lo hizo ante un Sevilla que con coraje buscó la victoria, pero no la encontró por falta de argumentos y la solidez bávara.","elcomercio","12/04/2018"
"El penal más polémico (y difícil)","Mientras Cristiano Ronaldo celebra y Gianluigi Buffon explota, muchos hinchas del fútbol buscan objetividad. No todos se dejan llevar por sus fanatismos futbolísticos. La pregunta de si fue o no penal para el Real Madrid en el encuentro de Champions ante la Juventus es lo más buscado en Google. Los protagonistas de la jugada, por su parte, tienen reacciones opuestas al momento de declarar a los periodistas. Es muy evidente que ambos no dicen la verdad. Lucas Vázquez asegura que Benatia lo arroll. Mientras que el defensa dice que la decisión del árbitro es comparable a una violación. Sí, usó ese término tan extremo. Los dos están muy equivocados. Basta con mirar las imágenes para desmentir cada una de sus palabras. Parece que quieren sorprender a todos los usuarios que hoy cuentan con fotos y videos al instante. Cámaras lentas, gifs, grabaciones de la tribuna, etc.  No hay forma de que el verbo arrollar esté bien utilizado para la acción del penal en el Bernabéu. En diferentes imágenes fotográficas y televisivas se observa que Benatia se apoya con su mano derecha en la espalda de Lucas, mientras que con la rodilla izquierda impacta el brazo izquierdo del hombre madridista. Además, el defensor marroquí no llega a impactar la pelota. No es que lo pase por encima o que lo derribe con toda la fuerza de su cuerpo. El contacto existe, sí, pero es leve. Esa es la gran duda hasta el momento. Si lo que se ve en las imágenes es suficiente o no para cobrar la pena máxima.  No es un robo, no es un escándalo. Mucho menos una violación. Es una acción muy dudosa, en la que el juez tiene que decidir sin tener la opción de mirar repeticiones en cámaras, expuesto a la rapidez de estos jugadores y dentro de un ambiente que muy pocos tienen la oportunidad de vivir. Hay que ponerse en los zapatos del inglés Michael Oliver.  Y hay que tener también el coraje de hacer algo similar. Es el penal más polémico porque fue en el último minuto de este cruce de cuartos de final de Champions y al rey de Europa le estaban propinando una derrota histórica en su campeonato favorito, cuando todo estaba dado para que el partido se alargara media hora más, donde cualquier cosa podía pasar.  Y es, además, el penal más difícil sin dudas. Porque si no lo cobraba, y las repeticiones revelaban que era algo claro, su futuro como juez de grandes contiendas posiblemente habría quedado sepultado para siempre. La duda existirá siempre y eso lo deja bien parado. No solo ganó el Real Madrid, también ganaron Oliver e Inglaterra, país que por primera vez, y de manera sorpresiva, no contará con un juez en una Copa del Mundo.","elcomercio","12/04/2018"
"Gomez tiene una nueva oportunidad en el Minnesota United","Gómez tiene una nueva oportunidad en el Minnesota United. Zurdo recala en la MLS tras salir por indisciplina del fútbol mexicano. Para Alexi Gómez la frase a la tercera va la vencida no dio resultado. Primero pasó por el Brommapojkarna de Suecia, luego recal en el San Luis de Quillota y hace poco estuvo en el Atlas de México. En ninguno logró consolidarse. A sus 25 años tuvo muchas oportunidades. Sin embargo, sus malas decisiones le han jugado en contra. As el fútbol le ofrece una nueva oportunidad: el Minnesota de la MLS lo confirm ayer como nuevo refuerzo. La Hiena llega al cuadro norteamericano en calidad de préstamo por medio año con opción de compra. Esta noticia también es celebrada en Universitario porque volverán a recibir dinero por esta operación.  Estamos encantados de poder traer un jugador de la calidad de Alexi. Es un futbolista versátil que puede jugar en cuatro posiciones diferentes. Ser útil para nosotros, dijo el director técnico de Minnesota, Adrian Heath.  -Con Gómez serán seis los peruanos que actúan en la MLS. Yoshimar Yotún destaca desde el año pasado en el Orlando City; en ese mismo equipo está el juvenil Pierre Da Silva. Alexander Callens es titular en el New York City; Yordy Reyna intenta reinventarse en el Vancouver Whitecaps y hace algunos meses Andy Polo dej Morelia para jugar por el Portland Timbers.  En el país de los grandes sueños Gómez tiene una nueva oportunidad.","elcomercio","12/04/2018"
"Alianza fue el caído que pudo levantarse","Los íntimos se recuperaron al ganarle 2-0 a la ‘U’, que sigue en el fondo. Un clásico, lo fue. Porque ni Alianza se apartó del mal juego que viene practicando y sin embargo logra imponerse ante un Universitario que no supo llevarse más de lo que ha merecido ante los íntimos en los últimos partidos. Fue victoria de 2-0 en Matute en una noche en la que Hohberg vuelve a ser decisivo ante el máximo rival y donde Zubczuk pagó caro la autoconfianza que se tenía.  Alianza necesitó paciencia para jugar y el hincha para esperar el ingreso de Alejandro. El ‘8’ le da sentido al ataque y es quien mejor se entiende con Cruzado. Dos goles y abrazos para Leyes, que lo mejor que hizo fue presionar al portero crema para el primer gol, y celebración con la barra, esa que a pesar del mal momento siguió alentando.  Si hay un pilar que mantiene en pie a Alianza ese es Leao Butrón, otra vez decisivo para mantener el cero. Pero la columna en la que se apoyan los blanquiazules es Hohberg. Golazo de sombrero y muy vivo para el 2-0.  Quince minutos demoró Cruzado en hacerse del balón. Tres pelotazos a Leyes apenas al iniciar el partido hicieron ver a Alianza nuevamente en su peor versión. Sin embargo, en la segunda parte, con Hohberg se acercaron las líneas y el juego se hizo más simple y más con las contras.  No cuesta mucho darse cuenta por qué padece tanto Universitario para concretar. Con Figuera tiene una salida clara y con Quintero el peligro latente, pero le falta ese ‘9’ que desubique a los centrales o que se adelante a la jugada y no caiga en offside. Celebra Alianza una victoria que hace recuperar el ánimo pero no olvidar que sigue debiendo el buen juego. Suma para el acumulado y la autoestima.","elcomercio","12/04/2018"
"Cristal asegura su boleto a la final","Equipo celeste gan 3-1 a Comerciantes y disputar título del Torneo de Verano. Con tres fechas por disputar en el Grupo A del Torneo de Verano, Sporting Cristal se dará el lujo de jugar ahora solo para completar el calendario. Ayer logró su tercer triunfo consecutivo (el octavo en 11 fechas) al vencer 3-1 a Comerciantes Unidos en Guadalupe y se aseguró el boleto para pelear la final del torneo.  En esta nueva victoria, que permite estirar su racha invicta a seis encuentros, los rimenses nuevamente gozaron de la efectividad goleadora de Emanuel Herrera. El argentino convirtió un doblete (6’ y 58’) y estiró a 14 goles su récord como máximo artillero del torneo. El primero llegó como todo un pescador en el área, mientras que el segundo fue con un misilazo de tiro libre.  Pese a la victoria celeste, el local llegó a empatar rápidamente el marcador gracias a William Klingender, pero tras el 1-1 ya todo fue de Cristal. Horacio Calcaterra (47’) puso adelante otra vez a la visita.  El equipo del chileno Mario Salas ahora espera al ganador del Grupo B.","elcomercio","12/04/2018"
"LA POLÍTICA Y LA MORAL","Lucha contra la corrupción. Hace años conocí a un juez probó incorruptible, el doctor Edgardo Rodríguez Cartland. Él siempre me decía, cuando hablábamos de los problemas en el Poder Judicial: De qué vale un juez que sabe mucho si carece de ética?. De igual manera podemos afirmar: De qué vale una persona que gobierna, que es ministro, que es congresista, empresario, líder social, maestro, cura, ama de casa, si no tiene valores?  Cuando los ciudadanos se dan cuenta de que alguien les está robando, comienza la protesta. Cuando ésta se organiza, empiezan las movilizaciones. Cuando estas son masivas, surgen los cambios políticos. Cuando los nuevos dirigentes prometen acabar con la corrupción, se genera la ilusión. Cuando los mismos dirigentes continúan siendo corruptos, aparecen las decepciones. Cuando los ciudadanos vuelven a organizarse, se producen nuevas movilizaciones. Cuando estas son masivas, ocurren nuevos cambios políticos. Y así sucesivamente. Esto es lo que ha ocurrido en varios países latinoamericanos durante los ltimos tiempos. Las causas de la corrupción son múltiples. Una de ellas es la ausencia de valores morales en quienes ocupan cargos públicos. Otra causa es la falta de control sobre el uso del dinero público. Otro factor es la complicidad entre funcionarios corruptos y empresarios interesados en obtener beneficios ilegítimos. También influye la impunidad con que actúan los corruptos, debido a la ineficiencia de los sistemas judiciales. Finalmente, contribuyen a la corrupción las redes de clientelismo y nepotismo que se establecen en algunas instituciones gubernamentales.  Sin embargo, no debemos olvidar que la corrupción no es solo responsabilidad de los políticos y funcionarios públicos. También tenemos culpa los ciudadanos comunes y corrientes, cuando permitimos que nos roben impunemente, cuando no denunciamos los casos de corrupción que conocemos, cuando votamos por candidatos que sabemos que son corruptos, cuando participamos en actividades ilegales o cuando simplemente nos resignamos a vivir en un mundo lleno de injusticias.  Por ello, es necesario que todos trabajemos juntos para combatir la corrupción. Desde los gobiernos, mediante la implementación de medidas eficaces para prevenir y castigar la corrupción; desde los medios de comunicación, informando adecuadamente sobre los casos de corrupción y ejerciendo un rol vigilante frente a los poderes públicos; desde las empresas privadas, adoptando códigos de conducta ética y transparente; y desde los ciudadanos, denunciando los hechos de corrupción que conozcamos y exigiendo rendición de cuentas a nuestros representantes electos.  Solo así podremos construir sociedades más justas y equitativas, donde prevalezcan los principios democráticos y los derechos humanos fundamentales.","elcomercio","12/04/2018"
"ENTREVISTA James Scriven CEO de BID Invest","Financiaremos US$500 mlls. más este año  Los sectores clave serán transportes y agroindustria.  Paola Villar S.  Dentro de la Cumbre Empresarial de las Américas, James Scriven, CEO de BID Invest, resalta que Lima se convierte en el foco de atención y trabajo para el organismo que lidera. En esa línea, asegura que continuarán financiando proyectos en el país.  — En el Perú, BID Invest ha financiado más de US$500 millones en varios sectores. ¿Qué esperan para este año? Esperamos financiar otros US$500 millones en diversos proyectos y, dependiendo de cuándo salen al mercado y cómo se van trabajando, vamos a ir actualizando o aumentando esa cifra.  — Cree que la inversión privada en el Perú y el resto de la región pueda crecer? Creo que están dadas las condiciones para que el sector privado invierta más en distintos países en Latinoamérica. Vemos mayores pedidos de cofinanciamiento, vemos con mucho optimismo el rol del sector privado en solventar los grandes problemas de desarrollo en la región.  — ¿Qué sectores destacarían? Transportes, donde existen varios proyectos por lanzarse o están siendo analizados, y el sector agroindustrial, muy fuerte en el Perú. La agroindustria es un sector prioritario para nosotros por la generación de empleo, productividad, crecimiento económico e igualdad de género. Por otro lado, en cuanto a transportes, hemos dicho que estamos dispuestos a financiar varios proyectos emblemáticos. Nuestra inquietud es cuándo se pueden lanzar y hacer.  — Existencias problemas de inestabilidad que puedan complicar el panorama? Lo que ocurre en varios países de Latinoamérica es que hay shocks de confianza que atentan contra la inversión privada. Hay países que viven cierta incertidumbre política. Nosotros tenemos un rol contracíclico importante en dar la certeza de largo plazo de que las cosas no van a cambiar.  — El impacto del Caso Lava Jato en el Perú, por ejemplo, generó una crisis política y golpeó a sectores como construcción. Si uno comprara los diferentes sectores en el Perú, el que menos está creciendo es ese sector, como usted menciona. Los cuestionamientos en la integridad de diversas constructoras, por ejemplo, han hecho que el sector privado financiero sea más resistente a entrar a financiar all. En muchos casos, las licitaciones de proyectos clave no están avanzando. Sin embargo, tampoco quisiera enfatizar al Perú, pues ese mismo contexto se da en otros países [de América Latina]. Mi jefe dijo alguna vez públicamente: Latinoamérica no es para principiantes, y esa es la realidad.","elcomercio","12/04/2018"
"ES LA OCTAVA CLASIFICACIÓN CONSECUTIVA DE LOS MERENGUES A ESTAS INSTANCIAS","A pesar de caer 3-1 en el Bernabéu ante la Juventus, el Real Madrid clasifica a las semifinales del torneo. El gol de penal del descuento, de Cristiano, sigue despertando debates.  El preciso momento del contacto entre Benatia y Lucas Vázquez. Para muchos, es suficiente argumento para aceptar que el penal estuvo bien cobrado.  PEDRO CANELO  Tiene derecho a celebrar de esa manera Cristiano Ronaldo. Despojándose la camiseta y haciendo de una contracción muscular la pura manifestación de toda su euforia y fortaleza. Y no por su gol, que llegó a través del penal más polémico de los últimos tiempos, sino por ese salto alto de atleta olímpico para centrarle de cabeza a Lucas Vázquez. Luego, Benatia tuvo contacto con el canterano del Real Madrid y el árbitro Oliver cobró la pena máxima. Ese tanto del descuento ante la Juventus, para el 1-3 final en el Bernabéu, clasificó a los merengues a las semifinales de la Champions League.  Que se desarme de alegría Cristiano. Tiene derecho. Cuando su equipo estaba siendo pasado por encima por la Vieja Señora, miró el reloj y se enteró de que corría el minuto 90 del partido. Fue entonces que se elevó en maniobra casi circense y nos dijo a todos que él nació para mirar las cosas desde arriba.  Que explote Cristiano. No importa si su actuación no fue redonda o si no hizo otra chalaca de poster en el arco de Buffon. El Real Madrid perdía por goleada, pero él nunca dejó de ser líder, de pelear, de pedir a los hinchas que no dejen de cantar. Si tu capitán es un ganador incansable, es difícil que te caigas. Encabezados por el portugués, los merengues han clasificado a su octava semifinal consecutiva de Champions. Esto es mucho más que una estadística. Es una consecuencia.  No merecía irse de esa manera Buffon. Con el penal cobrado, se descontrol en el reclamo y vio la tarjeta roja. Luego, Cristiano remató con potencia y el golero de reemplazo, Szczęsny, solo acompañó la toma con una volada inútil. Ojalá no te retires, Gianluigi. Atajaste más de cuatro opciones de gol en el Bernabéu. Tu leyenda todavía no ha terminado. Es una colección de páginas inmensas que apenas han comenzado a escribirse.  Sin alejarse de su esencia, la Juventus trató de llevar el juego por la zona izquierda, donde Alex Sandro y Mandzukic aparecían con precisión en el pase y con potencia para ganar cada mano a mano. Ya con la ventaja por dos goles, tuvo paciencia para esperar que el Real se equivocara. Al medio fue majestuoso lo de Pjanic y en su zaga, Chiellini con el apetito eterno por la gloria.  Tenía que cometer un error el Real y esta vez le tocó a Navas, quien dejó escapar el balón ante la arremetida de Matuidi. Era el 3-0 que obligaba a los descuentos. Se cansaba la Juventus y Allegri solo hizo un cambio. Su plan se estaba cumpliendo. Vinieron más faltas, más tarjetas y más rostros de hastío. La Juventus exhibió ese ADN italiano que nunca más se puede perder. Con ese ADN de dientes apretados fueron cuatro veces campeones del mundo. Y así consiguieron ofrecer resistencia la valiente Juve, con inteligencia y cálculo, al filo de la ley hasta caer en ese código penal.","elcomercio","12/04/2018"
"OPTIMISTA... Ricardo Gareca volvió a hablar de los rivales de Perú en el Mundial y aclaró que si bien Francia es uno de los favoritos para ganar el título, su selección le puede dar pelea. Todos esperamos que así sea.","NA","elcomercio","12/04/2018"
"ESPERA... En la ‘U’ prenden velitas para que el TAS les levante la sanción que le impide contratar jugadores hasta fin de año. La audiencia será este 25 en Lima y un mes después se resolverá todo. A seguir esperando.","NA","elcomercio","12/04/2018"
"Zaldvar argumenta que en la actualidad el índice MSCI Perú Investable Market Index (IMI)","Zaldvar argument que en la actualidad el índice MSCI Perú Investable Market Index (IMI) cuenta con cinco empresas locales; tres de ellas conforman el segmento MSCI Standard, cumpliendo el requisito mínimo de tres componentes que se exige a todos los mercados emergentes, y otras dos están a manera de amortiguadores.  El informe especula que MSCI puede llevar a consulta nuestra clasificación en el 2019 y si algo pasara, se sabría en el 2020. Pero la verdad es que el único riesgo es que el MSCI cambie su metodología, porque con la que hoy está vigente estamos bien, sostuvo.  Zaldvar indicó que el volumen promedio diario de la bolsa limeña durante el año está más cerca a los US$10 millones, pero ese bajo monto obedece más a un tema coyuntural.","elcomercio","12/04/2018"
"Carlos Rojas, fundador de Capia SAFI, coincide con Zaldvar en que el Perú se mantendrá en el índice de mercados emergentes","Carlos Rojas, fundador de Capia SAFI, coincide con Zaldvar en que el Perú se mantendrá en el índice de mercados emergentes, porque cumple con los requisitos mínimos. No obstante, advierte que la situación de la bolsa no ha cambiado mucho desde el 2015.  Rojas sostiene que el trabajo conjunto que hizo la bolsa limeña junto al Gobierno para evitar la reclasificación no ha tenido resultado, pues la liquidez de la bolsa peruana es baja.  Como mercado total solo estamos negociando US$10 millones al día. Chile negocia US$250 millones, Argentina está entre US$60 millones y US$70 millones diarios y se va a US$100 millones ahora. Colombia hace US$60 millones. Realmente, estamos muy mal, afirm Rojas.","elcomercio","12/04/2018"
"Para Luis Eduardo Falen, analista senior de Intelligo SAB, la baja liquidez de la BVL obedece más a su concentración en la minería","Para Luis Eduardo Falen, analista senior de Intelligo SAB, la baja liquidez de la BVL obedece más a su concentración en la minería. Afirma que la subida de la cotización de los metales ha llevado a las acciones a alcanzar máximo potencial de apreciación. Hoy el comentario es que no hay nada que comprar [en la BVL], coment.","elcomercio","12/04/2018"
"LA SUPERINTENDENCIA DEL MERCADO DE VALORES APROBÓ MODIFICAR EL REGULAMENTO DE LOS FONDOS MUTUOS","La Superintendencia del Mercado de Valores aprob modificar el Reglamento de los Fondos Mutuos. Entre las modificaciones, regula el reconocimiento en el país de los fondos del exterior que hayan sido inscritos o autorizados por los supervisores del mercado de valores de los países de la Alianza del Pacífico.  Esto con el objetivo de que las participaciones de dichos fondos puedan distribuirse al público general sin que sea necesaria su inscripción en el Registro Público del Mercado de Valores.  Sin embargo, esta modificación podría causar daños a la industria de fondos mutuos, advierte Carlos Rojas, fundador de Capia SAFI.  Rojas argumenta que en los otros países de la Alianza del Pacífico se cuenta con leyes mucho más flexibles para invertir y sus fondos pueden desplazar a los peruanos.","elcomercio","12/04/2018"
"Se anunció un paro en Islay para el viernes, tras anuncio de Villanueva","Mem: No hay interés en apurar la inversión en Tamarindo  Ministro dice que antes se debe aclarar las dudas de la población.  El titular del Ministerio de Energía y Minas (MEM), Francisco Ísmodes, indicó que el gobierno no está interesado en acelerar la ejecución del proyecto Tamarindo sin que exista un proceso de diálogo con las poblaciones involucradas en este.  El gobierno no tiene interés en acelerar ni apurar la inversión en este proyecto [Tamarindo] si antes no se ha desarrollado un proceso de diálogo con las poblaciones involucradas en donde se pueda aclarar las dudas que puedan existir, sostuvo el titular del MEM.  Así, enfatizó que ningún proyecto de inversión será desarrollado si no cumple los requisitos legales vigentes y se adecúa a la regulación ambiental y en armonía con las poblaciones vecinas donde se ejecuten esos proyectos.  En una entrevista brindada a este Diario el domingo, el presidente del Consejo de Ministros, Óscar Vásquez, señaló que Tamarindo podría ser retomado este año.  Este anuncio generó el descontento de la población de Islay (Arequipa), que anunció un paro para el viernes 13 de abril.","elcomercio","12/04/2018"
"Indicadores del Día","PER GEN +0,21% ANTERIOR +0,71%  DOW JONES -0,90% ANTERIOR +1,79%  Jueves 12 de abril del 2018   BOLSA DE VALORES DE LIMA  Reporte de valores negociados, cotizaciones e indicadores de la sesión del miércoles 11 de abril del 2018  Explosión del petróleo Gabriel Chirre Jefe de Mesa de Renta4 SAB  Un incendio después de otro. Luego de que el presidente chino disipara las tensiones comerciales anunciando una mayor apertura económica, Estados Unidos abre un nuevo capítulo en la guerra civil de Siria advirtiendo el posible lanzamiento de una andanada de misiles sobre el país del Medio Oriente. Esto afecta directamente a Rusia por el interés geopolítico que tienen ambas potencias sobre este país y viene generando una escalada importante en el precio del petróleo.  Esto se evidencia en la rentabilidad alcanzada por el crudo, que solo en esta semana ha sido de 7,49%, acumulando 10,96% en el año. En medio de este escenario de tensión y dado la posible imposición de nuevas sanciones a Irán y el agravamiento de la crisis en Venezuela, creemos que el precio del petróleo debería sostenerse e incluso buscar mayores niveles en el corto plazo.","elcomercio","12/04/2018"
