"headline","content","newspaper","date"
"El término ‘big data’ está relacionado con los sistemas que manipulan grandes cantidades de datos","Aiman Zeid es un experto en analizar esta información que puede ayudar a vender más, predecir el clima o incluso advertir sobre atentados terroristas.  Aiman Zeid, considerado un guru en la análitica del ‘big data’, visitó el Perú para presentar el nuevo servicio de consultora que su empresa ofrece en el país. El tema de ‘big data’ es muy importante, las organizaciones necesitan nuevas fuentes, nuevos talentos, nuevos procesos, una nueva manera de realizar la toma de decisiones y una nueva cultura, nos explica.  — ¿Cómo le explicamos a alguien que no está familiarizado con el tema, sobre qué es ‘big data’? ‘Big data’ es una tendencia que viene desde hace mucho tiempo, pero ahora se está aplicando en muchas áreas diferentes. Hablo de habilidades, los procesos, los cambios culturales y el cambio de la infraestructura tecnológica. Pero no se trata solo de tener la tecnología, se debe saber cómo usarla.  — ¿Cómo se realiza el procesamiento de esta información?  El procesamiento lo hace la tecnología disponible y el resultado lo tiene que interpretar una persona o un equipo de gente. Ahora, hay un punto importante: ¿por qué lo quieres hacer? Es porque detrás de eso hay nuevos canales de negocio, muy importantes, que se pueden obtener. Te pongo como ejemplo Mistura. Cuánta información se podría producir del TweetFit de Mistura, en tiempo real, que pueda ser analizada para poder canalizar campañas, ofertas, información demográfica? Ese es el tipo de cosas que produce la monetización de proyectos de ‘big data’ y es por eso que las industrias están yendo hacia esa tendencia, para ver qué valor pueden tener sus datos.  — La habilidad de procesar e interpretar ‘big data’, puede servir tanto para una organización como para manejar políticas de Estado? Entidades públicas podrían orientar y prever situaciones, como el fenómeno de El Niño, por ejemplo? En efecto, esto también se aplica en temas militares, de gobierno y de salud, por supuesto. El diagnóstico de pacientes, por ejemplo, se hace en función a datos que están en historias médicas. A mayor información que tengas de pacientes, vas a tener una mejor relación de la enfermedad, vas a darle un mejor tratamiento a esa persona y eso también abarca temas de ‘big data’. Es necesario saber que no está para nada limitada a un tipo de industria, sea pública o privada.  Otro ejemplo: la preocupación por el terrorismo requiere que los gobiernos se conecten entre todos sus ministerios y múltiples divisiones de una manera rápida para tratar de identificar las amenazas y predecirlas, para no ser vulnerables a estos ataques. Es un monitoreo constante en el que debes mirar toda la información y analizarla rápidamente porque, mientras más rápido lo hagas, puedes evitar un atentado o buscar la forma de protegerte.  — ‘Big data’ parece ser el ‘big secret’. Por qué sigue siendo un gran secreto? Por qué no está siendo más usada o se escucha más de esto? Es muy sencillo, es una evolución. Cada vez que una nueva tecnología es introducida en el mercado, le lleva tiempo a las organizaciones adoptarlas y ver su verdadero valor, esto sucede en todas partes. Si preguntas cuánto se usaba el análisis de información hace diez años, la respuesta sería totalmente distinta. Hoy es una obligación para las organizaciones trabajar y competir de una manera exitosa. La pregunta no es ya si van a adquirir ese tipo de tendencia, sino cuándo va a ocurrir. Es solo cuestión de tiempo cuando empieces a ver una amplia adopción de ‘big data’ en todos lados.  — ¿Es un trabajo que se puede hacer clandestinamente? Cuando tú le dices a empresas como Google, Facebook o Twitter: “sí, acepto los términos”; les estás dando permiso a que hagan lo que quieran con tu información, así que realmente no tiene que ser un secreto el hecho de empezar a investigar temas de ‘big data’ para una organización. De hecho, muchos de los que van a leer esta entrevista, incluyéndonos a nosotros, ya somos parte de este movimiento. Si tú crees que consumes porque de verdad necesitas las cosas, estás equivocado. Existe un trabajo de marketing detrás de todo, que planea decirte qué es lo que quieres y qué es lo que necesitas.","elcomercio","12/10/2015"
"La existencia del instinto implica o presupone la inexistencia de la inteligencia superior","La existencia del instinto implica o presupone la inexistencia de la inteligencia superior. Del latín instinctus, participio pasivo de instinguere, instigar, estimular, incitar. Instinto es, pues, etimológicamente, instigación, excitación, impulso.  La Academia dice en su diccionario que el instinto es el conjunto de pautas de reacción que, en los animales, contribuye a la conservación de la vida del individuo y de la especie.  Si por instinto entendemos, como quería el entomólogo Jean-Henri Fabre, autor de una obra monumental, en 10 tomos, titulada Recuerdos Entomológicos; si por instinto entendemos una actividad innata, inmutable, especial, especializada y ciega, es evidente que el hombre carece de instintos.  El hombre no tiene (y véase cómo define Tinbergen el instinto); el hombre no tiene un mecanismo nervioso jerárquicamente organizado que reaccione ante estímulos advertidores, desencadenadores y directores, tanto endógenos cuanto exógenos, y que responda por encadenamientos motores bien coordinados que están al servicio del mantenimiento de la vida del individuo y de la especie.  La existencia del instinto implica o presupone la inexistencia de la inteligencia superior. No bien surge ésta, desaparece aquél, y siendo, como es, propio del hombre la inteligencia superior, no menos propio habrá de serle la carencia instintiva.  Con la pérdida del caudal instintivo y la consiguiente adquisición de la inteligencia superior, el hombre se convirtió en el ser cultural por excelencia. Nunca más volvió a ser natural, porque sobre su animalidad, sobre su naturaleza, el hombre construyó la artificialidad, es decir, ideó, forjó y creó cultura.","elcomercio","12/10/2015"
"De polendas","La última vez que hablé con Martha Hildebrandt de la expresión de polendas, equivalente a notable o encomiable o de gran calidad, me dijo que José Luis Rivarola, de la Academia Peruana de la Lengua, había investigado el punto, aunque infructuosamente.  De polendas se dice en el Perú, Cuba y México. Presumo que entre nosotros polenda rigió y aún rige como variante de polenta (as ocurre en italiano), y polenta en Argentina y el Uruguay denota fuerza, empuje, potencia; una cosa de excelente calidad es polenta o de polenta. En nuestro idioma, polenta es italianismo y en Italia se atribuyen a la polenta grandes virtudes alimenticias; de ahí que, figurativamente, se diga de una cosa muy buena o excelente que es polenta o polenda o de polendas. La sílaba epentética se la pusimos para realzar la expresión. Por eso mismo decimos, al saludar, buenos días y buenas noches, pluralización que otros idiomas desconocen.","elcomercio","12/10/2015"
"Desigualdad de los ingresos es el reto central de estos tiempos","Son las primeras palabras de un reporte sobre la desigualdad, pero el informe no se queda en una declaración de principios, sino que sustenta el argumento con un impresionante trabajo estadístico que analiza la experiencia de 159 países durante 32 años.  Nunca antes el FMI se había ocupado de la desigualdad de los ingresos, pese a que ese mal ha sido una faceta constante y visible de la escena mundial, especialmente los países menos desarrollados. Más aún, desde hace varias décadas la desigualdad es un tema importante para el Banco Mundial, la institución hermana del FMI y ubicada frente a frente en la misma cuadra en Washington, con el que el FMI mantiene una estrecha colaboración.  Difícil entonces no hacerse la pregunta de si el descubrimiento tardío anunciado por el FMI no se debe a que es solo en los últimos años que la desigualdad se agrava visiblemente en varios países ricos, volviéndose un tema de debate político.  El peso del Primer Mundo en esa agenda fue evidente también en la novedosa presencia de temas como la igualdad de género, los derechos de los indígenas, la protección del medio ambiente, el empleo de los jóvenes y la pobreza extrema.  Nadie puede dudar de que hay mucho por mejorar en el mundo, pero hay menos claridad en cuanto al mejor camino por seguir. Esa opción depende, por ejemplo, del grado de interconexión que existe entre los males que se deben corregir. En la desigualdad sería importante conocer si esta es un obstáculo para un mejor manejo de la política monetaria y de los tipos de cambio, quizás porque las distancias sociales dificultan el consenso político exigido por las políticas más efectivas para todos en el largo plazo.  El mejor camino para arreglar el mundo dependerá también de la lógica institucional. Hasta ahora, se ha apostado mayormente por la lógica de la especialización y, para eso, existen entidades separadas, como el FMI y las organizaciones mundiales del comercio y de la salud. Así, cada país separa sus Fuerzas Armadas en un ejército, una marina y una fuerza área. No obstante, siempre cabe preguntarse si nuevas circunstancias o tecnologías quizás ameriten un enfoque menos especializado.  Ciertamente, la declaración del FMI acerca de la desigualdad como reto central del momento debe ser recibida como una oportunidad reflexiva que nos lleva a tener una mayor apreciación de los condicionantes sociales y políticos de las buenas políticas, pero al mismo tiempo podemos esperar que el FMI redoble sus esfuerzos para cumplir su mandato de crear un mundo más ordenado en cuanto a sus orientaciones monetarias y cambiarias.","elcomercio","12/10/2015"
"Me gusta leer novela negra","Que siempre trata de personajes que buscan al culpable de un crimen. Una que le recientemente, titulada Muerte de una heroína roja (Tusquets 2012), me hizo pensar mucho en lo que sucede con las inversiones empresariales en el Perú.  Entre los grandes escritores actuales, herederos de Arthur Conan Doyle (Sherlock Holmes) y Agatha Christie (inspector Poirot), figuran varios escandinavos, como Stieg Larsson (La chica del dragón tatuado y otros), mi favorito el recientemente fallecido Henning Mankell (la saga del inspector Wallander) y un chino, Qui Xiaolong, con sus obras sobre el inspector de policía Chen Cao.  En Muerte de una heroína roja se conoce al culpable casi desde el comienzo de la obra, pero la dificultad de Chen Cao es lograr que el Partido Comunista le permita atraparlo. Así, sin entrar demasiado en la trama diré que el problema del policía chino es luchar contra el gobierno, que no quiere que la aparición del asesino de una condecorada trabajadora, alguien cercano a los círculos de poder, manche el honor del partido. Debe entonces elegir entre cumplir con su vocación de policía o aceptar la presión y dejar libre al asesino.  En este período de menor crecimiento (y, sin duda, ahondando ese problema) hoy en el Perú muchos empresarios parecen encontrarse en la posición de Chen Cao. Los gerentes de esas empresas que no construyen nuevas casas porque los municipios les niegan los permisos necesarios, de las constructoras que tienen las concesiones pero no empiezan a hacer las carreteras porque los gobiernos regionales se demoran en terminar los estudios, y de las mineras que tienen años esperando para comenzar con sus proyectos porque el gobierno no hace respetar los acuerdos sociales, saben lo que deben hacer y quieren actuar de la manera correcta, pero no invierten porque el sistema les pone trabas. Igual que al inspector Chen.  La novela sería muy aburrida si nuestro héroe simplemente aceptara lo impuesto por los dirigentes comunistas y cerrara el caso sin atrapar al culpable. Pero Chen es consciente de que si se pliega al deseo del poder quedará marcado como mal policía (pues no atrapó al asesino), y además habrá traicionado sus ideales de justicia. Por eso, dentro de las grandes limitaciones que le ponen, el inspector se las ingenia para forzar al sistema a aceptar que el causante de la muerte reciba el castigo que merece.  Felizmente hay gerentes de empresas que invierten en el Perú que piensan y actúan hoy de manera parecida al inspector chino. En lugar de paralizarse quejándose del gobierno, intentan a toda costa llevar adelante sus proyectos. Intentan convencer a las comunidades de lo positivo de estos, buscan aliados en los buenos funcionarios del gobierno y juntan esfuerzos con empresas con los mismos objetivos. Saben que su tarea es ejecutar sus proyectos y que si no hacen el máximo esfuerzo, por más problemas que puedan señalar que encontraron en el camino, su reputación gerencial quedará en entredicho. Y saben que sólo así tendrán más probabilidades de éxito. Como le ocurrió a Chen.  Un último punto, al resolver el caso, Chen Cao es ascendido de rango y felicitado por los mismos dirigentes que le pusieron trabas. Los gerentes no deben esperar tanto. Esa parte solo sucede en la ficción.","elcomercio","12/10/2015"
"Pan con pan no pega","Esta frase proverbial no se consigna en la última edición del Diccionario de la Academia (2014), sin embargo, ya aparece en el académico Diccionario de americanismos (2010) como uso del Perú y Nicaragua. Se aplica a personas o cosas que no son compatibles en relación con un criterio determinado: parentesco, nacionalidad, igualdad social o económica, etc. Ejemplo: Los primos no llegaron a casarse porque pan con pan no pega.","elcomercio","12/10/2015"
"Es cuestión de tiempo para ver una amplia adopción de big data","Es cuestión de tiempo para ver una amplia adopción de big data ne repetiéndose hace tiempo y se refiere a la capacidad de procesar y entender una enorme cantidad de información de manera rápida y eficiente. Ese es el gran desafío para las empresas. Siempre hubo mucha información, pero la velocidad para analizarla era tan baja que no valía la pena, porque, cuando tenías la respuesta, la pregunta ya había cambiado. En cambio ahora, gracias a la tecnología, tenemos la capacidad de analizar en segundos lo que antes nos tomaba días. Para analizar dicha información debes empezar por identificar qué problemas o retos tiene tu organización y cuáles de ellos pueden resolverse con el uso de big data. Para ello necesitas las habilidades, los procesos, los cambios culturales y el cambio de la infraestructura tecnológica. Pero no se trata solo de tener la tecnología, se debe saber cómo usarla.  Existe un trabajo de marketing detrás de todo, que planea decirte qué es lo que quieres y qué es lo que necesitas.  Cuando tú le dices a empresas como Google, Facebook o Twitter: sí, acepto los términos; les estás dando permiso a que hagan lo que quieran con tu información.  Ricardo Hinojos Lizarraga  El término big data está relacionado con los sistemas que manipulan grandes cantidades de datos. Aiman Zeid es un experto en analizar esta información que puede ayudar a vender más, predecir el clima o incluso advertir sobre atentados terroristas.  Aiman Zeid, considerado un guru en la analítica del big data, visit el Perú para presentar el nuevo servicio de consultoría que su empresa ofrece en el país. El tema de big data es muy importante, las organizaciones necesitan nuevas fuentes, nuevos talentos, nuevos procesos, una nueva manera de realizar la toma de decisiones y una nueva cultura, nos explica.  — ¿Cómo le explicamos a alguien que no está familiarizado con el tema, sobre qué es big data?   Big data es una tendencia que viene repitiéndose hace tiempo y se refiere a la capacidad de procesar y entender una enorme cantidad de información de manera rápida y eficiente. Ese es el gran desafío para las empresas. Siempre hubo mucha información, pero la velocidad para analizarla era tan baja que no valía la pena, porque, cuando tenías la respuesta, la pregunta ya había cambiado. En cambio ahora, gracias a la tecnología, tenemos la capacidad de analizar en segundos lo que antes nos tomaba días. Para analizar dicha información debes empezar por identificar qué problemas o retos tiene tu organización y cuáles de ellos pueden resolverse con el uso de big data. Para ello necesitas las habilidades, los procesos, los cambios culturales y el cambio de la infraestructura tecnológica. Pero no se trata solo de tener la tecnología, se debe saber cómo usarla.  — ¿Cómo se realiza el procesamiento de esta información?  El procesamiento lo hace la tecnología disponible y el resultado lo tiene que interpretar una persona o un equipo de gente. Ahora, hay un","elcomercio","12/10/2015"
"Los desaciertos del presidente Ollanta Humala","Constitucionalista Enrique Bernales Ballasteros Rincón del autor Rolando Arellano C. Presidente de Arellano Marketing y profesor de Centrum Católica  a mi regreso de un reciente viaje a España, donde me situé en Barcelona para seguir de cerca el tema del independentismo de un sector catalán, pensaba escribir largo sobre este asunto.  Sin embargo, tras dos semanas de ausencia, encuentro que ninguno de los problemas que dejé han entrado en un cauce de solución. Muchos de ellos se han agravado y aumentado porque nuevos escenarios de conflicto y más crisis institucionales se han sumado. A veces pienso que la situación del país se parece a esas pesadillas en las que una poderosa espiral te envuelve y te jala hacia el fondo. Un fondo terrorífico que nunca acaba.  Veo con tristeza la situación de riesgo planteada en Las Bambas, donde reclamos de los lugareños por modificaciones inconsultas en la ejecución del proyecto, por la nueva empresa que se ha hecho cargo de ese emporio, han alterado la paz social y puesto en peligro el acceso productivo a esa inmensa riqueza. Creía que por fin había mejoras en la respuesta del gobierno a la inseguridad ciudadana que afecta a la población, pero veo con horror que las bandas delincuenciales aumentan sus actividades criminales en cualquier parte del país.  Pensé, iluso, que finalmente el Congreso daría un paso positivo en pro de una reforma electoral que para el gobierno del 2016 signifique el inicio de una recuperación de la institucionalidad democrática, en un contexto de fortalecimiento de los partidos políticos. Lamentablemente, las reformas son insignificantes y nos advierten que el quinquenio que se viene puede ser una repetición de la inestabilidad política y de la creciente ingobernabilidad del país.  Y aterrizo en esto último, porque creyente de la necesidad de los partidos políticos, veo con pesar el proceso de autodestrucción que reduce cada día más el espacio político y la representación del Partido Nacionalista.  Creo que el principal error del presidente Ollanta Humala sucedió del 2006 al 2011. Es decir, cuando se preparaba para gobernar el país. Su primera y más importante tarea debió ser organizar partido, hacerlo programático y con cuadros altamente preparados y con capacidad para acompañarlo en un gobierno de partido.  No lo hizo, prefirió las alianzas electorales efímeras, el pacto iluso con quien traiga votos. Las consecuencias las sufre hoy su gobierno y todo el país. De 47 representantes elegidos apenas le quedan 29. Algunos se fueron por descontento y decepción, otros porque sufrieron manifestada intolerancia partidaria, fruto de una mal entendida lealtad al presidente y a su esposa.  Flaco servicio ha sido para ambos la separación de Omar Chehade, cuya conducta ha sido la de un amigo consecuente y no obsecuente. La de una persona de buen consejo, la del abogado inteligente y del político capaz de tender puentes de diálogo con los demás sectores políticos del país. Perder a este cuadro, como más temprano a quienes hoy son el grupo Dignidad y Democracia, a Jaime Delgado, a Sergio Tejada y apenas al inicio del gobierno a los elegidos por la izquierda, muestra que el presidente Humala no entendió nunca qué es un gobierno de partido y cómo hacer del diálogo, la tolerancia y los consensos los instrumentos del buen gobierno.  Tiene que haber sido difícil para Humala gobernar sin partido, con una hoja de ruta ajena y con técnicos prestados, varios de ellos hábiles y bien preparados, pero con los que él no tenía ninguna relación. Por cierto, tuvo en los primeros años de su gobierno la ayuda invaluable de su esposa, pero es imposible cerrar los ojos y no admitir que con el correr de los meses la ayuda comenzó a convertirse en poder propio, con su costo grave de sospechas, suspicacias y rechazo popular. Una lástima porque en el corto plazo el nacionalismo ha perdido su principal cuadro político. Sin duda, se recuperará, pero debe saber desde ahora, como dice Marcel Proust, que es muy difícil recobrar el tiempo perdido.","elcomercio","12/10/2015"
"El reto central de hoy","Richard Webb Director del Instituto del Perú de la USMP  Cuando la economía mundial tambalea, cuando gobiernos y bancos centrales de países ricos y pobres debaten cómo salir de la recesión y evitar un nuevo descalabro financiero, ¿cuál tendrá que ser el reto central para una conferencia que reúne a los 188 países socios del Fondo Monetario Internacional (FMI)? Recordemos que es una institución creada para lograr la estabilidad cambiaria y monetaria en el mundo y que si bien sus esfuerzos han tenido un éxito limitado, hasta decepcionante, siempre se han concentrado estrictamente en su mandato original.  Sorprende entonces que tres meses antes de la reunión anual esta institución publicara un informe anunciando que la creciente desigualdad de los ingresos es el reto central de estos tiempos. Son las primeras palabras de un reporte sobre la desigualdad, pero el informe no se queda en una declaración de principios, sino que sustenta el argumento con un impresionante trabajo estadístico que analiza la experiencia de 159 países durante 32 años.  Nunca antes el FMI se hubiera ocupado de la desigualdad de los ingresos, pese a que ese mal ha sido una faceta constante y visible de la escena mundial, especialmente los países menos desarrollados. Más aún, desde hace varias décadas la desigualdad es un tema importante para el Banco Mundial, la institución hermana del FMI y ubicada frente a frente en la misma cuadra en Washington, con el que el FMI mantiene una estrecha colaboración.  Difícil entonces no hacerse la pregunta de si el descubrimiento tardío anunciado por el FMI no se debe a que es solo en los últimos años que la desigualdad se agrava visiblemente en varios países ricos, volviéndose un tema de debate político. El peso del Primer Mundo en esa agenda fue evidente también en la novedosa presencia de temas como la igualdad de género, los derechos de los indígenas, la protección del medio ambiente, el empleo de los jóvenes y la pobreza extrema.","elcomercio","12/10/2015"
"BUENOS CARTELES, PERO UNA GRAN OMISIÓN","No es posible elegir un solo cartel Brillar por su ausencia una celebración relevante del cuarto de  milenio de Acho. Es censurable la falta de interés e imaginación de la Sociedad de Beneficencia de Lima (SBLM), propietaria de Acho, presidida por Martín Bustamante, hombre de confianza del alcalde Luis Castaeda –primer responsable de que no se vaya a conmemorar como es debido semejante aniversario–, como si Acho no estuviese en Lima; la desidia de la Municipalidad del Rímac, con un alcalde, Enrique Palacios, al que le queda grande tener en su distrito un monumento vivo de la categoría y dimensión de Acho; y la corta visión de Citotusa, empresa que regenta la plaza, que al menos pudo organizar una corrida goyesca y de lujo dentro de la feria, para celebrar el cuarto de milenio a la usanza de cómo vestían los toreros cuando Acho se inauguró en 1766. Citotusa se salva –parcialmente al menos– de la omisión de organizar una feria del cuarto de milenio (o miniferia, siquiera) en enero del 2016, al haber anunciado para esta Feria del Señor de los Milagros unos carteles que –sobre el papel– son los mejores de los últimos doce o catorce años. Tanto así que a la reiterada consulta de aficionados eventuales, de esos que solo van a una corrida de la feria, que preguntan: “Dime, si solo fuera a una corrida, ¿cuál debería elegir?”, la única respuesta que cabe es: “A las cinco y a la novillada también, no hay forma de elegir solo una; más aún, no hay cómo decir que alguna no será muy interesante.” Ponce reaparecerá tras dos meses recuperándose de la rotura de los abductores que sufrió en la alternativa de Roca Rey. Encabeza el cartel de la feria por sus 26 temporadas en activo que parecen no haber dejado huella en él. Roca Rey, tras su triunfal alternativa, su éxito en Logroño cortando dos orejas ante Morante y El Juli, y varias corridas en México, es –sin duda– el diestro más esperado por la afición limeña. Decidible, a diestro maduro que torea con gusto. Perera reaparecerá en Lima, tras una espantosa cornada en el vientre, valiente que a veces torea con arte. Este año, en España, López Simón ha sido una revelación: tres salidas en hombros de Madrid, dos de ellas con una cornada encima. Hace cinco meses sugerimos –tras la impresión de su primer triunfo en Ventas, el 2 de mayo– que debía venir a Lima. Cuarta corrida El 22, los de La Quinta (encaste Santa Coloma) para Diego Urdiales, Juan Carlos Cubas y Daniel Luque. Son astados que suelen tener complicaciones y más matices de bravura que los de Parlad. De poco volumen y menos cara (cornamenta), pero exigentes. Su lidia, en consecuencia, será diferente y quizás más interesante. Urdiales, con 40 años, ostenta una madurez que refleja la pureza de su toreo. Cubas retorna a Acho, su plaza, después de varios años; deber triunfar a como dé lugar. Interesante ver a Luque, fino torero (escapulario del 2012), con los santacolomas. La novillada El sábado 28, Joaquín Galdós matará en solitario seis novillos de Santa Rosa. Serio compromiso que le exigirá mucha variedad con el capote, resistencia física, frescura para desarrollar faenas de muleta variadas e, inclusive, quizá banderillear. Él solo deberá mantener el interés de los aficionados a lo largo de toda la tarde. Gran oportunidad para comprobar sus progresos, tras quedar segundo en el escalafón, en España y Francia, con 34 novilladas y 43 orejas. Quinta corrida El 29, Enrique Ponce y Andrés Roca Rey, su ahijado de alternativa.","elcomercio","12/10/2015"
"EDITORIAL","Errores voluntarios Un imposible conceptual convertido en la coartada política del momento. Si la admisión de culpas es para cualquier ciudadano de a pie un trance doloroso, para los políticos en campaña resulta simplemente un suplicio sin nombre. Esto, porque una reflexión elemental le sugiere al votante medio que no le conviene respaldar para un cargo de elección popular a quien ya hizo un mal uso del mismo. Cuando esas culpas y responsabilidades están a la vista y registradas en la historia, sin embargo, los políticos se ven obligados a darle alguna cabida al ingrato ejercicio, pues ignorarlo los haría lucir como unos caraduras dispuestos a repetir sus faltas o atropellos no bien alcanzaran nuevamente la posición de poder a la que aspiran. El dilema para ellos, entonces, consiste en cómo reconocer tales pecados sin quedar completamente pringados por ellos. Pues bien, la más frecuente de las soluciones que los candidatos le han encontrado a este problema es darles a esos viejos lamparones en el récord político personal o de la organización que representan un nombre tolerable y susceptible de merecer comprensión y excusas. A saber, el nombre de ‘error’. Errar, después de todo, es humano; y nadie en su sano juicio puede pretender que los gobernantes escapen a ese destino. En esa línea, “errores” es lo que dice haber cometido Alan García cuando causó una descomunal hiperinflación o trató de estatizar la banca en su primer paso por el poder, y “errores” es lo que Keiko Fujimori considera que “se cometieron” –ntense el sugestivo uso del impersonal– durante el gobierno de su padre. Es verdad que, en el caso de la líder de Fuerza Popular, ha existido también la admisión de que se produjeron delitos durante la década de 1990. Pero en ningún momento ha hecho ella el discernimiento fino de cuáles serían a su juicio los errores y cuáles los delitos, ni ha aclarado tampoco quién habría sido específicamente el autor de unos y otros. Los errores, no obstante, presentan una característica que no se ajusta a ninguno de los hechos reprobables producidos durante las referidas administraciones: tienen que ser la consecuencia indeseada de una determinada acción, y no un acto conscientemente perjudicial o contrario a un determinado orden que se admite como adecuado. Quien comete un error cree que está obrando bien, pero es traicionado por la falta de conocimiento o por una falla en el razonamiento que preside su proceder. Comete un error quien suma 7 + 8 y ofrece como resultado 14, o quien postula que la capital de Ecuador es Guayaquil, íntimamente convencido de que está en lo cierto. Pero no quien, por ejemplo, sabe que la palabra ‘democracia’ se escribe con ‘c’ y deliberadamente la escribe con ‘z’. En el momento en que hay voluntad de por medio, el hecho negativo a calificar deja de ser un error para convertirse en puro y simple dolo. Es un error incrementar e incrementar la masa monetaria de un país mientras su riqueza no crece, a sabiendas de que ello alimentará una inflación ya desbordada? Lo es intentar estatizar el sistema financiero como una supuesta represalia contra un sector empresarial que no invirtió en la economía local como un presidente habría querido? Son errores disolver el Congreso e intervenir el Poder Judicial y el Ministerio Público inconstitucionalmente? Lo serán quizás impulsar una ley de “interpretación auténtica” para forzar una ilegítima re-reelección y descabezar a los magistrados del Tribunal Constitucional que la objeten? Merece acaso esa calificación el retiro ilegal de la nacionalidad a un empresario de televisión naturalizado peruano para dejar su canal en manos de unos socios más amables con el régimen de turno? Difícilmente, porque en todos y cada uno de esos actos hubo de parte de quien gobernaba –Alan García o Alberto Fujimori– perfecta conciencia del daño que se estaba causando a la economía, a la institucionalidad del país o a las víctimas de las medidas arbitrarias. Que no vengan, entonces, a llamar ahora a esos atropellos y calamidades con eufemismos que pretenden diluir las responsabilidades y las culpas. Si los postulantes que representan a esas fuerzas políticas aspiran a recibir la confianza ciudadana, harían bien en empezar a llamar a las cosas por su nombre.","elcomercio","12/10/2015"
"COMO SON","Que no vengan, entonces, a llamar ahora a esos atropellos y calamidades con eufemismos que pretenden diluir las responsabilidades.","elcomercio","12/10/2015"
"Gobierno de Puerto Rico","La crisis de deuda pública ha provocado que Puerto Rico busque diversificar sus mercados. giSELLA LPEz LEnCi el viceministro de Desarrollo Econ- mico de Puerto Rico empieza la conversación contando su viaje a Lima de julio pasado y su proyecto de regresar en noviembre con una misión comercial para afianzar los lazos comerciales. La crisis de deuda pública de Puerto Rico ha obligado a la isla a diversificar su economía y buscar nuevos mercados, y Latinoamérica parece ser el socio ideal. — Puerto Rico quiere acercarse más a América Latina? Así es. Tradicionalmente, Puerto Rico ha mirado más hacia el norte por nuestra relación con Estados Unidos como estado libre asociado, y se nos olvidó mirar hacia el sur y esa es parte de la estrategia que tenemos. En noviembre del año pasado abrimos una oficina comercial en el Perú y tenemos otra en Colombia, que se unen a las de Panamá, República Dominicana y España. La idea es usar nuestras raíces hispanas y el conocimiento del mercado norteamericano para posicionar a Puerto Rico como el puente natural de entrada de Latinoamérica hacia EE.UU. Dominamos el lenguaje de negocios norteamericano, pero a la vez sentimos y vivimos como latinos. — ¿Por qué antes no hubo esta estrategia? ¿Por qué una mirada tan tardía? Son varias razones. Puerto Rico ha estado en recesión en los últimos diez años, y ahora mismo estamos en medio de una situación fiscal crítica, por lo que se está trabajando para lograr estabilidad y a la vez lograr un desarrollo económico sostenible. Parte de nuestra estrategia de desarrollo económico es diversificar nuestra economía, por eso buscamos integrarnos más con Latinoamérica. — Siempre se dice que los momentos de crisis son momentos de oportunidades... Claro, definitivamente. La recesión nos ha abierto los ojos a la necesidad de mirar otros mercados, como el latinoamericano, y en todos los sectores. Queremos que los países latinoamericanos vean a Puerto Rico como un ‘hub’, para desde la isla hacer negocios y también servir a otros mercados. — ¿Qué sectores está promoviendo Puerto Rico? Puerto Rico tiene una gran concentración de empresas en el sector farmacéutico y de dispositivos médicos. De la misma manera, tenemos mucha oportunidad para el sector turístico. El turismo en Puerto Rico era sobre todo estadounidense, pero ahora tenemos un plan agresivo para aumentar los vuelos directos hacia la isla, cosa que nos ayuda no solo con el turismo sino con la promoción de Puerto Rico como destino de inversión. Se han abierto rutas nuevas en Panamá y Colombia, y estamos trabajando para tener conexión directa con Lima. — Para poder visitar Puerto Rico los peruanos necesitamos visa estadounidense. ¿No cree que ese es un factor que hace que el turismo desde Latinoamérica no sea tan fuerte? Definitivamente es un factor. Pero últimamente hemos tenido un incremento importante de pasajeros desde Latinoamérica gracias al nuevo acceso aéreo. Por ejemplo, los vuelos desde Bogot se han incrementado a siete vuelos semanales. — El sector empresarial puertorriqueño tiene interés de invertir en el Perú? Por supuesto. Estuvimos en una misión comercial hace tres meses con representantes de 15 empresas locales que ya están haciendo negocios en el Perú, principalmente en los sectores de construcción, servicios tecnológicos y salud. — Puerto Rico sigue lidiando con su inmensa deuda pública. ¿Han recibido algún apoyo desde Washington, dado que ustedes son un estado asociado a EE.UU.? Lo que se contempla en el plan de ajuste fiscal son una serie de medidas en las que vamos a necesitar ayuda del gobierno federal, pero hasta el momento los esfuerzos han sido nuestros, locales. Estamos trabajando fuertemente para lograr una aprobación por parte del Congreso de EE.UU. de una ley que nos permitiera acceder al mecanismo de quiebra para el gobierno y las corporaciones públicas. Esta es una medida de equidad que nos permitiría acelerar los procesos de negociación con los acreedores. — En este proceso de deuda pública, se han sentido abandonados por el Gobierno de Estados Unidos? Entendemos que puede haber un mayor apoyo por parte del gobierno de Estados Unidos.","elcomercio","12/10/2015"
"Planeta Tierra","La reciente firma del Acuerdo Transpacífico ha causado alarma en muchos círculos relacionados con la salud. La preocupación es que, debido a este nuevo convenio, los precios de las medicinas empiecen a aumentar. Analicemos el tema para determinar qué tan cierto es este temor.  Los medicamentos biológicos en los albores de la medicina, los primeros medicamentos fueron preparados de hojas, raíces y cortezas de plantas. A partir del siglo XIX, se empezaron a descubrir decenas de sustancias químicas llamadas medicamentos químicos o moléculas pequeñas, las cuales eran fáciles de manipular, modificar y fabricar.   El siglo XX fue pleno en el descubrimiento de medicinas químicas, entre ellas fármacos para enfermedades del corazón, para disminuir el colesterol y la quimioterapia y para tratar la disfunción eréctil, así como las aspirinas, analgésicos, algunos antibióticos, antídotos, etc.  Pero en los últimos años se ha desarrollado un nuevo tipo de medicamento, el cual no es una sustancia química simple que se fabrica en un laboratorio, sino un producto celular complejo obtenido luego de programar una célula para que fabrique lo que se le ordena. Esos son los medicamentos biológicos, que se definen como productos derivados de un organismo vivo que se usan en el diagnóstico, prevención o tratamiento de una enfermedad. Algunos ejemplos son vacunas, proteínas recombinantes, factores de crecimiento, anticuerpos monoclonales, etc. Estos fármacos modernos son el futuro de la medicina y son muy útiles en el tratamiento de enfermedades crónicas, como cáncer, diabetes, enfermedades del corazón y autoinmunes, entre otros males.  Aparte de diferencias químicas (una molécula de medicamento químico tiene 21 átomos en promedio, una biológica tiene 20.000) y de producción, la gran diferencia entre estos dos grupos es su precio. Un medicamento químico cuesta algunos centavos o unos pocos soles, mientras que el precio del fármaco biológico está siempre en los miles de soles por dosis. Cada pastilla de sildenafil (Viagra) o de atorvastatin (Lipitor), por ejemplo, puede costar un par de soles (aunque su verdadero precio sea menos de un sol), mientras que un medicamento biológico como el trastuzumab (Herceptin), que se usa en ciertos tipos de cáncer de seno, cuesta S/.5.420,40 por ampolla, de la cual se necesitan 20 a 30 dosis por tratamiento. Eso hace que cada paciente necesite entre S/.108.408 y S/.162.612 para ser tratado. No es necesario hacer mucho esfuerzo para darse cuenta de que en los productos biológicos está el futuro del negocio de las medicinas.  Eso se hace más evidente cuando nos damos cuenta de que, debido a que en los últimos 100 años el ser humano casi ha duplicado su expectativa de vida (ha pasado de 41 años en 1900 a casi 80 años en la actualidad), los males crónicos constituyen ahora las principales causas de enfermedad y muerte en todo el mundo. Y para ser tratados se van a necesitar muchos medicamentos biológicos.  Los genéricos y los biológicos Cada vez que un laboratorio descubre una medicina, su comercialización exclusiva está protegida por 20 años, ese es el período de protección de la patente (que también la tienen los productos biológicos) y durante el cual ningún otro laboratorio puede fabricar ese fármaco. Apenas vencido el período de protección de la patente, muchos laboratorios, que saben exactamente la fórmula del medicamento y cómo fabricarlo, empiezan a producirlo. Esto hace que el precio de la medicina original disminuya de 10 a 20 veces. Ese es el medicamento genérico, el cual, si pasa los debidos controles de calidad, es idéntico al original. En Estados Unidos, 70% de los fármacos que se usan son genéricos. Dicho esto, y considerando el enorme precio de los biológicos, la gran pregunta es si se podrían hacer medicamentos biológicos genéricos para bajar su precio. La respuesta es no. A diferencia de los químicos –que son moléculas pequeñas de las cuales se pueden hacer copias exactas–, los biológicos son complejos, por lo que no es posible reproducirlos de manera exacta.  Sin embargo, siguiendo técnicas parecidas, se pueden lograr productos muy similares al medicamento biológico original, por lo que se llaman precisamente medicamentos biológicos similares. Estos, aunque siguen siendo caros, son mucho más baratos que los originales.  Aquí es donde empieza todo el alboroto con el Tratado Transpacífico (TPP, por sus siglas en inglés).  Datos de prueba Una vez descubierto un medicamento biológico, es muy importante demostrar que funciona, lo cual se prueba en elaborados ensayos clínicos en animales y seres humanos. Esta clase de experimentos originan datos muy valiosos acerca de la dosis adecuada, la eficacia, la tolerancia y los efectos secundarios del medicamento.","elcomercio","12/10/2015"
"ANÁLISIS. En los próximos días, el IMARPE dará a conocer si se abre una segunda temporada de pesca.","La SNP ha demandado al Imarpe un segundo estudio [de biomasa], pero nuevos estudios no van a traer más anchovetas.  Las empresas. Ahora tienen en cuenta que El Niño no es una cosa ajena a nuestra actividad. Tiene que estar incluido en la lógica del negocio.  Deben virar a otro tipo de pesca durante el fenómeno?  Muchas de las empresas pesqueras harineras que ahora existen también tienen líneas marisol regis / ARCHIVO  NICHO RECURSO  La harina de pescado solo puede producirse con anchoveta. Otra especie de nuestro litoral no tendrá la población suficiente para proveer a esta industria.  CONDICIONES  Sueiro asegura que Ecuador sufrirá un impacto similar al Perú en El Niño. Indicó que es falso que la anchoveta migre a Chile. Ese país también se ver afectado, dijo.  Las conchas de abanico también están en riesgo por el clima.","elcomercio","12/10/2015"
"EL PERFIL  Juan Carlos Sueiro Profesión: Economista Cargo: Director de Pesqueras de la ONG Oceana TRAJECTORIA  Ha sido consultor de la FAO, Banco Mundial, Unión Europea, PCM y del Viceministerio de Pesquería.","68 empresas forman parte de la Sociedad Nacional de Pesquería (SNP). Los principales grupos económicos son Austral Group, CFG Investment S.A.C., Pesquera Hayduk S.A., Centinela, Diamante y TASA.  de congelados y conservas. Esa puede ser una oportunidad, con las especies que puedan ser más abundantes, de poder generar nuevos productos.  ¿La reducción de la producción de harina y aceite de pescado traer consigo desempleo? ¿Qué se puede hacer para paliar esta situación?  Hay 30 mil personas involucradas en la flota [de pesca de anchoveta] y en tierra que viven de esta actividad. En la pesca, los sueldos no son fijos, a excepción del personal administrativo. Se debería gestionar una norma que permita la disposición de una parte considerable de la CTS de los pescadores industriales para que puedan enfrentar situaciones complicadas durante El Niño.  ¿Qué pasar con la maricultura durante el evento climático?  Existe el riesgo de que se presenten mareas rojas [fenómeno caracterizado por el aumento de la concentración de componentes del plancton] y se afecte la producción de conchas de abanico, especialmente en la bahía de Sechura, donde se produce más del 70% del recurso.  RECLAMO  La Asociación Nacional de Armadores Pesqueros Industriales de la Ley 26920 cuestiona la metodología del Imarpe para determinar la biomasa de anchoveta y exige un nuevo estudio. hoy y mañana  Para apoyar el reclamo, pescadores de Sechura acatarán un paro hoy y mañana. Sus directivos se reunirán con el Imarpe y Produce.","elcomercio","12/10/2015"
"Regiones Reubican a 71 internos que dirigieron un motín en la cárcel de Chiclayo","Presos por robo incitaron a quemar colchones la madrugada del sábado. Pasarán a régimen de máxima seguridad.  A siete penales de Lima, del norte y el sur del país fueron enviados 71 internos del penal Picsi (Chiclayo), sindicados como los responsables de incitar a la revuelta que causó un incendio y la muerte de dos reclusos la madrugada del sábado pasado. El traslado se concretó ayer. Entre las medidas disciplinarias adoptadas para frenar otro motín, figura hacer que los 71 reos pasen del régimen común –por delitos como robo agravado– al de máxima seguridad.  Del grupo, 32 presos serán llevados a los penales de la macroregión norte y 39 están en camino a Lima, donde se decidirá su internamiento en cárceles de máxima seguridad de la ciudad o del sur, dijo Julio Magñ Zeballos, jefe del Instituto Nacional Penitenciario (INPE).  Según Magñ, el control del penal se encuentra restablecido, por lo que se permitió la visita de familiares a los 3.240 internos que permanecen all.  En declaraciones a El Comercio, Magñ consideró que no se puede hablar de una crisis penitenciaria, pues el problema en la cárcel chiclayana no ocurrió por un cuestionamiento a la autoridad, sino por el enfrentamiento entre dos internos con rencillas personales.  No obstante, el funcionario se comprometió a esperar el informe de la Primera Fiscalía Provincial Penal Corporativa de Chiclayo y el de la Defensora del Pueblo, a fin de conocer los motivos que llevaron a los internos a subir a los techos para quemar colchones.  Al respecto, Julio Hidalgo Reyes, representante de la Defensora del Pueblo de Lambayeque, reveló que delegados de los reos le aseguraron que la protesta se debió a presuntos abusos de los agentes de seguridad, así como a restricciones en las visitas y al hacinamiento que aqueja al penal de Picsi.  Los penales del norte han sido declarados en emergencia por el exceso de población. Los reclusorios de la macroregión fueron construidos para albergar a 5.000 presos, pero tienen a más de 13.300 cada uno, explicó Hidalgo.  Consultado por este Diario, Henry Cotos Ochoa, jefe del INPE Norte, admitió que el hacinamiento compromete la seguridad interna de los penales. Sin embargo, manifestó que se están tomando precauciones para frenar cualquier otra revuelta.  En tanto, voceros de los hospitales Las Mercedes y el Regional de Lambayeque, donde permanecen siete de los más de 40 internos heridos por el incendio, precisaron que dos serán llevados a Lima. Esto debido a que presentan complicaciones en su salud, debido a quemaduras en más del 70% de sus cuerpos.  El resto se recupera favorablemente de impactos de balas de goma y de la asfixia, dijeron.","elcomercio","12/10/2015"
"Puntos ciegos en Aucallama","Mientras la atención del INPE estaba volcada a Chiclayo, una denuncia del programa periodístico Reporte Semanal cuestionó la cobertura del sistema de bloqueadores de celulares inaugurado hace menos de una semana en el penal de Aucallama.  Según la denuncia, la señal de telefonía está disponible en algunos pasajes del segundo piso del pabellón 5, en el citado recinto. Las imágenes muestran a los internos apostados muy cerca de las ventanas, conversando vía celulares.  Tito Fernández, gerente de Prisontec, concesionaria a cargo de los bloqueadores, aseveró que el sistema registra puntos ciegos, es decir, vacíos donde sí hay señal inalámbrica, debido a una variación de la potencia de las antenas de los operadores de telefonía, cercanas al centro penitenciario. Vamos a coordinar con los operadores para solucionar los problemas, agregó.  Antonio Cruz, experto en telecomunicaciones, dijo que sin buena calibración los bloqueadores de celulares son inútiles.  Esta no es la primera vez que los sistemas de bloqueadores presentan fallas. A mediados de julio del 2014, la descoordinación con los operadores de telefonía propició puntos ciegos en el penal El Milagro. Prisontec, que asumió el sistema en octubre pasado, aseveró que recalibrando los bloqueadores se llegará a una solución terminal.  Consultado sobre el acceso de los reos a equipos celulares, prohibidos en un penal, el jefe del INPE, Julio Magñ, dijo que su personal seguirá haciendo requisas periódicas para decomisarlos.","elcomercio","12/10/2015"
"se busca. El pequeño Juan Pablo fue visto por última vez con la mujer retratada, quien fingía ser médica.","Investigan el entorno de los progenitores del bebé desaparecido  Fiscala sospecha de un intento de venganza contra Virgilio Cullar y Rosa Casquina, quienes perdieron a su cuarto hijo hace 10 días.  Arequipa. Los investigadores a cargo de encontrar a un recién nacido que fue secuestrado por una falsa enfermera hace 10 días no descartan que personas allegadas a los padres estén detrás de la desaparición.  Fuentes del despacho de la fiscal a cargo del caso, Katherine Salazar-Calderón Samalvides, afirmaron que se sospecha del entorno de Rosa Casquina y Virgilio Cullar. Ambos, separados desde antes de que naciera el pequeño Juan Pablo, serán sometidos a exámenes antropológicos y psicológicos para recabar más información. La actual pareja de Cullar también será parte de la investigación.  Según denunció Rosa Casquina, una desconocida con bata blanca la abordó el 1 de octubre pasado ni bien dio a luz a su hijo en la posta médica del distrito de Mariano Melgar. La mujer le preguntó cuántos niños tenía y tras escuchar que se trataba del cuarto menor en la familia le sugirió que lo diera en adopción.  Con los registros de las cámaras de seguridad y los testimonios elaboramos un identikit. La sospechosa [de llevarse al bebé] tiene entre 35 y 40 años, cara ancha, tez clara, pelo castaño y un mechón en la frente. Además, tiene el abdomen ancho, las piernas delgadas y una dificultad para caminar, precisaron las fuentes de la fiscal.  Otra hipótesis que manejan los peritos es la venganza. Al parecer, los autores intelectuales buscarían hacerle daño a los padres, Casquina y Cullar.  Mientras las indagaciones continúan, la fiscal Salazar-Calderón dijo que en este caso se aplica el delito del secuestro agravado. As, de acuerdo con el Código Penal vigente, la responsable de raptar al pequeño puede ser condenada hasta con cadena perpetua.  Pisándole los talones  Un testigo clave abordado por la fiscal en el centro de salud de Mariano Melgar, y cuyo nombre se mantiene en reserva, informó que la secuestradora es alguien que vive en el distrito, ya que ha sido vista en varias actividades desarrolladas por el personal médico en el barrio.  La policía confirmó que las imágenes de las cámaras de seguridad fueron enviadas a peritos de Lima a fin de que obtengan un retrato más detallado de la sospechosa.  Luego de que 20 trabajadores del hospital fueran interrogados, un encargado de limpieza reveló que Nila Ascensión Gamarra, vendedora de helados en la zona, conocería a la falsa enfermera. Dicha vendedora tendría vínculos cercanos con los padres del bebé y ya ha sido citada por las autoridades.","elcomercio","12/10/2015"
"Gobierno de Arequipa instala una mesa de desarrollo en Caylloma","Carlos Zanabria  Reunión. El encuentro entre el gobierno regional, la Municipalidad de Caylloma y las empresas privadas impulsará la inversión local.  Las autoridades buscan inversionistas privados para obras públicas, debido a recortes del presupuesto regional.  Arequipa. La gobernadora regional de Arequipa, Yamila Osorio Delgado, y el alcalde provincial de Caylloma, Rómulo Tinta, formaron la primera mesa de cooperación y desarrollo de dicha provincia para buscar recursos que permitan ejecutar proyectos estratégicos.  Se trata de una mesa de cooperación público-privada que permitirá presentar proyectos ante las empresas de la provincia, principalmente, las mineras. Estas empresas pueden facilitar el financiamiento de las obras necesarias para Caylloma.  El alcalde Rómulo Tinta explicó que su provincia no tiene los recursos para solventar, por ejemplo, la construcción de carreteras. Apelaron, por eso, a las mineras instaladas en la zona y estas pagaron el expediente técnico de la vía que une Vischachani, Sibayo y Caylloma.  Más información  Yamila Osorio informó que la provincia de Arequipa cuenta con un socio estratégico que es la empresa minera Cerro Verde.  Más aliados  La gobernadora añadió que hay otros grandes grupos económicos que serán invitados a esta mesa para cooperar con el desarrollo de la región.","elcomercio","12/10/2015"
"ARA CONSPIRAR CONTRA VENEZUELA","Para el actual coordinador de Provea, Rafael Uzcategui, la campaña de descalificación y criminalización que Cabello y otros altos funcionarios del Estado han lanzado contra Alvarado y demás activistas podría ser el motivo del secuestro y asalto del que fue víctima el primero; pero además lo incluye entre los 200 ataques y amenazas que han sufrido desde el 2012 quienes se dedican a defender los derechos humanos en Venezuela.  “No podemos descartar que lo ocurrido con Marino tenga motivos políticos, pero tampoco podemos afirmarlo. Lo que sí podemos decir es que el hecho de que el presidente del Parlamento diga constantemente en televisión que él recibe dólares para conspirar, lo ha podido marcar para la delincuencia”, afirm Uzcategui.  En junio pasado, el relator de la ONU para los defensores de derechos humanos, Michael Frost, instó al gobierno a “ponerle fin” a la campaña de Cabello contra los activistas, en particular contra aquellos que acuden ante cortes internacionales a denunciar abusos de las autoridades.  El afectado tampoco descartó que los señalamientos del legislador chavista hayan influido en lo que le pas. “Hay un discurso de odio y cualquier persona fanática te puede atacar pensando que está haciendo patria, porque está atacando a un traidor”.  Lo ocurrido la semana pasada forzó a una veintena de representantes de organizaciones a pronunciarse, no solo para exigir a las autoridades una investigación o para demandarles garantías para poder realizar su labor, sino para decirles a los funcionarios que aunque tienen temor, seguirán adelante. “De ninguna manera vamos a desistir de nuestra labor a favor de las víctimas”, zanjó el sacerdote Raúl Herrera del Centro de Derechos Humanos de la Universidad Central de Venezuela.","elcomercio","12/10/2015"
"IMPICADO EN CASO PETROBRAS PAG CUENTAS DEL HIJO DE LULA","Uno de los implicados en el caso de corrupción de la petrolera estatal brasileña Petrobras afirmó que pagó cuentas personales de uno de los hijos del ex presidente Luiz Inácio Lula da Silva, informó el diario O Globo.  El autor de los supuestos pagos es el empresario Fernando Bahiano, quien se ha acogido a un acuerdo de colaboración con la justicia y está acusado de ser intermediario en el pago de sobornos entre las empresas que prestaban servicios a Petrobras y los políticos que amparaban las corruptelas.  Según O Globo, Bahiano contó al juez que pagó gastos personales de Fábio Luís Lula da Silva, hijo mayor del ex presidente conocido como Lulinha, por casi dos millones de reales (US$530.000) con dinero procedente de la red de corrupción. El Tribunal Supremo ha autorizado a la Policía Federal a convocar a Lula para un interrogatorio en calidad de testigo y no como investigado.","elcomercio","12/10/2015"
"OPOSITOR SE ASILÓ EN EL PERÚ","Manuel Rosales será detenido si regresa a Venezuela como anunció que lo hará este jueves, advirtió la fiscal general Luisa Ortega. “Él tiene una orden de captura, si llega se le privará de libertad”, dijo.  La jefa del Ministerio Público sostuvo que a Rosales “se le garantizarán sus derechos”, pero enfatizó que “ser aprehendido inmediatamente llegue al país”. Tras su salida de Venezuela en abril del 2009, Rosales vivió en el Perú como asilado.","elcomercio","12/10/2015"
"SCIOLI LIDERA LAS ENCUESTAS PERO IRÁ A SEGUNDA VUELTA","El candidato oficialista argentino se enfrentará a Mauricio Macri.  A dos semanas de las elecciones presidenciales en Argentina, el escenario político está dominado por la incertidumbre: el candidato presidencial del oficialista Frente para la Victoria (FPV), Daniel Scioli, lidera las encuestas pero aún no se asegura un triunfo en primera vuelta.  El político kirchnerista encabeza los sondeos de todas las consultoras con un promedio de 37,1% y poco más del 40% de intención de voto, mientras que el candidato de la coalición opositora Cambiemos, Mauricio Macri, lo escolta con un intervalo de 26,2% y 30%.   El candidato del frente opositor UNA, el peronista disidente Sergio Massa, se ubica en tercer lugar con cifras que van del 20,1% al 23,5% de apoyo. Muy relegados aparecen los otros tres postulantes a la Casa Rosada: Margarita Stolbizer, del frente Progresista, entre 3,8% y 5%; Nicolás del Caño, del Frente de Izquierda y los Trabajadores, entre 3,3% y 4,5%; y Adolfo Rodríguez Saa, de Compromiso Federal, entre 1,9% y 3%.  Para ganar en primera vuelta el próximo 25 de octubre se necesitar obtener el 45% de los votos o el 40% adicional de una ventaja de 10 puntos porcentuales sobre su más cercano contendiente. En caso contrario, el 22 de noviembre deberá realizarse una segunda vuelta.","elcomercio","12/10/2015"
"INVESTIGACIÓN JUSTIFICA MUERTE DE NIÑO BALLEADO POR LA POLICÍA","Tamir Rice, de 12 años, llevaba una pistola de juguete.  Washington [agencias]. El agente de policía que disparó mortalmente a un niño de 12 años en Cleveland (Ohio) en noviembre pasado actuó de forma “razonable” porque creía que el arma de juguete que llevaba el menor era real, concluyeron dos investigaciones independientes.  Los dos informes, que fueron encargados por el fiscal que investiga el caso, examinaron lo ocurrido con Tamir E. Rice, quien muri por disparos del agente de policía Timothy Loehmann en un parque de Cleveland, donde jugaba con un arma de juguete que imitaba a una pistola semiautomática.  El día de los hechos, Loehmann acudi junto a su compañero Frank Garmback a un parque de Cleveland alertados por la llamada de un vecino, que aseguraba que un joven estaba apuntando a los transeúntes con lo que parecía un arma de fuego.  Según la policía de Cleveland, cuando llegaron al parque, los agentes pidieron a Rice que levantara las manos, pero él se las llevó a la cintura y sacó el arma de juguete, lo que hizo que Loehmann le disparara dos veces, una en el abdomen y otra en el pecho.  Basándose en un video que grabó la agresión, la familia alega que Rice fue disparado un segundo después de la llegada de los policías y que en ningún momento se le dio oportunidad de cumplir con las órdenes verbales que los agentes aseguran que dieron.  “Es evidente que la oficina del fiscal ha estado efectuando una investigación de 12 meses para evitar que se pidan responsabilidades”, dijo Subodh Chandra, abogado de la familia Rice.","elcomercio","12/10/2015"
"EL ÚLTIMO DICTADOR DE EUROPA VA POR SU QUINTO MANDATO","El bielorruso Alexander Lukashenko, en el poder desde 1994, obtuvo el 82% de votos.  Lukashenko montó la elección, montó a sus competidores y montó el porcentaje que recibiría”, dijo Vadim Venyarsky de 34 años.  Antes de la apertura de los locales de sufragio, la Comisión Electoral Central de esta otra república soviética anunció que en cinco días de votación anticipada se había recolectado el 36% de las papeletas de los siete millones de personas con derecho a voto. Los líderes de oposición denunciaron que las votaciones anticipadas eran un instrumento ideal para falsificar el resultado.  El hombre que gobierna Bielorrusia desde hace 21 años trazó una cruz en su papeleta electoral. Vot por él mismo y su hijo de 11 años depositó el sufragio en la urna. En ese momento, nadie dudaba de que Alexander Lukashenko, el hombre de 61 años que está en el poder desde 1994, gobernaría por otros cinco años más.  El líder se fijó una meta de 80% de votos. Para las seis de la tarde de ayer el resultado oficial estaba en 82%, aunque muchas urnas en la capital y los pueblos cercanos estuvieron casi vacías durante el día.  “El último dictador de Europa”, como muchos lo llaman, rechaza abiertamente la democracia y el pluralismo al modelo occidental. Sus tres competidores en esta contienda eran meros acompañantes y sin capacidad de hacerle sombra.  Al cerrar los centros de votación, un centenar de personas llegó al centro de Minsk, la capital, a una protesta convocada por la oposición para demostrar su inconformidad con el proceso. “El mismo Lukashenko montó la elección, montó a sus competidores y montó el porcentaje que recibiría”, dijo Vadim Venyarsky de 34 años.","elcomercio","12/10/2015"
"ENTREVISTA: SUBSECRETARIO DE DESARROLLO ECONÓMICO Y COMERCIO DE PUERTO RICO","“La recesión nos ha hecho mirar hacia Latinoamérica”.  La crisis de deuda pública ha provocado que Puerto Rico busque diversificar sus mercados.  GiSELLA LPEZ LENCI  El viceministro de Desarrollo Económico de Puerto Rico empieza la conversación contando su viaje a Lima de julio pasado y su proyecto de regresar en noviembre con una misión comercial para afianzar los lazos comerciales. La crisis de deuda pública de Puerto Rico ha obligado a la isla a diversificar su economía y buscar nuevos mercados, y Latinoamérica parece ser el socio ideal.  — ¿Puerto Rico quiere acercarse más a América Latina?  Así es. Tradicionalmente, Puerto Rico ha mirado más hacia el norte por nuestra relación con Estados Unidos como estado libre asociado, y se nos olvidó mirar hacia el sur y esa es parte de la estrategia que tenemos. En noviembre del año pasado abrimos una oficina comercial en el Perú y tenemos otra en Colombia, que se unen a las de Panamá, República Dominicana y España. La idea es usar nuestras raíces hispanas y el conocimiento cultural para fortalecer nuestros vínculos económicos.","elcomercio","12/10/2015"
"La policía confirma envío de imágenes a peritos","La policía confirmó que las imágenes de las cámaras de seguridad fueron enviadas a peritos de Lima a fin de que obtengan un retrato más detallado de la sospechosa. Luego de que 20 trabajadores del hospital fueran interrogados, un encargado de limpieza reveló que Nila Ascensión Gamarra, vendedora de helados en la zona, conocería a la falsa enfermera. Dicha vendedora tendría vínculos cercanos con los padres del bebé y ya ha sido citada por las autoridades.","elcomercio","12/10/2015"
"Se crea mesa de cooperación público-privada","Se trata de una mesa de cooperación público-privada que permitirá presentar proyectos ante las empresas de la provincia, principalmente, las mineras. Estas empresas pueden facilitar el financiamiento de las obras necesarias para Caylloma. El alcalde Remulo Tinta explicó que su provincia no tiene los recursos para solventar, por ejemplo, la construcción de carreteras. Apelaron, por eso, a las mineras instaladas en la zona y estas pagaron el expediente técnico de la vía que une Vischachani, Sibayo y Caylloma. La gobernadora Yamila Osorio sustentó la necesidad de instalar esta mesa por la reducción presupuestal que sufrió Arequipa debido a la baja del precio de los metales. Sin recursos no podemos ejecutar obras. Por eso, una de nuestras prioridades es presentar proyectos al gobierno nacional para que nos entregue el presupuesto necesario; la otra es acudir a las empresas que son socias estratégicas de la región, dijo. Y agregó: La clave para desarrollar Arequipa radica en fortalecer las relaciones entre las empresas privadas, el Estado y la población. Por eso, promovemos las mesas de cooperación.","elcomercio","12/10/2015"
"Docentes acatan una huelga indefinida por reclamos salariales","Profesores de San Martín paralizaron sus labores desde principios de octubre para exigir al gobierno regional que atienda sus demandas. Desde el último viernes, los docentes radicalizaron su medida de protesta, porque aún no han sido atendidos por el gobernador regional Víctor Manuel Noriega Retegui, quien viajó a Israel para cumplir una visita oficial programada hace varias semanas. Esta situación generó malestar entre los manifestantes, que han rechazado dialogar con otros funcionarios del Gobierno Regional de San Martín. Los docentes que acatan la protesta consideraron injusto que un docente gane entre S/.1.200 y S/.1.500, cuando a un policía se le incrementó el salario a S/.2.400, con la promesa del Gobierno Central de que este monto se incremente a S/.3.000. Lucila Vásquez, secretaria general del Sutep en esta región, indicó que, luego de una asamblea con los principales dirigentes de su gremio, se acordó exigir la destitución de la directora regional de Educación, Pilar Saavedra, y del gerente general de la región San Martín. Vamos a formalizar esta petición, porque [ambos funcionarios] teniendo conocimiento de nuestra situación, han demostrado incapacidad de gestión para atender las demandas del magisterio de San Martín, indicó Vásquez. En manos del Minedu, Pilar Saavedra Paredes, directora regional de Educación de San Martín, señaló que las puertas de su entidad están abiertas para dialogar. Estamos dispuestos a iniciar el diálogo con los profesores para hacerles entender que el pago de las reivindicaciones salariales se realizará a partir del próximo año, pero ellos no quieren entender que ese pago no depende de nosotros, sino del Ministerio de Educación (Minedu), explicó la funcionaria. Los docentes que acatan la medida participan a diario de movilizaciones por las principales calles de Tarapoto. Al respecto, la Dirección Regional de Trabajo asegura que se descontará por las horas no trabajadas a los profesores que no acudan a clases, porque esta huelga es considerada ilegal.","elcomercio","12/10/2015"
"El Gobierno designa un nuevo jefe en la Oficina de Diálogo de la PCM","Jos Vila Herrera, ex viceministro de Justicia, reemplaza en el cargo a David Montoya Chomba. Según la Resolución 233-2015-PCM, publicada ayer en el diario ‘El Peruano’, la elección de Vila se debió a la súbita salida de David Antonio Montoya Chomba del cargo, tras apenas seis meses de labor. Se informó que Montoya había puesto su cargo a disposición el 1 de octubre pasado, mediante una carta al presidente del Consejo de Ministros, Pedro Cateriano. La elección de Vila se hizo el miércoles 7, pero recién ayer fue oficializada. Sobre Vila, es conocida su especialización en derecho penal, al ser magíster de la Universidad Nacional Mayor de San Marcos. Cuenta con experiencia en el sector público, pues fue viceministro de Derechos Humanos en el 2013. En julio de este año, fue nombrado coordinador de la Comisión de Alto Nivel Anticorrupción (CAN).","elcomercio","12/10/2015"
"Las claves de la crisis política","¿Cuál es el papel de Turquía frente al Estado Islámico? A Turquía no le interesa fortalecer militarmente a los kurdos en su lucha contra el Estado Islámico. Le preocupa que las armas que envenen países occidentales a los kurdos iraquíes puedan terminar en manos del PKK (Partido de los Trabajadores de Kurdistán, considerado un grupo terrorista por Ankara, Estados Unidos y la Unión Europea). ¿Cómo va el proceso de paz entre Turquía y los kurdos? En la actualidad, Turquía está inmersa en un proceso de paz con el PKK marcado por un acuerdo de cese del fuego alcanzado en marzo del 2013, el cual muchos esperan represente el final de una lucha armada que se inició en 1984 y ha causado más de 40.000 muertes. Aunque después del atentado en Suruc, esa tregua se ha roto, pues las fuerzas turcas han bombardeado los territorios kurdos en Irak.","elcomercio","12/10/2015"
"Putin no enviará tropas a Siria","Moscú [AFP]. El presidente ruso, Vladimir Putin, aseguró ayer que Moscú no enviará tropas terrestres a Siria, donde Rusia lleva a cabo una intensa campaña de bombardeos en apoyo al régimen de Bashar al Assad. No nos planteamos hacerlo y nuestros amigos sirios lo saben, declar Putin a un canal de TV. Según el presidente ruso, el objetivo de su intervención militar en Siria es afianzar a las autoridades legítimas y crear las condiciones necesarias para hallar un compromiso político. Putin descartó que Rusia esté involucrada en una carrera armamentista con Occidente.","elcomercio","12/10/2015"
"Reformas penitenciarias en el Perú","vinculado a alguna organi- zacin criminal y si su historial  es favorable para una readapta- cin que incluya un tratamiento  laboral y tcnico. “Se evalua-n las habilidades que tenga el  interno, lo que har dentro del  penal. El principio es que ahora  el reo entre a estudiar o trabajar, ya no sea una escuela del cri- nismo”, explica Bocanegra.  Para el ex jefe del INPE, Gustavo Carrin, los cambios legislativos solo crean expectativas y  solo son una verdadera reforma penitenciaria. Carrin propone,  ms bien, construir un penal  para reos primarios (menos peligrosos) en cada distrito judicial y, as, evitar que tengan contacto con otros reclusos.  de Alto riesgo 35 mil personas, en promedio, se encuentran recluidas en las cárceles  del Per sin haber recibido aún una sentencia, según el INPE.  6  meses es el plazo en el que se elaborará el informe de cada recluso  del régimen ordinario para pasar de una etapa a otra (mnima, mediana  ox máxima seguridad).  emergencia por Salud nueva facultad El nuevo decreto también le da facultad al INPE para declarar en  emergencia a las cárceles por razones de salud. penales críticos Los penales de Huaral, Callao y Lurigancho, con mayor población con  TBC y VIH, serían declarados en emergencia a fin de año.","elcomercio","12/10/2015"
"Propuestas de reforma penitenciaria en Chile","En el 2010, el Gobierno Chileno inici un diagnóstico exhaustivo de su sistema  penitenciario para iniciar una reforma en el sector. Para ello, contrat a la consultora estadounidense Altegrity Risk International. Luego de tres años  de evaluación, la empresa identificó graves fallas en el sistema de seguridad de las cárceles  chilenas y el uso excesivo de las condenas carcelarias.  Como soluciones a mediano  término ante el hacinamiento en las prisiones, la consultora propuso que las cárceles adopten  un nuevo sistema de clasificación y segregación de los reclusos, que se realice una reorganización de las prisiones según su  nivel de seguridad, y apostó por la creación de un manual para los agentes encargados de la seguridad.  En el diagnóstico realizado,  algunos agentes penitenciarios clasificaban a los condenados en base a criterios obsoletos como tatuajes, lenguaje y delito cometido.  Por ello, plantearon que la reforma penitenciaria incluya evaluaciones periódicas del  progreso del interno, que luego le pueda servir para acceder a beneficios.   La propuesta también recomienda la remodelación de los  reclusorios antiguos. Piloto en marcha Pese a que la propuesta inicial  de la consultora era aplicar las recomendaciones en cuatro penales nuevos, el Gobierno Chileno eligió al Centro Penitenciario Femenino, la Cárcel de Talagante, Colina 1 y Puente Alto para empezar la reforma.  El piloto se ha iniciado, de manera progresiva, con el nuevo sistema de clasificación de reos basado en las buenas prácticas realizadas por los internos, y continuará con el reordenamiento de los penales.","elcomercio","12/10/2015"
"Iniciativa legislativa para centros juveniles","El PJ insiste en que centros juveniles pasen al Ejecutivo  Proyecto de ley presentado en diciembre no ha sido discutido aún.  El comercio .A13  DANTE PIAGGIO/ ArchIVO   ciembre del 2014 por la Sala Plena de la Corte Suprema de Justicia plantea transferir adecuadamente las competencias  de los centros juveniles al sector Justicia, a través del Instituto Nacional Penitenciario, y que el tratamiento de reinserción de  los jóvenes esté a cargo de especialistas del Ministerio de la Mujer y Poblaciones Vulnerables.   Pendiente de discusión  El 9 de junio de este año, tras el incendio en el Centro Juvenil de Diagnóstico y Rehabilitación de Lima (Maranguita), iniciado por un grupo de internos,  el presidente de la Comisión de Justicia del Congreso, Juan Carlos Eguren (PPC), había dicho a El Comercio que el proyecto se  discutiría en su grupo de trabajo en los siguientes 30 días.   Eguren indicó ayer a este Diario que la demora obedece a que, por reglamento, se discuten las iniciativas por orden de llegada. Dijo que el mencionado  proyecto aún no está en agenda de la comisión. Se mostró de acuerdo con que el Poder Judicial transfiera la administración  de los centros. “Es un proyecto razonable. No creo que haya resistencia”, añadi.  maranguita. La iniciativa legislativa para trasladar la administración de centros juveniles de rehabilitación del Poder Judicial al Ejecutivo aún no es debatida siquiera en la comisión de Justicia del Congreso.  El presidente del Poder Judicial, Victor Ticona Postigo, solicitó al Congreso de la República la rápida aprobación del proyecto de ley 4120-2014-PJ, que otorga al Ejecutivo la administración y el tratamiento de los centros juveniles de rehabilitación.  Durante su presentación en la Comisión de Justicia del Congreso el pasado viernes, Ticóna enfatizó la conveniencia de que los centros juveniles, como el conocido Maranguita, ya no sean administrados por el Poder Judicial.   Argumentó que el proyecto de ley presentado el 9 de diciembre del 2014 plantea transferir adecuadamente las competencias de los centros juveniles al sector Justicia, a través del Instituto Nacional Penitenciario, y que el tratamiento de reinserción de los jóvenes esté a cargo de especialistas del Ministerio de la Mujer y Poblaciones Vulnerables.","elcomercio","12/10/2015"
"Nuevos audios filtrados de Gerald Oropeza","Filtran nuevos y polémicos audios de Gerald Oropeza.   El presunto narcotraficante Gerald Oropeza López habría dicho que su “to Alan” lo protege, según un audio encontrado por la policía en el celular que usaba en Ecuador antes de su captura. La información fue difundida ayer en “Reporte Semanal” y “Punto Final”, ambos de Frecuencia Latina. Los programas también consignaron que en la memoria del teléfono se encontraron más de 500 fotografías del departamento que Oropeza alquiló en la playa Salinas, en Ecuador, donde fue capturado en septiembre último.   Oropeza purga prisión preventiva en el penal de máxima seguridad de Ancón I.  “No te preocupes por nada, nosotros tenemos gente de respaldo. Te acuerdas de mi to Alan? No? Ya. Toda su batería está a disposición de nosotros, para cualquier cosita. Tenemos gente por todos lados”, se escucha decir presuntamente a Oropeza en el audio de una conversación que habría sostenido con Carlos Sulca Cruz, prófugo de la justicia y acusado de ser parte de su red de narcotráfico.  En un comunicado, el Apra negó que Alan García tenga alguna vinculación con Oropeza. También negó tener relación como partido con el acusado de narcotráfico. El Apra calificó de “muy sospechoso” que se filtren a medios de comunicación audios que son parte de una investigación judicial reservada.   “Reporte Semanal” también difundió otro audio entre Oropeza y Sulca, en que el primero se mostró presuntamente preocupado por la posible extradición de Brian Camps desde Italia. En el diálogo, Sulca le habría asegurado que este no llegar al Perú.  En investigación  Según fuentes policiales, José Amir Lozano Berastain es investigado por, presuntamente, haber enviado dinero producto del narcotráfico a Oropeza mientras este se encontraba en Ecuador.  Pilar López, madre de Oropeza, dijo que la voz escuchada en los audios que comprometen a su hijo corresponde a la de otra persona.","elcomercio","12/10/2015"
"Control antidrogas en el Aeropuerto Jorge Chávez","Este año se decomisaron más de 900 kg de droga en el Jorge Chávez  En las zonas de carga y comida de pasajeros, el control antidrogas queda en manos de Aduanas por restricciones a la labor policial.  pierina chicoma  Osos de peluche, envases de jugo, frutas, zapatos y hasta equipajes de minusválidos fueron empleados por organizaciones criminales para acondicionar 936 kg de droga e intentar enviarla al extranjero –entre enero y septiembre de este año– desde el Aeropuerto Internacional Jorge Chávez, según la Dirección Antidrogas de la Policía (Dirandro).  La Policía Nacional, Lima Airport Partners (LAP) y la Superintendencia Nacional Adjunta de Aduanas de la Sunat tienen el control de la seguridad de este terminal aéreo, pero aún sus competencias al interior del Jorge Chávez parecen colisionar en el control antidrogas.  El 7% de toda la droga que exporta el Perú sale al extranjero por los aeropuertos, el grueso (60%) sale por los puertos, mientras que 25% lo hace en avionetas y 8% por tierra. Esto de acuerdo con cifras del experto en seguridad y prevención de narcotráfico, Federico Tong. Según agentes de la Dirandro, en el terminal aéreo del Callao aún tienen restricciones para realizar labores de fiscalización y ello da lugar a la salida de droga.  Seguridad a un 80%  La seguridad dentro del Jorge Chávez está cubierta a un 80%, señala el comandante PNP Eduardo Saldaña Vargas, jefe del Departamento de Drogas del aeropuerto.  Precisa que su personal –que también opera vestido de civil– está ubicado principalmente en cuatro puntos estratégicos del recinto: el arco de seguridad (por donde pasan los pasajeros de todos los vuelos), la sala de embarque, la zona de recepción de equipaje conocida como ‘Siberia’ (a la que recién tuvo acceso la policía hace un año) y los puestos de vigilancia en los extremos norte y sur del aeropuerto, donde se realizan inspecciones inopinadas.  Sin embargo, los espacios restantes, que equivalen al 20% del terminal, son zonas grises, es decir, lugares a donde no puede acceder la policía para efectuar ningún tipo de control, según Saldaña. Entre estos se incluye la zona primaria, donde se efectúa la carga de equipaje y contenedores de mercancías.  “Nosotros hacemos labor preventiva en los puestos norte y sur. Por aquí [puesto sur] ingresan los camiones frigoríficos para exportar carga congelada, pero no podemos abrirlos porque lo que alega Lima Airport Partners [LAP, empresa operadora del aeropuerto] es que la carga podría malograrse”, precisa el oficial Saldaña.  Exentos de control por las mismas razones están los carritos donde se lleva la comida que se sirve en vuelos comerciales. Según la policía, en varias oportunidades se ha detectado estos objetos ‘contaminados’ con droga. Pese a los precedentes, no pueden ser revisados.  Fuentes de LAP sealaron a El Comercio que la policía es la responsable de la inspección y control de drogas en los aeródromos, mientras que la operadora es la llamada a evitar actos o tentativas que pongan en riesgo la seguridad del transporte aéreo, según la Ley de Seguridad de la Aviación Civil.  En tal sentido, sealaron que la policía no tiene restricciones en ningún ambiente, pues LAP coordina las facilidades de ingreso con las autoridades que las requieran. As, la labor de control antidrogas en las zonas grises recae en la Sunat, autorizada para fiscalizar e ingresar hasta los aviones y la zona de cargas.  “Trabajamos en la llamada zona primaria para prevenir el tráfico ilícito de mercancías de manera general: el tema de droga, patrimonio cultural, control de dinero transfronterizo”, dijeron representantes de Aduanas. Sin embargo, hasta ahora los agentes de la policía especializados en la lucha contra este delito observan detrás del vidrio el equipaje y el eventual sembrado de droga en él, a la espera de mayores licencias.  Métodos para ocultar la droga  19/2/2015 La Policía Antidrogas intervino en el Jorge Chávez a cuatro burriers, entre peruanos y españoles, que pretendieron sacar del país cerca de 10 kilos de cocaína. La droga estaba camuflada en prendas de vestir.  6/12/2014 Dos peruanos y un venezolano fueron detenidos en el aeropuerto de Lima por llevar droga oculta en sus estómagos. Ellos habían tragado los narcóticos en cápsulas de latex.  4/12/2014 El mexicano Giuseppe Tombolini González, de 22 años, fue detenido en el Callao. Él había colocado tres kilos de droga en las entrañas de dos perros de raza San Bernardo e iba a sacarlos por el Jorge Chávez.","elcomercio","12/10/2015"
"Violencia homicida: ¿Cómo vamos?","l a semana pasada el INEI mostró información oficial sobre los homicidios en el Perú en el 2014, según la cual hubo 2.076 muertes violentas e intencionales, lo que corresponde a una tasa de 6,7 por cada 100 mil habitantes. Un año antes la tasa había sido de 6,6 y dos años atrás 6,5, tras haber estado en 5,4 en el 2011. Aunque la tendencia es leve.","elcomercio","12/10/2015"
"Consecuencias del ataque en Suruc","Ocurrido en julio en Suruc, cerca de la frontera con Siria, que causó 33 muertes y también fue atribuido a los islamistas.  El país es vulnerable a infiltraciones del Estado Islámico, que controla vastos territorios en Siria e Irak. Pero el grupo, que por lo general reivindica sus ataques, no se atribuyó el atentado en Suruc ni ha hecho referencia al de Ankara en sus publicaciones en Internet.  Tras el atentado de Suruc, el Partido de los Trabajadores del Kurdistán (PKK) acus al Gobierno de colaborar con los yihadistas para hacer frente común contra los kurdos y reanud sus ataques contra la policía y el ejército, provocando represalias.  Ayer, la policía turca detuvo a 43 presuntos miembros del Estado Islámico en varias ciudades del país, según la agencia de prensa Dogan.","elcomercio","12/10/2015"
"¿Quiénes son los kurdos?","Los kurdos son la minoría étnica sin Estado propio más importante de todo el Medio Oriente. Más de 30 millones de personas –según los cálculos más conservadores– repartidas en un territorio que hoy se dividen Turquía, Siria, Iraq e Irán. Pero unido por una lengua propia y una cultura milenaria, el pueblo kurdo nunca ha dejado de soñar con un Kurdistán independiente.","elcomercio","12/10/2015"
"¿Cuál es su papel en la lucha contra el Estado Islámico?","Se han convertido en una de las más importantes líneas de defensa contra los avances de los terroristas en el norte de Iraq y Siria, obligando a Occidente a reconocerlos como aliados clave en la batalla contra el Estado Islámico. Han aprovechado el debilitamiento de los gobiernos de Bagdad y Damasco para expandir el territorio controlado por las autoridades del Kurdistán iraquí y ganar mayor protagonismo en Siria.","elcomercio","12/10/2015"
"Reacciones internacionales","Houcine Abassi, que junto a los integrantes del Cuarteto para el Diálogo Nacional tunecino fue distinguido el viernes con el Premio Nobel de la Paz, condenó el mortal atentado del sábado en Turquía y pidió una investigación transparente.  El Papa Francisco manifestó ayer haber recibido con gran dolor la noticia del atentado en Ankara y dijo que reza por Turquía.  La Reina Isabel II expresó ayer su conmoción y tristeza por el atentado y se solidarizó con el pueblo turco en un mensaje dirigido al presidente Tayyip Erdogan.","elcomercio","12/10/2015"
"Irak ataca el convoy del jefe del Estado Islámico","Se desconoce la condición de salud de Abu Bakr al Baghdadi. Murieron ocho dirigentes terroristas.  Bagdad [Reuters]. Ocho importantes jefes del Estado Islámico murieron ayer en un ataque aéreo mientras se reunían en una ciudad en el oeste de Iraq, pero el cabecilla del grupo, Abu Bakr al Baghdadi, no estaría entre ellos, dijeron residentes de la localidad y fuentes hospitalarias.  Iraq informó ayer domingo que su Fuerza Aérea atacó la reunión y también la caravana en la que se desplazaba Al Baghdadi en camino a la cita. Agregó que, posteriormente, Al Baghdadi fue llevado en un vehículo lejos de la caravana.  El anuncio militar iraquí fue el reporte no confirmado más reciente de la posible muerte de Al Baghdadi, que ha sobrevivido a un año de ataques aéreos liderados por EE.UU. y a guerras en varios frentes en dos países desde que se autoproclamó como califa de todos los musulmanes, luego de que sus fuerzas se propagaran por el norte de Iraq.  Una cuenta de Twitter que publica comentarios del Estado Islámico afirmó que los rumores de un ataque aéreo contra Al Baghdadi eran falsos.  Militares estadounidenses declinaron comentar sobre el reporte militar iraquí.  La Fuerza Aérea iraquí bombardeó la caravana del terrorista Abu Bakr al Baghdadi mientras se dirigía a Karabla para asistir a una reunión con comandantes de Daesh, dijo el ejército iraquí en un comunicado.  Daesh es el acrónimo en árabe para Estado Islámico.  Karabla es una ciudad en la provincia iraquí de Anbar, cerca de la frontera con Siria, y un bastión del Estado Islámico, diferente de Kerbala, que es una ciudad sagrada chiita iraquí.  El lugar de la reunión también fue bombardeado y muchos de los líderes del grupo fueron abatidos y heridos. Se desconoce el paradero del asesino Al Baghdadi, que fue llevado por un vehículo. Su condición de salud aún no está clara, afirmaron los militares.","elcomercio","12/10/2015"
"Israel bombardea Gaza y mata a una embarazada y a su hija","Las víctimas fallecieron entre los escombros de su casa. Un menor palestino de 13 años también muri baleado en una protesta.  Reuters  Terror. Israel dijo que bombardeó edificios de Hamas, pero también alcanzó a una vivienda.  Gaza / Ramala / Jerusalén [EFE]. Una madre embarazada, su hija de 4 años y un menor de 13 años murieron ayer en Palestina por un bombardeo y disparos de las fuerzas de Israel, en el undécimo día de la ola de violencia que sacude la región.  La madre y su hija fallecieron en un bombardeo israelí en Gaza, en represalia por un cohete lanzado desde la Franja, mientras el menor de 13 años muri por disparos de soldados de Israel contra una protesta en Ramala, en Cisjordania.  Ahmed Shakara, de 13 años, falleció por un impacto de bala en el cuello durante una manifestación en el campo de refugiados Al Jalazon, informó a Efe el portavoz del Ministerio de Salud palestino en Ramala, Mohamad Awawda. Además, señaló que otras dos personas resultaron heridas por disparos en esa protesta.  La madre y su hija murieron de madrugada en su casa a causa de un bombardeo israelí en represalia por un cohete lanzado la noche anterior desde la Franja, que fue derribado sobre la localidad de Hof Ashkelon sin dejar víctimas.  Según el portavoz del Ministerio de Salud en Gaza, Ashraf Al Qedra, su vivienda se vino abajo tras el bombardeo de la aviación israelí con dos misiles aire-tierra que impactaron en las proximidades, y otros cuatro miembros de la familia resultaron heridos.  Se elevan a 23 los palestinos muertos desde que el 1 de octubre se agravó la ola de violencia que había comenzado a principios de septiembre y que tiene como trasfondo la histórica disputa entre judíos y palestinos por la Explanada de las Mezquitas, situada en la zona de Jerusalén ocupada por Israel desde 1967.  Según la ONG palestina de derechos humanos Al Haq, ocho de las víctimas son menores de edad, 11 murieron en Gaza y el resto en Jerusalén Este, Cisjordania e Israel, estos últimos abatidos tras cometer ataques con cuchillos contra israelíes.  Los heridos palestinos superan ya el millar, cientos de ellos por munición real.  Del lado israelí, cuatro personas han muerto y más de veinte han resultado heridas en este período de violencia.  Ayer se volvieron a producir violentas protestas en Cisjordania –sobre todo en los distritos de Nablus, Tulkarem, Ramala y Hebrón– y en Jerusalén Este, donde se registraron la mayoría de los alrededor de los 80 heridos palestinos, tres de los cuales se hallan en estado crítico, según Awawda.  Fuentes militares israelíes confirmaron las denuncias palestinas de que los soldados emplearon munición real.","elcomercio","12/10/2015"
"Debate democrático","Primera discusión Mañana se realizará el primer debate entre los precandidatos demócratas. Sin embargo, la atención se centrará en Hillary Clinton y Bernie Sanders.  Biden está invitado Aunque el vicepresidente Joe Biden no ha confirmado su postulación, la cadena CNN lo ha invitado para participar en el debate.","elcomercio","12/10/2015"
"Trump critica la política de Merkel sobre los refugiados","Reuters  Directo. Como suele pasar en la mayoría de sus entrevistas, Trump deja la corrección política a un lado al exponer sus ideas.  No me gustan las migraciones. No me gusta la gente que viene, afirm el precandidato republicano.  Washington [AFP]. Donald Trump, favorito de las primarias republicanas a las elecciones presidenciales estadounidenses, dijo ayer a la cadena CBS que lo que está haciendo la canciller alemana Angela Merkel a favor de los refugiados es insensato.  No me gustan las migraciones. No me gusta la gente que viene [...]. Van a haber disturbios en Alemania. Lo que ella [Angela Merkel] ha hecho en Alemania es insensato, declar Trump.  El magnate, que ya hizo declaraciones controvertidas contra los inmigrantes mexicanos en EE.UU., dijo estar de acuerdo con recibir a 10.000 refugiados en su país. Pero 200.000 personas?, se pregunt. Sería un enorme caballo de Troya [...] si esa gente resulta ser del grupo Estado Islámico [EI], opin.  Est previsto que Alemania reciba entre 800.000 y un millón de refugiados este año, y Merkel afirma que su país tiene la capacidad de acogerlos.  Sin embargo, Donald Trump propone, como alternativa, la creación de una zona de exclusión área en el norte de Siria para los refugiados. Los países del Golfo tendrían que tomar un gran pedazo de Siria y crear una zona segura para las poblaciones, coment.  El candidato afirmó además que él habría usado la fuerza contra el presidente sirio Bashar al Assad cuando utilizó armas químicas. Mientras [Putin] ataque al Estado Islámico, estoy a favor de los bombardeos rusos en Siria, agreg.","elcomercio","12/10/2015"
"La persecución chavista contra los activistas de DD.HH.","Funcionarios del Estado los califican de conspiradores contra Venezuela.  Juan Francisco Alonso  Desde Caracas  Primer de octubre, 5:30 de la tarde. En Caracas aún no anocheca cuando Marino Alvarado, ex coordinador del Programa Venezolano de Educación-Acción en Derechos Humanos (Provea), una de las organizaciones más prestigiosas del país, volvía a su casa con su hijo de 9 años. Apenas insertó la llave en la puerta del domicilio, tres sujetos armados lo obligaron a él y a su pequeño a ingresar a la casa, donde los amordazaron y amenazaron con dispararles si no les decían dónde tenían los objetos de valor.  El suceso ha podido pasar como uno más de los cientos de crímenes que se cometen a diario en el país, que con 25 mil homicidios en el 2014 es considerado uno de los más peligrosos del mundo, de no ser porque en los últimos dos meses el presidente de la Asamblea Nacional (Parlamento), Diosdado Cabello, ha hecho del activista blanco predilecto de sus críticas.  Marino Alvarado, militante de Provea, se fue a Estados Unidos para organizar con todas las medidas de seguridad el encuentro de las ONG, y para evitar que se filtren los detalles de las reuniones. Por cierto, Marino, trata de resolver el problema de identidad en tu país de nacimiento, no te descuides que a la larga te va a traer problemas, solt Cabello a fines del 2014, para luego agregar en junio: Andan martilleando [pidiendo] dólares y viajando por todo el mundo para conspirar contra Venezuela.  Para el actual coordinador de Provea, Rafael Uzcategui, la campaña de descalificación y criminalización que Cabello y otros altos funcionarios del Estado han lanzado contra Alvarado y demás activistas podría ser el motivo del secuestro y asalto del que fue víctima el primero; pero además lo incluye entre los 200 ataques y amenazas que han sufrido desde el 2012 quienes se dedican a defender los derechos humanos en Venezuela.  No podemos descartar que lo ocurrido con Marino tenga motivos políticos, pero tampoco podemos afirmarlo. Lo que sí podemos decir es que el hecho de que el presidente del Parlamento haya dicho públicamente que hay que perseguir a los activistas de DD.HH. puede generar un ambiente hostil hacia nosotros, lo cual nos hace sentir vulnerables y expuestos a cualquier tipo de ataque, concluyó Uzcategui.","elcomercio","12/10/2015"
"Implicado en Caso Petrobras pagó cuentas del hijo de Lula","Río de Janeiro [EFE]. Uno de los implicados en el caso de corrupción de la petrolera estatal brasileña Petrobras afirmó que pagó cuentas personales de uno de los hijos del ex presidente Luiz Inácio Lula da Silva, informó el diario O Globo.  El autor de los supuestos pagos es el empresario Fernando Bahiano, quien se ha acogido a un acuerdo de colaboración con la justicia y está acusado de ser intermediario en el pago de sobornos entre las empresas que prestaban servicios a Petrobras y los políticos que amparaban las corruptelas.","elcomercio","12/10/2015"
"Propuesta novedosa será la tecnología Blockchain","Hillmer Reyes, jefe del plan de gobierno para esta campaña, junto a Luis Thais, exsecretario del partido, y peruposibilistas como Daniel Mora y Carmen Omonte, están afinando una primera versión de su plan. Reyes indicó que una propuesta novedosa será la tecnología ‘Blockchain’, un sistema que permitirá implementar “acuerdos inteligentes” que faciliten la participación ciudadana y la solución de conflictos sociales.","elcomercio","12/10/2015"
"Entrevista / Raúl Castro Stagñaro Presidente del PPC","El PPC está en capacidad de ganar la elección. El ex congresista sostiene que en su partido no existe división, sino rivalidades. Además, elogia las dotes políticas de Alan García y responde a críticas de Kenji Fujimori: Creció en el SIN y no tuvo oportunidad de conocer la historia del Perú. Sebastián Ortiz M., periodista, entrevistó a Raúl Castro Stagñaro, quien se alista para las elecciones internas de su agrupación. Si es reelecto, estará a un paso de la nominación como candidato a la presidencia de la República. Pese a que afirma que irán solos a las presidenciales, al igual que su correligionaria Lourdes Flores, no ve mal un acercamiento con el Apra.","elcomercio","12/10/2015"
"El perfil","Raúl Castro Stagñaro, profesión: Abogado, cargo: Presidente del PPC. La gestión de Castro en el PPC está marcada por su continuo enfrentamiento con los llamados reformistas, sector liderado por Beingolea y respaldado por Lourdes Flores.","elcomercio","12/10/2015"
"El institucionalista","Tras la decisión, pero en los últimos años no se ve esa fraternidad. Su partido atraviesa una crisis institucional? Tiene razón en parte, no hay una crisis institucional, pero hay personas que evidentemente han fallado a su deber partidario y que, efectivamente, han violado las reglas de la unidad y, bueno, eso tiene que ser observado por las instancias correspondientes del partido.","elcomercio","12/10/2015"
"El TC evaluará recurso contra Nadine Heredia este miércoles","Se calcula que en noviembre se sabrá si se reabre investigación por lavado de activos a la primera dama. La suerte de Nadine Heredia está en manos de los miembros del Tribunal Constitucional (TC), quienes evaluarán este miércoles el recurso que presentó el Ministerio Público para dejar sin efecto la resolución judicial que acogió el habeas corpus de la primera dama y archivó la investigación que le seguía el fiscal Ricardo Rojas por presunto delito de lavado de activos.","elcomercio","12/10/2015"
"Defensa de Heredia. Luego, el caso será estudiado y se preparará un dictamen que deber ser aprobado por el pleno del TC, posiblemente en noviembre.","El ponente encargado de elaborar el proyecto de resolución será el magistrado Ernesto Blume. Para que el TC apruebe su fallo, se requieren cuatro votos.  En qué sentido votarán los siete magistrados del TC? Es difícil anticiparlo, pero, según fuentes cercanas al órgano, habrá tres votos contra Heredia: los de Óscar Urviola, José Sardón y Marianella Ledesma.  En el caso del magistrado Eloy Espinosa-Saldaña, diversas fuentes señalan que su voto será a favor de la posición de la esposa del presidente Ollanta Humala.","elcomercio","12/10/2015"
"Los amigos de la Prom","No se los puede discriminar — A mi promoción le corresponde su ascenso. No se la puede discriminar. [...] No me corresponde ni me quiero meter en esos temas. Esto es institucional: lo maneja el comandante general del Ejército. As respondió Ollanta Humala ante las críticas por los ascensos de sus compañeros.  Ingrato recuerdo — No se veía esto desde tiempos de Montesinos [...] Esto tiene que ver con el presidente de la República, que es miembro de esa promoción. El ex ministro de Defensa Walter Flores-Arizaga fue muy crítico al comentar el proceso de ascensos en el Ejército.  Política en los mandos castrenses, por lo que se entiende que sus compañeros de promoción se encuentren en ubicaciones estratégicas que están directamente relacionadas con zonas territoriales importantes, e incluso el resguardo de las elecciones.  Ante la inexistencia de su partido político, y el escaso respaldo que a estas alturas este puede ofrecerle, ya sabemos en quién se refugiará el mandatario si es puesto contra las cuerdas.  Humala pretende suplir su escaso liderazgo político asegurando su estabilidad en incondicionales mandos militares afines a él, pero es incapaz de medir las consecuencias.","elcomercio","12/10/2015"
"Gamarra fue sentenciado por violencia familiar","Un oficialista se defiende y dice que otro fallo lo absolvió del caso.  Teófilo Gamarra, uno de los más conocidos miembros de la bancada oficialista, tiene en su haber una sentencia firme por violencia familiar, la cual fue expedida años antes de que llegara al Congreso con el Partido Nacionalista, revel ayer el programa Panorama.  Según un fallo de diciembre del 2005, Gamarra agredió física y psicológicamente a su expareja Milagros Linares Queredo, cuando ambos compartían el mismo domicilio en Ucayali. La sentencia se dio luego de una denuncia que presentó Linares a la policía, pues dijo que no era la primera vez que él la agredía. En febrero del 2005, según la denuncia, Gamarra insultó, cacheteó y pateó en las piernas a Linares, todo ello en presencia de su hija, entonces de 9 años. Las lesiones, según el reportaje, fueron verificadas y confirmadas por los médicos legistas.  La sentencia dispuso que el ahora parlamentario pasara por un tratamiento psicológico y pagara una indemnización a la agraviada. Ambas exigencias, remarc Panorama, no fueron cumplidas por Gamarra.  Doble fallo El oficialista se defendió e indicó que un juzgado de paz letrado, de la provincia de Coronel Portillo, lo absolvió.  El fallo señala que Gamarra actuó en legítima defensa. Según el oficialista, Linares se coludí con los médicos legistas, anotó el programa.  Reacción interna Ana Jara, oficialista, condenó a través de su cuenta de Twitter la denuncia por agresión familiar contra su colega de bancada Teófilo Gamarra, de Ucayali.  Más antecedentes El programa Panorama conversó con Leonor Mosquera, ciudadana de Ucayali, quien denunció que Gamarra la empujó cuando ella estaba embarazada. El hecho, según la denuncia, sucedió en el 2009.","elcomercio","12/10/2015"
"Von Hesse deja el Gabinete y sería una carta del nacionalismo para el 2016","Francisco Dumler lo reemplazó como ministro de Vivienda. Cambio se produjo un día antes de que venza el plazo legal para que funcionarios de alto nivel renuncien a sus cargos si quieren postular en las elecciones del próximo año.  Descansar y recuperar el tiempo perdido con mi familia, dijo Milton von Hesse en agosto pasado cuando en una conversación con El Comercio le preguntaron por lo que esperaba para el 2016. Sin embargo, los planes de Von Hesse ahora serían otros.  Anoche se realizó en Palacio de Gobierno un nuevo relevo ministerial. A lo largo del domingo se especuló con varios cambios, como que el ex congresista nacionalista Cayo Galindo reemplazara a Daniel Maurate en el Ministerio de Trabajo. Al final, solo se concretó una modificación: Francisco Dumler Cuya, quien se desempeñaba como viceministro de Construcción y Saneamiento, sustituyó a Von Hesse como ministro de Vivienda.  Von Hesse se aleja del Gabinete después de más de tres años: primero fue titular de Agricultura y luego pasó al sector Vivienda.  Fuentes del Ejecutivo indicaron que Von Hesse dejó el Gabinete porque sería una de las cartas de la plancha presidencial del nacionalismo en las elecciones del 2016. Afirman que a su favor juegan su buena aceptación en las encuestas y la exposición que tuvo como ministro de Vivienda.  Según una de esas fuentes, el ex ministro sería la alternativa del nacionalismo si es que la postulación de Daniel Urresti no prospera. Urresti viene enfrentando el juicio por el asesinato del periodista Hugo Bustos. La fiscalía acusa al ex titular del Interior de ser el autor mediato del crimen. Est previsto que el juicio de este caso culmine luego de las elecciones generales, que se llevarán a cabo en abril del próximo año.  La misma fuente comentó que en Palacio de Gobierno prefieren a Von Hesse por encima de la parlamentaria Ana Jara.  No todo funcionario público que renuncie a su cargo en estas horas nos debe llevar a pensar que se postulará en próximas elecciones generales.  Anita Jara Velázquez, congresista de Gana Perú, expresó en su cuenta de Twitter.  Es evidente que al no justificarse la razón de este cambio se supone que va a participar en las elecciones.  Javier Velásquez Quesquén, congresista aprista, hizo referencia a la falta de explicación sobre el cambio ministerial.  Su colega de Fuerza Popular Pedro Spadaro considera que el ex ministro sería candidato al Congreso o a la presidencia.  Para el analista político Fernando Tuesta, Von Hesse podría ser una carta del nacionalismo u ocupar un rol en campañas de otras candidaturas debido a su perfil técnico. Tranquilamente podrías estar en un plan de gobierno del Apra, de PPK, del fujimorismo. Es un entorno donde él se mueve. No necesariamente una candidatura.  Tuesta recordó que, por antecedentes, los candidatos presidenciales de gobiernos salientes no aguantaron la campaña. En el caso de Perú Posible, se quedaron sin candidato porque los que aparecieron renunciaron. En el caso del Apra, cuando apostaron por Mercedes Aráoz tampoco sostuvieron la campaña.","elcomercio","12/10/2015"
"Triunfo de Mendoza abre puerta a alianza de izquierda","Ex primer ministro Salomón Lerner Ghitis y a la ex alcaldesa limeña Susana Villarán, primero realizarán sus internas y luego buscarán una alianza con Mendoza.  Hay que hacer lo necesario por la unidad. Si es necesario declinar, se hará; si es necesario apoyar una candidatura con mayores posibilidades, lo haremos, refirió a El Comercio.  Marco Arana manifestó a este Diario que una alianza solamente será posible si coinciden en los ejes de sus planes de gobierno, entre ellos, el cambio de la Constitución fujimorista y del actual modelo económico.  ¿Izquierda Unida? Tras la elección de Verónica Mendoza, se plantea la posibilidad de alianzas entre los distintos movimientos de izquierda. Los partidos que cuentan con inscripción para las próximas elecciones son el Frente Amplio, Democracia Directa (fonavistas) y el Partido Humanista Peruano.  Sergio Tejada dice que buscará acercamiento con el Frente Amplio. Arana aprueba la unidad si sus planes coinciden.","elcomercio","12/10/2015"
"Salomón Lerner Ghitis y la ex alcaldesa limeña Susana Villarán, primero realizar sus internas y luego buscar una alianza con Mendoza.","“Hay que hacer lo necesario por la unidad. Si es necesario declinar, se hará; si es necesario apoyar una candidatura con mayores posibilidades, lo haremos”, refirió a El Comercio.  Marco Arana manifestó a este Diario que una alianza solamente será posible si coinciden en los ejes de sus planes de gobierno, entre ellos, el cambio de “la Constitución fujimorista” y del actual modelo económico.  ¿Izquierda Unida? Tras la elección de Verónica Mendoza, se plantea la posibilidad de alianzas entre los distintos movimientos de izquierda. Los partidos que cuentan con inscripción para las próximas elecciones son el Frente Amplio, Democracia Directa (fonavistas) y el Partido Humanista Peruano.  Sergio Tejada dice que buscar acercamiento con el Frente Amplio. Arana aprueba la unidad si sus planes coinciden.  La congresista Verónica Mendoza fue elegida candidata presidencial del Frente Amplio (FA) al imponerse al ex sacerdote Marco Arana. Su victoria abrirá la puerta para que la izquierda, con excepción del Partido Humanista de Yehude Simon, vaya bajo un solo símbolo a los comicios del 2016.  El parlamentario Sergio Tejada, líder del Bloque Nacional Popular, agrupación que se acababa de sumar a Neto (coalición de varias agrupaciones de izquierda), indicó que buscar “un acercamiento” con el FA.  “Nuestro objetivo como Bloque Nacional Popular ha sido desde un inicio poder juntar a todas las fuerzas progresistas y de izquierda en un solo frente”, indicó. Tejada explicó que Neto, que tiene en sus filas al  las internas  En las elecciones abiertas del Frente Amplio participaron unas 30 mil personas. El conteo de votos tom casi una semana.","elcomercio","12/10/2015"
"PPK y Alan se enfrentan por supuesta crítica de Vargas Llosa","Economista afirma que aprista lo ataca por ser su rival electoral.  El economista Pedro Pablo Kuczynski (PPK), precandidato a la presidencia por el partido Peruanos por el Kambio, afirm ayer que el ex presidente Alan García faltó a la verdad cuando aseguró que el escritor Mario Vargas Llosa le contó, en marzo del 2011, que estaba en contra de su candidatura presidencial.  “Eso, lo que dice Alan [García], es absolutamente mentira!”, dijo PPK entrevistado en el programa “Agenda política”. Luego aseveró que él participó en la cena en la que supuestamente Vargas Llosa se refirió a él, como afirmó el miércoles el líder aprista. “Es un invento total. [García] está en una campaña contra sus potenciales rivales y me veo a mí como eso. Él siempre ha inventado cosas”, dijo.  El miércoles de la semana pasada, el ex presidente escribió en su cuenta en Twitter que le sorprendió la declaración del escritor a favor de la candidatura de Kuczynski, al recordar que en el 2011 le dijo que PPK no debía ser candidato.  La respuesta de García  García respondió minutos después, mediante un correo electrónico enviado al citado programa de televisión: “Creo que [PPK] sufre una confusión. En marzo del 2011 asistí a la casa del señor Vargas Llosa y su esposa, donde él no estuvo. Ah, en presencia de Ricardo Vega Llona, el anfitrión argumentó que el señor Kuczynski no debía ser candidato por ser lobista y negociante, y por tener nacionalidad norteamericana”.  El ex mandatario también dijo que la reunión a la que el economista se refería fue a pedido de este último y sucedió en la casa del embajador Carlos Pareja.  PPK Cuestiona a Keiko  Kuczynski también señaló que si Keiko Fujimori hoy es la candidata de Fuerza Popular es por ser la hija del ex presidente Alberto Fujimori, hoy preso en la Diroes.  “Ella [Keiko Fujimori] no ha tenido una carrera propia. ¿Qué ha hecho? Ella tiene una experiencia muy limitada”, dijo el precandidato al programa “Agenda política”.","elcomercio","12/10/2015"
"La voz de Juan Diego Flórez cerró la cita del BM y del FMI","Tras una semana de foros, concluyó junta de gobernadores que reunió a 12 mil personas.  El bel canto puso punto final en la tarde de ayer a las Reuniones Anuales del Grupo Banco Mundial (BM) y del Fondo Monetario Internacional (FMI) Lima 2015. La exquisita voz del tenor peruano Juan Diego Flórez deleitó a la lite económica mundial alojada en el Gran Teatro Nacional, en San Borja, durante el último acto de la cita global.  La cumbre, también denominada Junta de Gobernadores del BM y FMI, reunió durante una semana a más de 12 mil funcionarios de 188 países, quienes asistieron a diversos conversatorios en el nuevo Centro de Convenciones de Lima, la Biblioteca Nacional, el edificio del Banco de la Nación y el Museo de la Nación, ubicados en San Borja.  Entre los principales ponentes de la cumbre internacional, destacaron Christine Lagarde, directora del FMI; Jim Yong Kim, presidente del grupo BM; Mario Draghi, presidente del Banco Central Europeo; Janet Yellen, presidenta de la Reserva Federal de Estados Unidos; y Ban Ki-moon, secretario general de la ONU.  “La realización de la junta ha sido muy positiva. Esta ha expuesto al Perú como un país acogedor y estable, que viene mostrando que tiene capacidad organizativa para realizar eventos de talla mundial”, expresó ayer el presidente de la República, Ollanta Humala.  “Si bien es cierto que hoy América Latina ha reducido sus expectativas de crecimiento, nuestro país sigue siendo uno de los que tendrán mayor crecimiento en la región y en el mundo”, agregó el mandatario.  En la última jornada, el titular del Ministerio de Economía y Finanzas, Alonso Segura, fue reconocido como el ministro de Finanzas del año para Latinoamérica por el prestigioso diario financiero inglés “Emerging markets”.  Dejando a un lado la seriedad de las ponencias, en un gape llevado a cabo en la noche del viernes en el Circuito Mágico del Agua, del Parque de la Reserva, los representantes de las más altas entidades de la economía mundial disfrutaron de platillos de la gastronomía peruana y del infaltable pisco sour, y observaron vistosas danzas del folclor peruano.  Concierto. En el cierre, Juan Diego Flórez interpretó “El cóndor pasa” y “La donna mobile” con alumnos de su proyecto sinfónico por el Perú.  For you. La junta de gobernadores sirvió para fortalecer la presencia de la marca Perú. Variedad cultural peruana para el mundo.  Fiesta. Christine Lagarde, directora del fondo Monetario internacional, gozó de alegrías el último viernes en el Circuito Mágico del agua.","elcomercio","12/10/2015"
"Desborde. El penal de Lurigancho tiene más de 9.000 reclusos, pese a que su infraestructura está diseñada para albergar a 2.400. Este problema hará inviable la nueva clasificación dispuesta por el INPE.","Las escuelas del delito  El Instituto Nacional Penitenciario plantea una reorganización en las cárceles para lograr una verdadera resocialización de los internos.  Un nuevo decreto legislativo le otorga mayor facultad al INPE para separar a los reos peligrosos de los primarios con evaluaciones más exhaustivas. Sin embargo, esta clasificación solo podría aplicarse en penales con nueva infraestructura.  Según el Código de Ejecución Penal que rige el sistema penitenciario, el encarcelamiento de una persona tiene como objetivo que esta sea reeducada, rehabilitada y reincorporada a la sociedad. Si en el país esta disposición se cumpliera a cabalidad, Freddy Maco Torres, interno en el penal de Picsi (Chiclayo) por robo agravado, no habría asesinado el último sábado a su compañero de celda, tras prenderle fuego, por un par de zapatillas. Tampoco Darwin Malca Hernández, ‘Loco Darwin’, habría ‘egresado’ del penal El Milagro, en Trujillo, como un peligroso extorsionador.  “En los penales que tenemos actualmente hay una socialización negativa de internos. Todos están juntos y cada uno aprende un tipo de conducta del otro, se mimetizan”, reconoce el jefe del Instituto Nacional Penitenciario (INPE), Julio Magán.  ¿Cómo se organizan a los delincuentes antes de ser enviados a prisión? En Lima, una Junta Técnica de Clasificación (constituida por un asistente social, un abogado y un psicólogo del INPE) es la encargada de evaluar diariamente a unos 30 reos que llegan a la carceleta del Palacio de Justicia. Esta debe evaluar el perfil del preso en un plazo máximo de 24 horas. Debido a la masiva llegada de detenidos, a veces la junta debe evaluar a reos en solo diez minutos.  Con el decreto, la junta gana más facultades. Según la norma, ahora no solo los reos sentenciados sino también los procesados podrán ser derivados a una cárcel del Régimen Cerrado Especial, es decir, de extrema seguridad. Este régimen restringe el contacto con el exterior. A él son enviados sicarios o asesinos de alta peligrosidad.  Antes de este decreto, un interno peligroso procesado se iba directamente al régimen ordinario [con reos menos peligrosos] y lo mandaban a Lurigancho, pero ahí continuaba con operaciones, formaba grupos mafiosos dentro del penal. Ahora lo podríamos mandar directamente a Ancón I [Piedras Gordas] o hasta a Challapalca”, explica César Bocanegra, director de Tratamiento del INPE.  No obstante, el sector reconoce una gran debilidad: la norma no podría aplicarse actualmente en los penales de Lima y Callao. Según reconoce Julio Magán, la infraestructura y el hacinamiento de reclusorios como el de Lurigancho (alberga 9.350 presos cuando su capacidad es para 2.400) impide que se realice esta distribución.  En este penal, por ejemplo, los presos deberían estar separados en pabellones de mínima y media seguridad. Sin embargo, en la práctica, los reclusos se han ubicado por afinidad de delitos e, incluso, hasta por los barrios de donde proceden.  Magán refiere que los cambios en la clasificación recién podrían aplicarse en los nuevos reclusorios que se construirán en los próximos años.  Precisamente, para incentivar la reforma penitenciaria, otro decreto declaró de interés público la promoción de la inversión privada y público-privada en penales. La norma incluye la inversión privada “para el financiamiento, diseño, construcción, mantenimiento, operación de la infraestructura, tratamiento y seguridad penitenciaria”. La participación de empresas estará regida por la ley marco de asociaciones públicas-privadas (APP).  El nuevo decreto también establece, además, que una junta clasificatoria designada en cada régimen penitenciario (ordinario o especial) analizará, en un plazo de 30 días, si el futuro interno está vinculado a alguna organización criminal y si su historial es favorable para una readaptación que incluya un tratamiento laboral y técnico. “Se evaluarán las habilidades que tenga el interno, lo que har dentro del penal. El principio es que ahora el reo entre a estudiar o trabajar, y ya no sea una escuela del crimen”, explica Bocanegra.  Para el ex jefe del INPE, Gustavo Carrín, los cambios legislativos solo crean expectativas y son una verdadera reforma penitenciaria. Carrín propone, más bien, construir un penal para reos primarios (menos peligrosos) en cada distrito judicial y, así, evitar que tengan contacto con otros reclusos.  De Alto riesgo  35 mil personas, en promedio, se encuentran recluidas en las cárceles del Perú sin haber recibido aún una sentencia, según el INPE.  6 meses es el plazo en el que se elaborará el informe de cada recluso del régimen ordinario para pasar de una etapa a otra (mínima, media o máxima seguridad).  Emergencia por Salud  Nuevo facultad  El nuevo decreto también le da facultad al INPE para declarar en emergencia a las cárceles por razones de salud.  Penales críticos  Los penales de Huaral, Callao y Lurigancho, con mayor población con TBC y VIH, serían declarados en emergencia a fin de año.","elcomercio","12/10/2015"
"Métodos para ocultar la droga","Observa detrás del vidrio el equipaje y el eventual sembrado de droga en él, a la espera de mayores licencias.  La Policía Antidrogas interviene en el Jorge Chávez a cuatro viajeros, entre peruanos y españoles, que pretendían sacar del país cerca de 10 kilos de cocaína. La droga estaba camuflada en prendas de vestir.  Dos peruanos y un venezolano son detenidos en el aeropuerto de Lima por llevar droga oculta en sus estómagos. Ellos habían tragado los narcóticos en cápsulas de latex.  El mexicano Giuseppe Tombolini González, de 22 años, fue detenido en el Callao. Él había colocado tres kilos de droga en las entrañas de dos perros de raza San Bernardo e iba a sacarlos por el Jorge Chávez.","elcomercio","12/10/2015"
"Violencia homicida: ¿Cómo vamos?","La semana pasada el INEI mostró información oficial sobre los homicidios en el Perú en el 2014, según la cual hubo 2.076 muertes violentas e intencionales, lo que corresponde a una tasa de 6,7 por cada 100 mil habitantes. Un año antes la tasa había sido de 6,6 y dos años atrás 6,5, tras haber estado en 5,4 en el 2011. Aunque la tendencia es ligeramente al alza, la tasa peruana sigue correspondiendo con el promedio mundial y es de las más bajas de América Latina.  Contra lo que pareciera estar ocurriendo, la violencia homicida no se ha disparado. Esto es positivo, por cuanto el Perú cuenta con la victimización por delincuencia más alta del continente, especialmente en la forma de delito callejero contra transeúntes y casas. Afortunadamente la violencia letal solo excepcionalmente acompaña al delito. Evitar que esto cambie debe ser uno de los principales objetivos de la política de seguridad ciudadana y la mejor forma de hacerlo es investigando y castigando cada homicidio.  ¿Dónde poner el énfasis? En los lugares donde los homicidios se dan con más intensidad. Las cifras permiten identificarlos. Así, la costa y la selva tienen tasas cercanas a 8,0; mientras que la sierra, la mitad (4,5).  La desagregación por ciudades permite un foco aún mayor. En efecto, varias ciudades de la costa norte tienen tasas que por lo menos triplican el promedio nacional, con Tumbes (37,1) a la cabeza, seguida de Barranca (25,1), Trujillo (19,3), Chiclayo (18,2) y Huacho (18,0). Cañete (30,0) y Pisco (19,7), en el sur chico, también muestran tasas muy altas, al igual que Huaraz (17,7) y Sullana (14,6).  Curiosamente, Lima presenta una tasa baja (4,7), a diferencia del Callao (14,8).  El esfuerzo para prevenir e investigar los homicidios mejoraría si contáramos con más información. Primero, se requiere saber dónde, cuándo, cómo y quién habría cometido cada uno de los 2.076 homicidios del año pasado. Asimismo, serviría saber con qué arma el victimario cometió el delito y si había consumido sustancias. Sería de gran utilidad tener toda esa información georreferenciada.  Segundo, se requiere conocer el móvil de los homicidios y diferenciar entre aquellos cometidos contra la mujer en el hogar, los ajustes de cuentas entre organizaciones criminales, los cometidos por sicarios y los que derivan de los delitos callejeros o las extorsiones.  Tercero, sigue siendo necesario que la información para Lima Metropolitana y el Callao se vea desagregada por distritos, porque albergan a un tercio de la población nacional y la mitad de la población urbana.  Cuarto, también es necesario saber con precisión cuántas personas entran a los penales al año por haber cometido un homicidio doloso y cuántas son condenadas por el Poder Judicial por los mismos hechos. Estos datos permitirían contar con una tasa que midiera la eficacia policial, fiscal y judicial.","elcomercio","12/10/2015"
"Indeci posterga simulacro de sismo nocturno para noviembre","El ejercicio durará dos minutos, informa Indeci a El Comercio.  El segundo simulacro nacional nocturno de sismo seguido de tsunami del 2015, previsto para las 8 p.m. de este martes, fue postergado para la misma hora del viernes 20 de noviembre.  Según una norma publicada ayer en El Peruano, la reprogramación responde a las recomendaciones de la Dirección de Preparación del Instituto Nacional de Defensa Civil (Indeci) para reforzar la articulación entre los sectores y los gobiernos regionales y locales, y superar omisiones detectadas en simulacros anteriores.  Los simulacros tienen por finalidad preparar a la población y a las autoridades para ejecutar acciones y actividades de respuesta ante fenómenos naturales. Asimismo, buscan poner a prueba los planes de contingencia elaborados por los sectores y entidades públicas y privadas involucradas en la atención de cualquier emergencia, record la resolución de la PCM.  Coincidencia con el Per-Chile A las 9:30 p.m. de este martes, fecha prevista inicialmente para el desarrollo del simulacro nocturno, se llevará a cabo en el Estadio Nacional de Lima el partido de fútbol entre las selecciones mayores de Perú y Chile por las Clasificatorias al Mundial Rusia 2018.  Fuentes de Indeci informaron a El Comercio que la reprogramación del simulacro no se debe al encuentro deportivo, sino a las razones expuestas en la resolución.  Con o sin partido, la gente deba participar en los simulacros de sismo. El evento deportivo no iba a perjudicar ni obstaculizar los ejercicios, agregaron las fuentes.  Simulacros Anteriores El primer simulacro nacional de sismo del 2015 se realizó el 29 de mayo. El simulacro regional para Lima y Callao se efectuó en septiembre pasado.  Ambos ejercicios tuvieron una duración de dos minutos. Para ello, se contempló que el epicentro del sismo se había dado a una profundidad de 40 kilómetros.","elcomercio","12/10/2015"
"Entrevista / Juan Carlos Sueiro: ‘Aun sin El Niño, no sería posible otra temporada de pesca de anchoveta’","‘La configuración de un evento El Niño fuerte tiene consecuencias en el ecosistema. La anchoveta es la principal afectada. De acuerdo al Imarpe, solo hay 2 millones de ejemplares en edad reproductiva. Esta es la especie que más se pesca en nuestro país y hay que evitar un colapso. Debemos, además, tener en cuenta que este recurso ya había visto reducida su extracción.’  ‘El año pasado hubo solo una temporada de pesca. Efectivamente. Suele haber dos campañas, pero el año pasado solo hubo una, y es probable que este también. Aun sin El Niño, no sería posible otra temporada de pesca de anchoveta.’  ‘En el sur los efectos son menos dramáticos. Las cuotas de pesca probablemente varían. Pero cuando El Niño está en su fase madura no habrá anchoveta ni en esta parte del litoral.’  ‘Es exagerado pensar que otras especies podrían beneficiarse?’  ‘Para Juan Sueiro, el fenómeno de El Niño favorecerá a los pescadores artesanales. Especies como caballa, jurel, perico, atún y langostino serán abundantes en los próximos meses. En contraparte, disminuirá la presencia del pejerrey y la producción de conchas negras y de cangrejos se verá perjudicada.’  ‘La SNP ha demandado un segundo estudio, pero nuevos estudios no van a traer más anchovetas.’  ‘De no haber una nueva temporada, el impacto económico para esta industria será muy grande.’  ‘Sin duda habrá pérdidas, pero no tan significativas como en El Niño de 1998. Ese año, la industria venía de una fase crecer-crecer, llegó el fenómeno, hubo una crisis y varios quebraron.’  ‘Por qué afirma que ahora no ser tan perjudicial?’  ‘Ahora el sector se ha estabilizado, no hay deudas grandes de las empresas. Ahora tienen en cuenta que El Niño no es una cosa ajena a nuestra actividad. Tiene que estar incluido en la lógica del negocio.’","elcomercio","12/10/2015"
"El precio del fármaco biológico está siempre en los miles de soles por dosis","Debido a los altísimos precios de los medicamentos biológicos, Essalud y el SIS sufrirán graves consecuencias económicas. Pueden hacer medicamentos biológicos genéricos para bajar su precio. La respuesta es no. A diferencia de los químicos –que son moléculas pequeñas de las cuales se pueden hacer copias exactas–, los biológicos son complejos, por lo que no es posible reproducirlos de manera exacta.Sin embargo, siguiendo técnicas parecidas, se pueden lograr productos muy similares al medicamento biológico original, por lo que se llaman precisamente medicamentos biológicos similares. Estos, aunque siguen siendo caros, son mucho más baratos que los originales.Aquí es donde empieza todo el alboroto con el Tratado Transpacífico (TPP, por sus siglas en inglés).  Importancia de los datos de prueba Una vez descubierto un medicamento biológico, es muy importante demostrar que funciona, lo cual se prueba en elaborados ensayos clínicos en animales y seres humanos. Esta clase de experimentos originan datos muy valiosos acerca de la dosis adecuada, la eficacia, la tolerancia y los efectos secundarios del medicamento.Esa información son los llamados datos de prueba y son la base no solo para desarrollar nuevos medicamentos biológicos, sino también para fabricar los biológicos similares. Con esos datos de prueba sería más fácil para un laboratorio cualquiera sustentar un biológico similar. Sin embargo, al no tenerlos, ellos deben empezar de cero, lo cual es muy costoso y toma largo tiempo.Por eso los fabricantes de medicamentos biológicos guardan sus datos de prueba bajo cinco candados, porque de conocerse podrían ser usados para fabricar similares baratos.En EE.UU., la Administración de Medicamentos y Alimentos (FDA, por sus siglas en inglés) otorga 12 años de protección de datos de prueba a los fabricantes de medicamentos biológicos.Debido a su alto costo, el programa de seguro médico del gobierno (Medicare) está en serios problemas económicos, por lo que, tratando de ahorrar 4.200 millones de dólares en su último proyecto de presupuesto para el 2016, el presidente Barack Obama ha pedido disminuir el período de prueba de los medicamentos biológicos a siete años.Según el TPP El período de protección de datos de los 12 países firmantes del TPP se distribuye de la siguiente manera: cero años para Brunéi; cinco años para Australia, Malasia, Nueva Zelanda, Singapur y Vietnam; ocho años para Canadá; 12 años para EE.UU. y no especificado para Chile, el Perú y México. A pesar del secretismo en los detalles del TPP (hasta los congresistas norteamericanos tenían que entrar solos y sin cámaras ni teléfonos para leer los borradores), ha trascendido que el tiempo de protección de datos de prueba de medicamentos biológicos del TPP es de cinco años. Eso representaría un retroceso para Brunéi, el Perú, México y Chile; y no para Australia, Malasia, Nueva Zelanda, Singapur y Vietnam.Impacto en la salud pública Debido al exorbitante precio de los biológicos y al monopolio que brinda la protección de los datos de prueba, ahora podemos entender por qué se han alzado tantas voces de protesta.Médicos sin Fronteras ha dicho que millones de personas en los 12 países firmantes (incluidos el Perú) no podrán acceder a esos medicamentos.Public Citizen en EE.UU. ha cuestionado incluso el alto precio de los fármacos, demostrando que no es tan caro como se dice.Ya puedo ver a los representantes peruanos en la mesa de negociación sintiendo, por un lado, la presión de grupos nacionales e internacionales que rechazaban la protección de datos de prueba, por otro, la presión de grupos económicos nacionales que pedían a toda costa la participación del Perú en el TPP y, finalmente, sintiendo el poder de los negociadores norteamericanos que querían 12 años de protección como es en su país.Al parecer, los negociadores nacionales se han inclinado por el beneficio económico de la participación del Perú en el TPP y que se otorguen cinco años de protección de datos a los fabricantes de medicamentos biológicos.Impacto en el Perú Esa decisión es muy seria, pues, debido a los altísimos precios de los medicamentos biológicos, Essalud y el SIS (Plan Esperanza de control del cáncer) sufrirán graves consecuencias económicas (al igual que el Medicare en EE.UU.). Solo el 2% de los medicamentos que compra Essalud son biológicos, pero eso representa ya el 65% de sus gastos generales en medicinas.En una reciente entrevista periodística, el presidente de la Asociación de Laboratorios Farmacéuticos (Alafarpe) ha pedido que la Dirección General de Medicamentos, Insumos y Drogas (Digemid) agilice la directiva para importar biosimilares de acuerdo a lo dispuesto por el Decreto Supremo 016-2011-SA, aprobado en el 2011. Esa aparente contradicción (se supone que a los laboratorios no les conviene que entren los biosimilares) se explica porque, según Alafarpe, cinco o seis laboratorios miembros tienen planes de fabricar medicinas biosimilares.Hillary Clinton acaba de anunciar su oposición al TPP, el Congreso norteamericano está dividido con respecto al tratado, y en el Perú recién se iniciarán las discusiones para su ratificación. Lo cierto es que a estas alturas va a ser imposible cambiar el tiempo de protección de cinco años, los únicos que pueden hacerlo son los 10 países firmantes.Lo que sí es cierto es que si no se esboza una solución a este problema, Essalud, el SIS, los 3.200 peruanos que ya usan medicamentos biológicos y los miles que los necesitarán en el futuro sufrirán graves consecuencias. Si no se hace nada, habrá peruanos de primera categoría con acceso a los caros medicamentos biológicos, y peruanos de segunda categoría, para quienes esos medicamentos serán simplemente un sueño.","elcomercio","12/10/2015"
"A solo tres semanas de una muy prometedora feria en Acho","Los carteles de la Feria del Señor de los Milagros son –sobre el papel– los mejores de los últimos diez años: toros españoles de las mejores ganaderas y figuras del toreo.Pablo J. Gmez DebarbieriEl domingo 1 de noviembre, Acho abrir sus puertas e inaugurará la LXX Feria del Señor de los Milagros. Una feria especial, pues solo tres meses más tarde, el 30 de enero del 2016, la plaza cumpliera 250 años de actividad ininterrumpida.Primer cartel Toros españoles de Zalduendo para Morante de la Puebla, Alejandro Talavante y Joselito Adame.Los toros españoles llegarán a Lima el 23 de octubre, algunos tendrán tiempo para recuperarse del estresante viaje, tres días dentro de los cajones, perdiendo peso y desgastándose. Pero los de Zalduendo, que a veces pecan de débiles, se lidiarán solo una semana después.Citotusa deber tener especial cuidado con ellos para no echar a perder uno de los carteles más interesantes.Morante, artista único y diferente, combina personalidad inimitable, técnica depurada y valor inusual en toreros de arte.Talavante, maduro artísticamente, conjuga magnífico toreo con la zurda, asombrosa capacidad de improvisación y valor estoico.Adame, mexicano que se ha hecho en España a base de valor impío, ahora se da el lujo de torear con gusto.Segundo cartel El día 8, los toros de la temible divisa de Miura, que por sí solos atraen público a las plazas, para Rafaelillo, Manuel Escribano y Paco Urea.Astados de conformación y comportamiento muy distintos. Aportan emoción y obligan a un toreo ecléctico, mezcla de lidia antigua –por bajo y doblándose, que Acho suele agradecer– con algunos muletazos en redondo, cuando es posible robárselos.Rafaelillo, especialista en Miura, al que la vida le ha llevado al circuito de las corridas duras, es capaz de sorprender cuando un miura se equivoca y mete la cara. Escribano era un torero olvidado hasta hace tres años, cuando sustituyó a El Juli en Sevilla, en la de Miura. Su sorprendente triunfo lo puso en el mapa, su valor y entrega lo han sostenido.Urea, valiente y puro, acaba de cuajar en Madrid una vibrante y artística faena no redondeada con la espada, a un saltillo de Adolfo Martín.Tercer cartel El 15, toros de Daniel Ruiz, nobles y habitualmente con largas y humilladas embestidas, para Sebastián Castella, Miguel Ángel Perera y Alberto López Simón.Lo de Daniel Ruiz (encaste Parlad Domecq, como Zalduendo) es muy solicitado por las figuras del toreo. Pero tanta clase y nobleza a veces van reñidas con la fuerza y la transmisión de emoción. Tendrán 22 días para recuperarse.Castella está en su mejor año: ha pasado de valiente pero previsible a convertirse en un torero completo, con estilo propio y dominio absoluto de la tauromaquia.Perera, joven y talentoso, ha sabido superar momentos difíciles y se ha consolidado como uno de los diestros más importantes de su generación.López Simón, veterano y curtido, demuestra cada tarde su temple y saber estar en los momentos clave.","elcomercio","12/10/2015"
