"headline","content","newspaper","date"
"Convirtiéndose en un subsidio para alguien más","Y tras piedras palos, pues entre tanto clima de conflicto social, en que el gobierno está abusando y trasgrediendo los derechos sociales de tantos grupos, rebelarse pensar que no se le están reconociendo derechos a peruanos no tan jóvenes, con mínima proyección profesional por su edad, a ciudadanos que trabajaron toda una vida, aportaron de su sueldo y pagaron sus impuestos. Grupo a quien el Estado manipuló por años sus boletas de pago y les obligó a pagar el 1% de su sueldo, a cambio de nada.  Una promesa de campaña con tufillo demágico, pues el engaño o tergiversación de la verdad es lo mismo que la mentira. La devolución de montos irrisorios es no solo un abuso sino un insulto a estos aportantes debido, una vez más, a la falta de honestidad y, sobre todo, falta de respeto por parte del Ejecutivo, como me comentaba un septuagenario que se siente indignado y con justísima razón. Por lo visto, el gran logro del gobierno humalista ha sido convertir a miles de ciudadanos, hasta nonagenarios, en ‘pulpines’, generar la peor crisis social en muchos años y agravar el clima de conflictividad social que nos rodea. ¿Per se escribe con ‘p’ de ‘pulpín’?","elcomercio","19/01/2015"
"Adiós a un gran hombre","Profesor principal de la Facultad de Derecho de la Pontificia Universidad Católica del Per  Fernando de Trazegnies  Hace pocas semanas tuvimos la triste noticia de que el doctor Manuel Pablo Olaechea Du Bois había fallecido. Y es así que quienes lo conocimos y admiramos sentimos una pena muy profunda. Una innegable personalidad del Derecho ya no estará en el futuro físicamente presente entre quienes lo estimábamos. Pero, sin duda, lo estará en nuestra memoria y en nuestro corazón.  Trabajó durante diez años en el Estudio Olaechea y pude así apreciar la inteligencia, el espíritu siempre creativo, el gran interés y amor por el Perú y su entusiasta compromiso no sólo con el Derecho sino también con otros campos tan variados como la enología y la hipica, sus grandes pasiones. Estas últimas lo llevaron, en el primer caso, a desarrollar extraordinariamente los vinos de su hacienda Tacama, trayendo para ello al mejor enólogo de Francia del momento. Además, fue un ardiente defensor de la peruanidad del pisco. En el caso de la hipica, su entusiasmo lo impulsó a fundar el Club Ecuestre Huachipa. Fue también un gran aficionado a los toros, habiendo asistido a las corridas en su barrera de Sombra hasta que cumplió 90 años.  Muchas veces en los corredores del estudio encontrábamos al doctor Manuel –como lo llamábamos cariñosamente los abogados del estudio– y esto era motivo para tener una interesantísima conversación, a la que se plegaban todos los abogados que por cualquier razón pasaban cerca del grupo.  Uno de los temas más controversiales era el referente al tipo de economía que deba implantarse en el Perú. Siendo un entusiasta lector de Ludwig von Mises, sostenía que la intervención del Gobierno en la economía, generalmente, desnaturalizaba la dinámica propia de esa importante actividad. Por ese motivo, había que luchar siempre por una economía libertaria, como lo planteaba la Escuela Austriaca de Economía.  Esta mente creativa hizo que el doctor Manuel, con una visión de avanzada, asumiera el estudio jurídico heredado de su padre y lo reorganizara para convertirlo en el primer estudio jurídico moderno que tuvo el Perú.  En realidad, el estudio jurídico se creó en 1878 por el abuelo del doctor Manuel, llamado también como homenaje Manuel Pablo Olaechea. Sin embargo, en esa época los estudios eran en su mayor parte unipersonales, con la colaboración solo de un pasante o de un amanuense. Y, por otra parte, la profesión de abogado estaba muy vinculada a la actividad política. Cuando fallece el fundador, es Manuel Augusto Olaechea, padre del doctor Manuel, quien asume el estudio y además ejerce la cátedra de Derecho Civil en la Universidad de San Marcos. Por otra parte, participó muy activamente en la elaboración del Código Civil de 1936.  Sin embargo, el concepto de estudio, aunque ya admitía varios abogados, aún estaba basado en la idea de “comunidad de techo”, esto es, varios abogados independientes reunidos en un solo local.  Cuando el doctor Manuel asume el estudio, a la muerte de su padre, le da un carácter completamente nuevo, moderno. Dividi la actividad por materias jurídicas y buscó a las figuras más prominentes en cada uno de estos campos para integrar el bufete. Es así como invitó a un magistrado del Poder Judicial, el doctor Jorge Vega García, para el campo civil; igualmente, convocó a un abogado de la Superintendencia Nacional de Contribuciones, Alfonso Rubio, para que se ocupara de los problemas tributarios. Dos civilistas jóvenes, Felipe Osterling y Max Arias-Schreiber, tomaron a su cargo el Derecho Contractual. Un abogado también joven fue contratado como laboralista. Y a ellos se unieron posteriormente Enrique Normand y el autor de estas líneas para colaborar en el campo del Derecho Tributario y en el campo del Derecho Civil, respectivamente. Pero todos estos abogados formaban una sola oficina asociada en la que los gastos, administración, clientes, biblioteca y archivos eran comunes a todos los abogados. Esta nueva organización empresarial del estudio resultó extraordinariamente eficiente, pues permitía atender en forma integral las necesidades de los clientes, lo que convirtió al Estudio Olaechea en el más prominente de Lima, gracias a la visión moderna e incluso podríamos decir atrevida del doctor Manuel.  Aprendí mucho durante los años que pasé primero como practicante, luego como asociado y finalmente como socio del Estudio Olaechea. Por eso, desde estas líneas quiero agradecer con mucho sentimiento esa lección viva que me dio el doctor Manuel con sus palabras y con sus actos. Y quiero además rendirle un sentido y público homenaje a este gran abogado que le dio tanto al Perú.","elcomercio","19/01/2015"
"Rincón del autor","Rolando Arellano C. Presidente de Arellano Marketing y profesor de Centrum Católica  La imagen necesitó 430 años, hasta 1960, para tener 2 millones de habitantes y solo 50 más para llegar a los 10 millones de hoy. Por eso, al cumplir 480 años de fundación española, Lima se encuentra con los problemas del crecimiento propios de la adolescencia, con diversas facetas de personalidad que conviven sin entenderse y a veces en conflicto. Veamos hoy tres de ellas.  Lima española y Lima inca. Durante siglos, Lima se preció de ser española y europea, menospreciando su pasado inca y andino. Su música era el vals o la marinera, nunca el huayno, al que rechazaba. Y a pesar de la gran afición mestiza por los toros en nuestra sierra, los limeños tradicionales la asumen como española castiza, con olés, vino y paella a la salida. Pero cuando hace 40 años empezaron a llegar millones de migrantes de los Andes, Lima se convirtió en el centro del Perú profundo. Hoy las asociaciones andinas superan por mucho a las peas criollas, y los derivados del huayno, la chicha y la cumbia peruana ganan la moda musical. Y el 18 de enero se celebra con pasacalles en la Plaza de Armas.  Lima costera y Lima interior. Otro problema de personalidad de Lima le ocurre porque, estando a orillas del Pacífico, tiene tradición de ciudad mediterránea. Ciertamente, Lima se alejó del mar en sus inicios, para evitar los ataques de piratas, dejando el mar al Callao, provincia diferente. Pero cuando el crecimiento hizo que los lejanos balnearios Magdalena, Miraflores o Chorrillos se integraran a la ciudad, Lima no evolucionó a ciudad costera. Así, salvo excepciones como Larcomar y uno que otro hotel, Lima no aprovecha el atractivo marino, más bien destroza sus playas y sus olas, con pistas como las que pretende hacer hoy el municipio en la Costa Verde.  Lima jardín y Lima desierto. En Lima usamos todavía el nombre de Ciudad Jardín que quizás alguna vez mereció, sin darnos cuenta de que la mayor parte de la ciudad se sitúa sobre arena. De hecho, dicen que Lima, solo después de El Cairo, es la ciudad más grande del mundo en un desierto, pero los limeños no nos hemos dado cuenta de ello. Y así llamamos Costa Verde a algo que nunca lo fue, y que difícilmente lo será, les ponemos tejas contra la lluvia a nuestras casas y soñamos con jardines extensos cada vez más lejanos. Más aún, los limeños tradicionales no hemos aprendido a valorar el agua, cosa que para los vecinos de las nuevas Limas, que crecieron con la escasez de ese recurso, resulta natural.  Esperemos que con la entrada a la madurez nuestra capital resuelva sus problemas de personalidad y se aprecie tal como es. Que empiece a entender que, por ser el centro del país, es portadora de la esencia peruana, de un mestizaje con fuerte presencia andina, como Bogot o Quito. Que entienda también que su situación costera es una ventaja inapreciable que no puede seguir desperdiciando, y que debe seguir el ejemplo de Guayaquil y Río de Janeiro. Que acepte finalmente que es una ciudad del desierto, y que defina así su personalidad urbística, como lo han hecho Marrakech o Tel Aviv, viviendo armoniosamente con su seca pero no por ello menos potencialmente bella realidad. Feliz aniversario, Ciudad de los Reyes, de los Chávez y de los Quispe!","elcomercio","19/01/2015"
"Locura que tribunal no cura","María Isabel León Presidenta de Asiste Per  El presidente del Tribunal Constitucional señal recientemente, en un programa de televisión (para justificar el fallo sobre la devolución de aportes del Fonavi), que “se estaba violando el derecho a la propiedad” y que “en el Perú las deudas deben pagarse”. Esto no debería sorprendernos en la medida que se trata de derechos fundamentales que son consagrados en la Constitución y que la labor del tribunal es precisamente defender. Lo sorprendente es que, acto seguido, hagan exactamente lo contrario y expidan otra sentencia, esta vez sobre el caso de la Ley de Protección a la Economía Familiar respecto al Pago de Pensiones en Centros y Programas Educativos Privados, tramitada por el Colegio de Abogados de Lima Norte. En ella, contrariamente al caso del Fonavi, consienten y ratifican sin ningún empacho la violación de varios bienes y derechos constitucionales como resultan ser la libertad de contratar con fines lícitos, concediendo oficialmente la resurrección de la ley del ‘perro muerto’.   Lo cierto de toda esta historia es que en el Perú la educación es un servicio que se ofrece de manera gratuita solo en las entidades del Estado. Aun así el tribunal, desconociendo el derecho que existe a contratar libremente, permite y avalla una intervención estatal que viola flagrantemente el derecho de unos para otorgar una permisión fraudulenta a otros, dando la espalda al respetable concepto de que en el país “las deudas se pagan” e inclinando la balanza de su permisión a favor de todo aquel usuario –pobrecito– que desee libremente cumplir o suspender sus obligaciones financieras hasta por seis meses (sin moras, penalidades ni intereses reales) y ‘protegiéndolo’ finalmente del ‘ataque’ de su acreedor. Y es que el Tribunal Constitucional sorprende con una sentencia como la señalada, pues, bajo un argumento absolutamente demagógico, pretende avalar el hecho de que las obligaciones financieras asumidas libremente por los peruanos pueden ser toreadas, postergadas o desconocidas, generando una situación de locura e incertidumbre.  Los derechos sociales de las personas abarcan también la salud, las pensiones de cesantía y el goce y usufructo de otros derechos básicos y vitales como resultan ser el agua, la luz, el transporte, la vivienda y la alimentación. No quisiera ni imaginarme lo que pasaría con nuestra economía si el Tribunal Constitucional, en un arranque de paternalismo puro y para proteger y velar por nuestra “economía familiar”, derogara todas aquellas normas legales que regulan el funcionamiento de la economía nacional, estableciendo que las deudas no se pagan y que los contratos no tienen validez legal.","elcomercio","19/01/2015"
"Ente, permite y avala una intervención estatal que...","Ente, permite y avala una intervención estatal que viola flagrantemente el derecho de unos para otorgar una permisión fraudulenta a otros, dando la espalda al respetable concepto de que en el país las deudas se pagan e inclinando la balanza de su permisión a favor de todo aquel usuario –pobrecito– que desee libremente cumplir o suspender sus obligaciones financieras hasta por seis meses (sin moras, penalidades ni intereses reales) y ‘protegiéndolo’ finalmente del ‘ataque’ de su acreedor. Y es que el Tribunal Constitucional sorprende con una sentencia como la señalada, pues, bajo un argumento absolutamente demagógico, pretende avalar el hecho de que las obligaciones financieras asumidas libremente por los peruanos pueden ser toreadas, postergadas o desconocidas, generando una situación de locura e incertidumbre.  Los derechos sociales de las personas abarcan también la salud, las pensiones de cesantía y el goce y usufructo de otros derechos básicos y vitales como resultan ser el agua, la luz, el transporte, la vivienda y la alimentación. No quisiera ni imaginarme lo que pasaría con nuestra economía si el Tribunal Constitucional, en un arranque de paternalismo puro y para proteger y velar por nuestra economía familiar, decidiera que los peruanos podemos dejar de pagar todos los servicios básicos que consumimos y demorar el cumplimiento de nuestras obligaciones por largos períodos en los que los proveedores de dichos servicios además tendrían obligación de seguirnos atendiendo.  De momento, y gracias a esta generosidad paternalista, la educación superior privada ha elevado su índice de morosidad de entre 5% y 11% hasta un preocupante 50% en algunas entidades, abriendo de par en par las puertas de la impunidad a todos los usuarios de la educación superior, quienes ahora gozan de una posición de dominio de mercado (inconstitucional por cierto) y pueden decidir, masivamente, si pagan sus servicios según lo pactado o se dan seis meses de vacaciones para hacerlo. Acciones como las descritas son una verdadera locura que el Tribunal Constitucional, por cierto, no cura.","elcomercio","19/01/2015"
"El habla culta","- Marta Hildegard Brandt -   *Tramposera. Esta anómala voz registrada en nuestra lengua coloquial y popular es un derivado de tramposo, que a su vez lo es de trampa. Se refiere a una conducta inmoral y habitual. En El mundo es ancho y ajeno, Ciro Alegría pone en boca de un personaje esta frase: Me defiendo por costumbre y también porque la verdad se defiende sola, pero cuando comience esa tramposera de los testigos, ya lo ver... (Caracas 1978, p. 242). Tramposera se documenta también en otros países de América Hispana.  Un día como hoy de...  1915  Un héroe en desgracia  Ayer muri en San Petersburgo uno de los hombres que acumuló más gloria y luego desgracia: el general Anatolio Stessel, defensor de Port Arthur durante la guerra ruso-japonesa. Tenía una brillante carrera y al estallar dicha guerra fue nombrado comandante general del fuerte de Port Arthur, sitiado tenazmente por los japoneses. Luego de heroica resistencia de 210 días, Port Arthur se rindió el 2 de enero de 1905. Stessel regres como héroe. Una posterior investigación demostró que había cometido errores. Así, cayó en la ruina y el olvido.","elcomercio","19/01/2015"
"Posdata","Gianncarlo Shibayama  Mario Sifuentes  Briceo  Comunicador  Me formé en literatura y teatro, pero soy periodista de oficio: genero estrategias y contenidos en temas de responsabilidad social, desarrollo sostenible y cultura. Estoy harto de la polarización y de las peleas absurdas de los mal llamados políticos, por eso procuro tender puentes de entendimiento en la sociedad. Formo parte de Umbral, una iniciativa ciudadana sin inclinaciones partidarias liderada por el ingeniero Augusto Baertl, y cuyo primer producto es el libro Somos libres, podemos elegir, de mi autoría.  Desterramos la idea que opone al Estado contra la libre empresa  Raúl Castro  En el libro Somos libres, podemos elegir, Sifuentes cuenta una historia secreta del Perú de los últimos 25 años. Narra los entretelones que vivieron los gobiernos de turno y sus gabinetes de asesores en el contexto del rescate económico del país.  La salida de la profunda crisis económica y social que vivimos en los años ochenta es el nudo del libro de Mario Sifuentes.  —¿Cuán importante es la época del 80 para nuestro presente? Pese a los muchos problemas que aún tenemos por resolver, hemos pasado de ser una sociedad deprimida y sin visión de futuro a otra que es optimista, y que tiene fe y vigor para concretar sus sueños. Esto es mérito del proceso de cambios positivos que hemos tenido. Contrariamente a hace 25 años, el Perú tiene hoy un manejo económico responsable que sustenta nuestra precaria estabilidad y que nos permite mantenernos como un país que puede decidir su destino. En el camino hemos recuperado el amor y el orgullo de ser peruanos. Más aún, los jóvenes ahora desean desarrollarse aquí.  —Desde el título, tu enfoque asocia las reformas liberales con una nueva condición de libertad en el peruano. ¿La economía abierta que gozamos permite esta libertad? La libertad es un valor inalienable del hombre moderno y creemos que la democracia y la economía de mercado, pese a sus distorsiones e imperfecciones, conforman el mejor marco para promoverla. La libertad es uno de los valores republicanos fundamentales, y sin ella no hay desarrollo sostenido a largo plazo. Nuestro gran reto ahora es desterrar esa idea perversa que opone libre empresa contra Estado e impulsar que ambos trabajen juntos. La condición de libertad es, pues, fundamental para que este binomio prospere y al país le vaya bien.  —Las reformas se dieron durante el gobierno de Fujimori, quien dio un golpe de Estado y más tarde implantó el régimen más corrupto de nuestra historia. ¿Qué determinó ese clima espurio? Es cierto que en ese clima político se implementaron las reformas, y que estas, en mucho, fueron posibles gracias a la rectificación de Fujimori en materia de política económica, pues había ganado las elecciones con un discurso contrario. Pero nosotros no le damos a él el crédito. Se lo damos a los profesionales que venían derribando paradigmas estatistas desde treinta años antes. El libro se concentra más bien en los testimonios de estos técnicos que planificaron y sacaron adelante las reformas. Y condenamos claramente el golpe y la corrupción.  —Cuentas que la violencia política de Sendero Luminoso es parte intrínseca de la crisis. ¿La economía abierta acabó con ella? Creo que la relación es inversa. Gracias a que se controló la violencia terrorista es posible, ahora, pensar en consolidar la democracia y la economía de mercado. No habríamos desarrollado las empresas que ahora tenemos si seguíamos desangrándonos. Fueron el diálogo, los acuerdos y los consensos los que nos hicieron capaces de construir.  —¿Qué sigue para el proyecto Umbral de aquí en adelante? Hemos visto rebasadas nuestras expectativas y visitado más de una docena de universidades en Lima y otras siete regiones para lograr que el libro se incluya como material de lectura en los primeros ciclos de formación. También estamos convocando a través de nuestra web y de las redes sociales a jóvenes y emprendedores que tengan la misma vocación constructiva que nosotros. Nuestro objetivo es construir un país con estándares de Primer Mundo.  —Por ese afán pedagógico es que el lenguaje del libro es tan coloquial. As es. El 56% de los peruanos son menores de 30 años. Ellos no vivieron la crisis y violencia de los ochenta, pero sí tienen que saber cuanto nos costó salir de ese entorno miserable. La tarea de consolidar el rumbo del país es de tres generaciones y pronto nos van a tomar la posta. Si bien el Perú avanzó y tiene hoy otro rostro, nos resta todavía mucho camino para consolidar nuestra economía y ofrecer igualdad de oportunidades, así como educación de calidad o la institucionalización del país.  —¿Qué lecciones nos deja la historia reciente en el Perú? Nuestro país tiene enormes retos por delante y para afrontarlos adecuadamente tenemos que saber de dónde venimos. No podemos caer de nuevo en viejos errores. Con el libro buscamos demostrar que los políticos jugaron por décadas con nuestros destinos, improvisando y buscando su beneficio con decisiones populistas. Por ello el libro quiere dejar en claro que no podemos dejar el futuro solo en sus manos. Y más bien hacer un llamado a la acción para ser vigilantes con las libertades fundamentales.","elcomercio","19/01/2015"
"Solo existe lo que se nombra","Para los egipcios existían solamente las cosas nombradas y para los griegos había apenas cinco colores, porque eran los únicos que tenían nombre. Los otros colores no existían, por carecer de nombre. Conceptualizamos y nombramos las cosas y nicamente así las sentimos existentes. De ahí, por ejemplo, la necesidad que tienen los amantes de declarar su amor. Declarándolo creen ser sentimentalmente veraces.  Desde tiempo inmemorial la verbalización se ha considerado prodigiosa y se ha tenido por indubitable que la creación es obra de la palabra, obra del verbo. Y dijo Dios: Haya la luz, y hubo luz. La creación por la palabra es un acto mágico y el dios veterotestamentario que orden lo recién dicho es por supuesto un gran mago.  Ahora bien: las cosas dichas tienen que ser bien dichas porque toda lengua tiene una normatividad, un estatuto, un conjunto de reglas y principios, y por eso uno no puede hablar como le parece, o como se le ocurre, o como le da la gana.  Desde luego que en el lenguaje coloquial, en las conversaciones, en las charlas de café, las permisiones lingüísticas son mayores. Los lingistas alemanes llaman a esto Ungebunde Rede, el habla sin trabas. A contrario sensu, la lengua escrita, la prosa, es el habla con trabas, es decir, con reglas muy precisas. Si las violamos, entonces nos convertiremos en fraseoclastas y nos expresaremos brutalmente.  Recuerdo, a este propósito, una anécdota referida por un argentino de mucho saber y preclara docencia, don Joaquín González, que en cierta ocasión hubo de auxiliar a un colega de asamblea, que por cierto sabía muy poco o nada de gramática, o que sabiendo algo, la malquería.  El tal colega, escuchando disgustado a un adversario, prorrumpi con fiereza y dijo fieramente:  Erra de medio a medio el señor opinante.  González, y no sólo él, pero él, principalmente, advirtió inmediatamente el yerro, y muy discretamente y suavemente, corrigió a su colega por lo bajo, con el pretexto de aprobarlo, y le dijo:  En efecto, yerra completamente su adversario.  Advertencia que el otro cogió al vuelo, porque era ignorante pero no tonto.  Prosiguió el debate y el impugnador redoblaba sus ataques, y fue tanto el redoble, que el amigo de don Joaquín se puso violentamente de pie y dijo con vehemencia, alzando mucho la voz:  Y mi impugnador sigue yerrando, sigue yerrando…  Nosotros nos reímos o sonreímos del yerro. ¿Por qué? Porque sabemos que hay verbos regulares y verbos irregulares. Verbo regular es el que se conjuga sin alterar la raíz, el tema o las desinencias; por ejemplo, amar. Verbo irregular es el que se conjuga alterando la raíz, el tema o las desinencias; por ejemplo, ir, o en el caso de que se trata, errar.","elcomercio","19/01/2015"
"Editorial de El Comercio","Importantes medidas econmicas se ven afectadas por la cada en la aprobacin del presidente. e n la ltima encuesta nacional urba- n de El Comercio-Ipsos, se aprecia  que el presidente Ollanta Humala ha  tenido un severo tropezn en su nivel  de aprobacin. Esta abrupta cada de  5 puntos (de 30 a 25) no debera sorprender a  nadie, pues entre diciembre y enero el gobierno  hubo cometido varios errores polticos que han impedido la aprobacin de importantes leyes  para reactivar la economa. A esto habra que sumarle el escandaloso escape de Martn Belaunde  Lossio a Bolivia, que ha removido los cimientos  de Palacio de Gobierno. Qu factores propiciaron esta baja?  Entre lo ms notorio estn las reacciones del  presidente a los ataques de la oposicin. Y si bien es cierto que en poltica el que calla otorga, los  gravios a sus crticos no han sido los ms adecuados para la investidura del cargo, sobre todo  porque un poltico nunca debe perder de vista  que cuando ataca a sus opositores, tambin est agrediendo a los miles de ciudadanos que votaron  por ellos.  Pero la paranoia de insultar a la oposicin no  se limita al presidente, pues tambin hemos visto a un descontrolado titular del Interior disparando tuits a diestra y siniestra, al punto de que  lajefa del Gabinete tuvo que darle un tmido  jaln de orejas, que el ministro Urresti ignor,  pues sigui con su ya conocido burlesco humor.  La ministra de la Mujer y Poblaciones Vulnerables, Carmen Omonte, mostr  asimismo su descontento con el  titular del Interior y la vicepresidenta Marisol Espinoza –cuyo  distanciamiento con la pareja  presidencial ya es conocido– expres a la vez su rotundo rechazo. Lo preocupante de la conducta de algunos  miembros del Ejecutivo es el cisma que se ha  creado en el Gabinete, pues debilita la gobernabilidad del presidente Humala. Y si de peleas  se trata, lo ltimo que necesita la poblacin son  grescas dentro del Ejecutivo.  Por otro lado, esta batera de ataques a la oposicin ha generado reticencia en el Congreso,  que explica por qu importantes medidas econmicas no han sido aprobadas y siguen dur- miendo el sueo de los justos. Despus de todo,  el presidente Humala no solo ha distanciado y aun perdido a gran parte de su –por lo dems– in- coherente bancada a lo largo de estos aos, sino que tambin ha apartado a los partidos polticos  que podran apoyar muchas de estas medidas.  Esta cada de 5 puntos no  debera sorprender, pues  en el ltimo mes el gobierno  hubo cometido varios errores  polticos.  Claro ejemplo de este entrampamiento es la  ley pulpn, que tiene 72% de  desaprobacin, y si el gobierno  n no cambia su estrategia de  cmo tender puentes con la  oposicin, es muy probable  que los paquetes reactivadores  y esta importante norma pa- sen a ser un anecdctico episodio ms en la historia del Congreso.  Por otro lado, los incidentes de fin de ao  tambiñ expliquen en gran medida la cada en la  aprobacin del presidente. Entre ellos estuvieron las acusaciones de la entonces procuradora  anticorrupcin Yeni Vilcatoma contra el titular de Justicia, Daniel Figallo, y la suspensin del  fiscal de la Nacin, Carlos Ramos Heredia, que desat una crisis poltica por la huida de Martn  Belaunde Lossio a Bolivia. Cmo el hombre  ms buscado del pas pudo escaparse cuando  el ubicuo ministro Urresti haba declarado estar  obsesionado con su captura? Fue solo un  caso de aprovechamiento de fronteras porosas, como ha dicho el ministro Figallo, o recib  apoyo de fuerzas ocultas? Finalmente, estn las  acusaciones acerca del reglaje que se estara haciendo a integrantes de la oposicin y del propio  partido de gobierno. No es descabellado pensar  que un impredecible ministro del Interior, que  tiene a su cargo un servicio de inteligencia, pueda montar un aparato de espionaje, y deje de la- do temas de fondo, como el pandillaje y el sicariato en las zonas de menos recursos.  El presidente Humala ha ca-do en sus niveles de aprobacin, y en la medida en que no hace ajustes en su Gabinete y no em-pieza a tender puentes con la oposicin, las reformas que podrían tener un efecto positivo en el PBI permanecerán en las estanterías del Parlamento. Por el  bien del pas y de la gobernabilidad, esperemos  que el presidente tome con firmeza las riendas de  este improductivo caos.","elcomercio","19/01/2015"
"Humor Profano","- MariO Molina - el tbnano -eL Tunche -  Hugo Urresti  camisa roja, la cual har juego con una boina del  mismo color. Asimismo, estara por confirmarse  que Urresti tendra su propio programa de radio  y de televisin en seal abierta, llamado Al, ministro.   A qu se deben estas novedades? Estar el  seor Urresti preparando su campaa presidencial para el 2016? Es muy prematuro para confirmar la informacin, aunque se empieza a rumorear que el ministro ya habra contratado a un  pajarito como asesor de campaa.  e l 2015 ha tra-do una gran actividad en  la cuenta de Twitter del titular del In- terior, Daniel Urresti. Pese a las crticas  recibidas por distintos sectores polti- cos de la oposicin e incluso del oficialismo, el  mpetu del ministro no habra disminuido. Fuentes cercanas nos indican que ya tendría  listos sus tuits para esta semana. De la lista, destacan: Los opositores son caimanes del mismo  pozo, No soy monedita de oro pa’ caerle bien a  todos; as nac y as soy; si no me quieren, ni modo, Seguridad o muerte, venceremos. Hasta la  victoria final, siempre!, y, sobre todo, You are a  donkey, Mr. Garcia!.  Pero estos posibles tuits –que resultan extraordinariamente familiares– no serian la nica novedad  de la semana desde la cartera del Interior. El ministro estara pensando dejar de lado el chaleco  y la gorrita policial, para estrenar una llamativa  camisa roja, la cual har juego con una boina del  mismo color.","elcomercio","19/01/2015"
"Maltrato a quienes aportaron al antiguo fondo nacional de vivienda?","Lima 2019?  Fonavistas pulpines -Mariana Legua-  Arquitecta - Irma Montes PatiO -  Consultora  desde los Juegos Olmpicos  de Barcelona en 1992, el  discursodel megaevento como estado excepcional y temporal se ha desplazado  a uno de transformacin urbana a largo plazo.   Qu debemos esperar de los Juegos Panamericanos 2019 en Lima? Cmo asegurarnos  de que la inversin vaya ms all del evento, ms all del branding, y tenga un impacto positivo y perdurable sobre la ciudad?   En la mayora de casos histricos, no ha existido una planificacin posevento para nuevas  infraestructuras olmpicas. En Beijing 2008 y Atenas 2004, por ejemplo, el proceso fue marcado por el abandono: se apuesta por ganar los  juegos y poner a la ciudad en escena, y luego la infraestructura queda subutilizada o en ruinas.  Por ejemplo, el Water Cube, diseado por la conocida arquitecta Zaha Hadid, para las Olimpiadas de Beijing, yace abandonado, con prdidas de ms de un milln de dlares anuales en  mantenimiento, pese a recibir un subsidio del gobierno.   Para evitar esto, el plan maestro debe ser  pensado a largo plazo. Es decir, lo que se dise para suplir la demanda momentnea del evento debe ser fcilmente adaptable para cubrir las  demandas cotidianas de la poblacin despus del evento. El reto ms importante, entonces,  es comprender cul debiera ser el legado de los juegos, estudiar qu zonas de la ciudad necesitan  mayor atencin, qu equipamientos faltan en nuestra ciudad y cmo los juegos podran aprovecharse para cubrir este dficit. No debera  darse el caso de que el gasto en nueva infraestructura niegue la posibilidad de construir equipamientos ms bsicos o urgentes, sino, por el  contrario, que la inversin del evento pudiera ser la primera etapa de implementacin para cubrir estas necesidades.   As, la infraestructura nueva –villa  olmpica, estadios, centros de entrenamiento, etc.– podra disearse para que puedan convertirse en escuelas, museos, parques, bibliotecas o viviendas, segn las necesidades.   En Barcelona 1992 y Londres 2012, el enfoque de los juegos se centr en la regeneracin  de la ciudad. En la capital britnica las infraestructuras nuevas se planificaron para tener una  doble vida, siendo en muchos casos temporales y reciclables, fciles de desmantelar. Adems, la seleccin del lugar para albergar los juegos fue  estratgica, concentrando todo el evento en una zona posindustrial y olvidada, transformndolo en un nuevo barrio y centralidad de la ciudad, con nuevas conexiones al transporte pblico.   Como en Barcelona antes de 1992, nuestra ciudad carece de infraestructura deportiva, cultural y recreacional. Debemos concebir a los Juegos Panamericanos como un gran catalizador urbano capaz de acelerar la reforma del  transporte, generar nuevos espacios pblicos, promover la integracin vial y cultural de la ciudad. Adems, este acontecimiento exige que afinemos nuestros mecanismos de intervencin  en la ciudad, especialmente en lo que respecta a alianzas pblico-privadas y proyectos intermunicipales, instrumentos bsicos para la transformacin de la urbe.   La prdida de la nominacin (an posible,  pese a la ratificacin reciente de la sede), ms que un golpe a nuestro orgullo cvico, sera una gran prdida para los limeos. No permitamos  que las fricciones polticas de turno nieguen esta oportunidad.","elcomercio","19/01/2015"
"El nuevo rgimen laboral juvenil ha generado ya cuatro protestas multitudinarias, con heridos y detenidos.","Un conflicto derivado de la p-sima difusin de los potenciales beneficios de la norma para abrirle las puertas del empleo formal a miles de jvenes que se sienten afectados. A los que s les han afectado y robado derechos y dinero es a quienes durante dcadas vieron sus remuneraciones recortadas por el aporte obligatorio al Fondo Nacional de Vivienda (Fonavi).  El Fonavi fue creado en 1979, a fines del gobierno militar de Francisco Morales Bermdez, con la supuesta finalidad de satisfacer la necesidad de vivienda de sus aportantes (quienes cada mes vean su sueldo adelgazado por el descuento de ley). El fondo se fue desvirtuando y en 1998, mediante la Ley 26969, se cre el Impuesto Extraordinario de Solidaridad y se liquid el Fonavi, esfumando el lejano sueo de la casa propia.  Han pasado ms de 35 aos y para la gran mayora de aportantes el Fonavi fue solo una gran estafa, pero lo peor de todo han sido las falsas expectativas. Recordemos que el Tribunal Constitucional (TC) convoc a un referndum para aprobar una ley que devolviera lo aportado. Pero que esos aportes seran actualizados, palabra clave que abrira la puerta de la arbitrariedad, pues deja a criterio del Fonavi calcular el monto. De hecho, en el fondo quedan escasos recursos y pagarlos de otro modo significara afectar la caja fiscal. Como fuere, la ilusin fue generalizada entre quienes lucharon por ms de 20 aos para recuperar ese dinero.  El Fonavi fue un error desde su concepcin y creacin; su esencia era demaggica e idealista de cumplir (dotar de vivienda a los aportantes, que eran demasiados) y la estructura misma, injusta. Existe el consenso –y la realidad lo demuestra– de que los fondos comunes (colectivos) funcionan solo para algunos contribuyentes. Como lo explic un editorial del diario Gestin: En la prctica, cualquier aporte individual que se destina a un fondo comn termina convirtindose en un subsidio para alguien ms.  Y tras piedras palos, pues entre tanto clima de conflicto social, en que el gobierno est abusando y trasgrediendo los derechos sociales de tantos grupos, rebela pensar que no se le estn reconociendo derechos a peruanos no tan jvenes, con mnima proyeccin profesional por su edad, a ciudadanos que trabajaron toda una vida, aportaron de su sueldo y pagaron sus impuestos. Grupo a quien el Estado manipul por aos sus boletas de pago y les oblig a pagar el 1% de su sueldo, a cambio de nada.  Una promesa de campaa con tufillo demaggico, pues el engao o tergiversacin de la verdad es lo mismo que la mentira. La devolucin de montos irrisorios es no solo un abuso sino un insulto a estos aportantes debido, una vez ms, a la falta de honestidad y, sobre todo, falta de respeto por parte del Ejecutivo, como me comentaba un septuagenario que se siente indignado y con justsima razn. Por lo visto, el gran logro del gobierno humalista ha sido convertir a miles de ciudadanos, hasta nonagenarios, en pulpines, generar la peor crisis social en muchos aos y agravar el clima de conflictividad social que nos rodea. Per se escribe con p de pulpn? ","elcomercio","19/01/2015"
"Mauro Fernández: En Nasca las cosas se hicieron mal","En diálogo con el programa Cuarto poder, activista argentino de Greenpeace señaló que desconoce que las líneas preincas son intangibles. Acusa a austriaco de dirigir comitiva.  El ambientalista dice que aún no fue notificado sobre la prisión preventiva que pesa sobre él.  Mauro Nicolás Fernández, el activista argentino de Greenpeace acusado de haber dirigido la comitiva que atentó contra las Líneas de Nasca en diciembre pasado, dio la cara por primera vez desde el incidente.  En una entrevista concedida al programa Cuarto poder desde su natal Buenos Aires, el ambientalista aseguró que desconoce que el área a la que ingresó, junto con otras 11 personas, era una zona intangible.  El joven de 25 años reconoció que los activistas cometieron un grave error.  Yo quiero seguir haciendo las cosas bien y en Nasca se hicieron mal. Esto me duele muchísimo, no solo por lo que me pasa a mí, sino por lo que dejamos [huellas cerca de la figura del colibrí], añadió Fernández, sobre quien pesa una orden de prisión preventiva de seis meses emitida por el Primer Juzgado de Investigación Preparatoria de Nasca.  Fernández contó que llegó a Lima para participar de la conferencia sobre el cambio climático COP 20 y fue all donde la sede alemana de Greenpeace lo convocó para comunicar el mensaje contra el uso de combustibles fósiles, que fue colocado con letras amarillas cerca de la figura del colibrí para llamar la atención de los líderes internacionales.  En ningún momento hubo una reja [en las Líneas de Nasca] o algo que sortear. Quiz ah me habría preguntado algo, manifestó el ambientalista.  Sin inconvenientes:  1. Fernández dijo que abandonó el Perú por el aeropuerto Jorge Chávez. Volvi a mi casa en cuanto terminé mi trabajo en Perú, dijo. 2. Sobre la orden de captura, señaló que espera ser notificado para iniciar su defensa. No pienso evadirme, ni me voy a escapar, dijo. 3. Según Mauro Fernández, el arqueólogo Mario Olachea Aquije -denunciado por guiar a una japonesa- no acompañó a su grupo. 4. El argentino indicó no haber visto ni un límite entre la carretera y la zona de los geoglifos de Nasca.  Acusación:  El argentino dijo que el responsable de la comitiva de ambientalistas fue el arqueólogo austriaco Wolfgang Saidak, quien ya ha sido identificado y denunciado por el Ministerio Público por el delito contra el patrimonio cultural de la Nación. Esta misma acusación y una orden de captura internacional pesa sobre Fernández, quien señala que se enteró de la misma a través de los medios de comunicación, ya que –asegura– hasta la fecha no ha sido notificado.  Mi cara está asociada a una actividad que me avergüenza y me veo obligado a decir que Saidak estaba a cargo, declaró Fernández, quien pidi disculpas a los peruanos por el ingreso ilegal a la zona arqueológica y por la afectación realizada.  El argentino sabe que la Interpol lo estaría buscando, por eso concedió la entrevista en la clandestinidad.","elcomercio","19/01/2015"
"Extrañas muertes. Los padres de tres neonatos que fallecieron en el hospital Lazarte de Trujillo piden una investigación.","Essalud asegura que tres bebés murieron por ser prematuros.  La institución informó que los neonatos tenían problemas congénitos. Padres creen que hubo negligencia médica.  Trujillo. La encargada ad hoc de la comisión investigadora de la muerte de tres bebés en el hospital Víctor Lazarte de Essalud, Luisa Sasieta, aseguró que los niños fallecieron por su condición prematura y problemas congénitos.  Hemos revisado los tres casos, en los cuales existen factores maternos de riesgo, señaló.  La vocera de la institución indicó que las madres de los neonatos fallecidos son mayores de 40 años y que su estado de salud influyó en el de sus hijos.  Han tenido cinco, seis y ocho embarazos, respectivamente. Además, han tenido preeclampsia y esto pudo haber repercutido en la condición de los niños durante la gestación, de tal manera que estos tres niños han nacido enfermos, sostuvo la neonatóloga a El Comercio.  Descargo:  Al ser consultada sobre la denuncia de los padres, quienes aseguran que los recién nacidos fueron infectados con las bacterias hospitalarias ‘Staphylococcus xylosus’ y ‘Staphylococcus aureus’, Sasieta atinó a decir que eran bebés con las defensas bajas susceptibles de contraer una infección hospitalaria.  El descargo brindado por Sasieta no convenció a los padres de los niños, quienes ayer realizaron una vigilia frente al hospital. Uno de ellos es Alfredo Chinga, quien cree que existiría negligencia médica. Él asegura que serían diez casos de neonatos fallecidos en el último mes en este nosocomio.","elcomercio","19/01/2015"
"Futuro verde. El bosque de Cuyas-Cuchayo es una de las zonas que será oficialmente preservada por sus árboles en peligro de depredación y la fuente de agua que significa para la región.","La conservación de los nuevos pulmones de Piura.  La provincia de Ayabaca espera la pronta promulgación de tres áreas de conservación privada que albergan flora y fauna endémica.  Como parte de su política de cuidado del medio ambiente, la provincia de Ayabaca contará dentro de poco con tres nuevas áreas de conservación privada (ACP), gestionadas por los propios comuneros que las poseen. Dichas áreas verdes suman 1.464 hectáreas y estarán sujetas a conservación, protección y un manejo sostenido.  Las ACP serán Cuyas-Cuchayo, con 102,65 hectáreas; Cujaca con 454,32 hectáreas; y Tapal, con 908,02 hectáreas. Las tres zonas son importantes porque albergan especies endémicas de flora y fauna.  El expediente de las tres ya fue aprobado por el Servicio Nacional de Áreas Naturales Protegidas (SERNANP) y espera la confirmación del Ministerio del Ambiente. El subgerente regional de Medio Ambiente, Vicente Merino, dice que las nuevas ACP son fruto del trabajo con las comunidades campesinas.  Más detalles:  El gerente regional de Recursos Naturales y Gestión del Medio Ambiente del Gobierno Regional de Piura, Ronald Ruiz Chapilliquín, prometió que en menos de 100 días se declararían las tres nuevas áreas de conservación privada.  Además, se busca la viabilidad del proyecto de inversión pública Recuperación de los Servicios Ambientales del área de Conservación Regional Bosques Secos de Salitral-Huarmaca.  Magico bosque:  Una de las nuevas áreas se encuentra a diez minutos de la ciudad de Ayabaca, en Piura. El bosque de Cuyas-Cuchayo es famoso porque absorbe a través de sus plantas y líquenes gran cantidad de agua de lluvia y neblina que luego suelta hacia las partes bajas. Se trata de uno de los pulmones de Piura y una gran reserva de agua. Su principal guardián es don Esteban Aguilera. Hace más de diez años emprendió la protección de este ecosistema. Un día nos reunimos con mis hermanos y conversamos sobre el futuro del bosque [las 150 hectáreas que les heredó su padre]. Mis hermanos querían quemar grandes extensiones de terreno para luego sembrar frutales y pasto para los animales, pero yo les metí el bichito de la conservación y me escucharon, cuenta.  Así, todas las mañanas, don Esteban, sus hermanos, hijos y nietos se internan en el bosque. Se aseguran de que nadie haya ingresado a sus parcelas, que no están cazando o talando ilegalmente. Observan que no haya invasiones sorpresivas, que las orquídeas no hayan sido arrancadas.  Hay tres rutas para ingresar al bosque de Cuyas: desde Ayabaca, que es el camino más conocido; desde Ambasal, en el distrito piurano de Montero; o también por la comunidad de Joras, si se viene desde Ecuador. Se trata de un bosque con árboles altos y frondosos, como el repagüero (que es el árbol más talado en la zona), el romerillo; preciosas orquídeas, hongos y líquenes.","elcomercio","19/01/2015"
"Científico quiere revivir a los mamuts","Un investigador de la Universidad de Harvard quiere revivir a los mamuts, extinguidos hace 3.700 años, indicó la revista alemana Der Spiegel.  El genetista George Church busca crear a estos animales en su laboratorio e introducirlos en la fría estepa siberiana.","elcomercio","19/01/2015"
"Cerrar los ojos ayudará a recordar las cosas","Científicos británicos probaron en 200 personas que los recuerdos se potencian al cerrar los ojos, una forma de aislarce. La mitad respondió con los ojos cerrados y tuvo más aciertos al recordar cosas como dónde dejaron las llaves que el grupo que se quedó con los ojos abiertos.","elcomercio","19/01/2015"
"Las personas optimistas vivirán más años","Un estudio de la Universidad de Illinois, en Estados Unidos, encontró que las personas con actitud positiva ante la vida podrían vivir más años que las pesimistas. Esto debido a que tienen menos riesgo de desarrollar enfermedades del corazón y menores probabilidades de fumar.","elcomercio","19/01/2015"
"Puno ya vive la fiesta de la Candelaria","Cientos de bailarines desfilaron ayer por las principales calles de la ciudad de Puno como un anticipo de lo que serán las celebraciones de febrero próximo en homenaje a la Virgen de la Candelaria. En noviembre pasado, la UNESCO reconoció a esta festividad religiosa como Patrimonio Cultural e Inmaterial de la Humanidad.","elcomercio","19/01/2015"
"Las personas optimistas vivirán más años","Un estudio de la Universidad de Illinois, en Estados Unidos, encontró que las personas con actitud positiva ante la vida podrán vivir más años que las pesimistas. Esto se debe a que tienen menos riesgo de desarrollar enfermedades del corazón y menos probabilidades de fumar.","elcomercio","19/01/2015"
"Lo que se vende","Finalmente, los investigadores se hacen una pregunta filosófica importante: ¿Debemos esperar que este tipo de programas médicos de la televisión sirvan para educar o, por la naturaleza de su producción, estos programas son más de entretenimiento que de educación?  Los investigadores apuntan a que hace falta estudiar el otro lado de la moneda, es decir, falta saber cuáles son las expectativas del público al mirar esos programas de televisión. En otras palabras, ¿qué es lo que espera el televidente al ver al Dr. Oz y sus clones: ser educado, entretenido, o ambos?  Nuestra recomendación es muy simple: dése cuenta de las intenciones de los doctores que salen en la radio o la televisión (incluida mi persona, por supuesto) y analice si le quieren vender algún producto.  Dése cuenta si le están vendiendo alguna hierba, un suplemento de vitaminas o minerales o le están tratando de describir las bondades de alguna dieta mágica, algún mineral que sirve para todo o algún producto milagroso aún no reconocido por la ciencia.  En otras palabras, dése cuenta de quién lo quiere informar y educar y quién solo desea su dinero.","elcomercio","19/01/2015"
"Terroristas se filtran por frontera entre España y Marruecos","Los enclaves de Ceuta y Melilla para el norte de África son un punto neurálgico. El Gobierno Español reforzará la vigilancia en la zona.  España es la puerta principal de Europa por la que entran yihadistas captados en Marruecos. Los enclaves españoles de Ceuta y Melilla, situados al norte de dicho país, son una cantera de potenciales extremistas.  Luego de la tragedia de París en el semanario Charlie Hebdo, el Gobierno Español aprobará esta semana un plan contra el terrorismo islamista que tendrá su punto neurálgico de vigilancia en la frontera con Marruecos.  España ya tiene un programa especial antiterrorista desde que el 11 de marzo del 2004 se convirtió en el país europeo que, hasta hoy, ha sufrido el peor atentado islamista de la historia. Ese día murieron 191 personas por la explosión de once bombas, que fueron activadas en trenes de Madrid por sediciosos liderados por marroquíes residentes en España.  Doce de los 18 condenados por el ataque del 11-M son marroquíes. Los demás son un libanés, un argelino y cuatro españoles que proporcionaron explosivos. Asimismo, eran marroquíes cinco de los siete terroristas que se suicidaron en un edificio madrileño días después de los atentados al verse acorralados por las fuerzas de seguridad. Los otros dos suicidas eran de Túnez y Argelia.  Frontera crítica: Las fronteras entre Ceuta [España] y Castillejos [Marruecos], y entre Melilla (España) y Nador [Marruecos] son muy porosas. Hay familias que viven a uno y otro lado de la frontera, hay frecuentes movimientos de población entre ambos países por lo que la labor de la policía es muy complicada. Trabajan conjuntamente las fuerzas de seguridad españolas y marroquíes en el desmantelamiento constante de células terroristas, el último desmantelamiento se produjo esta semana.","elcomercio","19/01/2015"
"Reapertura del Parque de la Reserva y del Circuito Mágico del Agua","Meos acudieron ayer a la reapertura del Parque de la Reserva y del Circuito Mágico del Agua, en el Cercado de Lima, cerrados hace dos semanas por obras de remodelación y reparación de los motores de las piletas.  La reapertura del parque estuvo programada para las 5 p.m., pero los visitantes llegaron desde las 4:30 p.m. entusiastas por apreciar los espectáculos de las trece fuentes de agua.  El costo de la entrada para el público en general fue de S/.4. Las personas mayores de 65 años y los menores de cuatro no pagaron.  Hasta el cierre de esta nota, la Municipalidad de Lima desconoce la cifra de concurrentes al Circuito Mágico del Agua. Estuvo abierto hasta las 11 p.m.  A las 8:15 p.m. el alcalde de Lima, Luis Castaeda Lossio, llegó al parque y se dio inicio a un espectáculo proyectado en una pantalla de agua. También hubo fuegos artificiales.  Hemos tenido que cambiar 1.400 luminarias. La mayoría de piletas han estado descuidadas, sostuvo Castaeda, pero no informó cuanto se invirtió en la remodelación. El alcalde también resaltó que con la reactivación del parque la ciudad empieza a recuperar sus espacios públicos. Este es un parque del más alto nivel. Turísticamente es el más visitado en Lima, refirió.","elcomercio","19/01/2015"
"Reparten bloqueadores en agua dulce","La Liga Contra el Cáncer, con el apoyo de Unique, distribuyeron ayer miles de bloqueadores solares en la playa Agua Dulce, en Chorrillos, en el marco de su campaña Prevención 365. La liga planea repartir en esta temporada de verano 50 mil bloqueadores de factor 100 para prevenir el cáncer de piel, enfermedad que mata a más de 1.200 personas al año en el Perú.","elcomercio","19/01/2015"
"Hallan material educativo en deterioro","En el almacén central y en los ambientes de las cuatro unidades de gestión educativa (UGEL), que funcionan en Trujillo, se encontró abundante material pedagógico en proceso de deterioro, debido a la falta de cuidado.","elcomercio","19/01/2015"
"Colegios serán mejorados en iniciativas privadas","Los proyectos serán desarrollados mediante iniciativas privadas cofinanciadas (IPC). Entre ellos hay tres colegios de alto rendimiento (COAR) en tres regiones del país.","elcomercio","19/01/2015"
"Estudiantes debatieron sobre problemas mundiales","Más de 360 jóvenes participaron en la cuarta edición del Harvard National Model United Nations Latin America (HNMUN-LA).  Negociación y acuerdos. Los jóvenes defienden sus posiciones y toman acuerdos en temas de alcance global.  Antoñette Semizo  La prestigiosa Harvard National Model United Nations Latin America 2015 (HNMUN-LA), la conferencia de modelo de las Naciones Unidas más importante de la región, se realizó en nuestro país del 13 al 16 de enero en la Universidad del Pacífico con más de 360 estudiantes de diversos países.  En HNMUN-LA, los participantes adoptan el rol de representantes diplomáticos de países reunidos con el objetivo de discutir, negociar, debatir y resolver asuntos de la problemática internacional que, hoy por hoy, forman parte de la agenda real de las Naciones Unidas.  Este año, la conferencia fue organizada por la Universidad de Harvard, la Universidad del Pacífico y la Asociación de Estudios sobre las Naciones Unidas en el Perú (AENU Per). Asistieron estudiantes provenientes de Argentina, Bolivia, Brasil, Chile, Colombia, Ecuador, Guyana, Estados Unidos, Venezuela y el Perú, quienes debatieron y propusieron soluciones a problemas como las pandillas transnacionales, las condiciones médicas en países de bajos ingresos, la desnutrición y la mortalidad infantil, las protestas antigubernamentales, la insurgencia islámica en Nigeria, el autogolpe de Alberto Fujimori, los pueblos indígenas y las industrias extractivas.  Carlos J. Zelada, profesor de la Universidad del Pacífico y coordinador general de la actividad, comentó: HNMUN-LA presenta una maravillosa oportunidad para que estudiantes de diferentes carreras y lugares de todo el país y América Latina se acerquen a conocer los aspectos medulares de la problemática mundial. Para la Universidad del Pacífico, pionera en el Perú con los MUN universitarios, es un privilegio ser la anfitriona de tan importante cita en la que culturas, opiniones y maneras distintas de ver el mundo se contrastan bajo el ideal del respeto mutuo.  Trabajo en equipo  Para Lorena Yalta Esterripa, alumna de la Facultad de Derecho de la Universidad del Pacífico, el Modelo de Naciones Unidas (MUN) ha sido importante porque, además de permitirle desarrollar capacidades como investigación, negociación y trabajo en equipo, ayuda a muchos jóvenes a darse cuenta de que aunque de repente no sigan la vida diplomática, desde cada una de sus carreras pueden hacer mucho para cambiar la vida de mucha gente. Permitirnos discutir temas de tanta relevancia como malnutrición y mortalidad infantil es enriquecedor para todos nosotros, porque nos permite ponernos en el zapato de mucha otra gente y saber que podemos hacer algo por ellos, sostiene.  El alcance del MUN no se limita a estudiantes universitarios, participan también escolares de secundaria, quienes vienen con mucha curiosidad, no solo por participar en un evento tan importante, sino por la experiencia de discutir con alumnos universitarios y escuchar sus propuestas.  HNMUN-LA es importante para mí porque me permite discutir temas que son de relevancia mundial con personas de otros países del mundo que tienen una perspectiva diferente y tienen diferentes ideas sobre cómo enfrentar estos problemas. También es importante para mí porque me permite desarrollar habilidades sociales, habilidades de oratoria, habilidades para negociar, dice Elizabeth Everness, futura economista.  Al finalizar la conferencia, se elaboró una resolución en formato de las Naciones Unidas que firmaron los países. Este documento contiene las posibles soluciones a los problemas que se han tratado y es entregado a los directores de Harvard, el cual será publicado. La idea es que los representantes de este organismo vean el avance de la juventud en estas discusiones de los problemas globales, finaliza Michelle Meza, de AENU Per.","elcomercio","19/01/2015"
"Ministra de la Mujer propone incluir Educación Sexual en la currícula","La ministra de la Mujer, Carmen Omonte, propuso que el sector Educación incluya la educación sexual integral en el Marco Curricular Nacional. Esto tiene como objetivo prevenir embarazos prematuros.","elcomercio","19/01/2015"
"Por primera vez en el Perú Cultura de las Naciones Unidas para estudiantes","HNMUN fue fundado en 1955 por estudiantes de la Universidad de Harvard y hoy es la más grande y prestigiosa conferencia de modelo de las Naciones Unidas (MUN) en el mundo. Congrega a más de 3.000 estudiantes universitarios cada año en Boston. Tras casi seis décadas organizando esta conferencia en Estados Unidos, el equipo de la Universidad de Harvard decidió en el 2012 exportar HNMUN a América Latina y crear HNMUN-LA. 2015 marca la primera vez que el Perú es elegido sede de esta importante conferencia internacional.  Michelle Meza, representante de AENU Per, señaló: El MUN y, en particular, HNMUN-LA son vehículos que permiten llevar la cultura de Naciones Unidas a estudiantes escolares y universitarios que usualmente no están en contacto con ella, pero bajo un formato didáctico, que permite abarcar una gran variedad de temas que van desde cuestiones humanitarias hasta asuntos científicos de naturaleza técnica. Para AENU, el Perú viene trabajando durante casi una década promoviendo la cultura MUN en el Perú.","elcomercio","19/01/2015"
"Base de datos del Concytec al alcance de investigadores peruanos","Se han agregado recientemente cuatro millones de artículos de revistas especializadas de primer nivel.  El Consejo Nacional de Ciencia, Tecnología e Innovación Tecnológica (Concytec) agregó a su colección más de cuatro millones de artículos correspondientes a revistas especializadas de primer nivel de la base de datos ScienceDirect de la editorial Elsevier de manera gratuita.  La colección Backfiles Pre-1995 de ScienceDirect, archivo histórico de revistas especializadas disponibles antes de 1995, comprende todas las áreas temáticas y todos los títulos de las revistas.  El Concytec ofrece acceso a bases de datos bibliográficas cuyos contenidos tienen información especializada para investigadores, docentes, alumnos y público en general.  Son 20 bases de datos científicas, 13 de ellas de acceso libre, que el Concytec pone a disposición de la comunidad en general.  En ellas se pueden encontrar los más importantes recursos de información, como bases de datos bibliográficas, redes especializadas y revistas científicas con texto completo.  Archivo  - Remodelarán colegios emblemáticos -  El Ministerio de Educación remodelará este año cinco colegios emblemáticos de Lima. Estos son: María Parado de Bellido, Bartolom Herrera, Ricardo Palma, Isabel La Católica y José María Eguren.  Publicarán relación de Puestos Docentes Profesionales en ciencias podrán ser docentes  Profesionales con título universitario en las carreras de Ingeniería, Matemática, Estadística y Física podrán participar en el proceso de contratación de docentes 2015, cuya relación consolidada de vacantes deberán publicar en las direcciones regionales de educación (DRE) del país, hasta el 23 de enero.  Por Concurso Financiamiento para acreditación  El Sineace ha lanzado la Tercera Convocatoria de Financiamiento de Planes de Mejora y Evaluaciones Externas con fines de acreditación para instituciones públicas de educación superior. Informes en: convocatoria3FEC@procalidad.gob.pe, hasta el 13 de febrero.","elcomercio","19/01/2015"
"Entre ambos pases","por lo que la labor de la policía es muy complicada. Trabajan conjuntamente las fuerzas de deseguridad española y marroquí en el desmantelamiento constante de células terroristas, el último desmantelamiento se produjo esta semana, señala desde Rabat en conversación con El Comercio Javier Otazu, corresponsal de la Agencia EFE en Marruecos. Sobre el reclutamiento de potenciales yihadistas indica: Las mezquitas están mucho más controladas en Marrue- cos que en Europa, porque en Europa hay muchas mezqui- tas informales. Si se produce reclutamiento en estos centros será en los pasillos o a las afueras. De hecho, cada viernes el sermón incluye la lectura de directivas de seguridad contra el yihadismo. Migración. La continua llegada de inmigrantes marroquíes y del resto de África a territorio español ha puesto en alerta a las autoridades.","elcomercio","19/01/2015"
"Islamofobia en Alemania","Prohíben Protesta Advertidas por los servicios secretos, las autoridades de Alemania prohibieron en Dresde la marcha del movimiento islamófobo Pegida prevista para hoy. aMenaza terrorista La policía de Dresde recibió información sobre un concreto riesgo terrorista contra Pegida.","elcomercio","19/01/2015"
"Fanáticos marroquíes","Según fuentes oficiales, la mayoría de yihadistas que ingresan a Europa procedentes del norte de África lo hacen por el sur de España. Muchos llegan desde Ceuta y Melilla, tienen nacionalidad española y abrazan el islamismo radical tras ser reclutados en barrios de escasos recursos. Uno de estos barrios es el del Príncipe, en Ceuta, muy cerca de la frontera con Marruecos. Precisamente un canal de televisión español emite la serie El príncipe, que, situada en dicha zona, recrea actividades de islamistas. En su mayor parte son adolescentes y jóvenes sin trabajo ni estudios que son reclutados por imanes radicales que los acogen en mezquitas y centros clandestinos, donde, como cualquier otra secta, les lavan el cerebro para convertirlos en fanáticos yihadistas.","elcomercio","19/01/2015"
"Persecución en Bélgica","las autoridades siguen buscando al sospechoso de encabezar la célula terrorista desmantelada hace unos días. La mayoría de los terroristas de los ataques del 11 de marzo del 2004, sin embargo, habían nacido en Marruecos y eran inmigrantes en España desde hace ya algunos años. En el juicio qued demostrado que casi todos se habían convertido al islam radical en diversos viajes que realizaron a Marruecos, Iraq o Argelia. Al igual que los terroristas de París, retornaron a España fanatizados con el fin de cometer atentados en un país en el que anteriormente habían vivido como otros jóvenes, alejados de la práctica religiosa islamista, frecuentando discotecas y bebiendo alcohol. En Marruecos y en los enclaves españoles de Ceuta y Melilla el reclutamiento de yihadistas se realiza casi siempre entre jóvenes con una situación económica precaria. La marginalidad es el caldo de cultivo inicial de este reclutamiento. En los últimos tiempos añadimos a ello la campaña publicitaria de entidades terroristas como el Estado Islámico que cala en países musulmanes y en países europeos que, como España o Francia, cuentan con numerosas colonias marroquíes o argelinas. No se trata de criminalizar a colonias enteras, queremos alertar en primer lugar a las familias de estas personas para que cuiden que sus hijos no caigan en el fanatismo, señala un experto en la lucha antiterrorista del Ministerio del Interior español.","elcomercio","19/01/2015"
"Musulmanes y cristianos contra Charlie Hebdo","diversos grupos políticos y religiosos de Pakistán protestaron ayer por cuarto día contra las caricaturas de Mahoma publicadas en la revista francesa Charlie Hebdo. Las manifestaciones también llegaron desde la minoría cristiana en el país. En ciudades como Karachi, Lahore, Multan y Peshawar, los manifestantes quemaron la bandera de Francia y exigieron al presidente galo que prohíba el semanario satírico. Una protesta incluso rindi homenaje a los hermanos Kouachi, que atacaron las oficinas de la revista el pasado 7 de enero y mataron a 12 personas. Las representaciones físicas del profeta son consideradas blasfemas y esta semana han ocurrido protestas en varios países musulmanes. La mayor movilización en Pakistán se dio en la ciudad oriental de Lahore, donde más de 10.000 personas de la organización de línea dura Jamaat-ud-Dawa coreaban Muerte a los blasfemos. Hafiz Mohammad Saeed, líder de Jamaat-ud-Dawa, exhortó a los líderes musulmanes a convencer a la ONU para que declare cualquier forma de blasfemia un crimen internacional. Si Naciones Unidas no presta atención, entonces los estados musulmanes deben formar su propia ONU, señaló Saeed. Los cristianos también En Peshawar, al noroeste del país, miembros de la minoría cristiana pakistaní se manifestaron en contra de las caricaturas de Charlie Hebdo y reclamaron que sus autores sean llevados ante la justicia. Los participantes condenaron los dibujos de Mahoma publicados en la revista satírica por considerar que amenazan la armonía religiosa y la paz mundial, por lo que pidieron a la comunidad mundial tomar medidas para detener este tipo de actos.","elcomercio","19/01/2015"
"Israel ataca territorio sirio y mata a cinco miembros de Hezbol","El bombardeo cay en la zona siria de los Altos del Golan. El grupo extremista libanés apoya a Bashar al Assad. Beirut [agencias]. Un ataque aéreo israelí en territorio sirio mató a cinco miembros del grupo extremista libanés Hezbol, entre ellos a Jihad Mughniyeh, hijo de un difunto comandante militar, informó la organización, en una acción que elevó las tensiones con el poderoso movimiento chiita. Milicianos de Hezbol combaten, junto con las fuerzas leales al presidente Bashar al Assad, a los opositores rebeldes sirios. Los miembros de Hezbol en poblados a lo largo de la frontera con Israel están en máxima alerta, dijo un representante del grupo. En las áreas de mayoría chiita del sur de Líbano y Beirut, las calles se vaciaron rápidamente porque los residentes temen una escalada de la violencia. La televisora controlada por el grupo Hezbol, Al-Manar TV, advirtió que Israel está jugando con fuego que pone en riesgo objeto. Jihad Mughniyeh fue uno de los fallecidos. Era hijo de un jefe de la organización chiita asesinado en el 2008. Activistas sirios reportaron horas antes que los israelíes atacaron dos vehículos en la zona siria de los Altos del Golan, en la región llamada Mazaare al-Amal y en la base militar siria Talae al-Baath. Misiles iraníes Un representante de Hezbol identificó a uno de los cinco muertos como Jihad Mughniyeh, hijo de Imad Mughniyeh, un jefe de la organización asesinado en el 2008 en Damasco, Siria. Hezbol culpa a Israel por el asesinato y desde entonces ha prometido vengar su muerte. El funcionario dijo que entre los muertos del domingo también está otro comandante de la organización, Mohammed Issa, y al menos un iraní que estaba con el grupo. El jefe de Hezbol, Hassan Nasralah, había anunciado el jueves por primera vez que su partido posee desde el 2006 misiles iraníes Fateh-110, capaces de cubrir todo el Estado Israel. Israel ocupa desde 1967 unos 1.200 kilómetros cuadrados de la parte siria de los Altos del Golan, aunque la anexión nunca ha sido reconocida por la comunidad internacional.","elcomercio","19/01/2015"
"Contra el Estado Islámico","Las autoridades israelíes desactivaron por primera vez en su país una célula de la organización terrorista Estado Islámico (EI) y detuvieron a siete presuntos miembros. Los siete son árabes-israelíes originarios de Galilea.","elcomercio","19/01/2015"
"La visita del Papa rompe récord de asistencia","Pese a la lluvia y el viento, unos siete millones de filipinos escucharon la última misa que Francisco ofició en Manila. Manila [agencias]. El papa Francisco concluyó ayer su segunda gira asiática con una misa al aire libre en Manila ante una multitud que desafió la lluvia y que, según el Vaticano y el Gobierno, atrajo hasta siete millones de personas, la mayor cantidad de personas para un evento papal. La cifra fue proporcionada por el portavoz del Vaticano, Federico Lombardi, que dijo que se basa en cálculos de la Presidencia filipina. Francisco, de 78 años, saludó a la multitud desde el papamóvil –vehículo que fue acondicionado a partir de los tradicionales ‘yipnis’ filipinos– vestido con el mismo impermeable amarillo que se proporcionó a los asistentes. El pontífice argentino se detuvo a lo largo del recorrido para besar a los niños y bendecir las estatuas religiosas en el día en que los filipinos celebraban la Fiesta del Niño Jesús. Algunos de los fieles pasaron la noche frente a las puertas, que se abrieron nueve horas antes de la misa. La ceremonia, celebrada en el único país asiático predominantemente católico, se prolongó durante tres horas. En su homilía, el Papa instó a los filipinos a rechazar las estructuras sociales que perpetúan la pobreza, la ignorancia y la corrupción, un tema que tocó en sus conversaciones del viernes con el presidente Benigno Aquino, que también asistió a la eucarística. También tuvo palabras para los esfuerzos del gobierno en materia de control de la natalidad, diciendo que la familia estaba bajo la amenaza de ataques y programas contrarios a todo lo que consideramos verdadero y sagrado. El Papa volvió a hablar sobre la necesidad de defender a los niños y jóvenes: Necesitamos ocuparnos de los jóvenes, no permitir que les roben la ilusión y los condenen a una vida en las calles. La gira asiática se inició hace una semana con su llegada a Sri Lanka. Se trata de su segundo viaje a Asia en cinco meses, una manera de reconocer la importancia de este continente para la Iglesia Católica. Fervor asiático. El pontífice argentino rechazó en su homilía las estructuras sociales que perpetúan la pobreza y la corrupción.","elcomercio","19/01/2015"
"La niña filipina que dej sin respuesta a Francisco","El Papa también se reunió con algunos niños de la calle recogidos por comunidades eclesiásticas. Una de ellas fue Glyzelle Palomar, de 12 años, que pregunt sollozando al Papa por qué Dios deja que los niños caigan en la droga y la prostitución. Es la única que preguntó algo que no tiene respuesta y que no sabía expresar en palabras sino con sollozos, dijo el Papa tras un largo abrazo con la pequeña. ¿Por qué sufren los niños?, dijo el pontífice en español. Invito a cada uno a que se pregunte: he aprendido a llorar cuando veo un niño hambriento, un niño en la calle que se droga, un niño sin casa, un niño del que abusan?, dijo.","elcomercio","19/01/2015"
"Las carencias del archipiélago","crío de pobreza Alrededor de 25 millones de filipinos, es decir, un cuarto de la población, vive con 60 centavos de dólar al día, según datos oficiales. niños de la calle Según la ONU, 1,2 millones de niños viven en la calle en esta excolonia española. De acuerdo con la Child Protection Network Foundation, el 35,2% de los niños vivía en la pobreza en el 2009. en barriadas El 33% de los filipinos vive en barrios marginales. pas creyente El 80% de los 100 millones de filipinos son católicos y practicantes. La Iglesia es uno de los principales pilares de la sociedad filipina.","elcomercio","19/01/2015"
"Ejecución de un brasileño tensa las relaciones con Indonesia","NA","elcomercio","19/01/2015"
"Guardaes-paldas de la alcaldesa con licencia de la ciudad mexicana de Monterrey, Margarita Arellanes, fue detenido esta semana al ser sindicado como miembro de una banda de secuestradores vinculada al cartel de Los Zetas.","Otros dos miembros de la seguridad de Arellanes tienen orden de captura.","elcomercio","19/01/2015"
"Lanzan huevos a canciller de Canadá","Ramala [AFP]. Manifestantes palestinos lanzaron ayer zapatos y huevos al ministro canadiense de Relaciones Exteriores, John Baird, que visit Ramala, en Cisjordania, para reunirse con su homologo palestino, Riyad al Maliki. Los movimientos juveniles palestinos pidieron manifestarse contra la visita de Baird, cuyo país ha expresado un sólido apoyo a Israel.","elcomercio","19/01/2015"
"Un cuarto de milenio no es algo baladí","Qué requiere la Plaza de Acho para sus 250 años? Pablo Javier Gmez Debarbieri Acho debe ser un escenario multipropósito rentable, de uso continuo. No puede estar en un tugurio inseguro, que se cae a pedazos. Debe unirse peatonalmente con la Plaza de Armas, reconvirtiendo los jirones Libertad, Trujillo y Hualgayoc, comunicando el Centro Histórico con el Convento de los Descalzos, atravesando el río Rmac, Acho, el Paseo de Aguas y la Alameda de los Descalzos. Hay que expropiar los inmuebles ruinosos que rodean Acho – incluido el Mirador, hoy en estado lamentable − e integrarlos a su conjunto monumental. La Ley 29650, promulgada por Alan García en el 2011, lo declaró de necesidad pública. Otorgaba un plazo que venció en enero del 2013, para que la Municipalidad del Rmac iniciase el proceso de expropiación (por ejemplo, ordenar una tasación), pero el alcalde del Rmac, Enrique Peñarrieta, dejó vencer ese plazo, sin mover un dedo. Acho tiene capacidad para 13.188 espectadores, pero actualmente Defensa Civil solo permite 10.000. Hay que reforzarla estructuralmente para recuperar su aforo. Deben habilitarse estacionamientos. Sin parqueos, no existe futuro. 13 mil espectadores requieren 2.600 estacionamientos. Se han propuesto habilitar los patios de colegios cercanos, facilitando fondos a esas escuelas; pero eso totaliza 11.240 metros cuadrados, solo para 470 automóviles. Para que Acho sea un escenario multipropósito, es necesario encontrar otra solución, que podría ser el Club Revólver (junto a los Descalzos); all podrían habilitarse 850 estacionamientos. An faltarían conseguir 1.300 parqueos más. Hay que poner en valor el museo taurino, hoy abandonado y deteriorándose; ampliarlo hacia la primera planta del restaurante El Mesón, construyendo un segundo piso para el restaurante. Ampliar y modernizar los corrales para toros y mejorar el de caballos. Reemplazar las maderas de las gradas y arqueras. Reparar los atrios de Sol y de Sombra, que están deteriorados. Remodelar y modernizar la enfermería. Un restaurante apropiado, en el atrio de Sol. Es mucho, pero hay que empezar a trabajar de una vez.","elcomercio","19/01/2015"
"Editorial: Durmiendo el sueño de los justos","Importantes medidas económicas se ven afectadas por la caída en la aprobación del presidente. En la última encuesta nacional urbana de El Comercio-Ipsos, se aprecia que el presidente Ollanta Humala ha tenido un severo tropiezo en su nivel de aprobación. Esta abrupta caída de 5 puntos (de 30 a 25) no debería sorprender a nadie, pues entre diciembre y enero el gobierno ha cometido varios errores políticos que han impedido la aprobación de importantes leyes para reactivar la economía. A esto habría que sumarle el escandaloso escape de Martín Belaúnde Lossio a Bolivia, que ha removido los cimientos de Palacio de Gobierno. ¿Cuáles factores propiciaron esta baja? Entre lo más notorio están las reacciones del presidente a los ataques de la oposición. Y si bien es cierto que en política el que calla otorga, los agravios a sus críticos no han sido los más adecuados para la investidura del cargo, sobre todo porque un político nunca debe perder de vista que cuando ataca a sus opositores, también está agrediéndoles a los miles de ciudadanos que votaron por él. Pero la paranoia de insultar a la oposición no es el único error del mandatario. También ha fallado en la gestión de su equipo ministerial, especialmente en el caso de la ministra de Economía, Luisa María César, quien ha generado controversia con sus declaraciones públicas.","elcomercio","19/01/2015"
"De los niños que viven en la pobreza en el 2009","El 33% de los filipinos vive en barrios marginales. Pas creyente El 80% de los 100 millones de filipinos son católicos y practicantes. La Iglesia es uno de los principales pilares de la sociedad filipina.","elcomercio","19/01/2015"
"La niña filipina que dejó sin respuesta a Francisco","El Papa también se reunió con algunos niños de la calle recogidos por comunidades eclesiásticas. Una de ellas fue Glyzelle Palomar, de 12 años, que pregunt sollozando al Papa por qué Dios deja que los niños caigan en la droga y la prostitución. Es la única que preguntó algo que no tiene respuesta y que no sabía expresar en palabras sino con sollozos, dijo el Papa tras un largo abrazo con la pequeña. ¿Por qué sufren los niños?, dijo el pontífice en español. Invito a cada uno a que se pregunte: he aprendido a llorar cuando veo un niño hambriento, un niño en la calle que se droga, un niño sin casa, un niño del que abusan?, dijo. Consuelo papal. Glyzelle Palomar, que cuestionó la justicia de Dios, no dejaba de llorar delante del Papa Francisco.","elcomercio","19/01/2015"
"La ejecución de un brasileño tensa las relaciones con Indonesia","El gobierno de Dilma Rousseff llamó a consulta a su embajador en el país asiático. Brasilia/Yakarta [agencias]. El Gobierno de Brasil expresó su indignación y llamó a consulta a su embajador en Indonesia, tras la ejecución de Marco Archer Cardoso Moreira, un brasileño condenado por intentar ingresar con cocaína a ese país. La presidenta de Brasil, Dilma Rousseff, dijo sentirse consternada e indignada por el fusilamiento, indicó un portavoz. Indonesia ejecutó el fin de semana a seis personas, incluidos cinco extranjeros procedentes de Brasil, Holanda, Malawi, Vietnam y Nigeria. Cardoso, de 53 años, fue condenado en el 2004 a la pena de muerte por introducir 13 kilos de cocaína en el país. Fue fusilado en la isla de Nusa Kambangan, en la costa sur de la isla de Java, donde hay una prisión de alta seguridad. Estos fusilamientos son las primeras penas capitales durante la presidencia de Joko Widodo, quien asumió el cargo en octubre. A pesar de su imagen reformista, Jokowi –el apodo con el que se lo conoce– ha dado su apoyo a la pena de muerte en un país que tiene una estricta legislación contra el tráfico de drogas. La guerra contra la mafia de la droga no se puede llevar a cabo con medidas tímidas porque las drogas han arruinado la vida de los drogadictos y de sus familias, dijo ayer el mandatario en un mensaje en Facebook. Jokowi ya había advertido que los condenados no recibirían el perdón presidencial porque el país se enfrenta a una emergencia en su lucha contra las drogas. El recurso a la pena de muerte, que la sociedad mundial condena cada vez más, afecta gravemente las relaciones entre nuestros países, dijeron el sábado las autoridades brasileñas en un comunicado. En tanto, el ministro de Relaciones Exteriores holandés, Bert Koenders, dijo que su país también había llamado a consulta a su embajador tras el fusilamiento de Ang Kiem Soei, calificado como terriblemente triste. Mi corazón está con sus familias, para las cuales esto marca un dramático final tras años de incertidumbre, afirmó Koenders. Respeto a la ley El fiscal general de Indonesia, Muhammad Prasetyo, pidió respeto por las leyes del país en respuesta a las críticas por la ejecución de seis reos. Podemos entender la reacción del mundo y de los países que tienen ciudadanos que han sido ejecutados. No obstante, cada país debe respetar las leyes que se aplican acá, afirmó.","elcomercio","19/01/2015"
"Un disidente norcoreano reconoce que mintió sobre su historia","Seúl [agencias]. Shin Dong-hyuk, un famoso desertor norcoreano y sobreviviente de un campo de prisioneros, reconoció ayer que la historia que relató en un libro sobre las torturas que vivió en el país comunista contenía pasajes distintos a la realidad. Shin, de 32 años, es la única persona conocida en nacer en un campo de presos norcoreano y haber logrado escapar. También activista por los derechos humanos, se disculpó en su página de Facebook diciendo que había querido ocultar y encubrir una parte de su pasado. El diario estadounidense The Washington Post informó que el norcoreano admitió ante el escritor del libro Escape from Camp 14, el periodista estadounidense Blaine Harden, que había mentido sobre algunos puntos de la línea temporal y localizaciones de su historia de supervivencia. Denunci torturas En el libro, publicado en el 2013, Shin afirmaba haber sido torturado y sometido a trabajos forzados hasta el 2005, cuando logró fugarse. Desde entonces, Shin se ha mostrado crítico con el régimen de Corea del Norte y ha descrito su experiencia como llena de palizas y hambruna en el campo 14, una prisión política ubicada en el condado de Kaechon, al norte de Pyongyang. En el libro, Shin deca haber sido torturado y quemado a los 13 años por intentar escaparse. Según The Washington Post, eso ocurrió cuando él tenía 20 años. Shin también contó que había asistido al fusilamiento de su madre y su hermano, lo que, según el diario, no es cierto.","elcomercio","19/01/2015"
"China no crecerá por primera vez desde 1990","Un grupo de analistas augura un crecimiento económico del 7,3% en el 2014 para el gigante asiático. Julien Girault/AFP El crecimiento económico en China se desaceleró en el 2014 hasta niveles que no alcanzaba desde 1990, según un panel de expertos consultado por la agencia AFP, que vaticina que el gigante asiático seguirá perdiendo fuerza en el 2015. A la espera de la cifra oficial del producto bruto interno (PBI), que se publicará mañana, un panel de 15 economistas augura un crecimiento del 7,3% en el 2014. En el 2013, la economía china creció 7,7%. Estas cifras –la media de las previsiones de cada uno de los expertos– serán el peor resultado de la economía china desde 1990, año que siguió a la represión del movimiento democrático en la plaza Tiananmen. China continúa sufriendo los efectos de un mercado inmobiliario lastrado por el exceso de oferta y la caída de las exportaciones, en el contexto de una economía mundial a la baja. En el 2014 las autoridades implementaron el mini-plan de estímulo. El banco central bajó por sorpresa las tasas de interés y llevó a cabo inyecciones de liquidez. Sin embargo, el éxito fue limitado y, según los analistas, en el cuarto trimestre (octubre-diciembre) el PBI creció un 7,2%, menos que el 7,3% del trimestre anterior. Anunció un aumento de las cuotas para los préstamos al sector agrícola y a las pequeñas empresas. El viernes, el banco central anunció un aumento de las cuotas para los préstamos al sector agrícola y a las pequeñas empresas.","elcomercio","19/01/2015"
"Monumento ad portas de sus 250 años","El día 30 la Plaza de Acho, eje por el que UNESCO declaró a Lima Patrimonio Cultural de la Humanidad, cumplirá 249 años; solo restan 53 semanas para sus 250 años. Indolencia-tugurizado y ruinoso donde está Acho se ubica a pocos metros de las autoridades. Momento podrían haber sido restaurados y puestos en valor, llevan varias décadas abandonados a su suerte, mientras se siguen construyendo edificios modernos alrededor.","elcomercio","19/01/2015"
"El colapso del alcantarillado pone en riesgo sanitario al balneario de Lobitos","Aguas servidas discurren a 200 metros de una de las principales playas donde se practica el surf. El OEFA hizo advertencia en marzo pasado. Peligro de contaminación. El balneario de Lobitos puede ser declarado no apto para los bañistas por la presencia de aguas servidas. Una improvisada laguna de oxidación, situada frente al mar y a las viviendas de Lobitos, colapsó hace tres meses, lo cual puso en serio riesgo la salud pública y el turismo en la zona. El afamado balneario podría ser declarado en emergencia. Aguas servidas provienen de una laguna de oxidación construida por la comuna muy cerca de las viviendas y del litoral. En marzo del año pasado, un ciudadano denunció el vertimiento de aguas residuales en la playa. Por ello, un equipo del Organismo de Evaluación y Fiscalización Ambiental (OEFA) de Piura inspeccionó la zona. La especialista de esa entidad Juana Vásquez verificó el daño ocasionado y la posible contaminación que se habría producido. Posteriormente, visitó a las autoridades de turno para realizar algunas recomendaciones. Informaron que personas de mal vivir habían robado una motobomba en la parte baja de Lobitos, dijo. El jefe de infraestructura y desarrollo urbano de la comuna distrital, Heriggoy Torres, confirmó que el sistema de alcantarillado ha colapsado. El actual alcalde del distrito, Christian Reque, solo atinó a señalar que se necesitan cuatro millones de soles adicionales para elaborar un nuevo proyecto. Indicó que no poseen ese presupuesto. La directora de turismo de Piura, Consuelo Ugarte, manifestó que la economía de este distrito está en peligro, pues sobrevive de esta actividad económica. Carencia de agua potable: Lobitos solo cuenta con agua potable tres días a la semana. Algunas zonas no están conectadas a la red de alcantarillado. Varios hoteles descargan sus desechos en silos. Visitantes extranjeros: La Dircetur de Piura estima que en temporada alta 300 extranjeros visitan el balneario. Evalúan declaración de emergencia: El jefe del área de salud ambiental de la Dirección Regional de Salud (Diresa) de Piura, Miguel Ruiz, dijo que debido a la evidente contaminación ambiental en la zona se evalúa una posible declaración de emergencia. Precisó que ha pedido, además, al municipio distrital que brinde una solución temporal al problema. Aunque esta playa ha sido considerada uno de los balnearios aptos, se podría retirar esa condición si los desechos llegan hasta el mar. En tanto, el representante del OEFA en Piura, Carlos Manchego, aseguró que en los próximos días harán una nueva inspección en la zona. Es necesario que las municipalidades cumplan el manejo adecuado de las aguas residuales que les corresponde. Hay que detener la generación de focos infecciosos que ponen en riesgo el ambiente y la salud de las personas, recalcó. Intervención fiscal: La Fiscalía de Prevención del Delito de Piura anunció una intervención en la playa para realizar, posteriormente, una serie de recomendaciones. El fiscal a cargo, Armando Ortiz, señaló que el impacto ecológico sería grande. Por lo pronto, recomendó que el municipio deba cercar la laguna con cinta amarilla para evitar posibles accidentes y contaminación.","elcomercio","19/01/2015"
"Asaltan con armas de guerra un campamento en Madre de Dios","Los delincuentes secuestraron por más de seis horas a los trabajadores. Hicieron de bala a uno de ellos. Madre de Dios. Unos 15 delincuentes, provistos de revólveres y fusiles AKM, asaltaron un campamento de empresas compradoras de castaña, en la localidad de Boca Pariamarca, en la provincia de Tambopata, en Madre de Dios. Pasadas las 8:00 p.m., los delincuentes cubiertos con pasamontañas tomaron el local y amenazaron a los presentes. Luego, se dirigieron a sus víctimas: los representantes de las empresas Candela Per y Manualta, que se disponían a pagar a sus trabajadores y a comprar castaña. A cada uno le habrían robado entre S/.10 mil y S/.15 mil. Evaristo Condori, uno de los trabajadores que estaban en el campamento, contó que hizo un movimiento para repeler a unos insectos y eso causó que un asaltante le disparase dos veces en las piernas con un arma de guerra. Otros veinte empleados fueron golpeados. Los trabajadores permanecieron secuestrados más de seis horas y recién a las 5:00 a.m. de ayer avisaron a las autoridades. Se improvisó una embarcación para cruzar el río y llevar a los heridos hasta el hospital de Santa Rosa, en Puerto Maldonado. Más información: Los familiares de las víctimas del asalto pidieron a la policía rescatar a los trabajadores que, hasta el cierre de esta edición, continuaban en el campamento y que no podían salir a falta de una embarcación. Eran unos 35 empleados. Se denunció que empresas mineras también son víctimas de estas organizaciones criminales.","elcomercio","19/01/2015"
"Disputa de tierras entre indígenas y colonos deja cuatro heridos en Loreto","Forneos ocuparon un predio de 53 hectáreas que una comunidad nativa reclama como parte de sus dominios. Loreto. Con golpes en la cabeza y cortes en el cuerpo quedaron cuatro personas luego de que un grupo de indígenas de la comunidad de San Lorenzo se enfrentara a colonos que hace 45 días ocuparon Yachaycuna, el predio que el pueblo amazónico asegura haber comprado en 1985. La gresca sucedió tras las declaraciones que el abogado Cristóbal Silva Rosa, defensor de los 250 colonos, diera en una radio local. Afirmó que los indígenas no tienen derecho sobre las tierras en disputa (53 hectáreas) y que sus patrocinados son coposeedores legítimos. La historia de este conflicto se inició el 5 de diciembre del 2014, cuando un grupo de comerciantes se instaló en el lugar, aprovechando que dirigentes de la Coordinadora Regional de los Pueblos Indígenas de San Lorenzo (Corpi) participaban en la COP 20, en Lima. El apu Marcial Mudarra, presidente de Corpi, dijo que sus tierras fueron invadidas, porque cerca, en el río Marañón, se construiría un muelle. Ellos quieren construir all sus grifos y sus tiendas. Pedimos que las autoridades intervengan para resolver esto.","elcomercio","19/01/2015"
"El equipo especial, dirigido por el procurador Joel Segura, llega a La Paz.","9 de enero Sorpresivamente, Belaunde Lossio da un pronunciamiento a los medios en Santa Cruz. Dijo que no había cometido ningn delito. 13 de enero Belaunde Lossio sustent su pedido de refugio ante la Conare. Dijo temer por su vida si regresa al Per. 18 de enero Según una encuesta de Ipsos Per, el 79% piensa que el gobierno protege a Martín Belaunde Lossio.","elcomercio","19/01/2015"
"Parte policial confirmará reglaje a la vicepresidenta Marisol Espinoza","Dos personas, una de ellas un agente de la DINI, fueron intervenidas en noviembre, en los exteriores de la casa de la legisladora nacionalista. La escolta de la vicepresidenta Espinoza intervino el pasado 3 de noviembre a dos personas que estaban en los exteriores la casa de la también congresista. Una de ellas fue identificada como agente de la Dirección Nacional de Inteligencia (DINI). Un parte policial confirmará que el reglaje y espionaje a políticos no se limita solo a miembros de la oposición sino que llegaría incluso a las más altas esferas. Es el caso de la vicepresidenta de la República, Marisol Espinoza, encargada, en caso de ausencia, de reemplazar en el cargo al jefe del Estado, Ollanta Humala. El pasado 3 de noviembre, a las 10 de la mañana, al suboficial PNP Wilbert Achanccaray, escolta personal de Espinoza, le llamó la atención un auto gris con lunas polarizadas estacionado frente a la casa de la legisladora. Según dio cuenta el programa “Sin medias tintas”, dentro del vehículo estaban Johni Huamán y Raúl Pianto. El primero se identificó como miembro del Ejército. Achanccaray, en principio, según el dominical, les pregunt qué quienes eran y qué hacían en ese lugar. Huamán respondió que estaba esperando a un amigo que viva cerca. Mientras que Pianto aprovechó para huir de la escena. El suboficial se percató de que el auto gris (de placa D5V-070) no contaba con autorización para circular con lunas polarizadas, así que lo derivó a la comisaría de Monterrico, en Surco. Todo qued registrado en un parte policial. Ya en la dependencia de Monterrico, y de acuerdo con la nota informativa 306-C-2014 citada por el programa, Huamán fue identificado como integrante de la Dirección Nacional de Inteligencia (DINI), organismo adscrito a la Presidencia del Consejo de Ministros (PCM). En defensa de Huamán, se present, minutos después, en la comisaría de Monterrico el comandante EP Jhony Bravo, quien explicó que la presencia de su subordinado obedecía a que se había elevado el nivel de seguridad de la Embajada de los Estados Unidos ante un posible ataque de terroristas libaneses. Lo cierto es que la casa de Espinoza se ubica a más de diez cuadras de dicha sede diplomática.","elcomercio","19/01/2015"
"Trabajadora del hogar acusa a Omonte de no darle beneficios sociales","La ministra de la Mujer, Carmen Omonte, ha sido acusada de no pagarle beneficios laborales y otorgarle seguro social a una persona que trabajó en su casa como empleada del hogar. En un reportaje del programa “Cuarto poder”, María Vásquez Rafael contó que dejó de trabajar en la vivienda de Omonte en diciembre del 2014, cuando tenía ocho meses de embarazo. Aseguró que cuando renunció, solicitó a la también congresista de Perú Posible que le pagase la compensación por tiempo de servicios (CTS) y las vacaciones truncas, y que Omonte le dijo que no estaba en planilla. Debido a ello recurrió al Ministerio de Trabajo para que constatara que laboraba en la casa de la ministra. También presentó una denuncia en el Poder Judicial. Según Vásquez, en las dos últimas semanas personal del Ministerio de la Mujer se acercó a ella para indicarle que la ministra quería arreglar el asunto en privado. La ministra Omonte afirmó en una conversación con “Cuarto poder” que a Vásquez le dio seguro social y le pagó lo que le correspondía antes de que finalizara el 2014. Pero el informe periodístico también relata que la ministra se acercó a Vásquez cuando esta dio a luz en una posta médica del Ministerio de Salud en el Rímac, hace unos días. Pese a ello, Vásquez ratificó que la ministra no le otorgó sus beneficios cuando renunció.","elcomercio","19/01/2015"
"El sacrificio de Ana Jara","La incontinencia verbal y tuitera del ministro del Interior, Daniel Urresti, va mucho más allá de la anécdota política, el intercambio de insultos y la indignación generalizada. Las ‘urrestiadas’ están pasando la factura al régimen, al Gabinete y, en particular, a la primera ministra Ana Jara, quien pese a haberle llamado la atención públicamente al titular del Interior, este no ha modificado su conducta. Si bien Urresti ha bajado cinco puntos en sus niveles de aprobación al pasar de 46% a 41%, según la última encuesta de El Comercio-Ipsos, estos números ya quisiera tenerlos el presidente de la República, que al igual que su ministro más mediático ha bajado cinco puntos en la aprobación de su gestión (de 30% a 25%, según el mismo sondeo). Todo indica que el ministro del Interior no solo se siente respaldado por las cifras, sino también por la pareja presidencial, que no ha tomado partido en este tema. El presidente Ollanta Humala no ha expresado su respaldo a Jara tras la llamada de atención al funcionario por el maltrato personal al que llegó la semana pasada, sino que tampoco ha condenado esta forma de practicar la política. ¿Ser porque en el fondo el presidente Humala está encantado con su ministro? o quizás es muy consciente de que el titular del Interior es la ayuda perfecta para distraer a la opinión pública de los asuntos de fondo como el escándalo de la fuga de Martín Belaunde Lossio y la imparable desaceleración económica que padece el país? Que la primera ministra afirme que nadie es indispensable, en clara alusión a Urresti, o que no puede poner el bozal al buey, y que debe ajustar tuercas internamente, hubiera puesto la carta de renuncia del ministro sobre el escritorio del presidente. Y si esto aún no ha ocurrido, quien tendría que poner su cargo a disposición es la primera ministra, pues a todas luces se ve quién es el que goza de la plena confianza presidencial.","elcomercio","19/01/2015"
"Todo indica que el ministro del Interior no solo se siente respaldado por las cifras...","Todo indica que el ministro del Interior no solo se siente respaldado por las cifras, sino también por la pareja presidencial, que no ha tomado partido en este tema. El presidente Ollanta Humala no ha expresado su respaldo a Jara tras la llamada de atención al funcionario por el maltrato personal al que llegó la semana pasada, sino que tampoco ha condenado esta forma de practicar la política.  ¿Será porque en el fondo el presidente Humala está encantado con su ministro? ¿O quizás es muy consciente de que el titular del Interior es la ayuda perfecta para distraer a la opinión pública de los asuntos de fondo como el escándalo de la fuga de Martín Belaunde Lossio y la imparable desaceleración económica que padece el país?  Que la primera ministra afirme que nadie es indispensable, en clara alusión a Urresti, o que no puede poner el bozal al buey, y que debe ajustar tuercas internamente, hubiera puesto la carta de renuncia del ministro sobre el escritorio del presidente. Y si esto aún no ha ocurrido, quien tendría que poner su cargo a disposición es la primera ministra, pues a todas luces se ve quién es el que goza de la plena confianza presidencial.  En términos de costo-beneficio, Jara es mucho más útil al país que Urresti, aunque quizás este último sea más útil al régimen que Jara, asunto que la primera ministra debe evaluar.","elcomercio","19/01/2015"
"Las cifras de Urresti","- El 70% de encuestados en el último sondeo nacional de El Comercio-Ipsos considera inaceptables las expresiones del ministro del Interior, Daniel Urresti, y cree que debería disculparse públicamente o renunciar.  Frases al viento Llamado de atención - Lo que yo tenga que reajustar en el Gabinete lo hago en interno, no me voy a prestar a que corra sangre en las redes sociales. As se expresó la primera ministra Ana Jara. Parece que el ajuste ha sido insuficiente.  Quién haría algo en el nacionalismo. Pero no quiero ponerme en ese escenario. Yo voy a seguir plantear mi posición disidente, indic Tejada en el programa Agenda política. Agregó que los derechos laborales son un tema irrenunciable para mí.  Momentos antes, en conversación con El Comercio, comentó sobre el 72% de desaprobación que tiene esta norma, según la encuesta de este diario hecha por Ipsos. Tejada dijo que eso es producto de recortar derechos y beneficios laborales.  Urresti y las encuestas El legislador de Gana Perú también opinó sobre los resultados de la aprobación de la gestión del ministro del Interior, Daniel Urresti. Tras una semana en la cual tuvo que disculparse con las personas que agravió en las redes, Urresti obtuvo una aprobación de 41%, cinco puntos menos que el mes pasado.  Para Tejada, estos episodios han ayudado al ministro a encontrar cuáles son los límites que debe tener en las redes. Espero que no vuelva a haber incidentes con la oposición o con quienes ha tenido un desencuentro, añadió.  Para el congresista Mauricio Mulder (Concertación Parlamentaria), hay una diferencia entre aprobación y popularidad en el caso de Urresti. Hay todavía una alta popularidad, pero no significa que los peruanos aprueben su gestión, pues desaprueban lo que hace en las redes, sostuvo.  En cualquier otro Gabinete","elcomercio","19/01/2015"
"Tejada renunciaría al humalismo si no se elimina el régimen juvenil","El congresista de Gana Perú señala que para él los derechos laborales son un tema irrenunciable.  La ley laboral juvenil sigue trayendo problemas a la bancada humalista. El congresista Sergio Tejada (Gana Perú) deslizó ayer la posibilidad de renunciar a su grupo parlamentario de no derogarse esta norma.  [Si no se deroga] No tendría una nueva norma. Para Tejada, lo más viable ser derogar la ley. Luego aprovecharíamos el amplio debate que se ha generado para hacer otra norma mejor, agregó.  Se va? Tejada deslizó la posibilidad de renunciar a Gana Perú.","elcomercio","19/01/2015"
"El sentir capitalino","Limeños creen que Castaeda debe dar prioridad a hospitales de la Solidaridad  Según sondeo de El Comercio-Ipsos, el 39% de vecinos considera que deben mejorar los centros del Sisol. Más del 40% pide uno para niños.  La gestión de Luis Castaeda Obras que la población pide priorizar Cuál de estas obras cree que deben ser priorizadas por el alcalde de Lima?  Creación de un hospital de la Solidaridad para los niños Mejoramiento de los hospitales de la Solidaridad Túneles que unan Rímac con San Juan de Lurigancho Cámaras de seguridad Semáforos inteligentes Metropolitano entre Av. Javier Prado y Av. Habich By-pass entre Av. Arequipa y 28 de Julio Escaleras amarillas Otros No precisa  44% 39% 38% 37% 26% 21% 18% 18% 16% 3%","elcomercio","19/01/2015"
"El negocio del cine crece en el país","Prevén que en el 2017 habrá 100 complejos y más de 50 mlls. de tickets vendidos en el país.","elcomercio","19/01/2015"
"Tema del día","Desde Bolivia. Declaraciones del ex asesor de campaña de Ollanta Humala. Belaunde Lossio dice que es peligroso para el gobierno de Humala. Acusación. Prófugo empresario sostiene que es buscado porque representa un riesgo político para la pareja presidencial. Plan de fuga. Asegura que él diseñó su propia estrategia para viajar a Bolivia. Me ayudaron algunos amigos y me escapé solo. Refuta. Yeni Vilcatoma, ex procuradora del Caso ‘La Centralita’, aclara que no hay argumentos para alegar persecución política.","elcomercio","19/01/2015"
"Humala y Nadine Heredia se están comiendo el cuento que ellos mismos han inventado","[Ollanta Humala] admite activista Mauro Fernández, de Greenpeace, señala que desconocía que las líneas preincas son intangibles. Elmer Huerta. Un estudio analiza los programas médicos en la televisión de Estados Unidos. Contaminación. Desagües ponen en riesgo la playa de Lobitos en Talara REGIONES/ PG. A16. En el país más católico del continente asiático, el papa Francisco se convirtió en un récord. La misa que ofici ayer en Manila, la capital filipina, contó con la presencia de unos siete millones de personas que se agolparon para escucharlo. La marca anterior también se dio en ese país, pero durante el papado de Juan Pablo II, quien en 1995 habló ante cinco millones de personas. En su homilía, el pontífice volvió a criticar las políticas sociales que conducen a la pobreza y la corrupción. Los filipinos fueron llamados a ser misioneros de la fe en Asia. Mundo / a21.","elcomercio","19/01/2015"
"La palabra del ex jefe de campaña","Belaunde Lossio afirma que lo persiguen porque es peligroso para el gobierno. El prófugo empresario buscó victimizarse en entrevista televisiva y dice que nunca usó el nombre de Humala para ganar concesiones. Desde La Paz, el ex asesor de campaña de Ollanta Humala negó que haya tomado el nombre del presidente y de la primera dama, Nadine Heredia, para gestionar lobbies a favor de la empresa Antalsis, que ha ganado S/.150 millones en este gobierno. Yo me escapé solo, hice mi propia estrategia, me ayudaron algunos amigos y me escapé solo, afirmó el prófugo empresario Martín Belaunde Lossio en la primera entrevista que da desde que se supo que estaba en la ciudad de La Paz, Bolivia, donde ha solicitado refugio a la Comisión Nacional del Refugiado (Conare) de ese país. ¿Quién podría ayudarme del gobierno si el gobierno me persigue? La derecha me persigue mentalmente a través de sus voceros políticos, pero quién me persigue policíalmente y criminalmente e incluso ha intentado meter un equipo de policías aquí, a Bolivia, es el gobierno, añadió en un claro intento de victimizarse. Y aunque Belaunde Lossio ha dicho que desde el Poder Ejecutivo nadie lo ayudó a fugarse, sí dijo que en su caso no se aplicó el dicho de que cuando la policía te quiere atrapar, te atrapa. En mi caso no fue así, es lo único que te puedo decir, respondió al ser consultado por el programa Día D. El ex jefe de campaña del Partido Nacionalista evit juzgar al ministro del Interior, Daniel Urresti, quien dijo que está obsesionado con cogerlo, y a la Policía Nacional. Lo único que hice fue cautelar mi libertad ante un atentado contra ella, expresó. Amenaza velada? A diferencia de las dos anteriores entrevistas que dio, Belaunde Lossio en esta oportunidad sí cuestionó al presidente Ollanta Humala y a la primera dama, Nadine Heredia. Yo creo que me persiguen, porque les puedo ser peligroso en el sentido político, eso lo tengo claro, refirió con un tono de advertencia. Sostuvo que tanto Humala como Heredia, quienes lo han exhortado a entregarse a la justicia, que lo reclama por el Caso ‘La Centralita’, se están comiendo el cuento que ellos mismos han inventado, en referencia a que, desde su perspectiva, él no cometió ningún delito. Belaunde Lossio aseguró que nunca us los nombres ni del presidente ni de su esposa para lograr la concesión de obras a favor de la empresa española Antalsis, que desde que se inició el actual gobierno ha ganado S/.150 millones en contratos con el sector público. Además, de ser primera dama, qué influencia podría tener ella [Nadine Heredia] con funcionarios públicos?, preguntó. En Caracas Belaunde le recordó a Humala que estuvieron en los funerales del fallecido presidente venezolano Hugo Chávez. Reiteró que él no hizo lobbies para Antalsis y que solo tiene una amistad con su gerente general en el Perú, Juan Carlos Rivera Ydrogo, quien fue financista de las campañas presidenciales de Humala. [Antalsis] ganó dos obras licitadamente en las que yo no tuve ninguna participación y en las que yo los ayudé a conseguir unos ingenieros para los requisitos que se necesitaban para cumplir las bases. Cuando me dijeron dónde consigo maquinaria, yo le dije: Yo tengo maquinaria y te puedo alquilar mi maquinaria [...] Hice una sola subcontrata por un millón y pico de soles, esa es toda mi vinculación con Antalsis, dijo. Incluso, señaló que la pareja presidencial lo usó, porque entre el 2011 y el 2014 sus allegados lo buscaron para acceder al titular de la región Cajamarca, Gregorio Santos, con el objetivo de reducir el clima de tensión que se vivía en esa zona del país a razón de las protestas contra el proyecto minero Conga. Con respecto a la investigación judicial que se le sigue por el Caso ‘La Centralita’, reiteró que su empresa Ilios –que presuntamente funcionó de fachada de este local, donde se planificaban los ataques a los opositores al ex presidente regional de Ancash César Álvarez– fue fundada en el 2004 y no en el 2009 o el 2010, como señala la fiscal. Se ensalzaba la imagen de César Álvarez [hoy encarcelado en Piedras Gordas], ¿eso es un delito? Eso es un delito? Yo puedo ensalzar la imagen de quien yo quiera y eso no va a ser nunca un delito, remarcó. Nadine Heredia recibió un regalo de gerente general de empresa Antalsis A inicios de diciembre, la primera dama, Nadine Heredia, tuvo que admitir que ella y el presidente Ollanta Humala eran asiduos asistentes a las fiestas de fin de año que organizaba el empresario Juan Carlos Rivera Ydrogo, Chochern, gerente general de la empresa Antalsis. Sí, aquella que, gracias a las gestiones del prófugo Martín Belaunde Lossio, gan licitaciones por S/.150 millones desde que se inició este gobierno. Según informó anoche Panorama, Heredia recibió en el 2011 un regalo, que estaba en una enorme caja. Para abrirlo, la también presidenta del Partido Nacionalista se sorprendió al recibir un enorme ángel. Y agradeció Chochern con una sonrisa, a lo que el empresario respondió con aplausos. Panameña Obsequio. Rivera Ydrogo le dio a Nadine Heredia la imagen de un ángel en la fiesta de año nuevo celebrada en su casa en el 2011.","elcomercio","19/01/2015"
"La cadena de revelaciones","La estrategia del ex asesor de Humala para evadir la justicia. El prófugo empresario espera en La Paz que la Conare resuelva su pedido de refugio. Afirma que teme por su vida si regresa al Perú. 29 de mayo Dictaron orden de prisión preventiva por 18 meses contra Belaunde Lossio por el Caso ‘La Centralita’. 2 de noviembre Cuatro poder reveló que Belaunde gestionó licitaciones a favor de Antalsis, que gan S/.150 millones en este gobierno. 11 de septiembre El Gobierno Peruano pidió a la Interpol la captura internacional de Belaunde L. 2 de enero El canciller boliviano, David Choquehuanca, dijo que su país no protege a personas vinculadas a la corrupción. Confirmó que Belaunde ingresó a Bolivia el 1 de diciembre. 3 de enero Evo Morales señaló que si Belaunde ingresó a su país de manera ilegal, debe ser capturado. 5 de enero El presidente Ollanta Humala dijo que su gobierno hace todo lo posible para traer a Belaunde Lossio. 8 de enero El equipo especial, dirigido por el procurador Joel Segura, llega a La Paz. 2014 MAYO JUNIO/JULIO/AGOSTO SETIEMBRE OCTUBRE NOVIEMBRE DICIEMBRE 2015 ENERO 2015 9 de diciembre El presidente Ollanta Humala se reunió con su par boliviano, Evo Morales. Según Palacio de Gobierno, conversaron sobre la interconexión ferroviaria. 15 de diciembre Belaunde Lossio solicitó refugio ante la Comisión Nacional de Refugiados (Conare) de Bolivia. No puede ser capturado hasta que no se resuelva su pedido. 29 de diciembre Interpol Bolivia, a pedido de la Conare, solicitó información al Perú sobre los antecedentes policiales y judiciales de Belaunde Lossio. 30 de diciembre El CNM suspendió por 6 meses al fiscal de la Nación, Carlos Ramos Heredia. Tras ello, reveló que hacía 48 horas se tenía la ubicación de Belaunde en Bolivia. El ministro del Interior, Daniel Urresti, acusó a Ramos de poner en peligro la captura de Belaunde. Incluso dijo que en Año Nuevo se daría la noticia. 31 de diciembre Evo Morales indicó que Belaunde no pidió asilo en Bolivia, mientras el jefe de la Conare dijo que no existía contra el ex asesor una orden de captura en Interpol de su país.","elcomercio","19/01/2015"
"Presidente de Ciudad Nuestra","El ministro descalificado O Belaunde Lossio se escap a Bolivia o, lo que es más probable, se fue con su ayuda? En cualquier caso, el gobierno qued muy mal, especialmente su ministro del Interior, quien había dicho que estaba obsesionado con detenerlo. Tan obsesionado, que culp al suspendido fiscal Ramos Heredia de frustrar su captura en Bolivia, cosa que como supimos después no estaba a punto de ocurrir ni hubiera sido posible. Arrinconado, el ministro mont un psicosocial de grandes proporciones, que es lo que sabe hacer. Aunque ya antes había recurrido al Twitter para insultar y denigrar a sus críticos en los medios, esta vez –siguiendo el ejemplo del ministro Cateriano– decidi atacar a los dos principales líderes de la oposición con el mismo lenguaje bajo y vil que lo caracteriza, aunque esta vez se pasó de la raya. Prominentes figuras del gobierno tomaron distancia. El ministro tuvo que pedir perdón a varias damas, grosera e injustamente agraviadas. Y un grupo de personalidades encabezado por Javier Pérez de Cuellar manifestó su preocupación por expresiones que, en su opinión, constituyen una falta de respeto a la ciudadanía, envilecen el debate político y menoscaban la democracia peruana. Afortunadamente, un sector importante concuerda con esta apreciación, según la última encuesta nacional urbana de El Comercio-Ipsos. Aunque solo la mitad de la opinión pública está al tanto de los agresivos tuits de Urresti, el 71% de los que sí lo están los considera inaceptables. Probablemente, ello explique la baja de su aprobación del 46% al 41% y el incremento de su desaprobación del 39% al 49%. Buena indicación de que una mayoría no se siente ni chusca ni chabacana, como cree el presidente Humala.","elcomercio","19/01/2015"
"Castaeda: Lima y Callao coordinan por transporte","En su discurso por el aniversario 480 de Lima también recordó que evaluar la permanencia del corredor azul. El eterno problema que ha existido entre los municipios de Lima y Callao ha sido el transporte. Precisamente, uno de los puntos de quiebre de la reforma iniciada por la exalcaldesa Susana Villarán fue la resistencia del municipio chalaco para fiscalizar a empresas de transporte que, como Orin, aún circulan por Lima con licencias emitidas por el Callao. El alcalde de Lima, Luis Castaeda Lossio, afirm ayer, durante el discurso por el aniversario 480 de la capital, que se ha reunido con su par del Callao, Juan Sotomayor, para coordinar una gestión conjunta del transporte. En la sesión solemne del Concejo Metropolitano de Lima, desarrollada en el municipio, Castaeda dijo que buscar una sinergia entre ambas comunas para fortalecer la continuidad urbana de ambas ciudades. Evaluar corredor azul Castaeda Lossio volvió a mencionar que evaluar la permanencia de los corredores azul y Javier Prado ya que no cuentan, según dijo, ni con un patio para buses ni con paraderos bien señalizados. Recordó que se está trabajando junto al municipio de Miraflores la ampliación de la Av. Benavides desde Miraflores hasta la Panamericana Sur. El burgomaestre precisó que también se están concluyendo los estudios para hacer el Metropolitano que irá desde Javier Prado hasta la Av. Habich. Tenemos un plan bien articulado. Tengan por seguro que Lima será otra en cuatro años, dijo. A la sesión acudieron la vicepresidenta de la República, Marisol Espinoza, alcaldes distritales, regidores metropolitanos, entre otras autoridades.","elcomercio","19/01/2015"
"Razones para aprobar/desaprobar la gestión de Luis Castaeda en Lima","Por qué aprueba la gestión de Luis Castaeda en Lima? Por qué desaprueba la gestión de Luis Castaeda en Lima? Susana Villarán Enero 2011 46% Luis Castaeda Enero 2007 85% Luis Castaeda Enero 2003 48% Base: Total de entrevistados que aprueban la gestión de Luis Castaeda en Lima Porque tiene experiencia Porque hace obras Porque sus obras están enfocadas en los más pobres Porque es trabajador Porque planea resolver el problema del tránsito Porque no es un político tradicional, no habla mucho Otra razón No precisa 53% 45% 33% 29% 25% 16% 1% 1% 49% 47% Base: Total de entrevistados que aprueban la gestión de Luis Castaeda en Lima Porque va a haber corrupción en su gobierno Porque no genera confianza Porque no va a resolver el problema del tránsito Porque no va a invertir en programas sociales Porque no da importancia a la cultura Porque no va a hacer nada por ordenar la ciudad Otra razón No precisa 12% 1% 2 % 26% 15% 15% Percepción de los limeños sobre la ciudad ¿Cuál es su relación con Lima? Nac en Lima y me gusta Lima No nac en Lima pero me gusta Lima Nac en Lima pero no me gusta Lima Usted diría que se siente orgulloso de vivir en Lima? Sí, estoy No estoy orgulloso orgulloso 73% 20% 50% 29% 10% Si pudiera viviría en otra ciudad del país o se quedaría en Lima? Me quedaría en Lima 65% Me iría a vivir a otra ciudad del país 31% No nac en Lima y no me gusta Lima No precisa 8% 3% No precisa 7% ¿Qué es lo que más le gusta de Lima? No precisa 4% ¿Cuál de los siguientes lugares representa mejor a Lima? POR NIVEL SOCIOCULTURAL La comida Las oportunidades/lugares para estudiar/trabajar Las playas El Centro Histórico Los centros comerciales La actividad cultural y de espectáculos Los parques/ornato La diversidad de razas E 32% 44% 24% 21% 26% 18% 9% 3% 12% 15% 6% Otros ENCUESTA LIMA METROPOLITANA realizada por Ipsos Perú por encargo de El Comercio. Número de registro: 0001-REE/JNE. Sistema de muestreo: Probabilístico polietápico. Muestra: 508 personas entrevistadas. Nivel de representatividad: 100% de la población electoral urbana de todos los distritos de Lima. Procedimiento de selección de los encuestados: muestreo probabilístico polietápico y estratificado. Fechas de aplicación: del 14 al 16 de enero del 2015. Margen de error: 4,3%. Nivel de confianza: 95%. Universo: Población urbana, hombres y mujeres de 18 años a más. Página web: www.ipsos-apoyo.com.pe. E-mail: Guillermo.loli@ipsos.com.","elcomercio","19/01/2015"
"Castaeda: Lima y Callao coordinan por transporte","En su discurso por el aniversario 480 de Lima también recordó que evaluar la permanencia del corredor azul. El eterno problema que ha existido entre los municipios de Lima y Callao ha sido el transporte. Precisamente, uno de los puntos de quiebre de la reforma iniciada por la exalcaldesa Susana Villarán fue la resistencia del municipio chalaco para fiscalizar a empresas de transporte que, como Orin, aún circulan por Lima con licencias emitidas por el Callao. El alcalde de Lima, Luis Castaeda Lossio, afirm ayer, durante el discurso por el aniversario 480 de la capital, que se ha reunido con su par del Callao, Juan Sotomayor, para coordinar una gestión conjunta del transporte. En la sesión solemne del Concejo Metropolitano de Lima, desarrollada en el municipio, Castaeda dijo que buscar una sinergia entre ambas comunas para fortalecer la continuidad urbana de ambas ciudades. Evaluar corredor azul Castaeda Lossio volvió a mencionar que evaluar la permanencia de los corredores azul y Javier Prado ya que no cuentan, según dijo, ni con un patio para buses ni con paraderos bien señalizados. Recordó que se está trabajando junto al municipio de Miraflores la ampliación de la Av. Benavides desde Miraflores hasta la Panamericana Sur. El burgomaestre precisó que también se están concluyendo los estudios para hacer el Metropolitano que irá desde Javier Prado hasta la Av. Habich. Tenemos un plan bien articulado. Tengan por seguro que Lima será otra en cuatro años, dijo. A la sesión acudieron la vicepresidenta de la República, Marisol Espinoza, alcaldes distritales, regidores metropolitanos, entre otras autoridades.","elcomercio","19/01/2015"
