"headline","content","newspaper","date"
"NA","Torés son parte del proceso creativo, porque todos estámos tratando de encontrar la mejor versión de la pelicula. No se trata de convertirla en una diferente, sino de dar con lo mejor de la historia. Me gusta la idea de estar trabajando en una pelicula que pagarías por ver. Yo me siento un testigo privilegiado en el recorrido de la realización, de estar rodeado por gente talentosa. Para mí es muy fuerte mandarle notas de guión a Alejandro Amenábar [lo produjo a través de Telefónica Studios, que preside como director, en el filme Regreso, con Emma Watson y Ethan Hawke] o leer un guion delante de un director.  —Recién decías que te gusta la idea de trabajar en una película que pagarías por ver. Sigues explorando tu costado como espectador. No puedes olvidarte de ese lugar, sería un acto de soberbia. Hago el ejercicio de verme a mí mismo como espectador frente al material. Todo el tiempo me pregunto qué es lo que le puede gustar a la gente. Me imagino cómo podrían reaccionar ante ciertas situaciones. Me gusta ir a la sala a ver la película con gente, pasar por la boletería.","elcomercio","20/01/2015"
"Urresti dice estar arrepentido de haber ofendido a seis mujeres peruanas relacionándolas al ex presidente Alan García...","Urresti cree que puede tirar una granada a la honra y luego solucionar la afrenta con una docena de tulipanes?. e l presidente Ollanta Humala admira al dictador Juan Velasco Alvarado, quien a su vez tuvo uno de los peores ministros del Interior que recuerde nuestra historia: Armando Artola Azcare. No sé si Humala admira hoy a su ministro Daniel Urresti, pero sí queda claro que cuenta con su anuencia y que –como dicen algunos allegados a Palacio– disfruta mucho de sus disparos verbales. Ayer el periodista Gustavo Gorriti (a quien Urresti no le pondr adjetivos de dios y concentrado para deslegitimar su carrera) ha resumido la línea delgada que ha cruzado con una sola pregunta: ¿Quién miércoles es él para sacar en público la intimidad de la gente?  Urresti dice estar arrepentido de haber ofendido a seis mujeres peruanas relacionándolas al ex presidente Alan García, dice que nos pide disculpas de rodillas, pero en siguientes declaraciones continua hablando de queridas. Encima, tiene la osada de enviar flores que, obviamente, terminan en la basura. Creer que uno puede tirar una granada a la honra de una persona y luego solucionar la afrenta con una docena de tulipanes? Lo peor: jura que sí respeta a las mujeres porque tiene hijas y lo dice como si las mujeres que hemos sido ofendidas no tuviéramos familias y honras que proteger. Su bajeza y cobardía han quedado registradas en su historia y que se perdone él mismo por tanta estupidez, pero el punto es uno solo: ¿Hasta dónde llegará la podredumbre política en nuestro país?","elcomercio","20/01/2015"
"Qu campaña presidencial nos regalarán los candidatos y oficialistas ahora que hay tanta mentira y reglaje?","El presidente Humala asegura que en su gobierno no existe ningún seguimiento y menos a su vicepresidenta Marisol Espinoza (uno de los personajes más consecuentes de este gobierno); pero acaso Carlos Tapia, su ex amigo y asesor, no fue uno de los primeros en denunciar seguimiento cuando salió de Palacio? ¿Quién seguía a Espinoza y por qué no apareció a su costado dando el respaldo? Adrián Villafuerte sigue trabajando? Por qué mejor no cuentan cómo le quitaron la alfombra a Marisol cuando algunos nacionalistas tuvieron la idea de nombrarla presidenta del Congreso?  La promesa presidencial es que la DINI abrirá sus puertas al Congreso y a la fiscal, dudo que entreguen todo. Ojalá conocieramos el archivo del ex amigo favorito Martín Belaúnde Lossio, quien se declara socialista y jura que le hicieron reglaje. Mientras tanto esto sucede, los sicarios siguen ganando la partida y la sensación de inseguridad crece. Al Ejecutivo le interesa que el 81% de los limeños duerman inseguros?  Toledo está en cura de silencio por Ecoteva, también García, que solo recuerda sus obras en Twitter, Keiko sale de vez en cuando y PPK anda en tantas cavilaciones sobre su candidatura que un día reacciona y el otro no; la única certeza es que hace unos días se reunieron Jorge del Castillo, Fernando Andrade, Soledad Lerner, PPK y Rolando Sousa preocupados por la crisis y el ruido político. ¿Saldrá la oposición en bloque a poner los puntos sobre las íes? ¿Cuál es el fondo que quieren tocar? Estas preguntas nadie contesta.","elcomercio","20/01/2015"
"ara la Conservación de la Naturaleza (UICN) celebra su 50 aniversario","Hoy esta lista incluye 76.199 especies evaluadas, de las cuales 22.413 están en peligro de extinción, mientras en el año 2000 la cifra ascendía a 11.046.  La lista roja de la UICN es el inventario más completo del mundo en el estado de conservación de las especies silvestres y sus vínculos con los medios de vida. Esta es una poderosa herramienta para informar e impulsar acciones que apoyen la conservación de la biodiversidad.  Cada actualización de la lista roja de la UICN nos hace darnos cuenta de que nuestro planeta está perdiendo consistente y rápidamente su increíble biodiversidad, en gran parte debido a nuestras acciones destructivas para satisfacer nuestro creciente apetito por los recursos, dijo la directora general de la UICN, Julia Marton-Lefvre, en un comunicado de prensa internacional. Pero tenemos evidencia científica de que las áreas protegidas pueden desempeñar un papel central en la reversión de esta tendencia. Los expertos advierten que las especies amenazadas mal protegidas disminuyen el doble de rápido que las que están bien resguardadas. Nuestra responsabilidad es aumentar el número de áreas protegidas y garantizar su gestión eficaz para que puedan contribuir a salvar la biodiversidad de nuestro planeta, agregó.","elcomercio","20/01/2015"
"Perú y Bolivia trabajan para recuperar el lago Titicaca","El objetivo es promover la conservación de su biodiversidad y el uso sostenible de los recursos hídricos.  Autoridades y representantes de instituciones del Perú y Bolivia para el desarrollo del Programa Gestión Integrada de Recursos Hídricos en el sistema Titicaca–Desaguadero–Poopo–Salar de Coipasa (TDPS) mantuvieron una reunión en La Paz el pasado martes.  El programa tiene la finalidad de promover la conservación y el uso sostenible de los recursos hídricos en el sistema transfronterizo TDPS a través de la actualización del Proyecto Director Global, que ya ha cumplido cerca de treinta años de vigencia.  El lado peruano En el lado peruano del Titicaca, este proyecto complementará las inversiones que se están promoviendo y ejecutando desde la Comisión Multisectorial para la Prevención y Rehabilitación Ambiental de la Cuenca del Lago Titicaca. Entre estas se cuentan las referidas al manejo de los residuos sólidos (alrededor de S/.40 millones) y de aguas residuales (más de US$150 millones mediante alianza público-privada y S/.155 millones para urbes menores).  Debido a la importancia del lago Titicaca para ambos países y para el mundo en conservación de la biodiversidad, el Fondo Mundial del Medio Ambiente contribuirá con US$6,5 millones a favor de dicha iniciativa, mientras que el Perú y Bolivia darán unos US$33 millones con recursos públicos y privados.","elcomercio","20/01/2015"
"Información que debe tomarse en cuenta","En América del Sur son 14.060 las especies evaluadas bajo los criterios de la lista roja de UICN. De ellas, 4.445 se encuentran como amenazadas de extinción (es decir casi el 32% de las especies evaluadas).  El número de las más críticamente amenazadas asciende a 665. Entre ellas están el sapo leopardo (Atelopus leopardinus), los monos araña (Ateles fusciceps e hybridus) hasta el laurel almendro (Magnolia mahechae).  Si bien no todas las especies del mundo han sido evaluadas, esta lista proporciona una visión de lo que está sucediendo actualmente con las especies y pone de manifiesto la necesidad urgente de realizar acciones de conservación.  Más de 20.000 especies animales o vegetales podrían desaparecer en el mundo en los próximos años. Hacer seguimiento de las especies amenazadas y entender que debemos regular para evitar la extinción de la vida en nuestro planeta.","elcomercio","20/01/2015"
"Extinto. El rinoceronte negro de África Occidental fue declarado oficialmente extinto en noviembre de 2011 por la UICN","Junto a la anguila japonesa están en peligro de extinción.  Su disminución se debe a la demanda en Asia. Mientras el atún de aleta azul del Pacífico (Thunnus orientalis) ha pasado de la categoría vulnerable. Esta especie es muy demandada por la industria de la pesca asiática. La mayoría de los peces capturados son menores, aún no han tenido la oportunidad de reproducirse. Se estima que la población ha disminuido en un 19 a un 33% en los últimos 22 años.  El pez globo chino (Takifugu chinensis) ha entrado en la lista roja de la UICN como en peligro crítico. Su población mundial se estima que ha disminuido en un 99,99% en los últimos 40 años debido a la sobreexplotación. Mientras la cobra china (Naja atra) está en situación vulnerable, su población ha disminuido en un 30 a 50% en los últimos 20 años, y la mariposa negro hierba-dardo (Ocybadistes knightorum) de Australia está en peligro por la destrucción de su hábitat.","elcomercio","20/01/2015"
"Entrevista","Todos los radicales reciben dinero de la droga  Un funcionario peruano de la ONU nos muestra la descarnada radiografía de Pakistán, el país en que vive y trabaja hace año y medio, y que está bajo la amenaza de extremistas.  Destino de riesgo. En Pakistán existen al menos 10 facciones de talibanes y otros grupos extremistas. La oficina de la ONU contra la Droga y el Delito en este país tiene 35 años y es la primera vez que no es dirigida por un europeo o un estadounidense.  Perfil  Nombre: Csar Guedes Profesión: Administrador/Maestro en Relaciones Internacionales Edad: 52 años Trayectoria: Trabaja en la ONU desde hace 22 años. Ha servido en Guyana, China, Corea del Norte, Panam y Bolivia.  Afganistán sigue siendo un país inestable y Pakistán no termina de salir de un ciclo vicioso o espiral de violencia.","elcomercio","20/01/2015"
"NA","tual necesidad de erradicar facciones paralelas hace pensar que ella tambin tiene sus dudas. Si no las tuviera, con todo respeto, seria una mujer ingenua y está claro que no lo es.  Es más, de dónde vendría la facción que se atreve a espiar a cualquier que considere ‘peligroso’ se va haciendo más evidente cada día. Al ministro del Interior no lo ha podido poner en orden ni siquiera Jara, que es su jefa. Daniel Urresti sigue interpretando un papel protagonico propio que responde a un guion que no es el de Jara.  Mientras tanto, Daniel Abugattás, líder de la bancada humalista en el Congreso, expresa la necesidad de una investigación de los casos de espionaje, pero rechaza la posibilidad de que sea el Gobierno el que est detrás.  Su argumento es que “los primeros perjudicados somos nosotros, el Partido Nacionalista, Gana Per”. Se le escapa, sin embargo, que ese “nosotros” no existe más.  La autodestrucción podría venir de personajes muy comprometidos con el Gobierno, pero que no necesariamente son del Partido Nacionalista ni de Gana Per. No sería la primera vez que malos militares se enquistan en el Gobierno y mueven las piezas de acuerdo con intereses no democráticos. Ya nos pas, más de una vez, y siempre con terribles consecuencias.  A poco más de un año de las elecciones generales, los que se creen con posibilidades de tentar la Presidencia de la República o algún puesto cercano rompen filas y disparan a discreción, no escatiman balas y apuntan contra quien les resulte más conveniente disparar, los de casa incluidos.  Si de verdad se trata solo de una facción del Gobierno, aún están a tiempo de erradicarla, tal como ha dicho Jara. ¿Con quién está el presidente de la República (y su primera dama)? Su comportamiento ante este vergonzoso caso de espionaje de adversarios y de personajes de casa que podrían resultarles incómodos en algún momento lo obliga a ser más tajante de lo que fue en su pobre pronunciamiento de ayer. Solo entonces sabremos si nos está pasando otra vez.","elcomercio","20/01/2015"
"El debate económico actual","- Luis Carranza -  Ex ministro de Economía y Finanzas  Existen tres grandes ficciones en el debate económico actual. La primera gran ficción es que las leyes y las normas pueden afectar la dinámica del mercado y proteger los derechos de los más débiles. El exceso de regulación sí termina afectando el mercado en cuestión, pero lo destruye y, paradójicamente, quienes resultan más perjudicados son justamente aquellos a quienes se intentaba proteger originalmente. Así, cuando queremos proteger a los deudores y colocamos topes a las tasas de interés, el mercado crediticio desaparece y solo unos pocos acceden al escaso crédito a través de mecanismos de racionamiento nada claros. Cualquier control de precios, en general, lleva a la escasez y aparición de mercados negros o informales. Esta lección la hemos aprendido bien los peruanos, pero todavía no nos hemos dado cuenta de esto en el mercado laboral. Si bien es cierto que se transan servicios de personas, y esto requiere una regulación especial que proteja los derechos humanos y sociales básicos, los excesos te llevan a destruir el mercado laboral y a las relaciones laborales informales. Esto es, debemos proteger la no discriminación, el respeto a la dignidad de las personas, jornadas laborales, pago de salud y pensiones. Pero, ¿por qué tenemos que garantizar el puesto de trabajo? ¿Por qué la estabilidad laboral es un derecho? O, bajo otra modalidad, encarecer y complicar tanto los despidos, que terminan afectando dos cosas básicas: los incentivos a esforzarse de las personas y la viabilidad empresarial cuando surgen eventos inesperados que afectan la demanda de las empresas. Cuando legislamos de espaldas a la realidad económica, terminamos generando informalidad.  La segunda ficción tiene que ver con los impuestos. Se piensa que si mantenemos impuestos muy bajos, tendremos crecimiento floreciente y todos nuestros problemas se resolverían. Los impuestos son necesarios para poder financiar bienes públicos, reducir las desigualdades y resolver los problemas de acción colectiva de toda sociedad. Todo esto garantiza altos retornos sociales y la correcta protección de los derechos de propiedad. Uno puede discutir qué modelo de sociedad o contrato social se quiere tener en el país, pero esta discusión se da una vez que se ha garantizado un mínimo de recaudación que permita tener un Estado que funcione eficientemente. Estados con niveles de recaudación baja son Estados fallidos o con serios problemas para funcionar y donde, por tanto, difícilmente se podrá crecer de manera sostenida.  Finalmente, la tercera ficción es que la diversificación productiva nos llevará a sostener altas tasas de crecimiento. Si existe alguna causalidad, en todo caso ésta sería inversa. El proceso de crecimiento lo hacen las personas que trabajan, ahorran e invierten con el incentivo de generar una utilidad más alta o un salario más alto. Cualquier acción del Estado que obstruya ese proceso sólo hace es postergar y disminuir el crecimiento. En la medida en que una empresa crece y se fortalece patrimonialmente, naturalmente intentará seguir creciendo, ya sea a través de inversiones en nuevas geografías, en nuevos sectores o en nuevos productos dentro del mismo sector. Este proceso ocurre de manera natural si tenemos las condiciones para atraer inversiones. En esa línea, las altas utilidades realizadas por las empresas en un ambiente de competencia son las señales de buena salud económica en un país. Esto es lo que promueve la adopción de tecnología, las grandes inversiones y las innovaciones disruptivas. Por el contrario, si tenemos altas utilidades en un contexto de baja o nula competencia, lo que realmente tenemos es un grupo de poder que manipula la legislación en un Estado débil e ineficiente para asegurarse una renta. Esto no genera crecimiento sino la perpetuidad de la desigualdad. Por tanto, la diversificación productiva vendrá de la dinámica y el Estado debe dedicarse a hacer su trabajo: flexibilizar mercados, proveer bienes públicos, mantener impuestos razonables y asegurar la competencia en los mercados.  El lector se preguntará si el rol estratégico del Estado en la actividad empresarial es también una ficción. Puede ser, pero para mí simplemente es una insensatez.  Ilustración: Víctor Aguilar","elcomercio","20/01/2015"
"La corrupción en el Perú","- Adrián Revilla -  Presidente de Proética  En materia. Con el actual gobierno, el Estado Peruano recuperó la capacidad de plantear iniciativas para luchar contra la corrupción: se reanimó y fortaleció la procuraduría anticorrupción, se estableció un espacio de coordinación interinstitucional de alto nivel de las políticas anticorrupción (CAN) y se decidió participar de la Alianza Global para un gobierno abierto. Además, se relanzó la política de modernización de la gestión pública y, más importante, se articuló esta con buena parte de los esfuerzos señalados.  Sin embargo, el mencionado contexto de escándalos ha empañado todos esos esfuerzos, con el agravante que el Gobierno no ha sabido reaccionar con propiedad, enrareciendo más aún el ambiente, pues se ha extendido la sensación de que estamos a la deriva, a merced de poderes corruptos que amenazan desde todos lados. Es fundamental por ello que se retome el liderazgo y que se saneen las relaciones que echan sombra en las más altas esferas para que quede clara la ruta en materia anticorrupción, transparencia y modernización del Estado.  El 16 de diciembre del 2014, Proética (capítulo peruano de Transparencia Internacional, institución que lucha contra la corrupción) decidi suspender su participación en la Comisión de Alto Nivel Anticorrupción (CAN) por considerar una falta de coherencia que el doctor Carlos Ramos Heredia, como fiscal de la Nación, estando cuestionado públicamente en su actuar por el Congreso y el Consejo Nacional de la Magistratura (CNM), integre la instancia nacional que debe velar por la transparencia y la lucha contra la corrupción. Luego de la suspensión ordenada por el CNM, Proética decidi retomar su participación en la CAN.  Acciones como las de Proética faltan en nuestro país, donde, por un equivocado concepto de tratar de quedar bien con todos, no se toman decisiones firmes frente a quienes atentan contra los principios y valores de una sociedad democrática. Por ello, en la edición 2014 del índice de Percepciones de Corrupción de Transparencia Internacional, el Perú se ubica en el puesto 83, con un valor de 38 puntos. Si nos comparamos con otros países de la región, aparentemente quedamos entre los mejores, pero mal de muchos consuelo de tontos, pues la mejor calificación posible de 100 puntos está muy lejana. En realidad, tenemos una nota desaprobatoria, peor aún si tenemos en cuenta que desde hace más de una década aparecemos con una nota similar sin visos de mejora.  Entre el 2002 y el 2013, se dio una preocupación creciente por la corrupción que afecta al Estado, pero a su vez una tolerancia a actos de corrupción en trámites menores, así como una grave tasa de no formalizar denuncias que se conocen. En efecto, de cada diez peruanos que participaron o se vieron afectados por un acto de corrupción, solo uno se atrevió a denunciarlo.  Entre las razones señaladas por los encuestados para no hacerlo confluyen el temor a las represalias por los denunciados y la creencia de que el soborno es el camino para superar las trabas burocráticas. Mientras muchos trámites dependan de la discreción de un funcionario, los incentivos para buscar agilizarlos serán altos.  Además, nos encontramos en un contexto que viene marcado por una seguidilla de escándalos, desencadenados en febrero del 2014 con el caso de César Álvarez y que mostró cómo las irregularidades y abusos se daban de forma extendida en los niveles de gobierno regional y municipal, salpicando inclusive al ámbito nacional. En medio de los destapes, la procuraduría anticorrupción informó que 92% de los alcaldes del país estaban bajo investigación. Meses después, en las recientes elecciones, se ha elegido a presidentes regionales con acusaciones de corrupción, incluso algunos con prisión preventiva o que no pagaron su reparación civil. Esto nos demuestra que las áreas más afectadas tienen que ver con las adquisiciones públicas y las ejecuciones de obras públicas. Si a esto se suma la práctica de la corrupción en trámites menores y, por otro lado, la presencia cada vez más perturbadora de actividades criminales vinculadas al contrabando, tráfico de madera ilegal, tráfico de personas, narcotráfico y minería ilegal, se tiene un mapa más o menos claro de qué retos enfrentamos como país en esta materia.","elcomercio","20/01/2015"
"Rincón del autor","El mal se achora y se sofistica  Fernando Vivas  Periodista  En nuestra peruana pelea contra el diablo, hay dos señales aparentemente contradictorias: el mal se ha sofisticado, pero también se ha achorado. Rocco Silva, en un ensayo, lo llamaba ‘el brillo de la podredumbre’. Ustedes escojan su frase: el caché de los malditos, el encanto de la mafia, el vacilón de la sinvergüenza. Y, ojo, ambas señales no necesariamente se juntan en la misma persona: la corrupción tiene asesores que les pulen el ‘charm’, les consiguen comparsas simpáticos.  El mal se ha enquistado en algunas camarillas. De perversión de pequeños porcentajes de la población, pasó a conjunto de costumbres para sacarle vuelta a las normas, mayoría simple en consejos, candidatura triunfante a la alcaldía o presidencia regional. Estudiosos de la corrupción, como Jaris Mujica, describen cómo hay redes que impulsan a los inocentes empleados a avenirse a coimas, pues de no hacerlo afectarían la armonía entre pares. Esas redes, en muchos casos, han llegado a la cabeza del sistema.","elcomercio","20/01/2015"
"Opinion","El Gobierno debe despejar con hechos las dudas sobre su compromiso democrático.  Editorial de El Comercio Cuidemos la otra pata / 29 de mayo del 2013  editorial  Guerra de facciones  El Gobierno no solo está dividido sino que atraviesa una confrontación interna.  La reacción de la presidenta del Consejo  del de Ministros, Ana Jara, a la divulgación  del reciente reglaje a la vicepresidenta  Marisol Espinoza revela una situación  interna en el Gobierno que es casi tan  preocupante como el reglaje mismo. No hay política o directiva del Gob., en ese sentido! Pero de  existir facción que lo hubiere hecho de manera  paralela, será erradicada!, escribi ayer ella en  su cuenta de Twitter. Una sentencia en la que no  solo admite la posibilidad de que exista dentro  de la actual administración una facción que opere en contra de otra (u otras), sino que además anuncia respecto de ella una acción bastante beligerante: la erradicación.  Si sumamos a ello las declaraciones sobre el  mismo asunto de un congresista del humalismo  tan caracterizado como Daniel Abugrats ( Aqu podría haber una quinta columna metida dentro  de nuestro propio gobierno, asever en una entrevista radial), las señales de que estamos asistiendo a una confrontación entre bandos del oficialismo se tornan inequívocas.  Lo que ha impedido en este caso seguir hablando de espionajes que pudieran responder a  intereses privados –como se sugiri a razón de los seguimientos a Jorge del Castillo, el ex ministro  del Interior Miguel Hidalgo y otros– es la circunstancia de que una nota informativa de la policía confirma la participación de un efectivo de la Dirección Nacional de Inteligencia (DINI) –Johni Huamán– en la operación de vigilancia. Y el recurso de alegar que en realidad se estaba brindando seguridad a la Embajada de Estados Unidos ante el peligro de un ataque de terroristas libaneses no pasa de ser una torpe coartada: como se ha hecho notar, la embajada está a diez cuadras del lugar en donde se intervino a los autores del reglaje y dos agentes ocultos en un automóvil ubicado a esa distancia no habrían podido ni tomar fotos del eventual atentado.  Por otra parte, los motivos por los que se estaría husmeando en las actividades de Marisol Espinoza no constituyen misterio alguno. Ella, como se sabe, representa al interior del oficialismo una posición cercana al abandonado plan de la gran transformación y en más de una ocasión ha perfilado un liderazgo alternativo al de Palacio. Baste recordar, por ejemplo, la revuelta que ocasion en Gana Perú su abortada candidatura a la Presidencia del Congreso o su temprano reclamo a hacerle ajustes al nuevo régimen laboral juvenil.  Conocido el reglaje del que fue objeto, además, la señora Espinoza no desestimó las hipótesis de que tuviera origen oficial, como habría cabido esperar de una funcionaria tan encumbrada en la nomenclatura gubernamental. Guardó, en cambio, un silencio que llenó de oscuros presagios el panorama político. Y cuando finalmente se animó a pronunciarse, aparte de expresar su indignación, solo apuntó: Me rehúso a pensar que el Gobierno esté detrás de esto. Lo que no equivale a descartarlo.  No deja de ser sintomático, por otro lado, que este destape se produzca cuando el futuro de la llamada ley pulpo tiene dividida a la bancada humalista. El legislador Sergio Tejada, no lo olvidemos, acaba de decir que si la norma no es derogada, él no tendría nada que hacer ah. Mientras que Omar Chehade ha admitido que, entre los parlamentarios oficialistas, las opiniones sobre si dejarla sin efecto o insistir en ella están 50/50.  Vistas así, entonces, las alusiones a facciones y quintas columnas dentro del Gobierno dejan de ser fórmulas retóricas para crear un fantasma al cual responsabilizar del último desaguisado, y comienzan a parecer, más bien, descripciones minuciosas de una guerra interna de la que hasta ahora solo teníamos noticias por las esquirlas que colaban en el Twitter. Y si bien las tensiones dentro de un conglomerado político son normales y hasta deseables, todo indica que en este caso estamos ante un fenómeno completamente distinto.  No solo porque una de las facciones está utilizando al parecer recursos ilegales para arrinconar a la otra, sino, sobre todo, por lo que la reacción del presidente Humala ante la incómoda evidencia sugiere. Rechazo tajantemente que ello se haya producido, ha sentenciado él ayer sumariamente sobre el reglaje a la vicepresidenta, negando en la práctica lo que la primera ministra había admitido más temprano como posibilidad. Y eso, como es obvio, constituye la confirmación de que los bandos al interior del Ejecutivo existen.","elcomercio","20/01/2015"
"DesUnidos","Si bien las tensiones en  un conglomerado son  normales, todo indica  que aquí estamos ante un  fenómeno distinto.","elcomercio","20/01/2015"
"Como se sabe, para defender recientes despidos, la Municipalidad Metropolitana de Lima (MML) emiti un comunicado que citó el Decreto Legislativo 955, pero incluyó una frase alusiva a la prohibición de la renovación de cualquier tipo de contrato que no existe en el decreto.  La MML ya aclaró que todo fue un error involuntario. Específicamente, un funcionario municipal tecle varias letras sueltas que, accidentalmente, se colocaron una tras la otra de forma tal que formaron palabras. Para su mala suerte, luego estas palabras se acomodaron involuntariamente y originaron una frase. Lo demás es fácil de suponer. Para desgracia de los involucrados, la frase tomó vida propia y se insertó por sí sola en el comunicado, y quienes revisaron el texto nunca sospecharon: Caramba, qué buen decreto, dice exactamente lo que queremos.  Hecha la trampa  El oficialismo partido  Jara habla de facción","nan","elcomercio","20/01/2015"
"N o hay duda, el oficialismo está quebrado. Esto es tan cierto que ayer la presidenta del Consejo de Ministros, Ana Jara, mencionó, aunque sólo como una posibilidad, que fuera una facción del Gobierno la que hubiera ordenado el reglaje a la vicepresidenta Marisol Espinoza y a otros actores políticos por parte de la Dirección Nacional de Inteligencia (DINI).  El lenguaje tiene esa fuerza. Bien decía Marco Aurelio Denegri, en su columna en este Diario, que solo existe lo que se nombra; incluso la Creación entera es obra del verbo, pues fue necesario el Fiat (Hágase) para que hubiera luz y agua y aire y seres vivientes.  Pero esta vez se trata de asuntos más cotidianos y Jara no habría dicho fiat, pero sí ha dicho facción, y no porque se le haya escapado. Si lo tuiteó, debe ser porque hay una corriente así en el subsuelo del Gobierno, erosionando los cimientos. Este fue su tuit mañanero: No hay política o directiva del Gob., en ese sentido! [reglaje] Pero de existir facción que lo hubiere hecho de manera paralela, será erradicada!.  La jefa del Gabinete goza del respeto de buena parte de la oposición, algo poco común en el ambiente político peruano, pero no le ocurre lo mismo desde dentro de su propio Gobierno. Jara cree poder asegurar que no hay directiva del Gobierno para espiar a nadie, pero ¿qué tanto puede ella garantizarnos que esto realmente es así? El hecho de que admita la eventual necesidad de erradicar facciones paralelas hace pensar que ella también tiene sus dudas. Si no las tuviera, con todo respeto, sería una mujer ingenua y está claro que no lo es.  Es más, de dónde vendría la facción que se atreve a espiar a cualquiera que considere peligroso se va haciendo más evidente cada día. Al ministro del Interior no lo ha podido poner en orden ni siquiera Jara, que es su jefa. Daniel Urresti sigue interpretando un papel protagonista propio que responde a un guion que no es el de Jara.  Mientras tanto, Daniel Abugrats, líder de la bancada humalista en el Congreso, expresa la necesidad de una investigación de los casos de espionaje, pero rechaza la posibilidad de que sea el Gobierno el que esté detrás.  Su argumento es que los primeros perjudicados somos nosotros, el Partido Nacionalista, Gana Perú. Se le escapa, sin embargo, que ese nosotros no existe más.  La autodestrucción podría venir de personajes muy comprometidos con el Gobierno, pero que no necesariamente son del Partido Nacionalista ni de Gana Perú. No sería la primera vez que malos militares se enquistan en el Gobierno y mueven las piezas de acuerdo con intereses no democráticos. Ya nos pas, más de una vez, y siempre con terribles consecuencias.","nan","elcomercio","20/01/2015"
"Polémica por acceso a archivos clasificados","O, salud el gesto político de Humala de disponer que se abran los archivos clasificados de los servicios de inteligencia. Pero precisó que su grupo de trabajo, por ley, es el único que puede recibir información confidencial de la DINI. Me alegro de que el presidente tenga la voluntad [de colaborar con las investigaciones], pero no es que él nos faculte, la ley les obliga a darnos información.  Adelantó que su comisión tampoco descarta que exista una facción paralela en los servicios de inteligencia que haya hecho seguimiento a Espinoza y a otros políticos.","elcomercio","20/01/2015"
"Oficialismo podría apoyar modificaciones al régimen laboral juvenil","El oficialismo podría apoyar modificaciones al régimen laboral juvenil. Vocero de Gana Per dijo que en el humalismo hay posiciones encontradas sobre la ley del empleo juvenil. Hoy a la 6 de la tarde la bancada de Gana Per se reunirá para evaluar la posición que llevarán cuando la Comisión Permanente del Congreso debata el 28 de enero próximo los proyectos de ley que existen en torno al régimen laboral juvenil. Ayer, su vocero, José Ugarriza, adelantó que podrían apoyar ciertas modificaciones a la norma. Sin embargo, indicó que la norma no debe ser derogada.  Gutierrez explicó que existen iniciativas que proponen mejoras a la ley laboral juvenil y sobre ellas se realizará el debate en el oficialismo. El congresista humalista Teofilo Gamarra reconoció que en la interna de su agrupación hay ciertas discrepancias respecto de la norma, como la expresada por su colega Sergio Tejada, quién deslizó la posibilidad de abandonar su bancada si no se deroga la ley. Sergio proviene de una cantera de jóvenes, entiendo que tiene presiones por ese lado. Sin embargo, creo que no se trata de derogar por derogar, sino de estudiar la norma, refirió a El Comercio, para agregar que el nuevo régimen laboral facilitará la empleabilidad de los jóvenes. Muchos piden su suspensión o derogación, creo que previamente se tienen que discutir las falencias de la norma para hacer los ajustes necesarios. Esta ley es audaz porque combate el desempleo juvenil, expresó. Las organizaciones juveniles han convocado para el miércoles 28 de enero a una quinta marcha contra el régimen laboral juvenil.","elcomercio","20/01/2015"
"Discrepancias en Gana Per sobre la ley laboral","Según el ex magistrado del TC Fernando Calle, la Comisión Permanente no podría debatir el futuro de la ley pulpo, porque el pleno no le dio ese encargo cuando le otorgó facultades legislativas. Discrepancias. En Gana Per aún no hay consenso sobre la posición que llevarán a la Comisión Permanente sobre la ley laboral. Sobre ellas se realizará el debate en el oficialismo.","elcomercio","20/01/2015"
"Retuit de Nadine Heredia genera controversia","Juntos en cumpleaños. Nadine y la foto con Belaunde Lossio. — La primera dama, Nadine Heredia, retuite un mensaje de la ex pareja de Martín Belaunde Lossio, Roxana Altuna, en el que esta explica que la foto mostrada ayer por Perú 21 (en la que se aprecia juntos a Belaunde y Heredia) fue tomada en el 2011, durante el cumpleaños de su menor hijo.","elcomercio","20/01/2015"
"Flores-Aráoz rechaza posible inscripción del Movadef","Flores-Aráoz se pronuncia. Rechaza frente que incluye al Movadef. — El ex presidente del Congreso y líder del partido Orden, Intero Flores-Aróz, opinó que debe ser rechazada la posibilidad de que el Movadef, movimiento vinculado a Sendero Luminoso, logre su inscripción, a través de un frente electoral, para competir en los comicios generales del 2016. Quienes participan en la lucha electoral son los que creen en el sistema, pero los que no creen quieren deshacerlo y destruirlo desde adentro. Eso no lo podemos permitir, expresó el también ex ministro de Defensa.","elcomercio","20/01/2015"
"Mariella Balbi analiza repetición histórica","Y volver, volver, volver. En el 2011, la segunda vuelta electoral nos enfrentó a todos los votantes a dos opciones políticas. Una que parecía insólita, la Gran Transformación con nacionalización de todo lo habido y por haber y el repudiado y conocido fujimorismo. Los argumentos en contra de esta última alternativa eran que volvería hasta el propio Vladimiro Montesinos y que por supuesto Alberto Fujimori Fujimori tendría un papel protagonista. Los peruanos habíamos sacado y derrotado al fujimontesinismo pero el temor de algunos no se disipó en aquel entonces. Hoy, sin embargo, estamos respirando el mismo aroma del decenio fujimontesinista. Se piensa que esto no es una dictadura militar porque el gobierno mantiene la Hoja de Ruta y hay prensa libre. Podría ser que los decibeles tengan menos estridencia que antes pero igual contamos con una prensa chicha, sustentada con publicidad estatal, que hace campaña sistemática contra el archienemigo del régimen: el Apra y también contra Luis Castaeda y otros que no son santos de su devoción.  Carlos Marx escribió el 18 de Brumario (sobre el golpe de Luis Bonaparte) la frase, al parecer de Hegel, pero que quedó en la memoria por siempre: la historia se repite dos veces, la primera como tragedia y la segunda como farsa. Y parece que se cumple, estamos en una situación bien al fujimontesinismo. No tenemos a Montesinos, sí reglajes de todo tipo y a la medida del disgusto del Gobierno. Fernando Rospigliosi fue víctima de ello y lo denunció hace dos años ya. Ahora, como en un efecto dominó, aparecen espiados que obvio de toda obviedad son, cada uno a su manera, críticos del Gobierno. El Congreso se desmorona y está maniatado por el control político que viene de Palacio. La primera ministra, que tiene formación jurídica, parece estar ajena a toda esta tramoya que estamos viviendo. Añadan los casos de Scar López Meneses, Rolando Orejana y Martín Belaunde, el más estridente, la presencia de un militar como ministro del Interior, la asesora de otros elementos de las FF.AA. y la formación del presidente para ver las coincidencias. Es más, Ollanta Humala viaja intensamente y tiene un ‘cassette’ en cada presentación. A los presentes les habla de su vida militar y de los viajes hechos por el país en esa época, critica al Estado, envía el saludo de su esposa y menciona los programas sociales.","elcomercio","20/01/2015"
"Comisión de Ética abre indagación preliminar a la ministra Omonte","La Comisión de Ética Parlamentaria inició ayer una investigación preliminar a la ministra de la Mujer, Carmen Omonte, acusada de no haberle pagado los beneficios sociales a una ex trabajadora del hogar que, además, estaba embarazada. El presidente de ese grupo de trabajo, Humberto Lay, explicó que se ha enviado un documento a la ministra, quien también es congresista de la República, invitándola a dar sus explicaciones y descargos correspondientes. Asimismo, se ha solicitado al programa Cuarto Poder, que hizo la investigación, que envíe los documentos que sustentan la denuncia. Lay indicó que esta indagación preliminar podría luego dar lugar a la apertura de una investigación más amplia e inclusive a una sanción. No podemos afirmar nada hasta que no tengamos a mano la documentación requerida, precisó. El grupo de ética también ha iniciado una indagación preliminar al congresista Omar Chehade, quien fue acusado por el jefe del Instituto Nacional Penitenciario (INPE), José Pérez Guadalupe, de presionar para mejorar la situación carcelaria de su hermano Miguel. Además, se ha dispuesto abrir otra indagación preliminar a la presidenta del Congreso, Ana María Solórzano, por el supuesto plagio de un proyecto de ley. Al igual que Omonte, ellos también han sido invitados a la comisión para dar sus descargos respectivos.","elcomercio","20/01/2015"
"Nadie espía por su cuenta","Adjudicarle al adversario político el reglaje es francamente un insulto a la memoria y a la inteligencia nacional. Quien tiene el poder y los medios es el Gobierno. Los espías que salen corriendo cuando son ‘ampayados’ son del Gobierno. No es la primera vez. Es poco creíble que el presidente no sepa de ello. Marisol Espinoza y otros. Los perjudicados. Mientras, Belaunde Lossio salió sin problemas del país después de ser la obsesión del ministro del Interior. Decirnos que el reglaje a la vicepresidenta era para protegerla es torpe. Si se apela al respeto a la democracia y sus formas, que se ponga en práctica y no quede en palabras.","elcomercio","20/01/2015"
"Recuerdan trayectoria democrática de Valentín Paniagua","Un busto del ex presidente Valentín Paniagua fue develado en el Hall de los Pasos Perdidos del Congreso. Su hijo Valentín Paniagua Jara agradeció el gesto. Tras aludir al clima de enfrentamientos en la política, recordó que su padre respetaba profundamente a sus adversarios.","elcomercio","20/01/2015"
"Campaña escolar: Pautas para no ser estafado","Algunos colegios privados aprovechan la desinformación de los padres de familia para exigirles cobros indebidos. A continuación, les explicamos lo que sí está normado por el Código de Protección al Consumidor y el Ministerio de Educación.  Lo que está prohibido: La matrícula escolar ya se inició en algunos centros educativos y los padres de familia deben estar advertidos. Indecopi ha descubierto que colegios privados han restringido información a los padres. Incluso algunas escuelas son reincidentes.  Especificaciones en marcas: En defensa de la libertad de elección de los consumidores, los colegios están prohibidos de especificar marca alguna para los útiles de los niños. Sí pueden sugerirla, pero no exigirla. Esto busca una competencia libre entre proveedores que se traduce en productos de mayor calidad y precios competitivos.  Costos y planeamiento: Según Indecopi, la mayor infracción fue la de no informar a los padres de familia sobre los costos que se les cobraría por matrícula, pensiones y moras. Anah Chávez, directora de la Autoridad Nacional de Protección del Consumidor de Indecopi, deja claro el error cometido: los colegios están obligados a informar por escrito sobre estos cobros al final de cada año. Esto responde a la necesidad de planificación económica de los padres para cumplir la obligación de pagar por la educación de sus hijos. A pesar de que las reglas están claras, varios colegios son reincidentes en esta infracción, e incluso algunos han cobrado las pensiones por adelantado cuando estas deben ser pagadas solo al final de cada mes.  Transparencia de información: Otra infracción recurrente es la falta de transparencia con la información. Es responsabilidad del colegio que la información sobre pagos, reglas y planes llegue a todos los padres de familia, sostiene Crisógolo Céspedes, presidente de la Asociación Peruana de Consumidores y Usuarios (ASPEC).  Cabe destacar que el Instituto Nacional de Defensa de la Competencia y de la Protección de la Propiedad Intelectual (Indecopi) sancionó el año pasado a 265 centros educativos particulares por infringir los derechos de los padres de familia y los propios escolares.","elcomercio","20/01/2015"
"Estado Islámico ya tiene presencia en Pakistán?","All se encuentra la mdula del terrorismo y hay centros de entrenamiento de estos grupos extremistas.  —El Estado Islámico ya tiene presencia en Pakistán? Ya ha habido no pocas manifestaciones de simpatía, pintas en algunos aeropuertos, banderas negras en lugares estratégicos, comunicaciones de apoyo de grupos talibanes, si bien hasta ahora no ha habido una acción violenta en suelo pakistaní.  —El EI goza de popularidad entre la opinión pública pakistaní? En qué porcentaje? Pakistán es un país de casi 200 millones de habitantes y cerca del 60% de estos tiene menos de 25 años. Muchos de estos jóvenes carecen de futuro y son los que, en mayoría, salen de las escuelas islámicas o madrazas financiadas por ONG de países del Golfo Pérsico. En vez de recibir una educación técnica se vuelven expertos en el Corán y, a veces, caen en interpretaciones erróneas. Entre esta gente cala el mensaje del EI y se convierten en combatientes que viajan a Libia, Siria e Irak.  —Qué hace el Gobierno Pakistan al respecto? Está identificando algunas redes radicales y trata de hacer seguimiento a algunos de los que han regresado de esas zonas. Pero con fronteras tan porosas como las de este país es una tarea compleja. As copetitos son los más difíciles de cargar porque duelen y pesan más.","elcomercio","20/01/2015"
"La Unión Europea busca alianzas con países árabes para frenar el terrorismo","Los cancilleres del bloque acordaron enviar delegaciones antiterroristas a algunos países musulmanes.  Bruselas [agencias]. Los ministros de Relaciones Exteriores de los 28 países de la Unión Europea (UE) abogaron ayer en Bruselas por la creación de una alianza antiterrorista con países árabes que permita mejorar la cooperación y el intercambio de información tras los recientes ataques en Francia y la serie de detenciones posteriores en toda la región.  La amenaza no es solo la que enfrentamos en Francia, sino que se extiende en muchas otras partes del mundo. Necesitamos una alianza, un diálogo y enfrentar el problema juntos, señaló la jefa de política exterior de la UE, Federica Mogherini. Por su parte, el canciller británico, Philip Hammond, afirmó que los países musulmanes son quienes han sufrido la mayor carga del terrorismo y que se debe trabajar de cerca con ellos para protegerlos al igual que a la UE.  El debate fue el primero que se realizó en profundidad desde los ataques mortales al semanario Charlie Hebdo y a un supermercado judío en París, con la idea de proponer medidas que puedan combinarse con las iniciativas para combatir el yihadismo que prepara cada país.  Proyectos y acciones La UE planea enviar en las próximas semanas agregados antiterroristas con ciertas delegaciones para promover mejores contactos contra el terrorismo en Turquía, Egipto, Yemen, Argelia y los países del Golfo.  En el plano interno del bloque, los 28 exhortaron al Parlamento europeo a aprobar una ley que permita compartir información sobre pasajeros de aerolíneas entre los países de la UE.  Muchos de los ministros se reunirán otra vez el jueves en Londres en una reunión copresidida por Hammond, y el secretario de Estado estadounidense, John Kerry, con unos 20 países, incluidos países árabes.  La reunión preparó la agenda para la cumbre especial de jefes de Estado y de Gobierno, programada para el 12 de febrero, que estará dedicada al combate contra el terrorismo.","elcomercio","20/01/2015"
"Quién le escribe los discursos a Obama?","Nueve escritores ayudaron al presidente de EE.UU. a elaborar el mensaje del Estado de la Unión que hoy pronunciar al país.  Jerome Cartillier/AFP  día tras día, desde la mañana hasta la noche, un pequeño grupo de artífices de la palabra busca el mensaje perfecto, el tono y la cadencia con que el presidente de Estados Unidos, Barack Obama, le hablará a su país.  Cuando Barack Obama presente hoy ante el Congreso su discurso del Estado de la Unión, será la culminación de semanas de trabajo para un equipo de escritores de discursos de la Casa Blanca. El proceso comienza antes del Día de Acción de Gracias (26 de noviembre), dice Jeff Shesol, quien fue una de las plumas de Bill Clinton.  La Casa Blanca tiene actualmente nueve escritores de discursos. Algunos de ellos también trabajan para la primera dama Michelle Obama, para el Consejo de Seguridad Nacional (NSC) y otros funcionarios del Ejecutivo. En la Casa Blanca, a bordo del avión Air Force One, entre hoteles, viven sus vidas al ritmo de la agenda del presidente. Un escritor de discursos ideal debe ser muy competente, tener gran vigor físico y una pasión por el anonimato, según revel un reporte de 1937 en el cual se describa el funcionamiento de la Casa Blanca. El trabajo puede ser agotador, pero los escritores de discursos saben que la Casa Blanca es un excelente trampolín para el resto de su carrera, sea en política o en el sector privado.  Es un trabajo extraordinario, opina Adam Frankel, quien formó parte del equipo de escritores de Obama hasta el 2011 y resaltó el buen gusto que tenía el presidente por la buena escritura. También respeta el proceso de creación y comprende cómo funciona. Está muy involucrado en el proceso de redacción desde el principio, coment. Uno de los principales escritores del discurso del Estado de la Unión, Cody Keenan, de 33 años, comparó el trabajo con el de un estudiante universitario.  Tienes que redactar un reporte, puedes trabajar toda la noche, o bien comenzar muy temprano, lo entregas y te lo devuelven con observaciones, ah te enteras de si le gustó o no, explicó Keenan. El lado positivo es que él hace anotaciones detalladas explicando el porqué de ellas, acotó.  El primer discurso del Estado de la Unión fue presentado por George Washington en 1790. Entonces era un simple documento, más parecido a un informe administrativo dirigido al Congreso que a una plataforma política. Fue Woodrow Wilson, en 1913, quien comenzó la práctica de ofrecer discursos presidenciales a una audiencia más amplia.  Sin embargo, estos momentos de supuesta gran importancia política, en los cuales el presidente revela las prioridades para el año próximo, raras veces se han vuelto pronunciamientos históricos. Pero hay una excepción notable: el 29 de enero del 2002, George W. Bush utilizó en su discurso la fórmula eje del mal para describir a Irak, Corea del Norte e Irán. La frase se volvi emblemática.","elcomercio","20/01/2015"
"El mal se achora y se sofistica","Fernando Vivas Periodista  En nuestra peruana pelea contra el diablo, hay dos señales aparentemente contradictorias: el mal se ha sofisticado, pero también se ha achorado. Roque Silva, en un ensayo, lo llamaba el brillo de la podredumbre. Ustedes escogen su frase: el callo de los malditos, el encanto de la mafia, el vacile de la sinvergüenza. Y, ojo, ambas señales no necesariamente se juntan en la misma persona: la corrupción tiene asesores que les pulen el ‘charm’, les consiguen comparsas simpáticas.  El mal se ha enquistado en algunas camarillas. De perversión de pequeños porcentajes de la población, pasó a conjunto de costumbres para sacarle vuelta a las normas, mayoría simple en consejos, candidatura triunfante a la alcaldía o presidencia regional. Estudiosos de la corrupción, como Jaris Mujica, describen cómo hay redes que impelen a los inocentes empleados a avenirse a coimas, pues de no hacerlo afectarían la armonía entre pares. Esas redes, en muchos casos, han llegado a la cabeza del sistema.  Chiclayo es un laboratorio de la corrupción. Hace tres años, me topé en la caleta Santa Rosa con una casa abandonada, la más vistosa del lugar, cuyo dueño había sido asesinado por no pagar cupos. Unos metros más allá, la gente se congregaba ante un templo evangélico. La conclusión estaba pintada y la escribí en la columna El diezmo o el cupo (23/3/2012): una sociedad insegura como la peruana necesita cultos religiosos que la cohesionen moralmente. Sin duda, para esos emprendedores extorsionados, el pago no coactivo de un diezmo (10%) de sus ingresos era una sana alternativa, solo que la ‘protección espiritual’ no garantiza, en el Perú de hoy, la ‘protección material’.  Hace unos días, volví a Chiclayo con un grupo de periodistas reunido por IPYS. El procurador anticorrupción de Lambayeque, Manuel Benavente, nos describió el modus operandi del clan Los Limpios de la Corrupción, encabezado por el ex alcalde Beto Torres y su chica, la ‘Jefa’ Katiuska del Castillo, coronada Miss Dulzura en el Festival del King Kong 2005 (¡ah, la irresistible coquetera del mal!). Benavente contó algo que me sacó de cuajo: el clan tenía un sistema de coimas calculadas porcentualmente del monto de cada obra, y lo bautizaron ‘diezmo’. Los pendejos plagiaron el concepto evangélico!  Si el mal, en pocas temporadas, se ha vuelto así de original e imaginativo; la lucha anticorrupción tiene que ser más original y más imaginativa. Si los corruptos cuentan cuentos entretenidos, pues hay que contar bien bonito el relato de la verdad; si tuitean con inquina, hay que trolearlos con ironía; si maniobran con gracia, hay que maniobrar con más gracia; si reglan, hay que sacarles la lengua.  Urresti no está del lado bueno. No sé si está del lado malo, pero su conducta acaba haciendo el juego a ese lado. Solo me explico su permanencia en el poder por la paranoia de la pareja presidencial, que quiere usar el aparato del Mininter para defendérselas de traidores y enemigos (además, están tan encandilados con sus ataques a la oposición, que le dan luz verde al tuitazo). Su rollo del falso perdón es lo más achornado y sofisticado que le he oído. Por eso, extrañamente, en el lado de los buenos, el mismo achornamiento y sofisticación.","elcomercio","20/01/2015"
"El habla culta","- Martha Hildegbrandt -  Dictar cátedra. Cátedra viene del latín cathedra ‘asiento, silla’ (este es el mismo timo del término cadera). En la lengua general, se documentan construcciones como impartir cátedra o dar cátedra, pero en el Perú y otros países americanos es usual la frase dictar cátedra, no con un sentido encomiástico, sino con la acepción neutra de ‘enseñar una materia cualquiera en el nivel superior’ (también se entiende en sentido figurado). Refiriéndose a un cantante popular, se lee en el diario limeño El Comercio: “Rubén Blades dictó cátedra en el Callao” (26/8/2012).","elcomercio","20/01/2015"
"Un día como hoy de...","1915  Zeppelins sobre Inglaterra  Ayer una flota de zeppelins alemanes voló sobre la costa inglesa y arrojó bombas sobre ciudades abiertas. Así, acabó con la vida de ciudadanos pacíficos, produjo daños en propiedades particulares y sembró el pánico. Los buques ingleses no fueron atacados ni parece que el objetivo haya sido ese. Los zeppelins tuvieron como único propósito aterrorizar a los ingleses y demostrarles que son vulnerables a un ataque aéreo que puede ocurrir en cualquier momento. Es una guerra psicológica inquietante.","elcomercio","20/01/2015"
"Posdata","Agencia Personalmente de Argentina  Axel Kuschevatzky Productor de cine argentino  Nací el 28 de octubre en Buenos Aires. Mi mam es psicóloga y mi pap pediatra. Mi pasión por el cine me llevó a tener un videoclub, a colaborar con diversos medios y hacer mi propia revista: La Cosa. El secreto de sus ojos fue mi primera incursión como productor y en el 2010 se llevó el Oscar a mejor película extranjera. Tengo varios proyectos este año: arrancamos con Papeles en el viento; le va a seguir El desafío, una comedia para adolescentes. También estrenaremos El clan; y después vendrá Truman, con Ricardo Darín, y La patota.  Me gusta la idea de trabajar en una película que yo pagaría por ver  Fabiana Scherer ‘La Nación’ de Argentina  Ganó un Oscar en el 2010 por El secreto de sus ojos y va por más. Mientras Relatos salvajes bate récords, el productor construye un nuevo cine argentino. Conozca a Axel Kuschevatzky, el hombre con apellido de origen polaco que está cambiando el cine de su país.  Vos serás un buen productor. Eso le dijo Juan José Campanella a Axel Kuschevatzky en un encuentro que simulaba ser como tantos otros, pero que se transformó en el momento bisagra en la vida de quien hoy goza del prestigio de ser uno de los productores más exitosos de la Argentina.  —En el 2013 estuviste asociado a cuatro de las películas más vistas –‘Metegol’, ‘Corazón de León’, ‘Tesis para un homicidio’ y ‘Último’–, y el 2014 lo cerraste con Relatos salvajes, el filme que se convirtió en el más visto de todos los tiempos en la Argentina (llevó más de 3’400.000) y ya fue vendido a más de 50 países. ¿Cómo se hace un éxito?  [Risas] Las películas no son mejores o peores por los premios, ni mejores ni peores por la taquilla. De hecho hay películas que han sido fracasos y que el tiempo las ha puesto en otro lugar, y otras que han sido muy exitosas y de las que nunca volvió a hablar, como Danza con lobos [el filme de Kevin Costner que se qued con siete Oscars en 1991].  —Claro está. Pero detrás de un éxito también hay un gran trabajo.  Hacemos investigación de mercado. Es algo que se hace mucho en televisión. Intentamos saber quién compra las entradas, por qué deciden ver una película en vez de otra, los flujos de público. ¿Qué los motiva a ver una película, si les importan las críticas? Hablamos en términos masivos. Con Relatos... hicimos un laburo muy fuerte. En películas de este tipo, como lo fue también con El secreto..., el público es muy amplio y tiene un corte transversal que te permite trabajar desde varias aristas. Con El secreto... teníamos un spot que vendía solo la historia policial y que trabajamos en los noticieros; teníamos otro que mostraba la historia de amor, que lo mostrábamos en los horarios de la telenovela; otro con los momentos de comedia con Guillermo Francella que metíamos en el segmento de Casados con hijos. Fue como una construcción de muchas películas en una. De esa manera buscábamos llegar a todos los públicos posibles. En el caso de Relatos... lo primero que hicimos fue linkearlo con Los simuladores, porque la serie de Szifrón tiene un público amplio y muy fiel. Buscamos establecer la premisa sobre gente que pierde el control, contado por el creador de Los simuladores. En esa primera instancia no se vendió nada más. No queríamos contar todas las anécdotas o rozar algún argumento. Lo más importante era establecer el concepto porque estábamos frente a una película diferente, un filme episódico que nada tiene que ver con los relatos corales, como Crash [Vidas cruzadas, de Paul Haggis]. Todos confiaron en la estrategia.  —De las investigaciones de mercado, ¿qué datos tuvieron en cuenta?  Suelemos hacer dos investigaciones grandes por año usando mecanismos de IBOPE. Lo que obtuvimos es que el cine argentino es mayoritariamente consumido por mujeres de más de 35 años. Ellas son las que llevan a sus maridos o parejas al cine. Por otro lado, también nos encontramos con que el público que menos cine local ve son varones y mujeres de menos de 24. Es un gran problema que tiene el cine argentino porque básicamente no conecta con el público que más entradas compra. Con este cuadro de situación armamos un spot para conectar todos estos targets, para atraer a la mujer de menos de 24 y más de 35 y esa era la historia de rica Rivas, Hasta que la muerte nos separe. De hecho, fue el spot al que más vuelta le dimos y lo trabajamos con una frase que podría quedar en la cabeza de la gente: Flámame esto, Néstor. Una vez que la película comenzó a funcionar empezaron a salir con las otras promos que mostraban las críticas internacionales que eran buenas y el resto de las historias por separado apuntando a cada target.  —La masividad sigue teniendo mala prensa en algunos sectores.  Es tan subjetivo el concepto de entretenimiento! A mí Michael Bay y sus Transformers me aburren y es una película taquillera. Relatos... es una película masiva con un código, que entretiene, que despierta interés, que dice cosas. Por suerte me tocó trabajar con productores y directores que no ven lo masivo como un problema, sino como un desafío.  —Se piensa en el productor como el malo de la película, el que pone la plata y vuelve loco al director.  No, no soy así. Tampoco mi rol queda solo relegado a la financiación. Los buenos productores son parte del proceso creativo, porque todos estamos tratando de encontrar la mejor versión de la película. No se trata de convertirla en una diferente, sino de dar con lo mejor de la historia. Me gusta la idea de estar trabajando en una película que pagaría por ver. Yo me siento un testigo privilegiado en el recorrido de la realización, de estar rodeado por gente talentosa. Para mí es muy fuerte mandarle notas de guion a Alejandro Amenábar [lo produjo a través de Telefónica Studios, que preside como director, en el filme Regreso, con Emma Watson y Ethan Hawke] o leer un guion delante de un director.  —Recién decías que te gusta la idea de trabajar en una película que pagarías por ver. Sigues explorando tu costado como espectador.  No puedes olvidarte de ese lugar, sería un acto de soberbia. Hago el ejercicio de verme a mí mismo como espectador frente al material. Todo el tiempo me pregunto qué es lo que le puede gustar a la gente. Me imagino cómo podrían reaccionar ante ciertas situaciones. Me gusta ir a la sala a ver la película con gente, pasar por la boletería.","elcomercio","20/01/2015"
"Daños en el Valle de Zarumilla","Unos mil agricultores del Valle de Zarumilla en Tumbes resultaron afectados por los vientos huracanados del último sábado. Estos provocaron que 500 hectáreas, de las 1.800 que tiene esta localidad, fueran arrasadas desde la raíz.  El resto de las 1.300 hectáreas ha quedado con un alto porcentaje de plantas con el tallo debilitado, lo cual pone en alto riesgo la cosecha.  Carlos Valle, uno de los agricultores afectados por este fenómeno, explicó que la inversión por hectárea es de S/.2.300 y de 8 meses de trabajo. Ahora tenemos que esperar otros 8 meses y no tenemos cómo afrontar los gastos de alimentación desde cero. Los agricultores señalaron que son ocho meses de trabajo los que se han perdido tras la caída de sus plantaciones.  Más datos  La agricultora Mara del Rosario Cruz Morán, del distrito de Papayal en Zarumilla, señaló que a la zona se han acercado la vicepresidenta de la región Tumbes, Beatriz Quintana, y el congresista Manuel Merino de Lama para ofrecer su apoyo.  Las fuertes lluvias en Ecuador han provocado el aumento del caudal del río Tumbes y que este canal está más turbio. Eso ha originado que la ciudad de Tumbes se quede sin agua porque no puede potabilizarse.  Fenómeno atípico  El jefe del Instituto Nacional de Defensa Civil (Indeci) en Tumbes, ingeniero Manuel Boggio Luna, explicó que el problema climatológico –una convergencia intertropical– se concentra en la frontera y esto provoca los vientos huracanados.  Ante esta circunstancia, el ingeniero Jess Pretell Saldaña, jefe de la agencia zonal Tumbes de Agrorural, dijo que se está recopilando información que servirá para incluir en los planes de contingencia a los mil agricultores afectados.  Además, el titular de la Dirección Regional de Agricultura de Tumbes, ingeniero Diego Alén, dijo que aún se está evaluando solicitar el estado de emergencia para solucionar pronto el daño ocasionado en la provincia de Zarumilla.","elcomercio","20/01/2015"
"Incendios en Cusco","Más de cuatro horas les costó a los bomberos apagar un incendio de medianas proporciones que se inició en una casa construida durante la Colonia en el Centro Histórico de Cusco. A las 7:00 a.m. de ayer, el fuego comenzó en el segundo piso del inmueble N° 374, ubicado en el jirón Procuradores, a una cuadra de la Plaza de Armas de la Ciudad Imperial.  Fue necesaria la intervención de tres compañías de bomberos y el apoyo de más de cincuenta agentes de la Policía, que cercaron el lugar. Aproximadamente al mediodía, los hombres de rojo lograron controlar las llamas e iniciaron la remoción de los escombros.  Si bien hoy se presentará el informe que precisará las causas del desastre, se presume que un cortocircuito habría desencadenado todo. Sin embargo, el jefe de la Policía de Turismo de Cusco, comandante PNP Juvencio Zea, no descarta que el horno artesanal de la pizzería que funcionaba en el inmueble haya originado el fuego.  El arquitecto Marco Marcos, del Ministerio de Cultura de Cusco, precisó que el incendio afectó el inmueble donde se inició el fuego y otro predio aledaño, también con características coloniales. Las cubiertas de madera de los techos fueron afectadas. En la primera casona, el daño es serio; en la segunda, parcial, explic el especialista. El entramado de madera también habría resultado afectado. Marcos sostuvo que ambas casonas no han sufrido derrumbes.  La coordinadora del Centro Histórico del Ministerio de Cultura, arquitecta Saby Zrate, indicó que ambos inmuebles son edificaciones con características patrimoniales individuales, es decir, con posibilidades de ser declaradas patrimonio cultural. Además, alertó que entre un 10% y un 15% de casonas cusqueñas están en riesgo de colapsar, pero no precisó el número total de inmuebles con valor histórico.  La especialista dijo que, de un total de 290 lotes en el centro, el 30% funciona como vivienda-comercio. Es el caso de los inmuebles donde ocurrió el siniestro.","elcomercio","20/01/2015"
"Reasignan cargo a coronel PNP pese a estar en la cárcel","Chiclayo. La alta dirección de la Policía Nacional asign en el área de Recursos Humanos de la Región Policial Lambayeque al coronel PNP Jorge Linares Ripalda, quien está preso en el penal de Piedras Gordas, en Lima, investigado por sus presuntos vínculos con la organización criminal El Nuevo Clan del Norte.  El nombre del suspendido oficial de la policía aparece en la lista de reasignaciones publicada ayer por el Ministerio del Interior. A Linares se lo recuerda por haber sido uno de los artífices de la desarticulación de la peligrosa banda La Gran Familia, cuyos integrantes se encuentran presos en diferentes cárceles de máxima seguridad del país.  El jefe de la Región Policial Nororiente, general Cluber Aliaga Lodtmann, indicó que el nombre de Linares apareció en la lista de nuevas asignaciones porque el oficial aún no ha sido retirado de los archivos de la institución, debido a que todavía es investigado y no tiene sentencia.  Otras fuentes de la policía indicaron que se le reasignó en el mismo Chiclayo para evitar pagarle S/.12.000 por concepto de viáticos.  El coronel Linares no ejercerá el cargo y será reemplazado en las próximas 48 horas por otro oficial.","elcomercio","20/01/2015"
"Perú y Bolivia trabajan para recuperar el lago Titicaca","El objetivo es promover la conservación de su biodiversidad y el uso sostenible de los recursos hídricos.  Autoridades y representantes de instituciones del Perú y Bolivia para el desarrollo del programa Gestión Integrada de Recursos Hídricos en el sistema Titicaca–Desaguadero–Poopo–Salar de Coipasa (TDPS) mantuvieron una reunión en La Paz el pasado martes.  El programa tiene la finalidad promover la conservación y el uso sostenible de los recursos hídricos en el sistema transfronterizo TDPS a través de la actualización del proyecto Director Global, que ya ha cumplido varias etapas.","elcomercio","20/01/2015"
"Altos cargos comprometidos","Nisman había solicitado exponer su denuncia ante el Congreso pero a puertas cerradas para poder detallar información que habría recibido de los servicios secretos. Hay gente dentro de la ex Secretaría de Inteligencia del Estado (SIDE) que está trabajando para Irán. testimonio del padre de una de las víctimas del Atentado de la AMIA Cómo se vive 20 años sin encontrar justicia? MARTÍN TUMAY SOTO Paola Czyzewski tenía 21 años. Era estudiante de Derecho de la Universidad de Buenos Aires. Aquel 18 de julio de 1994 había ido por primera vez a la AMIA para ayudar a su mamá, cuando estalló la bomba. Su padre, don Luis, conocía muy bien al fiscal Alberto Nisman. Ambos se habían reunido en innumerables ocasiones en el marco de las investigaciones. En diálogo con El Comercio, Czyzewski detalló que Nisman era una persona con mucha fuerza, con mucho ímpetu y que tenía realmente la causa AMIA como si fuera un familiar más de las víctimas. Él vivía para la causa, vivía para avanzar en el esclarecimiento. Agregó que la pérdida del fiscal representaba un golpe monumental, pero no la caída definitiva del proceso. Creo que habrá alguna manera de recomponer todo esto. Nisman trabajaba con alrededor de 50 personas y dentro de su staff debe haber gente con el suficiente conocimiento para seguir avanzando [...] Nisman no era ingenuo y si hizo una denuncia de tal magnitud y peso político era porque tenía pruebas contundentes. A uno ni se le pasa por la cabeza que su denuncia haya carecido de fundamento o tenga pruebas débiles, afirmó. Czyzewski indicó que nunca observó actitudes suicidas en Nisman. No daba la impresión de ser una persona que tuviera crisis anímicas o psicológicas, al contrario era como una especie de locomotora lanzada a toda velocidad. Cómo es vivir más de 20 años sin hallar justicia?, le preguntamos. Czyzewski guardó silencio y luego respondió: Es muy difícil. En mi casa la tragedia nos hizo aprender a vivir de otra manera. Tenemos una mochila que cargamos permanente y aprendimos a vivir de esa manera. La memoria de mi hija así como la memoria de las otras víctimas lo único que hace es que potenciemos nuestro reclamo para llegar a saber la verdad.","elcomercio","20/01/2015"
"Si se suicid, lo llevaron al suicidio","Milagros Asto NIEBIESKIKWIAT NIEBIESKIKWIAT fue la última periodista que habló con Nisman el sábado, un día antes de su muerte. Él le dijo que sentía que podía morir por el caso. —¿Cuál es el clima político? Mucha conmoción política y silencio presidencial. Hasta ayer el oficialismo atacaba a Nisman. Lo acusaban de montar esto en nombre de un famoso agente de espionaje. Y ahora el hombre al que acusaban y por el que iban a ir al Congreso, donde iba a comparecer, para ponerlo como un mentiroso, está muerto. —¿Cómo se entiende el silencio presidencial? Están todos pasmados. Esto es muy fuerte para la presidenta Cristina Fernández. Primero por el fracaso del memorandum, sea o no Irán el culpable. Por esto se enfrentó fuertemente a enormes sectores políticos, a la dirigencia y a gran parte de la colectividad judía, y finalmente porque ahora se le muere un hombre de la justicia que nadie va a creer que se suicidó. —Usted fue la última periodista en hablar con él... Era un hombre al que yo conocí personalmente y si se suicidó fue porque lo llevaron al suicidio. Es muy raro, él era un hombre sumamente jovial y que dijo en sus últimas horas: Yo puedo salir muerto de esto. Yo no sé qué pas con Nisman, pero el impacto político sobre la figura de Cristina es enorme. —¿Qué se espera ahora para el Caso AMIA sin Nisman? No se sabe. En principio se tiene que ver si el juez de la denuncia abre feria [decide continuar]. La causa se queda sin un hombre que era un fanático de ella. No había persona que promoviera más el tema que Nisman. No digo que tenga razón. A veces sus denuncias requerían que se creyera en él, como que Irán tenía una red terrorista latente montada en Latinoamérica. Hay que creer en eso. Yo no tengo pruebas de eso. —¿Qué pruebas mostraba él? Ahora sí, los personajes que él cita como encubridores de ese plan que está en su denuncia son personas que han coqueteado permanentemente con Irán, el Irán del ex presidente Mahmud Ahmadinejad. —La AMIA ha afirmado que la figura de Nisman es irreemplazable para el caso. ¿Existe alguien que se perfilé para reemplazarlo? La fiscal de Nisman la querían vaciar, creo que puede haber figuras en lado técnico, pero no va a haber un fiscal como él. Ya no hay otro Nisman.","elcomercio","20/01/2015"
"Humala niega reglaje pero Ana Jara no descarta que exista facción paralela","El presidente rechazó un seguimiento a la vicepresidenta Marisol Espinoza. Ella expresó que se rehusa a pensar que el Gobierno est detrás. Ollanta Humala dijo que pondrán a disposición del Congreso y la fiscalía información clasificada pertinente de la Dirección Nacional de Inteligencia. Espinoza exigió una exhaustiva investigación del presunto reglaje del que habría sido objeto. ROCO LA ROSA VASQUEZ Mientras el presidente Ollanta Humala cerr ayer todas las puertas a la posibilidad de que agentes de la Dirección Nacional de Inteligencia (DINI) hubieran hecho un reglaje a la vicepresidenta de la República, Marisol Espinoza, la primera ministra Ana Jara dej abierta una ventana al decir que si bien no hay una directiva del Gobierno en ese sentido, de existir [una] facción que lo hubiere hecho de manera paralela, será erradicada!. Rechazo tajantemente que ello se haya producido, fue lo que dijo Humala en un pronunciamiento desde palacio junto a el gabinete en pleno, incluida Ana Jara. Antes del pronunciamiento de Humala, esta también había tuiteado: Repudio es lo menos que puedo sentir sobre reglaje a nuestra vicepresidenta y otros personajes. La propia afectada, Marisol Espinoza, escribió desde Piura: Indignada, repudio estas prácticas delincuenciales y exijo exhaustiva investigación. Me rehúso a pensar que el gobierno est detrás de esto. Este Diario intentó conversar con Espinoza para preguntarle por qué no denunció el hecho en noviembre último, cuando un miembro de su seguridad intervino a los agentes que le hacían reglaje. Nunca le informaron?","elcomercio","20/01/2015"
"Costos y planeamiento","Según Indecopi, la mayor infracción fue la de no informar a los padres de familia sobre los costos que se les cobraría por matrícula, pensiones y moras. Ana Chávez, directora de la Autoridad Nacional de Protección del Consumidor de Indecopi, deja claro el error cometido: los colegios están obligados a informar por escrito sobre estos cobros al fin de cada año.  Esto, por supuesto, responde a la necesidad de planeamiento económico de los padres para cumplir la obligación de pagar por la educación de sus hijos. A pesar de que las reglas están claras, varios colegios son reincidentes en esta infracción, e incluso algunos han cobrado las pensiones por adelantado cuando estas deben ser pagadas solo a fin de cada mes.","elcomercio","20/01/2015"
"Transparencia de información","Otra infracción recurrente es la falta de transparencia con la información. Es responsabilidad del colegio que la información sobre pagos, reglas y planes llegue a todos los padres de familia, sostiene Crisógolo Céspedes, presidente de la Asociación Peruana de Consumidores y Usuarios (ASPEC).  Los reincidentes en rojo En el 2013, el Indecopi fiscaliz 632 colegios de Lima y en 112 de ellos comprobó las mismas faltas que se han encontrado en el 2014. Algunos centros educativos, incluso, han llegado a obtener 10 sanciones de distintos tipos. Como el costo social de cerrar actividades para los colegios reincidentes es muy alto, la sanción para estos sigue siendo económica. Según Ana Chávez, los colegios reincidentes reciben una sanción mayor dependiendo de la infracción cometida nuevamente. Esta reincidencia es considerada un agravante y, en algunos casos, se impone una multa doble.","elcomercio","20/01/2015"
"Ley 28694","Las editoriales a utilizar deben ser escogidas por un comité de padres, directores y profesores de cada colegio.  Sin embargo, para José Ramos Rojas, presidente de la Confederación Nacional de Asociaciones de Padres de Familia (APAF), las sanciones administrativas son letra muerta. Los responsables de los colegios multados una y otra vez, dice Ramos, solo pagan la multa, pero continúan en sus cargos sin asumir responsabilidades por las infracciones.","elcomercio","20/01/2015"
"LO QUE EST PERMITIDO","La secuencia particular es libre para asignar sus precios de pensiones y matrícula, ingrese, cuota adicional. Las normas que regulan la venta de textos escolares exigen que estos puedan ser reutilizados al menos tres años. No hay ningún impedimento para que los escolares puedan usar libros de segunda mano.  A SU SERVICIO Reclamos Sobre el servicio educativo de los colegios particulares: colegios2015@indecopi.gob.pe 224-7777 0-800-4-4040 (gratis desde regiones)  Observatorio Nacional de Textos Escolares del Minedu Para conocer los precios de los textos escolares o presentar alguna denuncia: http://www.obnate.minedu.gob.pe  Pensiones www.indecopi.gob.pe En esta página podrás calcular la mora y las tasas máximas de las pensiones escolares de una manera fácil para evitar los cobros excesivos. El año pasado Indecopi recibió 665 denuncias en su web.  No están obligados a presentar el total de útiles escolares al inicio del año escolar, ni a adquirir uniformes o útiles en determinados establecimientos. Los centros educativos están obligados a informar a los padres, al momento de la matrícula, sobre los posibles aumentos de la pensión escolar que se realizarían durante el año. De lo contrario, ese incremento no podrá efectuarse.  Los centros educativos privados no podrán condicionar la asistencia a clases, la atención de los reclamos, ni la evaluación de los alumnos, al pago de pensiones. No podrán ser obligados a pagar una o más pensiones anticipadas, salvo en el caso en que dichos pagos sustituyan a las cuotas de matrícula. De ninguna manera se puede condicionar la admisión del alumno al pago de cualquier otro concepto como, por ejemplo, cobros por nivelaciones escolares, actividades extracurriculares, cuotas ‘voluntarias’, bingos, rifas, etc.  Las cuotas o aportaciones por concepto de Asociación de Padres de Familia (APAF) no son obligatorias y no condicionan la matrícula o permanencia de los alumnos.  El cobro de ingreso que exigen algunos colegios al inicio de clases es permitido siempre que se haya hecho solo una vez durante la permanencia del niño en la escuela y est autorizado por el Ministerio de Educación. Los padres de familia tienen derecho a ser informados sobre la naturaleza y el destino de los montos que les cobran.  El colegio no puede condicionar la evaluación del estudiante al pago de las pensiones ni utilizar métodos intimidatorios que afecten la dignidad del menor. La única medida que puede tomar el plantel es retener la libreta de notas o el certificado de estudios hasta que se regularicen los pagos.","elcomercio","20/01/2015"
"FISCALIZACIÓN A COLEGIOS EN EL 2014","Se supervisaron: 405 colegios de Lima 1.137 colegios del interior del país Se sancionaron: 265 colegios en total. La suma de las multas resultó en un total de 140 UIT (S/.539.000) 400 UIT es la multa máxima que se puede aplicar a los colegios. (S/.1’540.000)","elcomercio","20/01/2015"
"Metropolitano","Roban rejas de seguridad de la estación Castilla Desconocidos robaron las rejas de la estación Castilla del Metropolitano que dividen la Av. Independencia del carril exclusivo de los buses articulados, en el Cercado de Lima. Vecinos indicaron que no es la primera vez que sucede algo similar. Pro Transporte revisará las imágenes de la cámara de seguridad de la estación para identificar a los responsables del hurto.","elcomercio","20/01/2015"
"Lima Sur","Alcaldes buscan hacer limpieza pública conjunta Los alcaldes distritales de Lima sur (Villa María del Triunfo, Villa El Salvador, Pachacamac, San Juan de Miraflores, Lurín y San Bartolomé) suscribieron ayer un acta para realizar una planificación conjunta y ejecutar progresivamente un recojo sin fronteras de residuos sólidos y basura.","elcomercio","20/01/2015"
"Por aumento de lluvias","Concejo de Lima refuerza márgenes del río Rímac La Municipalidad de Lima inició los trabajos de reforzamiento de los márgenes derecho e izquierdo del cauce del río Rímac ante el incremento de lluvias en la sierra del país. Los trabajos, que incluyen la reubicación de unas 18 toneladas de rocas y beneficiarán a más de 15 mil habitantes, se realizan a la altura del kilómetro 15,5 de la Carretera Central, en el distrito de Ate.","elcomercio","20/01/2015"
"Ministerio de Salud","Implementarán 7 mil camas de hospitalización El viceministro de Prestaciones y Aseguramiento en Salud del Ministerio de Salud (Minsa), Carlos Chanampa Zapata, señaló ayer que el sector implementará más de 7 mil camas de hospitalización en diferentes nosocomios del país durante los próximos tres años. Agregó que el Minsa reconstruir hospitales centenarios, como el Arzobispo Loayza y el Dos de Mayo, con una inversión de S/. 8.400 millones en infraestructura hospitalaria.","elcomercio","20/01/2015"
"Corredor azul: Propuestas para evitar capacidad ociosa de los buses","Consorcio TGA lanza propuesta para evitar gasto innecesario de combustible por ir de patio a inicio de ruta. Desde que estuvo en campaña, el alcalde de Lima, Luis Castañeda Lossio, anunció que iba a evaluar la permanencia del corredor azul. El sábado, por primera vez, ofreció dos razones (no se sabe si son las únicas) para evaluar la permanencia del corredor: que no cuenta con patios adecuados para los buses y que no tiene señalización de paraderos.  Este Diario revisó el tema para ver a qué podría referirse el alcalde y si son problemas que conviene solucionar antes de pensar en clausurar el corredor azul. En cuanto a los patios, de hecho, sí los hay.  Luis Marav, representante del Consorcio TGA, que opera en el eje vial Tacna-Garcilaso-Arequipa, precisó a El Comercio que su corporación tiene tres patios de mantenimiento en Chorrillos y uno en Santiago de Surco. Por ello, el problema que enfrenta el Consorcio TGA no es la falta de patios, sino la distancia promedio de 14 km entre estos y el punto de inicio de la ruta troncal.  Una alternativa, antes de pensar en cerrar el corredor azul, es tener patios de buses más cercanos a las rutas troncales, como dice el experto en infraestructura vial Miguel Ángel Torres. Para una operación óptima, los patios deberían ser de 5 hectáreas de extensión, según Gustavo Guerra García, ex presidente de Pro Transporte.  Otra opción, propuesta por el Consorcio TGA, es que los buses troncales ofrezcan sus servicios desde los patios de buses, en función de alimentadores, hasta el punto de inicio de la ruta troncal, donde retomarían su función original.  Guerra García señala que esta propuesta no generar conflicto con el contrato firmado con la municipalidad. Pero esto tendría complicaciones, ya que estos buses de 12 metros transitarían por calles estrechas que son adecuadas para vehículos de 8 metros, como explica Torres. La capital queda a la espera del análisis de ambas (y otras) alternativas por parte de la municipalidad.","elcomercio","20/01/2015"
"Lima: Orgullo y prejuicios a los 480","La capital estuvo de fiesta como los 18 de enero de todos los años, manteniendo a los 480 lo que su compleja historia reciente no apuntaba a pronosticar: que sus habitantes nos sintamos en gran medida orgullosos y gustosos de vivir en ella.  Tanto la encuesta de El Comercio-Ipsos, dada a conocer ayer, como la de la organización Lima Cómo Vamos hecha pública el viernes pasado ponen en evidencia la extensa identificación que tenemos con la ciudad y el alto aprecio que le guardamos.  Según El Comercio-Ipsos, más de 7 de cada 10 limeños se sienten orgullosos de la ciudad que los acoge, mientras que para Lima Cómo Vamos la cifra es menor, pero igualmente significativa: casi 5 de cada 10.  Por si quedan dudas de la consistencia de este sentimiento, vale revisar las cifras de Lima Cómo Vamos de los últimos cinco años. Con ellas se verifica que, en efecto, la intensa relación afectiva que tiene la gente con su ciudad se mantiene a tope pese al activo pesimismo poético del viejo Salazar Bondy –el de Lima la horrible, que nos marcó por décadas– y a los más pedestres problemas que afrontamos hoy en día.  En esa línea, ¿cómo explicar que aún cuando el índice de satisfacción de vida en Lima es uno de los más bajos de América Latina, según Lima Cómo Vamos (estamos al final de una tabla después de Quito, Cali, Bogotá y São Paulo); por otro lado, para El Comercio-Ipsos casi 8 de cada 10 se declaran gustosos de vivir en la ciudad? Y qué decir sobre el 65% que se quedaría a vivir en ella si le dan a elegir? Es la economía, estimado lector. Si bien los servicios básicos son largamente criticados y la inseguridad, el caos en el transporte y la contaminación ambiental nos agobian alarmantemente, el informe de Lima Cómo Vamos revela que la percepción de los limeños sobre sus finanzas domésticas viene siendo crecientemente positiva en los últimos cinco años.  Si bien los que creen que su situación sigue igual son mayoría, del 2010 al 2014 los optimistas que creen que están mejor o mucho mejor, aumentaron del 32% al 36%. Más fuerte aún, los que creen que su situación mejorará a futuro crecieron de 47,7% a 60,7%.  Frente al orgullo y el optimismo, sin embargo, la innegable tensión en la convivencia diaria y la marcada","elcomercio","20/01/2015"
"Secret un alto el fuego","Se trata de una nueva escalada del conflicto que afecta al país rabé hace meses. En la disputa de ayer murieron dos soldados y siete rebeldes, y hubo 46 heridos.  El presidente Abdo Rabu Mansur Hadi acord el fin de los ataques.","elcomercio","20/01/2015"
"Bolivia: Evo anuncia gira del papa Francisco en Sudamérica","La Paz [dpa]. El papa Francisco visitar en julio Paraguay, Bolivia y Ecuador, anunci ayer el presidente boliviano, Evo Morales. El mandatario explic que el pontfice iniciar su gira sudamericana en Paraguay, en julio, y luego visitar Bolivia, para concluir finalmente su gira en Ecuador. Todavía no tengo informacin de cúnos das se queda en Bolivia, pero tengo que empezar a preparar su visita, seal Morales, quien se reuni con Francisco en el Vaticano a fines de octubre pasado.","elcomercio","20/01/2015"
"Ciencias: Planeta Tierra","Psiquiatra: Trastornos comunes comparten gentica – Patologas psiquitricas como la esquizofrenia, el trastorno bipolar o la depresin tienen una relacin muy marcada con la gentica, dice un estudio publicado en Nature Neuroscience. Al parecer, adems de cuestiones sociales, el trasfondo biolgico es determinante.  Shutterstock: Fauna oceñica – La ciencia recupera al pez espada del Atlántico – La investigacin y la gestin internacional permitieron recuperar a las poblaciones de pez espada del Atlántico, segn un estudio internacional. Desde el 2009, el número de peces espada alcanz niveles superiores a los necesarios para ser considerados niveles sostenibles.  AFP: Francia – Dan de alta a paciente con corazn artificial – El paciente al que se le implant un corazn artificial, en agosto del 2014 en Francia, regres a su casa y lleva una vida normal, anunci Alain Carpentier, inventor del aparato. El hombre sufria insuficiencia cardiaca terminal y no poda recibir un corazn donado.  Ciencia: Tomas Ungar Divulgador cientfico  La mayor parte de la humanidad carece de recursos econmicos para incluir la carne de res en su dieta regular. Siendo los granos, legumbres y vegetales frescos la principal fuente alimentaria del mundo, es importante revisar cmo se producen y consumen en las distintas poblaciones.   Tambin somos vegetarianos  Hace unas semanas escrib sobre las diversas clases de carne que consumimos, cuando podemos, y el costo que representa su produccin. Sobre todo en el caso de la carne de res, que requiere mucha agua y rea de cultivo (ver esta pgina del 23/12/2014).  El consumo de carne aumenta en proporcin directa al poder adquisitivo, la comen los que la pueden pagar. Sin embargo, de los 7.300 millones de habitantes del mundo, as como son cada vez ms los que pueden pagar la carne, son mucho ms los que no pueden, y su dieta es principalmente vegetal, donde es posible, compensada con pescado. Como el cambio climtico afecta la produccin de alimentos, es pertinente revisar nuestra dependencia de los productos vegetales que son la base de la alimentacin mundial.  En los principales medios, el tema cobra cada vez mayor actualidad debido a que la brecha entre ricos y pobres se est ampliando. A esto contribuye que los dos pases de mayor poblacin en el mundo estn aumentando su poder adquisitivo, sobre todo China, y con ello viene un cambio de hbitos alimenticios y el aumento del consumo de carne.  Los vegetales  La base de la alimentacin mundial siguen siendo los cultivos de grano. El mayor es el maz, con algo ms de mil millones de toneladas al ao, siendo sus principales productores EE.UU. (35%), China (22%), seguidos de Brasil (8%), Argentina y Ucrania (3%). La India, a pesar de ser el segundo en poblacin, tiene 2,3% y Mxico 2,2%.  Es importante notar que el 36% del maz producido en EE.UU. (aproximadamente 10% de la produccin mundial) est dedicado a producir alcohol para combustible automotor. A pesar de ser originario de Amrica, el maz es hoy un alimento universal, aunque la cifra no refleja bien su uso, ya que una buena parte va para alimento de animales y es consumida como carne.  Al maz le siguen el arroz, con 745 millones de toneladas, principalmente producido y consumido en Asia, y el trigo con 713 millones. Otros granos como la cebada pasan los 140 gigantes.  Gigantes  Los mayores productores de papa del mundo son China, India, Rusia, Ucrania y EE.UU.  A muchos sorprender que entre algunos de los alimentos bsicos figure el pltano, con 145 millones de toneladas, de las cuales 30 estn en la India, 11 en Uganda, 10 en China, 9 en Filipinas y 8 en el Ecuador (principal exportador del mundo). Originario de Asia suroriental, hoy es uno de los cultivos ms importantes en Asia y en frica.  Otros cultivos  En el espacio disponible, sera imposible hacer una lista completa de los principales cultivos y su distribucin; sin embargo, es interesante notar que ciertos alimentos –ya sea consumidos en forma directa, como la harina, o como materia prima para aceite– alcanzan grandes volmenes. Por ejemplo, el man con 34 millones de toneladas al ao, 14 en China y 6 en India, se cultiva en todo el mundo donde el clima lo permite.  Las leguminosas que incluyen frejoles y lentejas pasan de los 23 millones de toneladas. La soya, otra leguminosa con 250 millones de toneladas, viene principalmente de nuestro continente: Brasil y Estados Unidos con 90 millones y Argentina con 52. Despus estn China con 15 millones e India con 10.  Aqu cabe notar que una buena parte de las reas de cultivo en zonas tropicales y subtropicales est dedicada al algodn, del cual se cosechan 26 millones de toneladas al ao; aunque no es producto alimenticio, su pepa es una de las principales fuentes de aceite comestible. No se puede cerrar la lista sin mencionar dos productos de gran consumo que forman parte del alimento cotidiano en todos los continentes.  Cebolla y tomate  Con 74 millones de toneladas al ao, la cebolla es un producto agrcola universal, del cual 20 millones de toneladas se producen en China y 13 en la India, muy lejos en tercer lugar est EE.UU. y luego Egipto. Curiosamente, el consumo ms alto per cpita (ms de 30 kilos al ao) est en pases musulmanes: Libia, Albania, Tayikistan y Uzbekistn. Los pases occidentales consumen entre 5 y 10 kilos p/h al ao; no he encontrado la cifra para el Per, pero sospecho que con nuestro cebiche y escabeche debe ser ms alta.  El otro es el tomate, con 162 millones de toneladas al ao (50 en China, 18 en India, 13 en EE.UU., 11 en Turqua y 8 en Egipto). A pesar de ser originario de Amrica, los dos nicos americanos, Brasil (3,8 millones de toneladas) y Mxico (3,4) estn en noveno y dcimo lugar, detrs de Italia y Espaa.  Dnde estn los consumidores  Los cultivos que hemos mencionado y sus cifras reflejan en la mayora de los casos la densidad de poblacin y la ubicacin geogrfica. China, con 1.370 millones de habitantes, y la India, con 1265 millones, encabezan la produccin de una serie de alimentos.  Por ejemplo, el arroz: de los mil millones producidos en el mundo el 20% est en China y 15% en la India, seguidos de Indonesia con 7% y Vietnam con 4%, los pases ms poblados con el clima ms adecuado. Tercero en la lista de poblacin est Estados Unidos, con 320 millones con alto poder adquisitivo, seguidos por Indonesia con 255 millones, Brasil con 203, Pakistn con 188 y Nigeria con 183 millones. Aqu es interesante ver que, si bien Pakistn y Nigeria estn entre los siete pases ms poblados, no figuran prominentemente en la produccin de alimentos, lo cual se refleja en sus niveles de pobreza. El Per, con 31 millones de habitantes, ocupa el lugar 41.  Tambin es importante notar que la mayora de los alimentos de gran volumen contienen carbohidratos (energa) pero generalmente son bajos en proteinas. Esto en muchos pases donde el consumo de carne es bajo se compensa con productos marinos, tema que merece ser tratado aparte, con el que sucede algo similar al de los alimentos vegetales. Una buena parte va para alimentar peces de alto precio consumidos por el sector de mayor poder adquisitivo. Este es el caso del maz y la soya, y de la pesca de alta mar, que va a dar como alimento para la acuicultura.  Panorama incompleto  Por otra parte, frutos como el tomate y otros vegetales son muy ricos en vitaminas, minerales y otros elementos esenciales de la alimentacin. En otra oportunidad tratar de dar algunos ejemplos del contenido de nutrientes en algunos de los alimentos mencionados. El tema de la alimentacin mundial que, como mencionara antes, est cobrando cada vez ms importancia con el cambio climtico y con las desigualdades econmicas, tiene aspectos muy diversos, todos interconectados en alguna forma.  El futuro  En una economía globalizada donde se imponen las fuerzas del mercado, las tendencias no auguran nada bueno. Quienes pueden pagar comida cara, ya sea carne, peces finos u otros alimentos de alto valor, devoran los alimentos baratos hacia la ganadera y la piscicultura. Hoy una parte importante de los cultivos de maz y soya van a alimentar ganado y a la piscicultura, que tambin absorbe una parte importante de la pesca.  Esto contribuye a desviar la produccin hacia los pases de mayor poder adquisitivo, mientras que el cambio climtico hace cada vez ms difcil hacer proyecciones sobre la produccin y afecta los precios, lo cual ampla la brecha econmica, mientras la poblacin mundial sigue en aumento... y vamos hacia los 9 mil millones.","elcomercio","20/01/2015"
"Editorial: Guerra de facciones","El Gobierno no solo est dividido sino que atraviesa una confrontacin interna.  La reaccin de la presidenta del Consejo de Ministros, Ana Jara, a la divulgacin del reciente reglaje a la vicepresidenta Marisol Espinoza revela una situacin interna en el Gobierno que es casi tan preocupante como el reglaje mismo. No hay poltica o directiva del Gob., en ese sentido! Pero de existir faccin que lo hubiere hecho de manera paralela, ser erradicada!, escribi ayer ella en su cuenta de Twitter. Una sentencia en la que no solo admite la posibilidad de que exista dentro de la actual administracin una faccin que opera en contra de otra (u otras), sino que adems anuncia respecto de ella una accin bastante beligerante: la erradicacin.","elcomercio","20/01/2015"
"Lucas, el eterno candidato","Escritor japonés dijo que se siente como caballo de carrera cada vez que se acerca el Premio Nobel.","elcomercio","20/01/2015"
"Mario Testino expone In Your Face en Berlín","La muestra de casi 130 fotos se exhibe hasta el 26 de julio.","elcomercio","20/01/2015"
"La Sub 20 juega hoy contra Bolivia en el Sudamericano","Partido será a las 7:10 p.m. en Uruguay. Si gana, clasifica a la siguiente fase.","elcomercio","20/01/2015"
"Denuncias de reglaje. El Mandatario y su gabinete niegan espionaje","Indignación. Vicepresidenta Marisol Espinoza repudia prácticas delincuenciales y exige que se haga una exhaustiva investigación sobre supuesto reglaje.","elcomercio","20/01/2015"
"Guerra de facciones","El Gobierno no solo está dividido sino que atraviesa una confrontación interna. Contradicción. Primera ministra Ana Jara sostiene que de haber una facción paralela dedicada al seguimiento de políticos, esta será erradicada.","elcomercio","20/01/2015"
"Conmoción en Argentina por muerte de fiscal que acusó a presidenta","Alberto Nisman, el fiscal que el miércoles pasado denunció a la presidenta argentina, al canciller del país y a varios políticos oficialistas de encubrir a Irán en el atentado a una mutual judía en 1994, fue hallado muerto en su departamento de un tiro en la sien horas antes de testificar ante el Congreso. Si bien el primer informe forense apunta al suicidio, la investigación no descarta alguno tipo de inducción o instigación. El Gobierno Argentino autoriz levantar el secreto que pesa sobre la identidad de los cuatro espías que aparecen en las escuchas de Nisman contra la presidenta Cristina Fernández de Kirchner.","elcomercio","20/01/2015"
"El fiscal Nisman tenía 51 años.","NA","elcomercio","20/01/2015"
"Reacciones a la muerte de Nisman","Sinister. Un incendio en el Centro de Cuzco afectó dos casonas de la época colonial. Negocio & Mercados: Corredor azul: buses tendrán doble función. Proponen que buses troncales sean también alimentadores, a fin de ahorrar combustible. Oficialismo evalúa cambios a ley laboral juvenil. Bancada de Gana Perú se reúne hoy y deja abierta la posibilidad de introducir modificaciones.","elcomercio","20/01/2015"
"Alarma por sicariato","Inseguridad crece en Trujillo por falta de interés de autoridades.","elcomercio","20/01/2015"
"Precios indebidos en Lima","Indecopi multó a 265 colegios en el 2014.","elcomercio","20/01/2015"
"Las claves del enfrentamiento","Néstor Kirchner, que muri de un paro cardiorrespiratorio en octubre del 2010, designó en el 2004 a Nisman como fiscal especial en la causa por el atentado a la Asociación Mutual Israelita Argentina (AMIA) de Buenos Aires, que dej 85 muertos en 1994. Fue Kirchner quien llevó las acusaciones y los reclamos contra Irán ante las Naciones Unidas, nutrido por la letra de Nisman, señala el diario Clarín y agrega que Nisman estuvo alguna vez entre los candidatos de Cristina Fernández para ocupar la Procuradura General.","elcomercio","20/01/2015"
"Testimonio del padre de una de las víctimas del atentado de la AMIA","¿Cómo se vive 20 años sin encontrar justicia?","elcomercio","20/01/2015"
"LA PERCEPCIÓN DE LOS LIMEÑOS SOBRE SUS FINANZAS DOMÉSTICAS VIENE SIENDO CRECENTEMENTE POSITIVA EN LOS ÚLTIMOS CINCO AÑOS","Si bien los que creen que su situación sigue igual son mayoría, del 2010 al 2014 los optimistas que creen que están mejor o mucho mejor, aumentaron del 32% al 36%. Más fuerte aún, los que creen que su situación mejorará a futuro crecieron de 47,7% a 60,7%. Frente al orgullo y el optimismo, sin embargo, la innegable tensión en la convivencia diaria y la marcada suspicacia hacia el otro que no conocemos nos hacen pisar tierra. Uno de cada 10 ciudadanos (12,8%, exactamente) cree que el limeño no es confiable, demostrando así la profunda debilidad de las instituciones llamadas a arbitrar en las diferencias cotidianas. Los limeños tememos pues a problemas tangibles como el vecino que no paga las cuentas comunes, los ruidos molestos o el aprovechamiento ilegal de los espacios públicos, pues su impunidad está garantizada. La gente está muy orgullosa de Lima, pero no de los limeños, sugiere el antropólogo Rafael Vega Centeno. Pese a ello, y a todos los obstáculos, esta ciudad es cada vez un mejor lugar para vivir. Celebremos por eso.","elcomercio","20/01/2015"
"HABRÁ VIDEOVIGILANCIA EN URBANIZACIÓN LAS COLINAS","Tras las denuncias de un grupo de vecinos de la urbanización Las Colinas, en el distrito de La Molina, respecto del incremento de robos a viviendas en esa zona, el municipio distrital anunció que aumentará el número de las cámaras de videovigilancia en el sector. Fernando Martínez, gerente de seguridad ciudadana de La Molina, indicó a El Comercio que actualmente solo existe una cámara en esa urbanización, ubicada en calle Colmenares, y que la comuna hará un estudio para determinar cuántas más requiere la zona. El último viernes, el vecino César Zegarra Naquira denunció que delincuentes ingresaron a su casa y se llevaron pertenencias valorizadas en S/.35 mil. En esta urbanización, el serenazgo distrital es inexistente y nunca patrulla nuestra zona. Ir a la comisaría de Las Praderas, la más cercana a nuestras viviendas, para denunciar robos y accidentes, resulta frustrante por su precariedad y falta de personal, dijo Zegarra a este Diario. El Comercio constató que en Las Colinas existen rejas en las entradas de las calles. Construirán complejo policial Martínez confirmó que la Municipalidad de La Molina donará al Ministerio del Interior el terreno cedido a la PNP a principios del 2014 y en el que está hoy la comisaría de Las Praderas. All se construirá un complejo policial, dijo Martínez. El 7 de este mes, el ministro del Interior, Daniel Urresti, anunció, durante la juramentación del alcalde distrital Juan Carlos Zurek, que agilizar las coordinaciones para implementar ese centro policial.","elcomercio","20/01/2015"
"LA INSEGURIDAD SE AGRAVA EN TRUJILLO ANTE EL DESINTERÉS DE SUS AUTORIDADES","Tres crímenes reportados en las últimas 72 horas hicieron que el alcalde provincial convocara a una reunión de emergencia. La policía no asistió. Ante esta situación, el alcalde Elidio Espinoza convocó ayer a una reunión de urgencia a los 11 alcaldes de la provincia de Trujillo para coordinar estrategias en contra de la delincuencia, pero solo asistieron seis autoridades y no pudieron coordinar acciones concretas. También faltaron a la reunión el representante de la Policía Nacional y los burgomaestres de tres de los distritos más convulsionados de la ciudad: La Esperanza, El Porvenir y Florencia de Mora. El gerente de la Municipalidad Provincial de Trujillo, comandante FAP en retiro Ismael Iglesias, lamentó la inasistencia de los alcaldes y dijo que ‘se arrastra una serie de malas costumbres que impide la acción del Estado’ en la lucha contra la delincuencia en Trujillo. Para el general PNP en retiro Marlon Savitzky Mendoza, jefe de la III Dirección Territorial de la Policía Nacional (Dirtepol) en el 2011, el avance del crimen organizado en Trujillo y sus provincias obedece al desinterés e incumplimiento de la ley de parte de muchas autoridades. ‘Tres muertes en tres días es un número alto’, dijo. ‘El reglamento de la Ley del Sistema Nacional de Seguridad Ciudadana (27933) es claro: las autoridades están obligadas a asistir a estas reuniones y la que no lo hace está sujeta a una sanción’, añadió Savitzky. El alcalde de La Esperanza, Daniel Marcelo, aseguró a El Comercio que él no fue invitado a la cita. ‘Quizás falta más coordinación’, dijo. Cierre del 2014 Según las estadísticas policiales, una persona muere de manera violenta cada dos días en La Libertad. El gerente de Seguridad Ciudadana del municipio de Trujillo, coronel PNP en retiro David Figueroa, criticó el accionar de la policía: ‘Si el personal de patrullaje no está entrenado para cumplir esa función, debe ser rotado a otra unidad’. Aunque no se pudieron coordinar medidas concretas durante la reunión, se propuso ejecutar el plan Serenazgo sin Fronteras, que permite la acción de un agente municipal en territorio que no es de su jurisdicción. ‘La lucha contra la delincuencia no es de una sola persona, sino de todos’, expresó Elidio Espinoza, visiblemente fastidiado por la inasistencia de un grupo de autoridades.","elcomercio","20/01/2015"
"VENTOS FUERTES AFECTAN 500 HECTÁREAS DE CULTIVOS DE PLÁTANO EN ZARUMILLA","Mil agricultores del Valle de Zarumilla en Tumbes resultaron afectados por los vientos huracanados del último sábado. Estos provocaron que 500 hectáreas, de las 1.800 que tiene esta localidad, fueran arrasadas desde la raíz. El resto de las 1.300 hectáreas ha quedado con un alto porcentaje de plantas con el tallo debilitado, lo cual pone en alto riesgo la cosecha. Carlos Valle, uno de los agricultores afectados por este fenómeno, explicó que la inversión por hectárea es de S/.2.300 y de 8 meses de trabajo. ‘Ahora tenemos que esperar otros 8 meses y no tenemos cómo afrontar los gastos de alimentación ni cómo devolver los créditos agrarios’, dice. El congresista por Tumbes Manuel Merino de Lama (Acción Popular) recomendó que a través de Agro Rural se lleve ayuda, en la ejecución de proyectos, para apoyar a los agricultores afectados. La inversión por cada hectárea es de S/.2.300. AgroRural y la dirección regional de Agricultura evalúan los daños. Desde cero. Los agricultores señalaron que son ocho meses de trabajo los que se han perdido tras la caída de sus plantaciones. La agricultora Mara del Rosario Cruz Morn, del distrito de Papayal en Zarumilla, señala que a la zona se han acercado la vicepresidenta de la región Tumbes, Beatriz Quintana, y el congresista Manuel Merino de Lama para ofrecer su apoyo. Las fuertes lluvias en Ecuador han provocado el aumento del caudal del río Tumbes y que este canal esté más turbio. Eso ha originado que la ciudad de Tumbes se quede sin agua porque no puede potabilizarse.","elcomercio","20/01/2015"
