"headline","content","newspaper","date"
"EL HABLA CULTA","- maRtha hildebRandt -   Circunstanﬂutico, -a. Este adjetivo de formación caprichosa y matiz humorístico se usa en el Perú, Guatemala y Honduras con los sentidos de ‘complicado’, ‘difícil de entender o de resolver’. El término se documenta en escritores americanos de la talla de Miguel Ángel Asturias (El Papa Verde); en nuestro país aparece antes en Clemente Palma: “Y dónde están esos individuos? —pregunt con aire circunstanﬂutico de persona superior” (Crónicas político-doméstico-taurinas, Lima 1938, p. 204).","elcomercio","02/06/2014"
"UN DÍA COMO HOY DE...","1914  Salvaje atentado sufragista  La histórica iglesia parroquial de Santa María de Wargrave, a tres millas de Londres, ha sido reducida a escombros por un incendio. Todo lo que queda de ese monumento construido en 1537 es una parte de la torre y algunos muros posteriores. Los bomberos que acudieron a combatir el fuego encontraron los cartelones que acostumbran poner las sufragistas en los lugares donde cometen sus atentados. Los que hallaron all decían: “Dejen de perseguir a las mujeres”. La iglesia contenía preciosidades artísticas. Todo es ahora ruinas y cenizas.","elcomercio","02/06/2014"
"MARCO AURELIO","CHRISTIAN UGARTE  DENEGRI  Tahar Ben Jelloun  Escritor marroquí. Autor de “El niño de arena” y “La sociedad conyugal  Tengo 70 años y nac en Fez, Marruecos. Vivo en Francia desde hace más de cuatro décadas y escribo en francés, pero mis novelas tratan sobre la vida en mi país. A los 16 años ya era un militante político y me manifestaba contra la represión en Marruecos. Por esa razón, a los 20 años, estuve en una cárcel militar. Ahora, todos los jóvenes están conectados con los celulares y no les interesa la política. No quiero parecer alguien de otra época, pues soy muy vigilante y también uso Internet, pero tengo una relación crítica con la tecnología.  El mundo árabe no existe. Solo lo une el idioma  GISELLA LÓPEZ LENCI  Tahar Ben Jelloun no solo es un escritor marroquí. Es uno de los intelectuales más respetados de su país y el escritor francófono más traducido del mundo. Vino al Perú para hablar sobre la primavera árabe y el racismo, dos de sus principales preocupaciones. Su libro “Pap: ¿qué es el racismo?” es material de consulta en escuelas de todo el mundo, incluido el Perú. Luego de haber estado detenido en una cárcel militar marroquí a los 20 años, en 1971 se exilió en Francia. Desde ese momento, nunca dejó de escribir.  — Cuarenta años después, aún se siente un inmigrante en Francia?  Para nada, yo no soy un inmigrante. Yo llegué a Francia a terminar mis estudios y me quedé ahí, pero como escribo en francés, para mí fue totalmente natural y lógico instalarme en Francia. En los años 70, Marruecos estaba en una situación política de represión, así que no tenía ganas de regresar a vivir a Marruecos.  — ¿Se acostumbraría a vivir a tiempo completo en Marruecos?  En el 2006 pasé tres años ahí, pero nunca he dejado Marruecos. Yo retorno 10 veces al año y siempre me siento en casa. Necesito estar en contacto con el país, porque yo escribo sobre Marruecos.  — Los movimientos de ultraderecha ganan cada vez más apoyo en Europa. ¿Por qué la sociedad europea aún no asimila la integración de culturas, pese a la cantidad de inmigrantes que viven allá?  En el caso de Francia, el país tiene un problema específico porque la mayoría de sus inmigrantes vienen de las antiguas colonias, como Argelia, Marruecos, Túnez y otros países africanos. No se trata de integrar a los inmigrantes, pero cuando estos tienen hijos en Francia, tienen que ser reconocidos como hijos de Francia. No se reclama la integración sino la promoción, es decir, la aceptación. Y en toda Europa hay una tendencia a esta emergencia de una extrema derecha racista y xenófoba, que rechaza a los extranjeros y sobre todo al Islam.  — Vivimos en una sociedad más racista que hace 20 o 30 años?  El racismo siempre ha existido y se manifiesta en ciertos momentos de crisis. Lo que pasa es que ahora en Europa el racismo ya no se esconde para decir, por ejemplo, que no le gustan los árabes. Hoy ya no existen hipocresías.  — A los adolescentes nacidos con el nuevo milenio, que están conectados a Internet todo el tiempo, ya no les es ajeno conocer lo que pasa en otras partes del mundo. Esto ayuda a que la sociedad sea más horizontal, menos discriminatoria?  No. Creo que estas herramientas son técnicas y no son valores. No porque usemos Facebook o Twitter vamos a ser menos estúpidos. Yo creo que hay que trabajar con mucha pedagogía. La escuela no es el iPhone. Tienes jóvenes que pueden conectarse para saber sobre el conflicto entre Israel y Palestina, pero no lo hacen porque no les interesa. Hay una cultura de la superficialidad que es peligrosa, porque cultiva el vacío, es una generación de jóvenes completamente incultos. Para mí, el que inventó el ‘reality show’ es tan peligroso como el que tiene una ideología racista, porque le da a los jóvenes la impresión de que se vuelven importantes con nada. Es el triunfo de la nada, del vacío.  — La primavera árabe es el tema que lo trajo al Perú. ¿Se siente frustrado tres años después de la irrupción de la revolución?  La primavera árabe no se ha terminado todavía, hay una evolución. Hay momentos difíciles, pero no podemos decir que haya resultado en catástrofe. Obviamente cada país tiene su propia manera de llevar a cabo la revolución.  — Siria es la gran derrota de la primavera árabe?  Para mí Siria es un caso aparte, porque estamos tratando con lo peor del mundo árabe. Los sirios sufren con Bashar al Assad como sufrieron con su padre, Hafez al Assad, que fue un gran asesino y dictador. Al inicio de las manifestaciones, el gobierno pudo responder estableciendo reformas, pero lo hizo disparando directamente a la gente. Desde el inicio, Estados Unidos y Europa debieron haberlo detenido, pero lamentablemente esperaron que Vladimir Putin le diera a Al Assad la idea de infiltrar a los rebeldes laicos y democráticos con yihadistas mercenarios, que amenazan con matar a los cristianos e instalar una república islámica radical y fanática. Así que esta amenaza paralizó a Obama y a toda Europa.  — ¿Cómo califica la hipocresía de Occidente?  Lo que motiva a los países occidentales son sus propios intereses.  — ¿Por qué el pueblo árabe no es unido?  Nunca lo ha sido. No podemos fabricar un mundo árabe ideal. Hay 21 estados árabes y la única unidad que tienen es el idioma y la religión, que incluso no se aplica de la misma manera. El mundo árabe no existe. Existen estados árabes diferentes.  — ¿El conflicto palestino-israelí tampoco une a los países árabes?  No. Los palestinos han sido abandonados por todo el mundo. Ni siquiera hay un discurso al respecto. El resto de países árabes tiene un sentimiento de compasión hacia el pueblo palestino, pero no se puede decir que los estados árabes hayan unificado sus esfuerzos para salvar a Palestina, para nada.","elcomercio","02/06/2014"
"EL EMPUJÓN PLÁCIDO EN EL COITO","En el varón tenía que ser connatural por la finalidad que lleva consigo: la de posibilitar la introducción del miembro. E n una conferencia que ofreció en el Centro Cultural de la Pontificia Universidad Católica del Perú, titulada Naturaleza y artificialidad en el ser humano, mencionó veintidós conductas humanas de carácter innato; es decir, conductas con las que uno nace y que son, por decirlo así, de fábrica; modos de comportarnos que nos son connaturales, consustanciales e inherentes. Por ejemplo, el empujón plácido en el coito, que es privativo del varón. En la mujer no es connatural y ésta tiene que aprenderlo. En el varón tenía que ser connatural por la finalidad que lleva consigo: la de posibilitar la introducción del miembro. Si el varón no empujara, si no hiciera presión, entonces no introduciría su pene.  La teleología del empujón plácido es evidente. Telos, en griego, significa propósito definido o ﬁnalidad patente de una cosa. No era necesario, por lo que concierne a la mecánica copulatoria, que la mujer empujara también la pelvis, no sólo facilitaría la penetración, sino que haría más disfrutable la conjunción peneano-vaginal. Pero la pudibundez y la moralina no dejaron que prosperaran en el coito los movimientos y meneos femeninos.  Las más de las mujeres dejaron, pues, de moverse mientras copulaban. Los reaccionarios y antisexuales de siempre habían decretado que sólo las putas o las llamadas ninfomanas se movieran durante la copulación. A esto, que ya era de suyo lamentable, vino a sumarse la eyaculación precoz, que es lamentabilísima. En efecto, la mujer no sólo debía permanecer quieta por modestia y recato o por cualquier otra razón o sinrazón, sino que aun cuando quisiera moverse y aun cuando en principio se lo permitiese su pareja, no resultaba conveniente que lo hiciera, porque generalmente su compañero sufría de eyaculación precoz y en consecuencia cualquier movimiento femenino, el más leve meneo durante la cópula, intensiﬁcaba la precocidad eyaculatoria del varón.  Entonces la mujer, mal de su grado y resignadamente, dejó de moverse. Y el eyaculador precoz siguió durando uno o dos minutos (lo cual es deplorable pero al menos es algo) y se libró de durar tan sólo diez o quince segundos, como evidentemente duraría si hubiese meneo femenino.","elcomercio","02/06/2014"
"Fiscalía encuentra responsabilidad penal en médicos que practicaron las esterilizaciones sin consentimiento","Además, orden investigar a los jueces y fiscales que impidieron el acceso a la justicia de las víctimas. Pero no encontró responsabilidad en Fujimori ni en sus ministros. El fiscal Gúzmán explicó que la única manera de responsabilizar a Fujimori es con la autora mediata y, según el Tribunal Constitucional, no concurren los requisitos de esta, dado que no hay estructura rígida vertical, pues no es posible obligar a un médico a operar contra su voluntad. ¿Qué evidencia entonces hay que el PSRPF fue una política de esterilización masiva?  La izquierda ha impulsado una campaña politizada para golpear a quienes implementaron el PSRPF. Por desgracia, a ella se auparon periodistas y opinólogos desinformados y sin conocimiento de políticas públicas. ¿Qué están buscando? Encontrar la verdad y hacer justicia o estas poco importan cuando se quiere que Fujimori y sus ministros sean culpables? Cuando se quiere encontrar responsabilidad penal aunque esta no exista, tenemos una persecución política.","elcomercio","02/06/2014"
"El voto desinformado?","- Raúl Ferreira -  Jurista  Por lo general, a la ciudadana le gusta quejarse de sus autoridades, y especialmente de las elegidas por ella misma en los procesos electorales a los cuales asiste a votar un poco a regañadientes.  Las cosas serían distintas si el sufragio fuera voluntario, ya que el proceso y los candidatos estarían sometidos a un análisis más a conciencia de quienes deciden acudir a las urnas por propia voluntad y no de manera forzada.  Sin embargo, hasta la fecha, la eliminación del voto obligatorio no ha conseguido suficientes adeptos ni los congresistas se han animado a proponer el cambio constitucional para que prospere el voto facultativo.  Es por ello que solamente queda apelar al voto informado como vía para escoger mejor a quienes nos van a representar luego de las próximas elecciones regionales y municipales que se realizarán dentro de cuatro meses, el 5 de octubre del presente año.  Estas constituirán el primer paso para lo que luego serán los comicios generales dentro de menos de dos años, en que el pueblo elegirá a los nuevos congresistas y al nuevo presidente de la República para el quinquenio 2016-2021.  No debemos pensar que las decepciones al seleccionar representantes sólo ocurren en nuestro medio, cuando se trata en realidad de un mal generalizado globalmente, aunque bien es cierto que se agudiza en los países donde el sistema democrático es más débil o tiene una vigencia histórica más corta como es el caso peruano.  Empero, en el mundo de hoy, el que se tenga un sistema democrático con poco recorrido no es razón suficiente para escoger mal a nuestros representantes, sean éstos de nivel municipal, regional o nacional.  La proliferación que existe hoy de medios periodísticos escritos, radiales y televisivos, a lo que se suman los medios electrónicos de comunicación que permiten la competencia gratuita en las redes sociales, nos permite hacer uso de un amplio espectro informativo que debería servir para que el electorado pueda escoger mejor a sus autoridades elegibles.  Esto no depende solamente del Jurado Nacional de Elecciones (JNE), con sus campañas del voto informado, sino de muchas instituciones de la sociedad civil que deberían contribuir a dar las mayores oportunidades a todos los candidatos para exponer sus planes e ideas, ya que en octubre, según el mismo JNE, serán más de 110 mil quienes aspiren a los cargos públicos representativos.  Si bien es comprensible que los candidatos prefieren las campañas cortas para evitar el desgaste prematuro y reducir los costos, por otro lado si ellas se abrevian demasiado no habrá tiempo suficiente para que se les conozca suficientemente y el elector pueda optar por los que considere los más idóneos.  Es preciso insistir en la mayor seriedad y sentido de responsabilidad con la que se emita el voto. Muchas veces es un acto que se toma con ligereza sin otorgarle la suficiente importancia que merece para distinguir a los mejores candidatos.  Comprendemos que en nada ayuda a estos propósitos la crisis de los partidos nacionales que casi no tienen presencia en los niveles municipal y regional, por lo que no cumplen con su misión de ser los canalizadores de la opinión pública, lo que llevará a las fuerzas políticas locales a tener que redoblar esfuerzos para ofrecer candidaturas del mayor nivel posible y verificar con cuidado las respectivas hojas de vida.  Si eso se logra, se podrán enfrentar con personas más calificadas los flagelos de la inseguridad ciudadana y la corrupción que cada día ganan más terreno.","elcomercio","02/06/2014"
"El modelo coreano","- Richard Webb -  Director del Instituto del Per de la USMP  La guerra entre Corea del Sur y Corea del Norte terminó en 1953, sin triunfador. Corea del Sur qued destrozada, empobrecida y políticamente caótica. Pasaron diez años antes de que el Banco Mundial la considerara sujeto de crédito. No obstante, cuando finalmente levant cabeza en los años sesenta, empez un fabuloso despegue que la convirtió en una potencia mundial. ¿Cuál fue el modelo que hizo posible ese extraordinario resultado?  Una de las explicaciones más frecuentes del milagro coreano se refiere al alto grado de igualdad distributiva del país, igualdad que habría reducido el conflicto social y creado un importante mercado interno. Lo cierto es que el despegue económico empez poco después de haberse producido una reforma agraria. Sin embargo, las estadísticas coreanas exageraron el impacto de la reforma sobre la desigualdad, como sucedió en esa misma época con la reforma agraria peruana.  Hoy, se reconoce que el Gobierno Coreano subestimó la desigualdad por muchos años y que la tendencia reciente ha sido más bien negativa, en particular cuando se tiene en cuenta la concentración de la riqueza en un número pequeño de grandes corporaciones, llamadas ‘chaebol’. Ciertamente, se vio poco conflicto social, pero la explicación residiría más bien en el carácter autoritario y represivo del gobierno, con fuerte limitación de las actividades sindicales. Además, durante todo ese periodo inicial, el desarrollo se basó en las exportaciones y no en el mercado interno.  Una segunda explicación del milagro enfatiza la adopción de una economía de mercado, pero el modelo coreano tuvo poco de la ideología del emprendedurismo como iniciativa individual, especialmente durante las primeras décadas del despegue. En esos años, la economía coreana fue más bien dirigida por un Estado paternalista, que enfatizaba la planificación y los acuerdos corporativos entre Estado y gran empresa, y que recurrió a una combinación de presiones y subsidios para lograr las metas fijadas.  La prevalencia de esa filosofía fue descubierta por el economista británico Robert Wade cuando visitaba la biblioteca de una universidad de Seúl en los ochenta. El libro más consultado no era la obra de Adam Smith, sino la del economista alemán Friedrich List, ideólogo del proteccionismo de las ‘industrias nacientes’. El libro de List ocupaba ‘estantes enteros’ en las universidades coreanas, mientras que en ese mismo período solo se pudo ubicar una copia solitaria de List en la biblioteca de una famosa universidad de Estados Unidos.  La explicación más acertada del milagro coreano, creo, es la que dio Mahn-Je Kim, ex ministro de Planificación y economista destacado durante las primeras décadas del milagro. En una palabra –dijo–, el secreto coreano fue Confucio, cuya filosofía fue el sustento de una cultura de disciplina, de respeto por los mayores y por la autoridad, y de alta valoración del esfuerzo. Sin esa filosofía –agregó–, Corea del Sur no habría logrado el sacrificio requerido para el desarrollo, sin incurrir en un nivel intolerable de costo social y grado de opresión.  No creo que el modelo de Corea del Sur sea el más recomendable para el Perú de hoy. Ciertamente, es difícil imaginarnos el grado de disciplina social requerido para su aplicación.","elcomercio","02/06/2014"
"Las marcas de las instituciones","- Rolando Arellano C. -  Presidente de Arellano Marketing y profesor de Centrum Católica  Como lo mostr ‘Día 1’ la semana pasada, las empresas saben que sus nombres institucionales son muy valiosos, entre otras razones porque ayudan a dirigir mejor sus esfuerzos. Por ello, muchas empresas petroleras cambiaron sus nombres terminados en ‘Oil’ por ‘Energy’, orientándose así a buscar energía, que es lo que sus clientes buscaban de ellas, en el viento, el agua o el hidrógeno y no solo en el petróleo. Si algo así ocurriera en algunas instituciones del país, su actuar podría mejorar. Veamos ejemplos.  Un caso es el de los ‘policías de tránsito’, cuyo nombre les indica que deben vigilar que no haya problemas en el flujo vehicular. Quizás su función mejoraría si decidieran llamarse ‘facilitadores del tránsito’, que es lo que la sociedad espera que sean. Igual pasa con ‘defensa civil’, que hace pensar en una acción reactiva más que preventiva. Si fuera ‘prevención civil’, o algo por el estilo, tendría más claros sus objetivos. Similar es el caso del ‘Ministerio de Defensa’, del que la gente espera que no solo la defienda de fuerzas externas sino también que proteja la economía, las comunicaciones, etc., del país. Llamarlo ‘Ministerio de Protección’ (o algo mejor pensado) ayudaría a orientar su función.  Pero no siempre se trata de cambiar de nombre, sino de usar mejor el que se tiene. Por ejemplo, el ‘Ministerio de Educación’ hoy dedica sus mayores esfuerzos a regular a las instituciones de enseñanza (función que nuevas leyes universitarias pretenden ampliar) y a administrar las escuelas públicas, dando menos peso a la función más amplia de educar, que el país también necesita. Actúa más como ‘Ministerio de Instituciones Educativas’ que como promotor de la educación en toda la población, la que incluye a empresas y familias.  Y a pesar de que el nombre de ‘Poder Legislativo’ dice que su función es dar leyes, actúa bastante más como fiscal e investigador de funcionarios públicos diversos. No siendo esa su función formal, se agota en discusiones estériles, por lo que se le llama más ‘Parlamento’ que ‘Legislativo’. Por otro lado, si el ‘Poder Ejecutivo’ insistiera más en ‘ejecutar’, vería que el planeamiento al que dedica tanto tiempo solo tiene valor si se ejecuta lo planeado. Y si el Poder Judicial inculcara más a sus miembros que su nombre viene de ‘justicia’, que para ser válida debe ser rápida e imparcial, quizás ellos vieran que su tarea no es ‘judicializar’ las cosas sino hacer lo que su nombre verdaderamente les ordena.  Y, emulando a doña Martha Hildebrandt o a Marco Aurelio Denegri, podemos señalar el caso de la denominación de ‘servidores públicos’, cuya etimología es clara, pero que a veces es eclipsada por la de ‘funcionarios del Estado’, que orienta más a actuar hacia adentro que hacia afuera. Y también la de ‘primer mandatario’, que muchos interpretan como ‘el primero en mandar’, cuando la etimología dice que es el primero en recibir el mandato del pueblo que lo eligió.  Pero los problemas de nombre no son exclusivos del sector público. Solo como ejemplo podemos mencionar aquí el caso de los ‘partidos’ desunidos, señalado varias veces por Carlos Meléndez en sus columnas recientes. ‘Partido’ viene de ‘grupo de personas que se unen porque han tomado una posición, tomado partido’, pero algunos políticos parecen interpretarlo como ‘grupo dividido en partes o facciones’.","elcomercio","02/06/2014"
"Presidente pide postergar el debate","ha pedido formalmente pos- ter gar el debate porque existe  un fallo judicial que declara  que estos no son válidos.","elcomercio","02/06/2014"
"Las piezas sueltas de un mal modelo","Las piezas sueltas de un mal modelo La gran pregunta de días es por qué la corrupción y la criminalidad han podido instalarse tan fácilmente en un gobierno regional como Cajamarca y en otros como los de Tumbes y Cajamarca. La otra gran pregunta es por qué otras realidades violentas como la delincuencia común y el narcotráfico están rodeadas de tanta impunidad y provocan tanta impotencia entre quienes sufrimos sus consecuencias. Una respuesta a la primera pregunta es que los gobiernos centrales de los últimos 12 años, de Alejandro Toledo a Ollanta Humala, pasando por Alan García, convirtieron a las administraciones regionales en las piezas sueltas de un sistema de descentralización que no llevaba a ninguna parte. Es más: dotadas de presupuestos millonarios, esas piezas sueltas pasaron a formar parte de botines incontrolables y corruptos. Lo que tenemos a la vista es el comienzo dramático de un estallido en serie de un proceso de regionalización mal hecho. La alternativa que busca el gobierno en un Consejo de Estado más parece un manejo de crisis que una solución viable. Una respuesta a la segunda pregunta es que estamos realmente paralizados. De un lado, con el consuelo de que la delincuencia común no se reduce, sino que lo que se reduce es el aumento de la misma. y de otro lado con la patética ironía de que de nada nos sirve bombardear decenas de pistas de aterrizaje habilitados por el narcotráfico en la selva si a las pocas horas de las explosiones los vuelos mafiosos vuelven a reactivarse sobre las mismas pistas supuestamente destruídas por la policía. El problema es que aquí tampoco no hay luz posible al otro lado del túnel. Lo que tenemos, en el fondo, es que muchas piezas claves de la gobernabilidad y que hacen que las instituciones sirvan y el Estado funcione se hallan dañadas y desarticuladas. ¿Dónde está, por ejemplo, el proyecto de ley dirigido a establecer la línea de autoridad básica del Gobierno Central sobre los gobiernos regionales, a propósito del desbarajuste revelado? ¿Dónde está la voluntad política presidencial capaz de movilizar iniciativas, autoridades y resultados claros y contundentes contra la delincuencia común y el narcotráfico, en los que podamos confiar?","elcomercio","02/06/2014"
"Contradicción Presidencial","Interferencia en el Poder Judicial — El presidente dice no intervenir en el diferendo judicial sobre la asociación entre El Comercio y Epensa, pero su  gobierno evalúa una consulta a la Corte Interamericana de Derechos Humanos al respecto. No es esta una manera de intervenir en lo que no se quiere? He aquí una pieza suelta del Estado. Consulta Comprometedora Carácter vinculante de la corte — Desde el momento en que el gobierno evalúa hacer una consulta a la corte de San José ya está prácticamente interfiere ndo en el fuero judicial interno. No hay manera de desligar a la corte de su influencia vinculante. Otra pieza suelta del Estado.","elcomercio","02/06/2014"
"Eliminación de visa a EE.UU. podría tomar entre 3 y 6 años","El presidente de la Cámara Nacional de Turismo (Canatur), Jorge Jochamowitz, estimó que el proceso de eliminación de la visa de turismo a Estados Unidos podría darse en un lapso de entre tres y seis años, en un tiempo mucho menor a los once años que demor ese proceso para Chile. El presidente Barack Obama ha indicado a dos secretarios de Estado, de Seguridad Nacional y de Comercio, que tienen que agilizar los procesos de ingreso de turistas a Estados Unidos, porque esto será uno de los elementos importantes para salir del proceso económico en el cual está el país, comentó en la agencia Andina. Jochamowitz anunció que se ha formado un grupo de trabajo integrado por representantes de la Canatur, el Comité Visit USA, el Consulado de EE.UU. y el Servicio Comercial de la embajada de dicho país en Lima con el fin de analizar el referido proceso de exención.","elcomercio","02/06/2014"
"Entrevista con Walter Albán","Se ha empezado a controlar el aumento de la criminalidad De acuerdo con las cifras de la Policía Nacional, el incremento del índice delictivo ha descendido en el 2013 de 23% a 5%. El ministro entiende que la gente no se sienta tranquila, pero enfatiza que ve la luz al final del camino. Alejandro Curarino Mariella Balbi Periodista — Usted ha pedido paciencia frente a la criminalidad. ¿Por qué? ¿Es posible? Cuando asumí el cargo, me pedían resultados inmediatos. Creo que la criminalidad ha crecido muchísimo en el país, pero debido a factores que se explican desde muchos años atrás... — Por ejemplo... El descuido de la institución policial. No se invirtió suficientemente en remuneraciones, equipamiento, infraestructura. Hubo un debilitamiento progresivo. Frente al incremento marcado de la criminalidad, el 2010, no estábamos en condiciones de hacerle frente. También había un plan, una idea, de cómo concertar esfuerzos con diversos sectores porque la criminalidad no es solo tarea de la Policía Nacional. — ¿Qué resultados ha obtenido? ¿De qué se siente satisfecho? La tasa de crecimiento de la criminalidad se ha reducido respecto a años anteriores. Hasta el 2009, era relativamente baja: el 5%. El 2010 se incrementó al 13% y de ahí pasa a 23% el 2012. En este momento, estamos en una tasa de crecimiento de 5%. Ha bajado. — Pero el 2012 creció de 13% a 23%. Es enorme y ha sido en este gobierno... Todavía tenemos cifras muy altas. Hemos reducido significativamente la tasa de crecimiento de la criminalidad. Lo que hay que destacar es que la criminalidad se descontroló desde el 2010 y que el 2013 el incremento bajó al 5%. Se comienza a controlar el fenómeno. Y si vemos cifras del delito, hay reducciones. No las suficientes como para pensar que la gente se pueda sentir ya tranquila. Pero para quienes trabajamos en esto nos permiten apreciar que estamos teniendo un resultado alentador. Además, hay una estrategia de lucha contra la inseguridad ciudadana que está dando resultados. Se está haciendo un trabajo especial en las regiones norteñas.","elcomercio","02/06/2014"
"¿Le quedaba otra opción más que...","entregar constancias provisionales, tanto le costaba coordinar con los Registros Públicos para que los taxistas pudiesen terminar los trámites que la ley les exige? lar: “Desde mañana solo circularán taxis con placas nuevas”. En esa nota informamos que, como parte del proceso de reordenamiento del tránsito de la ciudad, los taxistas que no hicieran el cambio de placas y siguiesen circulando serían sancionados con una multa de S/.456 y con el internamiento del auto en el depósito. El domingo, sin embargo, tuvimos que informar que esto último, para vergüenza de las autoridades involucradas, no había podido ocurrir: el Ministerio de Transportes y Comunicaciones (MTC) amplió hasta el 31 de agosto el plazo para renovar las placas de los taxistas.  El Perú es el país de los trámites y las fechas prorrogadas. Y sobra decir que, por los incentivos que genera, esta resulta una pésima costumbre nacional. Como las personas saben que lo más probable es que todos los plazos ﬁnales sean postergados, no suelen cumplir con los mismos y se vuelve muy difícil realizar cualquier tipo de reforma.  En esta oportunidad la culpa parece haber sido de la Municipalidad Metropolitana de Lima (MML). Según el MTC, la Gerencia de Transporte...  Este caso evidencia la incapacidad de la MML para coordinar los temas de transporte urbano con las otras entidades competentes.  Este caso de ineficiencia burocrática vuelve a poner en evidencia la ya conocida incapacidad de la MML para coordinar los temas de transporte urbano con las otras entidades competentes.  Recordemos, por ejemplo, que hace poco cuando este Diario preguntó a las autoridades por qué no tomaban mejores acciones para fiscalizar a las empresas que usan choferes irresponsables, tanto la MML como el MTC respondieron que la responsabilidad era del otro, mostrando que nunca se habían sentado a conversar sobre el tema.  ¿Cuál fue la razón por la cual la MML no entregaba los certificados? Según lo que declaró el pasado jueves la gerenta de transporte urbano, el motivo fue la falta de recursos económicos.  Asimismo, en el proceso de empadronamiento de taxis, fuimos testigos de cómo, por una tremenda falta de coordinación entre la MML y la Municipalidad Provincial del Callao, la segunda permitía el empadronamiento luego de que haya...  La dificultad de la MML para ponerse de acuerdo con el resto de autoridades también quedó en evidencia cuando anunció que la avenida Arequipa sería usada solamente por vehículos de transporte público. Inmediatamente, varios municipios distritales aseguraron que se habían enterado de la medida por la prensa y que la misma era inviable porque haría que colapsaran diversas calles, lo que obligó a la MML a retroceder.  Finalmente, no podemos olvidar que la manera desarticulada en que la MML actúa respecto de otras entidades es una de las razones que explica que los proyectos del Metropolitano II y de la línea 2 del metro de Lima tuvieran un diseño original superpuesto en un 95%.  La MML quiere que el ordenamiento del transporte sea uno de sus principales logros. Pero, para eso, no le haría mal empezar por ordenarse ella primero.","elcomercio","02/06/2014"
"Humor profano","- Mariño Molina -  EL TIBETANO  - el Tunche -  Luchos Castañeda  Lima, marzo del 2015. Si bien han pasado solo tres meses desde que las nuevas autoridades regionales y locales han asumido sus cargos, las fricciones ya se empiezan a notar. La más reciente de ellas tuvo como actores principales al alcalde de Lima, Luis Castaeda Lossio, y al presidente regional de Lima Metropolitana, Luis Castaeda Lossio.  Luis Castaeda sostiene que Luis Castaeda no respeta su autonomía institucional y permanentemente trata de minar sus competencias legales. Frente a estas acusaciones, Luis Castaeda respondió recordándole a Luis Castaeda que no lo recibe ni le devuelve las llamadas. “Hace lo que quiere, como si yo no existiera. Como si él fuera la única autoridad de Lima Metropolitana”, acot, muy ofuscado, Luis Castaeda.  Estas desavenencias públicas estarían afectando también a Solidaridad Nacional, partido al que pertenecen ambos carismáticos líderes. Patricia Jurez habría salido en defensa de Luis Castaeda, mientras que Fabiola Morales habría cerrado filas detrás de Luis Castaeda. Similar división se vería en las multitudinarias bases del partido solidario.  Diversos analistas políticos coinciden en que ambos líderes deben superar sus diferencias si desean llevar adelante gestiones exitosas. “Deben justificar sus sueldos de alcalde y presidente regional y ponerse a trabajar”, acotó uno de ellos. Lograrán superar este ‘impasse’? Los vecinos de Lima estarán atentos al desenlace.","elcomercio","02/06/2014"
"Comentario a Ciudadanos sin República, de Alberto Vergara","Respuesta al artículo Impunidad y esterilizaciones forzadas, de Julio Arbizu  Ciudadana y República 2.0  Arbizu y sus falacias  - Carmen McEvoy -  Historiadora  - Mara Cecilia Villegas Otero -  Especialista en políticas públicas  La tica republicana va ganando adeptos entre la nueva generación de politólogos peruanos. Prueba de ello es Ciudadanos sin República (Lima, Planeta, 2013), de Alberto Vergara, cuya segunda edición acaba de aparecer. Con una pluma gil, un puñado de ideas claras y una propuesta heterodoxa, Vergara aborda una serie de preocupaciones fundamentales: ¿Cómo compatibilizar el interés privado con el bien común? ¿Cómo crear un sistema económico sólido sin dejar de lado la virtud, la dignidad, el mérito, la justicia y el respeto por la ley? ¿Ser posible republicanizar al Perú?  Establecer un puente entre la República económica y la República de las libertades civiles, la virtud y la justicia –por la que lucharon los liberales del siglo XIX y los radicales del XX– no es tarea fácil. En el siglo XIX el civilismo se propuso, mediante la alegoría de la República Práctica, sintetizar el proyecto político y cultural de una elite que creció a la sombra del ‘boom’ exportador. Esos ciudadanos-productores a los que Manuel Pardo convoc en 1872 eran responsables por omisión de la fragilidad de las instituciones republicanas. La burguesía, que Vergara no encuentra en el siglo del espectáculo, el ‘selfie’ y la alta tecnología, asumió en el XIX un liderazgo sin precedentes en la historia nacional. Sin embargo, la crisis de 1873, la bancarrota fiscal que le sucedió y la guerra de 1879 hirieron de muerte el proyecto burgués que, con todas sus limitaciones, consideraba la integración de capital, trabajo e institucionalidad republicana.  Dotado del espíritu constructivista de los que lo precedieron, Vergara se aventura por viejos caminos y descubre que existe un ciudadano, forjado en la vorágine de la economía de mercado, muy a pesar de las limitaciones de la democracia y su marco republicano. Si bien el título del libro es provocador e incluso controversial, su autor no pretende sermonearnos desde las alturas del pensamiento correcto. Lo que se descubre, más bien, es el diario de bitácora de una mente obsesionada con el Perú. All reside la frescura de una propuesta que oscila entre el pesimismo y el optimismo, y que se vale de una narrativa gil para buscar una salida –mala, buena o regular– a la ‘jungla’ peruana contemporánea, que es como Vergara define esa realidad difícil y a ratos surrealista que nos ha tocado vivir. Un caminante que –escuchando a Dylan, a Cohen y a Blades– se vale de una brújula republicana para recorrer el Perú “dulce y cruel” de Basadre. Esa es la imagen que me queda de este magnífico texto dirigido a un público no académico.  La regla fundamental de la política –dijo alguna vez Robert McNamara– es empatizar con tu adversario. Las críticas que Vergara ha recibido de la izquierda, entre ellas la de ser un defensor a ultranza del neoliberalismo, muestran no solo la poca empatía que ella exhibe con el que piensa diferente sino su negación de la realidad. Porque si bien es cierto el libro de Thomas Piketty se ha encargado de recordarnos la enorme desigualdad que el capitalismo promueve, tampoco hay que olvidar el crecimiento económico sin precedentes que ha vivido el Perú en estos recientes años. El libro de Vergara es una respuesta a ese crecimiento desordenado y, además, un recordatorio de que la política es el único instrumento que tenemos los seres humanos para vivir en comunidad.  En un artículo del 15 de mayo, el exprocurador Julio Arbizu sostuvo sobre las mal llamadas esterilizaciones forzadas que “un sistema de justicia aún entregado a los designios de la organización criminal que tomó el Estado durante el gobierno de Fujimori fue renuente a la investigación de estos casos”. Cabría recordarle que ese gobierno terminó hace 14 años y que le siguieron tres regímenes democráticos. Puede sostenerse que el Poder Judicial sigue aún entregado a Fujimori? Por años, la izquierda ha aseverado –sin evidencia– que se implementó una política pública donde se “esterilizó forzosamente a 300 mil mujeres”. Este artículo aclarará –con evidencia– la verdad sobre el Programa de Salud Reproductiva y Planificación Familiar (PSRPF), implementado entre 1996 y el 2000.  Este fue diseñado para reducir las altas tasas de mortalidad materno-infantil en los segmentos más pobres, sobre todo del interior, pues sus indicadores de salud eran entre tres y cinco veces peores que en Lima: si en Lima la mortalidad materna era de 185 por 100.000 nacidos vivos, en Ayacucho era de 1.039. Si en Lima moraban 26 niños por cada 1.000 nacidos vivos, en Huanca- velica moraban 106 y si la tasa de fertilidad en Lima era de 2,6, en Huancavelica era de 6,5 hijos por mujer. Solo uno de cada cinco nacimientos ocurriera en un hospital. En 1993, hubo 1.670 muertes maternas, esto es una cada cinco horas.  El PSRPF permitió que las mujeres más pobres accediesen a servicios de salud reproductiva gratuita, lo que benefició a 850.000 familias al año entre 1996 y 2000. Y no solo ofrecía AQV (ligaduras) sino que proveía de todos los métodos anticonceptivos disponibles. En 1997, solo el 13% eligió una AQV; el 33,6%, Depo-Provera; el 20%, pildora; 16%, DIU y 12%, condones. El 87% de los beneficiarios eligió una opción distinta a la AQV! Como resultado, se redujo la mortalidad materna en 30%.  Por otro lado, las investigaciones de Roco Villanueva para la Defensora sobre el PSRPF confirman en su Informe 69 que, de 773 quejas, solo 35 fueron por esterilizaciones sin consentimiento (y diez declaradas infundadas). Sabía que durante el gobierno de Toledo se realizaron 26 esterilizaciones sin consentimiento? La DP ha documentado aproximadamente 150 casos de esterilizaciones sin consentimiento. Entonces, de dónde salen esas 300.000 “esterilizaciones forzadas” que denuncian?  En enero, la fiscal encontró responsabilidad penal en los médicos que practicaron las esterilizaciones sin consentimiento. Además, ordenó investigar a los jueces y fiscales que impidieron el acceso a la justicia de las víctimas. Pero no encontró responsabilidad en Fujimori ni en sus ministros. El fiscal Gutiérrez explicó que “la única manera de responsabilizar a Fujimori es con la autora mediata y, según el Tribunal Constitucional, no concurren los requisitos de esta, dado que no hay estructura rígida vertical, pues no es posible obligar a un médico a operar contra su voluntad”. ¿Qué evidencia entonces hay que el PSRPF fue una política de esterilización masiva?  La izquierda ha impulsado una campaña politizada para golpear a quienes implementaron el PSRPF. Por desgracia, a ella se auparon periodistas y opinlogos desinformados y sin conocimiento de políticas públicas. ¿Qué están buscando? Encontrar la verdad y hacer justicia o estas poco importan cuando se quiere que Fujimori y sus ministros sean culpables? Cuando se quiere encontrar responsabilidad penal aunque esta no exista, tenemos una persecución política.","elcomercio","02/06/2014"
"Lunes 2 de junio del 2014","EL COMERCIO .A23  Opinión  Mientras uno no muere, tiene la vida por delante.  Jol Dicker (1985- ), novelista y abogado suizo","elcomercio","02/06/2014"
"Retos de Citotusa","Esta subasta fue la tercera convocada por la SBLM para arrendar Acho; sus idas y vueltas, sus errores e impericia.  Firma del contrato. El jueves 29, en la Sociedad de Beneficencia de Lima Metropolitana, su gerente, José J. Rodríguez (segundo por la derecha), con los representantes de Citotusa, tras suscribir el contrato de arrendamiento de Acho.  Humberto Parra  Controversia  Lo que sostiene Taurolidia  Taurolidia, de la familia Villafuerte, dice que la subasta se vici, al emitirse, el 5 de mayo, una Fe de Errores que contradijo las respuestas que la propia SBLM publicó el 28 de abril, respecto a los poderes de la representante peruana de Citotusa. Así mismo, que la decisión del 12 de mayo, de retrotraer el proceso a la fase de absolución de consultas (en la práctica, nuevamente al 28 de abril) no fue una decisión motivada; de igual forma, que la segunda versión de las respuestas, hechas públicas el 13 de mayo, tampoco contenía motivación, a pesar de repetir la tesis la Fe de Errores, cuestionada por Taurolidia, respecto a los mencionados poderes otorgados por Citotusa. Aducen que lo anterior los perjudicó y que se debió anular la subasta y volver a convocarla. Por ello, apelaron, lo que fue resuelto el jueves, antes de firmar el contrato, por el gerente general de la SBLM, arquitecto José Juan Rodríguez Cárdenas, en una resolución que no menciona siquiera un informe de su Asesora Jurídica que sustente lo que él suscribe; quizás, porque la jefa de ese departamento, abogada Karla Ramírez Castillo, es una de las tres integrantes del Comité Especial de la Subasta de Acho y de haber emitido un informe referido a la apelación, hubiera sido juez y parte. La misma suerte corrió el pedido de nulidad presentado por el tercer postor, Consorcio Histórico de Acho, quienes reclaman que no debieron ser descalificados.  Esperemos que los dos postores que han visto agotada la vía administrativa, no recurran al Poder Judicial y terminen paralizando la organización de la feria del Señor de los Milagros; si eso ocurriese, lo que sería muy grave, sería por culpa de la propia SBLM y su errática forma de llevar adelante la subasta.","elcomercio","02/06/2014"
"Colofón","Valero de Palma dice all, que en el siglo XXI, la pica y las banderillas deberían reemplazarse con velcro, siliconas o pegamentos y que el toro no debería sangrar. Serio yerro. El toro, al sangrar, produce endorfinas y otras hormonas que reducen su estrés y bloquean sus receptores de dolor; numerosos estudios y tesises doctorales de la Universidad Complutense de Madrid lo comprueban y confirman que las corridas a la portuguesa, o las que se celebran en California –donde se apuntailla al astado en la nocturnidad de una manga o callejón– son peores para los toros. La suerte de varas existe por varios motivos poderosos; es necesaria para la labor de selección y reproducción en las ganaderías; es la prueba de la bravura en el ruedo y de su capacidad de lucha, necesaria para evaluar al toro; es indispensable para poder realizar el toreo moderno; y no menos importante, es de una sobrecogedora belleza cuando está bien realizada. Lo mismo, las banderillas, que originan momentos artísticos y emocionantes; avivan al toro antes del último tercio y permiten al diestro evaluar las reacciones y las embestidas, para darse una idea del tipo de faena que el toro requerirá.  Gallarda, bravura y emoción. Cuando la suerte de varas se realiza como es debido, luciendo el toro bravo y picando delantero y en todo lo alto, se logra una suerte bella y vibrante; no se puede abolir.","elcomercio","02/06/2014"
"El libro póstumo de Valero de Palma","El toro que vino del mar, fruto de su esforzada labor durante sus últimos años de vida en el Perú.  El jueves 5, en el Restaurante El Rocoto de Miraflores se presentará el libro póstumo de José Carlos Valero de Palma. El toro que vino del mar narra con su estilo característico de prosa –amena y descriptiva– la historia taurina del Perú, remontándose hasta Pizarro y Atahualpa, pero constantemente entrelazada con sabrosas anécdotas de la historia taurina española; va del Perú a España y viceversa, varias veces, a lo largo de sus más de 400 páginas.  El libro se lee de un tirón y es una recopilación de parte de la historia taurina peruana, que el volumen reúne y condensa en un solo tomo, tomando fuentes diversas y basado en Historia taurina del Perú 1535 – 1935 de José Emilio Calmet y en los libros de Héctor López Martínez, de donde Valero ha extraído múltiples ramas y derivaciones. Todo va bien con el libro, hasta sus dos últimas páginas. Es necesario alertar –sobre todo a los aficionados jóvenes y a los no muy entendidos– que dicho Compendio histórico salvo sus dos últimas páginas, es un libro entretenido, ameno e ilustrativo.","elcomercio","02/06/2014"
"Gran acontecimiento","Tras más de un año formándose en España, Andrés Roca Rey pasó a ser novillero con picadores.  Andrés Roca Rey se presentó con caballos ayer, nuestro joven compatriota Andrés Roca Rey –como no podía ser de otra forma– triunfó en su presentación con caballos, en la plaza francesa de Captieux, en Aquitania, Francia; cortó tres orejas. Alternó con el español Fernando Rey y con el francés Clemente; lidio serios, bravos y bien presentados novillos de El Tajo y la Reina de Joselito.  El sexto, al que desorejó, era complicado y tenía mucho por torearse; Andrés, decidido, le sacó el máximo partido posible y lo mató de un estoconazo. Al tercero, al que hubiera desorejado, solo le cortó una, pues la estocada qued algo tendida y tardó en doblar. Fernando Rey se fue de vacío y Clemente pudo cortar una oreja, pero pinchó a su novillo.  Para mayor auspicio, el sábado, el programa taurino español más conocido, Tendido Cero, propagó un reportaje a Andrés, titulado Sol del Perú; puede verse en http://goo.gl/KLlsX. Próximamente, se podrán ver secuencias de la triunfal novillada de ayer, en su web: http://andres-roca-rey.webnode.es.","elcomercio","02/06/2014"
"Editorial de El Comercio","Demasiados cocineros / 5 de mayo del 2014  EDITORIAL  La municipalidad, los taxis y el eterno desorden  El sábado publicamos el siguiente titular: Desde mañana solo circularán taxis con placas nuevas. En esa nota informamos que, como parte del proceso de reordenamiento del tránsito de la ciudad, los taxistas que no hicieran el cambio de placas y siguiesen circulando serían sancionados con una multa de S/.456 y con el internamiento del auto en el depósito. El domingo, sin embargo, tuvimos que informar que esto último, para vergüenza de las autoridades involucradas, no había podido ocurrir: el Ministerio de Transportes y Comunicaciones (MTC) amplió hasta el 31 de agosto el plazo para renovar las placas de los taxistas.  El Perú es el país de los trámites y las fechas prórrogadas. Y sobra decir que, por los incentivos que genera, esta resulta una pésima costumbre nacional. Como las personas saben que lo más probable es que todos los plazos ﬁnales sean postergados, no suelen cumplir con los mismos y se vuelve muy difícil realizar cualquier tipo de reforma.  En esta oportunidad la culpa parece haber sido de la Municipalidad Metropolitana de Lima (MML). Según el MTC, la Gerencia de Transporte Urbano de la MML no otorgó oportunamente los certificados de operación a los taxistas, documentos indispensables para gestionar las nuevas placas ante los Registros Públicos y la Asociación Automotriz del Perú.  ¿Por qué la MML no dispuso de un plan de trabajo y un planeamiento presupuestal adecuado como para poder cumplir sus funciones básicas? Y si le es tan difícil y no le quedaba otra opción más que entregar constancias provisionales, tanto le costaba coordinar con los Registros Públicos para que los taxistas pudieran terminar los trámites que la ley les exige?","elcomercio","02/06/2014"
"¿Dónde se forman los maestros universitarios?","No hay maestros universitarios. Los maestros del colegio se forman en los pedaggicos y al maestro universitario le dicen eres un triste, ven a dictar clase.","elcomercio","02/06/2014"
"LA MANO INVISIBLE","La globalizacin produjo una suerte de replanteamientos en el ámbito de organizaciones y sus reglas. Esto genera cambios dramáticos en las organizaciones, nos dice Mindreau.  200 instituciones educativas, nos cuenta Lucas Segrnese, coordinador global de EduAction.","elcomercio","02/06/2014"
"Voluntariado","EduAction trabaja con jóvenes voluntarios de varias partes del mundo en escuelas públicas de Brasil, Colombia, Perú, Uruguay, Argentina y México. All brindan talleres sobre diversidad cultural, sostenibilidad, responsabilidad social, creatividad, innovación, emprendedurismo, liderazgo y desarrollo personal.  En el Perú, vamos por el tercer año. Hemos trabajado en cuatro distritos de la región Ancash y una edición en Lima (Santa Anita). Más de 5 mil estudiantes han sido beneficiados con el programa y 30 voluntarios internacionales han llegado al país para contribuir con la educación pública, dice Segrnese.  Para conocer el proyecto, puede visitar la web: www.eduactionproject.org.","elcomercio","02/06/2014"
"Con Programa en Internet","Capacitación gratuita para docentes de inicial  Iniciativa del MinEdU  Sistema virtual de lenguas originarias  El programa imparte cuatro módulos gratuitos: Sistema Curricular, Matemática, Comunicación, Personal Social y Emocional, Ciencia y Ambiente. Webinar Inicial en Red Santillana recrea un escenario equivalente a un salón presencial en el que el conferencista sabe de la atención del participante.  El sistema virtual de lenguas originarias del Perú (http://digebir.gob.pe/lenguas/lenguas/index.php) ofrece información de las lenguas en mapas interactivos, su grado de vitalidad, zonas y comunidades donde se hablan, el número de hablantes, entre otras.","elcomercio","02/06/2014"
"- Segundo Simulacro Escolar 2014 -","El viernes se realizó el segundo simulacro nacional escolar 2014. Participaron ocho millones y medio de estudiantes, así como 350 mil docentes de 105 mil instituciones educativas del país.","elcomercio","02/06/2014"
"Opositor Leopoldo López comparece hoy otra vez ante la justicia venezolana","Hace casi un mes el tribunal le cerró la puerta en las narices. Por los cargos que se le imputan, podría recibir hasta 10 años de prisión.  Una semana importante empieza hoy para Leopoldo López y sus ansias de demostrar su inocencia frente a las acusaciones del Gobierno Venezolano. Igualmente para María Corina Machado, a quien el régimen pone como cabeza de un plan de magnicidio.  Caracas [agencias]. El dirigente opositor radical Leopoldo López, en prisión preventiva desde hace más de cien días, comparecerá hoy ante la justicia venezolana, que podría condenarlo a diez años de cárcel bajo cargos de asociación para delinquir, autora intelectual de incendio intencional y daños a la propiedad.  López, coordinador nacional del partido Voluntad Popular, fue el principal promotor de la estrategia La Salida, para forzar con protestas callejeras la renuncia del presidente venezolano, Nicolás Maduro, y permanece en una cárcel militar desde el 18 de febrero.  Esta es la segunda vez que López comparecerá ante la justicia. La primera audiencia a la que acudi, el 8 de mayo, se suspendió cuando el tribunal informó que estaba cerrado.  Para uno de sus abogados, Roberto Marrero, López debe ser excarcelado. Lo lgico, lo ideal es que Leopoldo salga mañana y quede en libertad, dijo. Agregó que el tribunal puede decir: ‘Miren, aquí no hay delito, la acusación del fiscal nos parece que no tiene ninguna base y como no hay delito, váyanse para la calle’”. Pero la jueza también podría decir: «Lo vamos a enjuiciar», pero eso no sería lo lgico».  Aislado y sin visitas  La nueva convocatoria se da cuando López ha sido sancionado a 15 días sin visitas. Eso, luego de que le decomisaran dos cartas dirigidas a las alcaldesas electas hace pocos días en San Cristóbal y San Diego para suceder a sus esposos destituidos de esas dependencias y encarcelados por permitir protestas en sus municipios.  La petición sobre la liberación de López y la de otros presos políticos ha sido una de las condiciones de la oposición venezolana para continuar el diálogo con el gobierno, congelado desde hace tres semanas luego de las detenciones masivas de estudiantes en Caracas.  Si López no resultara liberado hoy, su defensa apostará a la reanudación de esas negociaciones y al debate sobre una eventual ley de amnistía, indicó otro de sus abogados, Juan Carlos Gutiérrez.  También contra Machado  Mientras tanto, la fiscal general de Venezuela, Luisa Ortega, consider ayer seria y responsable la investigación que lleva adelante sobre el supuesto plan magnicida contra el presidente Nicolás Maduro, denunciado por líderes oficialistas.  Todo lo que se hizo como parte de esa investigación fue de acuerdo a las reglas contempladas en el Código Orgánico Procesal Penal, como la solicitud al juez de control para la interceptación de llamadas y correos, añadi Ortega.","elcomercio","02/06/2014"
"Preocupación por traslado de frontera","Bogot pide a Caracas investigar incursión militar en suelo colombiano  La canciller de Colombia envió ayer una nota a su par de Venezuela para aclarar las denuncias expuestas por habitantes de la frontera sobre una supuesta incursión de la Guardia Nacional (policía militar) de ese país en territorio gobernado por Bogot.  En un comunicado difundido ayer, el Ministerio de Relaciones Exteriores de Colombia pidi a la canciller venezolana realizar las investigaciones correspondientes sobre las tres incursiones denunciadas por líderes comunales de una zona rural del departamento de Norte de Santander.  Luego de escuchar los testimonios de los habitantes de la localidad de Banco de Arena y las autoridades locales, el Gobierno Colombiano envió una nota a la canciller venezolana para presentar las quejas de la comunidad y pedir las investigaciones correspondientes, detalló el texto.  El ministerio indicó que, debido a la situación, se envió una comisión al lugar, en la jurisdicción de Cúcuta, capital del departamento, para aclarar lo sucedido.  Además, el documento precisó que la jefa de esa cartera, María Angela Holguín, pidió a su homólogo de Venezuela, Elías Jaua, reunirse con ella para analizar el caso.  Según la canciller, el encuentro entre Holguín y Jaua se dar esta semana en Paraguay, como parte de la asamblea de la OEA.","elcomercio","02/06/2014"
"El terror de Boko Haram no da tregua en Nigeria","Por lo menos 60 civiles murieron por el estallido de una bomba en un bar donde seguían por TV un partido de fútbol.  Abuja [eFe]. Decenas de personas murieron ayer en un concurrido bar de la ciudad de Mubi –en el nordeste de Nigeria– al estallar una bomba mientras los clientes seguían por televisión un partido de fútbol, inform ayer la prensa nigeriana, que apunta a la secta islamista Boko Haram como responsable del atentado.  Más atentados. En las últimas semanas, han sido constantes los ataques de Boko Haram, como en este centro comercial de Jos.  El bar estaba cerca de una base militar de la localidad, situada en el estado de Adamawa, que junto a los vecinos Borno y Yobe viven golpeados por la actividad terrorista del grupo.  El ataque se produjo a las 7 p.m., poco antes de que se activara el toque de queda decretado desde hace meses en la región para luchar contra las acciones de los integristas.  Vecinos de la zona aseguraron haber visto al menos unos 60 cadáveres, según la versión digital del diario local Punch.  Según las primeras informaciones, y pese a encontrarse el bar en un área con gran presencia militar, todas las víctimas mortales serían civiles.  Esta nueva acción de Boko Haram se produce después de que militantes armados de la secta asesinaran a tiros a varias personas en tres pueblos del estado de Borno, donde el grupo tiene su base de operaciones.  Camerún al contragolpe  También ayer, el Ministerio de Defensa de Camerún anunció que sus tropas habían liquidado a más de 40 miembros del grupo terrorista en una operación llevada a cabo a lo largo de la frontera entre los dos países.  La acción militar fue revelada poco después de que Boko Haram entregara a las autoridades camerunesas a tres religiosos extranjeros –dos italianos y un canadiense– que la secta tenía cautivos desde abril.  El Gobierno Camerún no ha hecho público si ha pagado algún rescate por la libertad de los rehenes, que fueron secuestrados al norte del país, cerca de la frontera con Nigeria.","elcomercio","02/06/2014"
"Demencia en Acción","EL OBJETIVO MAYOR  Boko Haram, que en lenguas locales significa la educación no islámica es pecado, lucha por imponer un Estado islámico en Nigeria, país de mayoría musulmana en el norte y predominantemente cristiana en el sur.  Violencia Desatada  Desde que la policía acabó en el 2009 con el entonces cabecilla y fundador de Boko Haram, Mohamed Yusuf, los radicales mantienen una sangrienta campaña que ha dejado más de 4.000 muertos (unos 300 en las últimas semanas).  Rapto Sin Resolver  A mediados de abril, secuestraron a más de 200 niñas de una escuela de Borno. Las menores siguen retenidas pese a la presión internacional por su liberación.","elcomercio","02/06/2014"
"Sudán niega que mujer condenada a la horca vaya a ser liberada","Jartum [aFP]. Las autoridades sudanesas negaron ayer haber anunciado que la joven cristiana condenada a muerte por apostasía vaya a ser liberada en los próximos días, y afirmaron que las declaraciones en tal sentido atribuidas el día anterior a un funcionario del Ministerio de Relaciones Exteriores fueron sacadas de contexto.  Hija de un padre musulmán,  Mariam Ibrahim Ishaq fue condenada a muerte el 15 de mayo por una corte criminal en virtud de la ley islámica en vigor en Sudán, que prohíbe las conversiones, lo cual provocó un gran escándalo internacional.  Esta sudanesa de 27 años ingresó a prisión embarazada y junto a su primer hijo de solo 20 meses. El martes dio a luz a su hija Maya en la cárcel.  Indignación Mundial  Desde que el caso saltó a las portadas del mundo, la ONU y Amnistía Internacional pugnan para convencer al Gobierno Sudán de que libere a la joven.  El primer ministro británico David Cameron, en Twitter, urgió al Ejecutivo sudanés a respetar los derechos humanos.  El ministerio indicó ayer que la liberación depende de que una corte acepte una apelación presentada por sus abogados.  Mariam Ibrahim rechazó abjurar de su fe cristiana en beneficio del Islam ante la corte. Casada con un cristiano de Sudán del Sur, también fue condenada a 100 latigazos por adulterio.","elcomercio","02/06/2014"
"El fuero interno judicial","El representante del Per ante la Organización de Estados Americanos (OEA), Juan Jiménez Mayor, ha señalado que ya tiene todo listo para presentar la consulta ante la corte. Sin embargo, el ministro de Justicia, Daniel Figallo, aclara que su cartera no está trabajando en este momento la posibilidad de hacer el tramite.  Todo lo que pueda decir Ollanta Humala no tiene relevancia porque el poder real que gobierna al Per ya se expresó en la entrevista de la primera dama en la revista Cosas.  Cuestiona el liderazgo del presidente.","elcomercio","02/06/2014"
"Reacciones a la entrevista","Es un indicador sobre educación haber mejorado el sueldo [de los maestros]? Creo que el presidente Humala debe devolver el premio que le dieron en Canad.  En relación a la reforma educativa pendiente.  ¿Señor presidente, tendría la misma opinión si le colocaran una antena de celulares frente a su casa?  Nadine no despacha con los ministros. Coordina con la bancada y con los ministros porque es la presidenta del Partido Nacionalista.  Santiago Gastaud, Congresista de GP, parlamentario oficialista respaldó la declaración del presidente sobre el rol de Nadine Heredia.  El jefe del Estado relativizó las expresiones a favor [de la unión civil] del ministro Figallo y del titular de la PCM. Se transmite un mensaje ambiguo de un gobierno sin convicciones.  En relación al proyecto de unión civil.  Yonhy Lescano, Parlamentario de Acción Popular, respecto a la declaración del mandatario en la que señala que las antenas de telefonía celular no generan enfermedades.  Juan Sheput, dirigente de Perú Posible.","elcomercio","02/06/2014"
"Hay 29 denunciados por el Caso ‘La Centralita’ que continúan prófugos","Fiscal Laureano Añaños indicó que desde que se dictó la prisión preventiva la policía no ha podido capturar a los implicados. Entre los evadidos figuran Martín Belaunde Lossio y el vicepresidente de Ancash, Florencio Romero.   El paradero de Martín Belaunde Lossio y otros 28 involucrados en el Caso ‘La Centralita’ sigue siendo un misterio. Según el fiscal responsable de la investigación Laureano Aañaños, ninguno de estas 29 personas que cuentan con orden de prisión preventiva, por ser acusadas de asociación ilícita y peculado, han sido capturadas por la policía o se han puesto a disposición de las autoridades. En esta lista de evadidos figuran: el empresario Martín Belaunde Lossio; el vicepresidente regional de Ancash, Florencio Romero Pereyra; el asesor de imagen de César Álvarez, Jorge Burgos Guanilo; la periodista Rosa Olivares y el vocero del mandatario ancashino Luis Arroyo Guevara.   El sábado, El Comercio informó que la Superintendencia Nacional de Migraciones y la Dirincri ya tomaron las medidas de precaución respectivas en todos los aeropuertos del país. Asimismo, se dispuso el inmediato control fronterizo. Sin embargo, hasta el momento los resultados son nulos. Ayer, el Tercer Juzgado de Investigación Preparatoria de la Corte del Santa ordenó prisión preventiva para Eladio Rupay Tarazona, acusado de movilizar gente a favor de Álvarez a cambio de dinero aparentemente ilícito. Lo mismo sucedió con Martín Espinal Reyes, consejero regional de Ancash por la provincia de Pallasca.   Caso Nolasco: el otro proceso Después de una maratoniana audiencia de casi 16 horas, el Segundo Juzgado Penal Nacional, a cargo del juez Walter Sánchez, dictó ayer la prisión preventiva por 36 meses contra el suspendido presidente regional de Ancash, César Álvarez, y otros siete implicados en el asesinato del ex consejero Ezequiel Nolasco. De ese modo, el magistrado Sánchez declaró fundada la medida de fuerza que planteó el fiscal Manuel Castro, quien sostiene que Álvarez junto con Luis Arroyo Rojas (alcalde del Santa), Juan Manuel Garay Obregón, Jhonny Saavedra Acosta, Cristhian Cruzate Pérez, Rubén Moreno Olivo y los sindicalistas Víctor Julio López Padilla y Modesto Mondragón Becerra integraron una organización criminal que asesinó en marzo último a Nolasco Campos. Todos ellos han sido acusados de haber incurrido en los delitos de asociación ilícita y homicidio calificado. Tras escuchar la decisión del juez Sánchez, el abogado de Álvarez, Alfredo Ortecho, interpuso un recurso de apelación. Horas después, en RPP, el letrado adelantó que solicitarán que se levante el secreto de la identidad de los seis testigos y el colaborador eficaz de la fiscalía que sindicaron a su patrocinado como autor intelectual del crimen contra Nolasco. En tanto, Fiorella Nolasco, hija del ex consejero asesinado, destacó la orden emitida por el Poder Judicial. Ya era hora de que la justicia actúe para la región de Ancash porque veníamos viviendo un infierno, dijo a RPP.","elcomercio","02/06/2014"
"Las frases","Hay que darnos cuenta de que hay buenos fiscales y jueces que no se dejan intimidar o comprar.  Fiorella Nolasco, hija de Ezequiel Nolasco, al enterarse del mandato judicial.  No hay pruebas concretas que vinculen a César Álvarez con la muerte de Nolasco.  Alfredo Ortecho, Abogado, sobre la orden del juez.","elcomercio","02/06/2014"
"Contralora revisa más de 200 denuncias de mal uso de fondos públicos","Los casos se dan con ocasión de los comicios municipales y regionales del 5 de octubre. El JNE analizará acusaciones. La contralora ha recibido más de 200 denuncias de utilización indebida de fondos públicos con fines electorales. Las acusaciones se hicieron a razón de la campaña Postula con la Tuya, que busca evitar casos de proselitismo político con dinero del Estado en las elecciones municipales y regionales del 5 de octubre. Según el contralor Fuad Khoury, los casos provienen de regiones de todo el país, aunque no especificó las instituciones. Adicionalmente, Khoury recalcó que está analizando varios casos de corrupción en las regiones. Refirió que se sumarán otros destapes a las investigaciones a los gobiernos regionales de Ancash, Cajamarca y Tumbes. Respecto a las elecciones de octubre, el director nacional de Fiscalización del JNE, Alberto Kuroiwa, recordó que los candidatos que mientan o consignen datos falsos en sus hojas de vida, serán retirados de las listas. También aquellos que no incluyan las sentencias condenatorias en su contra.","elcomercio","02/06/2014"
"Cabos sueltos","Es un economista. AP ya tiene candidato a la Alcaldía de Lima. En el Congreso, se vienen dos plenarias a doble horario. La militancia de Acción Popular fue ayer a las urnas para proclamar a su candidato a la Alcaldía de Lima: el economista Edmundo del Águila Herrera. Del Águila ha comprometido el concurso de rostros jóvenes de AP en su lista de 39 regidores, como Jorge Ramírez y Manuel Bernales. Confirmado: habrá dos sesiones plenarias del Congreso a doble horario y durante los días miércoles y jueves. El viernes también se convocará a la Comisión Permanente del Parlamento. La agenda será definida el martes en el Consejo Directivo. ¿Qué está pendiente? La discusión y votación de los nueve informes de la denominada megacomisión. El vocero aprista, Javier Velásquez, ha pedido formalmente postergar el debate porque existe un fallo judicial que declara que estos no son válidos.","elcomercio","02/06/2014"
"Las piezas sueltas de un mal modelo","La gran pregunta de estos días es por qué la corrupción y la criminalidad han podido instalarse tan fácilmente en un gobierno regional como Ancash y en otros como los de Tumbes y Cajamarca. La otra gran pregunta es por qué otras realidades violentas como la delincuencia común y el narcotráfico están rodeadas de tanta impunidad y provocan tanta impotencia entre quienes sufrimos sus consecuencias. Una respuesta a la primera pregunta es que los gobiernos centrales de los últimos 12 años, de Alejandro Toledo a Ollanta Humala, pasando por Alan García, convirtieron a las administraciones regionales en las piezas sueltas de un sistema de descentralización que no llevaba a ninguna parte. Es más: dotadas de presupuestos millonarios, esas piezas sueltas pasaron a formar parte de botines incontrolables y corruptos. Lo que tenemos a la vista es el comienzo dramático de un estallido en serie de un proceso de regionalización mal hecho.","elcomercio","02/06/2014"
"Anuncia liberación de cristiana condenada a muerte por apostasía","Garón ayer haber anunciado que la joven cristiana condenada a muerte por apostasía vaya a ser liberada en los próximos días, y afirmó que las declaraciones en tal sentido atribuidas el día anterior a un funcionario del Ministerio de Relaciones Exteriores fueron sacadas de contexto.  Hija de un padre musulmán, Mariam Ibrahim Ishaq fue condenada a muerte el 15 de mayo por una corte criminal en virtud de la ley islámica en vigor en Sudán, que prohíbe las conversiones, lo cual provocó un gran escándalo internacional.  Esta sudanesa de 27 años ingresó a prisión embarazada y junto a su primer hijo de solo 20 meses. El martes dio a luz a su hija Maya en la cárcel.  Indignación mundial desde que el caso saltó a las portadas del mundo, la ONU y Amnistía Internacional pugnan para convencer al Gobierno Sudanés de que libere a la joven.  El primer ministro británico David Cameron, en Twitter, urgió al Ejecutivo sudanés a respetar los derechos humanos.  El ministerio indicó ayer que la liberación depende de que una corte acepte una apelación presentada por sus abogados.  Mariam Ibrahim rechazó abjurar de su fe cristiana en beneficio del Islam ante la corte. Casada con un cristiano de Sudán del Sur, también fue condenada a 100 latigazos por adulterio.  Le dimos tres días para abjurar de su fe, pero usted ha insistido en no volver al Islam. La condeno a la pena de muerte en la horca, declaró el juez. Luego se le dio dos años de gracia para amamantar a la recién nacida antes de ser ahorcada.  Archivo personal: El drama no acaba. Mariam Ibrahim Ishaq se casó con Daniel Wani y se convirtió al cristianismo. Hoy está en la cárcel por la decisión.","elcomercio","02/06/2014"
"Padres de militar liberado en Afganistán aún no hablan con él","Quieren darle tiempo para recuperarse del trauma de haber estado cinco años cautivo.  Washington [efe]. Los padres de Bowe Bergdahl, el militar estadounidense liberado en Afganistán tras cinco años retenido por los talibanes, dijeron ayer que aún no se han comunicado con él para darle tiempo a adaptarse a su nueva situación.  Bob y Joni Bergdahl, padres del sargento de Infantería de 28 años que fue liberado el sábado a cambio del traslado a Qatar de cinco presos afganos de Guantánamo, ofrecieron ayer una declaración en la localidad donde viven, Boise (Idaho, EE.UU.).  Estamos hablando aquí porque todavía no hemos hablado con Bowe, no lo hemos llamado por teléfono, dijo Bob Bergdahl, en referencia a su hijo, que ayer llegó al centro médico regional de Landstuhl, en Alemania, para recuperarse del trauma y de sus problemas de salud.  Una recuperación difícil: Hay una razón para eso, y es que Bowe lleva tanto tiempo fuera que necesita tiempo, explicó el padre, quien comparó la situación con la de un submarinista que desciende a grandes profundidades y debe regresar poco a poco a la superficie para descompresionar.  Reuters: Aliviados. Bob y Joni Bergdahl dicen estar en contacto con el equipo médico que trata a su hijo en un hospital militar en Alemania.  Si vuelve demasiado rápido, [ello] podría matarlo, dijo.  El padre de Bergdahl, quien reveló que su hijo tiene dificultades para comunicarse en inglés y le dedic unas palabras en idioma pastún, se mostró confiado en que se recuperará y que verá el video que le dedicaron él y su esposa.  Algún día habrá tiempo para entrevistas. Tengo muchas cosas que decir sobre esto y estoy seguro de que Bowe también, pero eso es un asunto para un futuro distante; y no dejar que las cosas se interpongan en el camino de la recuperación de Bowe, sostuvo Bob Bergdahl.  Pensando en el momento en que su hijo vea el video, el padre le dijo que está orgulloso de su carácter, paciencia, persistencia y de lo mucho que quería ayudar al pueblo afgano y lo lejos que estaba dispuesto a ir para lograrlo.","elcomercio","02/06/2014"
"EE.UU. espía y captura fotos personales por millones","Nueva York [efe]. La Agencia de Seguridad Nacional (NSA) de Estados Unidos recopila cada día millones de fotos interceptadas en comunicaciones electrónicas que luego utiliza en sofisticados programas de reconocimiento facial, según documentos secretos publicados ayer por el diario The New York Times.  Los servicios secretos estadounidenses confían en esas tecnologías para analizar los millones de fotografías que obtienen cada día a través del espionaje de correos electrónicos, mensajes de texto, redes sociales, videoconferencias y otras comunicaciones.  Operaciones secretas: Del total de imágenes recogidas cada día, unas 55.000 tienen calidad suficiente para utilizar las técnicas de reconocimiento facial, según documentos del 2011 filtrados por el ex analista de la agencia Edward Snowden.  Tras años centrándose en comunicaciones escritas y orales, la NSA da ahora la misma importancia a fotografías de rostros, huellas dactilares y otros tipos de imágenes en sus operaciones, asegura la información de The New York Times.  No estamos solo detrás de las comunicaciones tradicionales: se trata de buscar todo un arsenal que explore digitalmente las pistas que un objetivo deja tras de sí en sus actividades habituales en la red para recopilar datos biográficos y biométricos, seala uno de los documentos secretos.  Los programas de reconocimiento facial cometen aún numerosos errores, en especial cuando las imágenes no son de alta resolución y los rostros están registrados en distintos ángulos, sostiene el periódico.  Reconocimiento facial: Cada vez más común. El uso de las tecnologías de reconocimiento facial de la NSA se aceleró bajo la presidencia de Barack Obama, en especial tras el intento de atentado en un vuelo con destino a Detroit en el 2009.  Acceso restringido: Un portavoz de la NSA subrayó que los servicios secretos no tienen acceso a las bases de datos donde se recopilan las fotos de permisos de conducir y pasaportes de ciudadanos estadounidenses.  Y los que pidan visa? Sin embargo, declinó decir si eso ocurre con los archivos del Departamento de Estado que contienen fotografías de extranjeros que solicitan visas para entrar al país.","elcomercio","02/06/2014"
"Declaran vulnerabilidad extrema en ocho complejos arqueológicos del norte del país","Chan Chan, Narihual, Pakatnam, entre otros, tienen escasa protección ante lluvias, invasiones y huaqueros.  El Ministerio de Cultura inspeccion recientemente cincuenta de los casi cinco mil sitios arqueológicos del norte del país y halló un resultado preocupante: ocho importantes complejos ubicados entre Tumbes y Ancash fueron declarados en vulnerabilidad extrema.  El informe lo elaboraron especialistas encabezados por el arqueólogo y restaurador Ricardo Morales.  El estudio concluye que el mayor grado de vulnerabilidad se da en Narihual, en el distrito de Catacaos (Piura), un complejo arquitectónico de uso social, cuyo estado de conservación es crítico. Otro sitio con este nivel de riesgo y que sería afectado por lluvias del fenómeno de El Niño es Cabeza de Vaca (Tumbes), considerado el más vulnerable de la región fronteriza.  En Lambayeque, los monumentos vulnerables son las pirámides del Bosque de Pomac, las huacas de Túcume, los murales de cupé y la huaca Bandera (esta última queda aislada cada año por el río Motupe, durante las lluvias).  En La Libertad, Pakatnam (Pacasmayo) y el complejo conjunto Chan Chan (Trujillo) son la preocupación principal. La ciudad de barro presenta fragilidad en varias zonas.  Otros de menor riesgo  Según el estudio, desde Tumbes hasta el valle de Moche (Trujillo), el deterioro de los sitios, construidos con adobes y afectados por unos 70 fenómenos de El Niño, es más preocupante en la zona norte.  También se determinó que Ancash constituye la región con mayor dificultad en el manejo de sus monumentos. Sitios del valle de El Santa como Nepea y Casma no están atendidos. Además, el complejo Sechín enfrenta problemas estructurales y daños en sus murales.  Tras la inspección, el sector Cultura solicitó al Ministerio de Economía y Finanzas S/.22 millones para proteger los sitios arqueológicos.","elcomercio","02/06/2014"
"Presunta narco mexicana visit Machu Picchu","Sindicada como la nueva jefa del grupo criminal Los Zetas y como la mujer más poderosa del narcotráfico en Sinaloa (México), Claudia Ochoa, llamada La Emperatriz de Los Zetas, estuvo en el Perú y visitó la ciudadela de Machu Picchu. Pese a que ella publicó sus fotos en las redes sociales, pasó desapercibida por la Policía Antidrogas del Cuzco. Ochoa es asociada al grupo de sicarios del peligroso cartel de Sinaloa.  Explotada. Ochoa difundió fotos en las redes sociales.","elcomercio","02/06/2014"
"Ministro de Agricultura se reunió con cafetaleros","El ministro de Agricultura, Juan Benites, destinó S/.350 millones para impulsar el sector cafetalero. La ayuda involucró la entrega de kits para afrontar el hongo de la roya amarilla y comprar las deudas de Agrobanco. Frente a medio centenar de productores de diversas federaciones de la selva central, dijo que se recuperarán los cultivos y se reactivarán las exportaciones.","elcomercio","02/06/2014"
"Casos de dengue en el Perú se reducen en 50%","La estrategia que aplicó el Ministerio de Salud (Minsa) para combatir el dengue en el Perú permitió reducir en 50% el número de casos de este mal en el 2013, con respecto al año anterior, reveló la oficina de Enfermedades Transmisibles del Instituto Nacional de Salud (INS). Agregó que en mayo del 2013 había cerca de 2.600 casos, mientras que al término del quinto mes de este año son alrededor de 1.200.  Loreto, Ucayali, San Martín y Junín registran más casos.","elcomercio","02/06/2014"
"Eduardo Mindreau","La universidad debe atender las demandas que exige la sociedad   La institución universitaria sufre una transformación importante en su organización tradicional. Su forma actual, necesariamente, debe adaptarse a las exigencias del mundo de hoy.  Universidad del Pacífico  Universidad, y yo creo que eso es fundamental.  Bajo esa premisa, las universidades empresas tienen cierta ventaja en ese sentido...  Los tres tipos de universidades tienen distintas realidades. Lo que pasa es que las reglas de juego para ese tipo de universidades deben ser las mismas que las de las empresas y guiarse por el mercado. Habrá que regular entonces la publicidad porque puede ser engañosa. Sin embargo, ese tipo de universidades debe cumplir ciertos criterios de calidad y como la educación es un servicio público, no puede ser la ley de la oferta y la demanda la que regule, sino que tiene que haber estándares de calidad.  Tampoco puede verse como producto. Un estudiante no se puede cambiar porque descubre que es mala, son cinco o seis años de carrera y es un tiempo muy largo... Lamentablemente, así es, porque son cinco años y si a los dos o tres años te das cuenta de que es un desastre, ya te ensartaste. La estafa es bien fuerte y eso hace que las universidades sean organizaciones raras y atípicas.","elcomercio","02/06/2014"
"Jóvenes voluntarios contribuyen con la educación en el país","EduAction busca afianzar la ciudadanía en escolares para que logren mejores proyectos de vida.  EduAction es un proyecto de educación que tiene como misión generar un ambiente multicultural en las escuelas mediante valores que ayudan a formar ciudadanos conscientes y capaces, culturalmente sensibles y tolerantes.  Hasta el momento más de 30 mil estudiantes de toda América Latina han recibido el programa de EduAction, más de 300 voluntarios de 60 países diferentes han participado del proyecto, 21 ciudades de todo el continente americano y casi","elcomercio","02/06/2014"
"Abandono de nuestro patrimonio histórico","Fotos: Dante Piaggio  Huaca Gloria. Los estragos causados por huaqueros en este complejo arqueológico de Ate saltan a la vista. Arqueólogos y técnicos del sector Cultura brillan por su ausencia. Solo es cuidado por algunos vecinos.  Alianzas estratégicas son claves para salvar 377 huacas de nuestra capital  Cultura dice que su presupuesto es exiguo y que se requieren convenios con comunas y empresas. El sector solo mantiene 15 sitios en Lima.  Mientras aún el Ministerio de Cultura dice no saber cuanto invertir para construir el anunciado museo nacional en Pachacamac, la situación de las huacas capitalinas es lamentable. El Estado solo conserva 15 de sus 392 sitios arqueológicos de Lima.  El Comercio recorrió cinco centros arqueológicos que, en opinión de varios especialistas, tienen gran valor histórico. Se constató que en cuatro de ellos la presencia del Estado es mínima. Es decir, no se encontraron arqueólogos ni guardianes ni cercos de protección.  El caso más grave es el de la huaca La Florida (1.800 a.C.), ubicada en la urbanización del mismo nombre, en el Rímac. Para llegar a este centro arqueológico se debe escalar montículos de basura y armarse de valor debido a que los ‘fumones’ son habituales en el lugar.   Siempre vienen delincuentes a drogarse en la huaca. A veces traen colchones y duermen ah, comenta Paola Calle, quien vive frente a La Florida.  Según el arquitecto e historiador José Canziani, La Florida es uno de los templos en forma de U más antiguos y representativos del valle del Rímac. Hoy, este centro está tan deteriorado que resulta difícil imaginar las dimensiones que tuvo.   La situación también es triste en la huaca Mangomarca (900 d.C.), ubicada en San Juan de Lurigancho. Aunque el municipio distrital construyó un parque y plantó árboles cerca, algunas personas siguen quemando basura y utilizan los montículos de adobe para practicar acrobacias en moto.   Según el instituto Rurichanco, Mangomarca ha perdido el 70% de su estructura original.  La huaca Los Perales (1.470 d.C.), ubicada en Santa Anita, no tiene cercos y es usada como campo de juego por los alumnos de un colegio aledaño. Antes estaba peor. Ahora, por lo menos, la municipalidad limpia la huaca, dice Lisbeth Canales, vecina de la calle Los Álamos.   Y la huaca Gloria, que es un complejo de piedra ubicado en un cerro de Ate, es custodiada por humildes lugareños como Marcelina Medina. En ese centro no trabaja ningún arqueólogo y los estragos que dejaron los huaqueros son evidentes.   Donde sí se ejecutan trabajos de investigación es en la huaca Huaycán de Cieneguilla. Aunque este gran complejo ha sido amenazado por invasores de terrenos, en la actualidad es protegido por un equipo de arqueólogos del proyecto Qhapaq Ñan.   Las alianzas son necesarias  El Ministerio de Cultura y algunas comunas han hecho lo posible por rescatar los sitios arqueológicos más importantes de Lima. As ocurrió, por ejemplo, en los complejos de Pachacamac, Mateo Salado y en las huacas Pucllana y Huallamarca.  Luis Felipe Meja, jefe de la Dirección de Patrimonio Arqueológico Inmueble del Ministerio de Cultura, señala a El Comercio que de las 377 huacas limeñas que no reciben mantenimiento del Estado, un 30% se encuentra en buen estado de conservación y el resto no. Nuestros recursos son limitados. Por eso es muy importante fomentar asociaciones con municipios o privados para la recuperación de las huacas, admite Meja.   Para José Canziani, la inversión privada es fundamental, no obstante el primer paso para poner en valor las huacas es trabajar más en investigación. Nadie va a invertir dinero en algo que no conoce, dice Canziani.   El arquitecto Juan Carlos Zapata señala que las municipalidades también son responsables de la revalorización del patrimonio. Estas deben generar áreas verdes, zonas recreativas y mejorar la seguridad ciudadana cerca a las huacas.","elcomercio","02/06/2014"
"Atentados contra huacas","29/6/2013  Una de las pirámides de la huaca Paraso, en San Martín de Porres, es destruida por delincuentes.  12/7/2013  Vecinos de la urbanización Santa Patricia denuncian que la huaca Melgarejo, de La Molina, es constantemente dañada con grafitis.   11/11/2013  Tres centros arqueológicos de Ventanilla se habían convertido en chancheras y basurales.   1/5/2014  La huaca El Respiro, ubicada cerca a la desembocadura del río Chillón, tiene sus muros pintarrajeados con spray y está llena de basura.","elcomercio","02/06/2014"
"En recuperación. El Ministerio de Cultura sigue investigando en la huaca Huaycán de Cieneguilla. Varios sectores están por recuperarse.","Huaca Pucllana: un buen modelo de gestión  La huaca Pucllana (400 d.C.) está en Miraflores y estuvo abandonada durante décadas. El historiador Juan Luis Orrego señala que hoy solo queda un fragmento de las 15 hectáreas que tuvo ese sitio arqueológico en sus orígenes. Según recuerdan algunos vecinos, la pirámide de adobe se llegó a usar, incluso, como pista de bicicross.   La situación de esta huaca empezó a cambiar desde 1981 cuando el otrora Instituto Nacional de Cultura firm un convenio con la Municipalidad Metropolitana de Lima para restaurar el sitio. Desde entonces, la huaca ha pasado por distintas manos. Actualmente, el área pertenece a la Sociedad Peruana de Derecho Ambiental (SPDA), que administra el lugar junto a la Municipalidad de Miraflores.   Pucllana es un buen ejemplo de cómo se puede gestionar un bien cultural. Aquí se realizan actividades educativas, culturales y turísticas, afirma el director de la SPDA, Jorge Chávez.   Chávez destaca que gracias a la gestión conjunta entre el Estado y la sociedad civil, la huaca ha logrado mantenerse en buenas condiciones y ha generado ingresos económicos para la comunidad local.   Este tipo de experiencias demuestra que es posible recuperar nuestros sitios arqueológicos si todos ponemos de nuestra parte, concluye.","elcomercio","02/06/2014"
"El alto precio de los medicamentos","El Sovaldi puede resultar muy efectivo para combatir la hepatitis C, pero su elevado costo impide acceder a este, incluso en tratamientos con seguros particulares.  En estos días hay en Estados Unidos un intenso debate acerca del precio de un medicamento que ha revolucionado el tratamiento de la hepatitis C, una enfermedad muy debilitante que puede causar cáncer de hígado. Este debate es muy parecido al que se desarrolló en el 2001, cuando por presión de los países pobres que no podían pagar por los medicamentos se logró que se elaboraran versiones genéricas muy baratas de carísimos antirretrovirales contra el VIH.  Aunque a primera vista este pueda parecer un asunto foráneo, le aseguro que este problema afecta de manera directa al Perú y otros países en desarrollo, y eso porque el 85% de todos los casos de hepatitis C en el mundo ocurre en países pobres.  Antes de seguir, es importante recordar que existen tres tipos principales de hepatitis viral: A, B y C. La hepatitis A es la del verano, entra por la boca con las comidas y bebidas contaminadas con excrementos humanos, es como una “fuerte gripe” del hígado, que se cura completamente después de unas semanas.  Las hepatitis B y C son muy diferentes, se transmiten a través de las transfusiones de sangre, el uso de agujas contaminadas, tatuajes contaminados y relaciones sexuales sin protección. El problema con las hepatitis B y C es que se convierten en enfermedades crónicas, es decir incurables. Al respecto, 80% de las hepatitis C y 90% de las hepatitis B en infantes y 50% en niños se vuelven crónicas y pueden causar cáncer de hígado. Más, se calcula que el 80% de los casos de cáncer de hígado en el Perú es consecuencia de la hepatitis B.  A la hepatitis B se la enfrenta con la vacuna, la cual debe aplicarse al nacimiento del bebé. Se anticipa que en los próximos cincuenta años el cáncer de hígado causado por la hepatitis B se podrá eliminar gracias a la vacunación.  Pero con la hepatitis C la cosa es diferente porque no existe vacuna y hasta hace poco la enfermedad era incurable, los tratamientos que existiesen eran muy tóxicos, solo 50% efectivos y los pacientes quedaban frustrados. Hasta que a fines del año pasado salió al mercado el sofosbuvir (Sovaldi), un medicamento que produce curaciones superiores al 90% en pacientes con hepatitis C crónica cuando se toma una pastilla diaria por solo tres meses.  Pero hay un gran problema: cada pastilla cuesta 2.765 soles (1.000 dólares). Multiplicando el precio de cada pastilla por 90 (tres meses de tratamiento) resulta que el tratamiento curativo de la hepatitis C cuesta en el Perú nada menos que casi 250.000 soles o casi 90.000 dólares. ¿Quién puede pagar eso?  Imposible de pagar Se calcula que la prevalencia de hepatitis en el Perú es de 0,8% a 1,2%, lo que significa que entre los 30 millones de peruanos existen en este momento entre 240.000 y 360.000 personas viviendo con hepatitis C.   Si así suponemos que 80% de ellas tiene o desarrollará hepatitis C crónica, el número de peruanos que necesitarán tratamiento con Sovaldi está entre 192.000 y 288.000. Como punto de comparación, se calcula que en Estados Unidos existen tres millones de personas con hepatitis C.  Al precio actual del Sovaldi, la sociedad peruana (entiéndase seguros médicos, Minsa, Essalud y otros proveedores) necesitaría destinar cantidades astronómicas de dinero para el tratamiento de los pacientes con hepatitis C crónica. En realidad, las cifras son tan brutalmente altas que las resumimos en el cuadro que aparece en la infografía.  La verdad es que, después de ver esas cifras, es fácil darse cuenta de que no habría dinero en el Perú que alcance para pagar esos tratamientos.  Por eso, en la 67 Asamblea Mundial de la Salud (brazo ejecutivo de la Organización Mundial de la Salud) del pasado 22 de mayo, se acaba de aprobar la llamada Resolución de la Hepatitis. En ella, pide a los países miembros de las Naciones Unidas que exploren el uso de “flexibilidades legales” descritas en el Acuerdo sobre Aspectos de Derechos de Propiedad Intelectual (TRIPS, en inglés) de la Organización Mundial de Comercio. Eso permitiría que se produzcan o importen versiones genéricas de medicamentos como el Sovaldi y otros si las empresas farmacéuticas se niegan a ofrecer a precios accesibles.  En palabras sencillas, la OMS dice que si el laboratorio farmacéutico fabricante del medicamento no baja el precio del Sovaldi, los gobiernos de países pobres podrían autorizar la producción de genéricos más baratos usando las “flexibilidades legales” que permite la Organización Mundial de Comercio.  Obviamente, tanto de forma directa como a través de sus voceros, la empresa farmacéutica californiana Gilead ha puesto el grito en el cielo cuando se ha cuestionado el precio tan alto de su medicina Sovaldi. Ellos dicen que el exorbitante precio de su medicina se justifica por los miles de millones de dólares que se ahorrarán en el futuro al curar a los pacientes con hepatitis C crónica (?).  Los críticos dicen que ese modo de calcular el precio de una medicina es como si quisieran cobrar la educación universitaria a un muchacho de acuerdo con el dinero que va a ganar en su futura vida profesional y le digan: “OK, si gracias a la profesión que te voy a proporcionar vas a ganar cinco millones de soles en tu vida futura, entonces tu educación te va a costar un millón de soles...”.  La cosa se pone más peliaguda para el laboratorio cuando se considera, de acuerdo con un artículo publicado en Medscape, que el verdadero precio de producción de 90 pastillas de Sovaldi (necesarias para curar la enfermedad de una persona) es de solo 690 soles (250 dólares).  La gran pregunta es entonces: ¿Por qué el laboratorio Gilead cobra 250.000 soles por un tratamiento que solo cuesta 690 soles, es decir 362 veces más que su precio de producción?  Se calcula que cada año Estados Unidos gasta aproximadamente 300 mil millones de dólares en todo tipo de medicamentos. Si tuviera que pagar por el tratamiento de los tres millones de personas infectadas con el virus de la hepatitis C, el monto total por pagar sería el doble de esos 300 mil millones de dólares. Por un solo medicamento!  Y la cosa no termina all, el laboratorio Gilead trabaja en una combinación de su medicina Sovaldi con otro medicamento, que se espera se apruebe a fin de año y que costará nada menos que 140.000 dólares por tratamiento (387.000 soles). Es decir, sobre piedras, palos.","elcomercio","02/06/2014"
"Subastan cepillo de dientes de astronauta de la misión Apolo 13","La venta de objetos de Jack Swigert, quien vol en órbita alrededor de la Luna, llegó a los 224.940 dólares.  Los Ángeles [AFP]. Un cepillo de dientes usado por el astronauta de la abortada misión espacial Apolo 13 fue subastado por casi 12.000 dólares, el triple del precio base fijado, inform la firma Nate D. Sanders en Los Ángeles. El cepillo de dientes Oral-B 40 fue utilizado durante la misión Apolo 13 en 1970 por Jack Swigert, quien llegó a reemplazar a último minuto a uno de sus colegas que cayó en cama con sarampión.  Llevado al cine De acuerdo con la casa de subastas, el objeto fue vendido por 11.974 dólares a un comprador que pidió no ser identificado.  Swigert fue interpretado por Kevin Bacon en “Apolo 13”, una película de 1995 protagonizada por Tom Hanks que narra las peripecias de la que iba a ser la séptima misión a la Luna, hasta que un tanque de oxígeno explotó luego de 55 horas de viaje.  Medalla de la última misión Swigert sigue siendo uno de los 24 astronautas estadounidenses que volaron en órbita alrededor de la Luna, aunque no pisó su superficie. Muri víctima de cáncer de huesos en 1982, cuando tenía 51 años. La venta de todos sus objetos personales sumó 224.940 dólares, inform Nate D. Sanders.  El que alcanzó mejor precio fue una medalla de plata Robbins que recibió Swigert tras el vuelo del Apolo 17, la última misión de alunizaje de la NASA, vendida por 56.250 dólares.  - La única cámara que graba siguiendo  Los movimientos de los ojos -  Posee siete sensores para rastrear y registrar la trayectoria ocular. Diseñada inicialmente para facilitar los exámenes de la vista, la EyeSeeCam fue presentada en una feria automotriz en Japón como un dispositivo de investigación para evitar los accidentes en los conductores.","elcomercio","02/06/2014"
"ATENTADOS CONTRA HUACAS","Una de las pirámides de la huaca Paraso, en San Martín de Porres, es destruida por delincuentes.  Vecinos de la urbanización Santa Patricia denuncian que la huaca Melgarejo, de La Molina, es constantemente dañada con graffiti.  Tres centros arqueológicos de Ventanilla se habían convertido en chancheras y basurales.  La huaca El Respiro, ubicada cerca a la desembocadura del río Chillón, tiene sus muros pintarrajeados con spray y está llena de basura.","elcomercio","02/06/2014"
"HUACA PUCLLANA: UN BUEN MODELO DE GESTIÓN","La huaca Pucllana (400 d.C.) está en Miraflores y estuvo abandonada durante décadas. El historiador Juan Luis Orrego señala que hoy solo queda un fragmento de las 15 hectáreas que tuvo ese sitio arqueológico en sus orígenes. Según recuerdan algunos vecinos, la pirámide de adobe se llegó a usar, incluso, como pista de bicicross.  La situación de esta huaca empezó a cambiar desde 1981 cuando el otrora Instituto Nacional de Cultura firmó un convenio de investigación, conservación y puesta en valor con la Municipalidad de Miraflores. Actualmente, este sitio arqueológico cuenta con un museo de sitio, recibe a unos 10 mil visitantes al mes y es el segundo destino turístico de Miraflores. Además, el actual Ministerio de Cultura planea mejorar el museo de sitio, al igual que el de Huallamarca (San Isidro) y Puruchuco (Ate).  Hace doce años, también, el municipio distrital suscribió un contrato con el restaurante Huaca Pucllana, que ha repercutido en la recuperación del sitio arqueológico.   Según el convenio, el restaurante cede el 6% de sus ventas a Miraflores. Este dinero se usa en la conservación de la huaca.   Lo importante de este modelo es que el Estado reduce la cantidad de dinero que tendría que invertir para mantener el área, explica Arturo Rubio, promotor del restaurante.   Para Roberto Ochoa, ganador en la categoría Turismo del Primer Concurso Nacional de Ensayo organizado por El Comercio, el modelo de gestión de la huaca Pucllana no puede ser imitado en todas las zonas de Lima. Pero es importante que Cultura evalúe cuales son las potencialidades de cada sector para replicar estrategias.   Se puede idear jornadas escolares, de espectáculos o con restaurantes. En Lima Norte, hay campañas de adopción de huacas, por ejemplo, señal.","elcomercio","02/06/2014"
"LA POLICÍA DETIENE A 119 BARRISTAS DE LA U Y ALIANZA LIMA","Hinchas se enfrentaron a pedradas y cometieron actos vandálicos en la vía pública. Se capturó a cinco requisitoriados que intentaron ingresar al Estadio Nacional.   Agentes de la policía detuvieron ayer a 119 barristas de Universitario de Deportes y Alianza Lima por causar desmanes y cometer robos al paso mientras se dirigían al Estadio Nacional, donde desde las 3:30 p.m. se jugó el llamado clásico por la paz. Los intervenidos fueron llevados a las comisarías de Lurín, Pro, Puente Piedra y Surco.  Los primeros disturbios se registraron cerca de las 11:30 a.m., a la altura del puente Atocochanga, en el distrito de San Juan de Miraflores. All hinchas de ambos equipos arrebataron las pertenencias de los transeúntes. Cuarenta y tres personas, entre ellas 13 menores, fueron detenidas en esa zona y trasladadas a la comisaría de Sagitariano, en Surco.  Según fuentes de esa dependencia, esos hinchas fueron liberados pasadas las 5 p.m., tras verificar que no tenían requisitoria. Los menores fueron retirados por sus padres.  La situación fue más violenta al sur y al norte de la ciudad. En Lurín, hinchas de la ‘U’ y Alianza Lima se enfrentaron a pedradas en la Panamericana Sur. All se detuvo a 54 sujetos. Similar situación se vivió en Pro (Los Olivos) y Puente Piedra. Los detenidos en ambos lugares sumaron 19.  Disturbios en el estadio  En el Estadio Nacional hubo peleas entre dos bandos de barristas de Universitario de Deportes: una facción de la Trinchera Norte y otra de la Barra de Oriente.   En este caso, la policía solo logró arrestar a tres sujetos: Jhoel Jarry Aliaga Cochachi (19), Bruno Huber Huanaco Rodríguez (21) y Víctor Raúl Ramírez Navarro (36).   El general Salvador Iglesias Paz, jefe de la Región Policial Lima, confirmó que esos tres detenidos iban a ser puestos a disposición de la Fiscalía Provincial Penal de Lima, por el delito contra la tranquilidad pública.   Iglesias precisó que, para el partido de fútbol de ayer, la PNP desplegó a unos dos mil agentes a ﬁn de garantizar la seguridad dentro y fuera del estadio.   Además de portar su entrada, los asistentes tuvieron que mostrar su DNI al momento de ingresar. Esta medida permitió detectar a cinco requisitoriados, uno de ellos acusado de homicidio calificado. Por ese control pasaron 15 mil hinchas de la ‘U’ y Alianza Lima.  Unos 32 serenos de la Municipalidad de Lima Metropolitana apoyaron en la seguridad. Resguardaron el ingreso de los hinchas a las tribunas norte y sur de nuestro primer escenario deportivo.","elcomercio","02/06/2014"
"AGRESOR DE MAGALY SOLIER EST CERCA DE SER IDENTIFICADO","El hombre que agredió sexualmente a la actriz Magaly Solier en un bus del Metropolitano, el pasado 30 de mayo, está a un paso de ser identiﬁcado, informó el jefe de seguridad de ese servicio, Marino Faras. Señaló que gracias a las cámaras de seguridad se obtuvo el rostro del sujeto y que hacen comparaciones con fichas del Reniec.","elcomercio","02/06/2014"
"LA CERIAJUS I","Integrada por las instituciones de la justicia y personalidades independientes y dirigida por el presidente de la Suprema, la Ceriajus I recomendó 170 reformas. De ellas, las más importantes fueron la nueva carrera judicial (aprobada en el 2009) y la fiscal (pendiente).","elcomercio","02/06/2014"
"LA CERIAJUS II","Las nuevas prioridades  La Ceriajus II debería concluir la implementación del nuevo proceso penal y constituir el subsistema contra el crimen organizado, que complemente los subsistemas anticorrupción y antiterrorista (encargado de violaciones de los derechos humanos).","elcomercio","02/06/2014"
"ES IMPOSIBLE REFORMAR LA JUSTICIA?","A la luz de la experiencia de los últimos 25 años, Luis Psara afirma que ha sido imposible reformar la justicia y explica por qué. Con la lógica implacable que lo caracteriza y un espíritu crítico extraño en el medio, concluye que los resultados de las reformas emprendidas son cuando menos magros. As lo sostiene en Una reforma improbable. La justicia latinoamericana en el banquillo, publicado por la PUCP.  Reconoce avances, sin duda, en justicia constitucional, por ejemplo. También en independencia judicial, gracias a que se sacó el nombramiento de jueces y fiscales de manos de los políticos, aunque su influencia en la judicatura no ha desaparecido, como bien lo constatamos cotidianamente.  Es posible superar estos obstáculos? Contra su propio escepticismo, Psara deja abierta una ventana a la esperanza, a condición de que se aprendan las lecciones del último cuarto de siglo. Las pocas experiencias exitosas fueron las que se fundaron en conocimientos rigurosos de los problemas que se querían superar y contaron con estrategias políticas y técnicas de implementación, así como con el apoyo de amplias alianzas. También fueron decisivos los liderazgos políticos comprometidos y los equipos profesionales competentes.  Me parece obvio que hoy no contamos con esas herramientas en el Perú; hay pues que construirlas. Quizá cabría comenzar por hacer un balance de la implementación del Plan Nacional de Reforma Integral de la Administración de Justicia preparado por la Ceriajus en abril del 2004.  Una década es tiempo suficiente para evaluar su implementación, actualizar el diagnóstico y dotarnos de un nuevo plan –digamos Ceriajus II– para los próximos cinco años. Los partidos políticos podrían entonces discutirlo, perfeccionarlo y acordar su ejecución a partir de julio del 2016. Quiz demostráramos así que, a pesar de todo, la reforma de la justicia es posible. Para lograrlo, habría que empezar por leer el notable libro de Psara.","elcomercio","02/06/2014"
"Alianza vence 2-1 a la ‘U’ en clásico amistoso","Los íntimos ganan con gol de Ibérico.","elcomercio","02/06/2014"
"Eminem retoma la cima de la popularidad","Es el más escuchado en la plataforma de música online Spotify.","elcomercio","02/06/2014"
"Entrevista Televisiva. Hay que generar confianza, señala el presidente","Humala descarta cambios radicales en manejo económico. Menos trabas. Plantea la eliminación de obstáculos para garantizar una mayor atracción de capitales. Logros. Destaca aumento de inversión en su gestión, en especial las obtenidas con alianzas público-privadas. Control en regiones. Pide cambiar la legislación para mejorar la conducción del Ejecutivo sobre ellas. ‘La Centralita’. Remarca que ‘le duele’ la situación de su ex colaborador Martín Belaúnde Lossio. Contradicción. Dice que no interviene en caso judicial sobre medios pero evalúa consulta a Corte de San José. Nadine Heredia. Afirma que su esposa se reúne con los ministros como presidenta del Partido Nacionalista.","elcomercio","02/06/2014"
"Política del Huallaga dinamita 30 pistas de aterrizaje clandestinas","Narcovuelos siguen pese a destrucción de pistas. La policía del Huallaga admite que el tráfico de drogas con Bolivia continuará pese a la destrucción de 30 pistas de aterrizaje clandestinas en el valle de Pichis Palcaz (Pasco-Huancayo) a fines de mayo. El problema radica en que hay otras que no han podido ser destruidas debido a que están en lugares muy inhóspitos, y las que son dinamitadas vuelven a funcionar a los pocos días. El especialista en asuntos de narcotráfico Rubén Vargas subraya que se requiere interdicción área para impedir el despegue y aterrizaje de más avionetas.","elcomercio","02/06/2014"
"Indagación Fiscal. La cantante Edith Guerrero habría fallecido por maltratos de su esposo","NA","elcomercio","02/06/2014"
"Universidades. Especialista plantea un cambio radical en la organización de los centros superiores","NA","elcomercio","02/06/2014"
"Espionaje. EE.UU. obtiene millones de fotos personales interceptando correos electrónicos y redes sociales","NA","elcomercio","02/06/2014"
"Tema del Día. LLAMADO A LA TRANQUILIDAD","Humala asegura que no habrá cambios dramáticos en la política económica. Anuncia que el Gobierno destrabará vías de decretos supremos o proyectos de ley los obstáculos para conseguir mayor inversión en el país. El presidente Ollanta Humala dijo anoche que su gobierno destrabará los obstáculos que actualmente existen para mejorar la inversión privada. Anunció que lo hará mediante decretos supremos o proyectos de ley que enviará al Parlamento. El jefe del Estado, Ollanta Humala, aseveró anoche que además de la promoción de nuevas medidas que su despacho impulsará para destrabar las inversiones ‘hay que generar confianza y, por eso, respetamos la palabra del Estado’. Está satisfecho porque las grandes corporaciones privadas están apostando por el Per. ‘Y la muestra es que en lo que va de este gobierno vamos acumulando 56 mil millones de dólares en inversiones, pública y privada’, remarc. ‘Tenemos la concesión de la línea 2 del metro, la conclusión del tramo 2 de la línea 1. Y son concesiones de 30 a 40 años. Si no hubiera confianza, estas empresas no celebrarían convenios de tan largo plazo con el Estado. En lo que va de este gobierno, a través de las asociaciones público-privadas (APP), hemos concesionado proyectos por más de 12 mil millones de dólares y a fin de mes con el gasoducto superaremos los 16 mil millones de dólares en casi tres años de gobierno’. ‘Hay desaceleración de la economía nacional pero no hay crisis’. Humala aseveró que si bien existen algunos problemas en cuanto a la desaceleración de la economía, no hay crisis ni tampoco existe una situación que demande hacer cambios radicales. ‘No vamos a hacer cambios radicales! Lo que queremos es mejorar lo que tenemos hoy día. En unos casos será mediante decretos supremos o proyectos de ley que enviaremos al Congreso. El sábado he estado revisando las propuestas que vamos a hacer, desde cosas pequeñas como las antenas que podrían generar algunas enfermedades. Se ha demostrado que no es así. Eso crea un problema porque hay un problema de cobertura de los celulares porque no hay antenas’, aseveró. Se revisará el proceso de descentralización. Falta mayor control político. El gobernante se pronunció sobre las denuncias de corrupción que sacuden a la mayoría de los gobiernos regionales y aseveró que urge revisar la legislación que regula el actual proceso de regionalización, así como la Ley de Gobiernos Regionales. ‘Lo que vemos aquí es que tenemos la reelección inmediata de gobiernos regionales que tienen canon y que no lo maneja el Estado. Yo no chanco a ningún presidente regional públicamente. No corresponde tener una mala relación con ningún presidente regional. El Consejo de Estado que yo convoqué permitió que el contralor estuviera respaldado por el Estado en sus acciones. Necesitamos, como Gobierno Central, tener más dientes para actuar más rápidamente. Por eso digo que hay que discutir la Ley de Descentralización para fortalecerla y cerrar esos vacíos que han quedado. Muchas veces un presidente regional puede ser un príncipe y puede tener su reino en una región y puede pasar lo que ha pasado en Ancash. Se vienen más congelamientos de cuentas’. Nadine Heredia va a continuar reuniéndose con autoridades del Ejecutivo. Al jefe del Estado no le preocupa que su esposa, Nadine Heredia, se reúna con ministros de Estado, como lo revel ella misma en una entrevista con la revista ‘Cosas’. ‘Se reúne y yo no veo nada de malo en eso sobre todo porque las posiciones de las bancadas dependen de la presidenta del partido. Es lógico que si un ministro quiere hacer un proyecto de ley tenga que coordinar con las bancadas. ¿Por qué no les llama la atención cuando los ministros coordinan con otras bancadas? Los ministros tienen coordinadores parlamentarios. ¿Por qué le tienen miedo a la palabra coordinar?’ preguntó. No tiene ninguna relación con ‘La Centralita’. El presidente Humala dijo que no tiene nada que ver con el sonado caso de ‘La Centralita’, desde donde presuntamente se realizaban actos de espionaje a los opositores del detenido presidente regional de Ancash, Carlos López. ‘Primero, no tenemos nada que ver con ‘La Centralita’ […] En el caso de Martín Belaunde [Lossio] me preocupa [su situación]. Él ha colaborado de manera importante en la campaña del 2006. De ahí se dedicó a sus actividades privadas. Luego colaboró en algunos mitines en esta última campaña [2011]. Me duele la situación que él está pasando. Ojalá se aclare porque también tiene familia’, invocó el mandatario. Asegura que no conoce a Sergio Luján Meneses. En cuanto al caso del ex operador montesinista Sergio Luján Meneses, dijo que no lo conoce. ‘Yo tengo 20 bastones de mando [en alusión al que le habría regalado este]. No lo conozco y jamás lo he visto en mi vida’. Y respecto a la irregular vigilancia policial en su casa aseveró que fue un tema de corrupción policial. ‘No hemos indagado más’, dijo. Frases del presidente Asociación El Comercio-E Pensamiento A propósito del proyecto de ley sobre la unión civil. ‘Sí tengo una posición pero no la voy a decir. Creo que no ha entrado el debate en el Congreso. Como presidente tengo que guardar cierta prudencia porque si digo que estoy a favor o no puede tomarse como una posición, y falta debatirlo en nuestra bancada del Congreso’. El jefe del Estado ratificó su posición crítica sobre la regionalización. ‘No me van a decir ustedes que la corrupción en los gobiernos regionales ha empezado ahora! En Tumbes están congeladas las cuentas y se vienen más congelamientos de cuentas’. Humala dijo que respeta la labor cumplida por Carmen Masías en Devida. ‘La jefa de Devida es un cargo de confianza. No tiene por qué haber explicaciones. Hoy tenemos otro reto que es entrar al VRAEM. Queremos entrar con reconversión de cultivos alternativos’. El mandatario se pronunció sobre el actual Gabinete Ministerial. ‘¿En qué casos hay conflicto de intereses? Yo he hablado con los ministros. En el caso del ministro Eleodoro Mayorga, ratificó la decisión del directorio de Per-Petro [para la prórroga del contrato con la empresa Interoil]’. Humala se refirió al Caso Helios que involucra al primer ministro Cornejo. ‘Aquí lo importante es que el primer ministro Renzo Cornejo [que está involucrado en el Caso Helios] se está sometiendo a las investigaciones del Congreso. Es un tema que preocupa pero ahí está el Congreso. El primer ministro va a ir a todas las diligencias!’ El Caso Bagua también fue otro de los temas abordados por el mandatario. ‘La justicia que no es oportuna no es justicia. Pedir cadena perpetua para algunos líderes awajún debería revisarse porque no son los únicos responsables. Han habido decisiones políticas y actores políticos a los cuales no se les toca’. Contradicción presidencial El presidente Ollanta Humala cayó en una contradicción al comentar la demanda que han interpuesto ocho periodistas –entre ellos el director del diario ‘La República’, Gustavo Mohme Seminario, y tres de sus columnistas– contra la asociación entre el Grupo El Comercio y EPensa. Humala indicó que, si bien el gobierno no intervendrá en el Poder Judicial, evalúa pedirle a la Corte Interamericana de Derechos Humanos que se pronuncie al respecto. ‘Vamos a evaluarlo. Hay un tema que es judicial entre el Grupo El Comercio y ocho periodistas. Ese es un tema que va por la línea del Poder Judicial, en el cual nosotros no nos metemos para nada. En el tema de la consulta a la corte [interamericana] no hemos tomado una decisión, pero no veo nada malo en hacerlo’, manifestó en la entrevista concedida a los programas ‘Panorama’ y ‘Día D’. La contradicción presidencial consiste en que en este caso la consulta a la corte interamericana tendría carácter vinculante sobre el fuero interno judicial. El representante del Per ante la Organización de Estados Americanos (OEA), Juan Jiménez Mayor, ha señalado que ya tiene todo listo para presentar la consulta ante la corte. Sin embargo, el ministro de Justicia, Daniel Figallo, aclaró que su Cartera no está trabajando en este momento la posibilidad de hacer el tramite. ‘Todo lo que pueda decir Ollanta Humala no tiene relevancia porque el poder real que gobierna al Per ya se expresó en la entrevista de la primera dama en la revista ‘Cosas’.’ Cuestiona el liderazgo del presidente. Mauricio Mulder Congresista del Apra Juan Carlos Eguren Legislador del PPC ‘Ha quedado claro que Nadine Heredia, como presidenta del nacionalismo, apoyará a Villarán en las elecciones de octubre. Mucho cuidado con los recursos municipales y del Estado’. En torno al posible respaldo a Susana Villarán. Patricia Juárez Dirigente de Solidaridad ‘Señor presidente, tendría la misma opinión si le colocaran una antena de celulares frente a su casa?’","elcomercio","02/06/2014"
"Es imposible reformar la justicia?","A la luz de la experiencia de los ltimos 25 aos, Luis Psara afirma que ha sido imposible reformar la justicia y explica por qu. Con la lgica implacable que lo caracteriza y un espritu crtico extrao en el medio, concluye que los resultados de las reformas emprendidas son cuando menos magros. As lo sostiene en Una reforma improbable. Reconoce avances, sin duda, en justicia constitucional, por ejemplo. Tambin en independencia judicial, gracias a que se sac el nombramiento de jueces y fiscales de manos de los politicos, aunque su influencia en la judicatura no ha desaparecido, como bien lo constatamos cotidianamente.","elcomercio","02/06/2014"
"La PNP cree que serbio fue secuestrado por narcos","Agentes antisecuestros sospechan que el ciudadano serbio Marko Mitic, quien desapareci hace 48 das en San Miguel, est en manos de una banda extranjera de narcos con colombianos insertados en el pas. Hasta ahora, las pesquisas han permitido a los detectives detener a Rafael Zegarra Sangama Aquiles, con quien Mitic se haba reunido en el da que desapareci. La polica tambin ha arrestado a los colombianos Carlos Daz Malla y Jos Snchez Velasco, quienes seran parte de la banda que tiene a Mitic, ex convicto por trafico de drogas. Das atrs, su novia, Liliana Huachaca, y su hermano Ivn recibieron una foto en que el serbio apareca encaonado y muy bajo de peso. Los plagiarios, incluso, exigieron a Ivn Mitic que viaje de Serbia a Holanda para llamrselo all de telefonos encriptados y exigirle dinero por la libertad de su hermano.","elcomercio","02/06/2014"
"Este jueves se cerrarn 10 cuadras de la Av. Arequipa","Las primeras diez cuadras de la avenida Arequipa, en el sentido de sur a norte, sern cerradas al trnsito vehicular este jueves, entre las 8 p.m. y medianoche. En ese tramo se llevar a cabo la septima edicin de la Noche Verde, actividad organizada por la Municipalidad de Lima con el propsito de promover el deporte en un espacio libre de vehculos. Durante esas horas, los autos seran desviados a las avenidas Alejandro Tirado y Petit Thouars, con direccin al norte. La Polica de Trnsito y los inspectores de la Gerencia de Transporte Urbano de Lima (GTU) orientaran a los conductores. Las personas que asistan al evento podrn disfrutar de un atractivo espectculo de acrobacias de Circo Clown y de talleres de manualidades. Tambin habr exhibiciones de patinaje y skateboard.","elcomercio","02/06/2014"
"Dirandro asegura que acabar este ao con las narcopistas en Pasco y Huancavelica","El analista Rubn Vargas cree que destruccin de pistas es un paliativo y que se necesita interdictar avionetas para terminar este trfico. En los ltimos aos, en el valle de Pichis Palcaz, ubicado en las selvas de Pasco y Huancavelica, estaban la mayora de narcopistas donde aterrizaban las avionetas bolivianas para llevarse hasta 300 kilos de droga por vuelo. El problema an no se soluciona. El coronel Vctor Zanabria, jefe de la Divisin de Operaciones Especiales Antidrogas del Frente Huallaga, cont a El Comercio que en este momento solo hay dos pistas operativas que no pudieron ser destruidas porque estaban en lugares muy lejanos y su eliminacin se ha postergado. Zanabria coment que para este ao hay una meta optimista: El objetivo es que ninguna de estas vas est habilitada para el despegue y aterrizaje de avionetas con droga a fines de ao. El coronel agreg, sin embargo, que es muy probable que los narcotraficantes reconstruyan algunas de estas pistas destruidas. De acuerdo con informacin policial, estas pistas demoran cinco das en ser reconstruidas. Si demoran ms, se opta por habilitar una nueva. En el 2013, se destruyeron 77 pistas [en Pichis Palcaz]. En ese entonces, estas se ubicaban cerca de los ros, lo que hacaa fcil el traslado de los policas. Pero cada vez estn en zonas ms alejadas, agreg Zanabria. Tarea insuficiente. Entonces, la solucin al trfico areo de droga no radica en la destruccin de pistas. El viceministro de Defensa, Ivn Vega, declar el ao pasado que esta es una medida paliativa y que el plan fuerte de este gobierno era la interdiccin area. Esta tarea consiste en el derribo de avionetas que entran ilegalmente al cielo peruano. Una ley ampara la interdiccin area, la cual se realiz desde 1995 hasta el 2001, ao en que se derrib por error una avioneta con misioneros estadounidenses. Entonces, se acord con Estados Unidos, que cooperaba con esta interdiccin, que se suspendera esta accin. Para el analista en temas de narcotrﬁco Rubn Vargas, el problema de trfico areo sobrepasa las capacidades de la Polica Antidrogas. l cree que es necesario enfrentarlo nuevamente con la interdiccin. La Fuerza Area no cumple su responsabilidad en esta lucha. Nuestro espacio areo es vulnerado y la institucin sigue callada, dice. Mientras tanto, las pistas se siguen esparciendo por el pas, sobre todo en otro valle ms riesgoso, el de los ros Apurmac, Ene y Mantaro (Vraem).","elcomercio","02/06/2014"
"La fiscalía investiga a esposo por muerte de Edita Guerrero","Una golpiza habra propiciado el aneurisma que mat a la cantante de Corazn Serrano. Piura. El Ministerio Pblico investiga la muerte de la cantante Edita Guerrero Neyra, la recordada vocalista de la agrupacin Corazn Serrano. Segn informacin que maneja la Segunda Fiscala Provincial Penal Corporativa de Piura, la artista perdi la vida por un aneurisma cerebral, presuntamente desencadenado por una golpiza que le habra propinado su esposo, Paul Olrtiga Contreras. La polica inform a este Diario que, en abril pasado, la Divincri de Piura recibi una acusacin anbnima contra Olrtiga, por causar lesiones graves a la cantante fallecida el 2 de marzo. En base a esto, la polica recoji testimonios y documentacin que incriminan al viudo. El expediente del caso fue entregado a la fiscal. Segn la polica, el jueves 20 de febrero, Edita supuestamente haba discutido con su esposo, despus de que lo encontrara con otra mujer en el automvil Kia de placa A7A-528. En estas circunstancias, l la habra golpeado varias veces en la cabeza. El 22 de febrero, despus de sufrir mareos, vmitos, dolores de cabeza y prdida de la conciencia, Edita fue internada de emergencia en el hospital Cayetano Heredia de Piura, a la 1:48 a.m. Sin embargo, antes de que le hicieran una tomografa, la cantante fue trasladada a la clnica Beln, donde falleci, tras ocho das de agona. El director del hospital Cayetano Heredia, Ricardo Castro Ramrez, inform a un medio nacional que la cantante ingres en silla de ruedas con hematomas en el cuero cabelludo, la cara, el cuello y las extremidades, segn consta en su historia clnica. A peticin de los familiares, la joven fue llevada a la clnica. Fue un alta voluntaria, dijo el mdico. Cabe precisar que los restos de la cantante fueron sepultados sin haberles practicado la autopsia. Por este motivo, la fiscal pedira su exhumacin. Relacin rota. Personas allegadas a la pareja aseguraron que la cantante se llevaba mal con su esposo. La vea llorando todos los das. l no la valoraba, dijo ayer a Reporte semanal Mery Garc;a, ex empleada de Edita. Adems, ayer declar al programa Nunca ms un hombre identificado como Jack Solrzano, quien dijo haber tenido una relacin amorosa con Edita. Incluso, este sujeto se disputa la propiedad de un vehculo con el viudo. Comisario que fue a trabajar borracho no ser destituido. Chiclayo. El jefe de la Regin Policial Nororiente, general PNP Cluber Aliaga Ldtmann, inform que el oficial que fue a trabajar en estado de ebriedad ser sancionado, aunque continuar al mando de la comisara del Norte, una de las ms importantes de Chiclayo. El ltimo jueves, el personal de la mayor parte de comisaras de Chiclayo acudi a una discoteca, con la finalidad de reunir fondos para el comit de damas de la PNP. El jefe policial admiti que l tambin estuvo en esa fiesta. A las 2 a.m. me retir con mi esposa, porque la ceremonia haba concluido, dijo. Sin embargo, el mayor PNP Csar Espadn Gamarra, titular de la comisara del Norte, se emborrach y despus fue a trabajar. Al parecer, el mayor tom unas copas de ms. Se trat de un error por el que ser sancionado, dijo Aliaga Ldtmann. Al terminar la fiesta, Espadn fue a un club a seguir libando. En este lugar, a las 4 a.m., habra causado un escndalo. Una hora despus, el oficial lleg a la comisara y empez a darles rdenes a sus subalternos. Esto molest al personal policial, que esper que el comisario se durmiera para fotografiarlo y dar aviso a inspectora.","elcomercio","02/06/2014"
"Declaran vulnerabilidad extrema en ocho complejos arqueolgicos del norte del pas","Chan Chan, Narihual, Pakatnam, entre otros, tienen escasa proteccin ante lluvias, invasiones y huaqueros. El Ministerio de Cultura inspeccion recientemente cincuenta de los casi cinco mil sitios arqueolgicos del norte del pas y hall un resultado preocupante: ocho importantes complejos ubicados entre Tumbes y Ancash fueron declarados en vulnerabilidad extrema. El informe lo elaboraron especialistas encabezados por el arquelogo y restaurador Ricardo Morales. El estudio concluye que el mayor grado de vulnerabilidad se da en Narihual, en el distrito de Catacaos (Piura), un complejo arquitectnico de uso religioso y administrativo construido por la cultura Lambayeque.","elcomercio","02/06/2014"
