"headline","content","newspaper","date"
"NA","De gran desempeño no mantendrá necesariamente ese nivel de eficiencia si se le asciende a capitán. Y si como capitán tuviese un desempeño mediocre, ello significará que ha alcanzado su nivel de incompetencia.  Si a un buen gerente de área se le ascende a gerente general, entonces lo más probable es que, como gerente general, sea un mediocre. La gerencia general es su nivel de incompetencia.  Todas las personas tienen un punto límite en su capacidad de seguir progresando y adquiriendo mayor responsabilidad. Si sobrepasan ese punto límite, entonces entran inmediatamente en su nivel de incompetencia.  Con el tiempo –dice Laurence Peter– todo puesto tiende a ser ocupado por un empleado que es incompetente para desempeñarlo. En consecuencia, los que verdaderamente trabajan son los empleados que aún no han alcanzado todavía su nivel de incompetencia.  El Principio de Peter es muy cierto y hasta me atrevería a decir que es indiscutible. Todos tenemos, efectivamente, un nivel de incompetencia, porque todos tenemos limitaciones o una función de inferioridad, como decía Erich Neumann. Tenemos minusvalías, centros de menor resistencia, lados flacos. Todos, en mayor o menor medida, cojeamos, es decir, adolecemos de algún vicio o defecto.  Lo malo no es tener limitaciones o minusvalías; no, eso es lo normal; lo malo es no saber, o lo que es peor, no querer saber que las tenemos. La gente plenamente consciente de sus carencias se mantendrá por eso dentro de su jurisdicción y competencia. No alcanzará, por tanto, su nivel de incompetencia. No lo alcanzará porque es consciente, o sea que siente, piensa, quiere y obra con conocimiento de lo que hace. Desgraciadamente, las personas conscientes no abundan y de ahí que la incompetencia reine soberana en el planeta Tierra.","elcomercio","21/10/2013"
"Agresión a Leonarda Dibrani tras su expulsión de Francia","La adolescente gitana expulsada de Francia hacia Kosovo, Leonarda Dibrani, fue agredida ayer por unos desconocidos, según informó la policía local.  Los Dibrani se paseaban por Mitrovica con sus hijos cuando fueron agredidos por unos desconocidos, dijo una fuente policial que pidió el anonimato.  La madre de Leonarda [Xhemaili, de 41 años] recibió una bofetada y fue hospitalizada y los niños, que quedaron traumatizados, se encuentran en una comisaría de la policía, añadió la misma fuente.  El padre de la familia, Resat Dibrani, de 47, se encuentra en el hospital de Kosovska Mitrovica con su esposa. Esto demuestra que los Dibrani no están seguros aquí, dijo la fuente.","elcomercio","21/10/2013"
"Blindar a Toledo será un grave error del gobierno","Blindar a Toledo para proteger a la canciller será un grave error del gobierno.  El costo de un alfil  La encuesta nacional urbana El Comercio-Ipsos que publicamos ayer sigue confirmando la tendencia al descenso de la popularidad del presidente Ollanta Humala. En esta oportunidad, esta llegó a su punto más bajo desde que inició su gobierno, al conseguir tan solo un 26% de aprobación, un punto menos que en setiembre. Esta situación se revela aún más complicada cuando se advierte que, además, el gobierno solo tiene un magro 19% de aprobación y el primer ministro un preocupante 13%.   Esta caída, por supuesto, no solo debería preocupar al señor Humala, sino también a todos nosotros. Después de todo, una baja popularidad presidencial supone riesgos de gobernabilidad y dificultades para impulsar cualquier reforma o proyecto que pueda beneficiar al país. Ahora, si algo podría aumentar la velocidad de la mencionada caída, sería que se empiece a ver al gobierno como uno que aplaca la corrupción. En el caso del Congreso, por ejemplo, este último defecto (como bien apuntó ayer Alfredo Torres) explica que su aprobación está por el suelo: solo el 9% de los encuestados aprueba su trabajo y el 88% no se siente representado por esta institución. Y, para el caso del señor Humala, una imagen similar podría quedar grabada en la retina de la ciudadana si ella advierte que el oficialismo ha decidido proteger por conveniencia política al ex presidente Alejandro Toledo de las acusaciones que hoy enfrenta.  Reflexionemos por un momento sobre la siguiente sucesión de eventos. En la primera escena, después de varias idas y venidas, el señor Toledo termina enredado en sus propias mentiras y contradicciones y es incapaz de explicar múltiples sospechosas operaciones inmobiliarias. Todo apunta a que no le será posible explicar sus enredos financieros y a que su situación legal solo se complicará más. A los ojos del público, quien alguna vez jugó el papel de defensor de la democracia ahora juega el papel del típico político que solo esperó el momento correcto para aprovecharse de ella. No es casual que el 82% del Perú, como demostró la encuesta publicada ayer, desapruebe su conducta.  En la segunda escena, el señor Humala viaja sin permiso del Congreso a Francia. Cuando se advierte la situación, el gobierno es incapaz de brindar una explicación satisfactoria para esta infracción. Según un importante porcentaje de la población, el motivo para este actuar sería falta de transparencia: el presidente quería que el viaje fuera secreto. El escándalo llega al punto en el que se evalúa la censura de la ministra de Relaciones Exteriores y 40% de los ciudadanos considera que debería dejar el cargo (33% opina lo contrario y 27% no precisa su opinión).  Ahora imaginemos que en la tercera escena el gobierno salva a su canciller gracias a la protección de Perú Posible, como parece que sucedería hoy. Y supongamos además que en la cuarta escena el oficialismo, en agradecimiento, blindara al señor Toledo contra las acusaciones de corrupción que enfrenta (en la política, a fin de cuentas, todo favor se cobra).  En comparación con esta historia, la denominada repartija que tan gravemente afectó la imagen del Congreso hace unos meses sería una travesura de niños. No solo se trataría de un pacto evidentemente inmoral. Además, su impacto en la popularidad del presidente (y en sus posibilidades de acción en lo que queda de su mandato) podría ser funesto.  Así, Gana Perú debería ser muy consciente de que lo que se encuentra en juego hoy en el pleno del Congreso podría ser mucho más que la cabeza de la canciller. Y eso lo debería llevar a reconsiderar cualquier eventual arreglo bajo la mesa para protegerla. Si intercambia con Perú Posible un blindaje por otro, pondrá en entredicho la ética por la que se rige el gobierno y se arriesga a perder el apoyo de buena parte de los peruanos que aún aprueban la gestión del presidente. Así, por tratar de salvar a uno de sus aliados, el oficialismo podría cometer la torpeza de terminar poniendo en peligro a su rey.","elcomercio","21/10/2013"
"¿Cómo gobernar?","Con acierto y en titular de primera página del sábado pasado, este Diario informa: El Gobierno no sabe cómo parar caza de delfines. Por ello se siguen asesinando centenares de delfines, mientras los ministerios no disponen de mecanismos jurídicos para detener la matanza.  Verdadero y bien contando. Pero no es caso único. El Gobierno no sabe cómo controlar las hordas de delincuentes que defienden los mercados, las agresiones a la policía, los asesinatos y los heridos.  Tampoco el Poder Judicial sabe cómo juzgarlos y condenar a los culpables, de modo que el resultado es una magna impunidad.  El Gobierno aún no sabe administrar los desayunos gratuitos que ofrece a los escolares menos protegidos contra bacterias, de lo que resultan centenares de niños intoxicados. Un gobierno que mucho menos sabe cómo impedir que presidentes regionales, autoproclamados caciques, estrangulen la minería y sepulten casi US$4.000 millones de inversión en unas lagunitas ácidas e inservibles, con la bendición de un ex sacerdote que ha fundado un partido rojo, perfecto para sembrar demagogia, desconcierto y caos.  Un gobierno cuya primera dama aún no sabe que no tiene cargo ni encargo, porque la Constitución no le otorga facultades, poderes, responsabilidades y que su papel es social y no político.  En fin, un gobierno que no sabe gobernar?","elcomercio","21/10/2013"
"Persistencia democrática y económica","El Perú crece, reduce la pobreza y la desigualdad, pero también continúa empantanado en la mediocridad política. Economía exitosa y política desastrosa es el lugar común de los análisis. Sin embargo, hasta hoy los sociólogos no ensayan una explicación sobre cómo avanzamos hacia el cuarto proceso electoral ininterrumpido y tres décadas de economía de mercado, desafiando todas las teorías y tratados políticos. ¿No era que no había democracia sin partidos? ¿No era que el mundo emergente era una fuerza pragmática que se matrimoniaría con autoritarismos de cualquier apellido?  ¿Cómo explicamos, entonces, nuestra continuidad democrática y económica? Por el papel de las élites –que han fracasado en todo– o por el mundo popular? En Venezuela, Ecuador y Bolivia también hubo ajustes y se canceló el Estado populista, pero se produjo el contragolpe estatista. En esos países, el desplome de los sistemas de partidos desencadenó proyectos bolivarianos. ¿Por qué eso no ocurrió aquí? En el Perú y Argentina hubo estatismo exacerbado (peronismo y velasquismo) y hoy la nación gaucha se empantaña con estatizaciones y controles de precios y nuestro país prospera y sorprende al mundo.  Una hipótesis válida para explicar nuestra persistencia democrática y económica es que tenemos un mundo popular radicalmente diferente al de cualquier país latinoamericano: una increíble red de mercados populares, esquemas de competencia y cooperación que parecen simulaciones teóricas de Von Hayek, y una identidad antiestatal que a algunos aterra, y a otros reconforta, porque es la antesala de un nuevo contrato social, de la tan ansiosa reforma del Estado.  Nadie niega el papel de los gobiernos de las últimas décadas ni el aporte de las tecnocracias a la vigencia del modelo, pero esas contribuciones valdrían sin el nuevo sujeto social emergente? Hace tiempo que la historia no se explica por enviados de los dioses. ¿O sí?","elcomercio","21/10/2013"
"TCNICA","Una parte de la oposicin le atribuye responsabilidad poltica a la canciller Rivas en el viaje que hizo Humala —luego de su cita de APEC— a Pars para reunirse con el presidente de Francia, Franois Hollande.","elcomercio","21/10/2013"
"LA OBVIA INTERPELACIN I","No es normal que sepamos qu pas?  —Hasta ahora no sabemos cmo la cancillera manej la agenda presidencial en la llamada escala tcnicade Pars o si no tuvo oportunidad de manejarla porque el presidente Ollanta Humala actu por su cuenta, en vista de que l es quien dirige la poltica exterior.","elcomercio","21/10/2013"
"LA OBVIA INTERPELACIN II","No es normal que haya responsables?  —Ni a Humala ni a Rivas debiera molestarles que la oposicin demande responsabilidades con respecto a un viaje presidencial cuyas transgresiones no se borran con un pedido de disculpas solo para ganar los votos de un aliado como Toledo.","elcomercio","21/10/2013"
"LEA MAANA EN POLITICA","Obvio, seor presidente:  usted y nadie ms que usted, y segn la Constitucin, dirige la poltica exterior y las relaciones internacionales, as como celebra y ratifica los tratados. Es ms: puede viajar a donde quiera. Ninguna de estas atribuciones est en discusin. Pero es tambin obvio, señor presidente, que de acuerdo a nuestro ordenamiento democrático, el poder del Estado emana del pueblo. Quienes lo ejercen lo hacen con las limitaciones y responsabilidades que la Constitución y las leyes establecen (artículo 45 de la Carta Política vigente).  Queda claro que el mandato presidencial, que no viene por cuenta propia sino de elecciones libres y democráticas, tiene limitaciones constitucionales y legales propias del balance y control de poderes. Y entre ellas está la obligación de que toda salida del presidente fuera del país debe pasar por la aprobación del Congreso. Algo más: el Congreso debe tomar conocimiento del motivo y destino del viaje y de cualquier alteración que hubiera al respecto.  Es normal entonces que ante una sorpresiva variación de destino del presidente (su súbito abandono de la reunión de jefes de Estado de APEC en Indonesia para asistir en Pars al encuentro con su homólogo francés), la oposición parlamentaria no solo reclame las satisfacciones pertinentes por no haberse reportado el cambio al Congreso, sino exija las debidas responsabilidades políticas en la persona de la canciller Eda Rivas.  No es poca cosa haber expuesto al Estado Peruano a la bochornosa impresión del presidente Hollande de haber recibido en su palacio a su par peruano, Ollanta Humala, elaborado con él una reunión formal de trabajo y administrado una agenda hecha pública para Francia, pero desconocida para el Perú, al punto que hasta hoy no sabemos de qué realmente trataron ambos mandatarios.  Los peruanos que queremos seguir viviendo en democracia somos conscientes de las atribuciones presidenciales, pero también de sus obligaciones frente a la Constitución y las leyes y frente a los mecanismos de control que ejercen los otros poderes del Estado, como el Congreso y el Poder Judicial.  Una limitación importante en el ejercicio del poder es aquella que establece que son nulos los actos del presidente que carecen de refrendación ministerial.  Finalmente, lo obvio es que el presidente mande. Lo obvio es, además, que sepa hasta dónde y cómo.","elcomercio","21/10/2013"
"CONGRESO PAGA A TOLEDO 300 GALONES DE GASOLINA AL MES Y AUTO DE LUJO","Panorama revela que el Parlamento le asign al ex presidente un Kia Optima y cerca de S/.122 mil en combustible.  El programa Panorama de Canal 5 revel anoche que el 22 de agosto del 2013 el Congreso acord, según la ley, entregar al ex presidente de la República Alejandro Toledo Manrique un auto Kia Optima, versión de lujo, de placa EGG-889, valorado aproximadamente en US$33 mil.  Lo cuestionable es que el ex presidente no vive en el Perú, y a pesar de ello el Parlamento además le asigna mensualmente 300 galones de gasolina de 97 octanos, lo cual, según documentos mostrados por Panorama, representaron hasta agosto un desembolso de 122 mil nuevos soles.  El informe periodístico destaca el hecho de que las veces que el líder de Perú Posible ha estado en Lima, no ha usado el auto Kia sino una camioneta Toyota de color negro, de placa C4N-106. Esta se encuentra inscrita a nombre de la empresa Atlantic Rousse, propiedad de la familia de Silvia Barrera Velásquez, la alcaldesa peruposibilista de Villa María del Triunfo.  La burgomaestre, además, fundó en Panam, en el 2007, una empresa off shore llamada Corporación Brisas. Yo, como empresaria, tengo el derecho de formar varias empresas, he formado [compañías] y nunca he realizado otras actividades, declar.  Asistentes  El programa televisivo revela además que el Congreso también paga el sueldo de tres asistentes del ex mandatario. Uno de ellos, Carlos Zegarra, ha recibido 158 mil soles en lo que va del año. Según Panorama, Zegarra ha acompañado a Toledo Manrique a visitar la casa de Las Casuarinas y la oficina de la Torre Omega, que adquirió la empresa Ecoteva Consulting Group.  La Fiscalía de la Nación sospecha que el ex presidente Toledo tiene vínculos con esta empresa fundada en Costa Rica.  El Per pacta con Rusia para reparar helicópteros MI-17  El Ministerio de Defensa, mediante un decreto supremo, declara de interés nacional la reparación de helicópteros rusos MI-17 de la Fuerza Aérea del Per. La reparación se hará bajo la modalidad de gobierno a gobierno (el Per y Rusia).  El decreto, firmado por el presidente Ollanta Humala y el ministro de Defensa, Pedro Cateriano, señala que esta contratación se sustenta en un estudio de mercado y en los informes técnico-económicos y de presupuesto realizados para ese fin.  Esos documentos, según la disposición, veriﬁcan las ventajas comparables para el Estado Peruano de contratar directamente con otro Estado y garantizan el financiamiento necesario para efectuar esa reparación.  Habiéndose cumplido las exigencias de la normativa vigente, resulta necesario emitir el acto que declare de interés nacional la presente contratación en el mercado extranjero y que permita su formalización bajo la modalidad de gobierno a gobierno, precisa el mencionado decreto.  Visita  La norma se divulga días después de la visita oficial que realizó el martes a Lima el ministro de Defensa de Rusia, Sergui Shoig, quien se reunió con su homólogo peruano, Pedro Cateriano, y con el presidente Ollanta Humala.","elcomercio","21/10/2013"
"ENTREVISTA","Carmen Omonte  Primera vicepresidenta del Congreso  Quien quiera integrar la Mesa Directiva debe saber que no tendr golleras  La congresista de Per Posible está segura de que vienen vientos de renovación administrativa en el Congreso. Admite que hay sobrevalorización en compras del Congreso. Dice que no hay blindaje al oficialismo, lo demuestran sus votaciones.  DANTE PIAGGIO  CRÍTICA. Carmen Omonte afirma que existe irresponsabilidad e ineficiencia en los órganos de control del Congreso de la República.  Normalmente presionaba el oficialismo, estamos viendo que esto no suceda más.","elcomercio","21/10/2013"
"Por qué no ocurrió el contragolpe estatista en Perú y Argentina?","En Venezuela, Ecuador y Bolivia también hubo ajustes y se canceló el Estado populista, pero se produjo el contragolpe estatista. En esos países, el desplome de los sistemas de partidos desencadenó proyectos bolivarianos. ¿Por qué eso no sucedió aquí? En el Perú y Argentina hubo estatismo exacerbado (peronismo y velasquismo) y hoy la nación gaucha se empantana con estatizaciones y controles de precios y nuestro país prospera y sorprende al mundo.  Una hipótesis válida para explicar nuestra persistencia democrática y económica es que tenemos un mundo popular radicalmente diferente al de cualquier país latinoamericano: una increíble red de mercados populares, esquemas de competencia y cooperación que parecen simulaciones teóricas de Von Hayek, y una identidad antiestatal que a algunos aterra, y a otros reconforta, porque es la antesala de un nuevo contrato social, de la tan ansiosa reforma del Estado.  Nadie niega el papel de los gobiernos de las últimas décadas ni el aporte de las tecnocracias a la vigencia del modelo, pero esas contribuciones valdrían sin el nuevo sujeto social emergente? Hace tiempo que la historia no se explica por enviados de los dioses. ¿O sí?  El principal problema del país es que ese mundo emergente no está representado en el espacio público. En política, por ejemplo, el capitalismo radical y antiestatista de los empresarios populares, a veces, los impulsa a votar con los nacionalismos y radicalismos. En realidad, ellos no votan con la izquierda sino contra el Estado. En los debates nacionales solemos hablar de competitividad: flexibilidad laboral, reforma meritocrática del Estado y menos impuestos para todos para atraer más inversión y liberar las fuerzas del mercado. Estas propuestas son banderas de los sectores populares. Sin embargo, como el mundo emergente no está representado, las aristocracias sindicales y las minorías radicalizadas bloquean las reformas.  Por ejemplo, las redes populares no existirían sin la meritocracia: empresario o trabajador que yerra gravemente sale del mercado o pierde su trabajo. En los “contratos” en los sectores emergentes “los contactos y relaciones” no tienen el valor que se otorga en el espacio público y los sindicatos.  En el Perú del siglo XX, conservadores, liberales, socialistas y nacionalistas siempre han discutido sobre democracia, mercado, bolchevismos, nacionalismos y estatismos. Pero todo parece indicar que el debate sobre las nuevas clases medias y el mundo popular que se avecina afectará radicalmente los alineamientos. El Perú que alcanzará el desarrollo, consolidará su democracia e impulsará su competitividad es el Perú que superará los abismos insondables entre un país formal y otro informal. No hay otra.","elcomercio","21/10/2013"
"LA VIDA ES LA FARSA QUE TODOS DEBEMOS REPRESENTAR","Arthur Rimbaud (1854-1891), poeta francés  EL DETERIORO DEL MEDIO AMBIENTE  La deuda que siempre se paga  RINCÓN DEL AUTOR  Opiniones  La naturaleza nos da de comer, nos dona plantas que nos permiten alimentarnos y vestirnos, nos entrega minerales con los cuales fabricar los instrumentos que necesitamos, nos induce a pensar en el infinito cuando vemos hacia arriba, ahí donde no llega nuestra vista. Sin ella no podríamos existir, porque es ella quien nos ha dado la vida a cada uno de nosotros: somos un producto de la naturaleza.  Esta coexistencia con la naturaleza genera graves obligaciones que tenemos para con ese medio ambiente en el que vivimos. Sin embargo, con el desarrollo tecnológico y el aumento de la población mundial, esa explotación de la naturaleza por el hombre puso en riesgo a la naturaleza y, consecuentemente, a la existencia humana. Como suele suceder siempre, el hombre se resiste a aceptar todo aquello que lo limite, que lo condicione, que no le permita una expansión libre y desordenada. Y, frente a los llamados de atención del peligro que se avecina, hay muchos que responden: “¡No nos aten las manos para llevar el país adelante, aduciendo la defensa de los pájaros de colores o de los peces ornamentales!”  En las últimas décadas, la gente ha comenzado a comprender que si le demuestran que algo causa daño al medio ambiente, quiere decir que hay un riesgo real para la vida humana y, consecuentemente, se deben adoptar algunas medidas; porque, en el fondo, ese daño a la naturaleza es un daño que nos hacemos a nosotros mismos.  Es verdad que no hay que endiosar la naturaleza como un ente que inventó a los hombres y que tiene como misión ayudarlos. En realidad, no siempre es benéfica para el ser humano y puede ser muy cruel. A veces produce catástrofes espantosas, erupciones volcánicas que matan a miles de personas, terremotos en los que muere mucha gente, tenemos siempre el riesgo de un meteorito que acabe con la vida humana en la Tierra, etc. También podríamos decir por este motivo que es cruel, porque nuevamente caeríamos en la personificación de lo que no es una persona. Simplemente, la naturaleza es un sistema, con reglas propias, fuera del cual el ser humano no puede vivir porque es parte de la naturaleza y se encuentra condicionado por los beneficios que obtiene de ella y por las catástrofes que ocurren en el sistema.  A pesar de las resistencias y las inercias, la conciencia de que es necesario vivir en un medio ambiente limpio y saludable parece imponerse paulatinamente. Es vital comprender que la ecología, la conservación de las especies naturales, no es una preocupación romántica por la naturaleza sino una condición de vida. Si no aceptamos que el mundo es un sistema donde cada parte juega su rol para que el todo funcione, podemos encontrarnos que el proceso de creación del hombre a través de una evolución natural se convierta en una degradación paulatina porque, a pesar de los desarrollos tecnológicos, no podrá sobrevivir a las irregularidades del sistema que son producto inconsciente e irresponsable del propio ser humano.","elcomercio","21/10/2013"
"Los Generales de Brigada de la Promoción del Presidente Humala","Ilustración: Víctor Aguilar Ra  Institucionalidad militar y desarrollo  Llegan noticias de que la promoción 1984 Héroes de Pucar y Marcavalle de la Escuela Militar de Chorrillos tendrá 21 generales de brigada. Es decir, el 11% de sus miembros alcanzará este grado. Esto es un récord, pues en el ejército el promedio de generales de brigada por promoción es de aproximadamente 5%. Este grupo ha alcanzado más del doble de generales de brigada en términos porcentuales. La noticia no pasaría de ser una curiosidad o una feliz coincidencia de tener concentrada en una promoción tanta materia gris si no fuera porque nos enteramos de que esta es precisamente la promoción del presidente Humala. Y ahí hay un problema. El problema tiene que ver con el tipo de Estado que queremos y cómo se llega a los altos puestos en este Estado. El Perú en lo que concierne a cómo se llega a la cúspide de la pirámide tiene las características de un Estado precapitalista. Y esto no rige solo para los militares, sino para todo el Estado. Ayuda mucho para llegar arriba ser pariente, paisano, amigo del colegio, promoción de tal o cual curso, compañero de universidad, amigo de la familia o amigo del pariente. Esto quiere decir que se prioriza la lealtad que supuestamente da la cercanía a la capacidad que da una vida de estudio y desarrollo profesional, y esto es un obstáculo para el desarrollo por varias razones.  La primera es que no incentiva el profesionalismo, sino la búsqueda de contactos. Para qué ser un buen profesional si basta con tener el contacto adecuado? La segunda es que este sistema no promueve que asciendan los mejores. La tercera es que se debilitan las instituciones al no haber reglas claras y llegar arriba por conexiones.  En 1990 apareció un libro fundamental para entender que las instituciones están íntimamente ligadas al desarrollo, el de Douglas North: Institutions, Institutional Change and Economic Performance. En él se pone en evidencia el fracaso de las políticas de ajuste estructural impulsadas en las décadas de 1980 y 1990, y la constatación de que la falta de instituciones es un obstáculo mayor al desarrollo.  Las instituciones son, según North, las reglas de juego que determinan las restricciones y los incentivos en las interacciones económicas, políticas y sociales de las personas. Y son estas reglas de juego, las cuales hacen el mundo predecible, lo que nos está faltando, sobre todo en el campo político y social. Lo que estamos haciendo es una mala práctica, es un remanente de la sociedad precapitalista y no podemos esperar ser un Estado desarrollado siguiendo estas malas prácticas. El problema es que un Estado con prácticas precapitalistas no podrá tener un ejército moderno, porque los ejércitos son un espejo de los Estados que los constituyen. Y sin un ejército moderno no podremos enfrentar adecuadamente los problemas internos ni los externos.  No fue precisamente eso lo que nos pasó en 1879? No hagamos que la frase del historiador chileno Vicuña Mackenna en el Perú la carrera militar es más un azar que una carrera siga siendo cierta hasta hoy.","elcomercio","21/10/2013"
"¿Estamos mejor o peor que hace una década?","Comparto algunas opiniones sobre temas del momento.  En cuanto a la desigualdad económica, no sabemos si estamos mejor o peor que hace una década. La estadística deja un margen de error grande. Ciertamente, hay indicios sugerentes.  Según las encuestas nacionales de hogares (ENAHo), del Instituto Nacional de Estadística e Informática (INEI), la mejora en el nivel de vida ha sido mayor para las familias más pobres que para los de nivel medio o alto –inusualmente– ha favorecido más al poblador rural que al urbano. Sin embargo, es probable que los entrevistados –tanto los ricos como los pobres– escondan parte de sus ingresos, más aún en un país altamente informal.  Además, las encuestas no captan adecuadamente los ingresos empresariales y rentistas, ni de ricos ni de pobres. En los barrios más pudientes de Lima, las familias se niegan en una alta proporción a siquiera abrir sus puertas a los entrevistadores. También es iluso creer en la honestidad total del campesino, quien siempre ha vivido indefenso ante explotadores de toda índole, y expuesto a la envidia de sus vecinos. Un indicio de esa subestimación es que el 40% de los pobres extremos admite tener un teléfono celular.  Sugiero mandar al tacho dos conceptos que han saltado a la fama recientemente: clase media y pobreza no monetaria. En ambos casos, los términos se han aplicado más como instrumentos retóricos que de análisis técnico.  Clase media es un concepto de larga data que no solo denota un cierto nivel de ingreso monetario sino incluye además un conjunto de connotaciones culturales y políticas referidas a los valores, nivel de educación, estilo de vida y menor vulnerabilidad económica. Por algo se usa la palabra clase. Usar el término como sinónimo de un rango monetario es cambiar el sentido usual de la frase, y confundir al oyente. De igual manera, hablar de pobreza no monetaria, para así llamar la atención a los déficits sociales de nutrición, educación, agua potable y otras necesidades, confunde la precisión y la utilidad del término pobreza, concepto que ha sido importante para lograr la focalización del esfuerzo social.  La primera necesidad humana es no morir de hambre, y para eso debe alimentarse diariamente. El concepto de pobreza extrema se refiere a esa necesidad mínima y primordial.  Cabe recordar que su uso es reciente. Hace veinte años no existía estadística sobre pobreza, ni aparecía el tema diariamente en los medios como sucede hoy. La introducción y medición del concepto contribuyeron sustancialmente a mejorar el reparto de los servicios sociales, y para justificar la expansión de programas como Juntos y Pensión 65, pero limitándolos a la población de extrema pobreza monetaria.","elcomercio","21/10/2013"
"Profesores y escolares hablan","Carmen Daz Bazo en su ponencia La participación en los Consejos Educativos Institucionales (Conei) de las escuelas públicas. Una investigación llevada a cabo con su colega Betty Alfaro y dos alumnos de la PUCP.  Ellos analizaron el funcionamiento de los Conei en seis escuelas públicas del distrito de Puente Piedra. Y esta es una conclusión a tener en cuenta: ‘A sus miembros se les informa sobre las funciones que ejercen pero no sus capacidades y competencias para establecer diálogos o resolver conflictos’. De esta forma se hace difícil la representación de los padres y dirigentes en las escuelas.","elcomercio","21/10/2013"
"Transformación en las escuelas","ENRIQUE VSQUEZ Director del Consorcio de Universidades  La Primera Conferencia Anual del Consorcio de Universidades analizó con especial énfasis la problemática de la educación tanto escolar como superior. La mesa ‘La educación: problemas y soluciones’ destacó el papel que juegan las tecnologías de la información y comunicación (TIC) en el proceso de aprendizaje escolar. La escuela ha sufrido una transformación. Los profesores ahora deben apoyarse de Internet, de las herramientas digitales, de documentales, de videos, y no ceñirse exclusivamente al uso de la pizarra.  En el ámbito de la educación superior se destacó que el grado de subempleo de los egresados universitarios, lejos de disminuir, se ha incrementado. Sin embargo, ha crecido el acceso a la educación universitaria, aunque no necesariamente con mejor calidad. También se analizó la minería, pesca, agricultura, urbanismo, alimentación, inclusión social, desarrollo político, relación empresa-Estado, globalización, agua e interculturalidad.  Este evento reunió por primera vez a 46 investigadores de la Pontificia Universidad Católica del Perú, la Universidad Cayetano Heredia, Universidad del Pacífico y Universidad de Lima. Ellos compartieron sus últimas investigaciones científicas en 12 mesas multidisciplinarias que giraron en torno a cómo diagnosticar y resolver los problemas más urgentes del país para asegurar una senda de crecimiento y desarrollo inclusivo en el largo plazo.","elcomercio","21/10/2013"
"Entrevista Javier del Carpio","ESN Director del DPEX de la Universidad ESN  ‘La experiencia los hace especiales’  Las empresas peruanas arrojan una realidad preocupante: muchos empleados no han concluido sus estudios por varios motivos, o algunos no tuvieron la oportunidad de acceder a ellos. Ante esto, las universidades han creado programas que ayudan a estas personas a culminarlos con miras a que avancen en el mundo laboral.  — Los profesionales que terminan sus estudios superiores en corto tiempo reciben la misma educación que los que hacen una carrera en tiempos regulares?  Las empresas requieren personas calificadas, con ciertas habilidades y competencias, y los programas para adultos son diferentes de los regulares para jóvenes. La primera razón es que estos tienen experiencia laboral: es una condición que los hace especiales. También son más prácticos: quieren aprender lo que van a poner en práctica en el corto plazo. Y en los programas regulares para jóvenes, los alumnos no tienen experiencia y necesitan una formación más integral.  — ¿Qué ventajas encuentra en los alumnos con experiencia laboral?  Tienen una manera distinta de entender y contrastar conceptos teóricos con las prácticas en las empresas. Si tienen tres años de experiencia, será más fácil contrastar la teoría con la práctica, porque en sus empresas ven aplicados los casos a diario. Ellos se enfrentan a situaciones reales lo que enriquece el debate en las aulas. Y tienen muchas expectativas en asumir mayores retos. Quieren adquirir conocimientos y competencias que les permitan tener mayores ingresos.  — ¿Cuál porcentaje deja sus estudios truncos?  No tengo una cifra para el Perú, pero para otros países latinoamericanos, el porcentaje va desde 20% a 30%, depende de la edad de las personas. Una persona que empieza algo y no lo termina, eso no habla bien de ella a la hora de postular a un trabajo; además de que está en desventaja por no contar con un grado académico.  — ¿Cuáles son los requisitos para que una persona que dejó los estudios truncos vuelva a la universidad?  En la Dirección de Profesionales con Experiencia (DPEX), los requisitos exigidos son: tener mínimo 23 años de edad, estudios superiores (universidad o instituto) completos o incompletos, y por lo menos tres años de experiencia laboral. En el caso tengan secundaria completa, se le exige cinco años de experiencia laboral.  — Y una vez dentro, el horizonte se abre para ellos...  En el caso del DPEX, se ofrece la posibilidad de obtener un doble grado con una universidad extranjera. Esto brinda al estudiante una gran ventaja competitiva en un mercado global.","elcomercio","21/10/2013"
"Eficiencia y Equidad","Más acceso con menor calidad  El título de la ponencia de Gustavo Yamada, del Departamento Académico de Economía de la Universidad del Pacífico, fue ‘Educación superior y mercado laboral: caminos divergentes?’.  Aunque señaló que podría haberla llamado: ‘Más acceso con menor calidad’.   ‘La educación superior actual no colabora con la competitividad del país’, apuntó Yamada. Y citó el ranking de países según calificación sobre los principales indicadores de calidad en la educación superior del World Economic Forum del 2011: el Perú se ubica en el puesto 124, por debajo de todos los países de la región, salvo Venezuela. En matemáticas y ciencias, llega al puesto 133, al final de la tabla.  ‘Los países que lideran la educación en el mundo encabezan la contribución de esta al desarrollo económico, no es solo un tema de eficiencia sino también de equidad. Es bien difícil aspirar a ser un país desarrollado con este tipo de calidad superior’, agregó.","elcomercio","21/10/2013"
"Prontuario para el 2014","Un millón y medio de textos con errores  Un millón y medio de textos escolares que se usarán en el 2014 (un 50% de los libros del mercado privado) tendrían errores; muchos iguales a los de este año. As lo ha estimado Consultora Educativa: ‘Son libros que no cumplen con los 24 parámetros de calidad que exige el Ministerio de Educación’.","elcomercio","21/10/2013"
"Los medios en la mira","Un debate sobre el rol de la escuela paralela  Hoy se debatirá en el seminario Educomunicación el papel de la escuela paralela, que es como se denomina a los medios de comunicación. ‘Deben orientar mejor sus programaciones; es evidente que sí deben educar y no solo entretener’, dijo el Consejo Nacional de Educación. Informes: 261-9522.","elcomercio","21/10/2013"
"El 67% de los venezolanos cree que la situación del país empeoró con Maduro","Una encuesta publicada ayer también revela que el 22,1% califica la economía de regular a mala, el 28,9% de mala y el 17,3% de muy mala.  Siete de cada diez venezolanos perciben que la situación política en su país es inestable. Además, el 47% responsabiliza a la gestión de Nicolás Maduro por el desabastecimiento de alimentos, según el Instituto de Análisis de Datos.  Juan Francisco Alonso Desde Caracas  Nicolás Maduro cumplió este sábado seis meses como presidente de Venezuela. Aunque él y sus subalternos no dudaron en calificar estos 180 días como una victoria, los ciudadanos no lo ven de la misma manera.  Al menos esta es la conclusión a la que se llega tras revisar los resultados del último sondeo del Instituto Venezolano de Análisis de Datos (IVAD), difundido ayer. La encuesta revela que el 67% de los venezolanos considera que la situación del país empeoró desde que el heredero de Hugo Chávez asumió la jefatura del Estado.  Siete de cada diez entrevistados perciben que la situación política de Venezuela es inestable, frente a apenas dos que la consideran consolidada.  Pero es en el ámbito económico donde el Ejecutivo sale peor parado. A la pregunta de cómo califica la situación económica, el 22,1% de los consultados la tilda de regular hacia mala, el 28,9% de mala y el 17,3% de muy mala, algo que este tipo de estudios no registraba desde el 2003.  Al profundizar en esta área, el IVAD, la encuestadora en la que más confía el Gobierno, se topó con que casi cinco de cada diez ciudadanos (47%) responsabilizan al Ejecutivo por el desabastecimiento de alimentos. En tanto, el 35,4% culpa a la gestión de Maduro por las fallas en el servicio eléctrico y el 40% cree que no podrá resolver el desempleo.  ‘No tengo opinión porque no la he leído’. Esta fue la respuesta que el congresista oficialista Sal Ortega dio cuando se le consultó sobre los resultados de la encuesta. Otros voceros del chavismo prefirieron no hablar hasta ver si el partido abordaba el asunto en su reunión de hoy.  Un dato indito hasta ahora se obtuvo en la pregunta sobre quién es el mayor responsable de la inseguridad: el 48,8% señala al gobierno.  Aunque durante los 14 años que Hugo Chávez estuvo al frente del país el crimen en Venezuela no hizo sino crecer, al pasar el número de homicidios de 4.500 en 1998 a 16.000, las encuestas jamás atribuyeron a él ni a su administración mayoritariamente la culpa de este problema.  Presidenciales  Nicolás Maduro gan a Henrique Capriles las elecciones del 14 de abril por una diferencia de un punto porcentual.  Ap  En problemas. El gobierno de Nicolás Maduro también es señalado por los encuestados como el responsable de la corrupción en el país.  Entrevista  Carlos Raúl Hernández  Polítologo de la Universidad Central de Venezuela  Queda claro que Maduro no es Chávez  Maduro y su gobierno tampoco salen bien parados en lo que a corrupción se refiere. Para el 48,8%, el mandatario es el responsable de los delitos contra el erario público y el 40,8% no cree que pueda solucionarlo.  Por su parte, el ex candidato presidencial opositor Henrique Capriles calificó de reconfortantes los resultados. ‘Nuestra gente ya no se deja robar las esperanzas. Cada vez somos más quienes queremos un país de progreso’, añadi.  Invitó a los ciudadanos a salir masivamente a votar en los comicios locales del 8 de diciembre y demostrar así que ‘esos que ocupan [el palacio de] Miraflores no están ahí porque un pueblo los apoya: ellos están allí porque controlaban los poderes. Pero cada vez les queda menos gente y menos plata’.  Pas en crisis  El apoyo al Socialismo  El 44% de los entrevistados, según la encuesta del Instituto Venezolano de Análisis de Datos (IVAD), respalda la construcción del socialismo bolivariano que impulsó Hugo Chávez y que dice continuar el presidente Nicolás Maduro.  Encuesta anterior  Este resultado representa un retroceso de 10 puntos, pues hace un año el 54% decía apoyar este modelo político y económico.  La voz opositora  El líder de la oposición venezolana, Henrique Capriles, dijo ayer que el gobierno tiene una obsesión en su contra y lo acusó de querer obstaculizar su gestión como gobernador del estado Miranda (centro). También aseguró que para que deje de luchar por el país van a tener que matarlo.  Carlos Raúl Hernández augura que empeorará la imagen del gobierno y que el resultado de los comicios locales del 8 de diciembre será un castigo.  — Es normal que a solo seis meses de mandato la nota del gobierno sea tan mala?  El gobierno cuando comenz pareció entender que necesitaba adoptar ciertos cambios, sobre todo en el área económica. Pero con el paso del tiempo vio que no bastaba un maquillaje, sino que era necesario implementar medidas estructurales significativas.","elcomercio","21/10/2013"
"Israel","Netanyahu no se reunirá con el papa Francisco  Tres días después de que la oficina del dirigente anunciara el encuentro, un funcionario israelí indicó que el primer ministro Benjamin Netanyahu no se reuniría con el papa Francisco. Netanyahu tenía planeado encontrarse con el Papa y con el secretario de Estado estadounidense, John Kerry, para hablar sobre las conversaciones en materia nuclear mantenidas con Irán y sobre las negociaciones con los palestinos. Este encuentro iba a ser el primero entre Netanyahu y el Sumo Pontífice.  Cancelado  La oficina de Netanyahu no especificó las razones de la cancelación de la cita con el Papa.","elcomercio","21/10/2013"
"Israel Netanyahu no se reunirá con el papa Francisco","Tres días después de que la oficina del dirigente anunciara el encuentro, un funcionario israelí indicó que el primer ministro Benjamín Netanyahu no se reuniría con el papa Francisco. Netanyahu tenía planeado encontrarse con el Papa y con el secretario de Estado norteamericano, John Kerry, para hablar sobre las conversaciones en materia nuclear mantenidas con Irán y sobre las negociaciones con los palestinos. Este encuentro iba a ser el primero entre Netanyahu y el Sumo Pontífice.  CANCELADO La oficina de Netanyahu no especificó las razones de la cancelación de la cita con el Papa.","elcomercio","21/10/2013"
"Reino Unido Construirán planta nuclear tras Fukushima","El Reino Unido está camino a firmar un acuerdo con la empresa francesa de energía EDF para construir la primera planta nuclear de Europa desde el desastre de Fukushima. Según estimaciones de la industria, el costo estaría por encima de los 16.000 millones de euros. El proyecto impulsará la industria nuclear global, que, desde el desastre de Fukushima en el 2011, tuvo muchas cancelaciones. A diferencia de otros países de la región, el Gobierno Británico está a favor de la energía nuclear.","elcomercio","21/10/2013"
"Inteligencia de EE.UU. espió los correos electrónicos de Calderón","La NSA tuvo acceso a la cuenta del entonces presidente de México. Resurgirían las tensiones entre ambos países.  Berlín [DPA]. Según indicó la revista alemana Der Spiegel, la Agencia de Seguridad Nacional (NSA) de Estados Unidos vigiló correos electrónicos de Felipe Calderón en el 2010, cuando este era presidente de México. La publicación, que se basa en documentos entregados por el ex técnico de la NSA Edward Snowden, asegura que el espionaje fue llevado adelante por una sección especial de la agencia, denominada Office of Tailored Access Operations (TAO) como parte de la operación Flatliquid.  TAO explotó con éxito un servidor de correos clave del dominio de la presidencia mexicana dentro de la red presidencial para obtener el primer acceso a la cuenta pública de correo electrónico del presidente Felipe Calderón, cita la publicación un informe clasificado.  Relaciones en peligro La noticia podría hacer resurgir tensiones en las relaciones entre México y Estados Unidos, cuyos gobiernos ya tuvieron que tomar postura ante la revelación, realizada en septiembre, de que los servicios estadounidenses monitorearon a figuras clave de la campaña electoral del actual presidente mexicano, Enrique Peña Nieto.  México no es el único país latinoamericano cuyos dirigentes políticos han sido espiados por Estados Unidos. Las denuncias de que Washington vigiló las comunicaciones telefónicas y electrónicas de miles de ciudadanos en territorio brasileño, las de la propia presidenta Dilma Rousseff y de las computadoras del ente estatal brasileño Petrobras generaron fuertes tensiones con el gigante sudamericano.","elcomercio","21/10/2013"
"Serbia Falleció la viuda de Tito, el dictador yugoslavo","Jovanka Broz, viuda del líder comunista yugoslavo Josip Broz Tito, murió ayer en un hospital de Belgrado a los 89 años. El centro hospitalario en el que fue ingresada el 23 de agosto confirmó el fallecimiento, según recoge la agencia de noticias Tanjug. Jovanka Broz dejó de aparecer en público años antes de la muerte de Tito en 1980, y desde entonces ha vivido prácticamente aislada, sin que nunca haya habido una explicación oficial para esa situación. Vivía en una casa en mal estado, cercana a la antigua residencia del líder comunista, en el barrio aristocrático belgradense de Dedinje.","elcomercio","21/10/2013"
"La SIP advierte un deterioro de la libertad de prensa","Estamos frente a un plan de demolición de las estructuras democráticas, sostiene el presidente de la Comisión de Libertad de Prensa e Información del organismo.  Jaime Cordero Enviado especial a Denver  Jaime Cordero  El informe de Claudio Paolillo, el presidente de la Comisión de Libertad de Prensa e Información de la Sociedad Interamericana de Prensa (SIP), no pudo empezar de una manera más directa y alarmante: Sin duda, estamos ante el peor semestre de los últimos cinco años en materia de libertad de prensa, dijo el periodista uruguayo, director del semanario Búsqueda de Montevideo.  De esa dura manera se inició ayer la presentación y discusión de los informes elaborados para cada país de América, uno de los platos fuertes de la Asamblea General 69 del organismo que agrupa a medios de prensa del continente. Acto seguido, los encargados de presentarlos mostraron datos que refrendan el marcado deterioro que sufre la libertad de expresión.  Paolillo detalló que en los últimos seis meses las agresiones contra hombres de prensa han aumentado y 14 periodistas han sido asesinados por ejercer su profesión. Asimismo, alertó que en Colombia y México hay 17 casos de asesinatos de periodistas a punto de prescribir, sin que las autoridades de esos países hayan avanzado en las investigaciones para dar con los culpables.  Advirtió que en varios países de América se lleva a cabo un plan de demolición de las estructuras democráticas, arropado por un discurso popular que aparenta causas nobles, pero con el único propósito de líderes mesiánicos que quieren perpetuarse en el poder.  En ese intento, que podemos observar claramente en Bolivia, Ecuador, Nicaragua, Venezuela y, con ciertos matices, en Argentina, se utilizan mecanismos de coerción económica para callar a la prensa, pero manteniendo apariencias democráticas cada vez más débiles, detalló el periodista uruguayo. Sin embargo, luego agregó que otros países que no pertenecen a la órbita bolivariana emprenden acciones hostiles, como la discriminación en el reparto de la publicidad y la presión judicial a los periodistas críticos.  Entre los informes mostrados ayer destaca el de Cuba, presentado por la bloguera disidente Yoani Sánchez. Por primera vez, el informe sobre la isla fue presentado por un vicepresidente regional del propio país. Sánchez enfatizó que, pese a algunas señales de apertura, la represión castrista persiste.","elcomercio","21/10/2013"
"La Ley Correa Una mordaza para la prensa en Ecuador","Un punto de especial preocupación para la SIP es la Ley Orgánica de Comunicación en Ecuador, que entró en vigor el 25 de junio y es considerada por los medios críticos al gobierno una amenaza directa a la libertad de expresión.  La norma, impulsada directamente por el presidente Rafael Correa, establece que la comunicación es un servicio público y, por lo tanto, es potestad del Estado regularla administrativamente. Por ese motivo, entre otras acciones, crea un Consejo de Regulación y una Superintendencia de la Información. Ambos tienen capacidad de emitir informes vinculantes, entre otras cosas, para adjudicar frecuencias de TV y radio. Asimismo, tienen capacidad de auditar, intervenir y sancionar.  La ley también crea el delito del linchamiento mediático y establece a los medios la obligación de dar información de interés público, de acuerdo con los parámetros del gobierno.  El informe presentado ante la SIP detalla un incremento en las agresiones verbales y físicas contra los periodistas en Ecuador. Dentro del ambiente hostil que se vive, es muy difícil, sino imposible, aplicar la ley de transparencia y acceso a la información pública, indica.","elcomercio","21/10/2013"
"Entrevista Carlos Jornet","Se puede decir que en Argentina se hostiliza sistemáticamente a la prensa independiente?  Sí, totalmente. Desde hace cinco años vivimos un estado de confrontación permanente por parte del gobierno, que se traduce en múltiples acciones. Por un lado, la sanción de la ley de medios, que bajo el paraguas de buscar pluralismo y una mayor democratización de los medios, lo que ha intentado es ahogar a los medios independientes. Por otro, está el cepo publicitario a las empresas privadas. Desde febrero, por una orden verbal de un funcionario del gobierno, los supermercados y la cadena de electrodomésticos no anuncian en los medios gráficos de Buenos Aires. De esa manera se va ahogando a las empresas, para llevarlas a la quiebra.","elcomercio","21/10/2013"
"El informe presentado ante la SIP detalla un incremento en las agresiones verbales y físicas contra los periodistas en Ecuador.","“Dentro del ambiente hostil que se vive, es muy difícil, sino imposible, aplicar la ley de transparencia y acceso a la información pública”, indica.","elcomercio","21/10/2013"
"Se puede decir que en Argentina se hostiliza sistemáticamente a la prensa independiente?","Sí, totalmente. Desde hace cinco años vivimos un estado de confrontación permanente por parte del gobierno, que se traduce en múltiples acciones. Por un lado, la sanción de la ley de medios, que bajo el paraguas de buscar pluralismo y una mayor democratización de los medios, lo que ha intentado es ahogar a los medios independientes. Por otro, está el cepo publicitario a las empresas privadas. Desde febrero, por una orden verbal de un funcionario del gobierno, los supermercados y las cadenas de electrodomésticos no anuncian en los medios gráficos de Buenos Aires. De esa manera se va ahogando a las empresas, para llevarlas a su desaparición.","elcomercio","21/10/2013"
"Algo se puede rescatar como positivo de la ley de medios del kirchnerismo?","Creo que la ley de medios era imprescindible, porque había que actualizar las normas... Pero como ha sido redactada y concebida, tiene una serie de artículos que son como cápsulas de veneno orientadas contra un solo grupo de comunicación, el grupo Clarín. Lo que busca es desarmarlo, ponerle trabas. Y esas mismas condiciones no se aplican a otros medios que están en una situación similar.","elcomercio","21/10/2013"
"De qué otras maneras se hostiliza a la prensa?","Hay ataques constantes contra directivos, propietarios de medios y periodistas, por solo ejercer su actividad. Los periodistas que tienen un perfil crítico son sometidos al escarnio...","elcomercio","21/10/2013"
"Totalmente. En los últimos años se han volcado enormes recursos en pauta publicitaria para medios amigos y para el programa Fútbol para Todos, que se utiliza para difundir la publicidad del gobierno.","— ¿Qué busca el gobierno con todas estas acciones?  Trata de implantar un relato único, acallar las críticas o, en todo caso, descalificarlas.  — ¿Y lo está consiguiendo?  Afortunadamente, el gobierno no ha logrado su objetivo, que es lograr la mayoría de la audiencia.","elcomercio","21/10/2013"
"El ‘obispo del lujo’ alemán vive su calvario personal","Tebartz van Elst es criticado por realizar costosos gastos. Se niega a renunciar.  Desde Fráncfort  En su momento llegó a ser el orgullo de la Iglesia Católica alemana por haber sido uno de los obispos más jóvenes de la historia. Su carrera era un ejemplo de perseverancia y buen talante. Era considerado la esperanza del ala más conservadora por su apego a los valores católicos tradicionales. Sin embargo, durante los últimos meses, la figura de Franz Peter Tebartz van Elst, de 53 años, se ha envuelto en una serie de escándalos económicos que le han hecho merecedor a que se le conozca como ‘el obispo del lujo’.  En la región de la diócesis de Limburgo era un secreto a voces los ostentosos gastos del obispo. Incluso la prensa del lugar había dado cuenta de su poca austeridad a la hora de renovar bienes o de su debilidad por el lujo. Viajes en primera clase, coches de alta gama y una sumptuosa residencia son algunos ejemplos de las cosas en que Tebartz van Elst gastó gigantescas sumas de dinero.  Precisamente, el elevado costo de la residencia del palacio episcopal fue el detonante para que los fieles católicos pidieran su renuncia. La construcción de la nueva residencia se estimó en 5 millones de euros y terminó costando más de 30 millones en plenos tiempos en que el papa Francisco ha declarado su desacuerdo con la ostentosa vida de algunos sacerdotes.  Sin duda es un enorme problema de credibilidad. Y la Iglesia Católica en Alemania es quien paga los daños, señaló Robert Zollitsch, presidente de la Conferencia Episcopal Alemana. Zollitsch se encuentra en Roma, lugar en el que el jueves pasado se reunió con el Papa para tratar el tema de los gastos del prelado de Limburgo. Hasta el momento no han tomado una decisión.  La presión es muy alta para mí porque la gente está a la espera de que las cosas se aclaren, sostuvo Zollitsch desde el Vaticano. En Alemania, una comisión de la Conferencia Episcopal investiga los movimientos financieros y será la que determine el futuro del obispo. Sin embargo, no solo la curia romana lo investiga, la fiscalía de Hamburgo le ha abierto una causa por dos presuntas declaraciones juradas falsas sobre sus gastos en vuelos y renovaciones de inmuebles.  En una de sus pocas apariciones, Tebartz van Elst concedió una entrevista al diario sensacionalista Bild y defendió sus elevados gastos. Nadie debería juzgarme de manera anticipada. Quien me conoce sabe que no me importa tener una vida pomposa, indicó el obispo, quien negó que fuera a renunciar.  A pesar de sus declaraciones, Tebartz van Elst tuvo que viajar el domingo pasado a Roma para aclarar su situación. La última imagen del obispo fue en el avión que lo llevaba hacia esa ciudad. Paradójicamente, en esta ocasión el obispo volvió a la capital italiana en la aerolínea de bajo costo más famosa de Europa.  En Limburgo se han registrado actos de protestas contra el llamado ‘obispo del lujo’. No solo eso, luego del escándalo se ha elevado el número de personas que ha dejado oficialmente la Iglesia Católica. Las apostasías se han triplicado esta semana en diversas ciudades como Wiesbaden o Fráncfort del Meno. Para renunciar basta con una gestión administrativa personal. Solo en Limburgo, el número de personas que el lunes de la semana pasada presentó dicha solicitud fue 29, cuando la media diaria es de dos personas. En Alemania hay registrados 24’300.000 católicos, menos del 30% de la población.","elcomercio","21/10/2013"
"Obama se enfoca en resolver deficiencias de programa sanitario","El mandatario de EE.UU. afirma sentirse frustrado por problemas técnicos surgidos durante la implementación del ‘Obamacare’.  Washington [REUTERS]. Según indicó ayer un funcionario del Gobierno, el presidente de Estados Unidos, Barack Obama, está descontento por los problemas surgidos durante la implementación inicial de la reforma de salud, y el Gobierno pretende solucionar estas deficiencias.  En el programa Meet the Press, el secretario del Tesoro, Jack Lew, dijo que el Gobierno está resuelto a solucionar las dificultades técnicas en los mercados de seguros, la parte central del ‘Obamacare’.  La noche del sábado, la Casa Blanca informó que casi medio millón de estadounidenses han presentado solicitudes para seguros de salud en los mercados federales y estatales creados bajo el ‘Obamacare’. Sin embargo, el sitio Healthcare.gov no funcionó de forma óptima debido a problemas técnicos –incluyendo mensajes de error, textos distorsionados y demoras para cargar las páginas– que los funcionarios del Gobierno atribuyen en parte a un volumen inesperadamente alto de 14,6 millones de visitantes en los primeros días de actividad.  Creo que no hay nadie más frustrado que el presidente por las dificultades del sitio web, dijo Lew. El Departamento de Salud y Servicios Humanos tiene planes de solucionar esto, y debe arreglarlo. Tiene que hacerse bien, agregó.  Luego de haber superado los conflictos fiscales, Obama se centrará hoy en convencer a los estadounidenses de que el programa de salud puede arreglarse pese a los signiﬁcativos problemas con su entrada en vigor.","elcomercio","21/10/2013"
"NA","data que no solo denota un cierto nivel de ingreso monetario sino incluye además un conjunto de connotaciones culturales y políticas referidas a los valores, nivel de educación, estilo de vida y menor vulnerabilidad económica. Por algo se usa la palabra ‘clase’. Usar el término como sinónimo de un rango monetario es cambiar el sentido usual de la frase, y confundir al oyente. De igual manera, hablar de “pobreza no monetaria”, para así llamar la atención a los déficits sociales de nutrición, educación, agua potable y otras necesidades, confunde la precisión y la utilidad del término ‘pobreza’, concepto que ha sido importante para lograr la focalización del esfuerzo social.  La primera necesidad humana es no morir de hambre, y para eso debe alimentarse diariamente. El concepto de pobreza extrema se refiere a esa necesidad mínima y primordial.  Cabe recordar que su uso es reciente. Hace veinte años no existía estadística sobre pobreza, ni aparecía el tema diariamente en los medios como sucede hoy. La introducción y medición del concepto contribuyeron sustancialmente a mejorar el reparto de los servicios sociales, y para justificar la expansión de programas como Juntos y Pensión 65, pero limitándolos a la población de extrema pobreza monetaria.  Finalmente, recomiendo una actitud más cautelosa en relación con el éxito económico del país. Hace poco, la directora gerente del Fondo Monetario Internacional, Christine Lagarde, alabó el modelo peruano: “El Perú es una historia de éxito que, además, podría establecer estándares para la nueva ola de economías emergentes”. Cabrá recordar que la misma felicitación recibimos en 1979, cuando, en su discurso anual, el entonces director gerente del Fondo Monetario destacó el programa económico del Perú, poniéndolo como un modelo para otros países.","elcomercio","21/10/2013"
"EL HABLA CULTA","- MARTHA HILDEBRANDT -  Arroz graneado. En la lengua familiar del Perú, se califica así al arroz cuyos granos permanecen separados después de la cocción (arroz es un antiguo arabismo del castellano). Lo curioso es que nada tienen que ver con nuestro arroz graneado las cuatro acepciones académicas del verbo granear que señalamos aquí: ‘esparcir el grano’; ‘convertir en grano la pólvora’; ‘llenar la superficie de una plancha de puntos con el graneador, para grabar al humo’; y ‘sacarle grano a la superficie lisa de una piedra litográfica’.","elcomercio","21/10/2013"
"UN DÍA COMO HOY DE...","1913  Estudiantes peruanos en Cuba  Según un convenio entre el Perú y Cuba, estudiantes de nuestro país se encuentran en la isla antillana recibiendo educación de carácter universitario. Los jóvenes Neptal Alarcón, de 19 años, y Pablo Duda, de 18, egresados de la Escuela de Agronomía de nuestro país, siguen cursos en la Granja Agrícola de la provincia de Pinar del Río. A su vez, José Luis Pereira y Sergio Bueno de la Fuente, ambos de 20 años, siguen estudios de perfeccionamiento en la Escuela de Agronomía de La Habana. Esperamos en Lima a los jóvenes cubanos de este beneficioso convenio.","elcomercio","21/10/2013"
"TABAR VÁZQUEZ","Ex presidente de Uruguay y oncólogo  Nací en Montevideo hace 73 años. Estoy casado y tengo cuatro hijos. En el 2005 fui elegido presidente. Fue la primera vez que la izquierda llegó al poder en mi país. Volveré a postular en las elecciones del 2014. Estudié Medicina y toda mi carrera la he dedicado a la lucha contra el cáncer. He venido muchas veces al Perú, incluso antes de ser presidente. En la década de los ochenta acompañé al Atlético Progreso, el equipo de fútbol del que soy hincha, cuando jugó la Copa Libertadores contra Alianza Lima y San Agustín. En mi país casi todos son de Peñarol o Nacional; sin embargo, aún existimos algunos rebeldes que somos de otros clubes.","elcomercio","21/10/2013"
"EL PRINCIPIO DE PETER","En una jerarquía, todo empleado tiende a ascender hasta su nivel de incompetencia. Alcanza su nivel de incompetencia cuando llega a un punto, en su carrera administrativa o dentro de su escala profesional, a partir del cual ya no puede continuar siendo tan eficiente como en las categorías anteriores e inferiores.  En el ámbito castrense, un teniente de gran desempeño no mantendrá necesariamente ese nivel de eficiencia si se le asciende a capitán. Y si como capitán tuviese un desempeño mediocre, ello significaría que ha alcanzado su nivel de incompetencia.  Si a un buen gerente de área se le asciende a gerente general, entonces lo más probable es que, como gerente general, sea un mediocre. La gerencia general es su nivel de incompetencia.  Todas las personas tienen un punto límite en su capacidad de seguir progresando y adquiriendo mayor responsabilidad. Si sobrepasan ese punto límite, entonces inmediatamente entran en su nivel de incompetencia.  Con el tiempo –dice Laurence Peter– todo puesto tiende a ser ocupado por un empleado que es incompetente para desempeñarlo. En consecuencia, los que verdaderamente trabajan son los empleados que no han alcanzado todavía su nivel de incompetencia.","elcomercio","21/10/2013"
"Control del Congreso de la República","Carmen Omonte Durand Profesión: Estudió Derecho Cargo: Primera vicepresidenta del Congreso  Carrera dirigencial Actualmente es secretaria nacional de Política de Perú Posible. Fue vocera de la bancada en el período 2011-2012. Es una de las congresistas más cercanas a Toledo.  Normalmente presionaba el oficialismo, estamos viendo que esto no suceda más. Análisis de la información lo más probable es que encontremos un interés de beneficio económico de la administración que ha tenido el poder de manejar estos recursos. Se prevé que vamos a encontrar sobrecostos.—Con los que esa mafia se beneficiaba. Sí, esta información la tienen muchos congresistas que por diversos motivos se enteraron que el Congreso ha comprado algunos servicios o productos a un costo que les parecía bastante elevado. Pero hay que cruzar bien esta documentación. Determinaremos el grado de responsabilidad de la administración en permitirlo. Los jefes de logística han tenido discrecionalidad para la libre contratación de empresas. Hay que reordenar los procesos de contrataciones. Yo he luchado porque se transparente la labor del congresista y también los gastos. —Todos en la Mesa Directiva tienen el interés para esto? Fredy Otrola tiene la mejor intención: lo demuestra que se haya clausurado a 60.000 proveedores del Congreso. La Mesa Directiva aún no ha sido informada. Es positivo. Es una limpieza. También, que la Mesa Directiva haya aprobado definir dentro del organigrama del Congreso una gerencia general que maneje lo administrativo. El oficial mayor manejar lo institucional y la parte legislativa. El gerente tendrá que responder por los gastos y los recursos humanos. Por primera vez el Congreso está tomando esta decisión, es un paso enorme. Ya se planteó a la Junta de Portavoces y queremos que el pleno lo apruebe. —¿En quién están pensando para que sea gerente del Congreso? La propuesta de Fredy Otrola es correcta. La Mesa Directiva, por sugerencia del presidente del Congreso, designará al gerente general por concurso público y que la Mesa Directiva proponga al auditor. He planteado que este sea propuesto por la Contraloría y no por el Congreso, y que la gestión del gerente tenga un plazo mínimo de tres años. Ahora gran parte del personal cambia cada año con el nuevo presidente. —¿Cuándo se dará el gran cambio? Cuanto antes. La Junta de Portavoces puede aprobarlo la próxima semana, y en un mes sería aprobado por el pleno. —¿Cómo es posible que el congresista no vea en qué gasta, cuánto gasta en un evento? Usos y costumbres. Los integrantes de la Mesa Directiva y los presidentes de comisión, como Luciana León, Juan Carlos Eguren, tienen un presupuesto para invitar café, té, sandwiches a los citados, cuando la reunión lo amerite. El congresista solicita el requerimiento y solo firma, no sabe qué empresa es contratada. El departamento de Logística decide a qué empresa se elige para el refrigerio. Ya sea Delicias, Kattya… —Puede darse el caso que el evento no se haya producido... Es una posibilidad, o que est sobrevalorado o que la empresa sea fantasma como parece ser la empresa Kattya. —¿Por qué se pagan sandwiches a congresistas e invitados? En una empresa privada no hay tal cosa. Al presidente de la comisión se le incluye en tanto se ofrece a los invitados. Yo tampoco los pondría. Son usos y costumbres. —Luciana León ha solicitado a la fiscalía que investigue, ¿no es mejor? No tenemos ningún inconveniente, incluso ya tenemos a dos contralores que están trabajando en el Congreso. —A partir del 2011 la Mesa Directiva del Congreso tenía gasto ilimitado, ¿por qué? Era un apoyo logístico en las diversas actividades que promovían. Si los integrantes son correctos, el acuerdo no es negativo, el problema era que...—En arca abierta hasta el justo peca... Sí. Y era un acuerdo muy amplio. Gracias a la denuncia periódica a Michael Urtecho hemos visto que había irregularidades en el gasto. Él fue vicepresidente. Por eso hemos acordado dejar sin efecto este acuerdo. Los vicepresidentes no tienen por qué gastar más que un congresista. Quien quiera servir desde la Mesa Directiva debe saber que no tendrá ninguna golfa. Tenemos que cuidar más nuestro presupuesto, que se ha incrementado. En el 2010 teníamos 325 millones de soles, ahora tenemos 513 millones. Sí amerita una evaluación seria. Debemos demostrar que se gasta bien.","elcomercio","21/10/2013"
"Refrigerio","El departamento de logística del Congreso decide a qué empresa se elige para el refrigerio.","elcomercio","21/10/2013"
"Como primera vicepresidenta del Congreso...","Maricella Balbi Periodista  Como primera vicepresidenta del Congreso, ¿qué explicación le da a la existencia de empresas como Delicias y Más, Kattya, Gustitos que al parecer han hecho desfalco y medio? No hay fiscalización? Cuando entramos a la Mesa Directiva del Congreso encontramos un aparato administrativo que no funcionaba bien. Hay que cambiar esto y tomar medidas poco a poco. Gracias a la prensa nos hemos enterado de irregularidades. —¿Hay una mafia? Hay irresponsabilidad e ineficiencia en los aparatos de control que debiera tener el Congreso y también hay indicios de malos manejos. —¿Por qué no decir una mafia, un grupo organizado? Es muy probable que exista y viene de atrás. Ha entrado a la administración seguramente por recomendación de un grupo político. Con cada nueva dirección del Congreso entran personas recomendadas por los grupos políticos. Quizás tenemos un respeto excesivo por las propuestas de los congresistas. —¿Cómo opera esta mafia? Hace facturas sobrevaluadas, a veces falsas y coordina con esas empresas... Solicité a la administración toda la relación de empresas proveedoras de bienes y servicios del Congreso desde el 2006 a la fecha. —¿Por qué no desde el 2011, hay intencionalidad política? No, es para ver cómo se ha ido tomando decisiones respecto a ciertas empresas de proveedores, es necesario. También he pedido conocer los procesos de adquisición de bienes y servicios, detallando la modalidad de contratación, los montos y el objeto del mismo y todos los informes de auditoría interna elaborados desde el 2006 a la fecha. Lo acabo de recibir. La labor de la primera vicepresidencia es recargada, nos corresponde ver las insistentes de los pedidos que hacen los congresistas a diversas instituciones, si no les responden nosotros insistimos. También derivamos los proyectos a la comisión que corresponde. Ha habido mucha incomodidad con esto de algunos congresistas. Los proyectos de ley no llegaban a la comisión adecuada por manejo político. Se presionaba a la primera vicepresidencia... —Presionaba el oficialismo al presidir el Congreso... Normalmente presionaba el oficialismo, estamos viendo que esto no suceda más. —Bueno, pero ¿qué avizora de la información que ha recibido? Los gastos administrativos no deberían estar en la web del Congreso? Sí debería, pero no está todo. Se ve caos y desorden en la logística del Congreso. Del antiguo sistema...","elcomercio","21/10/2013"
"Toledo no dijo todo lo que debió decir, omitió mucha información","[Alejandro Toledo] no tomó las decisiones correctas desde que aparecieron las denuncias. Me parece importante que una mujer integre el TC, hay temas como la píldora del día después que lo ameritan.","elcomercio","21/10/2013"
"Dos programas protegen a los niños del acoso sexual y el bullying","La Demuna de San Miguel capacita a más de 4 mil escolares en tolerancia y respeto.  Reportaje Así se hace  Las psicólogas Nancy Arroyo y Sue Dentone, de la Defensora Municipal del Niño y Adolescente (Demuna) de San Miguel, dictan charlas y talleres para prevenir el acoso sexual y el bullying en los colegios del distrito desde hace dos años.","elcomercio","21/10/2013"
"Opinión sobre Unión Civil","FERNN ALTUVE Abogado L a opinin general logra  distinguir, en la unin  civil, entre el derecho  ciudadano a compartir un patrimonio y la posibilidad de diseñar legalmente una nueva forma de familia. Pese a lo alegado por sus promotores, la gente entiende la unin civil como una modificación del núcleo familiar, pues así lo define y lo defiende la Constitución, y por ello el 65% la desaprueba. Esto se aprecia con mayor claridad con el 75% opuesto a la adopción de menores para este tipo de uniones. Sobre la posibilidad de que parejas homosexuales puedan crear un patrimonio compartido, tener beneficios laborales, pensionarios y de seguro, la mayoría no se opone sino que se manifiesta por el principio de opción voluntaria de los ciudadanos de determinar un patrimonio común y libre sucesión. Una reforma legal que permita a los ciudadanos, independientemente de su género, pactar sobre un patrimonio compartido que asegure mayores beneficios, gananciales sería aceptada, pero intentar el rediseño del núcleo familiar consagrado social y constitucionalmente se opone al interés mayoritario. MARTHA CHVEZ Congresista (FP) L os resultados de esta encuesta refuerzan mi idea. Lo que la gente rechaza es que se le denomine matrimonio a la unión entre personas del mismo sexo, pero es consciente de que, por razones de estricta justicia, hay situaciones que sí pueden requerir una solución de carácter legal. Hay personas que se cuidan unas a otras sin que haya entre ellas una relación de pareja. Por ejemplo, hermanos que hacen relaciones de solidaridad, porque tienen hijos que no han velado por ellos, y se cuidan mutuamente. Tengo la idea de que hay que dar una solución legal a estos casos, y son las sociedades solidarias (similares a las sociedades gananciales), que pueden producirse entre hermanos, amigos o pareja. No tiene que ver con homosexualidad. El proyecto de ley del congresista Bruce propone un remedo de matrimonio, no puede ni debe ser aprobado tal como está. Yo estoy preparando un proyecto de ley, que debo presentar entre el martes y miércoles, para crear en el derecho civil la figura de las sociedades solidarias.","elcomercio","21/10/2013"
"Testigo clave sobre ‘narcoindultos’ acusa de presiones a congresista Tejada","El ex convicto Carlos Butrán dos Santos ‘Brasil’ apareció anoche en “Panorama” y rectificó su denuncia original bajo juramento. A menos de un mes de aprobarse el informe final de la megacomisión que investiga los ‘narcoindultos’, el ex reo Carlos Butrán ‘Brasil’ brindó declaraciones a “Panorama” en las cuales se desdijo y apuntó el dedo acusador en otra dirección. Carlos Butrán dos Santos ‘Brasil’ afirmó que fue presionado por el presidente de la megacomisión del Parlamento, Sergio Tejada (Gana Perú), para acusar a Alan García. ‘Brasil’ era considerado una de las piezas claves en la denuncia contra el gobierno aprista de aplicar una política de favorecer a los narcotraficantes con indultos y reducción de penas. Según lo revelado anoche por “Panorama”, ‘Brasil’ afirma que lo que dijo el 22 de mayo y el 3 de junio sobre los ‘narcoindultos’ no tiene validez alguna porque el documento que obra en poder del Ministerio Público con su testimonio no tiene huellas ni firmas ni de un abogado. La única firma que aparece en su testimonio es la del fiscal Walter Delgado Trova. “Quiero agregar que anteriormente a esto salió una publicación en el diario ‘La República’, el 17 de abril, de que yo era el nexo entre Facundo [Chinguel] y los narcos. Al día siguiente, a través de la asesora del congresista [Tejada], Paola Gasco, fui citado al despacho de él. Entrevistado por él, me dijo que tenía varias acusaciones en mi contra y que para revertirlas tenía que denunciar a Facundo [Chinguel] y sus funcionarios, ya que directamente afectaría al ex presidente [Alan] García. [...] Quiero constar que, a pesar de que no hice lo que me pedían, sí lo hice por una cuestión de honor personal, ya que vi la muerte muy cerca de manera gratuita [...] Amenazas en la puerta de mi casa y por teléfono. Aparecieron representantes del gobierno pidiéndome pruebas, fotos y hechos que desvirtúan al presidente García y a su gobierno”, continuó ‘Brasil’. “Tenía que mencionar que en el caso de las organizaciones de los africanos, casi todos necesitaban conmutación ya que estaban más de diez años y me refiero al grupo del penal de Lurigancho”, agregó Butrán. Descargo Tejada, anoche en “Panorama”, afirmó que ‘Brasil’ ha sido “muy presionado o recibió algo para cambiar de testimonio [...] No me explico cómo cambia de versión tan radicalmente tras declarar ante medio mundo. Él se acerca a nosotros. Llama y dice que sabía cómo se manejaba esa comisión. Digo puede ser interesante y lo convoqué”, afirmó. INFORME FINAL El 14 de noviembre vence el plazo a la denominada megacomisión para presentar informe final al pleno del Congreso. “Su testimonio no está en el informe de la comisión. Solo recogemos informes que él dio a la prensa. Me reuní con él para ver si valía la pena citarlo. No le ofrecimos nada. Él sí pidió un pasaje para su madre que, según él, estaba amenazada por los apristas. Seguiremos investigando. Todas las semanas aparecen golpes contra la megacomisión. Pero seguiremos”, dijo.","elcomercio","21/10/2013"
"Cuestionamientos a investigación de la megacomisión","Alan García: “Estamos frente a un psicosocial clásico El ex presidente Alan García calificó de maldad e infamia la actuación del gobierno a través de la comisión presidida por Tejada. Asimismo, sostuvo que las acusaciones en su contra y las investigaciones de la megacomisión constituyen un “psicosocial clásico. “Este tipo de política criminal de mentir y mentir para ver si algo queda en la cabeza de la gente es clásica y tenemos que terminar con ella. Este gobierno, que debió dedicarse a trabajar, quiere destruir la obra y la imagen del gobierno precedente, en lugar de trabajar, manifest. García recaló que no busca ser excluido de las investigaciones. El habeas corpus tiene que ver con que se respeten las formas, a las personas. Estoy abierto a todas las investigaciones. Dos años no me he movido del Perú. No me he movido. He ido a la megacomisión. Jamás se me ha dicho ‘a usted se le acusa de este delito’. Me llaman para preguntarme por qué decretos supremos para acelerar las obras. Yo respondo que lo he hecho en favor del pueblo, coment. “Me indigna que se use a una persona cuya versión no tengo por qué considerar canónica ni perfecta ni ahora ni antes, añadió. “Sobre las conmutaciones de penas, naturalmente, si algún funcionario de cuarto nivel cobró un dinero para poner un expediente antes que otro, que lo sancionen, dijo García. Sobre la investigación sostuvo que el objetivo es hacer escándalo para ver cómo enlodamos un gobierno que dejó al Perú en un crecimiento de 8%. No tengo problema en que se investigue, pero no me proyecten el alma sucia de los que roban. Tengo la conciencia tranquila, puntualiz. Por su parte, el legislador Mauricio Mulder opinó que el nuevo testimonio de ‘Brasil’ demuestra que el gobierno apela a la extorsión contra las personas para utilizarse políticamente. Lo hizo Ollanta Humala con los testigos de Madre Mía, así que práctica hay, subrayó el congresista.","elcomercio","21/10/2013"
"Video muestra a Fujimori cuando grita a enfermera","EX PRESIDENTE AFIRMA QUE EL GOBIERNO LE TIENDO UNA TRAPA. SU HIJO KENJI SOSTIENE QUE AGENTE DEL INPE GRABA IMÁGENES. El programa “Sin Medias Tintas” difundió ayer un video en el cual se ve al ex presidente Alberto Fujimori cuando increpa energicamente a una trabajadora de la clínica Centenario para que deje ingresar a los parlamentarios que pretendan verlo fuera del horario de visitas. “Por favor, déjeme pasar a todos los congresistas!”, dijo el ex mandatario casi gritando. “Usted puede ser responsable porque se me sube la presión”, le increpa luego. Mediante su cuenta de Twitter, el sentenciado señala que la escena ocurrió el viernes en la noche, cuando se enteró de que el INPE había prohibido el ingreso de su hijo, el congresista Kenji Fujimori, por lo cual reclam airadamente. Aseguró que lo provocaron y le tendieron una trampa. El programa también difundió un audio en el que Fujimori dice que se busca su “eliminación física” y que “el gobierno con el video ha querido decir a all tienen a un Fujimori exaltado, muy distinto al de la audiencia. En las imágenes se ve a Fujimori con una enfermera a quien le dice: “Es que tiene que pasar [...] ¿Quiénes son ustedes para no dejar pasar a un congresista?”. Luego pide hablar con la directora. La líder de Fuerza Popular, Keiko Fujimori, rechazó la filtración del video, y dijo que personal del INPE realizó la grabación. “Ahora entendemos por qué impidieron el ingreso a mi hermano Kenji [...] Esto me parece premeditado y hecho de manera malvola, agregó. CONGRESO VOTA HOY MOCIÓN DE CENSURA CONTRA LA CANCILLER Esta mañana se reunirá el pleno del Congreso para discutir y votar la moción de censura política contra la canciller Eda Rivas. El presidente de la Comisión de Relaciones Exteriores, Martín Belaunde, indicó que todo pudo evitarse si el Poder Ejecutivo hubiese informado y solicitado permiso al Congreso para que el jefe del Estado, Ollanta Humala, viaje a Francia. Ayer, la canciller Eda Rivas señaló que no pretendió obviar las competencias del Parlamento. Asimismo, ratificó que no incurrió en infracción constitucional o legal por no comunicar previamente al Congreso de esta cita presidencial. “Faltó comunicar un poco más, admitió. El primer ministro Juan Jiménez Mayor exhortó a las fuerzas políticas a reflexionar sobre la contribución que realizan en favor de la legitimidad de la democracia en el país. Fue al referirse al pedido de censura contra la ministra de Relaciones Exteriores, el cual será resuelto en las próximas horas. “Esto ha generado todo un proceso de escándalo, pero estoy seguro de que a los peruanos les parece positivo que el presidente de la República conduzca la política exterior, indicó el primer ministro. Se requieren 66 votos conformes para aprobar la censura. Fuerza Popular, PPC, Solidaridad Nacional y Concertación Parlamentaria respaldan esta moción. LO QUE SUCEDÍÓ ESCALA TÉCNICA Una parte de la oposición le atribuye responsabilidad política a la canciller Rivas en el viaje que hizo Humala —luego de su cita de APEC— a París para reunirse con el presidente de Francia, François Hollande. NUNCA EN DOMINGO El ‘fujishow’ y el salvavidas de Alan FERNANDO VIVAS INSEGURIDAD MANDA “Panorama” empez, como es ya es ritual dominical, con notas de la inseguridad real y percibida. Esta vez, reportó casos de asaltos en los cuales los delincuentes retienen a la familia mientras desvalijan su casa. Luego, reportó el incremento de la violencia criminal en Chimbote. “Cuarto poder” tomó el pulso a otra inseguridad, la de La Parada. No solo está entrampada la orden de desalojo definitiva en el PJ y el TC, sino que se constató que funciona con una ‘informal normalidad’ y que hay comerciantes del nuevo mercado de Santa Anita que tienen puestos en La Parada.","elcomercio","21/10/2013"
"Pone las manos al fuego por Alejandro Toledo?","Nunca he aceptado esa frase. Entiendo que la información del origen legítimo de los fondos ya está documentada y sustentada al 100%. El tema político, de cómo ha respondido a los cuestionamientos, sí será una batalla dura que tendrá que seguir enfrentando.  — ¿Qué les ha explicado Toledo? Ha sido enfático en decirle al partido que es inocente y que no es corrupto.","elcomercio","21/10/2013"
"Dos programas protegen a los niños del acoso sexual y el ‘bullying’","La Demuna de San Miguel capacita a más de 4 mil escolares en tolerancia y respeto.  La violencia, de cualquier naturaleza, deja huellas indelebles en los niños. Esa es la consigna de las psicólogas Nancy Arroyo y Sue Dentone, de la Defensora Municipal del Niño y Adolescente (Demuna) de San Miguel. Desde hace dos años, ellas dictan charlas y talleres para prevenir el acoso sexual y el ‘bullying’ en los colegios del distrito.  El local de la Demuna es pequeño y tiene techo de calamina. Las mejores herramientas didácticas de las psicólogas son títeres de trapo e historietas que ellas mismas diseñan. Con estos materiales impulsan los programas Si me Tocas, yo te Acuso y Alto al Bullying, que hasta la fecha han beneficiado a más de 4 mil niños.  En sus primeros días, Si me Tocas, yo te Acuso estaba orientado a adolescentes. No obstante, las psicólogas se percataron de que los jóvenes sí podían distinguir entre una caricia y un tocamiento malicioso. Por eso, decidieron trabajar con niños de entre 3 a 11 años, quienes son más vulnerables.  Las charlas de Nancy Arroyo enfatizan el conocimiento del niño sobre su propia anatomía. Es importante que desde pequeños llamen las cosas por su nombre y que no utilicen eufemismos como ‘pajarito’ o ‘pip’. Luego, les enseñamos que su cuerpo es sagrado y que nadie puede tocarlo, explica Arroyo.  Como parte del programa, desde el 2011 se han realizado charlas en 40 colegios de San Miguel y desde hace poco realizan presentaciones en parques. Hasta la fecha, la Demuna ha recibido ocho denuncias por acoso sexual. En esos casos, se pidió la intervención de los padres, de los colegios y la policía.  Durante sus visitas a las escuelas, las psicólogas han detectado que varios profesores son indiferentes frente a los casos de acoso sexual. Esta actitud no solo es equivocada, es cómplice. El abuso sexual contra un niño es un delito y debe ser denunciado, dice Arroyo.  Un freno al maltrato Alto al Bullying devolvió la confianza a Vidal, un joven que fue maltratado en la escuela durante la secundaria debido a su orientación sexual. El año pasado, cuando cursaba el quinto año, decidió hacerles frente a sus agresores y los denunció en la Demuna de San Miguel. Hoy, Vidal ha vuelto a sonreír y ayuda a las psicólogas en los talleres de habilidades sociales que se dictan los jueves y viernes.  En el caso de Vidal, encontramos que había insensibilidad de los profesores sobre el maltrato que él sufria. Hasta el 2011, cuando hablábamos a los profesores de ‘bullying’, no nos hacían caso, relata Arroyo.  Gracias al programa Alto al Bullying, la Demuna de San Miguel recibe al menos una denuncia al mes por acoso escolar. En estos casos, las psicólogas hablan con los padres y hacen un seguimiento al adolescente hasta que el maltrato haya desaparecido.  Lo principal de los talleres de Alto al Bullying es que los adolescentes establezcan sus reglas de convivencia en la escuela. Además, se informa a los profesores que, por ley, ellos deben advertir y comunicar los casos de acoso en el colegio. Creo que lo que nos distingue de otras Demunas es la empatía que tenemos con los chicos. Hacemos mucho trabajo de prevención y funcionamos como una familia, concluye la psicóloga Sue Dentone.  Labor contra la violencia La Demuna de San Miguel cuenta con la línea 263-7467 para atender casos de violencia doméstica y escolar. La oficina está ubicada en la cuadra 4 de la calle Federico Gallese, en la Casa de la Cultura.  Esta Demuna también ofrece asesoría a padres adolescentes.  En marzo de este año, el Quinto Juzgado de Familia de Lima falló a favor de un niño de 12 años víctima de ‘bullying’. Al menor agresor se le impuso una medida correctiva de cuatro meses de terapia.  El Ministerio de Educación mantiene el portal www.siseve.pe para recibir denuncias de alumnos, padres y profesores sobre violencia escolar.  Un estudio realizado por la UNESCO señala que el 65% de alumnos de sexto grado de primaria de 165 escuelas del Perú han sido víctimas de violencia este año.  Hace falta establecer sanciones Mayda Ramos Representante de la Defensora del Pueblo  En el 2012, la Defensora del Pueblo detectó 125 casos de ‘bullying’ o acoso escolar en los colegios del país. Todos estos episodios los registramos en nuestras visitas a las escuelas. El Ministerio de Educación no nos proporcionó información pese a que la ley ‘antibullying’, promulgada en junio del 2011, establecía que los colegios debían tener registros específicos sobre acoso e informarnos. Recién este mes el sector Educación nos informó que en el 2014 contará con un sistema electrónico específico para el reporte de la violencia escolar. La información que nos brinden los colegios será importante para establecer cuáles son los problemas más frecuentes y cuál debería ser la respuesta de los profesores.  No obstante, aún el Estado tiene pendiente la tarea de establecer sanciones para el ‘bullying’. No hay que perder de vista que el niño maltratador también es una víctima pues, en la mayoría de los casos, proviene de un hogar descompuesto o en el que la violencia es algo cotidiano. El trabajo de rehabilitación incluye a los padres.  El acoso sexual tiene una naturaleza distinta al ‘bullying’, se trata de un delito. Hemos detectado muchos colegios que intentan encubrir las denuncias por acoso para no perjudicar la imagen de la institución. Un delito no puede resolverse entre las cuatro paredes de una escuela, por eso es importante capacitar a los profesores.  También hay que empoderar a los niños y a las madres para que denuncien. El informe sobre violencia sexual de la Defensora del Pueblo demuestra que la mayor parte de agresores se encuentra en el entorno de la víctima.  En los casos de abuso sexual, es el Ministerio de la Mujer el ente encargado de difundir las políticas de protección de menores. Respecto del ‘bullying’, el Ministerio de Educación establece las estrategias para combatir este problema.  En septiembre, el sector Educación promulgó la Estrategia Nacional Contra la Violencia Escolar, 2013-2016. En este documento se hace hincapié en que existen muchas formas de ‘bullying’. Una de ellas es la de los profesores que castigan.  Finalmente, es muy importante la labor que realizan las defensoras municipales del niño y adolescente. Los municipios deben reforzar estos centros para convertirlos en un espacio amigo y receptor de quejas.","elcomercio","21/10/2013"
"Villarán asegura que no le preocupan las encuestas","LINO CHIPANA  La alcaldesa de Lima minimizó el 24% de aprobación de su gestión, según lo reveló ayer la última encuesta de El Comercio.  La alcaldesa de Lima, Susana Villarán, aseguró ayer que las encuestas que miden la percepción de los limeños sobre su labor en el municipio no le preocupan. Las encuestas no son una preocupación de la alcaldesa de Lima, las leo, pero si viviera a favor de ellas, no estaría cumpliendo con lo que el pueblo quiere de una autoridad, dijo la burgomaestre.  De esta manera minimizó el 24% de aprobación de su gestión, según lo reveló ayer la última encuesta de El Comercio.  Gestión. La alcaldesa realizó ayer una actividad en Barrios Altos. PISCO PARA LAS ENCUESTAS  En setiembre, durante la feria Mistura, la alcaldesa de Lima aconsejó al presidente Humala sobre cómo recibir las encuestas. Un buen pisco, presidente, para digerir las encuestas. Se lo digo yo, que me he vuelto experta en ello, dijo entonces la burgomaestre.  Con escoba en mano y acompañada por un grupo de jóvenes que se unió para barrer las calles de Barrios Altos, la alcaldesa aseguró que la población prefirió que la autoridad lime las calles, recupere las plazas y ordene el transporte antes de ocuparse de las encuestas.  La alcaldesa de Lima aseguró que la denuncia sobre una supuesta malversación de fondos en la Empresa Municipal de Mercados (EMMSA) está siendo investigada por la gerencia de esa entidad. Un medio local informó ayer que EMMSA habría pagado S/1500.000 en efectivo a una persona no vinculada a la empresa para la remodelación del mercado mayorista de Santa Anita.  El asesor legal de EMMSA, Pedro Alvizuri, dijo a El Comercio que aún no ha sido notificado del hecho y que hoy podría solicitar información a la fiscalía para responder sobre el tema.  Investigan por negligencia a ex presidentes de la beneficencia  Dennis Ziga Luy, Josefina Estrada Mesinas de Capriata y Juan Pasara Gonzales, ex presidentes de la Sociedad de Beneficencia de Lima Metropolitana, serán investigados por haber cometido negligencia al desempeñar sus cargos entre el 2010 y el 2011.  En una resolución de alcaldía, publicada ayer en El Peruano, el Concejo de Lima decidió iniciar un proceso administrativo disciplinario a los ex funcionarios por no haber supervisado el adecuado cumplimiento del acuerdo suscrito entre la beneficencia y Essalud. Pese a no contar con un convenio específico, la clínica hospital Rosalía de Lavalle de Morales Macedo, antes Hogar de la Madre, y Essalud realizaron servicios de atención de partos sin fijar un tarifario. Esta falta ocasionó una deuda de más de S/.320 mil de Essalud al hospital de la beneficencia.  Según la resolución, los ex funcionarios no desempeñaron sus funciones con honestidad, probidad, criterio, eficiencia, laboriosidad y vocación de servicio. Se informó que los ex presidentes de la beneficencia deberán presentar sus descargos por escrito en un plazo de cinco días.  En abril de este año, la Municipalidad de Lima creó una comisión especial para investigar las irregularidades cometidas en el otrora Hogar de la Madre.  Corrupción de funcionarios  CRISIS FINANCIERA  La presidenta de la Sociedad de Beneficencia de Lima, Carmen Vásquez de Velasco, dijo en septiembre que el otrora Hogar de la Madre está en crisis financiera por la corrupción de funcionarios.","elcomercio","21/10/2013"
"(Des)unión civil","Cómo ocurrió con el derecho al voto femenino y de los analfabetos, que se consiguieron en el país recién en la segunda mitad del siglo XX, el debate sobre la unión civil entre personas del mismo sexo anida en la actualidad una penosa polémica. Es objeto de malas miradas, demasiadas confusiones y –esperemos que solo de momento– escasos análisis aunque se trate de uno de los temas que deberían marcar la agenda del país.  La encuesta nacional que hoy publica El Comercio revela ciertas contradicciones en nuestra sociedad frente a un derecho que la propia Constitución del país consagra: el derecho a no ser discriminado.  Es confuso, pues, que, aunque el 65% de los peruanos desaprueba la unión civil entre homosexuales y casi la mitad (49%) no apoya el proyecto de ley de unión civil para esta población –que duerme un sueño injusto en el Congreso–, la mayoría respalde que, dada una unión de este tipo, las personas puedan acceder a seguros de salud, pensiones de viudez o invalidez de su pareja, o puedan tomar decisiones sobre operaciones médicas de emergencia si es que una de ellas es incapaz de hacerlo, por dar solo unos ejemplos.  ¿Qué puede revelar esta encuesta?","elcomercio","21/10/2013"
"Perdón por abandono a indígenas","Cusco. El presidente de Consejo de Ministros, Juan Jiménez Mayor, pidi perdón a nombre del Estado por el abandono en el que se ha tenido a las comunidades originarias. Hoy comenzamos a pagar una antigua deuda social con los pueblos nativos de esta parte del Perú, señaló en el Bajo Urubamba, hasta donde llegó para anunciar una estrategia concertada para el desarrollo de esta zona.  Jiménez detalló que la estrategia consistirá en obras de acceso vial, electrificación, centros médicos, mejoras de escuelas, acceso a telefonía celular, presencia de los programas sociales y atención bancaria.  La respuesta del Estado se da luego de una serie de reportajes realizados por El Comercio en esta zona de influencia del proyecto gasífero Camisea, donde se expuso la desatención gubernamental a los pueblos indígenas que la habitan.","elcomercio","21/10/2013"
"Bolivia sospecha que peruanos atacaron a grupo de oficiales","Un policía y un miembro del ejército del país vecino murieron durante un ataque de narcotraficantes. Ocurrió en la selva cerca de la frontera con Puno. Puno / La Paz [DPA]. El Gobierno de Bolivia expres ayer su sospecha de que supuestos narcotraficantes peruanos hayan participado en un ataque a tiros contra militares bolivianos en la zona cocalera de Apolo, muy cerca de la frontera con el Perú. El atentado, perpetrado en la noche del sábado, causó la muerte de un subteniente militar y de un policía que participaban en labores de erradicación.  El ministro boliviano de Gobierno, Carlos Romero, denunció que el ataque estaría vinculado a narcotraficantes peruanos que están respaldados por los campesinos bolivianos que cultivan hoja de coca en una zona prohibida y la destinan en su integridad para la producción de drogas. Romero señaló que pediría información a las autoridades peruanas.  La zona del atentado limita con la provincia punea de Sandia, un territorio de ceja de selva donde los sembríos de hoja de coca son parte del paisaje a pesar de los esfuerzos de promover los cultivos alternativos de café y cacao.  Lucha contra el narcotráfico Según el último monitoreo de cultivos de coca de la Oficina de las Naciones Unidas contra la Droga y el Delito (Unodc, por sus siglas en inglés), en dicha provincia punea existen más de 3.500 hectáreas de cocalales sembrados. Al respecto, el ministro boliviano afirmó: Sabemos que en esa zona del Perú existen narcotraficantes y hemos pedido reportes a las autoridades vecinas.  Las autoridades bolivianas informaron que los oficiales recibieron los disparos desde una zona alta. Se buscaba impedir que el contingente de militares y policías avanzaran hacia las plantaciones ilegales. Estas personas que resisten la erradicación están defendiendo una coca ilegal cuyo destino es el narcotráfico. Sospechamos de participación extranjera porque nunca antes los campesinos de la zona se habían armado. Son traficantes extranjeros los que les están aprovisionando de armas, sostuvo Romero en una conferencia de prensa.  Asimismo, las autoridades bolivianas aseguraron que ocho oficiales están secuestrados por los narcotraficantes.  Pese a todo, el ministro Romero aseguró que este ataque no desanimará a los erradicadores y que continuará con la interdicción de los cocalales ilegales.  Al cierre de esta edición, la cancillería indicó no haber recibido ningún pedido oficial de información del Gobierno Boliviano.","elcomercio","21/10/2013"
"Una persona muri por el desborde del río Supete","Huánuco. Las fuertes lluvias que se registran desde el sábado en la selva central causaron el desborde de los ríos Huallaga y Supete, en Huánuco.   Las aguas inundaron docenas de viviendas y afectaron las vías de comunicación en los distritos Rupa Rupa, Naranjillo y Luyando.  Según el reporte preliminar del Instituto Nacional de Defensa Civil (Indeci), son 50 las familias damnificadas y 332 las afectadas por las inundaciones.  La Policía tuvo que rescatar a 8 personas de Rupa Rupa y 12 en Luyando. Ambos distritos se vieron afectados por pequeños deslizamientos que los dejaron incomunicados.  También se reportó el rescate de un cadáver en el río Supete. La alcaldesa de esta zona, Marcia Espíritu, informó que por el momento se desconoce la identidad del fallecido. Además, dos personas fueron reportadas como desaparecidas por lo que ya se inició su búsqueda. Los damnificados de esta localidad se encuentran refugiados en un local municipal.","elcomercio","21/10/2013"
"Un guante ayuda a detectar tumores en las mamas de manera temprana","Sensi Femme es un dispositivo en forma de manopla que aumenta la sensibilidad y ayuda a realizar las autoexploraciones mamarias.  Un nuevo instrumento de exploración mamaria llega al Perú: un guante compuesto de capas de poliuretano y aceite mineral aumenta la sensibilidad del tacto hasta 8 veces, lo que permite detectar nódulos tan pequeños como la cabeza de un alfiler.  En cuanto al cáncer de mama, como en cualquier tipo de cáncer, la prevención resulta fundamental para evitar graves consecuencias físicas, emocionales e incluso económicas, derivadas de la enfermedad.  El autoexamen de mamas es la práctica rutinaria más recomendada por diversas entidades de salud para evitar que se desarrolle este mal. Sin embargo, en nuestro país y lamentablemente en muchas partes del mundo, este no es un hábito frecuente.  Según la Liga Peruana de Lucha contra el Cáncer, el 85% de los casos de cáncer de mama diagnosticados durante el año pasado se encontraban ya en una etapa avanzada. Asimismo, se detectó que un promedio de cuatro mujeres al día murieron a causa de este mal solo en Lima. Los especialistas afirman que la realización de autoexámenes mensuales, las mamografías, un estilo de vida saludable y la aplicación de una cultura preventiva podrían haber ayudado a reducir ese preocupante porcentaje.  Algunas mujeres que afirman no detectar alteraciones durante el autoexamen pueden beneficiarse con algunos dispositivos de asistencia. Uno de ellos, Sensi Femme, es un guante que amplifica la sensibilidad del tacto y ayuda a percibir cuerpos extraños en la composición de las mamas, sobre todo cuando estos son muy pequeños. Sensi Femme es capaz de detectar cualquier anomalía en el seno mucho antes [del desarrollo del cáncer] y esto evidentemente mejora la prevención del cáncer de mama, señala Juan Ramón García Bernabéu, director general de Kavisha Pharma, empresa farmacéutica desarrolladora del producto.  Máxima sensibilidad  La efectividad del guante fue comprobada por el Departamento de Biotecnología de la Universidad de Alicante, en España. A través de un estudio experimental, la institución concluyó que la posibilidad de aumentar la sensibilidad táctil en las yemas de los dedos de este instrumento variaba de 3,3 a 8,3 veces.  El guante está compuesto por tres capas de poliuretano (un tipo de plástico) y un aceite mineral no tóxico encapsulado entre ellas que facilita su movilidad. La combinación de estos dos elementos ha permitido desarrollar un material con una máxima sensibilidad, afirma García Bernabéu.  El uso del guante no altera el proceso de autoexploración normal; al contrario, lo mejora. La única diferencia es que de todas formas la exploración tendrá que realizarse echada o recostada horizontalmente, para que el líquido se expanda uniformemente y el guante pueda desplazarse con facilidad.  La detección de alguna anomalía no implica necesariamente la presencia de cáncer. García Bernabéu explica: Lo que se pretende con el dispositivo es que cuando la mujer note algo diferente a la revisión del mes anterior, acuda al profesional inmediatamente.  El guante funciona como el acompañante para crear un hábito prolongado de autoconocimiento de las mamas, tan necesario para evitar el desarrollo de enfermedades posteriores.","elcomercio","21/10/2013"
"Recogida de residuos sólidos en playa Las Conchitas","Más de cuatro toneladas de residuos sólidos fueron recolectados ayer en la playa Las Conchitas, en Ancón. El recojo de basura marina se realizó como parte de la Campaña Internacional de Limpieza de Playas y Riberas Perú 2013, organizada por la ONG Vida y la Marina de Guerra del Perú. Más de 200 voluntarios participaron, entre ellos personal del Servicio Nacional de Áreas Naturales Protegidas por el Estado (SERNANP), escolares, trabajadores de la comuna y vecinos. El análisis de los residuos permitirá identiﬁcar las fuentes de emisión y dar posibles soluciones para reducir la contaminación en esta zona.","elcomercio","21/10/2013"
"El Ejecutivo aprueba los estudios para construir un monorriel en Arequipa","Esta especie de tren eléctrico ayudará a aliviar la presión vehicular en el Centro Histórico pero evitará cruzar esta zona para no dañarla. Una iniciativa para mejorar el transporte en la Ciudad Blanca comenzará a ejecutarse: el monorriel, y se prevé que esté listo el primer semestre del 2016. Para la construcción de sus 14 kilómetros, se ha previsto invertir US$700 millones.  Arequipa. El viernes pasado, el Ministerio de Transportes y Comunicaciones aprobó los estudios para iniciar el sistema de transporte rápido masivo en el área metropolitana de Arequipa, con el que se construirá un servicio de monorriel que alivie el tráfico de la ciudad.  La propuesta de la empresa brasileña Queiroz Galvão propone construir 14 kilómetros de vía elevada para que una especie de tren cruce la Ciudad Blanca desde Ro Seco, en el cono norte, hasta Socabaya, en el cono sur. Es un tipo de tren eléctrico chiquito, señaló el ministro de Transportes y Comunicaciones, Carlos Paredes.  El monorriel, como se denomina al proyecto, demandará una inversión de US$700 millones, de acuerdo al ministro Paredes. Se trata de una inversión que el Ejecutivo cofinanciará y que ya recibió el respaldo del presidente de la República, Ollanta Humala.  Fechas por cumplir Se espera que los estudios definitivos estén listos en el primer trimestre del 2014. La intención es que el monorriel opere en el segundo semestre del 2016 en la ciudad de Arequipa. La obra será concesionada por 35 años.  Este nuevo sistema de transporte utilizará las berma de las avenidas Aviación, Ejército, La Marina y Juan de la Torre; y los carriles centrales de Arequipa, Progreso y Goyeneche. Como parte de su recorrido, volverá a las berma en Alcides Carrin, Cementerio y Garcilaso de la Vega, en Socabaya.  El tren eléctrico permitirá unir la zona más poblada de la ciudad, el cono norte, que alberga a 150.000 personas con la plataforma comercial Andrés Avelino Cáceres. En esta zona se estima que trabajan 25.000 comerciantes en un centenar de ferias y centros.  El alcalde de Arequipa, Alfredo Zegarra Tejada, destacó que el monorriel no pasará por el Centro Histórico de la ciudad, por ello no afectará la zona protegida por la UNESCO y más bien ayudará a descongestionarla. Además permitirá que las obras ejecutadas en el centro de la ciudad para el sistema integral de transporte (SIT) formen parte de rutas alimentadoras.  El monorriel modificará el sistema integral de transporte de Arequipa, equivalente al Metropolitano de Lima. Zegarra agregó que se garantizará que la inversión de S/.84 millones realizada en los intercambios viales de El Palomar y Los Incas y el corredor Bolívar – Sucre sean útiles y que el paso de grandes unidades no dañe la zona monumental.  El ministro Paredes dijo que con el monorriel se podrá incrementar el número de rutas alimentadoras, ello significará más trabajo para los transportistas. Se estima que el tren eléctrico traslade hasta 25.000 pasajeros a una velocidad de 80 kilómetros por hora.  Obra aprobada Un sistema de transporte masivo  El monorriel arequipeño permitirá unir la zona más poblada de la ciudad, el cono norte, que alberga a 150.000 personas, con la zona comercial.  Las autoridades esperan que opere en el segundo semestre del 2016. La obra será concesionada por 35 años.  El monorriel  Es un sistema de transporte en el que uno o varios vagones se desplazan sobre una estructura que soporta un solo riel. Hay monorrieles con y sin conductor. El tipo más común de monorriel es el de viga que funciona sobre una estructura de hormigón armado. Usa neumáticos de caucho.  Ventajas  Requiere un mínimo de espacio. Son más silenciosos. Mayor capacidad de subir pendientes. Son incapaces de descarrilarse a menos que la viga sufra daños.  Precisiones  Entrevista  ¿Es posible instalar un tren de este tipo en Arequipa?  Por supuesto, es una alternativa para solucionar el caos del transporte. Es mejor que el SIT, pues su vida útil es de por lo menos 30 años, los minibuses como máximo pueden operar 20 años.  — Pero Arequipa es una ciudad sísmica...  Ese no es un problema, hay ciudades similares a Arequipa que tienen estos sistemas y no se presentaron problemas, la tecnología de construcción que tenemos hoy garantiza que las estructuras resistirán.  — El costo de este sistema de transporte es alto?  Sí, es alto. Creo que en Lima es de S/.3, pero como está subvencionado solo pagan S/.1,50. Lo mismo tendría que pasar aquí, tendría que tener una subvención estatal. Eso pasa en Estados Unidos y Europa. Sin ir muy lejos, en Santiago de Chile el servicio es subvencionado.  — ¿Cuál es el beneficio, entonces?  Un transporte rápido, poco contaminante. Pero principalmente que no afectará la zona monumental de Arequipa. Le explico, los corredores viales que atravesaban el Centro Histórico fueron diseñados para vehículos de 6 toneladas que frenan en 8 metros, es decir, que nadie puede cruzar delante de ellos. Por eso esas vías debían ser enrejadas y eso no se puede hacer en una zona monumental protegida.  El Tren Macho –que cubre la ruta Huancayo-Huancavelica transportó a más de 38.000 pasajeros desde la reanudación de sus operaciones el 27 de mayo, afirmó el Ministro de Transportes y Comunicaciones. Carlos Paredes, titular de dicha cartera, destacó la relevancia de esta ruta, pues es una vía de comunicación confiable entre las localidades que atraviesa diariamente, la vía férrea es utilizada por los lugareños básicamente para transportar los productos agrícolas. El Tren Macho recorre un total de siete estaciones, y las más utilizadas son Tellera, Izcuchaca, Cceres, Acoria y Yauli.","elcomercio","21/10/2013"
"Cuatro sismos se sintieron ayer en el país","Ayer se registraron cuatro sismos en el norte y el sur del país según reportes del Instituto Geofísico del Perú (IGP). El primero se sintió a las 10:15 de la mañana en Amazonas y tuvo una magnitud de 4,1 grados en la escala de Richter. Por la tarde se produjo otro sismo de 4,2 grados en la región Arequipa, su epicentro fue en el mar frente a las costas de Chala. Mientras que a las 4:51 p.m. se registró un temblor de 4,5 grados en la región Tacna. El último fue sentido en Chincha a las 7:14 p.m. con una magnitud de 4,3 grados.","elcomercio","21/10/2013"
"Logran robar corona de la Virgen Inmaculada","La corona de la Virgen Inmaculada y el equipo de sonido del anda del Señor de los Milagros fueron robados de la iglesia de Inmaculada Concepción de La Oroya (Junín). El robo se habría producido en la madrugada del domingo pero los feligreses recién se percataron al momento de la procesión del Cristo Moreno. Los ladrones ingresaron por una ventana luego de romper los barrotes. El candado del sagrario donde se guarda el cáliz de plata fue forzado pero no lograron robar un cáliz de plata.","elcomercio","21/10/2013"
"Supuestos barristas asesinan a un joven en el centro del Cusco","Cusco. Un grupo de 20 supuestos barristas de Universitario asesinaron al cusqueño Renzo Flores Martínez, de 21 años, cuando este retornaba a su casa en el Centro Histórico del Cusco. Los barristas habrían intentado asaltar al joven en la calle Recoleta, pero Flores opuso resistencia. Es all donde los sujetos lo habrían acuchillado, según narró a la Policía su enamorada, quien lo acompañaba y cuyo nombre se mantiene en reserva por seguridad.  Flores Martínez fue atacado y lo dejaron en el piso, desangrándose. El hecho ocurrió a las 6 de la mañana e inmediatamente fue trasladado al Hospital Regional de Cusco, donde los médicos certiﬁcaron su deceso. El fiscal de turno Humberto Molina ordenó el traslado del cadáver a la morgue central de la ciudad cusqueña.  Mientras tanto, policías de la División de Investigación Criminal (Divincri) de Cusco iniciaron las investigaciones del caso para capturar a los homicidas.  El fiscal Humberto Molina señaló que los homicidas habrían sido barristas de la ‘U’, que a esa hora pasaban por esa zona. Sin embargo, precisó que se investigará a fondo el suceso para lograr identificar a los verdaderos culpables, y procesarlos por dicha muerte.","elcomercio","21/10/2013"
"Jiménez pide perdón por abandono a indígenas","Cusco. El presidente del Consejo de Ministros, Juan Jiménez Mayor, pidió perdón a nombre del Estado por el abandono en el que se ha tenido a las comunidades originarias. Hoy comenzamos a pagar una antigua deuda social con los pueblos nativos de esta parte del Perú, señaló en el Bajo Urubamba, hasta donde llegó para anunciar una estrategia concertada para el desarrollo de esta zona.  Jiménez detalló que la estrategia consistirá en obras de acceso vial, electrificación, centros médicos, mejoras de escuelas, acceso a telefonía celular, presencia de los programas sociales y atención bancaria.  La respuesta del Estado se da luego de una serie de reportajes realizados por El Comercio en esta zona de influencia del proyecto gasífero Camisea, donde se expuso la desatención gubernamental a los pueblos indígenas que la habitan.","elcomercio","21/10/2013"
"Bolivia sospecha que peruanos atacaron a grupo de oficiales","Un policía y un miembro del ejército del país vecino murieron durante un ataque de narcotraficantes. Ocurrió en la selva cerca de la frontera con Puno.","elcomercio","21/10/2013"
"(Des)unión civil","Cómo ocurrió con el derecho al voto femenino y de los analfabetos, que se consiguieron en el pasado recién en la segunda mitad del siglo XX, el debate sobre la unión civil entre personas del mismo sexo anida en la actualidad una penosa polémica. Es objeto de malas miradas, demasiadas confusiones y –esperemos que solo de momento– escasos análisis aunque se trate de uno de los temas que deberían marcar la agenda del país.  La encuesta nacional que hoy publica El Comercio revela ciertas contradicciones en nuestra sociedad frente a un derecho que la propia Constitución del país consagra: el derecho a no ser discriminado.  Es confuso, pues, que, aunque el 65% de los peruanos desaprueba la unión civil entre homosexuales y casi la mitad (49%) no apoya el proyecto de unión civil para esta población –que duerme un sueño injusto en el Congreso–, la mayoría respalde que, dada una unión de este tipo, las personas puedan acceder a seguros de salud, pensiones de viudez o invalidez de su pareja, o puedan tomar decisiones sobre operaciones médicas de emergencia si es que una de ellas es incapaz de hacerlo, por dar solo unos ejemplos.  ¿Qué puede revelar esta estadística? Pues quizá que, al menos en la mente de sus detractores, la unión civil está más asociada al matrimonio –y con ello al rito o a la costumbre de unir en una ceremonia a un varón y una mujer, al objetivo de crear una familia y de la procreación, etc.– que al compromiso ante la ley con el que se busca que gays y lesbianas obtengan derechos y deberes en su unión voluntaria, esos derechos y deberes que la mayoría respalda en la encuesta. Es decir, lo que parece inadmisible no es, en realidad, el fondo del asunto, sino la forma en que éste se nos presenta.  Quizá me equivoque, pero creo que en el Perú incluso la igualdad tiene sus límites. Los topes bien pueden venir de la cultura y las tradiciones con las cuales se ha crecido, pero –y tal vez lo que es peor– también de los miedos y de la ignorancia de quienes pretenden negar a una población que, pese a ser una minoría, existe y está ahí, luchando –o no, hay de todo– a diario por ser reconocida.  Además, pensar que sacar adelante este proyecto de ley –presentado por el congresista Carlos Bruce– pueda incentivar la homosexualidad, o acaso pudiera abrir las puertas al libertinaje, resulta vergonzoso y no solo le echa una mirada superficial a todo el asunto, sino que además legitima la ignorancia y sustenta, por donde se lo mire, la homofobia.  El proyecto de ley debería ser el primer paso para reflexionar sobre esta población –a todas luces relegada– y sobre los alcances que la Constitución tiene sobre ellos, y luego, de ser posible, abrir otros frentes de diálogo que por ahora no están en discusión.  En 1955, el Perú se convirtió en el penúltimo país de América Latina que oficializó el voto femenino y, con ello, entregó a esta población la ciudadanía y el respeto que se merece. Ahora debe abrirse otra vez el diálogo y ver la manera más coherente de seguir construyendo una sociedad bajo una sola consigna: todos somos iguales ante la ley.","elcomercio","21/10/2013"
"Unin Civil No Matrimonial","Derechos incluidos en el proyecto de ley  — De aprobar el proyecto de ley de unión civil no marital entre personas del mismo sexo, se reconocerán el derecho a formar sociedades de gananciales o separar patrimonios, los derechos de un pariente de primer grado en algunos casos y recibir pensión de alimentos, etc.  EN COMISIÓN DEL CONGRESO La información sobre la propuesta de Bruce  — El proyecto de ley del congresista Carlos Bruce se encuentra actualmente en la Comisión de Justicia y Derechos Humanos del Congreso de la República. Usted puede revisar el documento en el siguiente enlace: www.goo.gl/NG1L9h.","elcomercio","21/10/2013"
"Cinco jóvenes con síndrome de Down estampan su arte en postales","Sus dibujos se usarán en las tarjetas navideñas que vender Unicef este año.  FERNANDO GONZÁLEZ-OLAECHEA  A la respuesta de Guillermo se le puede dar dos lecturas: la llana y la profunda. Quiero que piensen en la familia, dice cuando se le pregunta qué espera que piensen las personas que compren la postal que se imprimirá con un dibujo suyo. Calla y mantiene la sonrisa. Una mano empuña un pincel; la otra, nada.  Los dibujos de Guillermo Nole, junto con los de otros cuatro compañeros de la Escuela Nacional Especial de Arte (ENEA), fueron seleccionados para ser usados por Unicef en sus postales navideñas. Guillermo y los otros chicos tienen síndrome de Down.  Mercedes Villalobos es la fundadora de ENEA. Ella tiene 25 años de experiencia trabajando con personas con síndrome de Down. Hace 18 fundó un colegio; y hace dos, la escuela de arte.  Ella explica que es la primera vez que Unicef trabaja con población con síndrome de Down para elaborar sus tarjetas navideñas. La convocatoria la hizo Punto Celeste, una empresa que trabaja con esta oficina de las Naciones Unidas para elaborar las postales.  Según estimaciones de Liliana Peaherrera, presidenta de la Sociedad Peruana de Síndrome de Down (SPSD), en el país hay unas 28.000 personas con esta discapacidad.  Para Villalobos, el arte no es solo un complemento a la formación de las personas con este síndrome, sino una pieza clave en su desarrollo. Con el arte aprenden y refuerzan lo aprendido.  Si pintan, se trabaja la coordinación motora ﬁ na, la paciencia. Con el teatro, la concentración y la capacidad de recibir y seguir órdenes; con la danza, la memoria y la coordinación, explica.  Nora Castaeda es la madre de Alejandro Castaeda. Él es otro de los ganadores del concurso. Alejandro tiene 21 años. Es amable, de modales claros, casi anticuados. Y es claro cuando dice que le gustaría dedicarse al arte. Enseñar a pintar y a bailar (porque también ha sido campeón de marinera). Y que así –añade– el arte sea una forma de que otras personas conozcan a gente con discapacidad intelectual.","elcomercio","21/10/2013"
"Feria gastronómica celebra día del anticucho","Cientos de vecinos de Pueblo Libre celebraron ayer el día del anticucho en el parque Candamo, impulsado por la municipalidad distrital. En la actividad participaron 50 puestos de restaurantes especializados en este plato hecho a base de corazón de res, y presentaron variedades con pollo y alpaca. Rafael Santos, alcalde del distrito, señala que su comuna busca que, cada tercer domingo de octubre, se celebre este día en todo el país y se promueva el consumo del platillo.","elcomercio","21/10/2013"
"Por alerta de la OMS, Minsa retira del mercado jarabe contra la tos","El Ministerio de Salud (Minsa) dispuso el retiro del mercado del jarabe contra la tos Farmabron Expectorante 120 ml, producido por laboratorios Farmasur S.A. Esto se da luego de que la Organización Mundial de la Salud (OMS) alertara sobre el ingreso de este producto con un compuesto (dextrometorfano) contaminado. La Dirección General de Medicamentos, Insumos y Drogas del Minsa recomienda a quienes aún tengan este producto consultar a su médico sobre sus reacciones adversas.","elcomercio","21/10/2013"
"El Ejecutivo aprueba los estudios para construir un monorriel en Arequipa","Esta especie de tren eléctrico ayudará a aliviar la presión vehicular en el Centro Histórico pero evitar cruzar esta zona para no dañarla.","elcomercio","21/10/2013"
"EL NUEVO FENÓMENO JUVENIL DE DISNEY","Jorge Blanco, galán de la serie Violetta, habla del show que dará en Lima.","elcomercio","21/10/2013"
"SE INVERTIRÁN US$700 MILLONES PARA 14 KM","Un monorriel aliviará el tráfico en el Centro Histórico de Arequipa.","elcomercio","21/10/2013"
"EX PRESIDENTE DE URUGUAY Y ONCOLÓGO","Tabar Vázquez resalta que se está ganando la lucha contra el cáncer.","elcomercio","21/10/2013"
"LA UNIÓN CIVIL ES MÁS ACEPTADA POR JOVENES Y EN LOS NIVELES A Y B","Una sondea revela que proyecto de ley recibe más aprobación cuando se explican los derechos que ganan las parejas gays.  La unión civil entre personas del mismo sexo genera mayores índices de rechazo que de aprobación entre los peruanos. Sin embargo, a medida que los ciudadanos tengan conocimiento de los derechos que se adquieren con esta figura, la cifra de aceptación sube.  Esto lo demuestra una encuesta nacional de El Comercio-Ipsos, la cual también confirma que los porcentajes de aprobación son mayores en la región Lima, en los niveles socioeconómicos A y B y entre los jóvenes de 18 a 24 años.  Una vez que los encuestados tienen conocimiento de los derechos que se adquieren con la unión civil, la aceptación de esta propuesta aumenta.","elcomercio","21/10/2013"
"EN EL MES MORADO LOS ÍNTIMOS ENTRAN A LA CARRERA PARA DISPUTAR LA FINAL","Alianza vence 2-1 a Real Garcilaso. Dos goles de penal le sirvieron a Alianza Lima para derrotar 2-1 a Real Garcilaso en la liguilla impar. Con este resultado y el triunfo de Sport Huancayo sobre Cristal por 2-1, la tabla quedó muy apretada a falta de seis fechas. Los cusqueños tienen 64 puntos, los cerveceros 62 y los íntimos 60.","elcomercio","21/10/2013"
"DOS AGENTES ANTIDROGAS BOLIVIANOS MUEREN CERCA DE PUNO","El Gobierno de Bolivia denunció que dos agentes antidrogas murieron durante un ataque de narcotraficantes en la frontera con Puno. Afirmó que los delincuentes serían peruanos que respaldan a campesinos cocaleiros de ese país. Se informó que ocho agentes permanecen como rehenes y que 17 resultaron heridos.","elcomercio","21/10/2013"
"TOLEDO OMITI MUCHÍSIMA INFORMACIÓN SOBRE ECOTEVA","Legisladora Carmen Omonte dice que él enfrenta una batalla política. La primera vicepresidenta del Congreso, Carmen Omonte, admitió a El Comercio que el ex mandatario Alejandro Toledo no dijo todo lo que debió decir y omití muchísima información en el Caso Ecoteva. Subrayó que ahora él debe enfrentar una dura batalla por los cuestionamientos políticos.","elcomercio","21/10/2013"
"TESTIGO DICE AHORA QUE ACUS BAJO PRESIÓN A GARCA","Carlos Bustamante dos Santos Brasil, ex convicto del penal de Lurigancho y testigo en el caso de los narcoindultos, sostuvo en Panorama que el presidente de la megacomisión del Congreso, Sergio Tejada, lo presionó para acusar al ex mandatario Alan García. El legislador negó esta versión.","elcomercio","21/10/2013"
"FUJIMORI SOSTIENE QUE EL GOBIERNO LE TIENDO TRAMPA","Ex mandatario aparece gritando y exaltado en video.","elcomercio","21/10/2013"
"OPINIONES","- Sugiero mandar al tacho dos conceptos: clase media y pobreza no monetaria, pues se han aplicado más como instrumentos retóricos que de análisis técnico.  -Juan Paredez Castro: Obvio, señor presidente. Somos conscientes de las atribuciones presidenciales, pero también de sus obligaciones frente a la Constitución y las leyes, y al control de los otros poderes del Estado.  -Marco Aurelio Denegri: El principio de Peter. Lo malo no es tener limitaciones o minusvalías; no, eso es lo normal; lo malo es no saber, o lo que es peor, no querer saber que las tenemos.","elcomercio","21/10/2013"
"ENCUESTA NACIONAL URBANA EL COMERCIO - IPSOS","Mayor información sobre derechos de unión civil reduce rechazo al proyecto. El debate sobre el proyecto de unión civil entre personas del mismo sexo continúa. El 65% se muestra contrario a esta figura, pero el rechazo disminuye cuando la encuesta aborda los derechos que la ley otorgará a las parejas homosexuales. En este último caso, la aprobación es del 43%; y la desaprobación, 49%. En tanto, el 75% se opone a que las parejas gays adopten niños.  Usted cree que un homosexual podría ser...? Un buen trabajador, un buen profesor escolar, un buen alcalde, un buen amigo, un buen compañero de vida/pareja.  Usted cree que de aprobarse la ley de la unión civil entre personas del mismo sexo, estas deberían tener derecho a adoptar niños o no?  No deberían tener derecho a adoptar niños, sí deberían tener derecho a adoptar niños.  Información es la clave. Hay situaciones que requieren solución legal. Mayora defiende núcleo familiar. Hay una relativa mayor información sobre el contenido del proyecto sobre la unión civil es la causa de esta leve tendencia a favor de su aprobación. Hay una ligera alza frente a lo que la misma encuestadora mostró hace un mes (30%).  Sin embargo, en cuanto a los derechos implicados en el proyecto de ley en beneficio de las parejas gays, el cuadro muestra cifras marcadamente favorables para la concesión de tales derechos como la herencia, atención de salud, seguridad social, etc. A medida que a la población se le explica mejor los derechos incluidos en la iniciativa su opinión cambia notablemente. Asimismo, se nota un cierto prejuicio homofóbico entre la población cuando considera que la homosexualidad no es natural y que se podría cambiar a voluntad. Esto también denota falta de una mayor información. Lo rescatable es que el tema de la unión civil puesto al debate público encuentra menos resistencia en la medida que se le imparta información más precisa y menos sesgada, lo que permite percibir mayor disposición a reconocer ciertos derechos.","elcomercio","21/10/2013"
