"headline","content","newspaper","date"
"SIEMPRE LISTO. El Team El Comercio prob su cuatrimoto, en las rutas de San Bartolo, una semana antes del inicio de esta competencia.","DANIEL SAN ROMN PUNTA Y  TACO Experiencia para hacer diferencia El Desafío Inca cotiz ayer al alza de la experiencia. Los hombres que han brillado han sido justamente los que llegaban a los trazados peruanos con un palmarés recorrido: el chileno Quintanilla en motos, su compatriota Ignacio Cassale en cuatrimotos y el brasileño Guillermo Spinelli en camionetas. Así, sobre un terreno duro y sinuoso, que no dio miramientos, los grandes favoritos cosecharon. Quien no estuvo a la altura de las expectativas fue el francés Despres que sufrió más de la cuenta con la primera pasada sobre la arena iqueña. La condición del liebre del galo y la niebla reinante jugaron en su contra y con una visibilidad mermada perdi tiempo. Igual, si Cyril ha dejado algo en claro todos estos años es que nunca se lo puede dar por descontado mientras siga rodando. La división cuatrimotos es la categoría sudamericana por excelencia. Se esperaba más del peso de la localía? Tal vez la grandilocuencia emotiva hizo pensar a varios que los nuestros podían marchar más arriba, pero lo cierto es que al final la experiencia ha podido sobre el gentilicio. Los Alta Ruta, encabezados por Pancho León, dejaron en claro que los Dakar a cuestas y la reciente experiencia africana son la gasolina ideal para el sueño de la consagración frente a los suyos. En motos, Tato Heinrich siguió con su buena costumbre de hacer respetar la casa. Tute a Quintanilla y le pele de igual a igual. Felipe Ros también tuvo una gran jornada husmeando continuamente y consolidándose así en el top 5 de la división. La división de cuatrimotos es la categoría sudamericana por excelencia y la clasificación de ayer lo ha dejado en claro. Brillaron sobre la tierra muerta chilenos y argentinos. Por el lado de los peruanos, Alexis Hernández fue el más competitivo de la división. Para mañana se espera que la batalla ingrese a zona de inflexión. Con los favoritos ya descubiertos, hoy todo hace presagiar que la batalla empezará desde temprano.","elcomercio","05/10/2013"
"Quinto Juzgado en lo Constitucional declara improcedente pedido de suspensión de investigación parlamentaria","El Quinto Juzgado en lo Constitucional, que preside el juez Hugo Velásquez Zavaleta, resolvió declarar improcedente el pedido de suspensión de la investigación parlamentaria iniciada contra el ex mandatario. Eso sí, el fallo judicial ordena a la megacomisión que proceda a citar a García Pérez y darle información con el mayor detalle posible sobre los hechos que consideren pertinentes respecto a las conductas ilícitas, ya sean penales o infracciones constitucionales que deben ser materia de investigación. Tejada adelantó que para ello se preparaba una carpeta con todos los documentos que sustentaban su investigación, a ﬁ n de que Erasmo Reyna, abogado defensor de García, pudiera usar esa documentación. Según detalló el legislador nacionalista, Alan García deber responder por el programa Agua para Todos, su presunta injerencia política en los casos Business Track (BTR) y ‘narcoindultos’, su patrimonio y bienes, y la venta del aeródromo de Collique (Comas).","elcomercio","05/10/2013"
"CABOS SUELTOS","PERCY RAMÍREZ ALAN GARCÍA No uno sino tres abogados? — Llama la atención que circule una versión según la cual Erasmo Reyna no sería abogado de Alan García y que quienes llevarían los temas jurídicos del ex presidente serían Genaro Velázquez y Wilber Medina. Lo curioso es que, cuando se trata de temas legales vinculados a García Pérez, hasta el momento nadie ha refutado la presencia de Reyna.  JOS URRUCO El defensor de los animales — Parece que el legislador de Gana Perú José Urruco es fanático de Elle Woods, aquella blonda abogada de la comedia Legalmente rubia 2, que decide promover una ley en el Congreso de EE.UU. en favor de los animales. Primero, Urruco levant su voz de protesta contra la práctica de comer gato, especialmente en Cañete. Ayer anunció que el Poder Ejecutivo debe remitir al Parlamento en las próximas semanas el proyecto de ley de protección y bienestar animal, el cual sustituirá la ley 27265 para ser debatido en las comisiones dictaminadoras especializadas en la materia y en el seno del pleno del Parlamento.","elcomercio","05/10/2013"
"El velero del ‘Doc’","Como trofeo de guerra fue entregado ayer el velero Karisma a las autoridades judiciales en una ceremonia presidida por el ministro de Justicia, Daniel Figallo. La embarcación fue utilizada por Vladimiro Montesinos, en el año 2000, para fugarse del país rumbo a las Islas Galápagos durante el ocaso del gobierno fujimorista luego de descubrirse su red de corrupción. Y ahora? El velero Karisma no podrá ser usado para pagar la reparación civil del ‘Doc’. Entonces ¿para qué será usado?","elcomercio","05/10/2013"
"La pataleta no será buen negocio","Están todos juntos en la foto. Los toledistas, los fujimoristas, los apristas. Han suspendido o cancelado el ‘diálogo’ con el gobierno. Buscando el desaire, han hecho evidente la pataleta. La jugada no ha salido bien para ninguno, porque se ha dado al mismo tiempo. Aparecen en la foto del cargamontón. A los seguidores de Toledo no les sienta bien estar en la misma banca que los seguidores de Fujimori. Y viceversa. A los seguidores de Alan García tampoco les sienta bien estar al lado de los otros dos. Detrás del pleito entre la oposición y el gobierno está la figura cuestionada de tres ex presidentes. Fujimori no encuentra serenidad en la cárcel, y plantea recursos absurdos para su liberación. Alan García no logra despreocuparse de las sospechas sobre lo que pudo ser la industria de los indultos vendidos. Alejandro Toledo se complica cada vez más con sus mentiras y medias verdades en relación a las compras millonarias de su suegra. Si me ofrecieran sumarme a este grupo antidialogo, preferiría zafarme. No hablo de la legitimidad de protestar contra un maltrato; hablo de política. El presidente Ollanta Humala opinó que los casos de estos ex presidentes dan mala imagen al Perú. Se puede estar en desacuerdo? El presidente Humala también criticó que se recurriera a acciones de amparo para librarse de la investigación del Congreso. La alusión al Caso García fue clara y, sin duda, poco diplomática. No negamos, por supuesto, el derecho del ex presidente García a recurrir al Poder Judicial. El efecto político que ello tiene, sin embargo, es la imagen del que elude la fiscalización. En el caso del toledismo, sus voceros han señalado que el presidente Humala fue descortés, imprudente e inoportuno. Hemos sido los ángeles de la guarda de varios ministros a punto de ser censurados, dijo, por ejemplo, José Luna. Con ello, el peruposibilismo dej en claro que su apoyo a los ministros tenía un precio: la diplomacia y la prudencia en favor de Toledo. El desplante, por ello, reafirma la imagen poco popular de un partido en búsqueda del blindaje para un ex presidente que mintió al Congreso reiteradas veces. El fujimorismo ha dicho que no participa en el dialogo por las torpes declaraciones de Ollanta Humala. As lo manifestó el congresista Pedro Spadaro. O sea, un congresista puede llamar torpe al presidente de la República, pero éste debe callarse ante la imagen que da un ex presidente preso. Los partidos políticos no se dan cuenta de que, con su autoexclusión del llamado dialogo, favorecen a quien quieren castigar. La imagen del presidente Humala saldr mejor, al ponerse en la vereda de enfrente. El gobierno nunca debió buscar ese dialogo íntegro e intempestivo. Una vez en ese camino, sin embargo, se ha encontrado con una oportunidad de oro para aislar a la oposición ante la opinión pública. Ahí están en la tienda antidialogo. Fujimori, García y Toledo. En el mal negocio de estar juntos en la misma foto.","elcomercio","05/10/2013"
"Poder Judicial: Fallo del TC a favor de Canchaya es arbitrario e inconsistente","En dura declaración se señala que resolución del Tribunal Constitucional puede generar impunidad. El habeas corpus a favor de la desaforada parlamentaria Elsa Canchaya ha ocasionado un duro enfrentamiento entre dos poderes del Estado. As, el Poder Judicial respondió con dureza al Tribunal Constitucional, que orden a la Sala Penal Especial de la Corte Suprema anular su fallo y emitir un nuevo pronunciamiento en el caso de la ex legisladora del PPC. La respuesta vino 48 horas después de conocerse la sentencia del TC. En un pronunciamiento público, el Poder Judicial asevera que el TC vulnera su competencia jurisdiccional al resolver la demanda de habeas corpus en favor de Canchaya, y no ofrece ninguna argumentación seria ni jurídica [...]. Se ha emitido una sentencia arbitraria. En esa línea, la Corte Suprema precisa: [...], la nulidad impuesta por el Tribunal Constitucional es, a todas luces, inconsistente, y con consecuencias paradójicas para los fines de la justicia penal por la impunidad que puede generar. Razón de fondo: El 4 de mayo del 2010, la Sala Penal Especial de la Corte Suprema, confirmó la sentencia de la Vocalía de Instrucción, emitida siete meses antes, que condenaba a la entonces legisladora Elsa Canchaya Sánchez por el delito de nombramiento ilegal en agravio del Estado. Esto por designar como asesora parlamentaria a su empleada doméstica. Por esa razón, Canchaya fue inhabilitada en el ejercicio de la función pública, sin que se le afectara su libertad personal. Para el Poder Judicial el plazo de prescripción de dicha acción penal no había vencido, como ha sostenido el TC, que ha fallado en favor de Canchaya. Según el Poder Judicial, el plazo de prescripción se computa desde la fecha que se levantó la inmunidad a Canchaya, el 8 de junio del 2007.","elcomercio","05/10/2013"
"Entrevista","‘Hay que educar a la opinión pública para que les pida cuentas a los políticos’ Javier Prez de Cullar, ex secretario general de la Organización de las Naciones Unidas, considera que en el Perú no existe un verdadero patriotismo y que la corrupción, que se traduce en politiquería, es un problema moral del país. Además, el embajador se siente invadido por la nostalgia.","elcomercio","05/10/2013"
"Contraron pruebas que los vinculan con el asesinato del guardia","Remarc también que se perdieron pruebas de ADN con las que se habría demostrado su inocencia y que se ha comprobado que el testigo principal del caso fue sobornado por funcionarios de la prisión para que acuse a los dos hombres. La fiscal ocultó el falso testimonio de otro acusador y que un tercer testigo se retract.  La condena a Woodfox fue anulada dos veces y en el 2008 se ordenó un nuevo juicio, pero dos años después esta última decisión fue revocada por una corte de apelaciones.  En el caso de Wallace, en el 2006 una comisión judicial del estado de Luisiana recomendó que se le revocara la sentencia, pero el pedido fue rechazado por la Corte Suprema.  Tanto Wallace como Woodfox siempre han alegado que se les acusó falsamente, en venganza por su actividad política. Ambos fundaron en prisión una filial del Partido de los Panteras Negras (luego se les unió Robert King), el grupo radical que luchaba por los derechos de los negros. Su objetivo? Conseguir mejores condiciones para los reclusos de raza negra.  King fue liberado en el 2001, Woodfox sigue en prisión y Wallace ya partió. Quince días antes de que lo liberaran, suplicó a las autoridades que lo liberaran.  Hermano aguantó lo que pocos de nosotros podemos imaginar y lo hizo con garra, dignidad y empatía hasta el final, comentaron sus abogados.","elcomercio","05/10/2013"
"MS DE MIL PALOMAS DE CARRERA ESTN PRESAS EN CHINA","Beijing reclama el pago de impuestos por estas aves, que valen miles de dólares.  Desde Beijing  ADRIAN FONCILLAS  Las autoridades chinas mantienen en cautiverio a más de un millar de palomas procedentes de Bélgica. Los diplomáticos intentan resolver el problema, pero el tiempo apremia: en dos meses ya han muerto cuatro ejemplares y pueden producirse nuevas bajas.  El conflicto se inició en julio. Fue entonces cuando se incautaron las 1.600 palomas de carrera, compradas por aficionados chinos en una subasta realizada en Bélgica, país con merecida reputación colombófila. Sin embargo, los animales fueron declarados en aduanas apenas por su valor nominal (135 dólares por cabeza), sin considerar sus habilidades deportivas. China se sintió comprensiblemente estafada: en el lote se encontraba nada menos que Bolt, la paloma más veloz que han visto los cielos, y que en la subasta alcanzó el estratosférico precio de 420.000 dólares, que también es un récord.  Las leyes chinas contemplan un arancel de 10 % del valor del ave y otro 13 % de impuestos. Solo por Bolt, que no en vano lleva el nombre del velocista jamaiquino, el fisco chino debería haber ingresado 101.541 dólares.  Ahora Beijing reclama que se cumpla con sus leyes. Las dos partes han mostrado una predisposición que permite ser optimista. Un primer grupo de 400 palomas ya ha sido liberado por un precio simbólico muy inferior a lo exigido por ley. Una de las beneficiadas fue justamente Bolt. Nikolaas Gyselbrecht, presidente de la compañía belga que la vendió, hubo de volar hasta Beijing para negociar su libertad.  Bolt ya se encuentra con su nuevo propietario, un empresario chino que le ha preparado una jubilación dorada. No puede competir, porque intentaría regresar a Bélgica, así que será utilizada para la cría en un harén de lujo con numerosas hembras.  El futuro es más incierto para sus 1.200 ex compañeras de presidio. Las cuatro bajas son deportivamente irrelevantes: el ejemplar más caro rondaba los 2.700 dólares. Didier Reynders, viceprimer ministro belga y titular de Exteriores, ha confirmado que su embajada en Beijing intenta resolver el conflicto con la mayor celeridad posible. El primer paso es encontrar una sola parte que represente a todos los compradores.  La colombofilia, una tradición arraigada en China, fue prohibida por Mao, que la consideraba una distracción pequeoburguesa. Ese veto ya quedó sin efecto, pero Beijing aún desconfía: prohíbe su vuelo durante los encuentros políticos por motivos de seguridad y regula su importación por los episodios de gripe aviar. Pese a ello, en los últimos años la afición ha renacido entre los millonarios, que ven en ella un signo de distinción. Los premios en las carreras pueden alcanzar los 2,3 millones de dólares.  Había unos 300.000 criadores de palomas en China en los años 90, cuando se realizó el último censo, y el número ha aumentado rápidamente. Un célebre aficionado es Wang Qishan, líder de la campaña anticorrupción, quien en 2009 viajó a Bélgica para comprar dos ejemplares. El criador le aclaró que China podría copiarlo todo, incluso el chocolate belga, pero nunca podrían copiar una paloma de ese país europeo.","elcomercio","05/10/2013"
"LA MUJER ABATIDA EN WASHINGTON TENIA DEPRESIÓN","Washington [AFP]. Miriam Carey, la mujer que muri abatida por la policía luego de una persecución en automóvil cerca del Congreso de EE.UU., sufría depresión. Así lo afirmó su madre ayer, en declaraciones a la cadena de televisión ABC.  Según Idella Carey, su hija de 34 años no tenía un pasado violento, pero sufrió depresión postnatal tras el nacimiento de su hija, en agosto del 2012. Unos meses más tarde, se enfermó. Estaba deprimida [...] fue hospitalizada, explicó.  La mujer, que trabajaba como asistenta dental en Connecticut, manejaba un auto negro Infiniti y llevaba a su hija de un año en el asiento trasero, cuando intentó atravesar una barrera cerca de la Casa Blanca antes de lanzarse a la fuga. La persecución culminó cerca del Congreso, donde fue abatida.  La policía, que registró el domicilio de Carey en Stamford, Connecticut, halló una cama infantil, juguetes y biberones. No encontró armas ni documentos contra el gobierno, informó el diario local Hartford Courant.","elcomercio","05/10/2013"
"Editorial: El mueco respondón","Desordenanzas regionales  Inesperadamente, el peaje en la Vía de Evitamiento sube 33%.  Un mandato regional intentó proteger la minería ilegal.  Con la repentina y radical subida de 33% en el peaje de la Vía de Evitamiento, la actual gestión de la Municipalidad de Lima ha demostrado, una vez más, que sus asuntos tienen vida propia. Vida propia e independiente de lo que la alcaldesa sabe y controla, esto es. Es difícil entender de otra forma que hace tan solo cuatro meses nuestra burgomaestre dijese que los peajes iban a subir solo por la aplicación del IGV (18%) y que, sin embargo, vengamos a enterarnos ahora de que en realidad el aumento sería de un 33% (al menos en la nada desdeable Evitamiento). Diera la impresión de que si la alcaldesa fuera un ventrílocuo, el muñeco le saldría respondón.  En nada ayuda a la posición de la municipalidad, por otra parte, que su gerente de promoción de la inversión privada declare que un aumento de este tamaño estaba dentro del campo de libertad que el contrato de concesión dejaba al concesionario de la vía y que no había nada que la municipalidad pudiera hacer para evitarlo. Si en efecto ese era el caso, ¿por qué la alcaldesa se lanzó a dar cifras sobre asuntos que ella no decidía y sobre los que no tenía control?  Este asunto del no control, por lo demás, no deja de llamar la atención. Y es que es curioso que en su momento se firmase un contrato de concesión que dejaba márgenes tan amplios a la discreción del concesionario de un servicio público. Como que es curioso también que exista una excepción legal que haga que OSITRAN no tenga poder regulador sobre las concesiones de transporte otorgadas por la Municipalidad de Lima.  Es justo decir que el nacimiento de estos misterios precedió al de la actual gestión municipal y que esta no tiene, por tanto, responsabilidad en ellos. Pero sí la tiene –y grande– en haber hablado, como tantas otras veces, de lo que no sabía y, desde luego, en no haber sabido lo que debería.  Esta semana, con motivo de las nuevas paralizaciones de los mineros ilegales en Madre de Dios en favor de su derecho a seguir delinquiendo, saltó a la palestra un dato indignante: el gobierno de la región ya había reconocido este derecho a todos los ilegales que puedan hacerse pasar por minera pequeña o artesanal (la mayoría). En efecto, hace unos meses una ordenanza (ahora derogada) autorizó este tipo de minería en las áreas de concesión forestal, pese a que, según la delegación que hace nuestra Constitución, el Gobierno Central decide el ordenamiento territorial nacional (es decir, dónde se puede o no hacer algo por motivos ambientales).  No es la primera vez, ni mucho menos, que vemos este tipo de actitudes en las que un gobierno regional, tomado por algún grupo de presión económica o ideológica, rebasa sus prerrogativas para sabotear al gobierno nacional, y, de paso, a la razón y a la justicia. Así como el presidente regional de Madre de Dios intentó usar su puesto para cobijar a la minería ilegal, el año pasado su par de Cajamarca usó el suyo para boicotear a la legal, al declarar intangibles todas las cabeceras de cuenca (lo que estaba cerca de equivaler a una prohibición de la minería en la región). Y aun antes hemos visto gobiernos regionales que protegen al narcotráfico al promulgar ordenanzas que protejan las áreas de cultivo de coca (por ser una planta sagrada).  Naturalmente, todos estos no son ejemplos de un mal ejercicio del poder, sino de una usurpación de este. Al menos en las democracias, las autoridades son tales solo dentro del marco de decisión que les ha conferido la ley. Fuera de este marco, sus palabras son solo eso.  Esto, es cierto, es algo que quienes están en el poder siempre tenderán a olvidar. Pero, por lo mismo, el Estado debería tener instrumentos para poder recordárselo con eficacia (es decir, con sanciones). Y al Congreso corresponde dárselos.","elcomercio","05/10/2013"
"Norteamericano, sufren por bloqueos políticos","Los ciudadanos norteamericanos están sufriendo debido a que el gobierno está cerrado por culpa del bloqueo de los representantes republicanos en la Cámara Baja del Congreso. Similar situación ocurre en Lima, donde se presume que el cierre es por algún bloqueo de los regidores del PPC en el Concejo Metropolitano. Esto explica por qué los turistas en Nueva York no pueden visitar el National Museum of the American Indian, así como los turistas en Lima no pueden visitar el Museo Metropolitano. También se observa menos presencia policial en las calles de Washington D.C., similar a lo que pasa en el distrito de Miraflores en Lima. La frustración de los visitantes al Yellowstone National Park es comparable a la de quienes visitan el Parque de la Muralla cuando ambos lugares están cerrados por shutdowns. El gobierno federal norteamericano y el gobierno local limeño no pueden seguir paralizados, pero el presidente Barack Obama y la alcaldesa Susana Villaran no deben ceder al chantaje político que busca evitar que cumplan con sus promesas de campaña. Hacemos votos para que estas situaciones puedan solucionarse lo antes posible.","elcomercio","05/10/2013"
"La cultura del consumismo","Lo que desencadenó mi decisión fueron las exhortaciones del Papa Francisco, aunque ya lo venía pensando hacía tiempo. Revisé mi clóset y me desprendí de la mitad de mi ropa. Decidí no usar colonias y comprar solo lo necesario bajo un criterio de moderada austeridad. Mantuve mi computadora, a pesar de haberla usado mucho. Considero razonable ir a restaurantes una vez por semana, claro que sin dogmatismos. Perteneciendo a la generación anterior a la liberalización de las importaciones, nunca he tenido grandes tentaciones consumistas. Me he afirmado en una actitud que siempre me acompañó. Sin embargo, si muchos siguieran este camino, podría provocarse una catástrofe económica. Si más gente ahorrara y consumiera menos, habría producción excedente que llevaría al cierre de establecimientos comerciales e industriales. Actualmente, se consume para producir, haciendo que crear el deseo de consumir sea el factor clave en el funcionamiento de la economía. La industria publicitaria juega un papel crucial en esto, buscando seducir al comprador sembrando la ilusión de felicidad al adquirir productos. Esta adicción al consumo no parece necesaria para el buen funcionamiento de la economía.  En un país de medianos ingresos como Perú, el ahorro que traería dejar atrás el despilfarro podría generar muchas oportunidades de empleo productivo. La inversión privada y/o la venta de bonos de la deuda pública podrían financiar mejoras en educación, salud e infraestructura, acelerando la lucha contra la pobreza al crear capacidades productivas. La posibilidad más interesante es trabajar menos. La voracidad por consumir está vinculada a la productividad, a la idea de que cada segundo de nuestras vidas debe ser empleado de manera rentable. El héroe de la época es quien logra salir de la nada gracias a trabajar largas jornadas. Todo lo demás, incluidos los afectos y el desarrollo personal, queda postergado. Así, nos sentimos importantes, y si no estamos haciendo algo significativo, nos sentimos culpables. La cultura de la productividad complementa al consumismo: uno gobierna el mundo laboral, el otro domina nuestro tiempo libre. Definen una vida cotidiana donde no hay tiempo para nada, o lo que queda es reservado para entretenimientos que no cuestionan la rutina.  Esta forma de vida, presentada como el ideal, causa un menoscabo de los vínculos sociales, empezando por la familia. Los niños, abandonados por padres ocupados, terminan en manos de videojuegos y televisión, espacios que refuerzan la competencia y el consumo. Se debilita la capacidad de dialogar y pensar, formando sujetos impulsivos y autoreferidos que continuarán siendo productivistas-consumidores. Del bullying escolar no hay más que un paso: a través del linchamiento de un chivo expiatorio, los niños se demuestran a sí mismos que no serán los dejados de la historia.  El productivismo devalúa los afectos y centra la vida en el ámbito laboral. Surgió de la ética protestante que veía el trabajo como una llamada divina y una defensa contra el pecado. Hoy, está ligado al consumismo y al deseo de triunfo y reconocimiento. El desafío es cómo liberarnos del productivismo, cómo hacer satisfactorio y creativo el tiempo libre. Creo que la única respuesta es cultivar el propio yo a través del diálogo, el juego, el deporte, el arte y la cultura. Estas actividades ofrecen satisfacciones más profundas y duraderas que las proporcionadas por el consumismo.  Tomado en serio, el llamado del Papa Francisco implica una revolución cultural que debe brotar en cada individuo, reconociendo lo autodestructivo y vacío de los mandatos de trabajar y consumir. Sin embargo, esta conciencia no es suficiente si no viene acompañada de una fe o propósito que ilumine las dificultades de ir en contra de la corriente. El ser humano es una criatura deseosa de equilibrio, y aunque pueda parecer difícil, es posible encontrar un balance satisfactorio.","elcomercio","05/10/2013"
"Opinión: Responsabilidades del Estado","La reciente entrevista del Presidente Ollanta Humala plantea temas cruciales sobre la función del Estado. La seguridad es la función primordial del Estado, sin ella no existen derechos ni convivencia posible. Cobrar impuestos y no garantizar la seguridad y protección de los derechos es inmoral. Las empresas deben pagar impuestos, respetar el ambiente y asumir las consecuencias de sus acciones, pero no deben cargar con responsabilidades sociales que no les incumben. Es tarea del Estado asegurar la seguridad y protección de los derechos fundamentales. La ausencia del Estado en sus funciones básicas deja a la población vulnerable. El Estado debe asumir su responsabilidad moral y legal para garantizar la seguridad y protección de los derechos de sus ciudadanos.","elcomercio","05/10/2013"
"Respuesta a Noticias Falsas","Se aclara que la información publicada respecto al tiempo de carcelera efectiva de mi patrocinado es incorrecta. Mi cliente, David Sánchez-Manrique Pancorvo, cumplió 18 meses y un día privado de libertad el 29 de marzo de este año, conforme al artículo 137(1) del Código Procesal Penal, lo cual significa que enfrentará el juicio en libertad por exceso de carcelera. La suspensión del cómputo de la prisión efectiva dictada por el Colegiado B de la Segunda Sala Superior en lo Penal de Lima ocurrió después de esta fecha, por lo que la resolución citada no tiene efectos jurídicos sobre él. Además, se niega cualquier contacto con periodistas de EL COMERCIO respecto a esta noticia, ya que no hubo intentos de comunicación registrados.","elcomercio","05/10/2013"
"Hora de Aventura: la Aventura pica","Es fantico de esta serie, debe seguir leyendo.  La pgina oficial de Cartoon Network Latinoamrica (http://www.cartoon-networkla.com/) cuenta con decenas de juegos entretenidos para nios con sus personajes principales. Y entre ellos destaca Hora de Aventura: la Aventura pica, juego inspirado en la popular serie.  Finn y Jake son los personajes principales del mundo de Ooo, que es en realidad la Tierra luego de la guerra de campeones que destruy parte del planeta. Todos los habitantes son mutantes; y Finn, el nico humano.  El argumento es sencillo: Finn y Jake (su perro) estaban durmiendo cuando Beemo (un videojuego porttil con vida) cre un juego para los personajes sin que lo supieran. Al despertar, se ven en islas flotantes con un mensaje que les exige diez piezas de videojuegos para rescatar a Beemo. La aventura se inicia.  Se trata de un juego en tres dimensiones que combina muchos elementos y puede ser recomendado a cualquier gamer, pero sobre todo es ideal para los pequeos en casa.   La calidad grfica es bastante buena. Los personajes son iguales a la serie animada e incluso los diálogos los hacen los actores originales (en inglés, español y portugués).  Otro factor interesante es la cantidad de niveles y diferencias bien marcadas en cada uno. El jugador podr llegar hastaa la Tierra de los Muertos o el Reino del Fuego. Hay además 16 jefes de nivel a quienes vencer, cada uno de ellos muy bien trabajados.  El dominio del control es simple aunque se juegue con el teclado. Una tecla sirve para atacar, otra para cambiar de personaje y una más para ver los artículos que se adquieren.  Calificación Hora de Aventura: la Aventura pica es un excelente juego desarrollado para cualquier edad con una historia bastante buena y con los personajes que están de moda. Sorprende que se trate de un juego gratuito. Lo recomendamos.","elcomercio","05/10/2013"
"El ex primer ministro Berlusconi está al filo de su expulsión del Senado italiano","Una comisión parlamentaria recomienda la inhabilitación del ex primer ministro, debido a una condena que recibió por fraude fiscal.  La Comisión de Inmunidad del Senado italiano recomend ayer despojar de su escaño al ex primer ministro Silvio Berlusconi, condenado por fraude fiscal a cuatro años de prisión. Para ‘Il Cavaliere’, se está atacando “el corazón de la democracia”.  Roma [AGENCIAS]. El ex primer ministro y magnate de las comunicaciones Silvio Berlusconi afrontó ayer una nueva humillación, cuando una comisión parlamentaria recomend su inhabilitación política. Con ello está a un paso de ser expulsado del Congreso.  La decisión de la Junta para las Elecciones y la Inmunidad del Senado fue anunciada apenas dos días después de que Berlusconi no contara con el suficiente apoyo de sus propios partidarios para derribar el gobierno de coalición nacional liderado por Enrico Letta; ello significó una afrenta en su carrera política. El asunto ahora se elevará al pleno del Senado, donde se someterá a votación.  La recomendación de la comisión es invalidar la elección en el Parlamento del líder de la derecha italiana, una sanción prevista por ley, debido a que Berlusconi fue sentenciado el pasado 1 de agosto a una pena de cuatro años de prisión por fraude fiscal.  La comisión fundamenta su decisión en una norma según la cual un parlamentario condenado con una sentencia que tiene validez jurídica ya no puede ejercer su mandato.  La comisión decidi por mayoría proponer al pleno del Senado votar la invalidez de la elección del actual senador Berlusconi, anunció el vocero de la comisión, Dario Stefano, después de cinco horas de debate. La fecha de la votación no fue fijada, aunque según Stefano será en este mes.  REUTERS  ‘Il Cavaliere’ reacciona Mediante un mensaje en Facebook, Berlusconi reaccionó indignado contra la decisión: Han violado el Estado de derecho, se ataca el corazón de la democracia. [...] Es una decisión indigna, que no es fruto de la aplicación de la ley sino de la voluntad de eliminar por vía judicial a un adversario político. Los principios de imparcialidad de la Convención Europea y la Corte Constitucional han sido violados.  El miércoles, el actual jefe del Gobierno, el socialdemócrata Enrico Letta, aclar ante el Parlamento que no se deba hacer concesiones al magnate ante las leyes. En un país democrático, las decisiones de la justicia se ejecutan, advirtió Letta.  Berlusconi, que ha tenido numerosos problemas judiciales de los que casi siempre se había salvado gracias a un pelotón de defensores y recursos económicos, asegura que fue condenado sin pruebas.  El magnate, de 77 años, presentó un recurso contra la sentencia ante la Corte Europea para los Derechos Humanos, en un intento más de impedir su inhabilitación. Debido a su edad, Berlusconi no cumpliría la condena en la cárcel, pero debería optar por la detención domiciliaria o por realizar labores sociales como compensación.  Sin inmunidad parlamentaria, Berlusconi corre el riesgo de ser condenado por varios procesos en los que ha sido acusado, como abuso de poder, prostitución de menores y corrupción de un senador.  EL FIN DE UNA ERA. Pese a todas las artimañas judiciales, Silvio Berlusconi podría quedar pronto sin inmunidad parlamentaria.  LA SENTENCIA  FRAUDE FISCAL Silvio Berlusconi fue condenado en agosto a cuatro años de prisión por contabilidad fraudulenta en su empresa de medios Mediaset.  UNA PENA REDUCIDA Gracias a una ley del 2006, se le descontaron tres años, por lo que solamente debería cumplir un año en arresto domiciliario o brindando servicios comunitarios, debido a su avanzada edad (77 años).  EL CASO RUBY Previamente ha sido condenado, en primera instancia, por haber tenido relaciones sexuales con una menor y abuso de poder.  El chantaje de ‘Il Cavaliere’  Roma [AGENCIAS]. La Junta para las Elecciones y la Inmunidad del Senado –la comisión que ha recomendado la inhabilitación de Berlusconi– inici este difícil proceso el pasado 9 de septiembre.  En medio del chantaje político, los parlamentarios del partido de Berlusconi, el conservador Pueblo de la Libertad (PDL), amenazaron con dimitir si se retiraba el escaño a su líder, lo que encendió la mecha que llevó a la crisis del gobierno, superada esta semana.  Como parte de ello, el sábado pasado, Berlusconi obligó a dimitir a cinco ministros de la coalición, y que pertenecen a su partido, para intentar presionar al gobierno de Enrico Letta y al Congreso para evitar ser expulsado del Senado, como prevé la ley, y mantener la inmunidad parlamentaria.  Sin embargo, los planes de Berlusconi de chantajear al gobierno no resultaron. El primer ministro, Enrico Letta, superó la moción de confianza, después de que ‘Il Cavaliere’ cambiara a último momento su decisión como consecuencia de la rebelión interna de su propia formación. As, qued expedito el camino para que fuera sancionado.  Berlusconi no asistió a la sesión de ayer. Tampoco se presentaron sus abogados. El ex primer ministro había presentado un documento para su defensa en el que argumenta que la ley del 2013, por la cual debe abandonar el cargo, no puede emplearse de modo retroactivo para los delitos impositivos por los que fue condenado.  La instrumentalización de la política  ANÁLISIS  FRANCISCO BELAUNDE MATTOSIAN Internacionalista  La mezcla de intereses particulares con actuación política ha alcanzado niveles surrealistas en el caso de Silvio Berlusconi. De manera prestigiosa, al punto de la insolencia, este ha usado los recursos del poder para “resolver” sus problemas personales y de sus empresas con la justicia.  Desde la adopción de normas con nombre propio durante sus períodos como jefe de Gobierno hasta presiones sobre diversas autoridades, el inventario de las maniobras de ‘Il Cavaliere’ es bastante largo. Su batalla con uñas y dientes para no ser defenestrado del Senado se inscribe en la misma lógica. Hasta ahora había salido airoso. Esta vez, sin embargo, parece que le llegó la hora.  Sin duda, nunca se puede descartar nada con Berlusconi, que se ha levantado varias veces cuando se le daba por muerto políticamente. Pero todo parece indicar que, dentro de dos semanas, perderá su condición de senador, debido a la condena que de manera definitiva recayó sobre él en un caso de fraude tributario.  Su última jugada, la de la desestabilización del gobierno de Enrico Letta, ha fracasado debido a una suerte de insurrección en su partido Pueblo de la Libertad (PDL), liderada por su protegido Angelino Alfano. Este se negó a provocar la caída del actual primer ministro y así forzar la postergación del voto del Senado sobre la destitución de Berlusconi. Como resultado de ello, a Alfano ya se le compara con Bruto, el delfín de Julio César que terminó asesinándolo.  A sus 77 años, el viejo líder se niega a desaparecer de la escena política, pues ha anunciado que, aún cuando pierda su escaño, pretende seguir vigente a través de su relanzado partido original Forza Italia.  La verdad es que la política italiana, famosa por su histórica inestabilidad, combinada con el éxito económico durante décadas, no sale engrandecida con el surgimiento y largo predominio de personajes como el magnate de los medios y presidente del equipo de fútbol AC Milan. Menos aún cuando, pese a todos los cuestionamientos, mantiene una popularidad apreciable. Lamentablemente, no se trata de un fenómeno exclusivo del país europeo.","elcomercio","05/10/2013"
"Obama cancela su gira asiática por el ‘shutdown’","El presidente de Estados Unidos tenía previsto viajar hoy a Indonesia para asistir a la cita cumbre del APEC.  Washington [AGENCIAS]. El presidente de Estados Unidos, Barack Obama, canceló su gira asiática, incluida la cumbre del APEC en Indonesia [donde vivió entre 1967 y 1971], por la parálisis presupuestal en el Congreso, donde el tono sube entre demócratas y republicanos.  Debido a la parálisis de servicios, el viaje del presidente Obama a Indonesia y Brunéi ha sido cancelado, anunció la Casa Blanca en un comunicado. En la semana, Obama ya había cancelado sus visitas a Malasia y Filipinas.  No negociaban. Obama pidi a los políticos llegar a un acuerdo.  El secretario de Estado, John Kerry, presidirá la delegación estadounidense en lugar del mandatario, quien debía partir hoy. Obama ha hecho de sus relaciones con Asia una prioridad desde que asumió en el 2009.  Analistas habían estimado que el viaje de Obama podía servir de base a sus enemigos republicanos para acusarlo de prestar más importancia a la escena internacional que a atender sus obligaciones en casa. Sin embargo, también advirtieron que la ausencia de Obama en Asia dañaría los intereses de Washington en esa región, al permitir a competidores como China argumentar que EE.UU. no es un socio confiable.  Nadie gana. Ese es el punto. Debemos superar esto lo antes posible, dijo ayer Obama, quien realizó un inusual paseo por las calles de Washington junto con el vicepresidente Joe Biden y rodeados por agentes del servicio secreto. Este cierre (‘shutdown’, como se conoce en inglés) podría terminar hoy, declaró Obama a los reporteros.  ¡Esto no es un maldito juego!, replicó un enojado John Boehner, el jefe de la mayoría republicana en la Cámara de Representantes.  SIN SALIDA  La pugna política entre demócratas y republicanos en el Congreso por el presupuesto hizo que el lunes se cerraran las operaciones del gobierno federal.  Un hombre se prende a lo bonzo en pleno Washington  Washington [AGENCIAS]. Un hombre se prendió fuego ayer en el gran parque central de la capital estadounidense, conocido como el ‘National Mall’, y fue trasladado en helicóptero a un hospital local con graves lesiones.","elcomercio","05/10/2013"
"Retiro de Tarjetas de Débito","afirmó que, si se comprobaba que Michael Urtecho había retenido las tarjetas de débito de sus trabajadores, este habrá incurrido en el delito contra la libertad personal para la obtención de un beneficio.  En este caso, el presunto recorte de sueldos a los trabajadores, Amoretti sostuvo que será tipificado como apropiación ilegal. El trabajador confía en su empleador y sobre la base de esa confianza le entrega su tarjeta de débito, dijo.","elcomercio","05/10/2013"
"Encargo de Labores Domésticas","De confirmarse que los trabajadores de su despacho congresal realizaban labores domésticas en su domicilio, el parlamentario sería denunciado por presunta estafa en agravio del Congreso.","elcomercio","05/10/2013"
"Donación No Entregada","El caso de las 621 sillas de ruedas para discapacitados que supuestamente no se entregaron constituirá el delito más grave, según Amoretti. Se trataría de apropiación ilegal agravada y la pena alcanzaría hasta 10 años de prisión.","elcomercio","05/10/2013"
"Confesiones de Su Chofer","[A la señora Elvia Urbina] nunca la vi en la oficina de Trujillo. Sé que le hacía su limpieza [a Urtecho], le cocinaba y le cuidaba a sus mascotas. Fue como su empleada del hogar. Declaración en la Comisión de Ética del Congreso.  La señora [Claudia Gonzales] se demoraba en el cajero, sobre todo en el cajero del [Banco de] Crédito. Demoraba regular tiempo. Sobre la esposa de Urtecho.","elcomercio","05/10/2013"
"Forma Parte de Varios Partidos Políticos","Urtecho integró la comisión de ética parlamentaria entre el 2011 y 2012 y algunos congresistas afirman que era duro e inflexible con los legisladores investigados.   Urtecho ha logrado éxitos personales que fueron reconocidos en Trujillo. Con una maestría en Ingeniería Química y consultor del Instituto de Desastres y Medio Ambiente, trabajó en el proyecto de irrigación Chavimochic, antes de integrarse a la vida partidaria. En el 2000 se unió al partido Renovación Nacional, y el 2006 fue electo congresista por la lista de Unidad Nacional, del que Solidaridad Nacional formó parte. En el 2010 Urtecho decidi unirse al partido de Luis Castañeda. Un año después fue reelecto en el Congreso.","elcomercio","05/10/2013"
"Plata de Ecoteva","La casa costó US$ 3750.000 y la oficina US$ 882.000. Eskenazi dice que no averiguó la procedencia del dinero.","elcomercio","05/10/2013"
"Perú Posible y Apra Critican Falta de Capacidad de Diálogo de Humala","Luis Thais y Alan García cuestionaron al mandatario. PPK critica a quienes abandonaron las conversaciones.  Mientras el ex presidente Alan García criticaba la falta de capacidad de diálogo del presidente Ollanta Humala, desde Perú Posible decían que solo volverían a las conversaciones con el gobierno si el mandatario se compromete con el diálogo.   Pese a las diferencias, el primer ministro demuestra tener capacidad de diálogo. No puedo decir lo mismo del presidente, sostuvo García en Buenos Días, Perú.  En tanto, Luis Thais, secretario general del partido de la chacana, sostuvo que si el presidente [Humala] se compromete con el diálogo y señala que va a transformar lo que salga en políticas públicas durante su gobierno, nosotros volveremos a la mesa, porque creemos que el país está primero. Pero se requiere de ese compromiso, manifestó en Canal N.","elcomercio","05/10/2013"
"No Sabía?","David Eskenazi en el Congreso dijo que como se trató de transferencias bancarias, nunca cuestionó el origen de los fondos.","elcomercio","05/10/2013"
"As Lo Dijo","No recibí ninguna instrucción de Toledo ni de la señora Karp, la única que me dio instrucciones fue la señora Eva. DAVID ESKENAZI Abogado y apoderado de Fernenbug.  Si en la Fiscalía 48 Toledo sigue como testigo es porque no hay pruebas para investigarlo. JOSÉ LEÓN Congresista de Perú Posible.","elcomercio","05/10/2013"
"La Fiscalía Citará a Eliane Karp","Elizabeth Parco, titular de la Fiscalía Penal 48 de Lima que investiga a Eva Fernenbug por presunto lavado de activos, ha citado a Eliane Karp para que declare el 16 de octubre.  El abogado de la esposa de Alejandro Toledo, Luis Lamas Puccio, señaló que su clienta ha pedido que la diligencia se postergue para el 21 de octubre, debido a sus compromisos académicos. Añadió que Karp vendrá a Lima de todos modos para el interrogatorio.  La fiscal aún no decide si le variará la fecha de la citación. Inicialmente la esposa de Toledo estaba programada para testificar el 17 de julio, pero no se presentó a la fiscalía.","elcomercio","05/10/2013"
"Argumenta que la inmovilización del azúcar obligará a paralizar la fábrica","Argumenta que la inmovilización del azúcar obligará a paralizar la fábrica pues no habrá recursos para cancelar los sueldos de los trabajadores y de los jubilados. Además, señala que no se responsabiliza por los hechos de violencia que podrían ocurrir a partir del lunes.  En tanto, un grupo de jubilados de Pátapo denunció que desconocidos –que según ellos fueron contratados por la comisión que administra la empresa– los expulsaron a la fuerza del lugar donde hacían un plantón porque hace tres meses no se les paga sus CTS.","elcomercio","05/10/2013"
"Arequipa. En Arequipa diariamente se producen cinco secuestros al paso","Arequipa. En Arequipa diariamente se producen cinco secuestros al paso, pero la mayoría no son denunciados ante la policía. El jueves por la noche, Eloy Tamayo Maruyama, empresario de 32 años, evitó que lo raptaran defendiéndose a balazos, aunque desafortunadamente mató al conductor del taxi donde viajaba.  Tamayo tomó un taxi cerca de su vivienda, en la quinta Las Moras del distrito de José Luis Bustamante y Rivero, para dirigirse al centro de la ciudad. El automóvil era moderno y tenía un casquete de la empresa Turismo Exclusivo, que era conducido por José Alberto Javier Nizama, de 34 años; lo que le brindaba seguridad en una ciudad donde circulan 15.000 taxis informales en los que suelen ocultarse delincuentes.  José Javier ingresó a una solitaria calle de la Urbanización Municipal, detrás del coliseo Arequipa, y se detuvo abruptamente, eran entonces las 8 de la noche. Eloy Tamayo de inmediato miró hacia atrás y vio que cuatro sujetos bajaban de un pequeño automóvil y se acercaban al taxi por ambos lados.  A SALVO. El taxista que conducía este auto falleció y el fiscal aceptó la legítima defensa para el asaltado.  Tamayo sacó su pistola y comenzó a disparar. Según declaró a la policía, apuntó a la ventana del lado derecho y luego al lado izquierdo; pudo ser en ese momento que una bala impactara en la cabeza del taxista. La necropsia reveló que le atravesó el cráneo desde el parietal hacia la frente.  PELIGRO DE ASALTANTES  EMPADRONADOS  En la provincia de Arequipa circulan 30.000 taxis. La municipalidad provincial tiene registrados a 13.000 taxistas, la mayoría afiliados a empresas. El resto son taxis informales.  FACHADA PERFECTA  El mayor en retiro Fredy Calle, del Programa Patrullero Ciudadano, dice que esta actividad es la fachada para los asaltantes, pues el propietario de un vehículo no pide certificados de antecedentes penales.  Antecedentes  La policía encontró el automóvil que utilizaron los delincuentes en un taller y tenía perforado el radiador.  Viviana Abarca, esposa de Nizama, aseguró que su esposo no tenía antecedentes policiales o judiciales. Eloy Tamayo declaró a la policía que el taxista le dijo: “Esta vez perdiste” y le mientió la madre. Percy Charca, representante de la empresa Turismo Exclusiva, aseguró que Javier era una persona respetuosa y que nunca dio problemas.","elcomercio","05/10/2013"
"ITP confirma que filete de caballa intoxicó a los 11 alumnos de Ancash","Ancash. El Instituto Tecnológico de Producción (ITP) confirmó que fue el filete de caballa del programa Qali Warma el que provocó la intoxicación de 11 escolares con habilidades especiales el pasado miércoles en el distrito ancashino de Santa. El análisis microbiológico determinó que el producto contenía histamina, sustancia que generó la reacción alérgica en los alumnos.  Ante ello, el programa social decidi resolver el contrato con el proveedor Roberto Gabriel Blas en el distrito de Santa, lugar donde se atiende a 275 escolares de escasos recursos económicos. Ellos se quedarán sin desayunos hasta el contrato de un nuevo proveedor de productos no perecederos. Se espera que la atención se regularice en una semana. “No podemos anular el contrato en los otros cinco distritos que el señor abastece. Cada distrito tiene un contrato separado y las cláusulas señalan que solo procede en el lugar donde se dio la alerta de riesgo”, señaló el presidente del Comité de Compras de Qali Warma para las provincias de la costa de Ancash, Enrique Paredes Nez. No obstante, Qali Warma inmovilizó desde la semana pasada el lote 80 cajas de conservas, de 24 unidades cada una, en todos los distritos que el proveedor Gabriel Blas abastece.","elcomercio","05/10/2013"
"Polémica. Las intoxicaciones de escolares por el programa Qali Warma han ocasionado una crisis al gobierno de Ollanta Humala","Publicidad: garteaga@comercio.com.pe SBADO 5 DE OCTUBRE DEL 2013  ZOOLOGA Insectos evitan aparearse ante lluvias — El descenso de la presión atmosférica antes de llover puede ser detectada por algunos insectos. As lo indica un estudio de la Universidad de São Paulo (Brasil). Los escarabajos, polillas y pulgones evitan aparearse al sentir estos cambios en el ambiente.  EL COMERCIO .A21 MOZILLA FIREFOX CIENCIAS  PLANETA TIERRA SALUD Un fármaco reduce los daños del infarto — El proyecto Metocad-CNIC concluyó, tras dos años de ensayo clínico, que la administración precoz de metoprolol reduce en 20% el daño sufrido en el corazón tras un infarto. El producto, que ya se emplea para tratar hipertensión, es una alternativa económica.  BLOOMBERG TECNOLOGÍA El Firefox OS llegará en el 2014 al Perú — Telefónica anunció que traerá el sistema operativo móvil Firefox OS al Perú y otros países de América Latina, a más tardar a inicios del 2014. Este sistema operativo desarrollado por Mozilla está basado enteramente en el moderno lenguaje de programación web HTML5.  Un estudio confirma que se continúan recetando antibióticos sin necesidad  Pese a las campañas informativas sobre sus perjuicios, la mayoría de médicos de EE.UU. los indican para afecciones que no los requieren.  MAL USO  Su abuso perjudica en lugar de ayudar  Los antibióticos solo tratan infecciones causadas por bacterias, y no resfriados, gripe ni otras enfermedades producidas por virus. Su uso indiscriminado genera resistencia a los tratamientos.  El análisis de las encuestas nacionales de salud realizadas en Estados Unidos señala que los médicos siguen recetando antibióticos sin necesidad. Los grandes peligros por su mal uso son hacer más resistentes a las bacterias y dañar el organismo.  Chicago [AP]. Las advertencias reiteradas de que los antibióticos no dan resultado en la mayoría de los casos de irritación de garganta y bronquitis no han detenido su uso excesivo.   La evidencia más clara es que los médicos los han recetado a la mayoría de adultos, en Estados Unidos, como parte de su tratamiento a una tasa que ha permanecido elevada durante más de una década.  Una reciente investigación, publicada en la revista especializada “Internal Medicine” del “Journal of American Medical Association” (JAMA), muestra que en el 2010 se recetaron antibióticos en el 60 % de los casos de consulta por irritación de garganta en consultorios y salas de emergencia, un porcentaje que no cede a lo largo de 10 años, pero inferior al 70 % de los años 90.  Los estudios se realizaron a partir de dos análisis de encuestas nacionales de salud, desde fines de la década de los años 90 hasta el año 2010. Además, abarcan más de dos millones de visitas anuales a consultorios médicos o salas de emergencia.  Muchos perjuicios  Los antibióticos pueden tener efectos secundarios negativos como dolor de estómago y diarrea severa, por lo que las recetas innecesarias colocan a los pacientes en riesgo.   Estos medicamentos también generan que los gérmenes sean más resistentes.  PRESIÓN DE TIEMPO  Es más fácil recetar un antibiótico que tomarse el tiempo en explicar por qué su uso no funciona en algunos casos.  La conclusión de la investigación revela que la reducción de recetas innecesarias es decepcionantemente lenta, afirmó el doctor Jeffrey Linder, médico investigador en la Escuela de Medicina de Harvard y el Hospital Brigham and Women’s (Boston), quien efectuó la investigación en colaboración con el doctor Michael Barnett, su colega de Brigham.  El doctor Reid Blackwelder, presidente de la Academia de Médicos Generales, señala que parte del problema se debe a que, cuando se demostró que la mayoría de los casos de irritación de garganta y bronquitis era causada por virus, como los resfriados y las gripes, se siguió recetando antibióticos, pese a que estos solo combaten infecciones ocasionadas por bacterias y no enfermedades víricas.   Los antibióticos se utilizan para tratar la neumonía bacterial, la mayoría de las infecciones urinarias, algunos tipos de infecciones oculares y auditivas, y algunos tipos de intoxicación alimentaria.  Las demandas de los pacientes y las presiones de tiempo de los médicos también tienen su incidencia: a menudo es más fácil recetar un antibiótico que tomarse el tiempo para explicar por qué su uso no funciona en algunas enfermedades, dijo Blackwelder. “Todos lo hemos hecho”, admitió el especialista.  El doctor Ed Septimus, profesor en el Centro de Ciencias de la Salud en la Universidad A&M de Texas, en Houston, comentó que el desarrollo de pruebas más expeditivas para identificar a los gérmenes causantes de irritación de garganta o bronquitis podría ayudar a disminuir esa práctica.  RESISTENCIA INTRÍNSECA  1  Los antibióticos están diseñados para actuar sobre bacterias sensibles a su composición.  Bacteria sensible  Bacteria resistente  Fármaco  2  Algunas pocas bacterias son resistentes y subsisten por el método de selección.  DNDE ACTÚAN, DNDE NO NO  Resfriados, gripes  SI  Algunas infecciones oculares  NO Bronquitis  SI  Intoxicación alimentaria (algunos tipos)  3  A través de generaciones sucesivas, la población se hace cada vez más resistente.  SI Infecciones urinarias  FUENTE: SALUD PÚBLICA DE MÉXICO ONLINE/AP  REUTERS  Gases de motores bloquean olfato de las abejas para localizar flores  París [AFP]. Un estudio realizado por la Universidad de Southampton (Reino Unido), determinó que los contaminantes atmosféricos emitidos por los motores de autos pueden perturbar la capacidad olfativa de las abejas.  “Los resultados indican que los óxidos de nitrógeno, sobre todo el dióxido de nitrógeno, serían capaces de perturbar el proceso olfativo que permite a las abejas localizar las flores”, resume Guy Poppy, biólogo a cargo de la investigación.   Los científicos utilizaron una síntesis química de ocho elementos que reproducen el perfume de una flor. Luego sometieron la mezcla a los gases generados por un motor diesel en un tarro cerrado.   Al cabo de solo un minuto, ","elcomercio","05/10/2013"
"Hora de aventura llega al mundo del juego en línea","Una serie animada se ha convertido en la preferida de la mayoría de niños e incluso de algunos padres de familia. Se llama ‘Adventure Time’ u ‘Hora de aventura’. Si usted sabe que su hijo es fanático de esta serie, debe seguir leyendo.  La página oficial de Cartoon Network Latinoamérica (http://www.cartoon-networkla.com/) cuenta con decenas de juegos entretenidos para niños con sus personajes principales. Y entre ellos destaca Hora de Aventura: la Aventura picante, juego inspirado en la popular serie.  Finn y Jake son los personajes principales del mundo de Ooo, que es en realidad la Tierra luego de la guerra de campeones que destruyó parte del planeta. Todos los habitantes son mutantes; y Finn, el único humano.  El argumento es sencillo: Finn y Jake (su perro) estaban durmiendo cuando Beemo (un videojuego portátil con vida) creó un juego para los personajes sin que lo supieran. Al despertar, se ven en islas flotantes con un mensaje que les exige diez piezas de videojuegos para rescatar a Beemo. La aventura se inicia.  Se trata de un juego en tres dimensiones que combina muchos elementos y puede ser recomendado a cualquier ‘gamer’, pero sobre todo es ideal para los pequeños en casa.   La calidad gráfica es bastante buena. Los personajes son iguales a la serie animada e incluso los diálogos los hacen los actores originales (en inglés, español y portugués).   Otro factor interesante es la variedad de niveles y desafíos que ofrece el juego, manteniendo siempre el espíritu divertido y creativo de la serie.","elcomercio","05/10/2013"
"Acuerdo entre mineros artesanales y gobierno","El acuerdo fue firmado tambin por el Alto Comisionado de la Minera de la Presidencia del Consejo de Ministros, Daniel Urresti, y por Esteban Siancas, presidente de la Confederacin Nacional de Mineros Artesanales y Pequeos Productores Mineros (Conami).  Horas antes, los mineros informales de las provincias punas de Sandia y Carabaya decidieron tambin levantar su protesta y participar en una mesa de trabajo con los representantes del Ejecutivo, luego de aceptar las propuestas planteadas por el Alto Comisionado de la Minera de la Presidencia del Consejo de Ministros, Daniel Urresti.  En el acta suscrita con la Federacin de Mineros Artesanales de las Provincias de Sandia y Carabaya (Femasac), se acord la instalacin de la mesa de trabajo en el departamento de Puno y el establecimiento de un cronograma que permitir abordar los problemas correspondientes a las zonas que representan. Se excluye del acuerdo los lugares donde se desarrollen actividades de mineria ilegal.  Urresti tambin alcanz acuerdos con los mineros de la Asociacin de Playeros de Ayapata – Mucumayo, de la provincia de Carabaya. Se comprometi a trabajar en una mesa tcnica de trabajo que analice alternativas de solucin.  En el acta suscrita en presencia de los representantes del Ministerio de Energa y Minas, Femasac se comprometi a levantar sus medidas de protesta. Tambin se convocar a la Superintendencia Nacional de Administracin Tributaria (Sunat) para que explique los alcances del sistema de detracciones vigente.  En el documento, firmado por el viceministro de Minas, Guillermo Shinno, y el director general de Formalizacin Minera, Jos Manuel Pando, se establece que el Ministerio de Energa y Minas capacitar a los mineros en aspectos vinculados a la seguridad, salud y medio ambiente.","elcomercio","05/10/2013"
"Rebelda. Ayer se sum a la protesta un grupo de mil mineros de la base de Tres Islas","Sebastin Castaeda  Sin Condena  Madre de Dios en crisis  El paro indefinido de mineros ilegales, que ayer haba alcanzado su quinto da, se sinti con fuerza en Puerto Maldonado, donde dos grifos cerraron por falta de combustible.  Tambin el mercado central de abastos no atendi al pblico, pues los comerciantes argumentaron que no tenan stock productos de la canasta familiar. Los pasajes subieron, as como el precio de los pocos alimentos que quedan en Puerto Maldonado. Se espera que con el levantamiento del paro minero, todo vuelva a la normalidad.","elcomercio","05/10/2013"
"Comparecencia","El Juzgado Provincial de Otuzco decidi otorgar comparecencia restringida a los 23 mineros informales que fueron detenidos por agentes de la Polica Nacional, luego de que el martes intentaran bloquear el kilmetro 62 de la carretera de penetracin a la sierra de La Libertad.  El proceso  El Ministerio Pblico los ha denunciado por alterar el orden pblico y bloquear las vas de comunicacin, pero ahora todos sern investigados en libertad. El abogado Adolfo Valverde Calipuy asegura que todos son inocentes.","elcomercio","05/10/2013"
"Mineros atacaron a los viajeros","Aunque el jueves la polica haba desbloqueado 40 kilmetros de la va Interocenica, ayer los mineros ilegales volvieron a aduearse de la pista. Cerraron la va desde el kilmetro 40, entrada al distrito de Laberinto, hasta Mazuco, en el distrito de Inambari. La gente tuvo que caminar y hacer transbordes y los vehculos fueron atacados con piedras por una turba que se apost en la carretera.  Incluso el periodista y el fotgrafo de este Diario fueron atacados por enfurecidos manifestantes, a la altura del kilmetro 48, en el sector de Florida Baja, por donde se ingresa a Laberinto. Estos lanzaron pedradas contra el vehculo que movilizaba al equipo de El Comercio y amedrentaron a los reporteros con cuchillos.  Otro equipo de periodistas de Amrica Televisin tambin sufri ataques y fue asaltado, segn denunciaron los agredidos ante la polica.  A solicitud de la Fiscal Mixta de Mazuco, en Madre de Dios, el Juzgado de Investigacin Preparatoria dict prisin preventiva para los mineros identificados como Vctor Augusto Ugarte Molleda, Celso Huayta Mamani, Wilfredo Lima Layme y Sixto Rmulo Mamani Paye, implicados en la agresin de tres efectivos policiales y en el bloqueo del puente Chaquiamayo. Los mineros al ser detenidos portaban una pistola y dos cacerinas abastecidas cada una con 12 municiones, de calibre 38 milmetros.  Adems se les incaut dos equipos de radio comunicacin y un GPS. Tambin abastecan de hondas a los otros manifestantes, para lanzar piedras.","elcomercio","05/10/2013"
"Sicarios asesinan a vigilante de obras","Cristina Fernndez  El vigilante fue asesinado mientras descansaba en un auto.  Dos delincuentes asesinaron de tres disparos en el pecho al vigilante de obras de construccin Kevin Varas Rodriguez, de 22 aos, y dejaron herido con 11 impactos de bala a un adolescente de 16. El hecho sucedi la madrugada de ayer en el pueblo joven La Molina, en Nuevo Chimbote. Segn la polica, Varas Rodriguez descansaba dentro de un auto junto a su amigo cuando los sicarios les dispararon. No hubo indicios de robo por lo que se sospecha fue una venganza entre gremios. Con esta nueva vctima ya suman 73 las personas asesinadas bajo la modalidad de sicariato en el distrito de Chimbote.","elcomercio","05/10/2013"
"Colombiano pierde pie al cruzar la frontera sur","Un ciudadano colombiano sufri la amputacin del pie derecho luego de quedar gravemente herido al pisar una mina antipersonal. Ello ocurri cuando se dirig a Tacna a Arica por un tramo no autorizado de la frontera Per-Chile. Anderson Rodriguez Carreo cruz la frontera caminando entre los hitos 11 y 12, cuando lleg a un campo minado a la altura de Quebrada de Escritos --territorio chileno-- donde deton dicho artefacto. El colombiano fue auxiliado y trasladado al hospital de Arica.","elcomercio","05/10/2013"
"Cifras","18 celulares decomis el Ministerio Pblico y la polica de Lambayeque durante una requisa en el penal de Picsi. Las autoridades ingresaron a las celdas de mxima seguridad donde tambin se hall droga.  4 grados fue la magnitud del sismo que se registr ayer a la 1:05 de la tarde en la localidad iquea de Palpa. El epicentro fue ubicado a 47 kilmetros al suroeste de la ciudad. No se reportaron daos materiales.","elcomercio","05/10/2013"
"Gregorio Santos ejecut el 39% de su presupuesto","La gestin de Gregorio Santos en el Gobierno Regional de Cajamarca ejecut solo el 39,4% de su presupuesto de inversiones al tercer trimestre del 2013, segn informacin difundida por el despacho de Juan Carlos Eguren. En el 2011, la regin gast hasta el tercer trimestre 240,6 millones de soles; en el 2012, baj a 231,8 millones; y este ao descendi a 142,9 millones. Cajamarca figura entre las cuatro regiones, de un total de 26, que ejecutaron menos del 40% de los recursos.  -SANTOS-  El presidente regional de Cajamarca, Gregorio Santos, no ejecuta bien su presupuesto.","elcomercio","05/10/2013"
"Consejo de regidores de Maynas aprueba la vacancia de su alcalde","Iquitos. Con 11 votos a favor y dos en contra, el Concejo de Regidores de la Municipalidad Provincial de Maynas, en la regin Loreto, aprob la vacancia del alcalde suspendido Charles Mayer Zevallos Eyzaguirre.  La solicitud de vacancia fue presentada por el ciudadano Adolfo Flores Morey. La razn fue la incapacidad fsica y mental de la ex autoridad, quien en el ao 2011 sufri un accidente al caerse de un parapente mientras se encontraba en Lima.  Zevallos Eyzaguirre lleg hasta la comuna para presenciar la sesin de concejo, sin presentar un nuevo examen mdico que certificara su buen estado de salud para volver a su cargo. Esta situacin no convinco a los concejales, quienes por mayora aprobaron vacarlo.  Se reconsider la Nulidad  Ser visto por el JNE   En sesin de regidores de Maynas, el pasado 25 de julio, se haba declarado la nulidad de la vacancia de Charles Zevallos. Desde ayer, luego de que se reconsiderara la nulidad y se declarara su vacancia, el caso ser elevado al Jurado Nacional de Elecciones (JNE).  Cabe precisar que el Jurado Nacional de Elecciones solicit al Concejo Provincial de Maynas que este dispusiera una evaluacin mdica, de manera que sea el Ministerio de Salud o Essalud el que dictamine el estado de salud del suspendido burgomaestre. Sin embargo, este requerimiento nunca se present como orden el jurado. En tanto, esta sesin de concejo se dio luego de que el denunciante Adolfo Flores apelara ante el Jurado Nacional de Elecciones la decisin que tomaran los regidores.","elcomercio","05/10/2013"
"Fenmeno de La Niña se debilita en las costas peruanas","El Comit Encargado del Estudio Nacional del Fenmeno de El Nio (Enfen) inform ayer que el Fenmeno de La Nia, que se caracteriza por el enfriamiento del ocano, ingres a una etapa de debilitamiento desde setiembre en todo el litoral peruano.  El Enfen preciso que el debilitamiento del evento de La Nia guarda relacin con la temperatura del agua del mar, el nivel medio del mismo y las temperaturas del aire observados a lo largo del litoral. Seal que, de acuerdo con los pronsticos de las agencias internacionales para los prximos seis meses, la perspectiva es una baja probabilidd de las condiciones de El Nio o La Nia.  En la regin norte y centro del mar, se espera que los indicadores reproductivos de la anchoveta mantengan su comportamiento dentro del patrn histrico.","elcomercio","05/10/2013"
"Hombre mata a taxista y hiere a ladrn para evitar asalto","Un empresario tom el servicio de una empresa formal en Arequipa y cuando se vio rodeado por delincuentes, us su arma de fuego. Cada da hay cinco secuestros al paso en la ciudad.  Carlos Zanabria  El empresario dispar seis veces; una de las balas hiri al asaltante Daniel Gonzalez Larrea, chiclayano de 28 aos, y otra impact en la parte delantera del automvil de los atacantes.  Daniel Gonzalez fue abandonado por sus cmplices en la puerta del hospital Goyeneche, tena un impacto de bala en el abdomen. Ayer se supo que el lunes 30 de septiembre haba salido del penal de Socabaya, donde estuvo preso por posesin ilegal de armas. En su declaracin ante el fiscal Antonio Chacn, dijo que no particip del intento de asalto y que fue herido en otro lugar.  El empresario Eloy Tamayo estuvo detenido hasta las 8:30 p.m., pero luego el fiscal Chacn desestim pedir la prisin preventiva para l y acept la presuncin de legtima defensa en su caso.","elcomercio","05/10/2013"
"Trabajadores de Pucal piden nulidad del fallo de juzgado","Lambayeque. Al da siguiente de que el juez del Tercer Juzgado Civil de Chiclayo, Gustavo Sanchez Chacon, inmovilizara la venta de azcar de la empresa Pucal, el abogado de la comisin de trabajadores que tiene la empresa, Wilfredo Chero Villegas, interpuso un recurso de nulidad contra esa orden judicial. Chero lo hizo ante ese mismo juzgado.  El abogado tambin denunci ante el Ministerio Pblico al magistrado Sanchez por abuso de autoridad y prevaricato. Asimismo, dej una queja contra l ante la Oficina Desconcentrada de Control de la Magistratura por inconducta funcional y actuar de modo parcializado.  Chero argumenta que la inmovilizacin del azcar obligar a paralizar la fbrica pues no habra recursos para cancelar los sueldos de los trabajadores y de los jubilados. Adems, seal que no se responsabiliza por los hechos de violencia que podran ocurrir a partir del lunes.  En tanto, un grupo de jubilados de Ptapo denunci que desconocidos --que segn ellos fueron contratados por la comisin que administra la empresa-- los expulsaron a la fuerza del lugar donde hacan un plantn porque hace tres meses no se les paga sus CTS.","elcomercio","05/10/2013"
"El loco del martillo","Hoy en día, uno pensaría que... ","elcomercio","05/10/2013"
"Un hombre se prende a lo bonzo en pleno Washington","Washington [AGENCIAS]. Un hombre se prendió fuego ayer en el gran parque central de la capital estadounidense, conocido como el ‘National Mall’, y fue trasladado en helicóptero a un hospital local con graves lesiones.  Un equipo de emergencias acudi a la intersección entre las calles 7 y Madison Drive, en la explanada ubicada entre el Capitolio y el monumento a George Washington, donde se encontraba la víctima, que no fue identifiñada.  Según la cadena CNN, no está claro si se trata de un accidente o de un ataque premeditado. Los bomberos respondieron al llamado sobre un hombre envuelto en llamas. Una testigo dijo que vio a un hombre rociarse la cabeza con gasolina de un contenedor rojo y luego prenderse fuego. Ola muy fuerte a carne quemada, añadió.  El portavoz del Departamento de Bomberos de Washington D.C., Tim Wilson, detalló que el hombre tenía lesiones que ponen en riesgo su vida. La vocera de la policía, Saray Leon, agregó que el sujeto estaba consciente y respirando cuando los bomberos acudieron en su ayuda.  Las autoridades policiales no han hecho mayores declaraciones sobre el incidente, ocurrido un día después de que una mujer intentara traspasar con su vehículo una barrera cerca de la Casa Blanca, lo que desencadenó una persecución hasta el Capitolio, donde fue abatida a tiros por la policía.","elcomercio","05/10/2013"
"Habla un testigo","Vi a un policía correr hacia su vehículo y volver con hielo y botellas de agua. Algunos transeúntes se quitaban las camisetas para apagar el fuego, contó una turista de 29 años que estuvo cerca del lugar.","elcomercio","05/10/2013"
"Atención urgente","Vi a un policía correr hacia su vehículo y volver con hielo y botellas de agua. Algunos transeúntes se quitaban las camisetas para apagar el fuego, contó una turista de 29 años que estuvo cerca del lugar.","elcomercio","05/10/2013"
"El general victorioso de las guerras de Vietnam fallece a los 102 años","Vo Nguyen Giap fue el artífice de la retirada de las tropas francesas y estadounidenses.  Hanoi [AGENCIAS]. Las autoridades vietnamitas confirmaron ayer el fallecimiento de Vo Nguyen Giap, héroe de la independencia del país y considerado uno de los estrategas militares más brillantes de la historia. Sus logros justifican semejante título: bajo su dirección, las tropas vietnamitas consiguieron expulsar primero a los franceses y luego a las tropas de los Estados Unidos, nada menos que la primera potencia militar del mundo.  Giap, que también era el último dirigente histórico del Vietnam comunista con vida, expir ayer en el Hospital Militar 108 de Hanoi, donde recibía tratamiento hacía tres años. Para sus compatriotas, era el segundo personaje más respetado, solo detrás de Ho Chi Minh. Tenía 102 años.  Soldado autodidacta Los méritos militares de Giap se realzan por el hecho de que su formación castrense era muy escasa. Hijo de un hombre culto, pero pobre, admiraba de pequeño a Sun Tzu y a Napoleón, pero no parecía destinado a ser soldado. Lejos de eso, estudi Economía y luego trabajó como profesor universitario y periodista para publicaciones clandestinas. Como miembro del Partido Comunista de Indochina, huy a China en 1939, donde conoció a Ho Chi Minh, que ya estaba planeando la revolución en su país. Regres con Ho a las junglas del norte de Vietnam en 1941 para entrenar a un ejército de soldados campesinos revolucionarios.  Ho proclam su primer gobierno el 2 de septiembre de 1945 y nombró a Giap ministro del Interior, jefe del Ejército y luego ministro de Defensa.  Los revolucionarios se vieron obligados a volver a la jungla cuando las tropas francesas impusieron nuevamente el dominio colonial al término de la Segunda Guerra Mundial, desencadenando un conflicto de nueve años que terminó con la victoria de los vietnamitas en Dien Bien Phu.  Una leyenda militar El vencedor de Vietnam Giap fue el comandante en jefe del Ejército durante todo el conflicto posterior con los estadounidenses y el régimen de Vietnam del Sur, apoyado por Estados Unidos, que se convirtió en una guerra total a partir de 1965.  Victoria decisiva La caída de Saigon (capital de Vietnam del Sur), el 30 de abril de 1975, selló la victoria norvietnamita y convirtió a Giap en leyenda.  Nuevas estrategias Giap desarrolló las tácticas de guerra de guerrillas, que luego fueron imitadas por movimientos revolucionarios de todo el mundo.  Éxito y ocaso Giap fue marginado de la cúpula del poder vietnamita en 1975, luego del ﬁnal de la guerra, y desbancado del Ministerio de Defensa en 1982. Se retiró de la política en 1991.","elcomercio","05/10/2013"
"Reino Unido","La policía investiga miles de llamadas por el Caso Madeleine McCann  La policía británica analiza los datos de miles de celulares de personas que estaban en el complejo turístico de Portugal donde desapareció la niña Madeleine McCann, en el 2007. El inspector a cargo de este caso, que fue reabierto por Scotland Yard, dio esta información ayer en Londres. Hasta ahora la policía tiene 41 sospechosos, de los cuales 15 son británicos. No obstante, nadie ha sido acusado formalmente.  Desaparecida. Madeleine McCann.","elcomercio","05/10/2013"
"Italia","Mal tiempo dificulta el rescate en Lampedusa  Debido a las malas condiciones del mar, ayer qued suspendida la búsqueda de los restos de más inmigrantes fallecidos en el naufragio de una embarcación frente a las costas de Lampedusa (Italia). Los equipos de rescate confirmaron ayer que han recuperado hasta ahora 111 cuerpos y esperan encontrar más de un centenar en la embarcación, que transportaba a unas 500 personas.  Cifras  14 muertos y 19 heridos dej un accidente de autobús cerca de Ciudad de México. El vehículo cay 50 metros por un barranco.  25 personas procedentes de Centroamérica y Ecuador fueron detenidas en México. Entre ellas hay siete menores. A todos se los acusa de encontrarse en el país de manera ilegal.","elcomercio","05/10/2013"
"Santa Sede","El Papa declina comer con el primer ministro italiano  El Papa realizó ayer su primer viaje a Asís, cuna del santo al que le debe su nombre pontíﬁcio. All reafirmó su voluntad de estar con los pobres y despojar a la Iglesia de todo lo mundano. Francisco declinó comer con el primer ministro italiano, Enrico Letta, quien había acudido a Asís para la misa por el día del patrono del país. En vez de eso, el Papa comió con 55 personas pobres de un centro de acogida.","elcomercio","05/10/2013"
"El final de 41 años de aislamiento en prisión","Un reo fue liberado tras pasar más de la mitad de su vida incomunicado. Ayer falleció.  Roger Zuñiga Ruiz  El estadounidense Herman Wallace estuvo preso en régimen de aislamiento en una prisión de Louisiana, EE.UU., durante 41 de sus 72 años, condenado por un crimen que siempre negó y sobre el que aún hay dudas. El martes recuperó la libertad, justo a tiempo para morir dignamente. Ayer falleció, víctima de cáncer al hígado.  Wallace, un ex pantera negra, fue uno de los denominados Tres de Angola (los otros dos son Albert Woodfox y Robert King), llamados así por el nombre de la prisión donde fueron recluidos en régimen de aislamiento. Construida sobre lo que fue una plantación donde trabajaban esclavos de Angola, esta cárcel es temida por su duro régimen.  En 1972, Wallace y Woodfox, que ya purgaban prisión en Angola por casos distintos de robo a mano armada, fueron declarados culpables del asesinato del guardia de prisiones Brent Miller, condenados a cadena perpetua y recluidos en régimen de aislamiento, al igual que King, sentenciado por otro delito.  Amnistía Internacional, que lideró una campaña para que se imponga un régimen menos riguroso y se revise el caso de Wallace y Woodfox, documentó en el 2011 que desde 1972 los tres permanecían encerrados en sus celdas durante 23 horas del día y tenían derecho a estar una hora al aire libre en una jaula de 1,8 por 4,5 metros.  En cuanto a las celdas, Amnistía Internacional comprobó que medían dos por tres metros. Lo único que pueden ver desde el interior es un área pequeña justo del otro lado de los barrotes en la parte delantera. Cada celda tiene un inodoro, un colchón sobre una plataforma de acero, sabanas, una manta, una almohada y un banco pequeño de metal sujetado a la pared. La luz natural se limita a una ventana muy pequeña situada al fondo de la celda, anota la organización en un informe titulado Estados Unidos: cien años en régimen de aislamiento. Los Tres de Angola y su lucha por la justicia.  En el aspecto legal también hay cuestionamientos. Amnistía Internacional critica la condena a Wallace y Woodfox, y alega que nunca se encontraron pruebas que los vinculen con el asesinato del guardia. Remarca además que se perdieron pruebas de ADN con las que se habría demostrado su inocencia y que se ha comprobado que el testigo principal del caso fue sobornado por funcionarios de la prisión para que acuse a los dos hombres. La ﬁscal ocultó el falso testimonio de otro acusador y que un tercer testigo se retractó.  La condena a Woodfox fue anulada dos veces y en el 2008 se ordenó un nuevo juicio, pero dos años después esta última decisión fue revocada por una corte de apelaciones.  En el caso de Wallace, en el 2006 una comisión judicial del estado de Luisiana recomendó que se le revocara la sentencia, pero el pedido fue rechazado por la Corte Suprema.  Tanto Wallace como Woodfox siempre han alegado que se les acusó falsamente, en venganza por su actividad política. Ambos fundaron en prisión una filial del Partido de los Panteras Negras (luego se les unió Robert King), el grupo radical que luchaba por los derechos de los negros. Su objetivo? Conseguir mejores condiciones para los reclusos de raza negra.  King fue liberado en el 2001, Woodfox sigue en prisión y Wallace ya partió. Quince días antes de que lo liberaran, suplicó a las autoridades que lo liberaran.","elcomercio","05/10/2013"
"Alma libre","Herman Wallace permanecía encerrado 23 horas al día. Tenía derecho a pasar una hora al aire libre en una jaula de 1,8x4,5 metros.  Amnistía Internacional alega que nunca se encontraron pruebas materiales que lo vinculen con el asesinato de un guardia de la prisión.","elcomercio","05/10/2013"
"Un periodista denuncia amenazas en Ecuador","Quito [AFP]. El periodista ecuatoriano Juan Carlos Calderón, conocido crítico del gobierno que ya fue enjuiciado por el presidente Rafael Correa, denunció ayer ante la fiscalía que ha recibido amenazas de muerte a razón de una investigación sobre supuestos actos de corrupción.  Presenté la denuncia respectiva ante un fiscal en Quito, luego de recibir un mensaje amenazante al teléfono y las advertencias verbales de que me pueden costar la vida estas publicaciones, dijo Calderón.  El periodista dijo que fue intimidado tras publicar un reportaje en la revista digital Plan V sobre presuntos malos manejos en la contratación de seguros para empresas estatales.  En el 2011, Correa demandó por daño moral a Calderón y a su colega Christian Zurita, autores de un libro que reveló contratos irregulares de un hermano del mandatario con el Estado. El juicio fue archivado en el 2012 por pedido del presidente, quien los perdon luego de conseguir un primer fallo que los declaraba culpables.","elcomercio","05/10/2013"
"Bolívar","Luego del fracaso de las Campañas de Intermedios y ante la amenaza de la invasión de Lima por Canterac, los congresistas dieron el mando militar y facultades ejecutivas a Sucre. Torre Tagle, presidente nombrado, sintió disminuida su autoridad, lo que se agudizó al llegar Bolívar en septiembre de 1823. Aún así, siguió colaborando y cumplió con el encargo del Libertador para negociar con los españoles y dar tiempo a la llegada de los refuerzos colombianos.  Durante estas negociaciones, se sospechó que Torre Tagle no cumpliera las instrucciones. Y la sospecha creció al conocerse que un tío suyo tomaba su nombre para negociar con el general español Ramón Rodil la conformación de un gobierno compartido con el virrey La Serna. Esto coincidió con el levantamiento de las tropas patriotas del Real Felipe, que reclamaban su paga y que entregaron la plaza a los presos españoles y a Rodil, y con el reingreso a Lima de los realistas, al mando de Monet.  Bolívar atribuyó todo a la conjura de Torre Tagle y ordenó su arresto y fusilamiento. Temeroso, pasó al bando enemigo y tras la retirada de las tropas de Monet, con su familia y 4.000 españoles, se asiló en la fortaleza del Callao, controlada por Rodil.  Las condiciones de vida al interior del castillo fueron muy duras. El sitio y el hacinamiento trajeron epidemias y hambre. Solo 200 españoles sobrevivieron al sitio. Torre Tagle, su esposa y uno de sus hijos  Extremos Vivi asilado, entre epidemias y hambrunas  Un testigo extranjero, Jacobo von Tschudi, cuenta que los refugiados en el Real Felipe como Torre Tagle terminaron comiendo asnos, ratas y peces podridos varados por el mar. Los que tenían fortuna la gastaron comprando alimentos a precios exorbitantes. Un macabro negocio.  Escenarios El firme proceso de la independencia peruana  El destino del Perú, en el proceso independentista, estaba marcado por las revoluciones norteamericana y francesa, la invasión napoleónica de España, y la Constitución liberal de 1812, como en casi toda América.  Torre Tagle muri negando la traición. Denunció que todo había sido un plan maquiavélico urdido por Bolívar para consolidar su poder.  Pudo ser coincidencia, traición o infortunio, pero lo cierto es que la situación y el Perú necesitaban un mando único, con capacidad militar y genio como el del Libertador.  Finalmente, la gran historia pasó por sobre Torre Tagle y su rival Riva Agüero, porque el proceso de la independencia era indetenible. Traidor o no, Torre Tagle era muy pequeño para un escenario de gigantes.","elcomercio","05/10/2013"
"Programa Barrio Mío","La alcaldesa de Lima, Susana Villarán, inauguró ayer tres muros de contención y seis escaleras en el asentamiento humano Andrés Avelino Cáceres, en Ate. En las obras, que son parte del programa Barrio Mío, se invirtieron S/.1078.414. Los pobladores solicitaron a la alcaldesa que se inicien trabajos de agua y alcantarillado. Eso solo depende del presidente Ollanta Humala. Yo me comprometo a comunicárselo personalmente, respondió ella.  Plazo. Las obras se realizaron en 45 días.","elcomercio","05/10/2013"
"Del 5 al 8 de este mes","Se podrá ingresar gratis a la nueva sala Paracas. El Ministerio de Cultura dispuso el ingreso gratuito al Museo Nacional de Arqueología, Antropología e Historia del Perú, ubicado en la plaza Bolívar, en Pueblo Libre. La medida aplicará del viernes 5 al martes 8 de octubre y permitirá al público conocer la nueva sala Paracas. Allí se exhiben por primera vez más de 40 textiles de esa cultura. El museo abre de martes a domingo, de 8:45 a.m. a 4 p.m.","elcomercio","05/10/2013"
"Modificación legal","Partidas de matrimonio ya se expiden en Reniec. Desde ayer las parejas que celebraron su matrimonio en el Cercado de Lima podrán solicitar sus partidas en el Registro Nacional de Identificación y Estado Civil (Reniec). Una resolución del Reniec publicada ayer en El Peruano dispone el traslado de esta documentación, incluidos títulos archivados e información electrónica al respecto. La norma revoca las facultades registrales de la oficina municipal de la comuna metropolitana.","elcomercio","05/10/2013"
"Cercado de Lima","Un cortocircuito causa incendio en pasaje Olaya. Un incendio consumió ayer el departamento 401 de un edificio ubicado en el pasaje Olaya, en el Cercado de Lima. Agentes policiales que atendieron la emergencia confirmaron que el fuego fue causado por un cortocircuito. Tres unidades de bomberos acudieron a la zona para evitar que las llamas alcanzaran los departamentos contiguos. La comuna limeña dijo que otorgará donaciones a los damnificados.  El edificio siniestrado pertenece a la Beneficencia de Lima.","elcomercio","05/10/2013"
"Con fondos de rifá restaurarán altar mayor de la iglesia de San Marcelo","La parroquia San Marcelo, la tercera iglesia más antigua de Lima, es restaurada por iniciativa de sus fieles. Ellos organizarán en diciembre una rifá para reunir fondos que les permitan costear la restauración del altar mayor del templo.  La parroquia, ubicada en el jirón Rufino Torrico, tiene particular relevancia en el Centro Histórico: fue instaurada por Santo Toribio de Mogrovejo en 1585.  El párroco Santiago Caballero Larrea detalló a El Comercio que los trabajos de restauración del templo comenzaron hace tres años. Hemos logrado restaurar el 70% de la iglesia con fondos obtenidos gracias a la ayuda de los fieles. Ahora nos toca el altar mayor, señaló. Los boletos de la rifá se podrán conseguir hasta la primera semana de diciembre en la misma parroquia.  La restauración del altar, dedicado a la Virgen de los Remedios, durará dos años, estimó el padre Caballero.  Patrimonio. San Marcelo es una joya del arte churrigueresco. Su restauración se inició hace 3 años con fondos obtenidos en rifás.","elcomercio","05/10/2013"
"Negocio inmobiliario en la Estancia de Lunahuaná","Los generales PNP Raúl Salazar y Víctor Castaeda avalaron pago a empresa DPI. En diciembre del 2011, ambos autorizaron el pago por adelantado de S/.45 millones a la inmobiliaria DPI por 502 casas en La Estancia de Lunahuaná.  Este Diario reconstruyó la cadena de decisiones en Fovipol en el negocio inmobiliario con DPI. Mientras tanto, la Procuraduría Anticorrupción informó que pedir al fiscal incluir a Rodolfo Banchero en el caso por malversación de fondos y colusión.  Unidad de Investigación  Fabiola Torres López  La Procuraduría Anticorrupción informó que solicitará al Ministerio Público incluir al empresario Rodolfo Banchero Zavala, dueño de la constructora DPI, en la investigación por malversación de fondos y colusión en el caso del pago que hizo el Fondo de Vivienda Policial (Fovipol) a su inmobiliaria por 502 casas en La Estancia de Lunahuaná, construidas en terrenos en litigio y entregadas a destiempo sin servicios básicos.  El Comercio reveló ayer que dos directorios de Fovipol, entre el 2011 y el 2012, acordaron este negocio inmobiliario con Rodolfo Banchero, que implicó el desembolso de S/.45153.869 a su empresa, aún cuando conocían que las tierras del proyecto habitacional estaban en juicio por la propiedad.  El caso está en manos de la titular de la Primera Fiscalía Anticorrupción, Gladys Rojas, quien investiga por malversación de fondos y colusión a un general, cinco coroneles, un suboficial de la policía y al representante legal de la empresa DPI, Juan Rodríguez Uriol.  Al más alto nivel  Según la ley, el directorio de Fovipol depende del director general de la policía, quien nombra a todos sus miembros.  Rodolfo Banchero tiene 23 denuncias por estafa en fiscales penales de Lima y sus inmobiliarias Inversiones M y S y Negociaciones Ara del Norte, ya habían construido otras 976 viviendas para la policía entre el 2004 y el 2010 en Lunahuaná con los mismos problemas legales del terreno.  Cadena de decisiones  Pero quiénes ordenaron firmar el 2011 un nuevo convenio con otra empresa de Banchero para la construcción de 502 casas pesar a sus antecedentes? Quienes dispusieron que se le pague más de S/.45 millones por adelantado? Parte de las respuestas están en documentos relevantes que revisó El Comercio y que la fiscal Gladys Rojas Castro tomará en cuenta para contrastar las manifestaciones que ya rindieron cuatro ex directivos de Fovipol.","elcomercio","05/10/2013"
"Empresa, aun cuando conocían que las tierras del proyecto habitacional estaban en juicio por la propiedad.","El caso está en manos de la titular de la Primera Fiscalía Anticorrupción, Gladys Rojas, quien investiga por malversación de fondos y colusión a un general, cinco coroneles, un suboficial de la Policía y al representante legal de la empresa DPI, Juan Rodríguez Uriol.  AL MÁS ALTO NIVEL  Según la ley, el directorio de Fovipol depende del director general de la Policía, quien nombra a todos sus miembros.  Rodolfo Banchero tiene 23 denuncias por estafa en fiscalías penales de Lima y sus inmobiliarias Inversiones M y S y Negociaciones Ara del Norte, ya habían construido otras 976 viviendas para la Policía entre el 2004 y el 2010 en Lunahuaná con los mismos problemas legales del terreno.  Cadena de decisiones  Pero quiénes ordenaron firmar en el 2011 un nuevo convenio con otra empresa de Banchero para la construcción de 502 casas pesar a sus antecedentes? Quienes dispusieron que se le pague más de S/.45 millones por adelantado? Parte de las respuestas están en documentos relevantes que revisó El Comercio y que la fiscal Gladys Rojas Castro tomará en cuenta para contrastar las manifestaciones que ya rindieron cuatro ex directivos de Fovipol.  En el diagrama adjunto, este Diario reconstruyó la cadena de responsabilidades en este caso y halló que la decisión de hacer negocios con DPI y de pagarle por adelantado fue tomada por los directorios de Fovipol del 2011 y 2012, presididos por los generales PNP Néstor Zegarra Silva y Víctor Castaeda Parrales, respectivamente.   Ellos tuvieron el aval de sus respectivos directores generales de la Policía, los generales PNP Raúl Becerra Velarde y Raúl Salazar Salazar.  La manifestación del gerente  El coronel PNP Omar Navarro Egúsquiza fue el gerente general de Fovipol entre el 2011 y 2012, tiempo en el que se firmó el convenio y se realizó la operación financiera con la empresa DPI. El 13 de abril del 2011, el directorio presidido por el general PNP Néstor Zegarra Silva facultó a Navarro a firmar el convenio con DPI para la construcción de casas que adquirirían los policías. Y meses después, el 31 de diciembre de ese mismo año, el directorio encabezado por el general PNP Víctor Castaeda Parrales, le ordenó pagar los S/.45153.869.  Esta última decisión fue solo una formalidad porque el pago ya se había desembolsado en la cuenta de la constructora DPI en tres partes los días 16, 27 y 29 de diciembre del 2011.  En su manifestación a la fiscal, el general PNP Néstor Zegarra aseguró que solo siguió “las órdenes expresas que ambos directorios le dieron por unanimidad”. Sin embargo, otros tres ex miembros de Fovipol que también rindieron su declaración, entre ellos el general PNP Víctor Castaeda (en el retiro desde el 5 de mayo del 2012), intentaron liberarse de responsabilidades.  Estuve menos de un año en Fovipol. Sobre los criterios de calificación para elegir a la constructora DPI, que responda el gerente general. Sobre la operación financiera, también. El directorio le dijo que actuara conforme a la ley, declar Castaeda a la fiscal.  LA CADENA DE DECISIONES  HABLA EL ACTUAL GERENTE  Quiénes autorizaron el convenio?  Estos son los oficiales que decidieron el convenio con la constructora y el pago de más de 45 mlls. de soles.  MINISTRO DEL INTERIOR  Miguel Hidalgo  EL CONVENIO CON DPI  13 de julio del 2011  MINISTRO DEL INTERIOR  Óscar Valdés  EL PAGO A DPI  16, 27 y 29 de diciembre del 2011  GRAL. PNP RAÚL BECERRA  Director general PNP  Del 26 de noviembre del 2010 al 15 de octubre del 2011  GRAL. PNP RAÚL SALAZAR  Director general PNP  Del 15 de octubre del 2011 al 6 de marzo del 2013  GRAL. NÉSTOR ZEGARRA SILVA  Pdte. del directorio de Fovipol en el primer semestre del 2011  GRAL. VÍCTOR CASTAEDA  Pdte. del directorio de Fovipol del 15 de octubre del 2011 al 5 de mayo del 2012  CORONEL PNP OMAR NAVARRO  Gerente general de Fovipol entre el 2011 y el 2012.  Salazar designa a Zegarra como inspector general el 15 de octubre del 2011.  Salazar designa a Castaeda como jefe del Estado Mayor el 15 de octubre del 2011.  EL REGRESO DE CASTAEDA  El general PNP Víctor Castaeda pas al retiro en diciembre del 2008, pero a mediados del 2011 reingresó a la Policía con una medida cautelar.  RODOLFO BANCHERO ZAVALA  Es el propietario de la constructora DPI, que vendió las 502 casas en planos al Fondo de Vivienda Policial en el 2011.  Fuente: EL COMERCIO/DOCUMENTACIÓN DE FOVIPOL  LÍNEA DE TIEMPO  Estamos reorganizando Fovipol  El actual gerente general del Fondo de Vivienda Policial (Fovipol), el coronel PNP Herly Rojas, aseguró ayer que no se abandonará a las familias que recibieron casas construidas en terrenos en litigio y sin servicios básicos en el conjunto habitacional La Estancia de Lunahuaná. Rojas adelantó que, al margen de las acciones penales contra la constructora DPI y oficiales de su institución que llevaron a sus aportantes a realizar un perjudicial negocio inmobiliario, Fovipol evalúa presentar una demanda por daños y perjuicios contra la empresa de propiedad del empresario Rodolfo Banchero.  El coronel PNP Rojas detalló que, de las 502 viviendas pagadas por adelantado a DPI en el 2011, 150 casas aún no han sido entregadas. De ese grupo, 58 todavía ni siquiera han sido construidas, como lo constató representantes de Fovipol y de la Contraloría durante una visita de inspección en el conjunto habitacional La Estancia de Lunahuaná, realizada el 3 de septiembre.  Uno de los problemas hallados por el actual gerente general de Fovipol es el caos documentario de los créditos de casas adjudicadas en La Estancia de Lunahuaná y otros proyectos habitacionales en el interior del país.  Nosotros estamos haciendo una reorganización total de Fovipol. Vamos a poner en orden la situación legal de las casas vendidas y también los préstamos otorgados porque el sistema informático era un caos y lo hemos declarado en emergencia, aseguró ayer el coronel PNP Herly Rojas.  El Comercio intentó comunicarse ayer con los generales PNP (r) Raúl Salazar y Raúl Becerra para que expusieran sus descargos, pero hasta el cierre de esta edición no contestaron las llamadas hechas a sus celulares.  FISCALIZACIÓN  La Contralora audita el Fondo de Vivienda Policial y elabora un informe sobre los convenios realizados con constructoras.  La Inspectoría General de la Policía investigó en el 2012 el pago a la empresa DPI, pero no ha informado sus resultados.  13/7/2011  El gerente general de Fovipol, Omar Navarro, suscribió el convenio con la empresa DPI para comprar en planos 2.696 viviendas en La Estancia de Lunahuaná, las cuales se harían por etapas.  16/12/2011  El directorio de Fovipol aprueba una adenda al convenio y faculta a Omar Navarro a desembolsar S/.18198.869 a la constructora DPI por 202 viviendas. Se había firmado un contrato de compraventa de bienes a futuro.  El desembolso paso a paso  27/12/2011  El gerente general de Fovipol, Omar Navarro, pagó US$10 millones en dos partes a DPI por otras 300 viviendas en La Estancia de Lunahuaná. El pago se hizo el 27 y 29 de diciembre.  31/12/2011  Se reabrió el acta de sesión de directorio de Fovipol N°405 para autorizar el financiamiento de otras 300 viviendas en La Estancia de Lunahuaná. El pago se formalizó después de que se ejecutara.  10/9/2012  La empresa DPI envió una carta a Fovipol y señaló que ya se habían entregado 502 viviendas. Sin embargo, no existían en ese período las actas de entrega de las casas. La cantidad total desembolsada por Fovipol fue de S/.45153.869.","elcomercio","05/10/2013"
"Mineros de Madre de Dios y Puno levantan protesta y acuerdan diálogo","Paro de mineros ilegales había alcanzado su quinto día en Puerto Maldonado, donde el mercado central no atendió y cerraron dos grifos.  Los mineros ilegales de Madre de Dios y Puno acordaron levantar su medida de protesta tras sendas reuniones con el Ejecutivo. En el caso de Puno, se instalará una mesa de trabajo con los mineros informales para buscar alternativas a sus demandas.  CORRESPONSALES  Lima/Puno/Madre de Dios. Ayer en la noche, Luis Otsuca, presidente de la Federación de Mineros de Madre de Dios, firmó un acta de acuerdo con el Gobierno Central para levantar la medida de protesta que, durante cinco días, mantuvo en crisis a la ciudad de Puerto Maldonado.  El acuerdo fue firmado también por el Alto Comisionado de la Minería de la Presidencia del Consejo de Ministros, Daniel Urresti, y por Esteban Siancas, presidente de la Confederación Nacional de Mineros Artesanales y Pequeños Productores Mineros (CONAMI).  Horas antes, los mineros informales de las provincias punenas de Sandia y Carabaya decidieron también levantar su protesta y participar en una mesa de trabajo con los representantes del Ejecutivo, luego de aceptar las propuestas planteadas por el Alto Comisionado de la Minería de la Presidencia del Consejo de Ministros, Daniel Urresti.  En el acta suscrita con la Federación de Mineros Artesanales de las Provincias de Sandia y Carabaya (FEMASAC), se acordó la instalación de la mesa de trabajo en el departamento de Puno y el establecimiento de un cronograma que permitirá abordar los problemas correspondientes a las zonas que representan. Se excluye del acuerdo los lugares donde se desarrollen actividades de minería ilegal.  Urresti también alcanzó acuerdos con los mineros de la Asociación de Playeros de Ayapata – Mucumayo, de la provincia de Carabaya. Se comprometió a trabajar en una mesa técnica de trabajo que analice alternativas de solución.","elcomercio","05/10/2013"
"Competitividad y amistad fuera del mar","“Es bueno para el tour que Sofá haya ganado ahí, en medio de la nada..., dijo Gilmore, en esa oportunidad, y su respuesta son a piconera. Pero la competitividad entre las dos desaparece al secarse el agua de sus cuerpos; afuera del mar, ambas tablistas son amigas. Desde el jueves hasta ayer, estuvieron corriendo en la playa de Guinchos en Portugal.  Para Stephanie eran las últimas olas del tour mundial este año. Para Sofá, las últimas de su carrera en el circuito lite del surf. Ambas, amigas y rivales, compartieron la sal –y el azúcar– de este momento.  — Muchas personas piensan que tú y Sofá son grandes rivales. Sofá siempre fue una competidora muy dura de vencer. Es una campeona mundial! Ella tiene un gran talento para la tabla y siempre fue durísimo tratar de ganarle en los diferentes eventos en los que hemos competido. Hemos tenido grandes duelos en todos estos años. Pero todo queda dentro del agua. Somos buenas amigas.  — En Portugal compitió en su último evento del tour mundial. S. Sofá acaba de retirarse y me pone bastante triste ver que está poniéndole fin a esta historia. Pero, eso sí, tuvo una carrera increíble. Ahora le toca entrar a una nueva etapa en su vida. Todas pasamos por eso.  — Has corrido olas en nuestro país WTC (World Tour Championship) para poder ser sede de eventos de talla mundial? No lo creo. Obviamente, tener a alguien en el tour ayuda. Por ejemplo, que Sofá compitiera en el WTC definitivamente contribuyó a que se corrieran varios eventos en el Perú, pero no creo que sea obligatorio. Considero que llegará el momento en el que se organicen otros campeonatos de tal magnitud en su país gracias al apoyo de las compañías locales o del gobierno peruano. Ya tienen excelentes olas. El auspicio es lo único que se necesita. Si en este momento me preguntaran si quiero competir en un evento en Perú, respondería por supuesto.  — Sofá es una de las pocas latinas que ha corrido el tour. ¿Qué opinas de las tablistas sudamericanas? Son competidoras feroces. Han salido prácticamente de la nada, con muy poco apoyo. En Australia, de donde soy yo, por ejemplo, el surfing es ayudado económicamente. El Estado y las empresas contribuyen muchísimo, entonces, quienes decidimos dedicarnos a la tabla recibimos mucha ayuda. En Sudamérica, particularmente, es muy difícil comenzar, empezar a surgir y tener un buen entrenamiento porque no hay una base de apoyo. Al ser tablistas que surgen desde abajo, cuando finalmente llegan al tour, son realmente feroces y están determinadas a ganar. Es grandioso competir con ellas.  — Este año ha sido uno difícil para ti, cierto? Sí, actualmente estoy quinta en el circuito, pero voy a seguir dando para adelante porque aún queda mucho camino por recorrer. Solo quiero surfear mejor cada vez, seguir afinando mi estilo y descifrar mi equipamiento. Quiero conseguir buenas olas en todo el mundo.","elcomercio","05/10/2013"
"El amor que le tengo a una novela","El amor que le tengo a una novela naci antes de leerla.   Queremos que hables de Alicia en el País de las Maravillas, me dice una productora de televisión. Preparan un nuevo programa sobre literatura en un canal por cable y, mientras me comparte su entusiasmo, yo pienso que deber someterme a lo usual: una entrevista rápida que intente, de ser posible, despertar la curiosidad del espectador por alguna lectura. Sin embargo, ella me propone algo distinto. Participar de un programa que profundizará en las claves de una novela que llevo años intentando plagiar. Me cuenta que me preguntarán sobre Lewis Carroll y sobre detalles de su biografía como escritor, diccionario anglicano, pensador matemático, inquietante fotógrafo de niñas. Por supuesto, hablaremos de la novela, plagada de pistas sobre la rigurosa educación victoriana, y la política británica de su época. Pero, sobre todo, me pide que analice cómo la Alicia de Carroll nos habla sobre los vasos comunicantes entre lo real y lo fantástico.  Cuelgo el teléfono y me quedo pensando la causa de mi obsesión con esa novela. No tengo respuestas: nadie me la ley de niño, tampoco he visto, hasta hoy, la versión animada de Disney. Ni siquiera me gustan los gatos ni los conejos. Intento recordar el origen de su influencia, pero la respuesta se escabulle, inalcanzable, como una moneda entre las mullidas costuras de un sillón.  Días después, mi madre viene a visitarnos. Había estado poniendo en orden el contenido de los roperos y se preguntaba si me gustaría conservar la pieza de vajilla donde me hacía tomar la sopa (su pavorosa sopa de espinaca) en mi olvidada primera infancia. Me dice que, quizás, la pequeña Montserrat podría hacer uso de ella. Al ver el juego, siento que volver al pasado es como caer por la madriguera de un conejo. Se trataba de un pequeño tazón y su platito de loza inglesa, en cuyos bordes y fondos lucen, con intenso color sanguina, las ilustraciones originales del libro a cargo de John Tenniel. Al centro, Alicia parece absorbida en el sillón frente a la mesa en la que se alinean tazas de té. Resignada al absurdo, ella dirige su mirada hacia el resto de los comensales: una liebre usando pajarita y el Sombrerero que, presidiendo la ceremonia, parece a punto de soltar una sentencia delirante. Casi desapercibido, el horno agacha la cabeza y cierra los ojos. Era la ilustración que, día tras día, iba apareciendo conforme yo aceptara las últimas cucharadas de verde menjunje.  Muchas veces las influencias no parten de un original. En mi caso, el amor que le tengo a una novela naci antes de leerla. Simplemente, se nutrió de las sopas de mi madre que cubrían los dibujos de un hondo plato de loza.","elcomercio","05/10/2013"
"Len indomable","Con la experiencia de varios raids, Pancho Len no tuvo problemas ayer en Pisco. El hombre de Alta Ruta 4x4 es pionero en el Perú en este tipo de competiciones al ser el organizador del TATT.  Arturo Len Enviado Especial  Pisco. Ni Ramón ni Tito Pardo. El piloto que sacó la cara por nuestro país fue Francisco Len. Lo de Pancho no debería sorprender. Si hay alguien que domina a la perfección las dunas peruanas, ese es él. Hace 15 años que hace off-road, y ayer lo demostró en la primera etapa del Desafío Inca. El hombre de Alta Ruta 4x4 llegó en el segundo puesto, a 14 minutos del brasileño Gilherme Spinelli. Ferreyros y Pardo tuvieron un mal día. Ambos abandonaron y hoy se reengancharán. Eso sí, ya es casi imposible que puedan tentar un podio.  Al ritmo de Tato Han pasado solo unos minutos desde que Tato Heinrich terminó la primera etapa del Desafío Inca. Su cara de felicidad lo dice todo: está tercero en la categoría Motos. A bordo de su Honda CRF 450, Tato fue consistente en un tramo donde la mayoría tuvo problemas con la neblina de Ica.  El piloto nacional está a solo siete minutos del líder, el chileno Pablo Quintanilla, y a tres del segundo, el boliviano Juan Salvatierra. El segundo mejor peruano es Felipe Ros, que se ubica en el puesto 10.  En tanto, el gran favorito Cyril Despres no tuvo una buena etapa. Está sexto, a 13 minutos del líder.","elcomercio","05/10/2013"
"Flores para Ignacio","Ignacio lo tenía claro. Si no hubiera cometido errores, se metiera entre los primeros. Y lo hizo. Terminada la primera etapa del Desafío Inca, Flores se encuentra en el tercer puesto de Cuatrimotos. Nacho sólo falló una vez. A falta de 5 km para la llegada del primer especial, Ignacio se perdi en las dunas. Había muchas huellas, no sabía por dónde ir y perdunos cinco minutos, coment.  Alexis Hernández también tuvo una destacada actuación. Terminó el día en el quinto lugar y, al igual que Ignacio, perdi minutos al perder la ruta, cerca del final.  Ignacio Casale es de otro lote. Como si estuviera corriendo en su casa, el chileno dominó a pleno la primera etapa. Su ventaja de 25 minutos sobre Sebastián Halpern (Argentina) así lo demuestra. Aquí en el Desafío Inca es el favorito de la división.","elcomercio","05/10/2013"
"Temporada de Tato","Heinrich fue esperado por sus familiares y all se enteró que es tercero en motos.  Cant Nacho. Flores fue octavo en cuatrimotos en el Dakar 2013.","elcomercio","05/10/2013"
"Pisco para tres","Pancho Len, Tato Heinrich e Ignacio Flores ocuparon podio en las tres categorías en el inicio del Desafío Inca.  Len indomable. Con la experiencia de varios raids, Pancho Len no tuvo problemas ayer en Pisco. El hombre de Alta Ruta 4x4 es pionero en el Perú en este tipo de competiciones al ser el organizador del TATT.  Arturo Len Enviado Especial  Pisco. Ni Ramón ni Tito Pardo. El piloto que sacó la cara por nuestro país fue Francisco Len. Lo de Pancho no debería sorprender. Si hay alguien que domina a la perfección las dunas peruanas, ese es él. Hace 15 años que hace off-road, y ayer lo demostró en la primera etapa del Desafío Inca. El hombre de Alta Ruta 4x4 llegó en el segundo puesto, a 14 minutos del brasileño Gilherme Spinelli. Ferreyros y Pardo tuvieron un mal día. Ambos abandonaron y hoy se reengancharán. Eso sí, ya es casi imposible que puedan tentar un podio.  Al ritmo de Tato Han pasado solo unos minutos desde que Tato Heinrich terminó la primera etapa del Desafío Inca. Su cara de felicidad lo dice todo: está tercero en la categoría Motos. A bordo de su Honda CRF 450, Tato fue consistente en un tramo donde la mayoría tuvo problemas con la neblina de Ica.  El piloto nacional está a solo siete minutos del líder, el chileno Pablo Quintanilla, y a tres del segundo, el boliviano Juan Salvatierra. El segundo mejor peruano es Felipe Ros, que se ubica en el puesto 10.  En tanto, el gran favorito Cyril Despres no tuvo una buena etapa. Está sexto, a 13 minutos del líder.","elcomercio","05/10/2013"
"El Habla Culta","- MARTHA HILDEBRANDT -   Tofi. Dice Vargas Llosa que, en una ocasión, cierto personaje arrebat [a unas nias] chupetes, tofis, caramelos que estaban a punto de llevarse a la boca y los pisote (La ta Julia..., 2005, p. 236). Tofi es un anglicismo (toff ee) que designa un caramelo blando que tiene como elementos esenciales mantequilla, leche y el azcar. La variante americana tofi, que refleja la pronunciación inglesa, se diferencia en la vocal final de la del español peninsular tofe, que sintetiza la grafía inglesa y altera la pronunciación de la vocal final.","elcomercio","05/10/2013"
"Un Da Como Hoy De...","1913  La influencia de Estados Unidos en América Latina  Muy pronto estará listo el Canal de Panam y como consecuencia el Gobierno de Washington entablará negociaciones con diversos países de América Latina con el fin de adquirir nuevas estaciones navales. Un hecho es evidente: la apertura del Canal de Panam va a hacer más estricta la vigilancia internacional de Estados Unidos en el Nuevo Mundo. Ese protectorado de facto habría sido evitado si América Latina formara una confederación lo suficientemente importante para vigilar y proteger por sí sola los Estados que la constituyen. Pero desgraciadamente esto no es así. Todos perciben el peligro de una absorción lenta por obra de los Estados Unidos. Tiempo al tiempo.","elcomercio","05/10/2013"
"Hasta En La Sopa","Stephanie Gilmore  Cinco veces campeona mundial de tabla.  Nací hace 25 años en la ciudad australiana de Murwillumbah, en New South Wales. Sigo viviendo en mi país, pero ahora en Tweed Heads. Mis amigos me llaman Steph. Empecé a correr olas a los 10 años. Mi ola favorita es Greenmount, DBah y Honolua Bay. Mis artistas favoritos son Madonna y Jack White. Nunca te subestimes, confía en ti y en tu intuición, y disfruta el viaje. Sé consciente de que tu propia determinación es tu herramienta más poderosa. Si eres apasionado sobre algo, entonces el éxito es solo la cereza en el pastel.","elcomercio","05/10/2013"
"María José Fermín","Hemos tenido grandes duelos, pero todo queda dentro del agua  Enviada especial a Portugal  Stephanie Gilmore ha sido la gran rival de Sofía Mulánovich durante toda su carrera en el tour mundial. Mucho se ha especulado sobre la relación entre ambas. ¿Son amigas? ¿Rivales? ¿Qué siente la surfista australiana por la Gringa más querida del Perú?  No importa en qué playa está, esta australiana impone respeto dentro y fuera del agua. Y no por su casi 1,80 de estatura, sino por su radical forma de correr tabla. No en vano es cinco veces campeona mundial. Ni siquiera como debutante en el circuito profesional, allá por el 2007, pasó desapercibida: siendo novata en el tour mundial, salió ganadora.  La mayoría de peruanos la conocemos como la eterna rival de nuestra querida Sofía Mulánovich. Es imposible recapitular todos los duelos que batieron ambas sobre las olas. Algunos se los llevó Stephanie y otros la Gringa. Fue Gilmore, por ejemplo, la que impidió que Sofía ganara dos campeonatos en las olas de Máncora en el 2007 y el 2008. Ya en el 2009, la peruana reclamaría la localía para vencerla en Lobitos.  Hasta ese momento, Mulánovich había enfrentado 11 veces a Gilmore en el mano a mano y le había ganado en cuatro oportunidades.  Es bueno para el tour que Sofía haya ganado aquí, en medio de la nada..., dijo Gilmore, en esa oportunidad, y su respuesta son a piconera. Pero la competitividad entre las dos desaparece al secarse el agua de sus cuerpos; afuera del mar, ambas tablistas son amigas. Desde el jueves hasta ayer, estuvieron corriendo en la playa de Guinchos en Portugal.  Para Stephanie eran las últimas olas del tour mundial este año. Para Sofía, las últimas de su carrera en el circuito Lite del surf. Ambas, amigas y rivales, compartieron la sal –y el azúcar– de este momento.","elcomercio","05/10/2013"
"EL ALZA EN LA TARIFA DEL PEAJE EN LA VA DE EVITAMIENTO, DE HASTA 33% PARA LOS AUTOS PARTICULARES, SE PODRA REPETIR CADA AO HASTA EL 2049","Segn el contrato suscrito en el 2009, la empresa concesionaria puede hacer reajustes cada 12 meses con base en la inflación.","elcomercio","05/10/2013"
"LOS TESTIMONIOS HUNDEN MS A LEGISLADOR","Ex trabajadoras afirman que Urtecho les pagaba sus sueldos en efectivo Tres ex empleadas dicen que el congresista les retenía las tarjetas. El ex chofer asegura que llevaba a la esposa del legislador a los cajeros. Los testimonios de sus ex trabajadores siguen hundiéndolo al congresista Michael Urtecho. Ayer tres personas que laboraron para él confirmaron a la Comisión de ética que este les retenía sus tarjetas de débito y les pagaba sus sueldos en efectivo. A través de cartas enviadas a la Comisión de Ética Parlamentaria, tres ex trabajadoras del congresista Michael Urtecho (Solidaridad Nacional) confirmaron que este les pagaba sus sueldos en efectivo. Lo hacía directamente en su despacho del Legislativo. Adicionaron que Urtecho (o alguien relacionado a él, como señala una de las testigos en su misiva) se quedaba con la tarjeta de débito que entrega la Oficina de Recursos Humanos del Congreso a los trabajadores para que estos pudieran cobrar sus sueldos. En la sesión de ayer de la Comisión de Ética Parlamentaria, se dio lectura a las cartas de las ex trabajadoras Carla Paredes Vega (laboró como técnica y luego como asesora a partir de enero del 2009), Marlene Flores Glvez (agosto del 2006) y Estela Bocanegra Alayo (de diciembre del 2007 al 2008). Ellas respondieron a un cuestionario elaborado por los miembros de ese grupo de trabajo. Las tres coinciden, además, en señalar que nunca recibieron el pago por refrigerio que se da a los trabajadores del Congreso. Los sueldos que recibían las tres estaban entre los S/.1.000 y los S/.2.500. En la sesión también se leyó otra carta de Bocanegra Alayo. En ella refiere que el pasado 2 de octubre su esposo recibió una extraña llamada a su celular. Según refirió, una persona que se identificó como Claudia [Gonzáles], esposa de Michael [Urtecho] le dijo a su marido que ya tenía el dinero que Bocanegra le había prestado. Sin embargo, la ex trabajadora manifestó que nunca le prestó plata a la esposa del congresista. La supuesta llamada se hizo dos días después de que otra ex asesora de Urtecho, Evelyn Goycochea Miranda, mencionó el nombre de Bocanegra en una lista de empleados a los que supuestamente el legislador les recortaba el sueldo. Además afirmó que a ella nunca le recortaron su sueldo. Glvez Quiroz confirmó que otra ex trabajadora del despacho de Urtecho, Elvia Urbina Rodríguez, nunca laboró realmente en el Congreso, sino que era la empleada del hogar en su residencia en Trujillo. Le hacía la limpieza, le cocinaba, dijo. El presidente de la Comisión de Ética Parlamentaria, Humberto Lay, dijo que la próxima semana estaría listo el informe final sobre la denuncia contra Urtecho por el presunto recorte de sueldos de sus trabajadores. Lay recaló que en esta investigación se ha respetado el debido proceso, aunque dijo que algunas de las personas citadas habían preferido no acudir. Sergio Tejada, miembro de la comisión, hizo notar que los sueldos que algunos de los trabajadores declararon percibir no coinciden con la escala salarial de la planilla de asesores del Congreso. Mientras tanto, el congresista Michael Urtecho no contestó ayer su celular. Don Carlitos, ya pagaron! Pero estos testimonios escritos no son los únicos que comprometen a Urtecho. La comisión recibió también el testimonio de Carlos Glvez Quiroz, quien fue chofer del congresista entre el 2006 y julio del 2012. Glvez afirmó que periódicamente, casi siempre un día después de que el Congreso depositaba los sueldos a sus trabajadores, en la primera quincena y a fin de mes, llevaba a la esposa de Urtecho a diversos cajeros automáticos. Don Carlitos, ya pagaron!, aseguró que ella le decía cada vez que salían a retirar el dinero de los cajeros. En uno de ellos, del BCP, la señora González de Urtecho se demoraba regular tiempo en retirar el dinero. El ex chofer no supo confirmar si la suma retirada pertenecía a los entonces trabajadores del congresista. Las bancadas políticas no se responsabilizan El ex oficial mayor del Congreso José Licé propuso que, para evitar este tipo de denuncias de recortes de sueldos y otros casos similares, cada parlamentario tenga derecho a contratar a una sola persona y que los asesores sean contratados a través del grupo parlamentario. Entonces vamos a ver cómo el Congreso comienza a cambiar al día siguiente. Lo que pasa es que ahora no son responsables. El responsable es el procurador, la comisión investigadora, pero los grupos no son responsables, sostuvo. Dijo que en el caso de Michael Urtecho todos hablaban del congresista, pero nadie decía nada de su bancada, Solidaridad Nacional. La Oficiala Mayor del Congreso precisó a este Diario que los trabajadores contratados para los despachos de los parlamentarios tenían la condición de personal de confianza. Estos empleados no firman DELITOS EN LOS QUE PODRÍA HABER INCURRIDO URTECHO 1 RETENCIÓN DE TARJETAS DE DÉBITO 2 RECORTES DE SUELDOS DE TRABAJADORES El penalista Mario Amoretti afirmó que, si se comprobaba que Michael Urtecho había retenido las tarjetas de débito de sus trabajadores, este habría incurrido en el delito contra la libertad personal para la obtención de un beneficio. En este caso, el presunto recorte de sueldos a los trabajadores, Amoretti sostuvo que sería tipificado como apropiación ilícita. El trabajador confía en su empleador y sobre la base de esa confianza le entrega su tarjeta de débito, dijo. 3 ENCARGO DE LABORES DOMÉSTICAS AL PERSONAL DE CONGRESO De confirmarse que los trabajadores de su despacho congresal realizaban labores domésticas en su domicilio, el parlamentario sería denunciado por presunta estafa en agravio del Congreso. LOS QUE NO DECLARARON 5 ex trabajadores del despacho de Urtecho se negaron ayer a declarar ante la Comisión de Ética Parlamentaria. Alegaron estar fuera de Lima o no tener la obligación de acudir. 4 DONACIÓN NO ENTREGADA El caso de las 621 sillas de ruedas para discapacitados que supuestamente no se entregaron constituiría el delito más grave, según Amoretti. Se trataría de apropiación ilícita agravada y la pena alcanzaría hasta 10 años de prisión. SER DURANTE 60 DÍAS CONFESIONES DE SU CHOFER La investigación fiscal a Urtecho y su esposa continua","elcomercio","05/10/2013"
"Peaje en la Va de Evitamiento aumentará","A partir de hoy, el peaje en la Va de Evitamiento cuesta entre S/.0,50 y S/.1 ms. La nueva tarifa, establecida por Línea Amarilla S.A.C. (empresa a cargo del proyecto Va Parque Rímac), comenzará a cobrarse en las casetas de Monterrico, Santa Anita y Ramiro Prial. Pese a este primer aumento, es posible que los 130 mil conductores que utilizan esta vía afronten un nuevo incremento en el 2014.  Esto se debe a que la cláusula 9.9 del contrato, suscrito el 2009 en la gestión de Luis Castañeda, señala que los peajes serán reajustados con una periodicidad de 12 meses.   La oficina de prensa del concesionario informó que aún no se definen las fechas en que se harán los futuros incrementos, los que serán proporcionales a la inflación anual en el país.  Pese a esta comunicación, el gerente de Promoción de la Inversión Privada de la Municipalidad de Lima, Domingo Arzubialde, declar a El Comercio que los incrementos se harán desde el 2015. Dijo que será así porque el encarecimiento que rige a partir de hoy incorpora, además del IGV, la inflación acumulada desde el 2009. Luego los incrementos serán mínimos, de 2% o 2,5%, indic.  El economista Julio César Chávez advirtió que el contrato de concesión también dejaba abierta la posibilidad de que el aumento se diera en menos de un año si la inflación acumulada superaba el 3%. Vale decir que la inflación acumulada de enero a septiembre [del 2013] es de 2,86%, afirm Chávez.  Otro cuestionamiento surgido por el manejo del peaje es cómo se supervisan las alzas. Lino de la Barrera, especialista en transporte, explica que estas no pueden ser reguladas en las concesiones porque están fijadas en un contrato y obedecen a un estudio económico.","elcomercio","05/10/2013"
"Malestar de los conductores por el alza","El contrato dice en qué fecha sube el peaje y eso es lo que está ocurriendo. La gente está haciendo problema porque Susana tiene mala capacidad de responder políticamente y porque no quieren leer un contrato que es público. La tarifa está contenida en el contrato. No hay marco legal para que Ositrán supervise la tarifa aunque sería lo ideal. No se puede, es ilegal, tendrían que cambiar las leyes en el Congreso. En mi opinión, si se trata de una gran inversión que va a beneficiar a miles, el regulador debería ser Ositrán.","elcomercio","05/10/2013"
"Sitios arqueológicos corren riesgo de ser invadidos durante el feriado","El Ministerio de Cultura pidió a la policía y a la fiscalía estar alertas. Son 74 las zonas intangibles vulnerables a invasores. Setenta y cuatro sitios arqueológicos de la capital, de los cuales 21 son considerados en riesgo inminente y 53 en riesgo medio, están en la mira de los invasores por el feriado del fin de semana, según un comunicado del Ministerio de Cultura. Por ello, dicho portafolio solicit ayer apoyo a la Policía Nacional. Los sitios arqueológicos son intangibles, por lo que su alteración o destrucción pena a los usurpadores con hasta 8 años de cárcel.","elcomercio","05/10/2013"
"Orden garantizado. Paramédicos, policía canina, personal de fiscalización y otros cuerpos de auxilio apoyarán en la seguridad","Unos 300 agentes de la Región Policial Lima y 200 serenos mantendrán el orden durante los seis recorridos que este año hará la procesión del Señor de los Milagros en la capital. Personal de salud del Sistema Metropolitano de la Solidaridad (Sisol) atenderá las emergencias médicas durante cada una de las procesiones del Señor de los Milagros.","elcomercio","05/10/2013"
"El enigma Torre Tagle","Se han cumplido 188 años de la muerte de José Bernardo de Torre Tagle en la fortaleza del Real Felipe, en trágicas circunstancias, enfermo de escorbuto y acusado de traidor a la causa de la independencia. Lo cierto es que Torre Tagle fue incapaz de poner la causa de la independencia por sobre sus intereses personales y su presencia terminó obstaculizando el proyecto militar de Bolívar.","elcomercio","05/10/2013"
