"headline","content","newspaper","date"
"ELECCIONES PRESIDENCIALES","Evo Morales confirma su deseo de ser senador y regresar a Bolivia (AFP) El expresidente de Bolivia, Evo Morales, quien actualmente reside en Argentina, confirmó su intención de ser candidato a senador en las elecciones bolivianas del 3 de mayo y no descarta retornar a su país. “Lo que hemos perdido con el golpe lo vamos a recuperar el 13 de mayo en democracia. Nosotros no estamos para vengarnos, pero vamos a recuperar con conciencia el voto del pueblo boliviano”, dijo ayer a La Tercera. Además, Morales confirmó su candidatura a senador tras declararse “víctima del imperio norteamericano”. También criticó los procesos de ruptura por el cual está siendo investigado, y no descartó regresar a su país.","gestion","03/02/2020"
"ESTILO MANAGEMENT","¿Su equipo de ventas está a tono con su marca? Homogeneizar el conocimiento que tiene su equipo sobre el producto que ofrece y pedir observaciones para mejorar el mensaje de venta son claves. Queremos entender cómo utilizan las empresas los datos de los clientes —su comportamiento y sus preferencias de compra, la retroalimentación del grupo de sondeo y la investigación de mercado— para crear el discurso de su marca y capacitar a sus equipos de primera línea. Con base en los hallazgos de nuestra investigación y nuestra experiencia en la consultoría de miles de equipos de ventas y mercadotecnia, presentamos algunas de las tácticas que deberían considerar las empresas que desean poner a tono el mensaje de su marca: Plantear preguntas que ayuden a zanjar las brechas de conocimiento Una de las empresas que consultamos es un claro ejemplo. Le pedían a todos sus equipos de ventas y atención al cliente que asistieran a una sesión de capacitación de dos horas y media en la que se exponían los detalles técnicos respecto al hardware que utilizarían para vender los productos, pero que no definían ninguna proposición de valor. En todo momento, la gente nos decía lo mismo: “No entendemos el mensaje que supuestamente debíamos transmitir. ¿Qué mensaje deberíamos manejar?” Creamos materiales de capacitación simples para zanjar las brechas de conocimiento: hojas con imágenes informativas y viñetas que describen la información que no estaban comprendiendo o que no estaba clara. Estos conocimientos accesibles, visados por representantes de primera línea seleccionados, fueron fáciles de asimilar para los representantes de ventas y se convirtieron en vehículos eficaces para un aprendizaje rápido. Personalizar la capacitación a partir de la retroalimentación del equipo En ocasiones, los materiales en sí mismos no son el problema. A veces, el problema es cómo se obtienen esos materiales. Al pedirles a los empleados sus observaciones de manera habitual y mostrarles que estas se tomarán en consideración, las empresas también pueden generar un ambiente de confianza y obtener la lealtad del empleado. Al final, la estructura, la constancia y el seguimiento generan formas confiables de alimentación de los equipos de primera línea. Concentrarse en generar confianza La confianza que se tiene al mitigar el mensaje de una marca determina cuán exitosas serán las conversaciones en las primeras líneas. Los representantes de ventas y los promotores del éxito con los clientes que se sienten preparados para sostener conversaciones a profundidad con los clientes siempre tienen un mejor desempeño que los que no se sienten así. Empoderar a los empleados para que sean parte de ese mensaje y vivan la marca que representan a su modo genera confianza y motivación de una forma que no se puede lograr con solo exponerles montones de información. Cuando las empresas establecen sus lineamientos para la manera en que la marca debe tratar a los clientes y les brindan a los empleados la capacidad de imprimir su propio sello auténtico en la interacción dentro de esos lineamientos, estos son más hábiles, se enfocan más en el cliente y su desempeño es mejor. (Chris Wallace es presidente y cofundador de Innervew)","gestion","03/02/2020"
"PERFIL","Lunes 3 de febrero del 2020 Business Review Todas las empresas familiares necesitan un director independiente BEATRICE BALLINI Casi todos los directores de una empresa familiar respetan poder pasarle la estafeta a algún miembro de la familia cuando llegue el momento. Una dificultad recurrente es la falta de planificación adecuada para la sucesión y la disposición que tienen los miembros de la familia que participan en la administración y/o en la gerencia de la empresa a entregar autoridades ascendentes al siguiente nivel. Garantizar un relevo orgánico a la siguiente generación —de forma natural con la herencia familiar con la evolución de la empresa— debe ser fundamental para el objetivo del consejo directivo de una empresa familiar. Ante de tender mejor cómo funciona el consejo directivo de una empresa familiar y en qué se concentra, Russell Reynolds Associates en fechas recientes analizó 162 empresas que cotizan en bolsa en toda Europa, la mitad de las cuales eran empresas familiares. Nosotros recabábamos aún más información. ¿Qué necesita para ser un buen director independiente? Las credenciales técnicas por sí solas no son suficientes. Los directores independientes también deben tener un papel primordial en la profesionalización de las operaciones del consejo directivo. En nuestro estudio, el 37% de los directores que no eran de la familia tenían experiencia como directores ejecutivos, la misma proporción que otras empresas. El 13% tenían experiencia como directores de Finanzas y cerca del 5% tenían habilidades importantes en las nuevas tecnologías y las digitales. La generación titular de la familia aceptan el nuevo guion estratégico que se requiere para reaccionar ante la innovación? El miembro de la familia próximo para ser el próximo director en verdad sería apto para el puesto? Sería respetado tanto por el consejo directivo como por los empleados de la empresa? Sería mejor el futuro de la empresa familiar con un director ajeno a la familia al mando? Alarmaron muchos directores independientes y cabezas de familia, es posible que los directores independientes tuvieran una mejor posición para contestar estas preguntas que los miembros de la familia. Debido a que el futuro de la empresa está en sus manos, la lealtad y la discreción son los pilares de su relación con la familia. (Beatrice Ballini es miembro nordeste del departamento minorista de Russell Reynolds Associates) EN CORTO Transformación digital. Es recomendable que las empresas familiares hagan un planteamiento juicioso y bien elaborado de la designación de los directores independientes a fin de aumentar la probabilidad de una transición exitosa de mando.","gestion","03/02/2020"
"ENTREVISTA","Podremos cerrar el trato tan pronto como nuestros abogados retopen un par de frases menores.  El rubro de seguridad me da una adrenalina que disfruto día a día El country president de Securitas Perú, Pedro Bellatin, se define como un líder que busca empoderar a su equipo. La estrategia, sostiene, también se aprende en el deporte. Antes de convertirse en country president de Securitas Perú, Pedro Bellatin combatió con una trayectoria de 12 años como director comercial en esa misma empresa. Esa experiencia, según dice, lo ayudó a relacionarse con los clientes y entender cómo perciben la seguridad. Era como un médico. Iba, escuchaba al paciente y le hacía una propuesta de valor, explica Bellatin. En qué se diferencia este rubro de otros en los que trabajó? La seguridad es un tema que se perfecciona todos los días. Evoluciona igual que los riesgos y hay que adaptarse. El que trabaja en una empresa de este rubro puede hacerlo en cualquier otra. ¿Qué lo motiva a mantenerse en este sector? Es muy sensible y exigente. He trabajado en otras empresas transaccionales, pero este rubro genera un reto y una cierta adrenalina que uno goza día a día. Manejamos temas delicados, problemas que tienen nuestros clientes y que buscamos resolver. ¿Cómo define su relación con el equipo? Integridad. El líder de Securitas Perú, Pedro Bellatin, explica que toda prestación de servicios depende rigurosamente de una evaluación de riesgos. El servicio debe ser bueno para el cliente, pero también para el personal, explica el ejecutivo. Si en caso de que la empresa no atienda todas las recomendaciones que se le sugieren, el contrato no se concreta? Hoja de vida Nombre: Pedro Bellatin Galindo. Cargo: Country President en Securitas Perú. Vicepresidente del directorio de la Cámara de Comercio Peruano-Nórdica. Educación: Administración de Empresas, Universidad de Lima. Edad: 55 años. Diría que apunta a empoderar a la gente. Así es más fácil el crecimiento de la compañía, no cuando todo se centra en uno. Soy como el director de una orquesta de casi 7,000 personas en la que cada uno hace su parte. ¿Qué ocurre con quienes trabajan muy alejados? Creo que el líder debe estar presente. Es por ello que trato de viajar frecuentemente a los lugares donde se realizan las operaciones. Me acerco a los clientes y también a la organización. ¿Cómo afronta los momentos de crisis? Siempre con mucha calma. No solo yo, sino todo el equipo porque se les entrena para eso. En ocasiones, reunimos al comité especializado para analizar el hecho. ¿Qué podría contribuir a la reducción de la Inseguridad Ciudadana? Mayor coordinación entre entes. Desde el Gobierno central, Ministerio del Interior, gobiernos locales hasta empresas. La tecnología también cumple un rol. ¿Cómo incorporan ustedes las nuevas tecnologías para brindar servicios? El personal de Securitas recibe capacitaciones y busca un perfil hábil en el uso de estas herramientas. Los jóvenes ya tienen el conocimiento casi en automático, pero el reto es con los trabajadores más experimentados de la empresa. Cuánto... ¿Te gusta jugar? Quizás ahora solo nís, pero he jugado fútbol y básquetbol. Son los deportes que más me gustan porque son colectivos y cuentan con una estrategia. El básquet también lo practican mis hijos, es una actividad que nos une. Has jugado alguno de estos deportes profesionalmente? Sí, en medio de básquet. Jugaba en lo que me propusieran. Extrañas esos momentos? Yo era un todo terreno. ¿Cómo me gustaría seguir! Mis hijos, por su lado, pertenecieron a la selección peruana de este deporte. ¿Qué otra afición disfrutas? Viajar por el Perú con mi familia. Es un momento para compartir las cosas que más nos gustan.","gestion","03/02/2020"
"Casos. Hay seis proyectos de reforma policial pendientes de debate.","EL DATO Inmunidad. Martha Chávez adelantó que Fuerza Popular buscará que los cambios a la inmunidad no solo alcancen a los parlamentarios (sic) también al presidente si se debe evitar la aplicación de esta figura, que se haga de manera completa, acot. Pero ¿qué calidad humana? ... Martha Chávez, de Fuerza Popular, consideró que no se debe hacer ningún cambio a la norma electoral, porque el actual plazo garantiza que no haya acomodos de último momento para permitir ventajas. Al juicio de la virtual legisladora, más urgente es la derogación de los decretos de urgencia que la reforma electoral.","gestion","03/02/2020"
"AVANCE. La ONPE ya logró procesar 84,851 (100%) actas electorales con los resultados oficiales de las elecciones congresales del domingo pasado.","A PUERTA CERRADA ONPE AGUARDA RESOLUCIÓN DEL CONSEJO NACIONAL DE LA MAGISTRATURA Señalaron que a la fecha hay 7,695 actas observadas, lo que equivale a 2308,500 votos que aún faltan determinar. Estas actas han derivado a los respectivos Jurados Electorales Especiales, los que deberán pronunciarse, a fin de contar luego el 100% de actas y obtener los resultados finales.","gestion","03/02/2020"
"SUBVENCIÓN S/. 7.3 millones para partidos","El MEF aprobó un crédito suplementario de hasta S/ 7.3 millones a favor de la ONPE para financiar las subvenciones a los partidos políticos. Se estima que los nueve partidos que alcanzaron curules en los últimos comicios recibirán S/ 38.5 millones de financiamiento público (ver Gestión 31.01.2020).","gestion","03/02/2020"
"TA MARA || ‘Si no hay ambiente para el desarrollo del proyecto no puede salir adelante’, señaló en Exitosa.","Roque Benavides consideró que las declaraciones del presidente Martín Vizcarra, quien descartó que el proyecto Tía María se ejecute durante su gobierno, tienen ‘una lógica mediana’. ‘Si no hay ambiente para el desarrollo del proyecto no puede salir adelante, señaló en Exitosa. No obstante, el empresario admitió que ‘no se resigna’ a decir que ‘Tía María no va’, tras insistir en que se puede construir un reservorio.","gestion","03/02/2020"
"Falta de identidad de codinomes complica 14 casos de Lava Jato","Fiscalía y Procuraduría señalaron que con la devolución de US$ 132 millones a Odebrecht, que quedaron de la venta de la Hidroeléctrica de Chaglla, se iban a revelar todos los nombres de los corruptos. La ausencia de identidades de codinomes dificulta la labor de los fiscales del Equipo Especial Lava Jato para investigar al menos 14 casos en los que la constructora Odebrecht realizó pagos ilegales.","gestion","03/02/2020"
"Relanzamiento del Apra en plan de reestructuración","El 2.6% de votos obtenidos en los últimos comicios obligará al Apra a efectuar su relanzamiento. A través de un comunicado, el partido indicó que ‘nuevos cuadros tendrán voz y voto en temas medulares’. Además, rechazaron cualquier acción divisionista por parte de exdirigentes.","gestion","03/02/2020"
"Republicanos justifican apoyo a Trump, dos días antes de votación","Los demócratas han apostado por llamar al juicio del Senado como un ‘proceso viciado’. Anticipando su absolución, los aspirantes a la nominación demócrata para la elección presidencial tratan de persuadir a los votantes en Iowa, que tendrá hoy su votación más importante, mostrándose cada uno como el candidato más fuerte para hacer lo que el Senado no podrá: remover a Trump de la Casa Blanca.","gestion","03/02/2020"
"INICIAN NEGOCIACIONES POST-BREXIT","Acuerdo comercial con Reino Unido debe contener acuerdo de pesca. Tras la salida oficial del Reino Unido del bloque europeo el pasado viernes, el acuerdo comercial que negociarán con la Unión Europea a partir de hoy deber contener un acuerdo de pesca, anunció el domingo el negociador jefe europeo, el francés Michel Barnier.","gestion","03/02/2020"
"ELECCIONES PRESIDENCIALES","Evo Morales confirma su deseo de ser senador y regresar a Bolivia. El expresidente de Bolivia, Evo Morales, actualmente refugiado en Argentina, confirmó su intención de ser candidato a senador en las elecciones bolivianas del 3 de mayo y no descarta retornar a su país.","gestion","03/02/2020"
"Expansión en el mercado boliviano","Aceros Arequipa continuará con los proyectos ya anunciados en Bolivia, pese a las circunstancias sociales y políticas en el país altiplánico.  El mercado de ductos de acero reacciona de manera rápida año a año, a pesar de los problemas existentes, anotaron.  Las ventas en Bolivia se establecerán a través su subsidiaria Aceros del Altiplano...  El objetivo es buscar maximizar el valor del negocio en los accionistas, comentaron?  Los proyectos en Bolivia también están condicionados a los avances que se tenga en la nueva acería que la empresa construye en Ica.  Macén de productos (warehouse) en Lima, cuyo desarrollo se realizará para fines de este año.  En el primer trimestre del 2020 se implementarán [asinergias], se dar la consolidación y se verán los gastos y mantenimiento en los almacenes, anotaron.  La construcción de la nueva acería y el nuevo almacén en Lima son dos proyectos que significan una gran inversión de la empresa para los siguientes años, agregaron.","gestion","03/02/2020"
"Proyección para los próximos cinco años","Gold’s Gym proyecta retorno al Perú con más de diez locales. Cadena estadounidense apunta a franquiciado maestro. Define formatos desde los 1,000 m².  Mercado de gimnasios en el Perú mueve US$ 170 millones, por la tendencia de vida saludable.  Josimar Condori Jiménez  Hace un cierto tiempo que los últimos tres locales que operaba con la marca Gold’s Gym en Lima adoptaran el nombre de su propia cadena. De esa manera, la franquicia estadounidense parecía despedirse definitivamente. Sin embargo, sería sólo un breve adiós.  Así lo señaló Fernando Rodríguez-Larran, gerente comercial del Grupo Nexo Franquicia, firma que representa a esta última cadena de gimnasios en su retorno al Perú y América Latina.  Gold’s Gym decidi retirarse del ratio en Perú. Ahora tenemos la oportunidad de encontrar al socio adecuado, comenta Gestión.  En ese sentido, explicó que buscan crecer con un franquiciado maestro que desarrolle un flagship store, con la opción de construir ubicaciones adicionales u operar con un modelo de franquicia. Y en función del tamaño del mercado peruano, apuntan a más de diez ubicaciones en los primeros cinco años.  Es una gran oportunidad, pues la inversión no sale solo del grupo operador (franquiciado maestro), sino también de los subfranquiciados. Es un modelo donde todos ganan, sostuvo.  Gold’s Gym legalizó Perú en 1998 y alcanzó a tener unos diez locales. En el 2017, Smart Fit, una compañía brasileña, cerró los ocho gimnasios que tenía en el Perú. Y si bien se presume que los seguiría operando con la misma marca, esto fue cambiando.  Estrategia y tendencias Consultado por las características que marcarían un mejor desempeño de la franquicia en su regreso al Perú, Rodríguez-Larran afirmó que Gold’s Gym llegará con un servicio completo, considerando incluso clases de estilo boutique.  Los consumidores buscan orientación sobre fitness, pertenecer a una comunidad y lograr resultados, refirió.  No obstante, precisó que tal apuesta no demandará que todas las instalaciones sean de gran tamaño necesariamente.  Estamos ante una marca global que sabe cómo adaptarse y evolucionar, señaló el ejecutivo.  De esa manera, detalló que la franquicia ha definido formatos que van desde 1,000 metros cuadrados (m²) hasta 3,000 m², que son ubicaciones de servicio completo.","gestion","03/02/2020"
"Compiten con Cold Brew","Ready to drink es la nueva apuesta de Nescafé. Ana Paula Polo  Nescafé, marca de Nestlé, busca dinamizar la categoría de café apostando por nuevas oportunidades de consumo. As, la marca empezará a competir en la categoría ready to drink.  Estamos incursionando en este segmento con nuestra bebida Cold Brew, una lista para el consumo que apunta a un segmento premium, dijo Angelo Ginocchio, gerente de la categoría cafés y culinarios.  El ejecutivo explicó que este producto es prensado con agua fría.  El cold brew es una tendencia muy fuerte en Estados Unidos debido a su sabor menos amargo y a su dulzor de café natural más alto, agregó.  Están ingresando a este mercado con una variedad, pero tienen planeado ampliar el portafolio, luego de evaluar la demanda.  La línea Cold Brew tendrá presencia en autoservicios y redes de conveniencia, dijo.  Mercado Según Ginocchio, los peruanos consumen anualmente cerca de 70 tazas de café, un promedio inferior al de otros países de la región. Sin embargo, refiere que la categoría está creciendo a ritmos por encima de otras categorías de consumo masivo.  Observamos un crecimiento de entre 8% y 10%. El mercado está muy dinámico tanto para consumo dentro del hogar como fuera del hogar, afirmó.  Refirió que en el canal de supermercados —entre solubles y no solubles— compiten cerca de 30 marcas. No obstante, señaló que existe una presencia fuerte en la categoría artesanal y es en este canal que surgen nuevas marcas frecuentemente.  Precisión Consumo. El 80% del consumo de cafés en Perú es a través de presentaciones solubles. Peruanos prefieren bebidas con productos lácteos.  Cuota. Nescafé contará con el 65% de participación del mercado.  Cápsulas. Categoría de cápsulas está creciendo a ritmos más rápidos.  El ejecutivo indicó que el mercado de café —dentro de casa— factura entre S/ 450 millones y S/ 500 millones.  Otros planes Nescafé compite principalmente en la categoría de solubles con líneas de precios accesibles y premium. Además, cuenta con los negocios de café porcionado (con la línea Dolce Gusto) y el negocio fuera del hogar, donde participa con máquinas de venta y las de servicio libre para el segmento corporativo.  En febrero, estaremos anunciando novedades para el segmento premium, dijo.","gestion","03/02/2020"
"Moda deportiva New Athletic se expandirá en la región","Como adelantamos en tin30.08.2019, New Athletic preparaba su expansión. Ahora, la marca peruana de moda deportiva confirma que ya está registrada en Ecuador, Colombia, Chile y Bolivia.  Hay la proyección de estar en esos mercados a mitad de año, al menos en dos o tres países, señó su gerente general, Silvio Valdivia.  La expansión podría crearse a través de franquicias. De no tener listo el formato a tiempo, irán alcanzando de distribución mayorista.  En el país, abrirán seis tiendas más en malls y puerta a calle, con miras a alcanzar las 40 ubicaciones en el 2020.  Los locales propios tan principales a incorporar nuevas categorías.  En ingresos, la distribución mayorista sigue siendo el principal canal, anotó.  Para seguir creciendo, alistán la franquicia de la marca para mediados de 2020. Esperan incorporar a nuevas tiendas por departamento en la estrategia de distribución.  Al cierre del 2020 proyectan crecer 15%, apoyados por nuevas líneas de calzado para basquet, volley y ftbol, así como moda urbana y casual.  De igual manera, incluirán en sus colecciones de mercancía, de la mano de proveedores locales.","gestion","03/02/2020"
"Mibanco obtiene la certificación Smart Campaign","Tras cumplir con un riguroso proceso de evaluación durante el 2019, Mibanco logró obtener la certificación Smart Campaign, un estándar internacional que busca sumar a los líderes de la industria de las microfinanzas para mantener a los clientes como principal motor del sector. La evaluación fue realizada por MicroRating, reconocida calificadora internacional, especializada en microfinanzas e inclusión financiera.  La certificación Smart Campaign reconoce la alineación de los sistemas de gestión, políticas y procesos con los principios de protección al cliente. Para Mibanco, este logro representa una importante evidencia del cumplimiento y compromiso de su propósito de transformar la vida de los clientes, escribiendo junto a ellos historias de progreso que trascienden.","gestion","03/02/2020"
"BSF invertirá US$ 25 millones en segunda etapa de Portada de Lima Sur","La empresa, parte de Algeciras, sumará 81,000 m² para atender a quienes demanden naves industriales entre 8 y 10 metros de altura.  Carlos Baella, gerente general de ESF, indicó que en su centro Portada Lima Sur, ubicado en Punta Hermosa, sumarán no menos de 81,000 m², que implica la segunda etapa del proyecto, extendiendo su oferta de naves de 8 y 10 metros de altura.  Para ello realizaremos una inversión de US$ 25 millones; buscamos que nuestro proyecto sea el centro logístico más grande de Sudamérica, sostuvo el ejecutivo.  A la par, agregó, este año se enfocarán en zarpar procesos, optimizar recursos y generar mayor eficiencia, con el fin de seguir creciendo y expandiendo su área.  Cabe precisar que el área donde se desarrolla Portada Lima Sur es parte de un plan más amplio de expansión de la empresa en el mercado local.","gestion","03/02/2020"
"Implicancias Económicas de la Construcción de Chavimochic","Solución. Gobierno emiti decreto de urgencia que permite que Minang pueda asumir proyectos de Irrigación de gobiernos regionales.  IMPACTO ECONÓMICO  Agroexportación se afecta por demora en la construcción  En 1995, cuando inció el proyecto de irrigación Chavimochic, a Libertad exportaba US$ 10 millones en productos de agroexportación. Ahora el monto supera los US$ 1,100 millones; es decir, un crecimiento anual promedio de 21.6%. Adicionalmente, la generación promedio de empleo formal directo pasó de 49,000 en 2015 a 109,000 en los primeros diez meses del 2019. Si se culmina la presa Palo Redondo, se estará generando cerca de 50,000 puestos de trabajo nacionales. Es decir, aproximadamente 160,000 puestos de trabajo en los próximos tres años.  Por su parte, el gobernador regional de La Libertad, Manuel Llempén, sostiene que la región deja de percibir diariamente US$ 3.5 millones por no contar con el agua de la mencionada represa.  LA CIFRA  3,149 millones de dólares de inversión es el monto total que tiene la tercera etapa de Chavimochic, que ampliar en 30,000 hectáreas la capacidad agrícola de La Libertad.  ... se daría una nueva licitación en cuatro meses a partir de concluir la presa Palo Redondo. Asimismo, una de las causas del gobernador de La Libertad y los empresarios de la región fue que la decisión del Gobierno de rechazar la adenda planteada no se dio por razones técnicas, sino por razones políticas. El presidente Vizcarra les daría la razón.  Desde el punto de vista técnico, lo más viable seria que lo continúe Odebrecht, pero no lo es desde el punto de vista legal y político. No hay forma de que Odebrecht termine este proyecto. Pero hay salidas, dijo en entrevista con el diario La República.  En ese sentido, sostuvo que se han publicado decretos de urgencia para hacer posible la construcción de la parte final del proyecto de irrigación.  Lo que estamos conversando con el gobernador de La Libertad —pues la obra es de ese gobierno— es hacer una nueva licitación, y eso lo hacemos en cuatro meses. Este proyecto está avanzado en 70%, solo falta 30%. Si quieren, lo pasan al Ministerio de Agricultura y sacamos la licitación en cuatro meses, dijo.","gestion","03/02/2020"
"Inversión pública crece 89%, pero 640 municipios no gastaron un sol","La inversión pública tuvo un primer resultado positivo al reportarse un crecimiento de 89% en enero de este año, tras tres meses previos de cifras adversas, y culminar el 2019 en medio de cuestionamientos por cambios o ajustes en el marco base de comparación, justificados por la emisión de decretos de urgencia.  Según el Ministerio de Economía y Finanzas (MEF), las inversiones públicas ejecutadas principalmente por los gobiernos locales (municipalidades) que reportaron un crecimiento de 822%; sin embargo, este primer mes del año se compara con el inicio de la gestión de los alcaldes.  La ejecución del Gobierno nacional se elevó en 37%, aunque no todas las entidades del Estado avanzaron al mismo ritmo. En tanto, las inversiones de los gobiernos locales tuvieron un incremento de 37%.  Se han ejecutado S/ 333 millones en enero versus los S/ 36 millones del mismo mes del 2019, siendo el montón de inversión más alto del periodo 2011-2020. Los principales proyectos de inversión en este nivel de gobierno se orientaron a transporte, saneamiento y educación.  Municipios olvidados?  Resultados destacados por el Ministerio de Economía (MEF) no revelan los detalles, dado que 640 municipalidades en el Perú (13 distritales y 627 provinciales) aún están sin iniciar sus proyectos de inversión pública. Es decir, no han gastado ni un sol.  Se revierten cada seis meses.  Este número representa casi la tercera parte de los 1,873 municipios (entre distritales y provinciales) que existen en todo el país.  Cabe indicar que, pase lo que pase, si no ejecutan ningún proyecto de inversión pública, solicitan aumentos en los presupuestos con asignaciones adicionales desde el MEF.  Según el mismo portal, el presupuesto de dichos municipios que no tienen ejecución en enero pasó de S/ 1,991 millones a S/ 2,559 millones solo en los 30 primeros días.  OTROS DATOS  Sin ejecución. Hubo 17 de las 59 entidades públicas vinculadas al Gobierno Central que llenen presupuesto de Inversión pública por más de S/ 230 millones que aún no arrancan con la ejecución, están en cero.  Entre las entidades que figuran con cero de inversión pública están el Instituto Nacional de Defensa Civil (Indeci), con S/ 15.8 millones; el Instituto Nacional de Salud (INS), con S/ 12 millones; Sunass, con S/ 4 millones, entre otras.","gestion","03/02/2020"
"Tras elecciones congresales hay riesgo de un populismo sectorial","Elmer Cuba: Tras elecciones congresales hay riesgo de un populismo sectorial  La nueva configuración del Legislativo aleja el riesgo de un cambio mayor de la política económica. Sin embargo, las medidas de corte populista no están descartadas. Esto puede impactar en el dinamismo de la economía.  Elmer Cuba, socio de Macroconsult, señala que la sorpresa ha sido la emergencia de dos grupos que, a su manera, son de corte autoritario: Unión Por el Perú (UPP) y el Frente Popular Agrario del Perú (Frepap), pero en opinión de Cuba, el pensamiento económico de ‘centro’ ha ganado, hay 90 votos (o más) en el Nuevo Congreso que son de centro o centro-derecha.  Menciona que se trata de las curules ganadas por Acción Popular (AP), Somos Perú y Podemos Perú, que los considera de ‘centro’, más los de derecha como Alianza Para el Progreso (APP), el Partido Morado y Fuerza Popular.  ‘Entonces, con la nueva conformación política del Congreso, no hay riesgo de un cambio en el modelo económico, tampoco hay riesgo de vacancia presidencial. Esos son los dos grandes avances. Es decir, el riesgo mayor en términos de la política macroeconómica no ha ocurrido con las elecciones congresales, pero sí hay un problema a nivel microeconómico, advierte el economista.  Próximos escenarios  Explica que la primera mitad de este año será ‘modode colaborativo porque no es rentable, desde el punto de vista político, atacar al Gobierno. Agrega, sin embargo, que en la segunda mitad del año, más hacia el cuarto trimestre, se tendría un problema porque ya se estará en la campaña electoral y todos los partidos van a girar a ‘modo campaña electoral, lo cual implica oponerse al presidente de turno y al Gobierno, ya que siempre resultan rentables los ataques cuando se está en campaña.  ‘Allí se presenta un problema, porque si el presidente Vizcarra no mantuviera para entonces la popularidad que tiene hoy, se hace más propenso a las críticas. Y ahí es donde está el riesgo de un ‘populismo sectorial, acota.  Y en ese escenario, añade, puede ocurrir algo similar a lo que pasó con el Sistema Privado de Pensiones (SPP) en la campaña electoral anterior, y que ningún partido político se atrevió a decir a la aprobación de ley que permite el retiro del 95.5% del fondo individual.  ‘El riesgo económico en este año tiene fecha, octubre a partir del cuarto trimestre, porque ah podríamos tener un presidente más débil en términos de popularidad y un Congreso en campaña electoral (para las elecciones generales del 2021); esa es la combinación perfecta para que surjan medidas populistas en términos económicos, remarca.  Perspectivas  Si ocurre eso, el ciclo económico se vería afectado, pero no el de este año, sino el del 2021.  Para este 2020 Cuba prevé que el crecimiento económico sea más fuerte en el primer trimestre, de 3%, es decir, mucho mayor que el 1.5% de crecimiento que estima para el cuarto trimestre del 2019.  ‘Pero eso no significa que ya todo mejore, porque eso se debe a que este verano se reactivarán los sectores primarios y la inversión pública, seala.  Salarios seguirán estancados  Ventas internas irán al mismo ritmo que el 2019  En cuanto a la inversión privada, Macroconsult coincide con otros estimados en que su crecimiento este año será débil, pero hace notar que eso no es tan malo. ‘Creciendo 0% la inversión privada, es decir, manteniendo su nivel, ya es bastante. En América Latina el Perú es el país con mayor inversión privada como porcentaje del PBI y aun sin crecer (0%), significa que sigue (en términos absolutos) la cifra del año pasado, explica Elmer Cuba.  Respecto al consumo privado, Cuba espera que el gasto en consumo privado sea un poco más débil que en el 2019, lo que llevará a un menor crecimiento del gasto privado total (inversión más consumo).  ‘Pero la sensación térmica (de las ventas internas) en las ciudades será la misma, este año irá a una velocidad parecida a la del año pasado. Es decir, el PBI servicios, comercio, industria se mantendrá al mismo ritmo que en el 2019, alrededor del 3%, detalla.  Cómo estará el bolsillo de la gente?  ‘También estancado. Una economía que mece a 3% (anual) tiene salarios estancados, seala Cuba.  Los salarios individuales están estancados, el ingreso de los trabajadores (la masa total) aumenta solo por nuevos empleos, pero de cada tres de estos uno es formal y dos informales, explica.  ‘Este 2020 no será un año malo para las ventas, las empresas han tenido utilidades en el 2019 y lo tendrán también este año, pero el crecimiento de las ventas (y del PBI) no está a niveles que necesitan para mejorar empleo, salarios y bajar la pobreza en el país, concluye el economista.  Las elecciones de abril, el nuevo Congreso, la nueva configuración del poder político, eso es central para la economía, porque determina el ciclo económico del 2021 y del quinquenio (2021–2026), sostiene.  Por ejemplo, una racional política como la actual, con nueve bancadas sin mayoría de ninguna, haría poco posible que avancemos en las reformas económicas pendientes, pero a medida que crece el número de bancadas. Esta fragmentación política es la que hace daño.  Para evitar eso hay que cambiar las reglas de juego electoral ahora mismo, apunta a la creación de un senado, cambiar el sistema de cifra repartidora, entre otros.","gestion","03/02/2020"
"Emergencia mundial aumenta a 361 muertos","China anuncia inyección de US$ 175,000 millones para frenar impacto  China ha tomado medidas para limitar las actividades de ventas en corto de cara a la reapertura de sus mercados financieros hoy.  (Agencias) China anunció una inyección masiva de liquidez a la economía del país, afectada por la epidemia de un nuevo coronavirus, en la víspera de la reapertura de los mercados financieros cerrados por las vacaciones del Año Nuevo Lunar.  El banco central chino inyectará hoy 1.2 billones de yuanes (US$ 175,000 millones) para contener el impacto de la neumonía viral, que ya dejó más de 300 muertos y contagió a más de 14,000 personas.  La inyección indica en un comunicado que la operación servirá para mantener una liquidez razonable y abundante para el sistema bancario, así como para estabilizar el mercado de cambio.  La reapertura de hoy de las bolsas de Shanghai y Shenzhen podría dar lugar a una fuerte baja de los índices. Estos mercados permanecen cerrados desde el 24 de enero, al día siguiente de la declaración de la cuarentena en la ciudad de Wuhan, donde se detectó el brote.  Las bolsas chinas tendrían que haber abierto el viernes pasado, pero Beijing prolongó tres días las vacaciones de Año Nuevo con el objetivo de ganar tiempo en su lucha contra reloj para frenar la epidemia.  Desde hace 10 días, los índices mundiales se han visto lastrados por el temor a las posibles consecuencias del coronavirus en la economía china, la segunda del mundo.","gestion","03/02/2020"
"Apertura de sus mercados financieros hoy.","(Agencias) China anunció una inyección masiva de liquidez a la economía del país, afectada por la epidemia de un nuevo coronavirus, en la víspera de la reapertura de los mercados financieros cerrados por las vacaciones del Año Nuevo Lunar.  El banco central chino inyectará hoy 1.2 billones de yuanes (US$ 175,000 millones) para contener el impacto de la neumonía viral, que ya dej más de 300 muertos y contagió a más de 14,000 personas.  Esta inyección indicó en un comunicado que la operación servirá para mantener una liquidez razonable y abundante para el sistema bancario, así como para estabilizar el mercado de cambio.  La reapertura de hoy de las bolsas de Shanghai y Shenzhen podría dar lugar a una fuerte baja de los índices. Estos mercados permanecen cerrados desde el 24 de enero, al día siguiente de la trágica extensión de la cuarentena en la ciudad de Wuhan, donde se detectó el brote.  Las bolsas chinas tendrían que haber abierto el viernes pasado, pero Beijing prolongó tres días las vacaciones de Año Nuevo con el objetivo de ganar tiempo en su lucha contrarreloj para frenar la epidemia.  Desde hace diez días, los índices mundiales se han visto lastrados por el temor a las posibles consecuencias del coronavirus en la economía china, la segunda del mundo.  La irrupción del nuevo patógeno ha desencadenado la parálisis de sectores enteros de la economía china.","gestion","03/02/2020"
"G7 decidirán en conjunto","Medidas. Los países del G7 van a concertar una respuesta conjunta para luchar contra el nuevo coronavirus surgido en China. Hemos acordado que debe de haber una conferencia telefónica de los ministros de Salud del G7 para dar una respuesta uniforme a la epidemia, que ha causado más de 300 muertos. Explic Jens Spahn, ministro de Salud de Alemania.","gestion","03/02/2020"
"Argentina afronta semana clave para el futuro de su deuda","(EFE) Esta semana será clave para el futuro de la deuda pública de Argentina, con la definición de la nueva oferta, en Buenos Aires, al borde de un cese de pagos, y reuniones cruciales del presidente argentino, Alberto Fernández, con los representantes de los organismos cuyo apoyo busca caminar las negociaciones con el FMI.  La provincia de Buenos Aires, la más rica y poblada del país, extendió el plazo hasta hoy para que tenedores de un bono en dólares den su consentimiento para aplazar hasta mayo un vencimiento de capital por US$ 250 millones.  El Ejecutivo bonaerense necesita el visto bueno de los tenedores de bonos que representen al menos el 75% del capital en circulación del BP21 para poder postergar hasta el 1 de mayo el mencionado vencimiento, que operaba el pasado 26 de enero.  De no conseguirse ese nivel de adhesión y no regularizar el pago antes del próximo miércoles, el distrito ser declarado en cese de pagos externo, algo que para los analistas sentaría un mal precedente de cara al acuerdo que Argentina pretende cerrar antes de que finalice marzo con sus propios acreedores privados y el FMI para en principio extender los vencimientos de su pesada deuda soberana.  El presidente argentino, Alberto Fernández, está en plena gira por Europa para buscar apoyos en el seno del director del FMI, con el que Argentina pretende lograr una reprogramación de los pesados vencimientos que operan entre 2021 y 2023.","gestion","03/02/2020"
"Editorial","Comportamiento Electoral La labor del Jurado Nacional de Elecciones (JNE) para los comicios del 26 de enero no fue de las mejores. El órgano encargado de establecer las reglas bajo las que se realizó el sufragio —que defini la conformación del nuevo Congreso— demor demasiado en responder consultas de los jurados electorales especiales (JEES) y muchas de sus decisiones han sido calificadas de incoherentes por expertos en la materia. Se habl incluso de que el JNE realiz interpretaciones auténticas de las normas, al estilo de la época fujimorista.  Para empezar, demor más de un mes en determinar que los congresistas disueltos podían volver a postular. La convocatoria a los comicios se hizo el 30 de septiembre y recién el 11 de noviembre decidi qué podrían hacerlo, pese a que en el referéndum de diciembre de 2018 la población aprob mayoritariamente la elección inmediata de legisladores. La Corte interpretación del JNE fue que las elecciones congresales eran excepcionales, un calificativo que con el proceso en el mismo régimen les asign.  Modificar las reglas moriría arrastrándolas. Interpretarlas a su antojo revela un trabajo opaco, deficiente y anacrónico.","gestion","03/02/2020"
"Ta Mara: Gobierno patea el tablero","Indica que, en el Perú, patear el tablero es una locución verbal que tiene el sentido figurado de abandonar súbita y bruscamente una discusión, juego o contienda en la que se estaba perdiendo, evadiendo así la admisión del fracaso.  El presidente Vizcarra, abandona la posibilidad de que se empiece la construcción del proyecto Ta María en su ubicación, por una razón. Negará este conflicto. El presidente trata de ocultar su fracaso en el tema, diciendo: Si no se generan consensos (en Ta María), no vamos a forzarlo.  Al decreto, el presidente parece no ser consciente de que quien tiene que generar estos consensos es su gobierno. Esa es su responsabilidad y la está evadiendo. Posiblemente está primando más su cálculo político y hambre de poder, que la generación de recursos para iniciar todo un proceso de desarrollo territorial en el Valle del Tambo. El presidente no está analizando que no se trata de sacar adelante el proyecto Ta María, se trata de lograr el desarrollo integral del Valle del Tambo como aliado a la minera. Son dos enfoques totalmente diferentes.  Se trata de: (1) asesorar técnicamente a los terratenientes para que incrementen la productividad por hectárea, (2) capacitarlos en el uso de mejores técnicas de riego, (3) canalizar el río Tambo que cada año —en la época de verano- se lleva grandes cantidades de tierra cultivable hacia el mar, (4) acercar a los agricultores nuevos y mejores mercados que los actuales, (5) buscar, técnicamente, nuevos cultivos que sean más rentables, (6) incrementar la producción lechera y la producción de animales menores. También se trata de mejorar los servicios de salud pública y de educación. De dar un futuro diferente a los hijos de jóvenes que terminan la secundaria en la provincia de Islay y tienen que dejar su tierra porque no encuentran los medios para desarrollarse.  El Perú es un país megadiverso, un país agrominerario.  Todo eso está postergando el presidente Vizcarra. No es cierto que no se están generando los consensos. En el Valle del Tambo cada vez son menos los opositores al proyecto. Jugarás por un proyecto minero como Ta María, no es apostar por la empresa minera, es apostar por Arequipa y el Perú. Arequipa creció económica mente en 0.7% en el 2019 cuando siempre crecía encima del promedio nacional. El problema de la pobreza en el Perú no es causado por la minería, es causado por la negligencia de un Estado que no sabe cómo transformar el crecimiento en roles sostenibles. Esto es objetivamente por: (1) la falta de capacidad de alcaldes distritales, regidores, alcaldes provinciales y hasta gobernadores regionales para generar desarrollo sostenible y (2) la corrupción que campea en el Estado y en no pocas empresas privadas.  El Perú es un país diverso, un país rico. La mayoría de pobladores de Islay sabe bien que el proyecto Ta María ayudará al desarrollo integral del Valle del Tambo. La gente y en general la población de la provincia de Islay no merecen ni dobles discursos, ni patear el tablero.","gestion","03/02/2020"
"Empresas citadas","Macro AssetManagementP1, Aceros Arequipa P…4, Golds Gym RG, Em-Azucola RG. Grupo Sura P.6, Nestlé P.6, New Athletic PJ, Bodegas San Francisco P.8, Gloria P.9, Niubiz R10, DNA Human Capital P.11, Telefónica P.“, Credicorp Capital P.12, National Mango Board P.12, Nei Analytics P.12, Vnapp P.12, Nike P.12, Entel P.12 Parque Arauco P.12. GMA y Montero P.11 Luz del Sur P.13, Panero Minerals P.13, Securitas P.31","gestion","03/02/2020"
"Prdidas por impacto del caso Lava Jato y Gasoducto del Sur","El grupo Graña y Montero arroj prdidas por US$ 265 millones en el 2019 como resultado de la reparación civil que tendrá que pagar por el caso Lava Jato y el Gasoducto Sur Peruano. A ello se suma provisión por una posible exposición a la demanda de “Class Action” planteada en Nueva York en el 2017. Sin considerar las provisiones la utilidad neta del grupo hubiera sido de US$ 4.5 millones. La empresa señala que las provisiones ‘en su mayoría tienen efectos contables que no afectan la caja, ni la continuidad de los proyectos’, en esa línea remarca que el EBITDA del 2019, uno de los indicadores clave de la caja de la compañía, alcanzó US$ 193 millones. Al cierre del año pasado el total de cartera de proyectos y negocios recurrentes del grupo suman US$ 2,094 millones, que representa aproximadamente 1.7 años de ventas para el grupo constructor.","gestion","03/02/2020"
"Robot que imita expresiones humanas","El artista japonés Takayuki Todo ha creado a “SEER”, un robot capaz de simular las expresiones humanas. Utilizando una cámara que capta el rostro de las personas que lo contemplan, SEER refleja sus mismas expresiones.","gestion","03/02/2020"
"Proyectos pendientes de Luz del Sur","El año pasado, Luz del Sur presentó diversos proyectos con compromisos de inversión superiores a US$ 37 millones para líneas de transmisión y nuevas subestaciones eléctricas. Adicionalmente, la empresa ejecutó inversiones por S/ 294.6 millones, recursos que fueron orientados principalmente al mejoramiento y expansión del sistema eléctrico. La compañía también cuenta con participación en el segmento de generación eléctrica a través de la empresa Inland Energy. Los proyectos pendientes en este caso corresponden a la construcción de la central Santa Teresa 11 en el Cusco, que significa una inversión de US$ 600 millones. También gan para el proyecto Majes-Siguas II la construcción de las hidroeléctricas Llulla y Lluta en Arequipa, que suman US$ 640 millones.","gestion","03/02/2020"
"Línea 2 del Metro","30,199 km fue el número de viajes del mes pasado en la construcción del proyecto de la Línea 2. Hasta el momento la inversión alcanza los US$ 1,614 millones. Se prevé que los primeros 5 kilómetros de recorrido comiencen a funcionar a mediados del 2021.","gestion","03/02/2020"
"Proyectos mineros","Planes de Panero La empresa Panero Minerals avanza en conversaciones con comunidades y estudios ambientales como parte del proceso de permisos que tiene como meta culminar en el primer semestre del año. La junior canadiense tiene previstas inversiones con su socio estratégico Jogmec en el proyecto Lumanganta (Cusco), para culminar antes del cuarto trimestre de este año. La propiedad de Lumanganta cubre un área de 3,600 hectáreas junto con los proyectos Antilla y Cotabamba, también de Panero. La propiedad contiene mineralización de cobre y oro.","gestion","03/02/2020"
"Teleféricos","En manos del municipio de Lima La Autoridad de Transporte Urbano (ATU) delegó a la Municipalidad Provincial de Lima la realización de los estudios técnicos sobre la viabilidad de los proyectos de 105 teleféricos en la capital. Las iniciativas comprenden las rutas de Independencia hasta San Juan de Lurigancho y de El Agustino. El total estimado se ubica en alrededor de los S/ 400 millones y se prevé que la obra se encuentre lista para el año 2022.","gestion","03/02/2020"
"Segunda Convocatoria","LICITACIÓN PÚBLICA INTERNACIONAL - LPI N° 001-AAP-2020 1. OBJETO DE LA CONVOCATORIA: Seleccionar el Proveedor que presente la mejor oferta Técnica y Económica para la ADQUISICIÓN DE VEHCULOS PARA EL SERVICIO DE EXTINCION DE INCENDIO DE LOS AEROPUERTOS DE AREQUIPA, AYACUCHO, JULIACA, PUERTO MALDONADO Y TACNA. 2. VALOR REFERENCIAL MÁXIMO: USD 13439.951.02 (Trece Millones Cuatrocientos Treinta y Nueve Mil Novecientos Cincuenta y Uno con 02/100 dólares americanos). 3. PRESENTACIÓN DE PROPUESTAS (SOBRE N°1 Y SOBRE N°2) Y APERTURA DE SOBRE N°1 (VERIFICACIÓN DOCUMENTARIA): Martes 31 de marzo de 2020; las 15:00 horas en la oficina principal de la empresa, ubicada en Av. Mariscal José de la Mar N° 1263 Of. 601 Urbanización Samanez Cruz Miraflores. 4. BASES Y CRONOGRAMA DEL PROCESO: Ver la página web de AAP https://www.aap.com.pe/convocatorias 5. REGISTRO DE PARTICIPANTES: Del 28/01/2020 hasta el 05/02/2020 hasta las 17:00 horas a través de la siguiente dirección de correo electrónico: convocatorias@aap.com.pe","gestion","03/02/2020"
"Otro trimestre explosivo para las ganancias de Amazon.com Inc.","Un repunte de 7.38% en sus acciones en las operaciones del viernes impulsó la valuación del gigante minorista más allá de los $1 billón. El año pasado, midió US$ 1 billón. Para medir cuán poderoso es este Amazon.com Inc., debemos mirar más allá de su capitalización de mercado, sus ventas de primera línea y sus ingresos por membresía. Analicemos el impuesto llamado Amazon Tax. Esto es lo que gana la compañía al pedir a comerciantes que paguen, en forma de publicidad, por el privilegio de ser notados para ambos, AWS y los consumidores. El negocio minorista de Amazon tiene un as bajo la manga. El concepto de un impuesto Amazon no es nuevo. El escritor de Stratechery Ben Thompson habló sobre un impuesto AWS hace cuatro años. En ese momento describió el negocio de servicios en la nube de la compañía de comercio electrónico y su servicio de membresía. Su colega de Bloomberg Opinion, Shira Ovide, escribió sobre la publicidad como fuera un peaje. Pero lo que alguna vez fue una categoría menor para Amazon ahora se ha convertido en su negocio de más rápido crecimiento. La publicidad en el espacio minorista puede ser fácil de lograr porque las empresas solo pueden ganar dinero con los anuncios si tienen suficientes espacios para vender. Aquellos con músculo, como las cadenas minoristas, a menudo aprovechan su tamaño y obligan a proveedores a reducir sus precios al por mayor. Alibaba puede apoyarse en la cantidad porque, durante dos décadas, ha sido un centro de compras omnisciente para sus proveedores, lo que lo hace indispensable para sus negocios. También tiene poca competencia, lo que hace que el descuento al por mayor sea menos una opción. Compra de anuncios: Una vez en la plataforma, se le dice a los proveedores que si desean tener alguna posibilidad de llegar a la atención de los casi 700 millones de clientes chinos de Alibaba, deberán comprar anuncios. Es claramente miedo a perder la oportunidad. Este tipo de modelo recientemente comenzó a funcionar en la empresa de entrega china Meituan Dianping, que se volvió rentable a mediados del año pasado gracias en gran parte a su capacidad para extraer ingresos publicitarios de proveedores de alimentos. En comparación, Amazon es relativamente nuevo en este tipo de negocio, pero está compensando el terreno perdido. También es importante distinguirlo de las comisiones, una tarifa que Amazon solo cobra cuando ayuda a proveedores a vender un producto en su sitio. La categoría otro ahora representa 5% de los ingresos totales, en comparación con 2% hace dos años. Suscripción: La atracción de la masa de compradores. La capacidad de Amazon de hacer que los clientes paguen por el privilegio de comprar a menudo se considera la fortaleza de su plataforma. Datos recientes de Consumer Intelligence Research Partners estiman que la compañía tiene 112 millones de clientes Amazon Prime en EE.UU., lo que representa 65% de los compradores en el trimestre de diciembre. Ese es el verdadero músculo minorista. Para darse una idea de su influencia sobre los proveedores, considere cuánto deriva de los anuncios en comparación con todos los ingresos minoristas. Esa cifra subió a 6.6% durante los 12 meses hasta diciembre, más del doble de lo que era hace dos años. Pero una medida real de poder es cuán desesperados están los proveedores por captar la atención de esos clientes, y cuánto Amazon puede extraer de ellos para brindar esa oportunidad.","gestion","03/02/2020"
"Nuevo crucero de investigación","Luego de la publicación del Decreto de Urgencia (DU) 015-2020 que estableció modificaciones a la ley de creación del Instituto del Mar del Perú (Imarpe) y que generó malestar entre los empresarios y sindicatos pesqueros, esta institución continúa con las labores que venía desempeñando.  Así, es conocido que el Imarpe inicia en marzo de cada año un crucero de evaluación hidroacústica para estimar la biomasa de anchoveta, con el objetivo de determinar el volumen de la captura permisible para el inicio de la primera temporada de pesca, que suele empezar entre abril y mayo.  Sin embargo, este año el Ministerio de la Producción (Produce) solicitó al Imarpe comenzar preventivamente un crucero de evaluación, pero no precisamente para analizar y definir la primera temporada de pesca 2020, sino para evaluar los cambios climáticos en el mar. ‘As lo afirmó Gestión la titular del sector, Rocío Barrios, al indicar que actualmente se presenta un “cambio climático bastante fuerte”. “Lo que se les ha pedido (a Imarpe) es que quizás empiecen ahora en estos meses (enero y febrero) con un crucero, más que para ver la primera temporada 2020, para poder ver justamente este tipo de cambios que se han dado y por qué ahora tenemos tantos juveniles”, sostuvo Barrios.","gestion","03/02/2020"
"Se registra incremento, después de siete meses consecutivos de caída","Precio del pollo en pie subió en enero, pero Minagri dice que tendencia será estable  Para este año se estima que la producción del ave se incrementará en más de 4.7%, alcanzando un total de 2.1 millones de toneladas, según el Ministerio de Agricultura.  El precio promedio mayorista del pollo en Lima Metropolitana se consiguió –según los datos del Ministerio de Agricultura– secuencia los últimos siete meses del 2019 (ver tabla), según los datos del Ministerio de Agricultura y Cultura (Minagri). Esto se explicó, en parte, porque el menor comercializado –en unidades– creció tasas superiores a dos dígitos respecto a similar período del 2018, mostrando un mayor dinamismo de la demanda.  A esto se suma que –a diferencia del 2017– el año pasado no se registró ningún evento climático que impactara en la producción del ave en su desarrollo. El precio de importancia del maíz amarillo duro, principal insumo para su crianza, disminuyeron los últimos cinco meses de la operación pasada. Hay que recordar que al menos el 70% de este grano se compra en el exterior, y el resto es producción nacional.  Sin embargo, el 2020 empezó con un alza. El precio promedio del pollo en pie alcanzó los S/ 4.24 por kilogramo en enero (al 30 de ese mes), lo que representó un incremento de 4.6% comparado con similar período del año anterior.  Aunque aún continuo Periodo se van 1,4% más (69,194 toneladas) que en enero del 2019, la baja base comparativa influye en el incremento señalado. En enero del año pasado, el precio promedio cayó 26%.   El 2020  El alza del precio mayorista será una tendencia en el año?  Para Christian Garay, director general de Seguimiento y Evaluación de Políticas del Minagri, se prevé que el precio promedio del ave en los centros de distribución se mantendrá estable. Esto, porque para este año se espera que la producción de pollo se incremente en más de 47%, después que el año pasado creciera 44% a 2 millones de toneladas. “Hemos decidido ir avanzando haciendo consultas de expectativas, y nos afirman que (la producción) va a crecer en el 2020. Se espera que el crecimiento de la producción supere los 2,100,000 toneladas”, refirió.  Además, aunque en enero el precio CIF del maíz amarillo duro llegó a US$ 197 por tonelada, lo que representó una alza de 2.4%, Garay explico que este resultado no se reflejará en el corto plazo pues las compañías –este producto– hacen compras anticipadas. Sobre el verano, indicó que no se espera una subida “inusual” del precio mayorista del ave. Si bien la baja base comparativa podría impulsar aquella regresión de alzas en algunos meses, la cierto-seal es que ello se tratará de una cierta recuperación, pero no una señal de alarma.  No obstante, la tendencia debería ser que la oferta siga empujando los precios hacia abajo y la demanda se mantenga inelástica.  Precios del pollo en centros de acopio (S/ )  950  850  Prado del pollo viscerado (al consumidor)  750  700 705  650 —vs—F  650  550 535 545 545  450 435 445 445  350 Precio del pollo en mercados  350  300 309 316 323 330 337 344 351  ‘’ del pollo viscerado en mercados  Fuente: Ministerio de Agricultura y Riego  Las Claves  Consumo. Consumo per cápita va bordeando el kilogramo de pollo semanal, dijo el Minagri. Es decir, se han 116 los 52 kilogramos mensuales. En el 2017 era de 46 kilogramos.  Sector avícola. Creció 5% en el 2019 y mantendrá esta tasa en el 2020. Hay que indicar que el 90% de este sector se explica por el pollo y los huevos.  Huevos. La última semana, el precio del huevo rosado al por mayor llegó a S/ 3.67 por kilo.  Maíz duro llegó a US$ 197 por tonelada, lo que representó una alza de 2.4%, Garay explicó que este resultado no se reflejará en el corto plazo pues las compañías –este producto– hacen compras anticipadas.  Sobre el verano, indicó que no se espera una subida “inusual” del precio mayorista del ave. Si bien la baja base comparativa podría impulsar aquella regresión de alzas en algunos meses, la cierto-seal es que ello se tratará de una cierta recuperación, pero no una señal de alarma.  No obstante, la tendencia debería ser que la oferta siga empujando los precios hacia abajo y la demanda se mantenga inelástica.  Precios del pollo en centros de acopio (S/ )  950  850  Prado del pollo viscerado (al consumidor)  750  700 705  650 —vs—F  650  550 535 545 545  450 435 445 445  350 Precio del pollo en mercados  350  300 309 316 323 330 337 344 351  ‘’ del pollo viscerado en mercados  Fuente: Ministerio de Agricultura y Riego  Las Claves  Consumo. Consumo per cápita va bordeando el kilogramo de pollo semanal, dijo el Minagri. Es decir, se han 116 los 52 kilogramos mensuales. En el 2017 era de 46 kilogramos.  Sector avícola. Creció 5% en el 2019 y mantendrá esta tasa en el 2020. Hay que indicar que el 90% de este sector se explica por el pollo y los huevos.  Huevos. La última semana, el precio del huevo rosado al por mayor llegó a S/ 3.67 por kilo.  Si mantenemos un crecimiento más alto que el 2019 (en producción), para el 2020 se podrían proyectar que los precios estarán incluso un poco más bajos que los del año pasado. Es más, no voy a descartar que haya sobreoferta de pollo. Pero la tendencia es que el precio se mantenga estable, remarc.  Minorista  El año pasado, el precio promedio del pollo viscerado llegó a los S/ 7.05 por kilogramo. Para este año no se espera una variación constante. De hecho, en los últimos siete días, el precio llegó a los S/ 6,90 por kilogramo.  También se hará en Paita, según informe del MTC  Este trimestre estarán listos estudios para antepuerto en el Callao  Los proyectos de antepuertos que diseña el MTC para facilitar los accesos a los puertos del Callao y Paita, y reducir así los sobrecostos causados –sobre todo en el primero– por la congestión de movimientos que ocasiona largas filas en las operaciones de portación y exportación, tendrán sus estudios de viabilidad concluidos en el primer trimestre del 2020.  Ese es el cronograma que señala un informe técnico legal de la Dirección General de Políticas y Regulación en Transporte Multimodal, del Ministerio de Transportes y Comunicaciones (MTC), documento que dirigió al Grupo de Transporte y Logística, que agrupa a transportistas de carga en camiones, y al que tuvo acceso Gestión. Vale recordar que el proyecto de antepuertos, si bien tiene el respaldo de los transportistas, ha generado preocupación en el gremio de empresas que operan almacenes extraportuarios en torno al puerto del Callao, pues consideran que atenta contra la libre competencia y va en contra de la inversión privada.  El informe del MTC indica que, en el Callao y en Paita, cada uno de los antepuertos ocuparán un espacio de 20 hectáreas, con capacidad para 1,000 camiones cada uno, y permitirán el ingreso, estacionamiento, inspección de aduanas y salida de los camiones desde ya la puerta.  El antepuerto se mentará con un sistema de gestión de citas, que permitirá el acceso ordenado de los camiones a los terminales portuarios.  Ambos pueden ocupar espacios de hasta 20 hectáreas.  Actualmente, en el caso del Callao, ese acceso a los vehículos de carga pasa en forma desordenada, y generando una gran congestión, que provoca demoras en el ingreso y salida de mercancías de exportación e importación, y encarece sus costos. Ambos proyectos se encuentran actualmente en formulación de los estudios de preinversión a nivel de perfil, y se realizan estudios de suelo y tráfico, los cuales terminarán en el segundo trimestre del 2020, según el informe.  Las Claves  Antepuertos. Su ejecución se desarrolla en el marco del Plan Nacional de Competitividad, indica el MTC.  Camiones. Llegarán a los antepuertos dependiendo de su hora de cita para la descarga de su carga en los puertos.  Seguimiento. El futuro antepuerto permitirá la trazabilidad de camiones.  Firmarán convenio  Gobierno de La Libertad cederá a Minagri unidad ejecutora de Chavimochic III  El gobernador de La Libertad, Manuel Llempén, afirmó que la intención del Poder Ejecutivo es que el proyecto de irrigación se construya bajo el esquema de Gobierno a Gobierno.  Luego que el Ministerio de Economía y Finanzas (MEF), emitiera un informe desfavorable a la adenda planteada por el Gobierno Regional de La Libertad para que culmine las obras de Chavimochic III, la entidad adecuada cederá la unidad ejecutora al Ministerio de Agricultura y Riego (Minagri).  El gobernador regional de La Libertad, Manuel Llempén, se reunió con la ministra de Economía, Antonieta Alva, y el ministro de Agricultura y Riego, Jorge Montenegro, cita en la que se acordó el proyecto para que pueda ser culminado. Para ello firmarán un convenio con el Minagri en los próximos días.  “He demostrado toda mi disponibilidad para entregar solo la ejecución de la presa Palo Redondo para que se haga lo más pronto posible”, manifestó el gobernador.  Adelantó también que el Poder Ejecutivo tiene la intención de realizar el proyecto de irrigación mediante el convenio Gobierno a Gobierno por las bondades que esta modalidad presenta.  “Mi equipo de ingenieros quedó en Lima para apoyar y dar las facilidades en la alternativa más rápida”, mencionó Manuel Llempén.  Licitación en cuanto meses  Al respecto, el presidente de la República, Martín Vizcarra, anunció que el gobierno emitió un decreto de urgencia que permite que Minagri pueda asumir proyectos de irrigación de gobiernos regionales.  Impacto económico  Agroexportación se afecta por demora en la construcción  En 1995, cuando inició el proyecto de irrigación Chavimochic, La Libertad exportaba US$ 10 millones en productos de agroexportación. Ahora el monto supera los US$ 1,100 millones; es decir, un crecimiento anual promedio de 21.6%. Además, la generación promedio de empleo formal directo pasó de 49,000 en 2015 a 109,000 en los primeros diez meses del 2019. Si se culmina la presa Palo Redondo, se estaría generando cerca de 50,000 puestos de trabajo netales. Es decir, aproximadamente 160,000 puestos de trabajo en los próximos tres años.  Por su parte, el gobernador regional de La Libertad, Manuel Llempén, sostiene que la región deja de percibir diariamente US$ 3.5 millones por no contar con el agua de la mencionada represa.  La cifra  3,149  Millones de dólares de inversión  Es el monto total que tiene la tercera etapa de Chavimochic, que ampliar en 30,000 hectáreas la capacidad agrícola de La Libertad.","gestion","03/02/2020"
"Vanessa occon...","Con ms de 10 aos de operacin en el mercado, de los cuales los ltimos dos se dedicaron a la consolidacin del negocio, Bodegas San Francisco (ESF), parte del holding Algeciras de Chile, arranca este ao la construccin de nuevos espacios logsticos, dentro de los terrenos con los que ya cuentan.  Carlos Baella, gerente general de ESF, indic que en su centro Portada Lu rin Sur, ubicado en Punta Hermosa, sumarn no menos de 81,000 m2, que implica la segunda etapa del proyecto, extendiendo su oferta de naves de 8 y 10 metros de altura.  Para ello realizaremos una inversin de US$ 25 millones; buscamos que nuestro proyecto sea el centro logstico ms grande de Sudamrica, sostuvo el ejecutivo.  A la par, agreg, este ao se enfocarn en zar procesos, optimizar recursos y generar mayor eficiencia, con el fin de seguir creciendo y expandiendo su rea.  Cabe precisar que el rea donde se desarrolla Portada cuenta con tres centros logsticos. Uno ubicado en Villa El Salvador con 80,000 m2 construidos y terminados; otro que es Portada de Lurin (a la altura del km 38 de la autopista Panamericana Sur) con 420,000 mtambln construidos y entregados; y Portada de Lurn Sur, donde se enfocarn en los slgulentes aos.  CIFRAS Y DATOS  Ubicaciones. La distancia entre Porlada de Lurn y Portada de Lurn Sur es de dos kilmetros.  Creclmenlenlo. En el primer trimestre esperan un crecimiento de 20% en ventas y en todo el 2020 un 30%.  Panlclpad6n. BSF tendra una cuota de mercado en parques logsticos de entre 40% y 50%.  deLurn Suresde2.5 millones de metros cuadrados, sobre los cuales se espera montar una infraestructura techada de 1.5 millones de metros cuadrados, todo esto como un proyecto a largo plazo.  A la fecha cuentan con 70,000 m2 construdos y terminados. El proyecto de la segunda etapa arrancara a mediados de ao con el fin de concluir en 2021, coment, tras agregar que la zona ya cuenta con movimienm de ver! y servicios mmunes.  Clientesydemanda  Baella indic que con estos nuevos espacios buscan atender a los mismos clientes que ahora tienen (retail e industria por mencionar algunos), pero en ocasiones buscan mayor altura a los 8 metros.  Se pueden adaptar, no obstante, por logstica algunos requieren ms altura, acot.  La idea es que con esta gunda etapa se pueda mantener el nivel de ocupacin actual (alrededor de 85%). El ao pasado invirtieron en otros conceptos, pero este ao se retoma la construccin, la cual ser de manera permanente hacia adelante, siguiendo el modelo de la matrizen Chile.  En unos 10 aos podemos tener unas 10 etapas, es un plan a largo plazo, rer, aun cuando agreg que si la demanda lo requiere, estn en la capacidad de construir unos 10,000 metros cuadrados mensuales.  Oferta  BSF compite con tres tipos de almacenes, de 20 m2 a 250 m2 (minibodegas), de 250 m2 a 2,000 m2 (estndar) y de 4,000 m2 a ms, que son centros cin con determinadas caractersticas.  En los tres segmentos tuvimos un buen resultado, y el segmento de minibodegas ha sido el ms dinmico no solo por demanda de las pequeas y medianas sas, sino tambin de nas naturales y familias, djo Carlos Baella.  A nivel de rea ocupada los almacenes estndar (6.5 metros) y los centros de distribucin (almacenes de 8 y 10 metros de altura) representan la mayor parte de los ingresos del negocio y la demanda ha ido en alza, reri.","gestion","03/02/2020"
"GLORIA LANZA NUEVA BEBIDA BAJO PARAGUAS DE SU MARCA SLIM","Empresa busca tambin mayor participacin en el mercado de agua, apuntando el segmento de precios bajos. Pretende desarrollar an ms la categora de yogur.  Eduardo Ferro, gerente de la Unidad de Negocios Lcteos y Derivados de la empresa, indic a Gestin que, con base en su estrategia de innovaciones y bajo su marca de yogur$lim, lanzan al mercado una bebida de fruta.  Es un producto en lnea con la demanda por alimentos saludables que no tiene azcar aadida ni colorantes ni conservantes, explic.  Gloria tambin busca mayor participacin en aguas, donde ya compite con Agua PuraVda y, a la fecha, han reportado un crecimiento anual de 30%. Esta marca se produce en nuestra planta de Arequipa y en Lima; est en el formato de 31itros, mos en la capital con el formato de 650 ml, dijo.  De esa manera, Gloria entra del lleno a competir en el mercado de aguas y su meta para este ao es que puedan incrementar su participacin en el segmento de precios bajos.  Mercadodevogur  Con estas dos nuevas propuestas en el mercado, Gloria busca poder desarrollar an ms la categora de yogur. Ferro dice que an hay ms espacio para crecer.  Perspectiva. Eduardo Ferro, de Gloria, asegura que el segmento de yogur todava tiene ms espacio para crecer.  EN CORTO  Cadena de fro. En el caso de yogur refrigerado, que necesita de cadena de fro. Eduardo Ferro seal que cuentan con una cantidad importante de visicool en el nivel nacional para poder satisfacer su venta.  Sin embargo, que la cadena de fro en el pas an tiene muchas oportunidades para ser ms eficiente, sobre todo en el mercado de provincia: hay muchos nuevos comerciales que estn ayudando a mejorar dicho aspecto.  Oportunidad en este mercado. Los nios estn de vacaciones y el consumo de yogur se reduce un poco, pero otros segmentos como light se dan cuenta de un aumento significativo en su consumo, indic.  En general, se ha dado un incremento del consumo de yogur en todos los segmentos; sin embargo, el segmento de nios ha sido muy dinmico durante el 2019, dijo.  Otro segmento que ha tenido un crecimiento interesante es el de consumidores que buscan productos saludables y cuidan su alimentacin diaria, coment.  El ejecutivo refiere que, con base en datos de Nielsen, la participacin de Gloria dentro de la categora de yogur (que creci 5% en el ao) se ha elevado en ms de 3 puntos porcentuales en 2019.  El lanzamiento de Yofresh (alimento lcteo pasteurizado apanirdc yogur), impuls este resultado, sostuvo.","gestion","03/02/2020"
"VISANET DEJA DE SER FACILITADOR DE PAGO PARA SER NIUBZ, UNA FIRMA DE TECNOLOGA","Empresa se abre a nuevas tecnologas y targets, apuntando al milln de clientes en tres aos. En su transformacin, incorporar startups en alianzas, sin descartar alguna inversin.  Diego Conroy, gerente general de Niubz, detalla en exclusiva a Gestin el cambio. Aqu responde el cambio?  El nuevo nombre es lo visible, pero la transformacin se fundamenta en 22 aos de operacin liderando los modos de pago. Ahora buscamos estar ms cerca de las empresas, con soluciones pensadas en cada una y una visin ms amplia, de formar la forma de hacer negocios ms all de la simple cin de pago. Hemos desarrollado mucho, con QR tenemos ms de 130,000 comercios; en sin contacto tenemos peajes y ms de 80 buses, y seguimos.  Cunto tom este proceso?  Poco ms de un ao, veamos el potencial de crecimiento, la necesidad de cambiar el modelo y los clientes riendo soluciones ms completas. Fuimos los primeros facilitadores de pago, tuvimos la primera propuesta multimarca—aceptando diferentes tarjetas—y eso nos permite desarrollar el mercado.  Tienen nuevas metas...  En tres aos, esperamos superar el milln de clientes, mantener o acelerar nuestro crecimiento. Hay mucho por hacer y podemos seguir empujando el mercado.  Qu harn para lograrlo?  Cerraremos el 2020 por encima de 500,000 clientes. Venimos creciendo ms de 50% en clientes nuevos a nuevos segmentos, llevando el QR a ms poblaciones, soluciones en sitios donde no se reciben tarjetas. Hay mquinas expendedoras de caf en donde estamos entrando con aceptacin de medios de pago, en el transporte tambin hay oportunidad; y hay esfuerzos muy grandes en provincia.  Fuera de las capitales?  Primero, en las capitales, se ve una transformacin importante del comercio. Cada vez, es ms formal, ms malls, galeras, ms acceso a medios de pago electrnicos. Y en las localidades que no son capitales el trabajo es ms bsico,  Proyeccin  Apuntamos a 170,000 nuevos comercios este ao  En su expansin en el Per, Niubz proyecta afiliar a 170,000 nuevos comercios en el 2020. Y para lograrlo, su gerente general, Diego Conroy, afirm que la llegada a ms provincias y nuevos rubros de negocio ser clave. Hay pequeos comercios a los que estamos entrando.  Pero no solo es llevarles el equipo de Niubz VendeMs, sino tambin beneficios como recibir pagos de servicios, que puedan generar ingresos, coment. Y es que, en los pequeos comercios, reconoci que quienes tienen un equipo POS lo usan poco, por lo cual el trabajo de educacin y promocin debe ser mayor. Sabemos que empiezan con un uso interdario, luego diario y despus ya tres o cuatro veces al da. De ah ya comienza a ser ms frecuente, refiri, tras mencionar que la mayora de estas empresas usa el dispositivo de manera interdiaria. En ese contexto, seal que tienen estrategias con nuevos servicios para hacer ms atractiva esta tecnologa de pagos.  Hoja de vida  Profesin: Administrador de empresas por la Universidad de Lima.  Otros amdos: MBA Purdue University Krannert School of Management.  Trayectoria: Ms de 20 aos en el sector.  Intereses personales: Correr y jugar ftbol.  Soluciones, baratas, para cubrir sus necesidades.  Toda la innovacin es propia o trabajan con startups?  Estamos muy de la mano con ellas, ms con esta filosofa de desarrollar soluciones especficas para cada grupo de comercio. No creemos en una solucin para todos, sino para cada uno, y eso demanda apalancarnos en ellos, que ya tienen la experiencia, por ejemplo, en transporte pblico, mquinas expendedoras y otros.  Invencin en ellas?  Est dentro del modelo de negocio y es una evaluacin constante. No descartamos las sociedades, que tienen un amplio rango, de algo ms comercial a algo ms profundo.  Este ao podr haber algo?  Vemos ms alianzas que puedan decantar en algo ms profundo. Estamos muy abiertos a trabajar con el ecosistema, es parte de la evolucin y nuestra filosofa.  Qu perfiles buscan?","gestion","03/02/2020"
"El problema de la pobreza en el Perú","Es causado por la ciencia de un Estado que no sabe cómo transformar el crecimiento en desarrollo sostenible. Esto está estadísticamente probado por: (1) la falta de capacidad de alcaldes distritales, regidores, alcaldes provinciales y hasta gobernadores regionales para generar desarrollo sostenible y (2) la corrupción que campa en el Estado y en no pocas empresas privadas. El Perú es un país diverso, un país rico. La mayoría de pobladores de Islay sabe bien que el proyecto María ayudará al desarrollo integral del Valle del Tambo. Todo y en general la población de la provincia de Islay no merecen ni dobles discursos, ni patear el tablero.","gestion","03/02/2020"
"Por un sistema universal de pensiones","Un requisito para lograr una sociedad estable es la universalización de la seguridad social. En esa línea de pensamiento se encuentra la Organización Internacional del Trabajo, para la cual ‘los sistemas de seguridad social actúan como estabilizadores sociales y económicos automáticos’. El sistema de pensiones es uno de los pilares fundamentales de la seguridad social y por lo tanto debería cubrir a toda la población: debería ser universal. El otro pilar fundamental es el acceso a la salud.  En el Perú, la generación de un Sistema Universal de Pensiones (SUP) enfrenta obstáculos de tipo administrativo y estructural. El problema administrativo consiste en la multiplicidad de sistemas de pensiones que existen en el Perú: tenemos el Sistema Privado de Pensiones (SPP), que reúne las AFP; la Oficina de Normalización Previsional (ONP); el Sistema Nacional de Assurance Social (Pensión 65), orientado a adultos mayores en situación de vulnerabilidad; los sistemas de las Fuerzas Armadas y de la Policía; y otros sistemas menores.  En el estado actual de las cosas, el SPP está resolviendo el problema de la obtención de pensiones adecuadas para el segmento de la población formal y de rentas altas y medias, pero en la medida en que no otorga una pensión mínima, no beneficia a sectores de bajos ingresos. Por su parte, la ONP, al otorgar una pensión mínima, permite resolver el problema para trabajadores de bajos ingresos que no aportaron lo suficiente para la generación de una pensión adecuada. Estas disparidades no son sostenibles a largo plazo, más aún considerando la informalidad de nuestra economía.  Tener un SUP permitiría, en cambio, administrar de forma coordinada las pensiones de los grupos atendidos por estos diversos sistemas y garantizar uniformidad en el largo plazo, lo cual nos permitiría estar preparados para las variaciones económicas y demográficas del país. El otro gran obstáculo para tener un SUP en el Perú es el estructural, que consiste en la alta informalidad del empleo en nuestro país, lo que ocasiona además bajos niveles de productividad y una insuficiente recaudación fiscal. Una alternativa para contribuir a formalizar el empleo es implementar los sistemas de matching contribution y de capital semilla. El matching contribution es un mecanismo que genera aportes a los sistemas de pensiones tanto por el trabajador como por el empleador —o el Estado—, de forma tal de ir generando un fondo individual que permita con los años una pensión mínima superior a aquella que podría generar el trabajador individualmente. Es mente un incentivo a la formalización, porque la contribución del empleador o del Estado solo se otorgará a los trabajadores que están en planilla. Por su parte, el sistema de capital semilla permite que cada persona reciba un monto determinado de dinero, el cual sería administrado por una AFP o por la ONP hasta que la persona haya generado aportes a su fondo durante un número determinado de años. Ambos mecanismos, al incentivar la formalización laboral, permitirán en el futuro mitigar la carga fiscal que arrastra un sistema no contributivo de pensiones, como lo es Pensión 65, el cual es la única alternativa existente para los sectores informales o en situación de pobreza.  El nuevo Congreso tiene la posibilidad de plantear una solución de largo plazo que mejore la calidad de vida de los futuros adultos mayores, de forma que sus pensiones dependan cada vez menos de los aportes del Estado peruano. Así mismo, los jóvenes del mañana no tendrían que mirar una carga impositiva intergeneracional.","gestion","03/02/2020"
"Precisión de flagrancia VES","Hemos tomado conocimiento de una editorial de su diario, ‘Y ahora quién es el culpable?’, con fecha 27 de enero del 2020, en torno al lamentable accidente de un camión que transportaba GLP-VE. En la cual menciona específicamente a nuestra compañía, citamos a continuación el texto exacto:  ‘En septiembre de 2019, Osinergmin finalizó el vehículo a base de documentación y de la inspección realizada por Marine Consultants SAC, una empresa de inspección acreditada ante Inacal-Instituto Nacional de Calidad, que tuvo que sustentar por qué en menos de cuatro meses el vehículo falló...’  Al respecto queremos comunicar solamente que el recipiente apropiado (tanque de GLP sobre el camión), en nuestra calidad de organismo de inspección acreditado por Inacal-Inspección Nacional de Calidad, bajo los requisitos de la norma NP 1702012012, para lo cual tenemos el alcance técnico correspondiente y cumplimos absolutamente con todos los protocolos. Tan es así que luego del accidente el tanque no ha sufrido rotura ni deformación, puesto que la fuga no se originó en el tanque sino en una de las tuberías instaladas en la parte inferior del vehículo, la misma que al ser golpeada bruscamente con la vía de tránsito origina la rotura de una tubería con la consiguiente fuga de gas.  Ni las tuberías, ni las válvulas, ni las llaves, ni las bombas de vacío, ni las válvulas de vapor, ni las mangueras han sido certificadas por nuestra empresa, por las exigencias que nuestra acreditación no tiene alcance para ello. Nuestra empresa no interviene ni ha intervenido en la certificación de ninguno de los elementos antes mencionados, y menos en el camión como tal.","gestion","03/02/2020"
"Mejores condiciones en el financiamiento de viviendas","Bancos se vuelven agresivos en compra de hipotecas ofreciendo menores tasas. En un contexto de bajas tasas, los deudores ven oportunidad para trasladar su hipoteca a otra entidad financiera que les cobre menores intereses. Para una hipoteca de S/ 400,000, cuota mensual se puede rebajar hasta en S/ 459.  La tendencia decreciente de las tasas de interés de los créditos hipotecarios, que han llegado a mínimos históricos, ha reactivo la compra de deuda hipotecaria por parte de bancos de mayor tamaño, principalmenteresaltó el Banco Central de Reserva (BCR).  Los bancos ofrecen este tipo de operaciones a tasas de interés menores que las pactadas en los créditos originales, añadió.  En efecto, bancos, cajas y plataformas online especializadas indicaron que estas compras se acentuaron en el contexto de bajas tasas dentro de las hipotecas que hoy se observa, pues los deudores ven una oportunidad para reducir las tasas de los créditos hipotecarios más elevadas que tomaron en años previos.  La tasa promedio del crédito hipotecario en la banca se redujo de 8.63% a 7%, en los tres últimos años, y los bancos más grandes las cortaron en dos puntos porcentuales o más.  ‘Hay una agresiva subrogación (compra de deuda) en el mercado de hipotecas, créditos de consumo y para pymes. Hay mucha subrogación de deudas en el mercado crediticio, afirmó el gerente general adjunto de banca minorista de BBVA, Marco Calderón.  Bancos grandes. Banca usó de tasas en dos puntos. Compra de créditos hipotecarios seguirá a ritmo fuerte, al menos, en el primer semestre.  Tasa de interés promedio de crédito hipotecario (%) Ene - 17 Ene -20  gomerzo 9.60 8.478 popular 9.32 7.924 6.83. 8.65 otros bancos Mibanco 15.77 13.86 Mediante esta operación, personas que tomaron un préstamo hipotecario hace algunos años, y cuentan con un buen perfil crediticio, pueden trasladar su deuda de una entidad a otra en el sistema financiero y acordar nuevas condiciones, comolas tasas de interés menores que las pactadas en los créditos originales. El BCR indica que cuando el mercado de compras de deuda se reactiva, las tasas de interés delas hipotecas de los bancos tienden a converger, pues se dirigen a deudores relativamente similares.  La tasa promedio de los créditos de BBVA bajó de 7.93% a 6.69% en los últimos tres años, y el BCPIa y de 8.54% a 6.89%. Scotiabank e Interbank reconocieron su tasa de 8.65% a 6.83%, y de 8.9% a 6.6% en el mismo lapso, respectivamente. Así mismo, las tasas de BanBif y Mibanco cayeron de 8.93% a 7.79% y de 15.77% a 13.86%, en cada caso.  Menores cuotas Estas compras de deuda hipotecaria se suelen realizar desdede montos cercanos a S/ 300,000. Por ejemplo, los clientes que sacaron un crédito hipotecario con tasa de 9% o mayor, con la compra de deuda que les ofrecen otros bancos ahora pueden acceder a tasas de 7% y beneficiarse con menores cuotas mensuales, según el experto de Pacífico Business School, Jorge Carrillo. Así, un crédito hipotecario de S/ 400,000 tomado hace unos años, con plazo de 20 años y tasa de interés de 9%, inicialmente implicaba una cuota mensual de S/ 3,509, pero con la compra de deuda esta se reduce a S/ 3,050, lo que significa un ahorro de S/ 459 al mes, detalló.  El ahorro es relevante si se toma en cuenta que las hipotecas son de largo plazo, dijo.  Cajas ¡Es mucho más fácil para la competencia las cajas municipales.  ‘Hay comerciantes que están pagando 17% en sus créditos hipotecarios, por ser clientes más riesgosas, que se ven favorecidos con las ofertas de los bancos, señaló José Quereval, jefe de crédito hipotecario de Caja Huancayo.  Las cajas municipales están siendo muy afectadas con estas operaciones, por lo que buscan enfocarse en nuevos créditos de vivienda social a fin de compensar la reducción de su cartera de préstamos, precisó.  Los bancos compran hipotecas de clientes de las cajas, de los sectores B-, C y D, por montos desde S/ 150,000, mencionó Quereval.","gestion","03/02/2020"
"SE OFRECEN MEJORES CONDICIONES PARA EL FINANCIAMIENTO DE VIVIENDAS","Banca sueve agresiva en compra de hipotecas Colliers.com d diego Condor 311 0 menores tasas VisaNet facilitador de pago Tendencia decreciente de tasas de interés, que caen a mínimos históricos, reactiva las compras, dice BCR. Para el caso de hipotecas de S/ 400,000 la cuota mensual del préstamo puede disminuir hasta en S/ 459. Se enfocan en préstamos para viviendas sociales.","gestion","03/02/2020"
"RESULTADO DE ENERO SE HA REDUCIDO UN 38% POR LA INCERTIDUMBRE DEL MERCADO","Inversión pública Ventas internas crece 89%, pero 640 municipios funcionales no gastaron un sol en proyectos Aumenta luego de tres meses a la baja. Principalmente por la comparación estadística del primer año de municipios. Considera que tras elecciones del Congreso hay riesgos de un populismo sectorial. P. 20 Aceros Arequipa amplía inversión para nueva planta. Hay 17 de las 59 entidades vinculadas al gobierno central que aún no ejecutan. P.19 ADemás, la compra de 32 de Arte Express se vendió edificio Atlas en el centro.","gestion","03/02/2020"
"PESA2020: ENTRE LA INCERTIDUMBRE DEL MERCA Y LA POSIBILIDAD DE REPUNTE","Pese a que prevalecen condiciones económicas adversas, la pesca artesanal de anchoveta sigue. P.16.17 Tras 10 años de obras, Autopista del Sol todavía avanza lento. Solo se ha ejecutado el 44% del compromiso de inversión. Podría culminarse en dos años si MTC entrega todos los terrenos. P.15 Movieron S/ 4,323 millones. Aumenta en 50% el número de participantes en fondos mutuos. P.2 elección y gestión.","gestion","03/02/2020"
"EL MERCADO DE FONDOS DE INVERSIÓN ACELERÓ SU EXPANSIÓN EN LOS ÚLTIMOS DOS AÑOS","Hay 28 Sociedades Administradoras de Fondos de Inversión (SAPI) en el país, que gestionan 49 fondos creados por oferta pública, según la Superintendencia del Mercado de Valores (SMV). El patrimonio administrado por estos fondos ascendió a S/ 4,323.7 millones a septiembre del 2019, monto mayor en 12% al reportado a igual mes del 2018 (S/ 3,860.7 millones). Así mismo, al noveno mes del año pasado el número de personas en estos 49 fondos de inversión ascendió a 1,969, lo cual denota un incremento de 50.2% respecto del año previo (1,311). El sector de fondos de inversión ha venido creciendo porque, en general, hay más inversionistas institucionales y una mayor necesidad de estos de ir dando mandatos de inversión específicos. Pero también hay participación de personas de alto patrimonio a través de family office, señaló Gestión Rafael Carranza, gerente general de Macro Asset Management. Diversificados Un fondo de inversión consiste en un patrimonio colectivo conformado por aportes de participes (inversionistas) para su inversión tanto en valores e instrumentos financieros como en activos no financieros. Los principales tipos de activos en los que invierten los fondos son deuda privada, factoring, mercado hipotecario, leasing operativo, capital privado e inmobiliarios. Están bien diversificados y hay managers dedicados en cada uno de estos segmentos, destacó Joaquín Brignardello, vicepresidente de la Asociación de Sociedades Administradoras de Fondos de Inversión, en una entrevista de Procapital. 5810; Fondos son gestionados por SAPI, registradas y supervisadas por la SMV. Si bien dichas sociedades están autorizadas para administrar fondos de inversión por oferta pública y privada, el control de la SMV solo recae sobre los primeros, y por eso solo se cuenta con datos oficiales de estos. Carlos Rojas, CEO de Capia SAPI, explicó que, finalmente, los fondos de inversión han estado destinados principalmente a inversionistas institucionales como fondos de pensiones y compañías de seguros y, en menor medida, a personas de alto patrimonio. Son personas que tienen más capacidad de asumir riesgo, indicó. Nacionalización Si bien al inicio los fondos de inversión estuvieron destinados exclusivamente a AFP, eso cambió en los últimos cuatro o cinco años, dijo Rojas. Hay como un nuevo nacimiento de la industria, con nuevos jugadores que tienen nuevos productos y que están ofreciendo no solo a las AFP sino también a las personas de alto patrimonio. Eso también se ha despertado a raíz de la repatriación de capitales; las nuevas SAPI están atacando también a personas de alto patrimonio con una oferta que antes no había, dijo. La expansión no solo ha venido por fondos creados por oferta pública sino también por los privados, con una fuerte actividad, sostuvo Carranza. La gran masa Nosotros tenemos un fondo privado para inversionistas institucionales de S/ 11 millones, pero también hay muchos fondos privados para personas que invierten en el sector inmobiliario, detalló. Incluso Rojas consideró que la gran masa de los fondos de inversión está en el segmento privado. Según los estimados, un tercio de lo que hay son fondos públicos, y los otros dos tercios son privados, dijo. As, el patrimonio administrado por los fondos de inversión públicos y privados ascendería a unos S/ 12,900 millones. 2015 2017 2018 2019 (Número de participantes de fondos de inversión por SAPI a septiembre del 2019) Capitales SAPI Access Sea SAPI Adcap Asset Management SAPI Andean Crown SAPI BBVA Asset Management SAPI BB Capital SAPI Blancosnfin ... 1_ PAC Safi Personal Pension SAPI 107 Capital SAPI 11v Compass Group SAPI 12 Com Capital SAPI 13 Diviso Fondos SAPI 14 Enlocase SAPI 15 Faro Capital SAPI 16 Fondos Sure SAPI 17 Grupo Coral SAPI 18 Indepeniente SAPI 19 Eficient SAPI 20 Larraín Vial SAPI 21 LGX Asset Management SAPI 22 Macroglobal SAPI 23 MG SAPI 24 Popular SAPI 25 Sigma SAPI 26 SRM SAPI 27 Summa SAPI 28 W Capital SAPI Total 28 (Fuente: SMV)","gestion","03/02/2020"
"ACEROS AREQUIPA AUMENTA INVERSIÓN PARA SU PUESTA EN OPERACIÓN","Puesta en operación de la futura acería está prevista para mediados de año. Este 2020 se espera un capex mayor que en 2019. Avanzan con sinergias entre empresa y Comasa. Wilfredo Huanachín Aceros Arequipa anunció nuevas expectativas de desembolso de capital para este 2020, entre ellas, inversiones en la acería a construirse en Pisco (Ica), además de presupuesto en nuevos almacenes. Respecto al proyecto de melt shop, el gerente general de Aceros Arequipa, Julio Silgado, y el gerente financiero, Ricardo Guzmán, señalaron que en enero el directorio de la empresa aprobó un incremento de la inversión total en nueva infraestructura, pasando de US$ 180 millones a US$ 208 millones. Esto representa un 15% de aumento en inversiones. Se supo que en esta inversión no se incluye IGV. Los ejecutivos no precisaron un cambio de fecha en el inicio de la nueva acería tras este incremento de capital. El monto adicional es necesario para contar con mayor eficiencia y seguridad, señaló Julio Silgado durante la presentación de los estados financieros de la empresa en el cuarto trimestre del 2019. La puesta en operación de la nueva acería (anunciada en diciembre del 2017) está prevista para mediados de este año (Gestión 06.02.2019). Se busca reemplazar la actual instalación de la empresa por una nueva planta de mayor capacidad, además de evitar la importación de barras. Desempeño. Ingresos anuales de Aceros Arequipa Cifras y Datos Resultados. Ingresos en el cuarto trimestre del 2019 llegaron a S/ 767 millones, 2% menos que en el 2018. Márgenes. Mejoraron ante mayores volúmenes, y reducción en precios de la materia prima. Melt Shop. Nueva acería tendrá capacidad de producción de 1.35 millones de toneladas de acero al año. Expansión. En noviembre, la compañía creó Aceros América, la nueva división en Chile. Aceros Arequipa tiene el 100% de acciones. El plan de esta división es fortalecer las relaciones comerciales con proveedores locales. Arequipa crecerá 2% a 4%. Venta por destino (Millones) 783 763 780 Per Exportaciones 818 767 115 668 a me 2119 319 419 mune Acero Arequipa Ebitda/Margen Ebitda 15/millones) Utilidad Margen 14.2% 12.7% 11% 11_3o 12.18% 109 1 2719 41 9 4T 18 n 9 mane Aceros Arequipa 04 31 9 4719 Proyección Dentro de las proyecciones guía para el 2020, Aceros Arequipa considera un capex (desembolso de capital) de entre S/ 600 y S/ 700 millones, superior al del 2019, que fue de S/ 524.9 millones. La empresa estima que el Ebitda (ganancias antes de intereses, impuestos, depreciaciones y amortizaciones) para este año será de S/ 420 a S/ 460 millones, encima de lo referido en el 2019 que fue de S/ 394 millones. En cuanto a ingresos se espera un crecimiento de entre 2% y 4%, por debajo del 12.2% que se tuvo el año anterior. Objetivos Respecto a las sinergias entre Aceros Arequipa y Comasa (iniciada a fines del 2018), y los siguientes pasos de esta integración, los ejecutivos informaron que el proceso entre ambas empresas continúa. También se considera la consolidación del nuevo almacén de productos (warehouse) en Lima, cuyo desarrollo se realizará para fines de este año. En el primer trimestre del 2020 se implementarán [así] sinergias, se dará la consolidación y se verán los gastos y mantenimiento en los almacenes, anotaron. La construcción de la nueva acería y el nuevo almacén en Lima son dos proyectos que significan una gran inversión de la empresa para los próximos años, agregaron.","gestion","03/02/2020"
"Clientes que sacaron créditos hipotecarios con tasas altas ahora pueden beneficiarse con menores cuotas","Normalmente se realizan desde montos cercanos a S/ 300,000. Por ejemplo, los clientes que sacaron un crédito hipotecario con tasa de 9% o mayor, con la compra de deuda que les ofrecen otros bancos ahora pueden acceder a tasas de 7% y beneficiarse con menores cuotas mensuales, según el experto de Pacífico Business School, Jorge Carrillo.  Así, un crédito hipotecario de S/ 400,000 tomado hace unos años, con plazo de 20 años y tasa de interés de 9%, inicialmente implicaba una cuota mensual de S/ 3,509, pero con la compra de deuda esta se reduce a S/ 3,050, lo que significa un ahorro de S/ 459 al mes, detalla.  El ahorro es relevante si se toma en cuenta que las hipotecas son de largo plazo, dijo.  Cajas  Hay comerciantes que están pagando 17% en sus créditos hipotecarios, por ser clientes más riesgosas, que se ven favorecidas con las ofertas de los bancos, señaló José Quereval, jefe de crédito hipotecario de Caja Huancayo.  Las cajas municipales están siendo muy afectadas con estas operaciones, por lo que buscan enfocarse en nuevos créditos de vivienda social a fin de compensar la reducción de su cartera de préstamos, precisa.  Los bancos compran hipotecas de clientes de las cajas, de los sectores B-, C y D, por montos desde S/ 150,000, menciona Quereval.  La tasa promedio en cajas es de 13.75%, mientras que en bancos, 7%, casi el doble. Según Nicolás Mendoza, director de rebajatuscuentas.com, plataforma online de asesoría hipotecaria que opera con los bancos más importantes, las compras de deuda seguirán a buen ritmo, al menos, en el primer semestre.  Mientras las tasas de los créditos hipotecarios se mantengan bajas o continúen cayendo, habrá oportunidad para estas operaciones y, hasta ahora, no se observa que vayan a cambiar su tendencia, dijo.","gestion","03/02/2020"
"Compra de deuda","Al mes, 800 deudores trasladan su hipoteca  El número de créditos hipotecarios que los bancos compran al mes a los deudores de sus competidores ha subido a entre 600 y 800, según el gerente de rebajatuscuentas.com, Nicolás Mendoza. Los cuatro bancos grandes prefieren comprarse las deudas hipotecarias entre ellos, y a bancos más pequeños, dijo.  Hay dos tipos de clientes para estas operaciones. El primer grupo tiene el perfil de parejas jóvenes sin hijos, cuyos integrantes tienen entre 30 y 40 años. Estos hogares, con ingresos promedio de S/ 6,000 mensuales, ven en la compra de deuda una oportunidad para mejorar las condiciones de su hipoteca, acota Mendoza. Además, están las familias más consolidadas cuyos miembros superan los 45 años de edad, y tienen deudas adicionales, como vehiculares o tarjetas de crédito, etcétera. A estas, el banco, además de comprar su hipoteca, les otorga un monto adicional para que paguen las deudas contratadas con distintas entidades y reestructuren sus obligaciones, detalla Mendoza.","gestion","03/02/2020"
"Entrevista Enrique Fernández Chacón, virtual congresista por Frente Amplio","No tenemos problemas en escuchar a Vizcarra, otra cosa es aceptar su plan  Además señaló que el presidente Martín Vizcarra cometió un error al citar a los partidos sin esperar los resultados oficiales de la Oficina Nacional de Procesos Electorales (ONPE).  Gabriela Avalos  El virtual congresista de Frente Amplio Enrique Fernández Chacón ya conoce las reglas del juego. Después de haber sido dos veces parte del Congreso, en 1978 y 1980, sostiene que los nueve partidos con los que tendrá que consensuar no representan un problema para cumplir la agenda de su agrupación. He vivido peores, pero no con el mismo grado de ignorancia, señala Gestión.  ¿Ustedes asistirán a la reunión con el presidente?  Nosotros no tenemos inconvenientes en escuchar al presidente. Pero no quiere decir que aceptamos lo que él proponga.  Por qué cree que UPP no aceptó el encuentro?  Si el partido ha decidido no ir a la reunión con Vizcarra es porque también él ha cometido un error. Primero, ¿cómo puedes citar para esta semana a los partidos sin resultados oficiales? Hay candidatos electos, pero no bancadas.  Cómo sintió los comentarios de Vizcarra en la contienda electoral?  Me dio medio bochorno. Si ha influido en el electorado. Y ahora quiénes están en el poder? Los alcahuetes del Apra-fujimorismo. El presidente se ha equivocado por exceso de confianza, eso.  Podría también hablar con UPP?  UPP es una incógnita. Es un partido que es un vientre de alquiler, entonces no se sabe quién es el inquilino ahora. No sabemos si está Movadef o Castañeda. Tarde o temprano los financistas pedirán su partido.  Se ve el Frente Amplio trabajando con UPP?  Yo no, particularmente.  El costo. Fernández Chacón precisó que su campaña le costó S/. 90 mil.  El partido?  No los. Soy un hombre de izquierda. Siempre he preferido mantenerme al margen.  Con qué partidos se ve negociando en el Congreso?  Con los del Frente Amplio.  Somos Frente Amplio?  Por ahora sí. Hay que poner una agenda por delante. Tampoco nos desvela que tengamos que trabajar con otros partidos. Lo que determine la cercanía o lejanía será la agenda en común.  Cuáles la principal agenda del Frente Amplio?  La lucha anticorrupción.  Todos dicen lo mismo. Qué cambios concretos propone el partido?  Así, pero tenemos distintos puntos de vista.  ¿Qué piensa de la hoja de vida de algunos legisladores?  Experta: Trabajé en la empresa General Motors del Perú.  Sí: Fundador del Partido Socialista de Trabajadores del Perú.  Edad: 78 años.  Para mí es evidente que se han hecho contratos, para mí se deben de anular. Entonces, por ahí empezamos a discutir sobre la lucha anticorrupción. El otorgamiento del peaje por 30 o 40 años, eso es corrupción.  Se enfocará en el análisis de estos contratos?  No. Tenemos una agenda propia.  Cree que se deba replantear el capítulo económico dentro de la Constitución?  Sí. Primero no privar al dueño del derecho de hacer presa. Algo debe estar fallando. Hay un crecimiento espectacular, pero no le ganan ni servicios ni sueldos a otros sectores.  Por qué cree que el Frente Amplio ha logrado cumplir compromisos por el Perú no?  Creo que cometieron errores que hoy lo están lamentando. Por ejemplo, yo no me hubiera reunido ni con Santos, ni con Cerrón, ni con Yehude. Allí ellos.  Dar el partido su voto de confianza a Vicente Zeballos?  Depende. Zeballos ya hizo su pechadilla, no? Fue una soberbia idiotez, pero voy a escuchar siempre lo que diga el Ejecutivo.  Sería ministro de Vizcarra?  No, en la vida. Son cosas distintas. Hay diversas izquierdas. Y la fila larga es larga para los que quieren ser ministros.  Si Daniel Urresti deja la presidencia del Congreso, usted aceptaría el cargo?  En ese caso sí.  El partido quiere ser parte de la mesa directiva?  No lo sé, pero yo no aspiro a eso.","gestion","03/02/2020"
"Virgilio Acuña dice que se reunirá con Ejecutivo después de que se instale el Congreso","Vizcarra a UPP: Nadie puede ponerse al margen del diálogo  El presidente Martín Vizcarra sostuvo que los peruanos apuestan por el diálogo, pues así lo demuestran los estados de las elecciones del último domingo de enero. Añadió que los comicios marcan el inicio de una nueva etapa para el país.  Los peruanos con su voto han apostado por el diálogo y han rechazado la confrontación. Cumpliendo esa voluntad desde mañana (hoy) iniciaremos una ronda de reuniones con las nuevas bancadas, expresó el jefe de Estado.  Las palabras del presidente dan luego de que los voceros de Unión por el Perú (UPP), Virgilio Acuña y Carmen Huidobro, anunciaran que no acudirían a la convocatoria del Ejecutivo. Además, el jefe de Estado dijo que nadie puede ponerse al margen del diálogo. Esto es un momento crucial para completar las reformas políticas y judiciales.  Horas después, Acuña señaló en Agenda Política que se reunirán con el Ejecutivo luego de que se instale el Congreso. El dirigente de UPP añadió que no pueden ser acusados de obstruccionistas porque aún no han iniciado su labor en el Parlamento.","gestion","03/02/2020"
"U$S 177.3 millones en la última década.","Después de 10 años desde que inició la concesión de la Autopista del Sol Trujillo-Sullana, a 2019, se ejecutó menos de la mitad del compromiso de inversión. El acumulado es de U$S 177.3 millones (44.55% de avance), según información de Ositrán.  Además, de los 475,000 kilómetros establecidos en el contrato de concesión, se comprometió la construcción. De este último, se ha avanzado solo con el 38.3% (100,529 kilómetros) en la última década (a noviembre del año pasado).  Que la obra más veloz estará en manos del Ministerio de Transportes (y Comunicaciones [MTC]). Según la presidenta de Ositrán, Verónica Zambrano, si el ministerio otorga todos los permisos pendientes para el proyecto, las obras podrían culminarse en dos años.  Las obras contractuales de Covisol están al 40%, pero no podemos precisar cuándo se contará con los terrenos faltantes para establecer ... fecha probable de culminación de las obras. Luego está esto.  A noviembre del 2019, el avance de la obra es de 38.2%. Ejecutando además obras de reconstrucción del fenómeno de El Niño (... si mañana se cuenta con todos los terrenos podría culminarse en un aproximado de dos años, más o menos, señaló.","gestion","03/02/2020"
"La cifra","89.6 millones de dólares se invirtieron en 2019. Según Información de Ositrán, el año pasado se invirtió dicho monto en las concesiones de carreteras. Esto se explica principalmente por la cuota Val N° 5 Tramo Ancón-Huacho-Pachitea (donde se invirtieron USS 39924,986).  Contase con todos los terrenos podía culminarse en un aproximado de dos años, más o menos, señaló.  La semana pasada, representantes del MTC expusieron en el Congreso que se han entregado 162 kilómetros, pero quedan aún pendientes 118 kilómetros. De este segundo grupo, existen 60 kilómetros liberados, pero continuar sin cesar será difícil avanzar los trabajos. Esperando llegar a solución a través de un decreto de urgencia que facilita la compra y liberan de tierras:  Por su parte, el titular del MTC, Edmer Trujillo, señaló en noviembre pasado (Gestión 11.11.2019) que las obras en la Autopista del Sol se reanudarían en julio de este año, como resultado del programa del ministerio para adquirir terrenos.","gestion","03/02/2020"
"Inversiones en carreteras","El compromiso de inversión de las concesiones de carreteras supervisadas por Ositrán asciende a U$S 4,914.6 millones. De ello, se invirtieron el año pasado U$S 4,127.7 millones. Es decir, 83.99%.  Sin embargo, la Autopista del Sol es la que menos avance registra, junto a la Red Vial No 6 Pucusana-Cerro Azul-Ica (40.36%) y Tramo Vial Desvio Quilca-Desvio Arequipa-Desvio Matarani-Desvio Moquegua-Desvio Ilo-Tacna-La Concordia (25.93%).  Sobre la Red Vial No 6, la gerenta indicó que los trabajos ya se reactivaron, pues también se retrasaron por problemas por terrenos.","gestion","03/02/2020"
"Panorama sombro","La pesca en el 2020: entra la incertidumbre de Imarpe y la posibilidad de una nueva cuota. Mientras el Ministerio de la Producción investiga supuestos actos de corrupción en Imarpe, los empresarios pesqueros aseguran que una cuota alta no los beneficiaba, por los bajos precios en el 2019.  Javier Palacios.  Las proyecciones de diversas entidades públicas y privadas prevén una recuperación de la producción pesquera durante el 2020. Por ejemplo, el último Reporte de Inflación del Banco Central de Reserva (BCR), publicado en diciembre pasado, estima un crecimiento de 23% este año, luego que habría caído 18.6% en el 2019.  Pero las proyecciones que se tenían no contemplaban el nuevo escenario que se presentó para este sector de la economía peruana, donde el Instituto del Mar del Perú (Imarpe), entidad técnica responsable del monitoreo de la biomasa de los recursos pesqueros en país, está en el ojo de la tormenta.  La razón? Que en el Ministerio de la Producción (Produce) consideran que en la última determinación de la cantidad de biomasa para la pesca de anchoveta, existirían actos de corrupción en beneficio de la industria.  Durante el fin de semana, se difundió un audio con el cual se busca probar las irregularidades en la determinación total del recurso. En dicho audio, el director general de Investigaciones en Hidroacústica, Sensoramiento Remoto y Artes de Pesca de Imarpe, Ramiro Castillo, dice: ... derramaré toda la tecnología utilizada para minimizar la biomasa ha arrojado resultados distintos al que tenía un documento interno de trabajo de su dirección, el cual fue llevado a los medios de comunicación.","gestion","03/02/2020"
